municipality_code,municipality_name,comarca_code,comarca_name,reference_period,sales_count,avg_surface_m2,avg_sale_price_eur,sale_price_eur_m2,score_0_100,confidence_0_100,data_scope,source_id,source_updated_at,retrieved_at,method_version,missing_reason,notes,score_status,score_min_0_100,score_max_0_100,coverage_weight_pct,rank_stability_0_100,source_tier,method_variant,usable_for_composite
080018,Abrera,11,Baix Llobregat,2025,119,129.27,270219.99,2189.27,49.8844,100,municipality,gencat_housing_sales_2025,,2026-08-21T21:48:17Z,0.2.0,,,complete,49.8844,49.8844,100,,official,default,true
080023,Aguilar de Segarra,07,Bages,2025,,,,,,0,missing,gencat_housing_sales_2025,,2026-08-21T21:48:17Z,0.2.0,not_published,,engineering_pending,0,100,0,,official,default,false
080039,Alella,21,Maresme,2025,104,193.04,686286.31,3973.74,100,100,municipality,gencat_housing_sales_2025,,2026-08-21T21:48:17Z,0.2.0,,,complete,100,100,100,,official,default,true
080044,Alpens,43,Lluçanès,2025,,,,,,0,missing,gencat_housing_sales_2025,,2026-08-21T21:48:17Z,0.2.0,not_published,,engineering_pending,0,100,0,,official,default,false
080057,l'Ametlla del Vallès,41,Vallès Oriental,2025,95,214.71,399914.41,2016.8,43.3862,100,municipality,gencat_housing_sales_2025,,2026-08-21T21:48:17Z,0.2.0,,,complete,43.3862,43.3862,100,,official,default,true
080060,Arenys de Mar,21,Maresme,2025,192,98.34,255461.75,2776.73,72.0182,100,municipality,gencat_housing_sales_2025,,2026-08-21T21:48:17Z,0.2.0,,,complete,72.0182,72.0182,100,,official,default,true
080076,Arenys de Munt,21,Maresme,2025,105,119.99,268549.49,2453.09,59.8244,100,municipality,gencat_housing_sales_2025,,2026-08-21T21:48:17Z,0.2.0,,,complete,59.8244,59.8244,100,,official,default,true
080082,Argençola,06,Anoia,2025,,,,,,0,missing,gencat_housing_sales_2025,,2026-08-21T21:48:17Z,0.2.0,not_published,,engineering_pending,0,100,0,,official,default,false
080095,Argentona,21,Maresme,2025,108,137.05,331892.05,2955.41,78.7503,100,municipality,gencat_housing_sales_2025,,2026-08-21T21:48:17Z,0.2.0,,,complete,78.7503,78.7503,100,,official,default,true
080109,Artés,07,Bages,2025,49,114.26,142282.75,1300.74,16.4072,100,municipality,gencat_housing_sales_2025,,2026-08-21T21:48:17Z,0.2.0,,,complete,16.4072,16.4072,100,,official,default,true
080116,Avià,14,Berguedà,2025,17,90.33,135866.67,1582.91,27.0385,100,municipality,gencat_housing_sales_2025,,2026-08-21T21:48:17Z,0.2.0,,,complete,27.0385,27.0385,100,,official,default,true
080121,Avinyó,07,Bages,2025,18,120.27,115641.14,981.24,4.3694,100,municipality,gencat_housing_sales_2025,,2026-08-21T21:48:17Z,0.2.0,,,complete,4.3694,4.3694,100,,official,default,true
080137,Avinyonet del Penedès,03,Alt Penedès,2025,,,,,,0,missing,gencat_housing_sales_2025,,2026-08-21T21:48:17Z,0.2.0,not_published,,engineering_pending,0,100,0,,official,default,false
080142,Aiguafreda,24,Osona,2025,31,111.2,175093.85,1835.18,36.5433,100,municipality,gencat_housing_sales_2025,,2026-08-21T21:48:17Z,0.2.0,,,complete,36.5433,36.5433,100,,official,default,true
080155,Badalona,13,Barcelonès,2025,1994,71.99,201984.78,2760.89,71.4214,100,municipality,gencat_housing_sales_2025,,2026-08-21T21:48:17Z,0.2.0,,,complete,71.4214,71.4214,100,,official,default,true
080168,Bagà,14,Berguedà,2025,36,66.85,136599.21,2138.75,47.981,100,municipality,gencat_housing_sales_2025,,2026-08-21T21:48:17Z,0.2.0,,,complete,47.981,47.981,100,,official,default,true
080174,Balenyà,24,Osona,2025,38,75.3,166840.54,2302.04,54.1333,100,municipality,gencat_housing_sales_2025,,2026-08-21T21:48:17Z,0.2.0,,,complete,54.1333,54.1333,100,,official,default,true
080180,Balsareny,07,Bages,2025,31,90.86,132070.88,1497.2,23.8092,100,municipality,gencat_housing_sales_2025,,2026-08-21T21:48:17Z,0.2.0,,,complete,23.8092,23.8092,100,,official,default,true
080193,Barcelona,13,Barcelonès,2025,14515,79.31,394980.7,4748.1,100,100,municipality,gencat_housing_sales_2025,,2026-08-21T21:48:17Z,0.2.0,,,complete,100,100,100,,official,default,true
080207,Begues,11,Baix Llobregat,2025,70,154.8,403032.59,2913.91,77.1867,100,municipality,gencat_housing_sales_2025,,2026-08-21T21:48:17Z,0.2.0,,,complete,77.1867,77.1867,100,,official,default,true
080214,Bellprat,06,Anoia,2025,,,,,,0,missing,gencat_housing_sales_2025,,2026-08-21T21:48:17Z,0.2.0,not_published,,engineering_pending,0,100,0,,official,default,false
080229,Berga,14,Berguedà,2025,178,87.14,100578.22,1219.13,13.3324,100,municipality,gencat_housing_sales_2025,,2026-08-21T21:48:17Z,0.2.0,,,complete,13.3324,13.3324,100,,official,default,true
080235,Bigues i Riells del Fai,41,Vallès Oriental,2025,112,185.75,292306.94,1776.28,34.3241,100,municipality,gencat_housing_sales_2025,,2026-08-21T21:48:17Z,0.2.0,,,complete,34.3241,34.3241,100,,official,default,true
080240,Borredà,14,Berguedà,2025,,,,,,0,missing,gencat_housing_sales_2025,,2026-08-21T21:48:17Z,0.2.0,not_published,,engineering_pending,0,100,0,,official,default,false
080253,el Bruc,06,Anoia,2025,23,123.27,215401.2,1840.79,36.7547,100,municipality,gencat_housing_sales_2025,,2026-08-21T21:48:17Z,0.2.0,,,complete,36.7547,36.7547,100,,official,default,true
080266,el Brull,24,Osona,2025,,,,,,0,missing,gencat_housing_sales_2025,,2026-08-21T21:48:17Z,0.2.0,not_published,,engineering_pending,0,100,0,,official,default,false
080272,les Cabanyes,03,Alt Penedès,2025,,,,,,0,missing,gencat_housing_sales_2025,,2026-08-21T21:48:17Z,0.2.0,not_published,,engineering_pending,0,100,0,,official,default,false
080288,Cabrera d'Anoia,06,Anoia,2025,,,,,,0,missing,gencat_housing_sales_2025,,2026-08-21T21:48:17Z,0.2.0,not_published,,engineering_pending,0,100,0,,official,default,false
080291,Cabrera de Mar,21,Maresme,2025,30,158.38,545462.57,3778.91,100,100,municipality,gencat_housing_sales_2025,,2026-08-21T21:48:17Z,0.2.0,,,complete,100,100,100,,official,default,true
080305,Cabrils,21,Maresme,2025,73,233.95,586072.19,2891.94,76.359,100,municipality,gencat_housing_sales_2025,,2026-08-21T21:48:17Z,0.2.0,,,complete,76.359,76.359,100,,official,default,true
080312,Calaf,06,Anoia,2025,65,94.86,90479.59,984.8,4.5035,100,municipality,gencat_housing_sales_2025,,2026-08-21T21:48:17Z,0.2.0,,,complete,4.5035,4.5035,100,,official,default,true
080327,Caldes d'Estrac,21,Maresme,2025,64,124.92,368586.37,3207.14,88.2348,100,municipality,gencat_housing_sales_2025,,2026-08-21T21:48:17Z,0.2.0,,,complete,88.2348,88.2348,100,,official,default,true
080333,Caldes de Montbui,41,Vallès Oriental,2025,132,146.38,277132.23,2242.91,51.9054,100,municipality,gencat_housing_sales_2025,,2026-08-21T21:48:17Z,0.2.0,,,complete,51.9054,51.9054,100,,official,default,true
080348,Calders,42,Moianès,2025,,,,,,0,missing,gencat_housing_sales_2025,,2026-08-21T21:48:17Z,0.2.0,not_published,,engineering_pending,0,100,0,,official,default,false
080351,Calella,21,Maresme,2025,256,77.77,177121.97,2418.87,58.5351,100,municipality,gencat_housing_sales_2025,,2026-08-21T21:48:17Z,0.2.0,,,complete,58.5351,58.5351,100,,official,default,true
080364,Calonge de Segarra,06,Anoia,2025,,,,,,0,missing,gencat_housing_sales_2025,,2026-08-21T21:48:17Z,0.2.0,not_published,,engineering_pending,0,100,0,,official,default,false
080370,Calldetenes,24,Osona,2025,9,74,199667.11,3046.39,82.1782,100,municipality,gencat_housing_sales_2025,,2026-08-21T21:48:17Z,0.2.0,,,complete,82.1782,82.1782,100,,official,default,true
080386,Callús,07,Bages,2025,13,86.2,98597.42,1230.08,13.7449,100,municipality,gencat_housing_sales_2025,,2026-08-21T21:48:17Z,0.2.0,,,complete,13.7449,13.7449,100,,official,default,true
080399,Campins,41,Vallès Oriental,2025,,,,,,0,missing,gencat_housing_sales_2025,,2026-08-21T21:48:17Z,0.2.0,not_published,,engineering_pending,0,100,0,,official,default,false
080403,Canet de Mar,21,Maresme,2025,151,95.55,218495.47,2364.88,56.5009,100,municipality,gencat_housing_sales_2025,,2026-08-21T21:48:17Z,0.2.0,,,complete,56.5009,56.5009,100,,official,default,true
080410,Canovelles,41,Vallès Oriental,2025,171,100.9,167984.79,1732.37,32.6697,100,municipality,gencat_housing_sales_2025,,2026-08-21T21:48:17Z,0.2.0,,,complete,32.6697,32.6697,100,,official,default,true
080425,Cànoves i Samalús,41,Vallès Oriental,2025,38,164.58,323689.47,2306.78,54.3118,100,municipality,gencat_housing_sales_2025,,2026-08-21T21:48:17Z,0.2.0,,,complete,54.3118,54.3118,100,,official,default,true
080431,Canyelles,17,Garraf,2025,67,154.66,242482.41,1760.75,33.739,100,municipality,gencat_housing_sales_2025,,2026-08-21T21:48:17Z,0.2.0,,,complete,33.739,33.739,100,,official,default,true
080446,Capellades,06,Anoia,2025,61,90.34,98049.45,1149.29,10.701,100,municipality,gencat_housing_sales_2025,,2026-08-21T21:48:17Z,0.2.0,,,complete,10.701,10.701,100,,official,default,true
080459,Capolat,14,Berguedà,2025,,,,,,0,missing,gencat_housing_sales_2025,,2026-08-21T21:48:17Z,0.2.0,not_published,,engineering_pending,0,100,0,,official,default,false
080462,Cardedeu,41,Vallès Oriental,2025,182,104.22,276515.52,2787.01,72.4055,100,municipality,gencat_housing_sales_2025,,2026-08-21T21:48:17Z,0.2.0,,,complete,72.4055,72.4055,100,,official,default,true
080478,Cardona,07,Bages,2025,37,101.37,82225.91,838.03,0,100,municipality,gencat_housing_sales_2025,,2026-08-21T21:48:17Z,0.2.0,,,complete,0,0,100,,official,default,true
080484,Carme,06,Anoia,2025,,,,,,0,missing,gencat_housing_sales_2025,,2026-08-21T21:48:17Z,0.2.0,not_published,,engineering_pending,0,100,0,,official,default,false
080497,Casserres,14,Berguedà,2025,,,,,,0,missing,gencat_housing_sales_2025,,2026-08-21T21:48:17Z,0.2.0,not_published,,engineering_pending,0,100,0,,official,default,false
080500,Castellar del Riu,14,Berguedà,2025,,,,,,0,missing,gencat_housing_sales_2025,,2026-08-21T21:48:17Z,0.2.0,not_published,,engineering_pending,0,100,0,,official,default,false
080517,Castellar del Vallès,40,Vallès Occidental,2025,279,136.74,263356.66,2267.16,52.8191,100,municipality,gencat_housing_sales_2025,,2026-08-21T21:48:17Z,0.2.0,,,complete,52.8191,52.8191,100,,official,default,true
080522,Castellar de n'Hug,14,Berguedà,2025,,,,,,0,missing,gencat_housing_sales_2025,,2026-08-21T21:48:17Z,0.2.0,not_published,,engineering_pending,0,100,0,,official,default,false
080538,Castellbell i el Vilar,07,Bages,2025,54,97.65,135275.53,1484.43,23.3281,100,municipality,gencat_housing_sales_2025,,2026-08-21T21:48:17Z,0.2.0,,,complete,23.3281,23.3281,100,,official,default,true
080543,Castellbisbal,40,Vallès Occidental,2025,133,130.56,267417.46,2297.08,53.9464,100,municipality,gencat_housing_sales_2025,,2026-08-21T21:48:17Z,0.2.0,,,complete,53.9464,53.9464,100,,official,default,true
080556,Castellcir,42,Moianès,2025,,,,,,0,missing,gencat_housing_sales_2025,,2026-08-21T21:48:17Z,0.2.0,not_published,,engineering_pending,0,100,0,,official,default,false
080569,Castelldefels,11,Baix Llobregat,2025,672,93.35,409181.68,4665.37,100,100,municipality,gencat_housing_sales_2025,,2026-08-21T21:48:17Z,0.2.0,,,complete,100,100,100,,official,default,true
080575,Castell de l'Areny,14,Berguedà,2025,,,,,,0,missing,gencat_housing_sales_2025,,2026-08-21T21:48:17Z,0.2.0,not_published,,engineering_pending,0,100,0,,official,default,false
080581,Castellet i la Gornal,03,Alt Penedès,2025,16,156.63,173706.31,1268.56,15.1947,100,municipality,gencat_housing_sales_2025,,2026-08-21T21:48:17Z,0.2.0,,,complete,15.1947,15.1947,100,,official,default,true
080594,Castellfollit del Boix,07,Bages,2025,,,,,,0,missing,gencat_housing_sales_2025,,2026-08-21T21:48:17Z,0.2.0,not_published,,engineering_pending,0,100,0,,official,default,false
080608,Castellfollit de Riubregós,06,Anoia,2025,,,,,,0,missing,gencat_housing_sales_2025,,2026-08-21T21:48:17Z,0.2.0,not_published,,engineering_pending,0,100,0,,official,default,false
080615,Castellgalí,07,Bages,2025,25,105.42,177893.98,1813.38,35.722,100,municipality,gencat_housing_sales_2025,,2026-08-21T21:48:17Z,0.2.0,,,complete,35.722,35.722,100,,official,default,true
080620,Castellnou de Bages,07,Bages,2025,,,,,,0,missing,gencat_housing_sales_2025,,2026-08-21T21:48:17Z,0.2.0,not_published,,engineering_pending,0,100,0,,official,default,false
080636,Castellolí,06,Anoia,2025,,,,,,0,missing,gencat_housing_sales_2025,,2026-08-21T21:48:17Z,0.2.0,not_published,,engineering_pending,0,100,0,,official,default,false
080641,Castellterçol,42,Moianès,2025,28,131.58,207917.58,1748.36,33.2722,100,municipality,gencat_housing_sales_2025,,2026-08-21T21:48:17Z,0.2.0,,,complete,33.2722,33.2722,100,,official,default,true
080654,Castellví de la Marca,03,Alt Penedès,2025,,,,,,0,missing,gencat_housing_sales_2025,,2026-08-21T21:48:17Z,0.2.0,not_published,,engineering_pending,0,100,0,,official,default,false
080667,Castellví de Rosanes,11,Baix Llobregat,2025,16,203.31,318687.5,1674.35,30.4837,100,municipality,gencat_housing_sales_2025,,2026-08-21T21:48:17Z,0.2.0,,,complete,30.4837,30.4837,100,,official,default,true
080673,Centelles,24,Osona,2025,55,87.65,184310.58,2125.19,47.4701,100,municipality,gencat_housing_sales_2025,,2026-08-21T21:48:17Z,0.2.0,,,complete,47.4701,47.4701,100,,official,default,true
080689,Cervelló,11,Baix Llobregat,2025,150,169.49,323901.15,2166.92,49.0423,100,municipality,gencat_housing_sales_2025,,2026-08-21T21:48:17Z,0.2.0,,,complete,49.0423,49.0423,100,,official,default,true
080692,Collbató,11,Baix Llobregat,2025,47,178.85,353962.5,2168.62,49.1064,100,municipality,gencat_housing_sales_2025,,2026-08-21T21:48:17Z,0.2.0,,,complete,49.1064,49.1064,100,,official,default,true
080706,Collsuspina,42,Moianès,2025,,,,,,0,missing,gencat_housing_sales_2025,,2026-08-21T21:48:17Z,0.2.0,not_published,,engineering_pending,0,100,0,,official,default,false
080713,Copons,06,Anoia,2025,,,,,,0,missing,gencat_housing_sales_2025,,2026-08-21T21:48:17Z,0.2.0,not_published,,engineering_pending,0,100,0,,official,default,false
080728,Corbera de Llobregat,11,Baix Llobregat,2025,176,155.64,271175.6,2052.96,44.7486,100,municipality,gencat_housing_sales_2025,,2026-08-21T21:48:17Z,0.2.0,,,complete,44.7486,44.7486,100,,official,default,true
080734,Cornellà de Llobregat,11,Baix Llobregat,2025,808,65.61,196002.13,2994.24,80.2133,100,municipality,gencat_housing_sales_2025,,2026-08-21T21:48:17Z,0.2.0,,,complete,80.2133,80.2133,100,,official,default,true
080749,Cubelles,17,Garraf,2025,314,97.16,235723.28,2676.13,68.2279,100,municipality,gencat_housing_sales_2025,,2026-08-21T21:48:17Z,0.2.0,,,complete,68.2279,68.2279,100,,official,default,true
080752,Dosrius,21,Maresme,2025,80,167.7,296360.22,2259.78,52.541,100,municipality,gencat_housing_sales_2025,,2026-08-21T21:48:17Z,0.2.0,,,complete,52.541,52.541,100,,official,default,true
080765,Esparreguera,11,Baix Llobregat,2025,380,99.61,199007.26,2291.04,53.7188,100,municipality,gencat_housing_sales_2025,,2026-08-21T21:48:17Z,0.2.0,,,complete,53.7188,53.7188,100,,official,default,true
080771,Esplugues de Llobregat,11,Baix Llobregat,2025,363,82.9,326187.92,3817.4,100,100,municipality,gencat_housing_sales_2025,,2026-08-21T21:48:17Z,0.2.0,,,complete,100,100,100,,official,default,true
080787,l'Espunyola,14,Berguedà,2025,,,,,,0,missing,gencat_housing_sales_2025,,2026-08-21T21:48:17Z,0.2.0,not_published,,engineering_pending,0,100,0,,official,default,false
080790,l'Estany,42,Moianès,2025,,,,,,0,missing,gencat_housing_sales_2025,,2026-08-21T21:48:17Z,0.2.0,not_published,,engineering_pending,0,100,0,,official,default,false
080804,Fígols,14,Berguedà,2025,,,,,,0,missing,gencat_housing_sales_2025,,2026-08-21T21:48:17Z,0.2.0,not_published,,engineering_pending,0,100,0,,official,default,false
080811,Fogars de Montclús,41,Vallès Oriental,2025,,,,,,0,missing,gencat_housing_sales_2025,,2026-08-21T21:48:17Z,0.2.0,not_published,,engineering_pending,0,100,0,,official,default,false
080826,Fogars de la Selva,34,Selva,2025,,,,,,0,missing,gencat_housing_sales_2025,,2026-08-21T21:48:17Z,0.2.0,not_published,,engineering_pending,0,100,0,,official,default,false
080832,Folgueroles,24,Osona,2025,5,66,220250.5,3313.41,92.2387,100,municipality,gencat_housing_sales_2025,,2026-08-21T21:48:17Z,0.2.0,,,complete,92.2387,92.2387,100,,official,default,true
080847,Fonollosa,07,Bages,2025,,,,,,0,missing,gencat_housing_sales_2025,,2026-08-21T21:48:17Z,0.2.0,not_published,,engineering_pending,0,100,0,,official,default,false
080850,Font-rubí,03,Alt Penedès,2025,,,,,,0,missing,gencat_housing_sales_2025,,2026-08-21T21:48:17Z,0.2.0,not_published,,engineering_pending,0,100,0,,official,default,false
080863,les Franqueses del Vallès,41,Vallès Oriental,2025,189,91.07,218533.13,2608.74,65.6888,100,municipality,gencat_housing_sales_2025,,2026-08-21T21:48:17Z,0.2.0,,,complete,65.6888,65.6888,100,,official,default,true
080879,Gallifa,40,Vallès Occidental,2025,,,,,,0,missing,gencat_housing_sales_2025,,2026-08-21T21:48:17Z,0.2.0,not_published,,engineering_pending,0,100,0,,official,default,false
080885,la Garriga,41,Vallès Oriental,2025,112,109.86,263718.35,2640.65,66.8911,100,municipality,gencat_housing_sales_2025,,2026-08-21T21:48:17Z,0.2.0,,,complete,66.8911,66.8911,100,,official,default,true
080898,Gavà,11,Baix Llobregat,2025,385,89.44,363041.42,3991.4,100,100,municipality,gencat_housing_sales_2025,,2026-08-21T21:48:17Z,0.2.0,,,complete,100,100,100,,official,default,true
080902,Gaià,07,Bages,2025,,,,,,0,missing,gencat_housing_sales_2025,,2026-08-21T21:48:17Z,0.2.0,not_published,,engineering_pending,0,100,0,,official,default,false
080919,Gelida,03,Alt Penedès,2025,75,109.61,194440.94,1958.39,41.1855,100,municipality,gencat_housing_sales_2025,,2026-08-21T21:48:17Z,0.2.0,,,complete,41.1855,41.1855,100,,official,default,true
080924,Gironella,14,Berguedà,2025,68,100.95,86661.57,915.05,1.8755,100,municipality,gencat_housing_sales_2025,,2026-08-21T21:48:17Z,0.2.0,,,complete,1.8755,1.8755,100,,official,default,true
080930,Gisclareny,14,Berguedà,2025,,,,,,0,missing,gencat_housing_sales_2025,,2026-08-21T21:48:17Z,0.2.0,not_published,,engineering_pending,0,100,0,,official,default,false
080945,la Granada,03,Alt Penedès,2025,13,107.92,185272.73,1830.76,36.3768,100,municipality,gencat_housing_sales_2025,,2026-08-21T21:48:17Z,0.2.0,,,complete,36.3768,36.3768,100,,official,default,true
080958,Granera,42,Moianès,2025,,,,,,0,missing,gencat_housing_sales_2025,,2026-08-21T21:48:17Z,0.2.0,not_published,,engineering_pending,0,100,0,,official,default,false
080961,Granollers,41,Vallès Oriental,2025,620,81.4,195793.82,2483.99,60.9886,100,municipality,gencat_housing_sales_2025,,2026-08-21T21:48:17Z,0.2.0,,,complete,60.9886,60.9886,100,,official,default,true
080977,Gualba,41,Vallès Oriental,2025,,,,,,0,missing,gencat_housing_sales_2025,,2026-08-21T21:48:17Z,0.2.0,not_published,,engineering_pending,0,100,0,,official,default,false
080983,Sant Salvador de Guardiola,07,Bages,2025,45,122.14,213678.96,2045.43,44.4649,100,municipality,gencat_housing_sales_2025,,2026-08-21T21:48:17Z,0.2.0,,,complete,44.4649,44.4649,100,,official,default,true
080996,Guardiola de Berguedà,14,Berguedà,2025,,,,,,0,missing,gencat_housing_sales_2025,,2026-08-21T21:48:17Z,0.2.0,not_published,,engineering_pending,0,100,0,,official,default,false
081000,Gurb,24,Osona,2025,8,155,523132.17,3783.59,100,100,municipality,gencat_housing_sales_2025,,2026-08-21T21:48:17Z,0.2.0,,,complete,100,100,100,,official,default,true
081017,l'Hospitalet de Llobregat,13,Barcelonès,2025,2701,59.99,175617.04,2948.98,78.5081,100,municipality,gencat_housing_sales_2025,,2026-08-21T21:48:17Z,0.2.0,,,complete,78.5081,78.5081,100,,official,default,true
081022,Igualada,06,Anoia,2025,428,99.43,150351.95,1606.92,27.9432,100,municipality,gencat_housing_sales_2025,,2026-08-21T21:48:17Z,0.2.0,,,complete,27.9432,27.9432,100,,official,default,true
081038,Jorba,06,Anoia,2025,,,,,,0,missing,gencat_housing_sales_2025,,2026-08-21T21:48:17Z,0.2.0,not_published,,engineering_pending,0,100,0,,official,default,false
081043,la Llacuna,06,Anoia,2025,,,,,,0,missing,gencat_housing_sales_2025,,2026-08-21T21:48:17Z,0.2.0,not_published,,engineering_pending,0,100,0,,official,default,false
081056,la Llagosta,41,Vallès Oriental,2025,120,81.73,171438.69,2293.37,53.8066,100,municipality,gencat_housing_sales_2025,,2026-08-21T21:48:17Z,0.2.0,,,complete,53.8066,53.8066,100,,official,default,true
081069,Llinars del Vallès,41,Vallès Oriental,2025,121,139.16,266729.4,2245.13,51.989,100,municipality,gencat_housing_sales_2025,,2026-08-21T21:48:17Z,0.2.0,,,complete,51.989,51.989,100,,official,default,true
081075,Lliçà d'Amunt,41,Vallès Oriental,2025,160,181.07,294118.14,1793.94,34.9895,100,municipality,gencat_housing_sales_2025,,2026-08-21T21:48:17Z,0.2.0,,,complete,34.9895,34.9895,100,,official,default,true
081081,Lliçà de Vall,41,Vallès Oriental,2025,48,173.87,307373.67,2074.01,45.5417,100,municipality,gencat_housing_sales_2025,,2026-08-21T21:48:17Z,0.2.0,,,complete,45.5417,45.5417,100,,official,default,true
081094,Lluçà,43,Lluçanès,2025,,,,,,0,missing,gencat_housing_sales_2025,,2026-08-21T21:48:17Z,0.2.0,not_published,,engineering_pending,0,100,0,,official,default,false
081108,Malgrat de Mar,21,Maresme,2025,249,92.45,191288.49,2300.85,54.0884,100,municipality,gencat_housing_sales_2025,,2026-08-21T21:48:17Z,0.2.0,,,complete,54.0884,54.0884,100,,official,default,true
081115,Malla,24,Osona,2025,,,,,,0,missing,gencat_housing_sales_2025,,2026-08-21T21:48:17Z,0.2.0,not_published,,engineering_pending,0,100,0,,official,default,false
081120,Manlleu,24,Osona,2025,246,115.44,115660.7,1103.41,8.9724,100,municipality,gencat_housing_sales_2025,,2026-08-21T21:48:17Z,0.2.0,,,complete,8.9724,8.9724,100,,official,default,true
081136,Manresa,07,Bages,2025,1086,84.48,119327.34,1475.81,23.0033,100,municipality,gencat_housing_sales_2025,,2026-08-21T21:48:17Z,0.2.0,,,complete,23.0033,23.0033,100,,official,default,true
081141,Martorell,11,Baix Llobregat,2025,254,86.66,174430.08,2100.64,46.5451,100,municipality,gencat_housing_sales_2025,,2026-08-21T21:48:17Z,0.2.0,,,complete,46.5451,46.5451,100,,official,default,true
081154,Martorelles,41,Vallès Oriental,2025,40,92.43,195828.57,2241.99,51.8707,100,municipality,gencat_housing_sales_2025,,2026-08-21T21:48:17Z,0.2.0,,,complete,51.8707,51.8707,100,,official,default,true
081167,les Masies de Roda,24,Osona,2025,,,,,,0,missing,gencat_housing_sales_2025,,2026-08-21T21:48:17Z,0.2.0,not_published,,engineering_pending,0,100,0,,official,default,false
081173,les Masies de Voltregà,24,Osona,2025,27,159.61,180939.13,1301.67,16.4422,100,municipality,gencat_housing_sales_2025,,2026-08-21T21:48:17Z,0.2.0,,,complete,16.4422,16.4422,100,,official,default,true
081189,el Masnou,21,Maresme,2025,221,110.15,384051.88,3798.96,100,100,municipality,gencat_housing_sales_2025,,2026-08-21T21:48:17Z,0.2.0,,,complete,100,100,100,,official,default,true
081192,Masquefa,06,Anoia,2025,115,125.82,200114.82,1935.29,40.3152,100,municipality,gencat_housing_sales_2025,,2026-08-21T21:48:17Z,0.2.0,,,complete,40.3152,40.3152,100,,official,default,true
081206,Matadepera,40,Vallès Occidental,2025,65,240.06,568497.73,2733.32,70.3826,100,municipality,gencat_housing_sales_2025,,2026-08-21T21:48:17Z,0.2.0,,,complete,70.3826,70.3826,100,,official,default,true
081213,Mataró,21,Maresme,2025,1457,81.12,195289.11,2540.29,63.1098,100,municipality,gencat_housing_sales_2025,,2026-08-21T21:48:17Z,0.2.0,,,complete,63.1098,63.1098,100,,official,default,true
081228,Mediona,03,Alt Penedès,2025,62,133.64,148715.36,1354.31,18.4255,100,municipality,gencat_housing_sales_2025,,2026-08-21T21:48:17Z,0.2.0,,,complete,18.4255,18.4255,100,,official,default,true
081234,Molins de Rei,11,Baix Llobregat,2025,182,83.74,273401.81,3359.99,93.9937,100,municipality,gencat_housing_sales_2025,,2026-08-21T21:48:17Z,0.2.0,,,complete,93.9937,93.9937,100,,official,default,true
081249,Mollet del Vallès,41,Vallès Oriental,2025,576,82.58,185275.65,2386.27,57.3068,100,municipality,gencat_housing_sales_2025,,2026-08-21T21:48:17Z,0.2.0,,,complete,57.3068,57.3068,100,,official,default,true
081252,Montcada i Reixac,40,Vallès Occidental,2025,293,81.95,178334.33,2231.98,51.4936,100,municipality,gencat_housing_sales_2025,,2026-08-21T21:48:17Z,0.2.0,,,complete,51.4936,51.4936,100,,official,default,true
081265,Montgat,21,Maresme,2025,123,97.11,347115.18,3639.54,100,100,municipality,gencat_housing_sales_2025,,2026-08-21T21:48:17Z,0.2.0,,,complete,100,100,100,,official,default,true
081271,Monistrol de Montserrat,07,Bages,2025,57,75.38,105617.47,1482.28,23.2471,100,municipality,gencat_housing_sales_2025,,2026-08-21T21:48:17Z,0.2.0,,,complete,23.2471,23.2471,100,,official,default,true
081287,Monistrol de Calders,42,Moianès,2025,,,,,,0,missing,gencat_housing_sales_2025,,2026-08-21T21:48:17Z,0.2.0,not_published,,engineering_pending,0,100,0,,official,default,false
081290,Muntanyola,24,Osona,2025,,,,,,0,missing,gencat_housing_sales_2025,,2026-08-21T21:48:17Z,0.2.0,not_published,,engineering_pending,0,100,0,,official,default,false
081304,Montclar,14,Berguedà,2025,,,,,,0,missing,gencat_housing_sales_2025,,2026-08-21T21:48:17Z,0.2.0,not_published,,engineering_pending,0,100,0,,official,default,false
081311,Montesquiu,24,Osona,2025,,,,,,0,missing,gencat_housing_sales_2025,,2026-08-21T21:48:17Z,0.2.0,not_published,,engineering_pending,0,100,0,,official,default,false
081326,Montmajor,14,Berguedà,2025,,,,,,0,missing,gencat_housing_sales_2025,,2026-08-21T21:48:17Z,0.2.0,not_published,,engineering_pending,0,100,0,,official,default,false
081332,Montmaneu,06,Anoia,2025,,,,,,0,missing,gencat_housing_sales_2025,,2026-08-21T21:48:17Z,0.2.0,not_published,,engineering_pending,0,100,0,,official,default,false
081347,Figaró-Montmany,41,Vallès Oriental,2025,,,,,,0,missing,gencat_housing_sales_2025,,2026-08-21T21:48:17Z,0.2.0,not_published,,engineering_pending,0,100,0,,official,default,false
081350,Montmeló,41,Vallès Oriental,2025,58,89.73,246512.77,2704.25,69.2874,100,municipality,gencat_housing_sales_2025,,2026-08-21T21:48:17Z,0.2.0,,,complete,69.2874,69.2874,100,,official,default,true
081363,Montornès del Vallès,41,Vallès Oriental,2025,183,81.14,183378.24,2219.94,51.04,100,municipality,gencat_housing_sales_2025,,2026-08-21T21:48:17Z,0.2.0,,,complete,51.04,51.04,100,,official,default,true
081379,Montseny,41,Vallès Oriental,2025,,,,,,0,missing,gencat_housing_sales_2025,,2026-08-21T21:48:17Z,0.2.0,not_published,,engineering_pending,0,100,0,,official,default,false
081385,Moià,42,Moianès,2025,69,120.97,172528.27,1676.61,30.5689,100,municipality,gencat_housing_sales_2025,,2026-08-21T21:48:17Z,0.2.0,,,complete,30.5689,30.5689,100,,official,default,true
081398,Mura,07,Bages,2025,,,,,,0,missing,gencat_housing_sales_2025,,2026-08-21T21:48:17Z,0.2.0,not_published,,engineering_pending,0,100,0,,official,default,false
081402,Navarcles,07,Bages,2025,49,101.78,131712.95,1488.91,23.4969,100,municipality,gencat_housing_sales_2025,,2026-08-21T21:48:17Z,0.2.0,,,complete,23.4969,23.4969,100,,official,default,true
081419,Navàs,07,Bages,2025,63,96.56,101291.27,1091.92,8.5395,100,municipality,gencat_housing_sales_2025,,2026-08-21T21:48:17Z,0.2.0,,,complete,8.5395,8.5395,100,,official,default,true
081424,la Nou de Berguedà,14,Berguedà,2025,,,,,,0,missing,gencat_housing_sales_2025,,2026-08-21T21:48:17Z,0.2.0,not_published,,engineering_pending,0,100,0,,official,default,false
081430,Òdena,06,Anoia,2025,50,103.73,126214.9,1439.55,21.6371,100,municipality,gencat_housing_sales_2025,,2026-08-21T21:48:17Z,0.2.0,,,complete,21.6371,21.6371,100,,official,default,true
081445,Olvan,14,Berguedà,2025,,,,,,0,missing,gencat_housing_sales_2025,,2026-08-21T21:48:17Z,0.2.0,not_published,,engineering_pending,0,100,0,,official,default,false
081458,Olèrdola,03,Alt Penedès,2025,23,201.48,231761.9,1413.47,20.6545,100,municipality,gencat_housing_sales_2025,,2026-08-21T21:48:17Z,0.2.0,,,complete,20.6545,20.6545,100,,official,default,true
081461,Olesa de Bonesvalls,03,Alt Penedès,2025,29,184.3,249751.85,1560.82,26.2062,100,municipality,gencat_housing_sales_2025,,2026-08-21T21:48:17Z,0.2.0,,,complete,26.2062,26.2062,100,,official,default,true
081477,Olesa de Montserrat,11,Baix Llobregat,2025,329,93.92,187358.52,2092.83,46.2508,100,municipality,gencat_housing_sales_2025,,2026-08-21T21:48:17Z,0.2.0,,,complete,46.2508,46.2508,100,,official,default,true
081483,Olivella,17,Garraf,2025,105,190.07,285750.7,1601.11,27.7243,100,municipality,gencat_housing_sales_2025,,2026-08-21T21:48:17Z,0.2.0,,,complete,27.7243,27.7243,100,,official,default,true
081496,Olost,43,Lluçanès,2025,,,,,,0,missing,gencat_housing_sales_2025,,2026-08-21T21:48:17Z,0.2.0,not_published,,engineering_pending,0,100,0,,official,default,false
081509,Orís,24,Osona,2025,,,,,,0,missing,gencat_housing_sales_2025,,2026-08-21T21:48:17Z,0.2.0,not_published,,engineering_pending,0,100,0,,official,default,false
081516,Oristà,43,Lluçanès,2025,,,,,,0,missing,gencat_housing_sales_2025,,2026-08-21T21:48:17Z,0.2.0,not_published,,engineering_pending,0,100,0,,official,default,false
081521,Orpí,06,Anoia,2025,,,,,,0,missing,gencat_housing_sales_2025,,2026-08-21T21:48:17Z,0.2.0,not_published,,engineering_pending,0,100,0,,official,default,false
081537,Òrrius,21,Maresme,2025,,,,,,0,missing,gencat_housing_sales_2025,,2026-08-21T21:48:17Z,0.2.0,not_published,,engineering_pending,0,100,0,,official,default,false
081542,Pacs del Penedès,03,Alt Penedès,2025,,,,,,0,missing,gencat_housing_sales_2025,,2026-08-21T21:48:17Z,0.2.0,not_published,,engineering_pending,0,100,0,,official,default,false
081555,Palafolls,21,Maresme,2025,141,108.59,218800.28,2237.83,51.714,100,municipality,gencat_housing_sales_2025,,2026-08-21T21:48:17Z,0.2.0,,,complete,51.714,51.714,100,,official,default,true
081568,Palau-solità i Plegamans,40,Vallès Occidental,2025,136,137.49,295270.48,2423.39,58.7054,100,municipality,gencat_housing_sales_2025,,2026-08-21T21:48:17Z,0.2.0,,,complete,58.7054,58.7054,100,,official,default,true
081574,Pallejà,11,Baix Llobregat,2025,96,109.68,287568.02,2842.48,74.4955,100,municipality,gencat_housing_sales_2025,,2026-08-21T21:48:17Z,0.2.0,,,complete,74.4955,74.4955,100,,official,default,true
081580,el Papiol,11,Baix Llobregat,2025,33,93.89,222474,2563.42,63.9813,100,municipality,gencat_housing_sales_2025,,2026-08-21T21:48:17Z,0.2.0,,,complete,63.9813,63.9813,100,,official,default,true
081593,Parets del Vallès,41,Vallès Oriental,2025,166,94.84,237190.36,2675.76,68.2139,100,municipality,gencat_housing_sales_2025,,2026-08-21T21:48:17Z,0.2.0,,,complete,68.2139,68.2139,100,,official,default,true
081607,Perafita,43,Lluçanès,2025,,,,,,0,missing,gencat_housing_sales_2025,,2026-08-21T21:48:17Z,0.2.0,not_published,,engineering_pending,0,100,0,,official,default,false
081614,Piera,06,Anoia,2025,256,131.09,193383.2,1668,30.2445,100,municipality,gencat_housing_sales_2025,,2026-08-21T21:48:17Z,0.2.0,,,complete,30.2445,30.2445,100,,official,default,true
081629,els Hostalets de Pierola,06,Anoia,2025,37,118.25,168362.19,1626.04,28.6635,100,municipality,gencat_housing_sales_2025,,2026-08-21T21:48:17Z,0.2.0,,,complete,28.6635,28.6635,100,,official,default,true
081635,Pineda de Mar,21,Maresme,2025,482,80.72,183386.52,2435.93,59.1778,100,municipality,gencat_housing_sales_2025,,2026-08-21T21:48:17Z,0.2.0,,,complete,59.1778,59.1778,100,,official,default,true
081640,el Pla del Penedès,03,Alt Penedès,2025,,,,,,0,missing,gencat_housing_sales_2025,,2026-08-21T21:48:17Z,0.2.0,not_published,,engineering_pending,0,100,0,,official,default,false
081653,la Pobla de Claramunt,06,Anoia,2025,24,164.67,153400,1119.07,9.5624,100,municipality,gencat_housing_sales_2025,,2026-08-21T21:48:17Z,0.2.0,,,complete,9.5624,9.5624,100,,official,default,true
081666,la Pobla de Lillet,14,Berguedà,2025,,,,,,0,missing,gencat_housing_sales_2025,,2026-08-21T21:48:17Z,0.2.0,not_published,,engineering_pending,0,100,0,,official,default,false
081672,Polinyà,40,Vallès Occidental,2025,81,96.62,231704.55,2491.37,61.2667,100,municipality,gencat_housing_sales_2025,,2026-08-21T21:48:17Z,0.2.0,,,complete,61.2667,61.2667,100,,official,default,true
081688,Pontons,03,Alt Penedès,2025,,,,,,0,missing,gencat_housing_sales_2025,,2026-08-21T21:48:17Z,0.2.0,not_published,,engineering_pending,0,100,0,,official,default,false
081691,el Prat de Llobregat,11,Baix Llobregat,2025,583,76.84,221419.07,2976.1,79.5299,100,municipality,gencat_housing_sales_2025,,2026-08-21T21:48:17Z,0.2.0,,,complete,79.5299,79.5299,100,,official,default,true
081705,els Prats de Rei,06,Anoia,2025,,,,,,0,missing,gencat_housing_sales_2025,,2026-08-21T21:48:17Z,0.2.0,not_published,,engineering_pending,0,100,0,,official,default,false
081712,Prats de Lluçanès,43,Lluçanès,2025,45,85.2,113802.26,1451.2,22.0761,100,municipality,gencat_housing_sales_2025,,2026-08-21T21:48:17Z,0.2.0,,,complete,22.0761,22.0761,100,,official,default,true
081727,Premià de Mar,21,Maresme,2025,233,86.41,248333.34,3013.85,80.9522,100,municipality,gencat_housing_sales_2025,,2026-08-21T21:48:17Z,0.2.0,,,complete,80.9522,80.9522,100,,official,default,true
081748,Puigdàlber,03,Alt Penedès,2025,,,,,,0,missing,gencat_housing_sales_2025,,2026-08-21T21:48:17Z,0.2.0,not_published,,engineering_pending,0,100,0,,official,default,false
081751,Puig-reig,14,Berguedà,2025,62,104.44,88272.35,974.85,4.1286,100,municipality,gencat_housing_sales_2025,,2026-08-21T21:48:17Z,0.2.0,,,complete,4.1286,4.1286,100,,official,default,true
081764,Pujalt,06,Anoia,2025,,,,,,0,missing,gencat_housing_sales_2025,,2026-08-21T21:48:17Z,0.2.0,not_published,,engineering_pending,0,100,0,,official,default,false
081770,la Quar,14,Berguedà,2025,,,,,,0,missing,gencat_housing_sales_2025,,2026-08-21T21:48:17Z,0.2.0,not_published,,engineering_pending,0,100,0,,official,default,false
081786,Rajadell,07,Bages,2025,,,,,,0,missing,gencat_housing_sales_2025,,2026-08-21T21:48:17Z,0.2.0,not_published,,engineering_pending,0,100,0,,official,default,false
081799,Rellinars,40,Vallès Occidental,2025,,,,,,0,missing,gencat_housing_sales_2025,,2026-08-21T21:48:17Z,0.2.0,not_published,,engineering_pending,0,100,0,,official,default,false
081803,Ripollet,40,Vallès Occidental,2025,462,75.61,203807.35,2688.55,68.6958,100,municipality,gencat_housing_sales_2025,,2026-08-21T21:48:17Z,0.2.0,,,complete,68.6958,68.6958,100,,official,default,true
081810,la Roca del Vallès,41,Vallès Oriental,2025,137,123.34,269868.94,2432.4,59.0448,100,municipality,gencat_housing_sales_2025,,2026-08-21T21:48:17Z,0.2.0,,,complete,59.0448,59.0448,100,,official,default,true
081825,el Pont de Vilomara i Rocafort,07,Bages,2025,42,110.31,126313.89,1491.33,23.5881,100,municipality,gencat_housing_sales_2025,,2026-08-21T21:48:17Z,0.2.0,,,complete,23.5881,23.5881,100,,official,default,true
081831,Roda de Ter,24,Osona,2025,73,124.2,131279.13,1228.46,13.6839,100,municipality,gencat_housing_sales_2025,,2026-08-21T21:48:17Z,0.2.0,,,complete,13.6839,13.6839,100,,official,default,true
081846,Rubí,40,Vallès Occidental,2025,885,93.96,200818.14,2296.06,53.9079,100,municipality,gencat_housing_sales_2025,,2026-08-21T21:48:17Z,0.2.0,,,complete,53.9079,53.9079,100,,official,default,true
081859,Rubió,06,Anoia,2025,,,,,,0,missing,gencat_housing_sales_2025,,2026-08-21T21:48:17Z,0.2.0,not_published,,engineering_pending,0,100,0,,official,default,false
081878,Sabadell,40,Vallès Occidental,2025,2119,88.37,202372.12,2359.52,56.2989,100,municipality,gencat_housing_sales_2025,,2026-08-21T21:48:17Z,0.2.0,,,complete,56.2989,56.2989,100,,official,default,true
081884,Sagàs,14,Berguedà,2025,,,,,,0,missing,gencat_housing_sales_2025,,2026-08-21T21:48:17Z,0.2.0,not_published,,engineering_pending,0,100,0,,official,default,false
081897,Sant Pere Sallavinera,06,Anoia,2025,,,,,,0,missing,gencat_housing_sales_2025,,2026-08-21T21:48:17Z,0.2.0,not_published,,engineering_pending,0,100,0,,official,default,false
081901,Saldes,14,Berguedà,2025,,,,,,0,missing,gencat_housing_sales_2025,,2026-08-21T21:48:17Z,0.2.0,not_published,,engineering_pending,0,100,0,,official,default,false
081918,Sallent,07,Bages,2025,65,82.73,95811.3,1215.24,13.1858,100,municipality,gencat_housing_sales_2025,,2026-08-21T21:48:17Z,0.2.0,,,complete,13.1858,13.1858,100,,official,default,true
081923,Santpedor,07,Bages,2025,48,115.95,183480,2006.55,43,100,municipality,gencat_housing_sales_2025,,2026-08-21T21:48:17Z,0.2.0,,,complete,43,43,100,,official,default,true
081939,Sant Iscle de Vallalta,21,Maresme,2025,,,,,,0,missing,gencat_housing_sales_2025,,2026-08-21T21:48:17Z,0.2.0,not_published,,engineering_pending,0,100,0,,official,default,false
081944,Sant Adrià de Besòs,13,Barcelonès,2025,377,73.02,244043.19,3060.5,82.7098,100,municipality,gencat_housing_sales_2025,,2026-08-21T21:48:17Z,0.2.0,,,complete,82.7098,82.7098,100,,official,default,true
081957,Sant Agustí de Lluçanès,24,Osona,2025,,,,,,0,missing,gencat_housing_sales_2025,,2026-08-21T21:48:17Z,0.2.0,not_published,,engineering_pending,0,100,0,,official,default,false
081960,Sant Andreu de la Barca,11,Baix Llobregat,2025,238,81.52,207687,2622.72,66.2155,100,municipality,gencat_housing_sales_2025,,2026-08-21T21:48:17Z,0.2.0,,,complete,66.2155,66.2155,100,,official,default,true
081976,Sant Andreu de Llavaneres,21,Maresme,2025,177,128.43,384318.13,3202.59,88.0634,100,municipality,gencat_housing_sales_2025,,2026-08-21T21:48:17Z,0.2.0,,,complete,88.0634,88.0634,100,,official,default,true
081982,Sant Antoni de Vilamajor,41,Vallès Oriental,2025,77,152.49,276662.18,2073.9,45.5376,100,municipality,gencat_housing_sales_2025,,2026-08-21T21:48:17Z,0.2.0,,,complete,45.5376,45.5376,100,,official,default,true
081995,Sant Bartomeu del Grau,24,Osona,2025,,,,,,0,missing,gencat_housing_sales_2025,,2026-08-21T21:48:17Z,0.2.0,not_published,,engineering_pending,0,100,0,,official,default,false
082009,Sant Boi de Llobregat,11,Baix Llobregat,2025,854,77.76,219245.34,2900.49,76.6811,100,municipality,gencat_housing_sales_2025,,2026-08-21T21:48:17Z,0.2.0,,,complete,76.6811,76.6811,100,,official,default,true
082016,Sant Boi de Lluçanès,24,Osona,2025,,,,,,0,missing,gencat_housing_sales_2025,,2026-08-21T21:48:17Z,0.2.0,not_published,,engineering_pending,0,100,0,,official,default,false
082021,Sant Celoni,41,Vallès Oriental,2025,148,104.92,190202.17,2029.4,43.861,100,municipality,gencat_housing_sales_2025,,2026-08-21T21:48:17Z,0.2.0,,,complete,43.861,43.861,100,,official,default,true
082037,Sant Cebrià de Vallalta,21,Maresme,2025,112,128.25,220766.03,1824.66,36.147,100,municipality,gencat_housing_sales_2025,,2026-08-21T21:48:17Z,0.2.0,,,complete,36.147,36.147,100,,official,default,true
082042,Sant Climent de Llobregat,11,Baix Llobregat,2025,47,104.3,264705.23,2702.23,69.2112,100,municipality,gencat_housing_sales_2025,,2026-08-21T21:48:17Z,0.2.0,,,complete,69.2112,69.2112,100,,official,default,true
082055,Sant Cugat del Vallès,40,Vallès Occidental,2025,598,120.18,585612.77,5340.18,100,100,municipality,gencat_housing_sales_2025,,2026-08-21T21:48:17Z,0.2.0,,,complete,100,100,100,,official,default,true
082068,Sant Cugat Sesgarrigues,03,Alt Penedès,2025,,,,,,0,missing,gencat_housing_sales_2025,,2026-08-21T21:48:17Z,0.2.0,not_published,,engineering_pending,0,100,0,,official,default,false
082074,Sant Esteve de Palautordera,41,Vallès Oriental,2025,18,190.53,375470.59,2260.04,52.5508,100,municipality,gencat_housing_sales_2025,,2026-08-21T21:48:17Z,0.2.0,,,complete,52.5508,52.5508,100,,official,default,true
082080,Sant Esteve Sesrovires,11,Baix Llobregat,2025,95,154.22,287366.53,2049.41,44.6149,100,municipality,gencat_housing_sales_2025,,2026-08-21T21:48:17Z,0.2.0,,,complete,44.6149,44.6149,100,,official,default,true
082093,Sant Fost de Campsentelles,41,Vallès Oriental,2025,88,163.26,330080.28,2435.36,59.1564,100,municipality,gencat_housing_sales_2025,,2026-08-21T21:48:17Z,0.2.0,,,complete,59.1564,59.1564,100,,official,default,true
082107,Sant Feliu de Codines,41,Vallès Oriental,2025,55,127.1,200146.52,1845.8,36.9435,100,municipality,gencat_housing_sales_2025,,2026-08-21T21:48:17Z,0.2.0,,,complete,36.9435,36.9435,100,,official,default,true
082114,Sant Feliu de Llobregat,11,Baix Llobregat,2025,442,74.17,257103.84,3483.87,98.6612,100,municipality,gencat_housing_sales_2025,,2026-08-21T21:48:17Z,0.2.0,,,complete,98.6612,98.6612,100,,official,default,true
082129,Sant Feliu Sasserra,07,Bages,2025,,,,,,0,missing,gencat_housing_sales_2025,,2026-08-21T21:48:17Z,0.2.0,not_published,,engineering_pending,0,100,0,,official,default,false
082135,Sant Fruitós de Bages,07,Bages,2025,75,114.4,202809.25,1820.94,36.0068,100,municipality,gencat_housing_sales_2025,,2026-08-21T21:48:17Z,0.2.0,,,complete,36.0068,36.0068,100,,official,default,true
082140,Vilassar de Dalt,21,Maresme,2025,78,147.91,362927.75,2756.48,71.2552,100,municipality,gencat_housing_sales_2025,,2026-08-21T21:48:17Z,0.2.0,,,complete,71.2552,71.2552,100,,official,default,true
082153,Sant Hipòlit de Voltregà,24,Osona,2025,43,149,155030.77,1251.09,14.5365,100,municipality,gencat_housing_sales_2025,,2026-08-21T21:48:17Z,0.2.0,,,complete,14.5365,14.5365,100,,official,default,true
082166,Sant Jaume de Frontanyà,14,Berguedà,2025,,,,,,0,missing,gencat_housing_sales_2025,,2026-08-21T21:48:17Z,0.2.0,not_published,,engineering_pending,0,100,0,,official,default,false
082172,Sant Joan Despí,11,Baix Llobregat,2025,239,71.06,276786.64,3897.84,100,100,municipality,gencat_housing_sales_2025,,2026-08-21T21:48:17Z,0.2.0,,,complete,100,100,100,,official,default,true
082188,Sant Joan de Vilatorrada,07,Bages,2025,97,86.33,127725.21,1565.63,26.3875,100,municipality,gencat_housing_sales_2025,,2026-08-21T21:48:17Z,0.2.0,,,complete,26.3875,26.3875,100,,official,default,true
082191,Vilassar de Mar,21,Maresme,2025,165,107.99,391797.62,3975.39,100,100,municipality,gencat_housing_sales_2025,,2026-08-21T21:48:17Z,0.2.0,,,complete,100,100,100,,official,default,true
082205,Sant Julià de Vilatorta,24,Osona,2025,16,83.75,234900.5,3147.54,85.9892,100,municipality,gencat_housing_sales_2025,,2026-08-21T21:48:17Z,0.2.0,,,complete,85.9892,85.9892,100,,official,default,true
082212,Sant Just Desvern,11,Baix Llobregat,2025,133,126.02,535194.18,4567.8,100,100,municipality,gencat_housing_sales_2025,,2026-08-21T21:48:17Z,0.2.0,,,complete,100,100,100,,official,default,true
082227,Sant Llorenç d'Hortons,03,Alt Penedès,2025,32,129.8,206054.07,1805.02,35.407,100,municipality,gencat_housing_sales_2025,,2026-08-21T21:48:17Z,0.2.0,,,complete,35.407,35.407,100,,official,default,true
082233,Sant Llorenç Savall,40,Vallès Occidental,2025,34,145.53,175167.95,1357.25,18.5363,100,municipality,gencat_housing_sales_2025,,2026-08-21T21:48:17Z,0.2.0,,,complete,18.5363,18.5363,100,,official,default,true
082248,Sant Martí de Centelles,24,Osona,2025,,,,,,0,missing,gencat_housing_sales_2025,,2026-08-21T21:48:17Z,0.2.0,not_published,,engineering_pending,0,100,0,,official,default,false
082251,Sant Martí d'Albars,43,Lluçanès,2025,,,,,,0,missing,gencat_housing_sales_2025,,2026-08-21T21:48:17Z,0.2.0,not_published,,engineering_pending,0,100,0,,official,default,false
082264,Sant Martí de Tous,06,Anoia,2025,,,,,,0,missing,gencat_housing_sales_2025,,2026-08-21T21:48:17Z,0.2.0,not_published,,engineering_pending,0,100,0,,official,default,false
082270,Sant Martí Sarroca,03,Alt Penedès,2025,34,88.86,134207.41,1629.16,28.7811,100,municipality,gencat_housing_sales_2025,,2026-08-21T21:48:17Z,0.2.0,,,complete,28.7811,28.7811,100,,official,default,true
082286,Sant Martí Sesgueioles,06,Anoia,2025,,,,,,0,missing,gencat_housing_sales_2025,,2026-08-21T21:48:17Z,0.2.0,not_published,,engineering_pending,0,100,0,,official,default,false
082299,Sant Mateu de Bages,07,Bages,2025,,,,,,0,missing,gencat_housing_sales_2025,,2026-08-21T21:48:17Z,0.2.0,not_published,,engineering_pending,0,100,0,,official,default,false
082303,Premià de Dalt,21,Maresme,2025,82,155.38,436982.22,3005.88,80.6519,100,municipality,gencat_housing_sales_2025,,2026-08-21T21:48:17Z,0.2.0,,,complete,80.6519,80.6519,100,,official,default,true
082310,Sant Pere de Ribes,17,Garraf,2025,362,103.24,267314.91,2758.45,71.3295,100,municipality,gencat_housing_sales_2025,,2026-08-21T21:48:17Z,0.2.0,,,complete,71.3295,71.3295,100,,official,default,true
082325,Sant Pere de Riudebitlles,03,Alt Penedès,2025,25,123.17,127571.43,1259.99,14.8718,100,municipality,gencat_housing_sales_2025,,2026-08-21T21:48:17Z,0.2.0,,,complete,14.8718,14.8718,100,,official,default,true
082331,Sant Pere de Torelló,24,Osona,2025,36,151.93,149178.98,1087.47,8.3718,100,municipality,gencat_housing_sales_2025,,2026-08-21T21:48:17Z,0.2.0,,,complete,8.3718,8.3718,100,,official,default,true
082346,Sant Pere de Vilamajor,41,Vallès Oriental,2025,80,160.41,269699.52,1912.21,39.4456,100,municipality,gencat_housing_sales_2025,,2026-08-21T21:48:17Z,0.2.0,,,complete,39.4456,39.4456,100,,official,default,true
082359,Sant Pol de Mar,21,Maresme,2025,83,109.77,298358.33,3053.93,82.4623,100,municipality,gencat_housing_sales_2025,,2026-08-21T21:48:17Z,0.2.0,,,complete,82.4623,82.4623,100,,official,default,true
082362,Sant Quintí de Mediona,03,Alt Penedès,2025,33,111.18,127722.09,1364.75,18.8189,100,municipality,gencat_housing_sales_2025,,2026-08-21T21:48:17Z,0.2.0,,,complete,18.8189,18.8189,100,,official,default,true
082378,Sant Quirze de Besora,24,Osona,2025,23,122.33,106500,885.85,0.7753,100,municipality,gencat_housing_sales_2025,,2026-08-21T21:48:17Z,0.2.0,,,complete,0.7753,0.7753,100,,official,default,true
082384,Sant Quirze del Vallès,40,Vallès Occidental,2025,194,139.1,375518.88,2913.11,77.1566,100,municipality,gencat_housing_sales_2025,,2026-08-21T21:48:17Z,0.2.0,,,complete,77.1566,77.1566,100,,official,default,true
082397,Sant Quirze Safaja,42,Moianès,2025,,,,,,0,missing,gencat_housing_sales_2025,,2026-08-21T21:48:17Z,0.2.0,not_published,,engineering_pending,0,100,0,,official,default,false
082401,Sant Sadurní d'Anoia,03,Alt Penedès,2025,108,101.44,177074.34,1971.98,41.6976,100,municipality,gencat_housing_sales_2025,,2026-08-21T21:48:17Z,0.2.0,,,complete,41.6976,41.6976,100,,official,default,true
082418,Sant Sadurní d'Osormort,24,Osona,2025,,,,,,0,missing,gencat_housing_sales_2025,,2026-08-21T21:48:17Z,0.2.0,not_published,,engineering_pending,0,100,0,,official,default,false
082423,Marganell,07,Bages,2025,,,,,,0,missing,gencat_housing_sales_2025,,2026-08-21T21:48:17Z,0.2.0,not_published,,engineering_pending,0,100,0,,official,default,false
082439,Santa Cecília de Voltregà,24,Osona,2025,,,,,,0,missing,gencat_housing_sales_2025,,2026-08-21T21:48:17Z,0.2.0,not_published,,engineering_pending,0,100,0,,official,default,false
082444,Santa Coloma de Cervelló,11,Baix Llobregat,2025,101,86.73,247656.19,2975.01,79.4888,100,municipality,gencat_housing_sales_2025,,2026-08-21T21:48:17Z,0.2.0,,,complete,79.4888,79.4888,100,,official,default,true
082457,Santa Coloma de Gramenet,13,Barcelonès,2025,1303,64.01,160210.54,2574.08,64.3829,100,municipality,gencat_housing_sales_2025,,2026-08-21T21:48:17Z,0.2.0,,,complete,64.3829,64.3829,100,,official,default,true
082460,Santa Eugènia de Berga,24,Osona,2025,8,80.13,212337.87,2735.25,70.4553,100,municipality,gencat_housing_sales_2025,,2026-08-21T21:48:17Z,0.2.0,,,complete,70.4553,70.4553,100,,official,default,true
082476,Santa Eulàlia de Riuprimer,24,Osona,2025,,,,,,0,missing,gencat_housing_sales_2025,,2026-08-21T21:48:17Z,0.2.0,not_published,,engineering_pending,0,100,0,,official,default,false
082482,Santa Eulàlia de Ronçana,41,Vallès Oriental,2025,80,170.38,284011.84,2055.9,44.8594,100,municipality,gencat_housing_sales_2025,,2026-08-21T21:48:17Z,0.2.0,,,complete,44.8594,44.8594,100,,official,default,true
082495,Santa Fe del Penedès,03,Alt Penedès,2025,,,,,,0,missing,gencat_housing_sales_2025,,2026-08-21T21:48:17Z,0.2.0,not_published,,engineering_pending,0,100,0,,official,default,false
082508,Santa Margarida de Montbui,06,Anoia,2025,127,87.88,105010.98,1268.86,15.206,100,municipality,gencat_housing_sales_2025,,2026-08-21T21:48:17Z,0.2.0,,,complete,15.206,15.206,100,,official,default,true
082515,Santa Margarida i els Monjos,03,Alt Penedès,2025,65,109.39,156099.28,1572.39,26.6422,100,municipality,gencat_housing_sales_2025,,2026-08-21T21:48:17Z,0.2.0,,,complete,26.6422,26.6422,100,,official,default,true
082520,Barberà del Vallès,40,Vallès Occidental,2025,401,91.78,238491.33,2700.78,69.1566,100,municipality,gencat_housing_sales_2025,,2026-08-21T21:48:17Z,0.2.0,,,complete,69.1566,69.1566,100,,official,default,true
082536,Santa Maria de Besora,24,Osona,2025,,,,,,0,missing,gencat_housing_sales_2025,,2026-08-21T21:48:17Z,0.2.0,not_published,,engineering_pending,0,100,0,,official,default,false
082541,l'Esquirol,24,Osona,2025,20,167.59,146337.47,965.74,3.7854,100,municipality,gencat_housing_sales_2025,,2026-08-21T21:48:17Z,0.2.0,,,complete,3.7854,3.7854,100,,official,default,true
082554,Santa Maria de Merlès,14,Berguedà,2025,,,,,,0,missing,gencat_housing_sales_2025,,2026-08-21T21:48:17Z,0.2.0,not_published,,engineering_pending,0,100,0,,official,default,false
082567,Santa Maria de Martorelles,41,Vallès Oriental,2025,,,,,,0,missing,gencat_housing_sales_2025,,2026-08-21T21:48:17Z,0.2.0,not_published,,engineering_pending,0,100,0,,official,default,false
082573,Santa Maria de Miralles,06,Anoia,2025,,,,,,0,missing,gencat_housing_sales_2025,,2026-08-21T21:48:17Z,0.2.0,not_published,,engineering_pending,0,100,0,,official,default,false
082589,Santa Maria d'Oló,42,Moianès,2025,,,,,,0,missing,gencat_housing_sales_2025,,2026-08-21T21:48:17Z,0.2.0,not_published,,engineering_pending,0,100,0,,official,default,false
082592,Santa Maria de Palautordera,41,Vallès Oriental,2025,74,147.31,261912.9,2013.3,43.2544,100,municipality,gencat_housing_sales_2025,,2026-08-21T21:48:17Z,0.2.0,,,complete,43.2544,43.2544,100,,official,default,true
082606,Santa Perpètua de Mogoda,40,Vallès Occidental,2025,221,96.49,225398.45,2350.75,55.9685,100,municipality,gencat_housing_sales_2025,,2026-08-21T21:48:17Z,0.2.0,,,complete,55.9685,55.9685,100,,official,default,true
082613,Santa Susanna,21,Maresme,2025,69,148.11,262337.45,2048.77,44.5908,100,municipality,gencat_housing_sales_2025,,2026-08-21T21:48:17Z,0.2.0,,,complete,44.5908,44.5908,100,,official,default,true
082628,Sant Vicenç de Castellet,07,Bages,2025,118,91.5,137197.79,1631.29,28.8613,100,municipality,gencat_housing_sales_2025,,2026-08-21T21:48:17Z,0.2.0,,,complete,28.8613,28.8613,100,,official,default,true
082634,Sant Vicenç dels Horts,11,Baix Llobregat,2025,253,109.41,233260.06,2440.26,59.341,100,municipality,gencat_housing_sales_2025,,2026-08-21T21:48:17Z,0.2.0,,,complete,59.341,59.341,100,,official,default,true
082649,Sant Vicenç de Montalt,21,Maresme,2025,73,173.42,565108.56,3491.23,98.9385,100,municipality,gencat_housing_sales_2025,,2026-08-21T21:48:17Z,0.2.0,,,complete,98.9385,98.9385,100,,official,default,true
082652,Sant Vicenç de Torelló,24,Osona,2025,30,109.72,159744.83,1454.81,22.2121,100,municipality,gencat_housing_sales_2025,,2026-08-21T21:48:17Z,0.2.0,,,complete,22.2121,22.2121,100,,official,default,true
082665,Cerdanyola del Vallès,40,Vallès Occidental,2025,555,97.63,314319,3191.17,87.6331,100,municipality,gencat_housing_sales_2025,,2026-08-21T21:48:17Z,0.2.0,,,complete,87.6331,87.6331,100,,official,default,true
082671,Sentmenat,40,Vallès Occidental,2025,111,140.95,233544.82,1999.49,42.734,100,municipality,gencat_housing_sales_2025,,2026-08-21T21:48:17Z,0.2.0,,,complete,42.734,42.734,100,,official,default,true
082687,Cercs,14,Berguedà,2025,,,,,,0,missing,gencat_housing_sales_2025,,2026-08-21T21:48:17Z,0.2.0,not_published,,engineering_pending,0,100,0,,official,default,false
082690,Seva,24,Osona,2025,29,134,282008.45,2241.05,51.8353,100,municipality,gencat_housing_sales_2025,,2026-08-21T21:48:17Z,0.2.0,,,complete,51.8353,51.8353,100,,official,default,true
082704,Sitges,17,Garraf,2025,403,102.78,529836.19,5481.2,100,100,municipality,gencat_housing_sales_2025,,2026-08-21T21:48:17Z,0.2.0,,,complete,100,100,100,,official,default,true
082711,Sobremunt,43,Lluçanès,2025,,,,,,0,missing,gencat_housing_sales_2025,,2026-08-21T21:48:17Z,0.2.0,not_published,,engineering_pending,0,100,0,,official,default,false
082726,Sora,24,Osona,2025,,,,,,0,missing,gencat_housing_sales_2025,,2026-08-21T21:48:17Z,0.2.0,not_published,,engineering_pending,0,100,0,,official,default,false
082732,Subirats,03,Alt Penedès,2025,29,148.71,191354.17,1524.28,24.8295,100,municipality,gencat_housing_sales_2025,,2026-08-21T21:48:17Z,0.2.0,,,complete,24.8295,24.8295,100,,official,default,true
082747,Súria,07,Bages,2025,60,86.51,101419.22,1294.17,16.1596,100,municipality,gencat_housing_sales_2025,,2026-08-21T21:48:17Z,0.2.0,,,complete,16.1596,16.1596,100,,official,default,true
082750,Tavèrnoles,24,Osona,2025,,,,,,0,missing,gencat_housing_sales_2025,,2026-08-21T21:48:17Z,0.2.0,not_published,,engineering_pending,0,100,0,,official,default,false
082763,Tagamanent,41,Vallès Oriental,2025,,,,,,0,missing,gencat_housing_sales_2025,,2026-08-21T21:48:17Z,0.2.0,not_published,,engineering_pending,0,100,0,,official,default,false
082779,Talamanca,07,Bages,2025,,,,,,0,missing,gencat_housing_sales_2025,,2026-08-21T21:48:17Z,0.2.0,not_published,,engineering_pending,0,100,0,,official,default,false
082785,Taradell,24,Osona,2025,43,97.81,249032.09,2961.57,78.9824,100,municipality,gencat_housing_sales_2025,,2026-08-21T21:48:17Z,0.2.0,,,complete,78.9824,78.9824,100,,official,default,true
082798,Terrassa,40,Vallès Occidental,2025,3838,84.54,169044.46,2097.3,46.4192,100,municipality,gencat_housing_sales_2025,,2026-08-21T21:48:17Z,0.2.0,,,complete,46.4192,46.4192,100,,official,default,true
082802,Tavertet,24,Osona,2025,,,,,,0,missing,gencat_housing_sales_2025,,2026-08-21T21:48:17Z,0.2.0,not_published,,engineering_pending,0,100,0,,official,default,false
082819,Teià,21,Maresme,2025,74,166,534206.7,3588.1,100,100,municipality,gencat_housing_sales_2025,,2026-08-21T21:48:17Z,0.2.0,,,complete,100,100,100,,official,default,true
082824,Tiana,21,Maresme,2025,62,157.26,484957.66,3550.2,100,100,municipality,gencat_housing_sales_2025,,2026-08-21T21:48:17Z,0.2.0,,,complete,100,100,100,,official,default,true
082830,Tona,24,Osona,2025,83,87.61,202993.41,2417.17,58.471,100,municipality,gencat_housing_sales_2025,,2026-08-21T21:48:17Z,0.2.0,,,complete,58.471,58.471,100,,official,default,true
082845,Tordera,21,Maresme,2025,323,114.14,183555.77,1776.4,34.3287,100,municipality,gencat_housing_sales_2025,,2026-08-21T21:48:17Z,0.2.0,,,complete,34.3287,34.3287,100,,official,default,true
082858,Torelló,24,Osona,2025,192,104.22,140739.4,1410.33,20.5362,100,municipality,gencat_housing_sales_2025,,2026-08-21T21:48:17Z,0.2.0,,,complete,20.5362,20.5362,100,,official,default,true
082861,la Torre de Claramunt,06,Anoia,2025,66,158.3,172231.25,1252.71,14.5976,100,municipality,gencat_housing_sales_2025,,2026-08-21T21:48:17Z,0.2.0,,,complete,14.5976,14.5976,100,,official,default,true
082877,Torrelavit,03,Alt Penedès,2025,,,,,,0,missing,gencat_housing_sales_2025,,2026-08-21T21:48:17Z,0.2.0,not_published,,engineering_pending,0,100,0,,official,default,false
082883,Torrelles de Foix,03,Alt Penedès,2025,60,97.4,104058.8,1110.04,9.2222,100,municipality,gencat_housing_sales_2025,,2026-08-21T21:48:17Z,0.2.0,,,complete,9.2222,9.2222,100,,official,default,true
082896,Torrelles de Llobregat,11,Baix Llobregat,2025,47,150.34,276481.82,2105.29,46.7203,100,municipality,gencat_housing_sales_2025,,2026-08-21T21:48:17Z,0.2.0,,,complete,46.7203,46.7203,100,,official,default,true
082900,Ullastrell,40,Vallès Occidental,2025,36,199.43,290122.83,1825.27,36.1699,100,municipality,gencat_housing_sales_2025,,2026-08-21T21:48:17Z,0.2.0,,,complete,36.1699,36.1699,100,,official,default,true
082917,Vacarisses,40,Vallès Occidental,2025,115,144.4,248004.22,2009.98,43.1293,100,municipality,gencat_housing_sales_2025,,2026-08-21T21:48:17Z,0.2.0,,,complete,43.1293,43.1293,100,,official,default,true
082922,Vallbona d'Anoia,06,Anoia,2025,,,,,,0,missing,gencat_housing_sales_2025,,2026-08-21T21:48:17Z,0.2.0,not_published,,engineering_pending,0,100,0,,official,default,false
082938,Vallcebre,14,Berguedà,2025,,,,,,0,missing,gencat_housing_sales_2025,,2026-08-21T21:48:17Z,0.2.0,not_published,,engineering_pending,0,100,0,,official,default,false
082943,Vallgorguina,41,Vallès Oriental,2025,48,150.73,215377.49,1627.92,28.7344,100,municipality,gencat_housing_sales_2025,,2026-08-21T21:48:17Z,0.2.0,,,complete,28.7344,28.7344,100,,official,default,true
082956,Vallirana,11,Baix Llobregat,2025,136,142.67,258323.04,2147.96,48.328,100,municipality,gencat_housing_sales_2025,,2026-08-21T21:48:17Z,0.2.0,,,complete,48.328,48.328,100,,official,default,true
082969,Vallromanes,41,Vallès Oriental,2025,29,236.68,512040,2452.84,59.815,100,municipality,gencat_housing_sales_2025,,2026-08-21T21:48:17Z,0.2.0,,,complete,59.815,59.815,100,,official,default,true
082975,Veciana,06,Anoia,2025,,,,,,0,missing,gencat_housing_sales_2025,,2026-08-21T21:48:17Z,0.2.0,not_published,,engineering_pending,0,100,0,,official,default,false
082981,Vic,24,Osona,2025,420,80.58,150876.16,1843.89,36.8715,100,municipality,gencat_housing_sales_2025,,2026-08-21T21:48:17Z,0.2.0,,,complete,36.8715,36.8715,100,,official,default,true
082994,Vilada,14,Berguedà,2025,,,,,,0,missing,gencat_housing_sales_2025,,2026-08-21T21:48:17Z,0.2.0,not_published,,engineering_pending,0,100,0,,official,default,false
083008,Viladecavalls,40,Vallès Occidental,2025,80,156.37,314883.15,2247.17,52.0659,100,municipality,gencat_housing_sales_2025,,2026-08-21T21:48:17Z,0.2.0,,,complete,52.0659,52.0659,100,,official,default,true
083015,Viladecans,11,Baix Llobregat,2025,734,82.76,244316.4,3033.71,81.7004,100,municipality,gencat_housing_sales_2025,,2026-08-21T21:48:17Z,0.2.0,,,complete,81.7004,81.7004,100,,official,default,true
083020,Vilanova del Camí,06,Anoia,2025,113,98.89,116060.22,1404.84,20.3294,100,municipality,gencat_housing_sales_2025,,2026-08-21T21:48:17Z,0.2.0,,,complete,20.3294,20.3294,100,,official,default,true
083036,Vilanova de Sau,24,Osona,2025,,,,,,0,missing,gencat_housing_sales_2025,,2026-08-21T21:48:17Z,0.2.0,not_published,,engineering_pending,0,100,0,,official,default,false
083041,Vilobí del Penedès,03,Alt Penedès,2025,,,,,,0,missing,gencat_housing_sales_2025,,2026-08-21T21:48:17Z,0.2.0,not_published,,engineering_pending,0,100,0,,official,default,false
083054,Vilafranca del Penedès,03,Alt Penedès,2025,370,89.29,169096.71,1922.39,39.8291,100,municipality,gencat_housing_sales_2025,,2026-08-21T21:48:17Z,0.2.0,,,complete,39.8291,39.8291,100,,official,default,true
083067,Vilalba Sasserra,41,Vallès Oriental,2025,,,,,,0,missing,gencat_housing_sales_2025,,2026-08-21T21:48:17Z,0.2.0,not_published,,engineering_pending,0,100,0,,official,default,false
083073,Vilanova i la Geltrú,17,Garraf,2025,890,91.51,230335.72,2687.81,68.6679,100,municipality,gencat_housing_sales_2025,,2026-08-21T21:48:17Z,0.2.0,,,complete,68.6679,68.6679,100,,official,default,true
083089,Viver i Serrateix,14,Berguedà,2025,,,,,,0,missing,gencat_housing_sales_2025,,2026-08-21T21:48:17Z,0.2.0,not_published,,engineering_pending,0,100,0,,official,default,false
089019,Rupit i Pruit,24,Osona,2025,,,,,,0,missing,gencat_housing_sales_2025,,2026-08-21T21:48:17Z,0.2.0,not_published,,engineering_pending,0,100,0,,official,default,false
089024,Vilanova del Vallès,41,Vallès Oriental,2025,45,153.45,347332,2581.19,64.6508,100,municipality,gencat_housing_sales_2025,,2026-08-21T21:48:17Z,0.2.0,,,complete,64.6508,64.6508,100,,official,default,true
089030,Sant Julià de Cerdanyola,14,Berguedà,2025,,,,,,0,missing,gencat_housing_sales_2025,,2026-08-21T21:48:17Z,0.2.0,not_published,,engineering_pending,0,100,0,,official,default,false
089045,Badia del Vallès,40,Vallès Occidental,2025,75,81.92,127519.23,1587.15,27.1983,100,municipality,gencat_housing_sales_2025,,2026-08-21T21:48:17Z,0.2.0,,,complete,27.1983,27.1983,100,,official,default,true
089058,la Palma de Cervelló,11,Baix Llobregat,2025,,,,,,0,missing,gencat_housing_sales_2025,,2026-08-21T21:48:17Z,0.2.0,not_published,,engineering_pending,0,100,0,,official,default,false
170010,Agullana,02,Alt Empordà,2025,,,,,,0,missing,gencat_housing_sales_2025,,2026-08-21T21:48:17Z,0.2.0,not_published,,engineering_pending,0,100,0,,official,default,false
170025,Aiguaviva,20,Gironès,2025,,,,,,0,missing,gencat_housing_sales_2025,,2026-08-21T21:48:17Z,0.2.0,not_published,,engineering_pending,0,100,0,,official,default,false
170031,Albanyà,02,Alt Empordà,2025,,,,,,0,missing,gencat_housing_sales_2025,,2026-08-21T21:48:17Z,0.2.0,not_published,,engineering_pending,0,100,0,,official,default,false
170046,Albons,10,Baix Empordà,2025,,,,,,0,missing,gencat_housing_sales_2025,,2026-08-21T21:48:17Z,0.2.0,not_published,,engineering_pending,0,100,0,,official,default,false
170059,el Far d'Empordà,02,Alt Empordà,2025,,,,,,0,missing,gencat_housing_sales_2025,,2026-08-21T21:48:17Z,0.2.0,not_published,,engineering_pending,0,100,0,,official,default,false
170062,Alp,15,Cerdanya,2025,,,,,,0,missing,gencat_housing_sales_2025,,2026-08-21T21:48:17Z,0.2.0,not_published,,engineering_pending,0,100,0,,official,default,false
170078,Amer,34,Selva,2025,10,148.89,126333.33,992.32,4.7868,100,municipality,gencat_housing_sales_2025,,2026-08-21T21:48:17Z,0.2.0,,,complete,4.7868,4.7868,100,,official,default,true
170084,Anglès,34,Selva,2025,53,100.79,138399.41,1328.56,17.4554,100,municipality,gencat_housing_sales_2025,,2026-08-21T21:48:17Z,0.2.0,,,complete,17.4554,17.4554,100,,official,default,true
170097,Arbúcies,34,Selva,2025,81,143.28,146067.88,1234.39,13.9073,100,municipality,gencat_housing_sales_2025,,2026-08-21T21:48:17Z,0.2.0,,,complete,13.9073,13.9073,100,,official,default,true
170101,Argelaguer,19,Garrotxa,2025,,,,,,0,missing,gencat_housing_sales_2025,,2026-08-21T21:48:17Z,0.2.0,not_published,,engineering_pending,0,100,0,,official,default,false
170118,l'Armentera,02,Alt Empordà,2025,,,,,,0,missing,gencat_housing_sales_2025,,2026-08-21T21:48:17Z,0.2.0,not_published,,engineering_pending,0,100,0,,official,default,false
170123,Avinyonet de Puigventós,02,Alt Empordà,2025,,,,,,0,missing,gencat_housing_sales_2025,,2026-08-21T21:48:17Z,0.2.0,not_published,,engineering_pending,0,100,0,,official,default,false
170139,Begur,10,Baix Empordà,2025,134,168.72,673966.06,4052.63,100,100,municipality,gencat_housing_sales_2025,,2026-08-21T21:48:17Z,0.2.0,,,complete,100,100,100,,official,default,true
170144,la Vajol,02,Alt Empordà,2025,,,,,,0,missing,gencat_housing_sales_2025,,2026-08-21T21:48:17Z,0.2.0,not_published,,engineering_pending,0,100,0,,official,default,false
170157,Banyoles,28,Pla de l'Estany,2025,151,96.47,185486.65,1839.82,36.7181,100,municipality,gencat_housing_sales_2025,,2026-08-21T21:48:17Z,0.2.0,,,complete,36.7181,36.7181,100,,official,default,true
170160,Bàscara,02,Alt Empordà,2025,,,,,,0,missing,gencat_housing_sales_2025,,2026-08-21T21:48:17Z,0.2.0,not_published,,engineering_pending,0,100,0,,official,default,false
170182,Bellcaire d'Empordà,10,Baix Empordà,2025,,,,,,0,missing,gencat_housing_sales_2025,,2026-08-21T21:48:17Z,0.2.0,not_published,,engineering_pending,0,100,0,,official,default,false
170195,Besalú,19,Garrotxa,2025,14,109.5,177180.08,1871.38,37.9072,100,municipality,gencat_housing_sales_2025,,2026-08-21T21:48:17Z,0.2.0,,,complete,37.9072,37.9072,100,,official,default,true
170209,Bescanó,20,Gironès,2025,13,136.33,217783.33,1751.37,33.3856,100,municipality,gencat_housing_sales_2025,,2026-08-21T21:48:17Z,0.2.0,,,complete,33.3856,33.3856,100,,official,default,true
170216,Beuda,19,Garrotxa,2025,,,,,,0,missing,gencat_housing_sales_2025,,2026-08-21T21:48:17Z,0.2.0,not_published,,engineering_pending,0,100,0,,official,default,false
170221,la Bisbal d'Empordà,10,Baix Empordà,2025,71,110.7,147187.71,1386.3,19.6308,100,municipality,gencat_housing_sales_2025,,2026-08-21T21:48:17Z,0.2.0,,,complete,19.6308,19.6308,100,,official,default,true
170237,Blanes,34,Selva,2025,636,81.45,194739.53,2566.02,64.0792,100,municipality,gencat_housing_sales_2025,,2026-08-21T21:48:17Z,0.2.0,,,complete,64.0792,64.0792,100,,official,default,true
170242,Bolvir,15,Cerdanya,2025,,,,,,0,missing,gencat_housing_sales_2025,,2026-08-21T21:48:17Z,0.2.0,not_published,,engineering_pending,0,100,0,,official,default,false
170255,Bordils,20,Gironès,2025,,,,,,0,missing,gencat_housing_sales_2025,,2026-08-21T21:48:17Z,0.2.0,not_published,,engineering_pending,0,100,0,,official,default,false
170268,Borrassà,02,Alt Empordà,2025,,,,,,0,missing,gencat_housing_sales_2025,,2026-08-21T21:48:17Z,0.2.0,not_published,,engineering_pending,0,100,0,,official,default,false
170274,Breda,34,Selva,2025,40,121.69,159670.68,1406.12,20.3776,100,municipality,gencat_housing_sales_2025,,2026-08-21T21:48:17Z,0.2.0,,,complete,20.3776,20.3776,100,,official,default,true
170280,Brunyola i Sant Martí Sapresa,34,Selva,2025,,,,,,0,missing,gencat_housing_sales_2025,,2026-08-21T21:48:17Z,0.2.0,not_published,,engineering_pending,0,100,0,,official,default,false
170293,Boadella i les Escaules,02,Alt Empordà,2025,,,,,,0,missing,gencat_housing_sales_2025,,2026-08-21T21:48:17Z,0.2.0,not_published,,engineering_pending,0,100,0,,official,default,false
170307,Cabanes,02,Alt Empordà,2025,,,,,,0,missing,gencat_housing_sales_2025,,2026-08-21T21:48:17Z,0.2.0,not_published,,engineering_pending,0,100,0,,official,default,false
170314,Cabanelles,02,Alt Empordà,2025,,,,,,0,missing,gencat_housing_sales_2025,,2026-08-21T21:48:17Z,0.2.0,not_published,,engineering_pending,0,100,0,,official,default,false
170329,Cadaqués,02,Alt Empordà,2025,41,94.22,576708.73,7286.79,100,100,municipality,gencat_housing_sales_2025,,2026-08-21T21:48:17Z,0.2.0,,,complete,100,100,100,,official,default,true
170335,Caldes de Malavella,34,Selva,2025,110,179.74,485891.77,2623.77,66.2551,100,municipality,gencat_housing_sales_2025,,2026-08-21T21:48:17Z,0.2.0,,,complete,66.2551,66.2551,100,,official,default,true
170340,Calonge i Sant Antoni,10,Baix Empordà,2025,343,114.77,295787.56,2922.13,77.4964,100,municipality,gencat_housing_sales_2025,,2026-08-21T21:48:17Z,0.2.0,,,complete,77.4964,77.4964,100,,official,default,true
170353,Camós,28,Pla de l'Estany,2025,,,,,,0,missing,gencat_housing_sales_2025,,2026-08-21T21:48:17Z,0.2.0,not_published,,engineering_pending,0,100,0,,official,default,false
170366,Campdevànol,31,Ripollès,2025,28,100.37,116353.44,1279.59,15.6103,100,municipality,gencat_housing_sales_2025,,2026-08-21T21:48:17Z,0.2.0,,,complete,15.6103,15.6103,100,,official,default,true
170372,Campelles,31,Ripollès,2025,,,,,,0,missing,gencat_housing_sales_2025,,2026-08-21T21:48:17Z,0.2.0,not_published,,engineering_pending,0,100,0,,official,default,false
170388,Campllong,20,Gironès,2025,,,,,,0,missing,gencat_housing_sales_2025,,2026-08-21T21:48:17Z,0.2.0,not_published,,engineering_pending,0,100,0,,official,default,false
170391,Camprodon,31,Ripollès,2025,56,75.86,177537.31,2370.44,56.7104,100,municipality,gencat_housing_sales_2025,,2026-08-21T21:48:17Z,0.2.0,,,complete,56.7104,56.7104,100,,official,default,true
170405,Canet d'Adri,20,Gironès,2025,,,,,,0,missing,gencat_housing_sales_2025,,2026-08-21T21:48:17Z,0.2.0,not_published,,engineering_pending,0,100,0,,official,default,false
170412,Cantallops,02,Alt Empordà,2025,,,,,,0,missing,gencat_housing_sales_2025,,2026-08-21T21:48:17Z,0.2.0,not_published,,engineering_pending,0,100,0,,official,default,false
170427,Capmany,02,Alt Empordà,2025,,,,,,0,missing,gencat_housing_sales_2025,,2026-08-21T21:48:17Z,0.2.0,not_published,,engineering_pending,0,100,0,,official,default,false
170433,Queralbs,31,Ripollès,2025,,,,,,0,missing,gencat_housing_sales_2025,,2026-08-21T21:48:17Z,0.2.0,not_published,,engineering_pending,0,100,0,,official,default,false
170448,Cassà de la Selva,20,Gironès,2025,53,98.24,144183.14,1522.16,24.7496,100,municipality,gencat_housing_sales_2025,,2026-08-21T21:48:17Z,0.2.0,,,complete,24.7496,24.7496,100,,official,default,true
170464,Castellfollit de la Roca,19,Garrotxa,2025,,,,,,0,missing,gencat_housing_sales_2025,,2026-08-21T21:48:17Z,0.2.0,not_published,,engineering_pending,0,100,0,,official,default,false
170470,Castelló d'Empúries,02,Alt Empordà,2025,666,75.17,210453.65,2858.77,75.1092,100,municipality,gencat_housing_sales_2025,,2026-08-21T21:48:17Z,0.2.0,,,complete,75.1092,75.1092,100,,official,default,true
170486,"Castell d'Aro, Platja d'Aro i s'Agaró",10,Baix Empordà,2025,344,94.39,324068.13,3513.97,99.7952,100,municipality,gencat_housing_sales_2025,,2026-08-21T21:48:17Z,0.2.0,,,complete,99.7952,99.7952,100,,official,default,true
170499,Celrà,20,Gironès,2025,19,106.61,187237.86,1945.86,40.7134,100,municipality,gencat_housing_sales_2025,,2026-08-21T21:48:17Z,0.2.0,,,complete,40.7134,40.7134,100,,official,default,true
170502,Cervià de Ter,20,Gironès,2025,,,,,,0,missing,gencat_housing_sales_2025,,2026-08-21T21:48:17Z,0.2.0,not_published,,engineering_pending,0,100,0,,official,default,false
170519,Cistella,02,Alt Empordà,2025,,,,,,0,missing,gencat_housing_sales_2025,,2026-08-21T21:48:17Z,0.2.0,not_published,,engineering_pending,0,100,0,,official,default,false
170524,Siurana,02,Alt Empordà,2025,,,,,,0,missing,gencat_housing_sales_2025,,2026-08-21T21:48:17Z,0.2.0,not_published,,engineering_pending,0,100,0,,official,default,false
170545,Colera,02,Alt Empordà,2025,,,,,,0,missing,gencat_housing_sales_2025,,2026-08-21T21:48:17Z,0.2.0,not_published,,engineering_pending,0,100,0,,official,default,false
170558,Colomers,10,Baix Empordà,2025,,,,,,0,missing,gencat_housing_sales_2025,,2026-08-21T21:48:17Z,0.2.0,not_published,,engineering_pending,0,100,0,,official,default,false
170561,Cornellà del Terri,28,Pla de l'Estany,2025,5,123.75,242875,2519.26,62.3175,100,municipality,gencat_housing_sales_2025,,2026-08-21T21:48:17Z,0.2.0,,,complete,62.3175,62.3175,100,,official,default,true
170577,Corçà,10,Baix Empordà,2025,,,,,,0,missing,gencat_housing_sales_2025,,2026-08-21T21:48:17Z,0.2.0,not_published,,engineering_pending,0,100,0,,official,default,false
170583,Crespià,28,Pla de l'Estany,2025,,,,,,0,missing,gencat_housing_sales_2025,,2026-08-21T21:48:17Z,0.2.0,not_published,,engineering_pending,0,100,0,,official,default,false
170600,Darnius,02,Alt Empordà,2025,,,,,,0,missing,gencat_housing_sales_2025,,2026-08-21T21:48:17Z,0.2.0,not_published,,engineering_pending,0,100,0,,official,default,false
170617,Das,15,Cerdanya,2025,,,,,,0,missing,gencat_housing_sales_2025,,2026-08-21T21:48:17Z,0.2.0,not_published,,engineering_pending,0,100,0,,official,default,false
170622,l'Escala,02,Alt Empordà,2025,372,93.78,248869.24,2809.88,73.2672,100,municipality,gencat_housing_sales_2025,,2026-08-21T21:48:17Z,0.2.0,,,complete,73.2672,73.2672,100,,official,default,true
170638,Espinelves,24,Osona,2025,,,,,,0,missing,gencat_housing_sales_2025,,2026-08-21T21:48:17Z,0.2.0,not_published,,engineering_pending,0,100,0,,official,default,false
170643,Espolla,02,Alt Empordà,2025,,,,,,0,missing,gencat_housing_sales_2025,,2026-08-21T21:48:17Z,0.2.0,not_published,,engineering_pending,0,100,0,,official,default,false
170656,Esponellà,28,Pla de l'Estany,2025,,,,,,0,missing,gencat_housing_sales_2025,,2026-08-21T21:48:17Z,0.2.0,not_published,,engineering_pending,0,100,0,,official,default,false
170669,Figueres,02,Alt Empordà,2025,585,92.99,122036.04,1355.2,18.4591,100,municipality,gencat_housing_sales_2025,,2026-08-21T21:48:17Z,0.2.0,,,complete,18.4591,18.4591,100,,official,default,true
170675,Flaçà,20,Gironès,2025,,,,,,0,missing,gencat_housing_sales_2025,,2026-08-21T21:48:17Z,0.2.0,not_published,,engineering_pending,0,100,0,,official,default,false
170681,Foixà,10,Baix Empordà,2025,,,,,,0,missing,gencat_housing_sales_2025,,2026-08-21T21:48:17Z,0.2.0,not_published,,engineering_pending,0,100,0,,official,default,false
170694,Fontanals de Cerdanya,15,Cerdanya,2025,,,,,,0,missing,gencat_housing_sales_2025,,2026-08-21T21:48:17Z,0.2.0,not_published,,engineering_pending,0,100,0,,official,default,false
170708,Fontanilles,10,Baix Empordà,2025,,,,,,0,missing,gencat_housing_sales_2025,,2026-08-21T21:48:17Z,0.2.0,not_published,,engineering_pending,0,100,0,,official,default,false
170715,Fontcoberta,28,Pla de l'Estany,2025,,,,,,0,missing,gencat_housing_sales_2025,,2026-08-21T21:48:17Z,0.2.0,not_published,,engineering_pending,0,100,0,,official,default,false
170736,Fornells de la Selva,20,Gironès,2025,9,172.25,270620.75,1976.01,41.8494,100,municipality,gencat_housing_sales_2025,,2026-08-21T21:48:17Z,0.2.0,,,complete,41.8494,41.8494,100,,official,default,true
170741,Fortià,02,Alt Empordà,2025,,,,,,0,missing,gencat_housing_sales_2025,,2026-08-21T21:48:17Z,0.2.0,not_published,,engineering_pending,0,100,0,,official,default,false
170754,Garrigàs,02,Alt Empordà,2025,,,,,,0,missing,gencat_housing_sales_2025,,2026-08-21T21:48:17Z,0.2.0,not_published,,engineering_pending,0,100,0,,official,default,false
170767,Garrigoles,10,Baix Empordà,2025,,,,,,0,missing,gencat_housing_sales_2025,,2026-08-21T21:48:17Z,0.2.0,not_published,,engineering_pending,0,100,0,,official,default,false
170773,Garriguella,02,Alt Empordà,2025,,,,,,0,missing,gencat_housing_sales_2025,,2026-08-21T21:48:17Z,0.2.0,not_published,,engineering_pending,0,100,0,,official,default,false
170789,Ger,15,Cerdanya,2025,,,,,,0,missing,gencat_housing_sales_2025,,2026-08-21T21:48:17Z,0.2.0,not_published,,engineering_pending,0,100,0,,official,default,false
170792,Girona,20,Gironès,2025,936,82.7,211318.51,2466.68,60.3364,100,municipality,gencat_housing_sales_2025,,2026-08-21T21:48:17Z,0.2.0,,,complete,60.3364,60.3364,100,,official,default,true
170806,Gombrèn,31,Ripollès,2025,,,,,,0,missing,gencat_housing_sales_2025,,2026-08-21T21:48:17Z,0.2.0,not_published,,engineering_pending,0,100,0,,official,default,false
170813,Gualta,10,Baix Empordà,2025,,,,,,0,missing,gencat_housing_sales_2025,,2026-08-21T21:48:17Z,0.2.0,not_published,,engineering_pending,0,100,0,,official,default,false
170828,Guils de Cerdanya,15,Cerdanya,2025,,,,,,0,missing,gencat_housing_sales_2025,,2026-08-21T21:48:17Z,0.2.0,not_published,,engineering_pending,0,100,0,,official,default,false
170834,Hostalric,34,Selva,2025,40,102.58,141570.13,1474.71,22.9619,100,municipality,gencat_housing_sales_2025,,2026-08-21T21:48:17Z,0.2.0,,,complete,22.9619,22.9619,100,,official,default,true
170849,Isòvol,15,Cerdanya,2025,,,,,,0,missing,gencat_housing_sales_2025,,2026-08-21T21:48:17Z,0.2.0,not_published,,engineering_pending,0,100,0,,official,default,false
170852,Jafre,10,Baix Empordà,2025,,,,,,0,missing,gencat_housing_sales_2025,,2026-08-21T21:48:17Z,0.2.0,not_published,,engineering_pending,0,100,0,,official,default,false
170865,la Jonquera,02,Alt Empordà,2025,41,90.03,98460.42,1118.96,9.5582,100,municipality,gencat_housing_sales_2025,,2026-08-21T21:48:17Z,0.2.0,,,complete,9.5582,9.5582,100,,official,default,true
170871,Juià,20,Gironès,2025,,,,,,0,missing,gencat_housing_sales_2025,,2026-08-21T21:48:17Z,0.2.0,not_published,,engineering_pending,0,100,0,,official,default,false
170887,Lladó,02,Alt Empordà,2025,,,,,,0,missing,gencat_housing_sales_2025,,2026-08-21T21:48:17Z,0.2.0,not_published,,engineering_pending,0,100,0,,official,default,false
170890,Llagostera,20,Gironès,2025,86,118.95,162669.69,1519.01,24.631,100,municipality,gencat_housing_sales_2025,,2026-08-21T21:48:17Z,0.2.0,,,complete,24.631,24.631,100,,official,default,true
170904,Llambilles,20,Gironès,2025,,,,,,0,missing,gencat_housing_sales_2025,,2026-08-21T21:48:17Z,0.2.0,not_published,,engineering_pending,0,100,0,,official,default,false
170911,Llanars,31,Ripollès,2025,,,,,,0,missing,gencat_housing_sales_2025,,2026-08-21T21:48:17Z,0.2.0,not_published,,engineering_pending,0,100,0,,official,default,false
170926,Llançà,02,Alt Empordà,2025,168,85.77,209715.86,2791.6,72.5784,100,municipality,gencat_housing_sales_2025,,2026-08-21T21:48:17Z,0.2.0,,,complete,72.5784,72.5784,100,,official,default,true
170932,Llers,02,Alt Empordà,2025,,,,,,0,missing,gencat_housing_sales_2025,,2026-08-21T21:48:17Z,0.2.0,not_published,,engineering_pending,0,100,0,,official,default,false
170947,Llívia,15,Cerdanya,2025,,,,,,0,missing,gencat_housing_sales_2025,,2026-08-21T21:48:17Z,0.2.0,not_published,,engineering_pending,0,100,0,,official,default,false
170950,Lloret de Mar,34,Selva,2025,701,92.82,190231.38,2306.98,54.3194,100,municipality,gencat_housing_sales_2025,,2026-08-21T21:48:17Z,0.2.0,,,complete,54.3194,54.3194,100,,official,default,true
170963,les Llosses,31,Ripollès,2025,,,,,,0,missing,gencat_housing_sales_2025,,2026-08-21T21:48:17Z,0.2.0,not_published,,engineering_pending,0,100,0,,official,default,false
170979,Madremanya,20,Gironès,2025,,,,,,0,missing,gencat_housing_sales_2025,,2026-08-21T21:48:17Z,0.2.0,not_published,,engineering_pending,0,100,0,,official,default,false
170985,Maià de Montcal,19,Garrotxa,2025,,,,,,0,missing,gencat_housing_sales_2025,,2026-08-21T21:48:17Z,0.2.0,not_published,,engineering_pending,0,100,0,,official,default,false
170998,Meranges,15,Cerdanya,2025,,,,,,0,missing,gencat_housing_sales_2025,,2026-08-21T21:48:17Z,0.2.0,not_published,,engineering_pending,0,100,0,,official,default,false
171002,Masarac i Vilarnadal,02,Alt Empordà,2025,,,,,,0,missing,gencat_housing_sales_2025,,2026-08-21T21:48:17Z,0.2.0,not_published,,engineering_pending,0,100,0,,official,default,false
171019,Massanes,34,Selva,2025,,,,,,0,missing,gencat_housing_sales_2025,,2026-08-21T21:48:17Z,0.2.0,not_published,,engineering_pending,0,100,0,,official,default,false
171024,Maçanet de Cabrenys,02,Alt Empordà,2025,,,,,,0,missing,gencat_housing_sales_2025,,2026-08-21T21:48:17Z,0.2.0,not_published,,engineering_pending,0,100,0,,official,default,false
171030,Maçanet de la Selva,34,Selva,2025,136,150.79,191178.01,1479.14,23.1288,100,municipality,gencat_housing_sales_2025,,2026-08-21T21:48:17Z,0.2.0,,,complete,23.1288,23.1288,100,,official,default,true
171058,Mieres,19,Garrotxa,2025,,,,,,0,missing,gencat_housing_sales_2025,,2026-08-21T21:48:17Z,0.2.0,not_published,,engineering_pending,0,100,0,,official,default,false
171061,Mollet de Peralada,02,Alt Empordà,2025,,,,,,0,missing,gencat_housing_sales_2025,,2026-08-21T21:48:17Z,0.2.0,not_published,,engineering_pending,0,100,0,,official,default,false
171077,Molló,31,Ripollès,2025,,,,,,0,missing,gencat_housing_sales_2025,,2026-08-21T21:48:17Z,0.2.0,not_published,,engineering_pending,0,100,0,,official,default,false
171096,Montagut i Oix,19,Garrotxa,2025,,,,,,0,missing,gencat_housing_sales_2025,,2026-08-21T21:48:17Z,0.2.0,not_published,,engineering_pending,0,100,0,,official,default,false
171100,Mont-ras,10,Baix Empordà,2025,,,,,,0,missing,gencat_housing_sales_2025,,2026-08-21T21:48:17Z,0.2.0,not_published,,engineering_pending,0,100,0,,official,default,false
171117,Navata,02,Alt Empordà,2025,,,,,,0,missing,gencat_housing_sales_2025,,2026-08-21T21:48:17Z,0.2.0,not_published,,engineering_pending,0,100,0,,official,default,false
171122,Ogassa,31,Ripollès,2025,,,,,,0,missing,gencat_housing_sales_2025,,2026-08-21T21:48:17Z,0.2.0,not_published,,engineering_pending,0,100,0,,official,default,false
171143,Olot,19,Garrotxa,2025,250,92.04,150370.46,1722.97,32.3156,100,municipality,gencat_housing_sales_2025,,2026-08-21T21:48:17Z,0.2.0,,,complete,32.3156,32.3156,100,,official,default,true
171156,Ordis,02,Alt Empordà,2025,,,,,,0,missing,gencat_housing_sales_2025,,2026-08-21T21:48:17Z,0.2.0,not_published,,engineering_pending,0,100,0,,official,default,false
171169,Osor,34,Selva,2025,,,,,,0,missing,gencat_housing_sales_2025,,2026-08-21T21:48:17Z,0.2.0,not_published,,engineering_pending,0,100,0,,official,default,false
171175,Palafrugell,10,Baix Empordà,2025,410,109.2,316241.19,2956.17,78.779,100,municipality,gencat_housing_sales_2025,,2026-08-21T21:48:17Z,0.2.0,,,complete,78.779,78.779,100,,official,default,true
171181,Palamós,10,Baix Empordà,2025,296,83.54,242980.59,3120.41,84.967,100,municipality,gencat_housing_sales_2025,,2026-08-21T21:48:17Z,0.2.0,,,complete,84.967,84.967,100,,official,default,true
171194,Palau de Santa Eulàlia,02,Alt Empordà,2025,,,,,,0,missing,gencat_housing_sales_2025,,2026-08-21T21:48:17Z,0.2.0,not_published,,engineering_pending,0,100,0,,official,default,false
171208,Palau-saverdera,02,Alt Empordà,2025,,,,,,0,missing,gencat_housing_sales_2025,,2026-08-21T21:48:17Z,0.2.0,not_published,,engineering_pending,0,100,0,,official,default,false
171215,Palau-sator,10,Baix Empordà,2025,,,,,,0,missing,gencat_housing_sales_2025,,2026-08-21T21:48:17Z,0.2.0,not_published,,engineering_pending,0,100,0,,official,default,false
171236,Palol de Revardit,28,Pla de l'Estany,2025,,,,,,0,missing,gencat_housing_sales_2025,,2026-08-21T21:48:17Z,0.2.0,not_published,,engineering_pending,0,100,0,,official,default,false
171241,Pals,10,Baix Empordà,2025,63,137.17,383589.64,2921.15,77.4595,100,municipality,gencat_housing_sales_2025,,2026-08-21T21:48:17Z,0.2.0,,,complete,77.4595,77.4595,100,,official,default,true
171254,Pardines,31,Ripollès,2025,,,,,,0,missing,gencat_housing_sales_2025,,2026-08-21T21:48:17Z,0.2.0,not_published,,engineering_pending,0,100,0,,official,default,false
171267,Parlavà,10,Baix Empordà,2025,,,,,,0,missing,gencat_housing_sales_2025,,2026-08-21T21:48:17Z,0.2.0,not_published,,engineering_pending,0,100,0,,official,default,false
171289,Pau,02,Alt Empordà,2025,,,,,,0,missing,gencat_housing_sales_2025,,2026-08-21T21:48:17Z,0.2.0,not_published,,engineering_pending,0,100,0,,official,default,false
171292,Pedret i Marzà,02,Alt Empordà,2025,,,,,,0,missing,gencat_housing_sales_2025,,2026-08-21T21:48:17Z,0.2.0,not_published,,engineering_pending,0,100,0,,official,default,false
171306,la Pera,10,Baix Empordà,2025,,,,,,0,missing,gencat_housing_sales_2025,,2026-08-21T21:48:17Z,0.2.0,not_published,,engineering_pending,0,100,0,,official,default,false
171328,Peralada,02,Alt Empordà,2025,38,222.35,386508.17,1899.02,38.9486,100,municipality,gencat_housing_sales_2025,,2026-08-21T21:48:17Z,0.2.0,,,complete,38.9486,38.9486,100,,official,default,true
171334,les Planes d'Hostoles,19,Garrotxa,2025,,,,,,0,missing,gencat_housing_sales_2025,,2026-08-21T21:48:17Z,0.2.0,not_published,,engineering_pending,0,100,0,,official,default,false
171349,Planoles,31,Ripollès,2025,,,,,,0,missing,gencat_housing_sales_2025,,2026-08-21T21:48:17Z,0.2.0,not_published,,engineering_pending,0,100,0,,official,default,false
171352,Pont de Molins,02,Alt Empordà,2025,,,,,,0,missing,gencat_housing_sales_2025,,2026-08-21T21:48:17Z,0.2.0,not_published,,engineering_pending,0,100,0,,official,default,false
171365,Pontós,02,Alt Empordà,2025,,,,,,0,missing,gencat_housing_sales_2025,,2026-08-21T21:48:17Z,0.2.0,not_published,,engineering_pending,0,100,0,,official,default,false
171371,Porqueres,28,Pla de l'Estany,2025,26,136,273078.79,2147.14,48.2971,100,municipality,gencat_housing_sales_2025,,2026-08-21T21:48:17Z,0.2.0,,,complete,48.2971,48.2971,100,,official,default,true
171387,Portbou,02,Alt Empordà,2025,,,,,,0,missing,gencat_housing_sales_2025,,2026-08-21T21:48:17Z,0.2.0,not_published,,engineering_pending,0,100,0,,official,default,false
171390,les Preses,19,Garrotxa,2025,,,,,,0,missing,gencat_housing_sales_2025,,2026-08-21T21:48:17Z,0.2.0,not_published,,engineering_pending,0,100,0,,official,default,false
171404,el Port de la Selva,02,Alt Empordà,2025,,,,,,0,missing,gencat_housing_sales_2025,,2026-08-21T21:48:17Z,0.2.0,not_published,,engineering_pending,0,100,0,,official,default,false
171411,Puigcerdà,15,Cerdanya,2025,93,95.93,269347.23,2895.21,76.4822,100,municipality,gencat_housing_sales_2025,,2026-08-21T21:48:17Z,0.2.0,,,complete,76.4822,76.4822,100,,official,default,true
171426,Quart,20,Gironès,2025,20,150,334122.44,2273.89,53.0726,100,municipality,gencat_housing_sales_2025,,2026-08-21T21:48:17Z,0.2.0,,,complete,53.0726,53.0726,100,,official,default,true
171432,Rabós,02,Alt Empordà,2025,,,,,,0,missing,gencat_housing_sales_2025,,2026-08-21T21:48:17Z,0.2.0,not_published,,engineering_pending,0,100,0,,official,default,false
171447,Regencós,10,Baix Empordà,2025,,,,,,0,missing,gencat_housing_sales_2025,,2026-08-21T21:48:17Z,0.2.0,not_published,,engineering_pending,0,100,0,,official,default,false
171450,Ribes de Freser,31,Ripollès,2025,,,,,,0,missing,gencat_housing_sales_2025,,2026-08-21T21:48:17Z,0.2.0,not_published,,engineering_pending,0,100,0,,official,default,false
171463,Riells i Viabrea,34,Selva,2025,82,162.51,228941.47,1551.74,25.8641,100,municipality,gencat_housing_sales_2025,,2026-08-21T21:48:17Z,0.2.0,,,complete,25.8641,25.8641,100,,official,default,true
171479,Ripoll,31,Ripollès,2025,103,88.36,95745.52,1061.92,7.4091,100,municipality,gencat_housing_sales_2025,,2026-08-21T21:48:17Z,0.2.0,,,complete,7.4091,7.4091,100,,official,default,true
171485,Riudarenes,34,Selva,2025,51,128.4,158972.59,1382.74,19.4967,100,municipality,gencat_housing_sales_2025,,2026-08-21T21:48:17Z,0.2.0,,,complete,19.4967,19.4967,100,,official,default,true
171498,Riudaura,19,Garrotxa,2025,,,,,,0,missing,gencat_housing_sales_2025,,2026-08-21T21:48:17Z,0.2.0,not_published,,engineering_pending,0,100,0,,official,default,false
171501,Riudellots de la Selva,34,Selva,2025,11,95.9,212200,2199.32,50.2631,100,municipality,gencat_housing_sales_2025,,2026-08-21T21:48:17Z,0.2.0,,,complete,50.2631,50.2631,100,,official,default,true
171518,Riumors,02,Alt Empordà,2025,,,,,,0,missing,gencat_housing_sales_2025,,2026-08-21T21:48:17Z,0.2.0,not_published,,engineering_pending,0,100,0,,official,default,false
171523,Roses,02,Alt Empordà,2025,958,71.92,206429.19,3091.23,83.8676,100,municipality,gencat_housing_sales_2025,,2026-08-21T21:48:17Z,0.2.0,,,complete,83.8676,83.8676,100,,official,default,true
171539,Rupià,10,Baix Empordà,2025,,,,,,0,missing,gencat_housing_sales_2025,,2026-08-21T21:48:17Z,0.2.0,not_published,,engineering_pending,0,100,0,,official,default,false
171544,Sales de Llierca,19,Garrotxa,2025,,,,,,0,missing,gencat_housing_sales_2025,,2026-08-21T21:48:17Z,0.2.0,not_published,,engineering_pending,0,100,0,,official,default,false
171557,Salt,20,Gironès,2025,382,84.81,110285.94,1286.42,15.8676,100,municipality,gencat_housing_sales_2025,,2026-08-21T21:48:17Z,0.2.0,,,complete,15.8676,15.8676,100,,official,default,true
171576,Sant Andreu Salou,20,Gironès,2025,,,,,,0,missing,gencat_housing_sales_2025,,2026-08-21T21:48:17Z,0.2.0,not_published,,engineering_pending,0,100,0,,official,default,false
171582,Sant Climent Sescebes,02,Alt Empordà,2025,,,,,,0,missing,gencat_housing_sales_2025,,2026-08-21T21:48:17Z,0.2.0,not_published,,engineering_pending,0,100,0,,official,default,false
171595,Sant Feliu de Buixalleu,34,Selva,2025,,,,,,0,missing,gencat_housing_sales_2025,,2026-08-21T21:48:17Z,0.2.0,not_published,,engineering_pending,0,100,0,,official,default,false
171609,Sant Feliu de Guíxols,10,Baix Empordà,2025,322,100.5,291511.71,2780.69,72.1674,100,municipality,gencat_housing_sales_2025,,2026-08-21T21:48:17Z,0.2.0,,,complete,72.1674,72.1674,100,,official,default,true
171616,Sant Feliu de Pallerols,19,Garrotxa,2025,,,,,,0,missing,gencat_housing_sales_2025,,2026-08-21T21:48:17Z,0.2.0,not_published,,engineering_pending,0,100,0,,official,default,false
171621,Sant Ferriol,19,Garrotxa,2025,,,,,,0,missing,gencat_housing_sales_2025,,2026-08-21T21:48:17Z,0.2.0,not_published,,engineering_pending,0,100,0,,official,default,false
171637,Sant Gregori,20,Gironès,2025,8,154.63,465142.86,2822.47,73.7415,100,municipality,gencat_housing_sales_2025,,2026-08-21T21:48:17Z,0.2.0,,,complete,73.7415,73.7415,100,,official,default,true
171642,Sant Hilari Sacalm,34,Selva,2025,70,94.83,93803.24,1031.01,6.2445,100,municipality,gencat_housing_sales_2025,,2026-08-21T21:48:17Z,0.2.0,,,complete,6.2445,6.2445,100,,official,default,true
171655,Sant Jaume de Llierca,19,Garrotxa,2025,,,,,,0,missing,gencat_housing_sales_2025,,2026-08-21T21:48:17Z,0.2.0,not_published,,engineering_pending,0,100,0,,official,default,false
171668,Sant Jordi Desvalls,20,Gironès,2025,,,,,,0,missing,gencat_housing_sales_2025,,2026-08-21T21:48:17Z,0.2.0,not_published,,engineering_pending,0,100,0,,official,default,false
171674,Sant Joan de les Abadesses,31,Ripollès,2025,31,90.62,106786.49,1198.84,12.5679,100,municipality,gencat_housing_sales_2025,,2026-08-21T21:48:17Z,0.2.0,,,complete,12.5679,12.5679,100,,official,default,true
171680,Sant Joan de Mollet,20,Gironès,2025,,,,,,0,missing,gencat_housing_sales_2025,,2026-08-21T21:48:17Z,0.2.0,not_published,,engineering_pending,0,100,0,,official,default,false
171693,Sant Julià de Ramis,20,Gironès,2025,15,192.86,353597.34,1927.14,40.0081,100,municipality,gencat_housing_sales_2025,,2026-08-21T21:48:17Z,0.2.0,,,complete,40.0081,40.0081,100,,official,default,true
171707,Vallfogona de Ripollès,31,Ripollès,2025,,,,,,0,missing,gencat_housing_sales_2025,,2026-08-21T21:48:17Z,0.2.0,not_published,,engineering_pending,0,100,0,,official,default,false
171714,Sant Llorenç de la Muga,02,Alt Empordà,2025,,,,,,0,missing,gencat_housing_sales_2025,,2026-08-21T21:48:17Z,0.2.0,not_published,,engineering_pending,0,100,0,,official,default,false
171729,Sant Martí de Llémena,20,Gironès,2025,,,,,,0,missing,gencat_housing_sales_2025,,2026-08-21T21:48:17Z,0.2.0,not_published,,engineering_pending,0,100,0,,official,default,false
171735,Sant Martí Vell,20,Gironès,2025,,,,,,0,missing,gencat_housing_sales_2025,,2026-08-21T21:48:17Z,0.2.0,not_published,,engineering_pending,0,100,0,,official,default,false
171740,Sant Miquel de Campmajor,28,Pla de l'Estany,2025,,,,,,0,missing,gencat_housing_sales_2025,,2026-08-21T21:48:17Z,0.2.0,not_published,,engineering_pending,0,100,0,,official,default,false
171753,Sant Miquel de Fluvià,02,Alt Empordà,2025,,,,,,0,missing,gencat_housing_sales_2025,,2026-08-21T21:48:17Z,0.2.0,not_published,,engineering_pending,0,100,0,,official,default,false
171766,Sant Mori,02,Alt Empordà,2025,,,,,,0,missing,gencat_housing_sales_2025,,2026-08-21T21:48:17Z,0.2.0,not_published,,engineering_pending,0,100,0,,official,default,false
171772,Sant Pau de Segúries,31,Ripollès,2025,,,,,,0,missing,gencat_housing_sales_2025,,2026-08-21T21:48:17Z,0.2.0,not_published,,engineering_pending,0,100,0,,official,default,false
171788,Sant Pere Pescador,02,Alt Empordà,2025,38,105.94,159363.84,1670.4,30.3349,100,municipality,gencat_housing_sales_2025,,2026-08-21T21:48:17Z,0.2.0,,,complete,30.3349,30.3349,100,,official,default,true
171805,Santa Coloma de Farners,34,Selva,2025,142,111.41,156344.5,1528.03,24.9708,100,municipality,gencat_housing_sales_2025,,2026-08-21T21:48:17Z,0.2.0,,,complete,24.9708,24.9708,100,,official,default,true
171812,Santa Cristina d'Aro,10,Baix Empordà,2025,121,147.9,351674.86,2471.78,60.5286,100,municipality,gencat_housing_sales_2025,,2026-08-21T21:48:17Z,0.2.0,,,complete,60.5286,60.5286,100,,official,default,true
171827,Santa Llogaia d'Àlguema,02,Alt Empordà,2025,,,,,,0,missing,gencat_housing_sales_2025,,2026-08-21T21:48:17Z,0.2.0,not_published,,engineering_pending,0,100,0,,official,default,false
171833,Sant Aniol de Finestres,19,Garrotxa,2025,,,,,,0,missing,gencat_housing_sales_2025,,2026-08-21T21:48:17Z,0.2.0,not_published,,engineering_pending,0,100,0,,official,default,false
171848,Santa Pau,19,Garrotxa,2025,,,,,,0,missing,gencat_housing_sales_2025,,2026-08-21T21:48:17Z,0.2.0,not_published,,engineering_pending,0,100,0,,official,default,false
171851,Sant Joan les Fonts,19,Garrotxa,2025,27,91.35,183600,2037.59,44.1695,100,municipality,gencat_housing_sales_2025,,2026-08-21T21:48:17Z,0.2.0,,,complete,44.1695,44.1695,100,,official,default,true
171864,Sarrià de Ter,20,Gironès,2025,34,97.88,211206.7,2308.56,54.3789,100,municipality,gencat_housing_sales_2025,,2026-08-21T21:48:17Z,0.2.0,,,complete,54.3789,54.3789,100,,official,default,true
171870,"Saus, Camallera i Llampaies",02,Alt Empordà,2025,,,,,,0,missing,gencat_housing_sales_2025,,2026-08-21T21:48:17Z,0.2.0,not_published,,engineering_pending,0,100,0,,official,default,false
171886,la Selva de Mar,02,Alt Empordà,2025,,,,,,0,missing,gencat_housing_sales_2025,,2026-08-21T21:48:17Z,0.2.0,not_published,,engineering_pending,0,100,0,,official,default,false
171899,la Cellera de Ter,34,Selva,2025,14,162.17,147083.33,929.52,2.4207,100,municipality,gencat_housing_sales_2025,,2026-08-21T21:48:17Z,0.2.0,,,complete,2.4207,2.4207,100,,official,default,true
171903,Serinyà,28,Pla de l'Estany,2025,,,,,,0,missing,gencat_housing_sales_2025,,2026-08-21T21:48:17Z,0.2.0,not_published,,engineering_pending,0,100,0,,official,default,false
171910,Serra de Daró,10,Baix Empordà,2025,,,,,,0,missing,gencat_housing_sales_2025,,2026-08-21T21:48:17Z,0.2.0,not_published,,engineering_pending,0,100,0,,official,default,false
171925,Setcases,31,Ripollès,2025,,,,,,0,missing,gencat_housing_sales_2025,,2026-08-21T21:48:17Z,0.2.0,not_published,,engineering_pending,0,100,0,,official,default,false
171931,Sils,34,Selva,2025,85,141.17,229612.65,1943.21,40.6136,100,municipality,gencat_housing_sales_2025,,2026-08-21T21:48:17Z,0.2.0,,,complete,40.6136,40.6136,100,,official,default,true
171946,Susqueda,34,Selva,2025,,,,,,0,missing,gencat_housing_sales_2025,,2026-08-21T21:48:17Z,0.2.0,not_published,,engineering_pending,0,100,0,,official,default,false
171959,la Tallada d'Empordà,10,Baix Empordà,2025,,,,,,0,missing,gencat_housing_sales_2025,,2026-08-21T21:48:17Z,0.2.0,not_published,,engineering_pending,0,100,0,,official,default,false
171962,Terrades,02,Alt Empordà,2025,,,,,,0,missing,gencat_housing_sales_2025,,2026-08-21T21:48:17Z,0.2.0,not_published,,engineering_pending,0,100,0,,official,default,false
171978,Torrent,10,Baix Empordà,2025,,,,,,0,missing,gencat_housing_sales_2025,,2026-08-21T21:48:17Z,0.2.0,not_published,,engineering_pending,0,100,0,,official,default,false
171984,Torroella de Fluvià,02,Alt Empordà,2025,,,,,,0,missing,gencat_housing_sales_2025,,2026-08-21T21:48:17Z,0.2.0,not_published,,engineering_pending,0,100,0,,official,default,false
171997,Torroella de Montgrí,10,Baix Empordà,2025,279,92.71,197447.13,2363.25,56.4395,100,municipality,gencat_housing_sales_2025,,2026-08-21T21:48:17Z,0.2.0,,,complete,56.4395,56.4395,100,,official,default,true
172001,Tortellà,19,Garrotxa,2025,,,,,,0,missing,gencat_housing_sales_2025,,2026-08-21T21:48:17Z,0.2.0,not_published,,engineering_pending,0,100,0,,official,default,false
172018,Toses,31,Ripollès,2025,,,,,,0,missing,gencat_housing_sales_2025,,2026-08-21T21:48:17Z,0.2.0,not_published,,engineering_pending,0,100,0,,official,default,false
172023,Tossa de Mar,34,Selva,2025,178,73.91,215429.84,3142.62,85.8039,100,municipality,gencat_housing_sales_2025,,2026-08-21T21:48:17Z,0.2.0,,,complete,85.8039,85.8039,100,,official,default,true
172039,Ultramort,10,Baix Empordà,2025,,,,,,0,missing,gencat_housing_sales_2025,,2026-08-21T21:48:17Z,0.2.0,not_published,,engineering_pending,0,100,0,,official,default,false
172044,Ullà,10,Baix Empordà,2025,,,,,,0,missing,gencat_housing_sales_2025,,2026-08-21T21:48:17Z,0.2.0,not_published,,engineering_pending,0,100,0,,official,default,false
172057,Ullastret,10,Baix Empordà,2025,,,,,,0,missing,gencat_housing_sales_2025,,2026-08-21T21:48:17Z,0.2.0,not_published,,engineering_pending,0,100,0,,official,default,false
172060,Urús,15,Cerdanya,2025,,,,,,0,missing,gencat_housing_sales_2025,,2026-08-21T21:48:17Z,0.2.0,not_published,,engineering_pending,0,100,0,,official,default,false
172076,la Vall d'en Bas,19,Garrotxa,2025,14,137.17,198916.67,1925,39.9275,100,municipality,gencat_housing_sales_2025,,2026-08-21T21:48:17Z,0.2.0,,,complete,39.9275,39.9275,100,,official,default,true
172082,la Vall de Bianya,19,Garrotxa,2025,,,,,,0,missing,gencat_housing_sales_2025,,2026-08-21T21:48:17Z,0.2.0,not_published,,engineering_pending,0,100,0,,official,default,false
172095,Vall-llobrega,10,Baix Empordà,2025,,,,,,0,missing,gencat_housing_sales_2025,,2026-08-21T21:48:17Z,0.2.0,not_published,,engineering_pending,0,100,0,,official,default,false
172109,Ventalló,02,Alt Empordà,2025,,,,,,0,missing,gencat_housing_sales_2025,,2026-08-21T21:48:17Z,0.2.0,not_published,,engineering_pending,0,100,0,,official,default,false
172116,Verges,10,Baix Empordà,2025,,,,,,0,missing,gencat_housing_sales_2025,,2026-08-21T21:48:17Z,0.2.0,not_published,,engineering_pending,0,100,0,,official,default,false
172121,Vidrà,24,Osona,2025,,,,,,0,missing,gencat_housing_sales_2025,,2026-08-21T21:48:17Z,0.2.0,not_published,,engineering_pending,0,100,0,,official,default,false
172137,Vidreres,34,Selva,2025,103,143.84,201570.02,1562.94,26.2861,100,municipality,gencat_housing_sales_2025,,2026-08-21T21:48:17Z,0.2.0,,,complete,26.2861,26.2861,100,,official,default,true
172142,Vilabertran,02,Alt Empordà,2025,,,,,,0,missing,gencat_housing_sales_2025,,2026-08-21T21:48:17Z,0.2.0,not_published,,engineering_pending,0,100,0,,official,default,false
172155,Vilablareix,20,Gironès,2025,13,155.5,369000,2999.84,80.4243,100,municipality,gencat_housing_sales_2025,,2026-08-21T21:48:17Z,0.2.0,,,complete,80.4243,80.4243,100,,official,default,true
172168,Viladasens,20,Gironès,2025,,,,,,0,missing,gencat_housing_sales_2025,,2026-08-21T21:48:17Z,0.2.0,not_published,,engineering_pending,0,100,0,,official,default,false
172174,Viladamat,02,Alt Empordà,2025,,,,,,0,missing,gencat_housing_sales_2025,,2026-08-21T21:48:17Z,0.2.0,not_published,,engineering_pending,0,100,0,,official,default,false
172180,Vilademuls,28,Pla de l'Estany,2025,,,,,,0,missing,gencat_housing_sales_2025,,2026-08-21T21:48:17Z,0.2.0,not_published,,engineering_pending,0,100,0,,official,default,false
172207,Viladrau,24,Osona,2025,,,,,,0,missing,gencat_housing_sales_2025,,2026-08-21T21:48:17Z,0.2.0,not_published,,engineering_pending,0,100,0,,official,default,false
172214,Vilafant,02,Alt Empordà,2025,26,160.86,264860.15,1712.96,31.9384,100,municipality,gencat_housing_sales_2025,,2026-08-21T21:48:17Z,0.2.0,,,complete,31.9384,31.9384,100,,official,default,true
172229,Vilaür,02,Alt Empordà,2025,,,,,,0,missing,gencat_housing_sales_2025,,2026-08-21T21:48:17Z,0.2.0,not_published,,engineering_pending,0,100,0,,official,default,false
172235,Vilajuïga,02,Alt Empordà,2025,,,,,,0,missing,gencat_housing_sales_2025,,2026-08-21T21:48:17Z,0.2.0,not_published,,engineering_pending,0,100,0,,official,default,false
172240,Vilallonga de Ter,31,Ripollès,2025,,,,,,0,missing,gencat_housing_sales_2025,,2026-08-21T21:48:17Z,0.2.0,not_published,,engineering_pending,0,100,0,,official,default,false
172253,Vilamacolum,02,Alt Empordà,2025,,,,,,0,missing,gencat_housing_sales_2025,,2026-08-21T21:48:17Z,0.2.0,not_published,,engineering_pending,0,100,0,,official,default,false
172266,Vilamalla,02,Alt Empordà,2025,,,,,,0,missing,gencat_housing_sales_2025,,2026-08-21T21:48:17Z,0.2.0,not_published,,engineering_pending,0,100,0,,official,default,false
172272,Vilamaniscle,02,Alt Empordà,2025,,,,,,0,missing,gencat_housing_sales_2025,,2026-08-21T21:48:17Z,0.2.0,not_published,,engineering_pending,0,100,0,,official,default,false
172288,Vilanant,02,Alt Empordà,2025,,,,,,0,missing,gencat_housing_sales_2025,,2026-08-21T21:48:17Z,0.2.0,not_published,,engineering_pending,0,100,0,,official,default,false
172305,Vila-sacra,02,Alt Empordà,2025,,,,,,0,missing,gencat_housing_sales_2025,,2026-08-21T21:48:17Z,0.2.0,not_published,,engineering_pending,0,100,0,,official,default,false
172327,Vilopriu,10,Baix Empordà,2025,,,,,,0,missing,gencat_housing_sales_2025,,2026-08-21T21:48:17Z,0.2.0,not_published,,engineering_pending,0,100,0,,official,default,false
172333,Vilobí d'Onyar,34,Selva,2025,25,172.73,289586.36,1778.79,34.4187,100,municipality,gencat_housing_sales_2025,,2026-08-21T21:48:17Z,0.2.0,,,complete,34.4187,34.4187,100,,official,default,true
172348,Biure,02,Alt Empordà,2025,,,,,,0,missing,gencat_housing_sales_2025,,2026-08-21T21:48:17Z,0.2.0,not_published,,engineering_pending,0,100,0,,official,default,false
179011,"Cruïlles, Monells i Sant Sadurní de l'Heura",10,Baix Empordà,2025,,,,,,0,missing,gencat_housing_sales_2025,,2026-08-21T21:48:17Z,0.2.0,not_published,,engineering_pending,0,100,0,,official,default,false
179026,Forallac,10,Baix Empordà,2025,,,,,,0,missing,gencat_housing_sales_2025,,2026-08-21T21:48:17Z,0.2.0,not_published,,engineering_pending,0,100,0,,official,default,false
179032,Sant Julià del Llor i Bonmatí,34,Selva,2025,,,,,,0,missing,gencat_housing_sales_2025,,2026-08-21T21:48:17Z,0.2.0,not_published,,engineering_pending,0,100,0,,official,default,false
250019,Abella de la Conca,25,Pallars Jussà,2025,,,,,,0,missing,gencat_housing_sales_2025,,2026-08-21T21:48:17Z,0.2.0,not_published,,engineering_pending,0,100,0,,official,default,false
250024,Àger,23,Noguera,2025,,,,,,0,missing,gencat_housing_sales_2025,,2026-08-21T21:48:17Z,0.2.0,not_published,,engineering_pending,0,100,0,,official,default,false
250030,Agramunt,38,Urgell,2025,67,100.57,87598.85,866.16,0.0335,100,municipality,gencat_housing_sales_2025,,2026-08-21T21:48:17Z,0.2.0,,,complete,0.0335,0.0335,100,,official,default,true
250045,els Alamús,33,Segrià,2025,,,,,,0,missing,gencat_housing_sales_2025,,2026-08-21T21:48:17Z,0.2.0,not_published,,engineering_pending,0,100,0,,official,default,false
250058,Alàs i Cerc,04,Alt Urgell,2025,,,,,,0,missing,gencat_housing_sales_2025,,2026-08-21T21:48:17Z,0.2.0,not_published,,engineering_pending,0,100,0,,official,default,false
250061,l'Albagés,18,Garrigues,2025,,,,,,0,missing,gencat_housing_sales_2025,,2026-08-21T21:48:17Z,0.2.0,not_published,,engineering_pending,0,100,0,,official,default,false
250077,Albatàrrec,33,Segrià,2025,51,121.09,81682.83,641.7,0,100,municipality,gencat_housing_sales_2025,,2026-08-21T21:48:17Z,0.2.0,,,complete,0,0,100,,official,default,true
250083,Albesa,23,Noguera,2025,,,,,,0,missing,gencat_housing_sales_2025,,2026-08-21T21:48:17Z,0.2.0,not_published,,engineering_pending,0,100,0,,official,default,false
250096,l'Albi,18,Garrigues,2025,,,,,,0,missing,gencat_housing_sales_2025,,2026-08-21T21:48:17Z,0.2.0,not_published,,engineering_pending,0,100,0,,official,default,false
250100,Alcanó,33,Segrià,2025,,,,,,0,missing,gencat_housing_sales_2025,,2026-08-21T21:48:17Z,0.2.0,not_published,,engineering_pending,0,100,0,,official,default,false
250117,Alcarràs,33,Segrià,2025,84,101.38,100005.33,1038.07,6.5105,100,municipality,gencat_housing_sales_2025,,2026-08-21T21:48:17Z,0.2.0,,,complete,6.5105,6.5105,100,,official,default,true
250122,Alcoletge,33,Segrià,2025,26,145.45,136029.55,975.85,4.1663,100,municipality,gencat_housing_sales_2025,,2026-08-21T21:48:17Z,0.2.0,,,complete,4.1663,4.1663,100,,official,default,true
250138,Alfarràs,33,Segrià,2025,18,103.67,76593.75,774.31,0,100,municipality,gencat_housing_sales_2025,,2026-08-21T21:48:17Z,0.2.0,,,complete,0,0,100,,official,default,true
250143,Alfés,33,Segrià,2025,,,,,,0,missing,gencat_housing_sales_2025,,2026-08-21T21:48:17Z,0.2.0,not_published,,engineering_pending,0,100,0,,official,default,false
250156,Algerri,23,Noguera,2025,,,,,,0,missing,gencat_housing_sales_2025,,2026-08-21T21:48:17Z,0.2.0,not_published,,engineering_pending,0,100,0,,official,default,false
250169,Alguaire,33,Segrià,2025,25,109.8,90815.73,910,1.6852,100,municipality,gencat_housing_sales_2025,,2026-08-21T21:48:17Z,0.2.0,,,complete,1.6852,1.6852,100,,official,default,true
250175,Alins,26,Pallars Sobirà,2025,,,,,,0,missing,gencat_housing_sales_2025,,2026-08-21T21:48:17Z,0.2.0,not_published,,engineering_pending,0,100,0,,official,default,false
250194,Almacelles,33,Segrià,2025,54,106.35,88132.23,985.04,4.5125,100,municipality,gencat_housing_sales_2025,,2026-08-21T21:48:17Z,0.2.0,,,complete,4.5125,4.5125,100,,official,default,true
250208,Almatret,33,Segrià,2025,,,,,,0,missing,gencat_housing_sales_2025,,2026-08-21T21:48:17Z,0.2.0,not_published,,engineering_pending,0,100,0,,official,default,false
250215,Almenar,33,Segrià,2025,23,99.32,60221.11,644.28,0,100,municipality,gencat_housing_sales_2025,,2026-08-21T21:48:17Z,0.2.0,,,complete,0,0,100,,official,default,true
250220,Alòs de Balaguer,23,Noguera,2025,,,,,,0,missing,gencat_housing_sales_2025,,2026-08-21T21:48:17Z,0.2.0,not_published,,engineering_pending,0,100,0,,official,default,false
250236,Alpicat,33,Segrià,2025,61,181.22,238002.13,1428.3,21.2133,100,municipality,gencat_housing_sales_2025,,2026-08-21T21:48:17Z,0.2.0,,,complete,21.2133,21.2133,100,,official,default,true
250241,Alt Àneu,26,Pallars Sobirà,2025,,,,,,0,missing,gencat_housing_sales_2025,,2026-08-21T21:48:17Z,0.2.0,not_published,,engineering_pending,0,100,0,,official,default,false
250254,Naut Aran,39,Val d'Aran,2025,,,,,,0,missing,gencat_housing_sales_2025,,2026-08-21T21:48:17Z,0.2.0,not_published,,engineering_pending,0,100,0,,official,default,false
250273,Anglesola,38,Urgell,2025,,,,,,0,missing,gencat_housing_sales_2025,,2026-08-21T21:48:17Z,0.2.0,not_published,,engineering_pending,0,100,0,,official,default,false
250292,Arbeca,18,Garrigues,2025,26,132.75,53792.24,442.19,0,100,municipality,gencat_housing_sales_2025,,2026-08-21T21:48:17Z,0.2.0,,,complete,0,0,100,,official,default,true
250306,el Pont de Bar,04,Alt Urgell,2025,,,,,,0,missing,gencat_housing_sales_2025,,2026-08-21T21:48:17Z,0.2.0,not_published,,engineering_pending,0,100,0,,official,default,false
250313,Arres,39,Val d'Aran,2025,,,,,,0,missing,gencat_housing_sales_2025,,2026-08-21T21:48:17Z,0.2.0,not_published,,engineering_pending,0,100,0,,official,default,false
250328,Arsèguel,04,Alt Urgell,2025,,,,,,0,missing,gencat_housing_sales_2025,,2026-08-21T21:48:17Z,0.2.0,not_published,,engineering_pending,0,100,0,,official,default,false
250334,Artesa de Lleida,33,Segrià,2025,,,,,,0,missing,gencat_housing_sales_2025,,2026-08-21T21:48:17Z,0.2.0,not_published,,engineering_pending,0,100,0,,official,default,false
250349,Artesa de Segre,23,Noguera,2025,37,114.43,95474.86,972.11,4.0254,100,municipality,gencat_housing_sales_2025,,2026-08-21T21:48:17Z,0.2.0,,,complete,4.0254,4.0254,100,,official,default,true
250352,la Sentiu de Sió,23,Noguera,2025,,,,,,0,missing,gencat_housing_sales_2025,,2026-08-21T21:48:17Z,0.2.0,not_published,,engineering_pending,0,100,0,,official,default,false
250365,Aspa,33,Segrià,2025,,,,,,0,missing,gencat_housing_sales_2025,,2026-08-21T21:48:17Z,0.2.0,not_published,,engineering_pending,0,100,0,,official,default,false
250371,les Avellanes i Santa Linya,23,Noguera,2025,,,,,,0,missing,gencat_housing_sales_2025,,2026-08-21T21:48:17Z,0.2.0,not_published,,engineering_pending,0,100,0,,official,default,false
250387,Aitona,33,Segrià,2025,15,174.82,92045.45,544.6,0,100,municipality,gencat_housing_sales_2025,,2026-08-21T21:48:17Z,0.2.0,,,complete,0,0,100,,official,default,true
250390,Baix Pallars,26,Pallars Sobirà,2025,,,,,,0,missing,gencat_housing_sales_2025,,2026-08-21T21:48:17Z,0.2.0,not_published,,engineering_pending,0,100,0,,official,default,false
250404,Balaguer,23,Noguera,2025,270,88.84,78116.66,883.18,0.6747,100,municipality,gencat_housing_sales_2025,,2026-08-21T21:48:17Z,0.2.0,,,complete,0.6747,0.6747,100,,official,default,true
250411,Barbens,27,Pla d'Urgell,2025,,,,,,0,missing,gencat_housing_sales_2025,,2026-08-21T21:48:17Z,0.2.0,not_published,,engineering_pending,0,100,0,,official,default,false
250426,la Baronia de Rialb,23,Noguera,2025,,,,,,0,missing,gencat_housing_sales_2025,,2026-08-21T21:48:17Z,0.2.0,not_published,,engineering_pending,0,100,0,,official,default,false
250432,la Vall de Boí,05,Alta Ribagorça,2025,,,,,,0,missing,gencat_housing_sales_2025,,2026-08-21T21:48:17Z,0.2.0,not_published,,engineering_pending,0,100,0,,official,default,false
250447,Bassella,04,Alt Urgell,2025,,,,,,0,missing,gencat_housing_sales_2025,,2026-08-21T21:48:17Z,0.2.0,not_published,,engineering_pending,0,100,0,,official,default,false
250450,Bausen,39,Val d'Aran,2025,,,,,,0,missing,gencat_housing_sales_2025,,2026-08-21T21:48:17Z,0.2.0,not_published,,engineering_pending,0,100,0,,official,default,false
250463,Belianes,38,Urgell,2025,,,,,,0,missing,gencat_housing_sales_2025,,2026-08-21T21:48:17Z,0.2.0,not_published,,engineering_pending,0,100,0,,official,default,false
250479,Bellcaire d'Urgell,23,Noguera,2025,,,,,,0,missing,gencat_housing_sales_2025,,2026-08-21T21:48:17Z,0.2.0,not_published,,engineering_pending,0,100,0,,official,default,false
250485,Bell-lloc d'Urgell,27,Pla d'Urgell,2025,41,118.71,106647.06,1020.5,5.8486,100,municipality,gencat_housing_sales_2025,,2026-08-21T21:48:17Z,0.2.0,,,complete,5.8486,5.8486,100,,official,default,true
250498,Bellmunt d'Urgell,23,Noguera,2025,,,,,,0,missing,gencat_housing_sales_2025,,2026-08-21T21:48:17Z,0.2.0,not_published,,engineering_pending,0,100,0,,official,default,false
250501,Bellpuig,38,Urgell,2025,56,120.91,117675,1083.53,8.2233,100,municipality,gencat_housing_sales_2025,,2026-08-21T21:48:17Z,0.2.0,,,complete,8.2233,8.2233,100,,official,default,true
250518,Bellver de Cerdanya,15,Cerdanya,2025,39,127.86,333433.89,2929.79,77.785,100,municipality,gencat_housing_sales_2025,,2026-08-21T21:48:17Z,0.2.0,,,complete,77.785,77.785,100,,official,default,true
250523,Bellvís,27,Pla d'Urgell,2025,14,145.9,116250,950.33,3.2048,100,municipality,gencat_housing_sales_2025,,2026-08-21T21:48:17Z,0.2.0,,,complete,3.2048,3.2048,100,,official,default,true
250539,Benavent de Segrià,33,Segrià,2025,,,,,,0,missing,gencat_housing_sales_2025,,2026-08-21T21:48:17Z,0.2.0,not_published,,engineering_pending,0,100,0,,official,default,false
250557,Biosca,35,Solsonès,2025,,,,,,0,missing,gencat_housing_sales_2025,,2026-08-21T21:48:17Z,0.2.0,not_published,,engineering_pending,0,100,0,,official,default,false
250560,Bovera,18,Garrigues,2025,,,,,,0,missing,gencat_housing_sales_2025,,2026-08-21T21:48:17Z,0.2.0,not_published,,engineering_pending,0,100,0,,official,default,false
250576,Es Bòrdes,39,Val d'Aran,2025,,,,,,0,missing,gencat_housing_sales_2025,,2026-08-21T21:48:17Z,0.2.0,not_published,,engineering_pending,0,100,0,,official,default,false
250582,les Borges Blanques,18,Garrigues,2025,124,136.55,121894.01,1011.11,5.4948,100,municipality,gencat_housing_sales_2025,,2026-08-21T21:48:17Z,0.2.0,,,complete,5.4948,5.4948,100,,official,default,true
250595,Bossòst,39,Val d'Aran,2025,,,,,,0,missing,gencat_housing_sales_2025,,2026-08-21T21:48:17Z,0.2.0,not_published,,engineering_pending,0,100,0,,official,default,false
250609,Cabanabona,23,Noguera,2025,,,,,,0,missing,gencat_housing_sales_2025,,2026-08-21T21:48:17Z,0.2.0,not_published,,engineering_pending,0,100,0,,official,default,false
250616,Cabó,04,Alt Urgell,2025,,,,,,0,missing,gencat_housing_sales_2025,,2026-08-21T21:48:17Z,0.2.0,not_published,,engineering_pending,0,100,0,,official,default,false
250621,Camarasa,23,Noguera,2025,,,,,,0,missing,gencat_housing_sales_2025,,2026-08-21T21:48:17Z,0.2.0,not_published,,engineering_pending,0,100,0,,official,default,false
250637,Canejan,39,Val d'Aran,2025,,,,,,0,missing,gencat_housing_sales_2025,,2026-08-21T21:48:17Z,0.2.0,not_published,,engineering_pending,0,100,0,,official,default,false
250642,Castellar de la Ribera,35,Solsonès,2025,,,,,,0,missing,gencat_housing_sales_2025,,2026-08-21T21:48:17Z,0.2.0,not_published,,engineering_pending,0,100,0,,official,default,false
250674,Castelldans,18,Garrigues,2025,,,,,,0,missing,gencat_housing_sales_2025,,2026-08-21T21:48:17Z,0.2.0,not_published,,engineering_pending,0,100,0,,official,default,false
250680,Castellnou de Seana,27,Pla d'Urgell,2025,,,,,,0,missing,gencat_housing_sales_2025,,2026-08-21T21:48:17Z,0.2.0,not_published,,engineering_pending,0,100,0,,official,default,false
250693,Castelló de Farfanya,23,Noguera,2025,,,,,,0,missing,gencat_housing_sales_2025,,2026-08-21T21:48:17Z,0.2.0,not_published,,engineering_pending,0,100,0,,official,default,false
250707,Castellserà,38,Urgell,2025,,,,,,0,missing,gencat_housing_sales_2025,,2026-08-21T21:48:17Z,0.2.0,not_published,,engineering_pending,0,100,0,,official,default,false
250714,Cava,04,Alt Urgell,2025,,,,,,0,missing,gencat_housing_sales_2025,,2026-08-21T21:48:17Z,0.2.0,not_published,,engineering_pending,0,100,0,,official,default,false
250729,Cervera,32,Segarra,2025,61,91.38,81101.28,949.85,3.1867,100,municipality,gencat_housing_sales_2025,,2026-08-21T21:48:17Z,0.2.0,,,complete,3.1867,3.1867,100,,official,default,true
250735,Cervià de les Garrigues,18,Garrigues,2025,,,,,,0,missing,gencat_housing_sales_2025,,2026-08-21T21:48:17Z,0.2.0,not_published,,engineering_pending,0,100,0,,official,default,false
250740,Ciutadilla,38,Urgell,2025,,,,,,0,missing,gencat_housing_sales_2025,,2026-08-21T21:48:17Z,0.2.0,not_published,,engineering_pending,0,100,0,,official,default,false
250753,Clariana de Cardener,35,Solsonès,2025,,,,,,0,missing,gencat_housing_sales_2025,,2026-08-21T21:48:17Z,0.2.0,not_published,,engineering_pending,0,100,0,,official,default,false
250766,el Cogul,18,Garrigues,2025,,,,,,0,missing,gencat_housing_sales_2025,,2026-08-21T21:48:17Z,0.2.0,not_published,,engineering_pending,0,100,0,,official,default,false
250772,Coll de Nargó,04,Alt Urgell,2025,,,,,,0,missing,gencat_housing_sales_2025,,2026-08-21T21:48:17Z,0.2.0,not_published,,engineering_pending,0,100,0,,official,default,false
250788,Corbins,33,Segrià,2025,,,,,,0,missing,gencat_housing_sales_2025,,2026-08-21T21:48:17Z,0.2.0,not_published,,engineering_pending,0,100,0,,official,default,false
250791,Cubells,23,Noguera,2025,,,,,,0,missing,gencat_housing_sales_2025,,2026-08-21T21:48:17Z,0.2.0,not_published,,engineering_pending,0,100,0,,official,default,false
250812,l'Espluga Calba,18,Garrigues,2025,,,,,,0,missing,gencat_housing_sales_2025,,2026-08-21T21:48:17Z,0.2.0,not_published,,engineering_pending,0,100,0,,official,default,false
250827,Espot,26,Pallars Sobirà,2025,,,,,,0,missing,gencat_housing_sales_2025,,2026-08-21T21:48:17Z,0.2.0,not_published,,engineering_pending,0,100,0,,official,default,false
250851,Estaràs,32,Segarra,2025,,,,,,0,missing,gencat_housing_sales_2025,,2026-08-21T21:48:17Z,0.2.0,not_published,,engineering_pending,0,100,0,,official,default,false
250864,Esterri d'Àneu,26,Pallars Sobirà,2025,,,,,,0,missing,gencat_housing_sales_2025,,2026-08-21T21:48:17Z,0.2.0,not_published,,engineering_pending,0,100,0,,official,default,false
250870,Esterri de Cardós,26,Pallars Sobirà,2025,,,,,,0,missing,gencat_housing_sales_2025,,2026-08-21T21:48:17Z,0.2.0,not_published,,engineering_pending,0,100,0,,official,default,false
250886,Estamariu,04,Alt Urgell,2025,,,,,,0,missing,gencat_housing_sales_2025,,2026-08-21T21:48:17Z,0.2.0,not_published,,engineering_pending,0,100,0,,official,default,false
250899,Farrera,26,Pallars Sobirà,2025,,,,,,0,missing,gencat_housing_sales_2025,,2026-08-21T21:48:17Z,0.2.0,not_published,,engineering_pending,0,100,0,,official,default,false
250925,la Floresta,18,Garrigues,2025,,,,,,0,missing,gencat_housing_sales_2025,,2026-08-21T21:48:17Z,0.2.0,not_published,,engineering_pending,0,100,0,,official,default,false
250931,Fondarella,27,Pla d'Urgell,2025,,,,,,0,missing,gencat_housing_sales_2025,,2026-08-21T21:48:17Z,0.2.0,not_published,,engineering_pending,0,100,0,,official,default,false
250946,Foradada,23,Noguera,2025,,,,,,0,missing,gencat_housing_sales_2025,,2026-08-21T21:48:17Z,0.2.0,not_published,,engineering_pending,0,100,0,,official,default,false
250962,la Fuliola,38,Urgell,2025,,,,,,0,missing,gencat_housing_sales_2025,,2026-08-21T21:48:17Z,0.2.0,not_published,,engineering_pending,0,100,0,,official,default,false
250978,Fulleda,18,Garrigues,2025,,,,,,0,missing,gencat_housing_sales_2025,,2026-08-21T21:48:17Z,0.2.0,not_published,,engineering_pending,0,100,0,,official,default,false
250984,Gavet de la Conca,25,Pallars Jussà,2025,,,,,,0,missing,gencat_housing_sales_2025,,2026-08-21T21:48:17Z,0.2.0,not_published,,engineering_pending,0,100,0,,official,default,false
250997,Golmés,27,Pla d'Urgell,2025,,,,,,0,missing,gencat_housing_sales_2025,,2026-08-21T21:48:17Z,0.2.0,not_published,,engineering_pending,0,100,0,,official,default,false
251001,Gósol,14,Berguedà,2025,,,,,,0,missing,gencat_housing_sales_2025,,2026-08-21T21:48:17Z,0.2.0,not_published,,engineering_pending,0,100,0,,official,default,false
251018,la Granadella,18,Garrigues,2025,,,,,,0,missing,gencat_housing_sales_2025,,2026-08-21T21:48:17Z,0.2.0,not_published,,engineering_pending,0,100,0,,official,default,false
251023,la Granja d'Escarp,33,Segrià,2025,,,,,,0,missing,gencat_housing_sales_2025,,2026-08-21T21:48:17Z,0.2.0,not_published,,engineering_pending,0,100,0,,official,default,false
251039,Granyanella,32,Segarra,2025,,,,,,0,missing,gencat_housing_sales_2025,,2026-08-21T21:48:17Z,0.2.0,not_published,,engineering_pending,0,100,0,,official,default,false
251044,Granyena de Segarra,32,Segarra,2025,,,,,,0,missing,gencat_housing_sales_2025,,2026-08-21T21:48:17Z,0.2.0,not_published,,engineering_pending,0,100,0,,official,default,false
251057,Granyena de les Garrigues,18,Garrigues,2025,,,,,,0,missing,gencat_housing_sales_2025,,2026-08-21T21:48:17Z,0.2.0,not_published,,engineering_pending,0,100,0,,official,default,false
251095,Guimerà,38,Urgell,2025,,,,,,0,missing,gencat_housing_sales_2025,,2026-08-21T21:48:17Z,0.2.0,not_published,,engineering_pending,0,100,0,,official,default,false
251109,Guissona,32,Segarra,2025,27,103.23,140406.76,1376.35,19.2559,100,municipality,gencat_housing_sales_2025,,2026-08-21T21:48:17Z,0.2.0,,,complete,19.2559,19.2559,100,,official,default,true
251116,Guixers,35,Solsonès,2025,,,,,,0,missing,gencat_housing_sales_2025,,2026-08-21T21:48:17Z,0.2.0,not_published,,engineering_pending,0,100,0,,official,default,false
251121,Ivars de Noguera,23,Noguera,2025,,,,,,0,missing,gencat_housing_sales_2025,,2026-08-21T21:48:17Z,0.2.0,not_published,,engineering_pending,0,100,0,,official,default,false
251137,Ivars d'Urgell,27,Pla d'Urgell,2025,,,,,,0,missing,gencat_housing_sales_2025,,2026-08-21T21:48:17Z,0.2.0,not_published,,engineering_pending,0,100,0,,official,default,false
251142,Ivorra,32,Segarra,2025,,,,,,0,missing,gencat_housing_sales_2025,,2026-08-21T21:48:17Z,0.2.0,not_published,,engineering_pending,0,100,0,,official,default,false
251155,Isona i Conca Dellà,25,Pallars Jussà,2025,,,,,,0,missing,gencat_housing_sales_2025,,2026-08-21T21:48:17Z,0.2.0,not_published,,engineering_pending,0,100,0,,official,default,false
251180,Juncosa,18,Garrigues,2025,,,,,,0,missing,gencat_housing_sales_2025,,2026-08-21T21:48:17Z,0.2.0,not_published,,engineering_pending,0,100,0,,official,default,false
251193,Juneda,18,Garrigues,2025,26,134.08,93048.57,865.96,0.0259,100,municipality,gencat_housing_sales_2025,,2026-08-21T21:48:17Z,0.2.0,,,complete,0.0259,0.0259,100,,official,default,true
251207,Lleida,33,Segrià,2025,1508,87.39,117136.78,1351.63,18.3246,100,municipality,gencat_housing_sales_2025,,2026-08-21T21:48:17Z,0.2.0,,,complete,18.3246,18.3246,100,,official,default,true
251214,Les,39,Val d'Aran,2025,,,,,,0,missing,gencat_housing_sales_2025,,2026-08-21T21:48:17Z,0.2.0,not_published,,engineering_pending,0,100,0,,official,default,false
251229,Linyola,27,Pla d'Urgell,2025,30,109.7,82146.5,680.6,0,100,municipality,gencat_housing_sales_2025,,2026-08-21T21:48:17Z,0.2.0,,,complete,0,0,100,,official,default,true
251235,Lladorre,26,Pallars Sobirà,2025,,,,,,0,missing,gencat_housing_sales_2025,,2026-08-21T21:48:17Z,0.2.0,not_published,,engineering_pending,0,100,0,,official,default,false
251240,Lladurs,35,Solsonès,2025,,,,,,0,missing,gencat_housing_sales_2025,,2026-08-21T21:48:17Z,0.2.0,not_published,,engineering_pending,0,100,0,,official,default,false
251253,Llardecans,33,Segrià,2025,,,,,,0,missing,gencat_housing_sales_2025,,2026-08-21T21:48:17Z,0.2.0,not_published,,engineering_pending,0,100,0,,official,default,false
251266,Llavorsí,26,Pallars Sobirà,2025,,,,,,0,missing,gencat_housing_sales_2025,,2026-08-21T21:48:17Z,0.2.0,not_published,,engineering_pending,0,100,0,,official,default,false
251272,Lles de Cerdanya,15,Cerdanya,2025,,,,,,0,missing,gencat_housing_sales_2025,,2026-08-21T21:48:17Z,0.2.0,not_published,,engineering_pending,0,100,0,,official,default,false
251288,Llimiana,25,Pallars Jussà,2025,,,,,,0,missing,gencat_housing_sales_2025,,2026-08-21T21:48:17Z,0.2.0,not_published,,engineering_pending,0,100,0,,official,default,false
251291,Llobera,35,Solsonès,2025,,,,,,0,missing,gencat_housing_sales_2025,,2026-08-21T21:48:17Z,0.2.0,not_published,,engineering_pending,0,100,0,,official,default,false
251305,Maldà,38,Urgell,2025,,,,,,0,missing,gencat_housing_sales_2025,,2026-08-21T21:48:17Z,0.2.0,not_published,,engineering_pending,0,100,0,,official,default,false
251312,Massalcoreig,33,Segrià,2025,,,,,,0,missing,gencat_housing_sales_2025,,2026-08-21T21:48:17Z,0.2.0,not_published,,engineering_pending,0,100,0,,official,default,false
251327,Massoteres,32,Segarra,2025,,,,,,0,missing,gencat_housing_sales_2025,,2026-08-21T21:48:17Z,0.2.0,not_published,,engineering_pending,0,100,0,,official,default,false
251333,Maials,33,Segrià,2025,,,,,,0,missing,gencat_housing_sales_2025,,2026-08-21T21:48:17Z,0.2.0,not_published,,engineering_pending,0,100,0,,official,default,false
251348,Menàrguens,23,Noguera,2025,,,,,,0,missing,gencat_housing_sales_2025,,2026-08-21T21:48:17Z,0.2.0,not_published,,engineering_pending,0,100,0,,official,default,false
251351,Miralcamp,27,Pla d'Urgell,2025,,,,,,0,missing,gencat_housing_sales_2025,,2026-08-21T21:48:17Z,0.2.0,not_published,,engineering_pending,0,100,0,,official,default,false
251364,la Molsosa,35,Solsonès,2025,,,,,,0,missing,gencat_housing_sales_2025,,2026-08-21T21:48:17Z,0.2.0,not_published,,engineering_pending,0,100,0,,official,default,false
251370,Mollerussa,27,Pla d'Urgell,2025,156,98.42,87471.75,895.4,1.1352,100,municipality,gencat_housing_sales_2025,,2026-08-21T21:48:17Z,0.2.0,,,complete,1.1352,1.1352,100,,official,default,true
251386,Montgai,23,Noguera,2025,,,,,,0,missing,gencat_housing_sales_2025,,2026-08-21T21:48:17Z,0.2.0,not_published,,engineering_pending,0,100,0,,official,default,false
251399,Montellà i Martinet,15,Cerdanya,2025,,,,,,0,missing,gencat_housing_sales_2025,,2026-08-21T21:48:17Z,0.2.0,not_published,,engineering_pending,0,100,0,,official,default,false
251403,Montferrer i Castellbò,04,Alt Urgell,2025,,,,,,0,missing,gencat_housing_sales_2025,,2026-08-21T21:48:17Z,0.2.0,not_published,,engineering_pending,0,100,0,,official,default,false
251410,Montoliu de Segarra,32,Segarra,2025,,,,,,0,missing,gencat_housing_sales_2025,,2026-08-21T21:48:17Z,0.2.0,not_published,,engineering_pending,0,100,0,,official,default,false
251425,Montoliu de Lleida,33,Segrià,2025,,,,,,0,missing,gencat_housing_sales_2025,,2026-08-21T21:48:17Z,0.2.0,not_published,,engineering_pending,0,100,0,,official,default,false
251431,Montornès de Segarra,32,Segarra,2025,,,,,,0,missing,gencat_housing_sales_2025,,2026-08-21T21:48:17Z,0.2.0,not_published,,engineering_pending,0,100,0,,official,default,false
251459,Nalec,38,Urgell,2025,,,,,,0,missing,gencat_housing_sales_2025,,2026-08-21T21:48:17Z,0.2.0,not_published,,engineering_pending,0,100,0,,official,default,false
251462,Navès,35,Solsonès,2025,,,,,,0,missing,gencat_housing_sales_2025,,2026-08-21T21:48:17Z,0.2.0,not_published,,engineering_pending,0,100,0,,official,default,false
251484,Odèn,35,Solsonès,2025,,,,,,0,missing,gencat_housing_sales_2025,,2026-08-21T21:48:17Z,0.2.0,not_published,,engineering_pending,0,100,0,,official,default,false
251497,Oliana,04,Alt Urgell,2025,,,,,,0,missing,gencat_housing_sales_2025,,2026-08-21T21:48:17Z,0.2.0,not_published,,engineering_pending,0,100,0,,official,default,false
251500,Oliola,23,Noguera,2025,,,,,,0,missing,gencat_housing_sales_2025,,2026-08-21T21:48:17Z,0.2.0,not_published,,engineering_pending,0,100,0,,official,default,false
251517,Olius,35,Solsonès,2025,,,,,,0,missing,gencat_housing_sales_2025,,2026-08-21T21:48:17Z,0.2.0,not_published,,engineering_pending,0,100,0,,official,default,false
251522,les Oluges,32,Segarra,2025,,,,,,0,missing,gencat_housing_sales_2025,,2026-08-21T21:48:17Z,0.2.0,not_published,,engineering_pending,0,100,0,,official,default,false
251538,els Omellons,18,Garrigues,2025,,,,,,0,missing,gencat_housing_sales_2025,,2026-08-21T21:48:17Z,0.2.0,not_published,,engineering_pending,0,100,0,,official,default,false
251543,els Omells de na Gaia,38,Urgell,2025,,,,,,0,missing,gencat_housing_sales_2025,,2026-08-21T21:48:17Z,0.2.0,not_published,,engineering_pending,0,100,0,,official,default,false
251556,Organyà,04,Alt Urgell,2025,,,,,,0,missing,gencat_housing_sales_2025,,2026-08-21T21:48:17Z,0.2.0,not_published,,engineering_pending,0,100,0,,official,default,false
251569,Os de Balaguer,23,Noguera,2025,,,,,,0,missing,gencat_housing_sales_2025,,2026-08-21T21:48:17Z,0.2.0,not_published,,engineering_pending,0,100,0,,official,default,false
251575,Ossó de Sió,38,Urgell,2025,,,,,,0,missing,gencat_housing_sales_2025,,2026-08-21T21:48:17Z,0.2.0,not_published,,engineering_pending,0,100,0,,official,default,false
251581,el Palau d'Anglesola,27,Pla d'Urgell,2025,10,133,123788.89,996.77,4.9545,100,municipality,gencat_housing_sales_2025,,2026-08-21T21:48:17Z,0.2.0,,,complete,4.9545,4.9545,100,,official,default,true
251615,Conca de Dalt,25,Pallars Jussà,2025,,,,,,0,missing,gencat_housing_sales_2025,,2026-08-21T21:48:17Z,0.2.0,not_published,,engineering_pending,0,100,0,,official,default,false
251636,la Coma i la Pedra,35,Solsonès,2025,,,,,,0,missing,gencat_housing_sales_2025,,2026-08-21T21:48:17Z,0.2.0,not_published,,engineering_pending,0,100,0,,official,default,false
251641,Penelles,23,Noguera,2025,,,,,,0,missing,gencat_housing_sales_2025,,2026-08-21T21:48:17Z,0.2.0,not_published,,engineering_pending,0,100,0,,official,default,false
251654,Peramola,04,Alt Urgell,2025,,,,,,0,missing,gencat_housing_sales_2025,,2026-08-21T21:48:17Z,0.2.0,not_published,,engineering_pending,0,100,0,,official,default,false
251667,Pinell de Solsonès,35,Solsonès,2025,,,,,,0,missing,gencat_housing_sales_2025,,2026-08-21T21:48:17Z,0.2.0,not_published,,engineering_pending,0,100,0,,official,default,false
251673,Pinós,35,Solsonès,2025,,,,,,0,missing,gencat_housing_sales_2025,,2026-08-21T21:48:17Z,0.2.0,not_published,,engineering_pending,0,100,0,,official,default,false
251689,el Poal,27,Pla d'Urgell,2025,,,,,,0,missing,gencat_housing_sales_2025,,2026-08-21T21:48:17Z,0.2.0,not_published,,engineering_pending,0,100,0,,official,default,false
251692,la Pobla de Cérvoles,18,Garrigues,2025,,,,,,0,missing,gencat_housing_sales_2025,,2026-08-21T21:48:17Z,0.2.0,not_published,,engineering_pending,0,100,0,,official,default,false
251706,Bellaguarda,18,Garrigues,2025,,,,,,0,missing,gencat_housing_sales_2025,,2026-08-21T21:48:17Z,0.2.0,not_published,,engineering_pending,0,100,0,,official,default,false
251713,la Pobla de Segur,25,Pallars Jussà,2025,38,88.66,80781.77,920.63,2.0857,100,municipality,gencat_housing_sales_2025,,2026-08-21T21:48:17Z,0.2.0,,,complete,2.0857,2.0857,100,,official,default,true
251728,Ponts,23,Noguera,2025,26,123.82,82424.55,676.21,0,100,municipality,gencat_housing_sales_2025,,2026-08-21T21:48:17Z,0.2.0,,,complete,0,0,100,,official,default,true
251734,el Pont de Suert,05,Alta Ribagorça,2025,47,93.29,106900.73,1220.51,13.3844,100,municipality,gencat_housing_sales_2025,,2026-08-21T21:48:17Z,0.2.0,,,complete,13.3844,13.3844,100,,official,default,true
251749,la Portella,33,Segrià,2025,,,,,,0,missing,gencat_housing_sales_2025,,2026-08-21T21:48:17Z,0.2.0,not_published,,engineering_pending,0,100,0,,official,default,false
251752,Prats i Sansor,15,Cerdanya,2025,,,,,,0,missing,gencat_housing_sales_2025,,2026-08-21T21:48:17Z,0.2.0,not_published,,engineering_pending,0,100,0,,official,default,false
251765,Preixana,38,Urgell,2025,,,,,,0,missing,gencat_housing_sales_2025,,2026-08-21T21:48:17Z,0.2.0,not_published,,engineering_pending,0,100,0,,official,default,false
251771,Preixens,23,Noguera,2025,,,,,,0,missing,gencat_housing_sales_2025,,2026-08-21T21:48:17Z,0.2.0,not_published,,engineering_pending,0,100,0,,official,default,false
251790,Prullans,15,Cerdanya,2025,,,,,,0,missing,gencat_housing_sales_2025,,2026-08-21T21:48:17Z,0.2.0,not_published,,engineering_pending,0,100,0,,official,default,false
251804,Puiggròs,18,Garrigues,2025,,,,,,0,missing,gencat_housing_sales_2025,,2026-08-21T21:48:17Z,0.2.0,not_published,,engineering_pending,0,100,0,,official,default,false
251811,Puigverd d'Agramunt,38,Urgell,2025,,,,,,0,missing,gencat_housing_sales_2025,,2026-08-21T21:48:17Z,0.2.0,not_published,,engineering_pending,0,100,0,,official,default,false
251826,Puigverd de Lleida,33,Segrià,2025,,,,,,0,missing,gencat_housing_sales_2025,,2026-08-21T21:48:17Z,0.2.0,not_published,,engineering_pending,0,100,0,,official,default,false
251832,Rialp,26,Pallars Sobirà,2025,,,,,,0,missing,gencat_housing_sales_2025,,2026-08-21T21:48:17Z,0.2.0,not_published,,engineering_pending,0,100,0,,official,default,false
251850,Ribera d'Urgellet,04,Alt Urgell,2025,,,,,,0,missing,gencat_housing_sales_2025,,2026-08-21T21:48:17Z,0.2.0,not_published,,engineering_pending,0,100,0,,official,default,false
251863,Riner,35,Solsonès,2025,,,,,,0,missing,gencat_housing_sales_2025,,2026-08-21T21:48:17Z,0.2.0,not_published,,engineering_pending,0,100,0,,official,default,false
251898,Rosselló,33,Segrià,2025,32,122.82,109677.41,974.21,4.1045,100,municipality,gencat_housing_sales_2025,,2026-08-21T21:48:17Z,0.2.0,,,complete,4.1045,4.1045,100,,official,default,true
251902,Salàs de Pallars,25,Pallars Jussà,2025,,,,,,0,missing,gencat_housing_sales_2025,,2026-08-21T21:48:17Z,0.2.0,not_published,,engineering_pending,0,100,0,,official,default,false
251919,Sanaüja,32,Segarra,2025,,,,,,0,missing,gencat_housing_sales_2025,,2026-08-21T21:48:17Z,0.2.0,not_published,,engineering_pending,0,100,0,,official,default,false
251924,Sant Guim de Freixenet,32,Segarra,2025,,,,,,0,missing,gencat_housing_sales_2025,,2026-08-21T21:48:17Z,0.2.0,not_published,,engineering_pending,0,100,0,,official,default,false
251930,Sant Llorenç de Morunys,35,Solsonès,2025,,,,,,0,missing,gencat_housing_sales_2025,,2026-08-21T21:48:17Z,0.2.0,not_published,,engineering_pending,0,100,0,,official,default,false
251945,Sant Ramon,32,Segarra,2025,,,,,,0,missing,gencat_housing_sales_2025,,2026-08-21T21:48:17Z,0.2.0,not_published,,engineering_pending,0,100,0,,official,default,false
251961,Sant Esteve de la Sarga,25,Pallars Jussà,2025,,,,,,0,missing,gencat_housing_sales_2025,,2026-08-21T21:48:17Z,0.2.0,not_published,,engineering_pending,0,100,0,,official,default,false
251977,Sant Guim de la Plana,32,Segarra,2025,,,,,,0,missing,gencat_housing_sales_2025,,2026-08-21T21:48:17Z,0.2.0,not_published,,engineering_pending,0,100,0,,official,default,false
252000,Sarroca de Lleida,33,Segrià,2025,,,,,,0,missing,gencat_housing_sales_2025,,2026-08-21T21:48:17Z,0.2.0,not_published,,engineering_pending,0,100,0,,official,default,false
252017,Sarroca de Bellera,25,Pallars Jussà,2025,,,,,,0,missing,gencat_housing_sales_2025,,2026-08-21T21:48:17Z,0.2.0,not_published,,engineering_pending,0,100,0,,official,default,false
252022,Senterada,25,Pallars Jussà,2025,,,,,,0,missing,gencat_housing_sales_2025,,2026-08-21T21:48:17Z,0.2.0,not_published,,engineering_pending,0,100,0,,official,default,false
252038,la Seu d'Urgell,04,Alt Urgell,2025,115,95.78,177824.04,1882.73,38.3349,100,municipality,gencat_housing_sales_2025,,2026-08-21T21:48:17Z,0.2.0,,,complete,38.3349,38.3349,100,,official,default,true
252043,Seròs,33,Segrià,2025,,,,,,0,missing,gencat_housing_sales_2025,,2026-08-21T21:48:17Z,0.2.0,not_published,,engineering_pending,0,100,0,,official,default,false
252056,Sidamon,27,Pla d'Urgell,2025,,,,,,0,missing,gencat_housing_sales_2025,,2026-08-21T21:48:17Z,0.2.0,not_published,,engineering_pending,0,100,0,,official,default,false
252069,el Soleràs,18,Garrigues,2025,,,,,,0,missing,gencat_housing_sales_2025,,2026-08-21T21:48:17Z,0.2.0,not_published,,engineering_pending,0,100,0,,official,default,false
252075,Solsona,35,Solsonès,2025,61,112.88,132498.1,1179.83,11.8516,100,municipality,gencat_housing_sales_2025,,2026-08-21T21:48:17Z,0.2.0,,,complete,11.8516,11.8516,100,,official,default,true
252081,Soriguera,26,Pallars Sobirà,2025,,,,,,0,missing,gencat_housing_sales_2025,,2026-08-21T21:48:17Z,0.2.0,not_published,,engineering_pending,0,100,0,,official,default,false
252094,Sort,26,Pallars Sobirà,2025,47,84.06,126408.83,1575.18,26.7473,100,municipality,gencat_housing_sales_2025,,2026-08-21T21:48:17Z,0.2.0,,,complete,26.7473,26.7473,100,,official,default,true
252108,Soses,33,Segrià,2025,,,,,,0,missing,gencat_housing_sales_2025,,2026-08-21T21:48:17Z,0.2.0,not_published,,engineering_pending,0,100,0,,official,default,false
252115,Sudanell,33,Segrià,2025,,,,,,0,missing,gencat_housing_sales_2025,,2026-08-21T21:48:17Z,0.2.0,not_published,,engineering_pending,0,100,0,,official,default,false
252120,Sunyer,33,Segrià,2025,,,,,,0,missing,gencat_housing_sales_2025,,2026-08-21T21:48:17Z,0.2.0,not_published,,engineering_pending,0,100,0,,official,default,false
252154,Talarn,25,Pallars Jussà,2025,,,,,,0,missing,gencat_housing_sales_2025,,2026-08-21T21:48:17Z,0.2.0,not_published,,engineering_pending,0,100,0,,official,default,false
252167,Talavera,32,Segarra,2025,,,,,,0,missing,gencat_housing_sales_2025,,2026-08-21T21:48:17Z,0.2.0,not_published,,engineering_pending,0,100,0,,official,default,false
252173,Tàrrega,38,Urgell,2025,231,93.07,90514.06,1002.96,5.1877,100,municipality,gencat_housing_sales_2025,,2026-08-21T21:48:17Z,0.2.0,,,complete,5.1877,5.1877,100,,official,default,true
252189,Tarrés,18,Garrigues,2025,,,,,,0,missing,gencat_housing_sales_2025,,2026-08-21T21:48:17Z,0.2.0,not_published,,engineering_pending,0,100,0,,official,default,false
252192,Tarroja de Segarra,32,Segarra,2025,,,,,,0,missing,gencat_housing_sales_2025,,2026-08-21T21:48:17Z,0.2.0,not_published,,engineering_pending,0,100,0,,official,default,false
252206,Térmens,23,Noguera,2025,,,,,,0,missing,gencat_housing_sales_2025,,2026-08-21T21:48:17Z,0.2.0,not_published,,engineering_pending,0,100,0,,official,default,false
252213,Tírvia,26,Pallars Sobirà,2025,,,,,,0,missing,gencat_housing_sales_2025,,2026-08-21T21:48:17Z,0.2.0,not_published,,engineering_pending,0,100,0,,official,default,false
252228,Tiurana,23,Noguera,2025,,,,,,0,missing,gencat_housing_sales_2025,,2026-08-21T21:48:17Z,0.2.0,not_published,,engineering_pending,0,100,0,,official,default,false
252234,Torà,35,Solsonès,2025,,,,,,0,missing,gencat_housing_sales_2025,,2026-08-21T21:48:17Z,0.2.0,not_published,,engineering_pending,0,100,0,,official,default,false
252249,els Torms,18,Garrigues,2025,,,,,,0,missing,gencat_housing_sales_2025,,2026-08-21T21:48:17Z,0.2.0,not_published,,engineering_pending,0,100,0,,official,default,false
252252,Tornabous,38,Urgell,2025,,,,,,0,missing,gencat_housing_sales_2025,,2026-08-21T21:48:17Z,0.2.0,not_published,,engineering_pending,0,100,0,,official,default,false
252265,Torrebesses,33,Segrià,2025,,,,,,0,missing,gencat_housing_sales_2025,,2026-08-21T21:48:17Z,0.2.0,not_published,,engineering_pending,0,100,0,,official,default,false
252271,la Torre de Cabdella,25,Pallars Jussà,2025,,,,,,0,missing,gencat_housing_sales_2025,,2026-08-21T21:48:17Z,0.2.0,not_published,,engineering_pending,0,100,0,,official,default,false
252287,Torrefarrera,33,Segrià,2025,49,132.9,157590.24,1370.87,19.0495,100,municipality,gencat_housing_sales_2025,,2026-08-21T21:48:17Z,0.2.0,,,complete,19.0495,19.0495,100,,official,default,true
252304,Torregrossa,27,Pla d'Urgell,2025,21,133.2,212087.79,2225.94,51.266,100,municipality,gencat_housing_sales_2025,,2026-08-21T21:48:17Z,0.2.0,,,complete,51.266,51.266,100,,official,default,true
252311,Torrelameu,23,Noguera,2025,,,,,,0,missing,gencat_housing_sales_2025,,2026-08-21T21:48:17Z,0.2.0,not_published,,engineering_pending,0,100,0,,official,default,false
252326,Torres de Segre,33,Segrià,2025,18,152.07,93280,735.28,0,100,municipality,gencat_housing_sales_2025,,2026-08-21T21:48:17Z,0.2.0,,,complete,0,0,100,,official,default,true
252332,Torre-serona,33,Segrià,2025,,,,,,0,missing,gencat_housing_sales_2025,,2026-08-21T21:48:17Z,0.2.0,not_published,,engineering_pending,0,100,0,,official,default,false
252347,Tremp,25,Pallars Jussà,2025,97,93.38,87992.55,1033.19,6.3267,100,municipality,gencat_housing_sales_2025,,2026-08-21T21:48:17Z,0.2.0,,,complete,6.3267,6.3267,100,,official,default,true
252385,Vallbona de les Monges,38,Urgell,2025,,,,,,0,missing,gencat_housing_sales_2025,,2026-08-21T21:48:17Z,0.2.0,not_published,,engineering_pending,0,100,0,,official,default,false
252398,les Valls de Valira,04,Alt Urgell,2025,,,,,,0,missing,gencat_housing_sales_2025,,2026-08-21T21:48:17Z,0.2.0,not_published,,engineering_pending,0,100,0,,official,default,false
252402,Vallfogona de Balaguer,23,Noguera,2025,72,148.3,168395.45,1245.67,14.3323,100,municipality,gencat_housing_sales_2025,,2026-08-21T21:48:17Z,0.2.0,,,complete,14.3323,14.3323,100,,official,default,true
252424,Verdú,38,Urgell,2025,,,,,,0,missing,gencat_housing_sales_2025,,2026-08-21T21:48:17Z,0.2.0,not_published,,engineering_pending,0,100,0,,official,default,false
252430,Vielha e Mijaran,39,Val d'Aran,2025,135,92.04,251118.55,2969.33,79.2748,100,municipality,gencat_housing_sales_2025,,2026-08-21T21:48:17Z,0.2.0,,,complete,79.2748,79.2748,100,,official,default,true
252445,Vilagrassa,38,Urgell,2025,,,,,,0,missing,gencat_housing_sales_2025,,2026-08-21T21:48:17Z,0.2.0,not_published,,engineering_pending,0,100,0,,official,default,false
252458,Vilaller,05,Alta Ribagorça,2025,,,,,,0,missing,gencat_housing_sales_2025,,2026-08-21T21:48:17Z,0.2.0,not_published,,engineering_pending,0,100,0,,official,default,false
252477,Vilamòs,39,Val d'Aran,2025,,,,,,0,missing,gencat_housing_sales_2025,,2026-08-21T21:48:17Z,0.2.0,not_published,,engineering_pending,0,100,0,,official,default,false
252483,Vilanova de Bellpuig,27,Pla d'Urgell,2025,,,,,,0,missing,gencat_housing_sales_2025,,2026-08-21T21:48:17Z,0.2.0,not_published,,engineering_pending,0,100,0,,official,default,false
252496,Vilanova de l'Aguda,23,Noguera,2025,,,,,,0,missing,gencat_housing_sales_2025,,2026-08-21T21:48:17Z,0.2.0,not_published,,engineering_pending,0,100,0,,official,default,false
252509,Vilanova de Meià,23,Noguera,2025,,,,,,0,missing,gencat_housing_sales_2025,,2026-08-21T21:48:17Z,0.2.0,not_published,,engineering_pending,0,100,0,,official,default,false
252516,Vilanova de Segrià,33,Segrià,2025,,,,,,0,missing,gencat_housing_sales_2025,,2026-08-21T21:48:17Z,0.2.0,not_published,,engineering_pending,0,100,0,,official,default,false
252521,Vila-sana,27,Pla d'Urgell,2025,,,,,,0,missing,gencat_housing_sales_2025,,2026-08-21T21:48:17Z,0.2.0,not_published,,engineering_pending,0,100,0,,official,default,false
252537,el Vilosell,18,Garrigues,2025,,,,,,0,missing,gencat_housing_sales_2025,,2026-08-21T21:48:17Z,0.2.0,not_published,,engineering_pending,0,100,0,,official,default,false
252542,Vilanova de la Barca,33,Segrià,2025,,,,,,0,missing,gencat_housing_sales_2025,,2026-08-21T21:48:17Z,0.2.0,not_published,,engineering_pending,0,100,0,,official,default,false
252555,Vinaixa,18,Garrigues,2025,,,,,,0,missing,gencat_housing_sales_2025,,2026-08-21T21:48:17Z,0.2.0,not_published,,engineering_pending,0,100,0,,official,default,false
259010,Vall de Cardós,26,Pallars Sobirà,2025,,,,,,0,missing,gencat_housing_sales_2025,,2026-08-21T21:48:17Z,0.2.0,not_published,,engineering_pending,0,100,0,,official,default,false
259025,Sant Martí de Riucorb,38,Urgell,2025,,,,,,0,missing,gencat_housing_sales_2025,,2026-08-21T21:48:17Z,0.2.0,not_published,,engineering_pending,0,100,0,,official,default,false
259031,la Guingueta d'Àneu,26,Pallars Sobirà,2025,,,,,,0,missing,gencat_housing_sales_2025,,2026-08-21T21:48:17Z,0.2.0,not_published,,engineering_pending,0,100,0,,official,default,false
259046,Castell de Mur,25,Pallars Jussà,2025,,,,,,0,missing,gencat_housing_sales_2025,,2026-08-21T21:48:17Z,0.2.0,not_published,,engineering_pending,0,100,0,,official,default,false
259059,Ribera d'Ondara,32,Segarra,2025,,,,,,0,missing,gencat_housing_sales_2025,,2026-08-21T21:48:17Z,0.2.0,not_published,,engineering_pending,0,100,0,,official,default,false
259062,les Valls d'Aguilar,04,Alt Urgell,2025,,,,,,0,missing,gencat_housing_sales_2025,,2026-08-21T21:48:17Z,0.2.0,not_published,,engineering_pending,0,100,0,,official,default,false
259078,Torrefeta i Florejacs,32,Segarra,2025,,,,,,0,missing,gencat_housing_sales_2025,,2026-08-21T21:48:17Z,0.2.0,not_published,,engineering_pending,0,100,0,,official,default,false
259084,Fígols i Alinyà,04,Alt Urgell,2025,,,,,,0,missing,gencat_housing_sales_2025,,2026-08-21T21:48:17Z,0.2.0,not_published,,engineering_pending,0,100,0,,official,default,false
259097,la Vansa i Fórnols,04,Alt Urgell,2025,,,,,,0,missing,gencat_housing_sales_2025,,2026-08-21T21:48:17Z,0.2.0,not_published,,engineering_pending,0,100,0,,official,default,false
259101,Josa i Tuixén,04,Alt Urgell,2025,,,,,,0,missing,gencat_housing_sales_2025,,2026-08-21T21:48:17Z,0.2.0,not_published,,engineering_pending,0,100,0,,official,default,false
259118,els Plans de Sió,32,Segarra,2025,,,,,,0,missing,gencat_housing_sales_2025,,2026-08-21T21:48:17Z,0.2.0,not_published,,engineering_pending,0,100,0,,official,default,false
259123,Gimenells i el Pla de la Font,33,Segrià,2025,,,,,,0,missing,gencat_housing_sales_2025,,2026-08-21T21:48:17Z,0.2.0,not_published,,engineering_pending,0,100,0,,official,default,false
259139,Riu de Cerdanya,15,Cerdanya,2025,,,,,,0,missing,gencat_housing_sales_2025,,2026-08-21T21:48:17Z,0.2.0,not_published,,engineering_pending,0,100,0,,official,default,false
430017,Aiguamúrcia,01,Alt Camp,2025,,,,,,0,missing,gencat_housing_sales_2025,,2026-08-21T21:48:17Z,0.2.0,not_published,,engineering_pending,0,100,0,,official,default,false
430022,Albinyana,12,Baix Penedès,2025,53,121.02,159849.28,1513.33,24.417,100,municipality,gencat_housing_sales_2025,,2026-08-21T21:48:17Z,0.2.0,,,complete,24.417,24.417,100,,official,default,true
430038,l'Albiol,08,Baix Camp,2025,,,,,,0,missing,gencat_housing_sales_2025,,2026-08-21T21:48:17Z,0.2.0,not_published,,engineering_pending,0,100,0,,official,default,false
430043,Alcanar,22,Montsià,2025,254,92.38,108199.24,1329.6,17.4945,100,municipality,gencat_housing_sales_2025,,2026-08-21T21:48:17Z,0.2.0,,,complete,17.4945,17.4945,100,,official,default,true
430056,Alcover,01,Alt Camp,2025,49,123.09,148690.52,1326.76,17.3875,100,municipality,gencat_housing_sales_2025,,2026-08-21T21:48:17Z,0.2.0,,,complete,17.3875,17.3875,100,,official,default,true
430069,Aldover,09,Baix Ebre,2025,,,,,,0,missing,gencat_housing_sales_2025,,2026-08-21T21:48:17Z,0.2.0,not_published,,engineering_pending,0,100,0,,official,default,false
430075,l'Aleixar,08,Baix Camp,2025,,,,,,0,missing,gencat_housing_sales_2025,,2026-08-21T21:48:17Z,0.2.0,not_published,,engineering_pending,0,100,0,,official,default,false
430081,Alfara de Carles,09,Baix Ebre,2025,,,,,,0,missing,gencat_housing_sales_2025,,2026-08-21T21:48:17Z,0.2.0,not_published,,engineering_pending,0,100,0,,official,default,false
430094,Alforja,08,Baix Camp,2025,39,112,117564.71,1269.43,15.2275,100,municipality,gencat_housing_sales_2025,,2026-08-21T21:48:17Z,0.2.0,,,complete,15.2275,15.2275,100,,official,default,true
430108,Alió,01,Alt Camp,2025,,,,,,0,missing,gencat_housing_sales_2025,,2026-08-21T21:48:17Z,0.2.0,not_published,,engineering_pending,0,100,0,,official,default,false
430115,Almoster,08,Baix Camp,2025,,,,,,0,missing,gencat_housing_sales_2025,,2026-08-21T21:48:17Z,0.2.0,not_published,,engineering_pending,0,100,0,,official,default,false
430120,Altafulla,36,Tarragonès,2025,90,103.89,289266.88,3248.23,89.7829,100,municipality,gencat_housing_sales_2025,,2026-08-21T21:48:17Z,0.2.0,,,complete,89.7829,89.7829,100,,official,default,true
430136,l'Ametlla de Mar,09,Baix Ebre,2025,216,100.64,209913.78,2261.71,52.6137,100,municipality,gencat_housing_sales_2025,,2026-08-21T21:48:17Z,0.2.0,,,complete,52.6137,52.6137,100,,official,default,true
430141,Amposta,22,Montsià,2025,457,83.86,71490.06,894.31,1.0941,100,municipality,gencat_housing_sales_2025,,2026-08-21T21:48:17Z,0.2.0,,,complete,1.0941,1.0941,100,,official,default,true
430154,Arbolí,08,Baix Camp,2025,,,,,,0,missing,gencat_housing_sales_2025,,2026-08-21T21:48:17Z,0.2.0,not_published,,engineering_pending,0,100,0,,official,default,false
430167,l'Arboç,12,Baix Penedès,2025,64,85.14,88095.7,1045.2,6.7792,100,municipality,gencat_housing_sales_2025,,2026-08-21T21:48:17Z,0.2.0,,,complete,6.7792,6.7792,100,,official,default,true
430173,l'Argentera,08,Baix Camp,2025,,,,,,0,missing,gencat_housing_sales_2025,,2026-08-21T21:48:17Z,0.2.0,not_published,,engineering_pending,0,100,0,,official,default,false
430189,Arnes,37,Terra Alta,2025,,,,,,0,missing,gencat_housing_sales_2025,,2026-08-21T21:48:17Z,0.2.0,not_published,,engineering_pending,0,100,0,,official,default,false
430192,Ascó,30,Ribera d'Ebre,2025,,,,,,0,missing,gencat_housing_sales_2025,,2026-08-21T21:48:17Z,0.2.0,not_published,,engineering_pending,0,100,0,,official,default,false
430206,Banyeres del Penedès,12,Baix Penedès,2025,38,163.75,211625,1319.42,17.111,100,municipality,gencat_housing_sales_2025,,2026-08-21T21:48:17Z,0.2.0,,,complete,17.111,17.111,100,,official,default,true
430213,Barberà de la Conca,16,Conca de Barberà,2025,,,,,,0,missing,gencat_housing_sales_2025,,2026-08-21T21:48:17Z,0.2.0,not_published,,engineering_pending,0,100,0,,official,default,false
430228,Batea,37,Terra Alta,2025,,,,,,0,missing,gencat_housing_sales_2025,,2026-08-21T21:48:17Z,0.2.0,not_published,,engineering_pending,0,100,0,,official,default,false
430234,Bellmunt del Priorat,29,Priorat,2025,,,,,,0,missing,gencat_housing_sales_2025,,2026-08-21T21:48:17Z,0.2.0,not_published,,engineering_pending,0,100,0,,official,default,false
430249,Bellvei,12,Baix Penedès,2025,37,117.73,142655.15,1417.08,20.7905,100,municipality,gencat_housing_sales_2025,,2026-08-21T21:48:17Z,0.2.0,,,complete,20.7905,20.7905,100,,official,default,true
430252,Benifallet,09,Baix Ebre,2025,,,,,,0,missing,gencat_housing_sales_2025,,2026-08-21T21:48:17Z,0.2.0,not_published,,engineering_pending,0,100,0,,official,default,false
430265,Benissanet,30,Ribera d'Ebre,2025,,,,,,0,missing,gencat_housing_sales_2025,,2026-08-21T21:48:17Z,0.2.0,not_published,,engineering_pending,0,100,0,,official,default,false
430271,la Bisbal de Montsant,29,Priorat,2025,,,,,,0,missing,gencat_housing_sales_2025,,2026-08-21T21:48:17Z,0.2.0,not_published,,engineering_pending,0,100,0,,official,default,false
430287,la Bisbal del Penedès,12,Baix Penedès,2025,86,153.17,163574.03,1237.24,14.0147,100,municipality,gencat_housing_sales_2025,,2026-08-21T21:48:17Z,0.2.0,,,complete,14.0147,14.0147,100,,official,default,true
430290,Blancafort,16,Conca de Barberà,2025,,,,,,0,missing,gencat_housing_sales_2025,,2026-08-21T21:48:17Z,0.2.0,not_published,,engineering_pending,0,100,0,,official,default,false
430304,Bonastre,12,Baix Penedès,2025,,,,,,0,missing,gencat_housing_sales_2025,,2026-08-21T21:48:17Z,0.2.0,not_published,,engineering_pending,0,100,0,,official,default,false
430311,les Borges del Camp,08,Baix Camp,2025,22,118.4,104877.96,1068.15,7.6439,100,municipality,gencat_housing_sales_2025,,2026-08-21T21:48:17Z,0.2.0,,,complete,7.6439,7.6439,100,,official,default,true
430326,Bot,37,Terra Alta,2025,,,,,,0,missing,gencat_housing_sales_2025,,2026-08-21T21:48:17Z,0.2.0,not_published,,engineering_pending,0,100,0,,official,default,false
430332,Botarell,08,Baix Camp,2025,,,,,,0,missing,gencat_housing_sales_2025,,2026-08-21T21:48:17Z,0.2.0,not_published,,engineering_pending,0,100,0,,official,default,false
430347,Bràfim,01,Alt Camp,2025,,,,,,0,missing,gencat_housing_sales_2025,,2026-08-21T21:48:17Z,0.2.0,not_published,,engineering_pending,0,100,0,,official,default,false
430350,Cabacés,29,Priorat,2025,,,,,,0,missing,gencat_housing_sales_2025,,2026-08-21T21:48:17Z,0.2.0,not_published,,engineering_pending,0,100,0,,official,default,false
430363,Cabra del Camp,01,Alt Camp,2025,,,,,,0,missing,gencat_housing_sales_2025,,2026-08-21T21:48:17Z,0.2.0,not_published,,engineering_pending,0,100,0,,official,default,false
430379,Calafell,12,Baix Penedès,2025,718,93.11,192547.17,2349.89,55.9361,100,municipality,gencat_housing_sales_2025,,2026-08-21T21:48:17Z,0.2.0,,,complete,55.9361,55.9361,100,,official,default,true
430385,Cambrils,08,Baix Camp,2025,851,91.53,203996.56,2498.11,61.5206,100,municipality,gencat_housing_sales_2025,,2026-08-21T21:48:17Z,0.2.0,,,complete,61.5206,61.5206,100,,official,default,true
430398,Capafonts,08,Baix Camp,2025,,,,,,0,missing,gencat_housing_sales_2025,,2026-08-21T21:48:17Z,0.2.0,not_published,,engineering_pending,0,100,0,,official,default,false
430402,Capçanes,29,Priorat,2025,,,,,,0,missing,gencat_housing_sales_2025,,2026-08-21T21:48:17Z,0.2.0,not_published,,engineering_pending,0,100,0,,official,default,false
430419,Caseres,37,Terra Alta,2025,,,,,,0,missing,gencat_housing_sales_2025,,2026-08-21T21:48:17Z,0.2.0,not_published,,engineering_pending,0,100,0,,official,default,false
430424,Castellvell del Camp,08,Baix Camp,2025,31,205.43,338730.43,1779.63,34.4504,100,municipality,gencat_housing_sales_2025,,2026-08-21T21:48:17Z,0.2.0,,,complete,34.4504,34.4504,100,,official,default,true
430430,el Catllar,36,Tarragonès,2025,56,151.45,223830.08,1720.58,32.2255,100,municipality,gencat_housing_sales_2025,,2026-08-21T21:48:17Z,0.2.0,,,complete,32.2255,32.2255,100,,official,default,true
430445,la Sénia,22,Montsià,2025,78,98.88,61666.64,694.23,0,100,municipality,gencat_housing_sales_2025,,2026-08-21T21:48:17Z,0.2.0,,,complete,0,0,100,,official,default,true
430458,Colldejou,08,Baix Camp,2025,,,,,,0,missing,gencat_housing_sales_2025,,2026-08-21T21:48:17Z,0.2.0,not_published,,engineering_pending,0,100,0,,official,default,false
430461,Conesa,16,Conca de Barberà,2025,,,,,,0,missing,gencat_housing_sales_2025,,2026-08-21T21:48:17Z,0.2.0,not_published,,engineering_pending,0,100,0,,official,default,false
430477,Constantí,36,Tarragonès,2025,105,99.76,77748.84,868.6,0.1254,100,municipality,gencat_housing_sales_2025,,2026-08-21T21:48:17Z,0.2.0,,,complete,0.1254,0.1254,100,,official,default,true
430483,Corbera d'Ebre,37,Terra Alta,2025,,,,,,0,missing,gencat_housing_sales_2025,,2026-08-21T21:48:17Z,0.2.0,not_published,,engineering_pending,0,100,0,,official,default,false
430496,Cornudella de Montsant,29,Priorat,2025,,,,,,0,missing,gencat_housing_sales_2025,,2026-08-21T21:48:17Z,0.2.0,not_published,,engineering_pending,0,100,0,,official,default,false
430509,Creixell,36,Tarragonès,2025,104,108.53,196234.83,2005.23,42.9503,100,municipality,gencat_housing_sales_2025,,2026-08-21T21:48:17Z,0.2.0,,,complete,42.9503,42.9503,100,,official,default,true
430516,Cunit,12,Baix Penedès,2025,434,94.9,192795.81,2290.5,53.6985,100,municipality,gencat_housing_sales_2025,,2026-08-21T21:48:17Z,0.2.0,,,complete,53.6985,53.6985,100,,official,default,true
430521,Xerta,09,Baix Ebre,2025,,,,,,0,missing,gencat_housing_sales_2025,,2026-08-21T21:48:17Z,0.2.0,not_published,,engineering_pending,0,100,0,,official,default,false
430537,Duesaigües,08,Baix Camp,2025,,,,,,0,missing,gencat_housing_sales_2025,,2026-08-21T21:48:17Z,0.2.0,not_published,,engineering_pending,0,100,0,,official,default,false
430542,l'Espluga de Francolí,16,Conca de Barberà,2025,36,102.81,117996.5,1266.53,15.1183,100,municipality,gencat_housing_sales_2025,,2026-08-21T21:48:17Z,0.2.0,,,complete,15.1183,15.1183,100,,official,default,true
430555,Falset,29,Priorat,2025,32,98.86,86987.07,934.11,2.5936,100,municipality,gencat_housing_sales_2025,,2026-08-21T21:48:17Z,0.2.0,,,complete,2.5936,2.5936,100,,official,default,true
430568,la Fatarella,37,Terra Alta,2025,,,,,,0,missing,gencat_housing_sales_2025,,2026-08-21T21:48:17Z,0.2.0,not_published,,engineering_pending,0,100,0,,official,default,false
430574,la Febró,08,Baix Camp,2025,,,,,,0,missing,gencat_housing_sales_2025,,2026-08-21T21:48:17Z,0.2.0,not_published,,engineering_pending,0,100,0,,official,default,false
430580,la Figuera,29,Priorat,2025,,,,,,0,missing,gencat_housing_sales_2025,,2026-08-21T21:48:17Z,0.2.0,not_published,,engineering_pending,0,100,0,,official,default,false
430593,Figuerola del Camp,01,Alt Camp,2025,,,,,,0,missing,gencat_housing_sales_2025,,2026-08-21T21:48:17Z,0.2.0,not_published,,engineering_pending,0,100,0,,official,default,false
430607,Flix,30,Ribera d'Ebre,2025,29,98.74,96721.74,976.03,4.1731,100,municipality,gencat_housing_sales_2025,,2026-08-21T21:48:17Z,0.2.0,,,complete,4.1731,4.1731,100,,official,default,true
430614,Forès,16,Conca de Barberà,2025,,,,,,0,missing,gencat_housing_sales_2025,,2026-08-21T21:48:17Z,0.2.0,not_published,,engineering_pending,0,100,0,,official,default,false
430629,Freginals,22,Montsià,2025,,,,,,0,missing,gencat_housing_sales_2025,,2026-08-21T21:48:17Z,0.2.0,not_published,,engineering_pending,0,100,0,,official,default,false
430635,la Galera,22,Montsià,2025,,,,,,0,missing,gencat_housing_sales_2025,,2026-08-21T21:48:17Z,0.2.0,not_published,,engineering_pending,0,100,0,,official,default,false
430640,Gandesa,37,Terra Alta,2025,15,139.77,155492,1153.22,10.8491,100,municipality,gencat_housing_sales_2025,,2026-08-21T21:48:17Z,0.2.0,,,complete,10.8491,10.8491,100,,official,default,true
430653,Garcia,30,Ribera d'Ebre,2025,,,,,,0,missing,gencat_housing_sales_2025,,2026-08-21T21:48:17Z,0.2.0,not_published,,engineering_pending,0,100,0,,official,default,false
430666,els Garidells,01,Alt Camp,2025,,,,,,0,missing,gencat_housing_sales_2025,,2026-08-21T21:48:17Z,0.2.0,not_published,,engineering_pending,0,100,0,,official,default,false
430672,Ginestar,30,Ribera d'Ebre,2025,,,,,,0,missing,gencat_housing_sales_2025,,2026-08-21T21:48:17Z,0.2.0,not_published,,engineering_pending,0,100,0,,official,default,false
430688,Godall,22,Montsià,2025,,,,,,0,missing,gencat_housing_sales_2025,,2026-08-21T21:48:17Z,0.2.0,not_published,,engineering_pending,0,100,0,,official,default,false
430691,Gratallops,29,Priorat,2025,,,,,,0,missing,gencat_housing_sales_2025,,2026-08-21T21:48:17Z,0.2.0,not_published,,engineering_pending,0,100,0,,official,default,false
430705,els Guiamets,29,Priorat,2025,,,,,,0,missing,gencat_housing_sales_2025,,2026-08-21T21:48:17Z,0.2.0,not_published,,engineering_pending,0,100,0,,official,default,false
430712,Horta de Sant Joan,37,Terra Alta,2025,,,,,,0,missing,gencat_housing_sales_2025,,2026-08-21T21:48:17Z,0.2.0,not_published,,engineering_pending,0,100,0,,official,default,false
430727,el Lloar,29,Priorat,2025,,,,,,0,missing,gencat_housing_sales_2025,,2026-08-21T21:48:17Z,0.2.0,not_published,,engineering_pending,0,100,0,,official,default,false
430733,Llorac,16,Conca de Barberà,2025,,,,,,0,missing,gencat_housing_sales_2025,,2026-08-21T21:48:17Z,0.2.0,not_published,,engineering_pending,0,100,0,,official,default,false
430748,Llorenç del Penedès,12,Baix Penedès,2025,25,109.88,128080.48,1131.94,10.0473,100,municipality,gencat_housing_sales_2025,,2026-08-21T21:48:17Z,0.2.0,,,complete,10.0473,10.0473,100,,official,default,true
430751,Margalef,29,Priorat,2025,,,,,,0,missing,gencat_housing_sales_2025,,2026-08-21T21:48:17Z,0.2.0,not_published,,engineering_pending,0,100,0,,official,default,false
430764,Marçà,29,Priorat,2025,,,,,,0,missing,gencat_housing_sales_2025,,2026-08-21T21:48:17Z,0.2.0,not_published,,engineering_pending,0,100,0,,official,default,false
430770,Mas de Barberans,22,Montsià,2025,,,,,,0,missing,gencat_housing_sales_2025,,2026-08-21T21:48:17Z,0.2.0,not_published,,engineering_pending,0,100,0,,official,default,false
430786,Masdenverge,22,Montsià,2025,,,,,,0,missing,gencat_housing_sales_2025,,2026-08-21T21:48:17Z,0.2.0,not_published,,engineering_pending,0,100,0,,official,default,false
430799,Masllorenç,12,Baix Penedès,2025,,,,,,0,missing,gencat_housing_sales_2025,,2026-08-21T21:48:17Z,0.2.0,not_published,,engineering_pending,0,100,0,,official,default,false
430803,la Masó,01,Alt Camp,2025,,,,,,0,missing,gencat_housing_sales_2025,,2026-08-21T21:48:17Z,0.2.0,not_published,,engineering_pending,0,100,0,,official,default,false
430810,Maspujols,08,Baix Camp,2025,,,,,,0,missing,gencat_housing_sales_2025,,2026-08-21T21:48:17Z,0.2.0,not_published,,engineering_pending,0,100,0,,official,default,false
430825,el Masroig,29,Priorat,2025,,,,,,0,missing,gencat_housing_sales_2025,,2026-08-21T21:48:17Z,0.2.0,not_published,,engineering_pending,0,100,0,,official,default,false
430831,el Milà,01,Alt Camp,2025,,,,,,0,missing,gencat_housing_sales_2025,,2026-08-21T21:48:17Z,0.2.0,not_published,,engineering_pending,0,100,0,,official,default,false
430846,Miravet,30,Ribera d'Ebre,2025,,,,,,0,missing,gencat_housing_sales_2025,,2026-08-21T21:48:17Z,0.2.0,not_published,,engineering_pending,0,100,0,,official,default,false
430859,el Molar,29,Priorat,2025,,,,,,0,missing,gencat_housing_sales_2025,,2026-08-21T21:48:17Z,0.2.0,not_published,,engineering_pending,0,100,0,,official,default,false
430862,Montblanc,16,Conca de Barberà,2025,57,105.32,150192.11,1465.28,22.6066,100,municipality,gencat_housing_sales_2025,,2026-08-21T21:48:17Z,0.2.0,,,complete,22.6066,22.6066,100,,official,default,true
430884,Montbrió del Camp,08,Baix Camp,2025,72,103.48,131433.9,1371.58,19.0762,100,municipality,gencat_housing_sales_2025,,2026-08-21T21:48:17Z,0.2.0,,,complete,19.0762,19.0762,100,,official,default,true
430897,Montferri,01,Alt Camp,2025,,,,,,0,missing,gencat_housing_sales_2025,,2026-08-21T21:48:17Z,0.2.0,not_published,,engineering_pending,0,100,0,,official,default,false
430901,el Montmell,12,Baix Penedès,2025,,,,,,0,missing,gencat_housing_sales_2025,,2026-08-21T21:48:17Z,0.2.0,not_published,,engineering_pending,0,100,0,,official,default,false
430918,Mont-ral,01,Alt Camp,2025,,,,,,0,missing,gencat_housing_sales_2025,,2026-08-21T21:48:17Z,0.2.0,not_published,,engineering_pending,0,100,0,,official,default,false
430923,Mont-roig del Camp,08,Baix Camp,2025,519,88.98,175078.82,2116.19,47.131,100,municipality,gencat_housing_sales_2025,,2026-08-21T21:48:17Z,0.2.0,,,complete,47.131,47.131,100,,official,default,true
430939,Móra d'Ebre,30,Ribera d'Ebre,2025,64,107.74,120736.12,1200.77,12.6406,100,municipality,gencat_housing_sales_2025,,2026-08-21T21:48:17Z,0.2.0,,,complete,12.6406,12.6406,100,,official,default,true
430944,Móra la Nova,30,Ribera d'Ebre,2025,43,103.14,71165.41,743.18,0,100,municipality,gencat_housing_sales_2025,,2026-08-21T21:48:17Z,0.2.0,,,complete,0,0,100,,official,default,true
430957,el Morell,36,Tarragonès,2025,47,102.3,122851.16,1322.61,17.2312,100,municipality,gencat_housing_sales_2025,,2026-08-21T21:48:17Z,0.2.0,,,complete,17.2312,17.2312,100,,official,default,true
430960,la Morera de Montsant,29,Priorat,2025,,,,,,0,missing,gencat_housing_sales_2025,,2026-08-21T21:48:17Z,0.2.0,not_published,,engineering_pending,0,100,0,,official,default,false
430976,la Nou de Gaià,36,Tarragonès,2025,,,,,,0,missing,gencat_housing_sales_2025,,2026-08-21T21:48:17Z,0.2.0,not_published,,engineering_pending,0,100,0,,official,default,false
430982,Nulles,01,Alt Camp,2025,,,,,,0,missing,gencat_housing_sales_2025,,2026-08-21T21:48:17Z,0.2.0,not_published,,engineering_pending,0,100,0,,official,default,false
430995,la Palma d'Ebre,30,Ribera d'Ebre,2025,,,,,,0,missing,gencat_housing_sales_2025,,2026-08-21T21:48:17Z,0.2.0,not_published,,engineering_pending,0,100,0,,official,default,false
431009,els Pallaresos,36,Tarragonès,2025,46,151.73,247929.57,1784.58,34.6369,100,municipality,gencat_housing_sales_2025,,2026-08-21T21:48:17Z,0.2.0,,,complete,34.6369,34.6369,100,,official,default,true
431016,Passanant i Belltall,16,Conca de Barberà,2025,,,,,,0,missing,gencat_housing_sales_2025,,2026-08-21T21:48:17Z,0.2.0,not_published,,engineering_pending,0,100,0,,official,default,false
431021,Paüls,09,Baix Ebre,2025,,,,,,0,missing,gencat_housing_sales_2025,,2026-08-21T21:48:17Z,0.2.0,not_published,,engineering_pending,0,100,0,,official,default,false
431037,Perafort,36,Tarragonès,2025,,,,,,0,missing,gencat_housing_sales_2025,,2026-08-21T21:48:17Z,0.2.0,not_published,,engineering_pending,0,100,0,,official,default,false
431042,el Perelló,09,Baix Ebre,2025,60,94.82,140857.71,1405.61,20.3584,100,municipality,gencat_housing_sales_2025,,2026-08-21T21:48:17Z,0.2.0,,,complete,20.3584,20.3584,100,,official,default,true
431055,les Piles de Gaià,16,Conca de Barberà,2025,,,,,,0,missing,gencat_housing_sales_2025,,2026-08-21T21:48:17Z,0.2.0,not_published,,engineering_pending,0,100,0,,official,default,false
431068,el Pinell de Brai,37,Terra Alta,2025,,,,,,0,missing,gencat_housing_sales_2025,,2026-08-21T21:48:17Z,0.2.0,not_published,,engineering_pending,0,100,0,,official,default,false
431074,Pira,16,Conca de Barberà,2025,,,,,,0,missing,gencat_housing_sales_2025,,2026-08-21T21:48:17Z,0.2.0,not_published,,engineering_pending,0,100,0,,official,default,false
431080,el Pla de Santa Maria,01,Alt Camp,2025,27,108.83,113658.72,1038.29,6.5188,100,municipality,gencat_housing_sales_2025,,2026-08-21T21:48:17Z,0.2.0,,,complete,6.5188,6.5188,100,,official,default,true
431093,la Pobla de Mafumet,36,Tarragonès,2025,64,87.47,114703.4,1377.78,19.3098,100,municipality,gencat_housing_sales_2025,,2026-08-21T21:48:17Z,0.2.0,,,complete,19.3098,19.3098,100,,official,default,true
431107,la Pobla de Massaluca,37,Terra Alta,2025,,,,,,0,missing,gencat_housing_sales_2025,,2026-08-21T21:48:17Z,0.2.0,not_published,,engineering_pending,0,100,0,,official,default,false
431114,la Pobla de Montornès,36,Tarragonès,2025,79,123.16,181466.15,1581.51,26.9858,100,municipality,gencat_housing_sales_2025,,2026-08-21T21:48:17Z,0.2.0,,,complete,26.9858,26.9858,100,,official,default,true
431129,Poboleda,29,Priorat,2025,,,,,,0,missing,gencat_housing_sales_2025,,2026-08-21T21:48:17Z,0.2.0,not_published,,engineering_pending,0,100,0,,official,default,false
431135,el Pont d'Armentera,01,Alt Camp,2025,,,,,,0,missing,gencat_housing_sales_2025,,2026-08-21T21:48:17Z,0.2.0,not_published,,engineering_pending,0,100,0,,official,default,false
431140,Porrera,29,Priorat,2025,,,,,,0,missing,gencat_housing_sales_2025,,2026-08-21T21:48:17Z,0.2.0,not_published,,engineering_pending,0,100,0,,official,default,false
431153,Pradell de la Teixeta,29,Priorat,2025,,,,,,0,missing,gencat_housing_sales_2025,,2026-08-21T21:48:17Z,0.2.0,not_published,,engineering_pending,0,100,0,,official,default,false
431166,Prades,08,Baix Camp,2025,,,,,,0,missing,gencat_housing_sales_2025,,2026-08-21T21:48:17Z,0.2.0,not_published,,engineering_pending,0,100,0,,official,default,false
431172,Prat de Comte,37,Terra Alta,2025,,,,,,0,missing,gencat_housing_sales_2025,,2026-08-21T21:48:17Z,0.2.0,not_published,,engineering_pending,0,100,0,,official,default,false
431188,Pratdip,08,Baix Camp,2025,,,,,,0,missing,gencat_housing_sales_2025,,2026-08-21T21:48:17Z,0.2.0,not_published,,engineering_pending,0,100,0,,official,default,false
431191,Puigpelat,01,Alt Camp,2025,,,,,,0,missing,gencat_housing_sales_2025,,2026-08-21T21:48:17Z,0.2.0,not_published,,engineering_pending,0,100,0,,official,default,false
431205,Querol,01,Alt Camp,2025,,,,,,0,missing,gencat_housing_sales_2025,,2026-08-21T21:48:17Z,0.2.0,not_published,,engineering_pending,0,100,0,,official,default,false
431212,Rasquera,30,Ribera d'Ebre,2025,,,,,,0,missing,gencat_housing_sales_2025,,2026-08-21T21:48:17Z,0.2.0,not_published,,engineering_pending,0,100,0,,official,default,false
431227,Renau,36,Tarragonès,2025,,,,,,0,missing,gencat_housing_sales_2025,,2026-08-21T21:48:17Z,0.2.0,not_published,,engineering_pending,0,100,0,,official,default,false
431233,Reus,08,Baix Camp,2025,1484,87.89,135047.29,1511.46,24.3465,100,municipality,gencat_housing_sales_2025,,2026-08-21T21:48:17Z,0.2.0,,,complete,24.3465,24.3465,100,,official,default,true
431248,la Riba,01,Alt Camp,2025,,,,,,0,missing,gencat_housing_sales_2025,,2026-08-21T21:48:17Z,0.2.0,not_published,,engineering_pending,0,100,0,,official,default,false
431251,Riba-roja d'Ebre,30,Ribera d'Ebre,2025,,,,,,0,missing,gencat_housing_sales_2025,,2026-08-21T21:48:17Z,0.2.0,not_published,,engineering_pending,0,100,0,,official,default,false
431264,la Riera de Gaià,36,Tarragonès,2025,,,,,,0,missing,gencat_housing_sales_2025,,2026-08-21T21:48:17Z,0.2.0,not_published,,engineering_pending,0,100,0,,official,default,false
431270,Riudecanyes,08,Baix Camp,2025,,,,,,0,missing,gencat_housing_sales_2025,,2026-08-21T21:48:17Z,0.2.0,not_published,,engineering_pending,0,100,0,,official,default,false
431286,Riudecols,08,Baix Camp,2025,,,,,,0,missing,gencat_housing_sales_2025,,2026-08-21T21:48:17Z,0.2.0,not_published,,engineering_pending,0,100,0,,official,default,false
431299,Riudoms,08,Baix Camp,2025,49,121.56,157948.86,1392.51,19.8648,100,municipality,gencat_housing_sales_2025,,2026-08-21T21:48:17Z,0.2.0,,,complete,19.8648,19.8648,100,,official,default,true
431303,Rocafort de Queralt,16,Conca de Barberà,2025,,,,,,0,missing,gencat_housing_sales_2025,,2026-08-21T21:48:17Z,0.2.0,not_published,,engineering_pending,0,100,0,,official,default,false
431310,Roda de Berà,36,Tarragonès,2025,235,107.3,205769.39,2158.48,48.7243,100,municipality,gencat_housing_sales_2025,,2026-08-21T21:48:17Z,0.2.0,,,complete,48.7243,48.7243,100,,official,default,true
431325,Rodonyà,01,Alt Camp,2025,,,,,,0,missing,gencat_housing_sales_2025,,2026-08-21T21:48:17Z,0.2.0,not_published,,engineering_pending,0,100,0,,official,default,false
431331,Roquetes,09,Baix Ebre,2025,80,122.44,101539.65,892.63,1.0308,100,municipality,gencat_housing_sales_2025,,2026-08-21T21:48:17Z,0.2.0,,,complete,1.0308,1.0308,100,,official,default,true
431346,el Rourell,01,Alt Camp,2025,,,,,,0,missing,gencat_housing_sales_2025,,2026-08-21T21:48:17Z,0.2.0,not_published,,engineering_pending,0,100,0,,official,default,false
431359,Salomó,36,Tarragonès,2025,,,,,,0,missing,gencat_housing_sales_2025,,2026-08-21T21:48:17Z,0.2.0,not_published,,engineering_pending,0,100,0,,official,default,false
431362,la Ràpita,22,Montsià,2025,383,80.69,99932.48,1302.6,16.4773,100,municipality,gencat_housing_sales_2025,,2026-08-21T21:48:17Z,0.2.0,,,complete,16.4773,16.4773,100,,official,default,true
431378,Sant Jaume dels Domenys,12,Baix Penedès,2025,37,172.59,185833.42,1236.44,13.9845,100,municipality,gencat_housing_sales_2025,,2026-08-21T21:48:17Z,0.2.0,,,complete,13.9845,13.9845,100,,official,default,true
431384,Santa Bàrbara,22,Montsià,2025,66,113.84,77465.67,729.06,0,100,municipality,gencat_housing_sales_2025,,2026-08-21T21:48:17Z,0.2.0,,,complete,0,0,100,,official,default,true
431397,Santa Coloma de Queralt,16,Conca de Barberà,2025,25,114.05,82789.68,851.52,0,100,municipality,gencat_housing_sales_2025,,2026-08-21T21:48:17Z,0.2.0,,,complete,0,0,100,,official,default,true
431401,Santa Oliva,12,Baix Penedès,2025,49,128.33,173672.98,1519.06,24.6328,100,municipality,gencat_housing_sales_2025,,2026-08-21T21:48:17Z,0.2.0,,,complete,24.6328,24.6328,100,,official,default,true
431418,Pontils,16,Conca de Barberà,2025,,,,,,0,missing,gencat_housing_sales_2025,,2026-08-21T21:48:17Z,0.2.0,not_published,,engineering_pending,0,100,0,,official,default,false
431423,Sarral,16,Conca de Barberà,2025,,,,,,0,missing,gencat_housing_sales_2025,,2026-08-21T21:48:17Z,0.2.0,not_published,,engineering_pending,0,100,0,,official,default,false
431439,Savallà del Comtat,16,Conca de Barberà,2025,,,,,,0,missing,gencat_housing_sales_2025,,2026-08-21T21:48:17Z,0.2.0,not_published,,engineering_pending,0,100,0,,official,default,false
431444,la Secuita,36,Tarragonès,2025,,,,,,0,missing,gencat_housing_sales_2025,,2026-08-21T21:48:17Z,0.2.0,not_published,,engineering_pending,0,100,0,,official,default,false
431457,la Selva del Camp,08,Baix Camp,2025,58,118.25,168315.03,1657.84,29.8617,100,municipality,gencat_housing_sales_2025,,2026-08-21T21:48:17Z,0.2.0,,,complete,29.8617,29.8617,100,,official,default,true
431460,Senan,16,Conca de Barberà,2025,,,,,,0,missing,gencat_housing_sales_2025,,2026-08-21T21:48:17Z,0.2.0,not_published,,engineering_pending,0,100,0,,official,default,false
431476,Solivella,16,Conca de Barberà,2025,,,,,,0,missing,gencat_housing_sales_2025,,2026-08-21T21:48:17Z,0.2.0,not_published,,engineering_pending,0,100,0,,official,default,false
431482,Tarragona,36,Tarragonès,2025,1955,85.27,146225.41,1675.75,30.5365,100,municipality,gencat_housing_sales_2025,,2026-08-21T21:48:17Z,0.2.0,,,complete,30.5365,30.5365,100,,official,default,true
431495,Tivenys,09,Baix Ebre,2025,,,,,,0,missing,gencat_housing_sales_2025,,2026-08-21T21:48:17Z,0.2.0,not_published,,engineering_pending,0,100,0,,official,default,false
431508,Tivissa,30,Ribera d'Ebre,2025,,,,,,0,missing,gencat_housing_sales_2025,,2026-08-21T21:48:17Z,0.2.0,not_published,,engineering_pending,0,100,0,,official,default,false
431515,la Torre de Fontaubella,29,Priorat,2025,,,,,,0,missing,gencat_housing_sales_2025,,2026-08-21T21:48:17Z,0.2.0,not_published,,engineering_pending,0,100,0,,official,default,false
431520,la Torre de l'Espanyol,30,Ribera d'Ebre,2025,,,,,,0,missing,gencat_housing_sales_2025,,2026-08-21T21:48:17Z,0.2.0,not_published,,engineering_pending,0,100,0,,official,default,false
431536,Torredembarra,36,Tarragonès,2025,365,87.69,185122.38,2260.86,52.5817,100,municipality,gencat_housing_sales_2025,,2026-08-21T21:48:17Z,0.2.0,,,complete,52.5817,52.5817,100,,official,default,true
431541,Torroja del Priorat,29,Priorat,2025,,,,,,0,missing,gencat_housing_sales_2025,,2026-08-21T21:48:17Z,0.2.0,not_published,,engineering_pending,0,100,0,,official,default,false
431554,Tortosa,09,Baix Ebre,2025,447,95.65,80859.6,861.37,0,100,municipality,gencat_housing_sales_2025,,2026-08-21T21:48:17Z,0.2.0,,,complete,0,0,100,,official,default,true
431567,Ulldecona,22,Montsià,2025,149,86.03,56232.42,641.57,0,100,municipality,gencat_housing_sales_2025,,2026-08-21T21:48:17Z,0.2.0,,,complete,0,0,100,,official,default,true
431573,Ulldemolins,29,Priorat,2025,,,,,,0,missing,gencat_housing_sales_2025,,2026-08-21T21:48:17Z,0.2.0,not_published,,engineering_pending,0,100,0,,official,default,false
431589,Vallclara,16,Conca de Barberà,2025,,,,,,0,missing,gencat_housing_sales_2025,,2026-08-21T21:48:17Z,0.2.0,not_published,,engineering_pending,0,100,0,,official,default,false
431592,Vallfogona de Riucorb,16,Conca de Barberà,2025,,,,,,0,missing,gencat_housing_sales_2025,,2026-08-21T21:48:17Z,0.2.0,not_published,,engineering_pending,0,100,0,,official,default,false
431606,Vallmoll,01,Alt Camp,2025,,,,,,0,missing,gencat_housing_sales_2025,,2026-08-21T21:48:17Z,0.2.0,not_published,,engineering_pending,0,100,0,,official,default,false
431613,Valls,01,Alt Camp,2025,297,94.11,106008.09,1177.82,11.7759,100,municipality,gencat_housing_sales_2025,,2026-08-21T21:48:17Z,0.2.0,,,complete,11.7759,11.7759,100,,official,default,true
431628,Vandellòs i l'Hospitalet de l'Infant,08,Baix Camp,2025,171,81.28,167704.79,2220.62,51.0656,100,municipality,gencat_housing_sales_2025,,2026-08-21T21:48:17Z,0.2.0,,,complete,51.0656,51.0656,100,,official,default,true
431634,el Vendrell,12,Baix Penedès,2025,898,92.04,155407.74,1794.83,35.0231,100,municipality,gencat_housing_sales_2025,,2026-08-21T21:48:17Z,0.2.0,,,complete,35.0231,35.0231,100,,official,default,true
431649,Vespella de Gaià,36,Tarragonès,2025,,,,,,0,missing,gencat_housing_sales_2025,,2026-08-21T21:48:17Z,0.2.0,not_published,,engineering_pending,0,100,0,,official,default,false
431652,Vilabella,01,Alt Camp,2025,,,,,,0,missing,gencat_housing_sales_2025,,2026-08-21T21:48:17Z,0.2.0,not_published,,engineering_pending,0,100,0,,official,default,false
431665,Vilallonga del Camp,36,Tarragonès,2025,33,103.3,161872.84,1680.13,30.7015,100,municipality,gencat_housing_sales_2025,,2026-08-21T21:48:17Z,0.2.0,,,complete,30.7015,30.7015,100,,official,default,true
431671,Vilanova d'Escornalbou,08,Baix Camp,2025,,,,,,0,missing,gencat_housing_sales_2025,,2026-08-21T21:48:17Z,0.2.0,not_published,,engineering_pending,0,100,0,,official,default,false
431687,Vilanova de Prades,16,Conca de Barberà,2025,,,,,,0,missing,gencat_housing_sales_2025,,2026-08-21T21:48:17Z,0.2.0,not_published,,engineering_pending,0,100,0,,official,default,false
431690,Vilaplana,08,Baix Camp,2025,,,,,,0,missing,gencat_housing_sales_2025,,2026-08-21T21:48:17Z,0.2.0,not_published,,engineering_pending,0,100,0,,official,default,false
431704,Vila-rodona,01,Alt Camp,2025,,,,,,0,missing,gencat_housing_sales_2025,,2026-08-21T21:48:17Z,0.2.0,not_published,,engineering_pending,0,100,0,,official,default,false
431711,Vila-seca,36,Tarragonès,2025,418,73.32,166294.38,2510.54,61.9889,100,municipality,gencat_housing_sales_2025,,2026-08-21T21:48:17Z,0.2.0,,,complete,61.9889,61.9889,100,,official,default,true
431726,Vilaverd,16,Conca de Barberà,2025,,,,,,0,missing,gencat_housing_sales_2025,,2026-08-21T21:48:17Z,0.2.0,not_published,,engineering_pending,0,100,0,,official,default,false
431732,la Vilella Alta,29,Priorat,2025,,,,,,0,missing,gencat_housing_sales_2025,,2026-08-21T21:48:17Z,0.2.0,not_published,,engineering_pending,0,100,0,,official,default,false
431747,la Vilella Baixa,29,Priorat,2025,,,,,,0,missing,gencat_housing_sales_2025,,2026-08-21T21:48:17Z,0.2.0,not_published,,engineering_pending,0,100,0,,official,default,false
431750,Vilalba dels Arcs,37,Terra Alta,2025,,,,,,0,missing,gencat_housing_sales_2025,,2026-08-21T21:48:17Z,0.2.0,not_published,,engineering_pending,0,100,0,,official,default,false
431763,Vimbodí i Poblet,16,Conca de Barberà,2025,,,,,,0,missing,gencat_housing_sales_2025,,2026-08-21T21:48:17Z,0.2.0,not_published,,engineering_pending,0,100,0,,official,default,false
431779,Vinebre,30,Ribera d'Ebre,2025,,,,,,0,missing,gencat_housing_sales_2025,,2026-08-21T21:48:17Z,0.2.0,not_published,,engineering_pending,0,100,0,,official,default,false
431785,Vinyols i els Arcs,08,Baix Camp,2025,34,87.42,162794.69,2107.88,46.8179,100,municipality,gencat_housing_sales_2025,,2026-08-21T21:48:17Z,0.2.0,,,complete,46.8179,46.8179,100,,official,default,true
439018,Deltebre,09,Baix Ebre,2025,195,84.28,80213.94,1025.48,6.0362,100,municipality,gencat_housing_sales_2025,,2026-08-21T21:48:17Z,0.2.0,,,complete,6.0362,6.0362,100,,official,default,true
439023,Sant Jaume d'Enveja,22,Montsià,2025,94,76.42,61505.53,812.04,0,100,municipality,gencat_housing_sales_2025,,2026-08-21T21:48:17Z,0.2.0,,,complete,0,0,100,,official,default,true
439039,Camarles,09,Baix Ebre,2025,33,103.7,73253.89,749.77,0,100,municipality,gencat_housing_sales_2025,,2026-08-21T21:48:17Z,0.2.0,,,complete,0,0,100,,official,default,true
439044,l'Aldea,09,Baix Ebre,2025,67,86.37,52034.93,653.57,0,100,municipality,gencat_housing_sales_2025,,2026-08-21T21:48:17Z,0.2.0,,,complete,0,0,100,,official,default,true
439057,Salou,36,Tarragonès,2025,919,63.79,154860.54,2552.82,63.5819,100,municipality,gencat_housing_sales_2025,,2026-08-21T21:48:17Z,0.2.0,,,complete,63.5819,63.5819,100,,official,default,true
439060,l'Ampolla,09,Baix Ebre,2025,151,80.48,155405.52,1996.89,42.6361,100,municipality,gencat_housing_sales_2025,,2026-08-21T21:48:17Z,0.2.0,,,complete,42.6361,42.6361,100,,official,default,true
439076,la Canonja,36,Tarragonès,2025,,,,,,0,missing,gencat_housing_sales_2025,,2026-08-21T21:48:17Z,0.2.0,not_published,,engineering_pending,0,100,0,,official,default,false
