municipality_code,municipality_name,comarca_code,comarca_name,reference_period,price_eur_m2_current,price_eur_m2_1y_ago,price_eur_m2_3y_ago,growth_1y_pct,cagr_3y_pct,score_0_100,confidence_0_100,data_scope,source_id,source_updated_at,retrieved_at,method_version,missing_reason,notes,score_status,score_min_0_100,score_max_0_100,coverage_weight_pct,rank_stability_0_100,source_tier,method_variant,usable_for_composite
080018,Abrera,11,Baix Llobregat,2022-2025,2189.27,2130.75,1893.99,2.746451,4.947931,53.237,90,municipality,gencat_housing_sales_2022_2024_2025,,2026-08-21T21:48:17Z,0.2.0,,,complete,53.237,53.237,100,,official,default,true
080023,Aguilar de Segarra,07,Bages,2022-2025,,,,,,,0,missing,gencat_housing_sales_2022_2024_2025,,2026-08-21T21:48:17Z,0.2.0,insufficient_history,,methodology_pending,0,100,0,,official,default,false
080039,Alella,21,Maresme,2022-2025,3973.74,3358.11,3273.78,18.332634,6.671889,67.4078,90,municipality,gencat_housing_sales_2022_2024_2025,,2026-08-21T21:48:17Z,0.2.0,,,complete,67.4078,67.4078,100,,official,default,true
080044,Alpens,43,Lluçanès,2022-2025,,,,,,,0,missing,gencat_housing_sales_2022_2024_2025,,2026-08-21T21:48:17Z,0.2.0,insufficient_history,,methodology_pending,0,100,0,,official,default,false
080057,l'Ametlla del Vallès,41,Vallès Oriental,2022-2025,2016.8,1847.57,1717.7,9.159599,5.49661,57.7471,90,municipality,gencat_housing_sales_2022_2024_2025,,2026-08-21T21:48:17Z,0.2.0,,,complete,57.7471,57.7471,100,,official,default,true
080060,Arenys de Mar,21,Maresme,2022-2025,2776.73,2602.41,2829.46,6.698406,-0.625102,7.427,90,municipality,gencat_housing_sales_2022_2024_2025,,2026-08-21T21:48:17Z,0.2.0,,,complete,7.427,7.427,100,,official,default,true
080076,Arenys de Munt,21,Maresme,2022-2025,2453.09,1990.57,2071.76,23.235556,5.793263,60.1856,90,municipality,gencat_housing_sales_2022_2024_2025,,2026-08-21T21:48:17Z,0.2.0,,,complete,60.1856,60.1856,100,,official,default,true
080082,Argençola,06,Anoia,2022-2025,,,,,,,0,missing,gencat_housing_sales_2022_2024_2025,,2026-08-21T21:48:17Z,0.2.0,insufficient_history,,methodology_pending,0,100,0,,official,default,false
080095,Argentona,21,Maresme,2022-2025,2955.41,2552.94,2318.42,15.764961,8.428107,81.8438,90,municipality,gencat_housing_sales_2022_2024_2025,,2026-08-21T21:48:17Z,0.2.0,,,complete,81.8438,81.8438,100,,official,default,true
080109,Artés,07,Bages,2022-2025,1300.74,1079.2,1192.69,20.528169,2.932923,36.6737,90,municipality,gencat_housing_sales_2022_2024_2025,,2026-08-21T21:48:17Z,0.2.0,,,complete,36.6737,36.6737,100,,official,default,true
080116,Avià,14,Berguedà,2022-2025,1582.91,,,,,,0,missing,gencat_housing_sales_2022_2024_2025,,2026-08-21T21:48:17Z,0.2.0,insufficient_history,,methodology_pending,0,100,0,,official,default,false
080121,Avinyó,07,Bages,2022-2025,981.24,,,,,,0,missing,gencat_housing_sales_2022_2024_2025,,2026-08-21T21:48:17Z,0.2.0,insufficient_history,,methodology_pending,0,100,0,,official,default,false
080137,Avinyonet del Penedès,03,Alt Penedès,2022-2025,,,,,,,0,missing,gencat_housing_sales_2022_2024_2025,,2026-08-21T21:48:17Z,0.2.0,insufficient_history,,methodology_pending,0,100,0,,official,default,false
080142,Aiguafreda,24,Osona,2022-2025,1835.18,,,,,,0,missing,gencat_housing_sales_2022_2024_2025,,2026-08-21T21:48:17Z,0.2.0,insufficient_history,,methodology_pending,0,100,0,,official,default,false
080155,Badalona,13,Barcelonès,2022-2025,2760.89,2467.38,2275.94,11.895614,6.650468,67.2317,90,municipality,gencat_housing_sales_2022_2024_2025,,2026-08-21T21:48:17Z,0.2.0,,,complete,67.2317,67.2317,100,,official,default,true
080168,Bagà,14,Berguedà,2022-2025,2138.75,,,,,,0,missing,gencat_housing_sales_2022_2024_2025,,2026-08-21T21:48:17Z,0.2.0,insufficient_history,,methodology_pending,0,100,0,,official,default,false
080174,Balenyà,24,Osona,2022-2025,2302.04,,,,,,0,missing,gencat_housing_sales_2022_2024_2025,,2026-08-21T21:48:17Z,0.2.0,insufficient_history,,methodology_pending,0,100,0,,official,default,false
080180,Balsareny,07,Bages,2022-2025,1497.2,,,,,,0,missing,gencat_housing_sales_2022_2024_2025,,2026-08-21T21:48:17Z,0.2.0,insufficient_history,,methodology_pending,0,100,0,,official,default,false
080193,Barcelona,13,Barcelonès,2022-2025,4748.1,4403.89,4267.7,7.816044,3.619619,42.3183,90,municipality,gencat_housing_sales_2022_2024_2025,,2026-08-21T21:48:17Z,0.2.0,,,complete,42.3183,42.3183,100,,official,default,true
080207,Begues,11,Baix Llobregat,2022-2025,2913.91,2495.51,2301.96,16.766112,8.174805,79.7617,90,municipality,gencat_housing_sales_2022_2024_2025,,2026-08-21T21:48:17Z,0.2.0,,,complete,79.7617,79.7617,100,,official,default,true
080214,Bellprat,06,Anoia,2022-2025,,,,,,,0,missing,gencat_housing_sales_2022_2024_2025,,2026-08-21T21:48:17Z,0.2.0,insufficient_history,,methodology_pending,0,100,0,,official,default,false
080229,Berga,14,Berguedà,2022-2025,1219.13,1188.23,1105.27,2.600507,3.322256,39.874,90,municipality,gencat_housing_sales_2022_2024_2025,,2026-08-21T21:48:17Z,0.2.0,,,complete,39.874,39.874,100,,official,default,true
080235,Bigues i Riells del Fai,41,Vallès Oriental,2022-2025,1776.28,1528.57,1488.1,16.205342,6.078272,62.5283,90,municipality,gencat_housing_sales_2022_2024_2025,,2026-08-21T21:48:17Z,0.2.0,,,complete,62.5283,62.5283,100,,official,default,true
080240,Borredà,14,Berguedà,2022-2025,,,,,,,0,missing,gencat_housing_sales_2022_2024_2025,,2026-08-21T21:48:17Z,0.2.0,insufficient_history,,methodology_pending,0,100,0,,official,default,false
080253,el Bruc,06,Anoia,2022-2025,1840.79,,,,,,0,missing,gencat_housing_sales_2022_2024_2025,,2026-08-21T21:48:17Z,0.2.0,insufficient_history,,methodology_pending,0,100,0,,official,default,false
080266,el Brull,24,Osona,2022-2025,,,,,,,0,missing,gencat_housing_sales_2022_2024_2025,,2026-08-21T21:48:17Z,0.2.0,insufficient_history,,methodology_pending,0,100,0,,official,default,false
080272,les Cabanyes,03,Alt Penedès,2022-2025,,,,,,,0,missing,gencat_housing_sales_2022_2024_2025,,2026-08-21T21:48:17Z,0.2.0,insufficient_history,,methodology_pending,0,100,0,,official,default,false
080288,Cabrera d'Anoia,06,Anoia,2022-2025,,,,,,,0,missing,gencat_housing_sales_2022_2024_2025,,2026-08-21T21:48:17Z,0.2.0,insufficient_history,,methodology_pending,0,100,0,,official,default,false
080291,Cabrera de Mar,21,Maresme,2022-2025,3778.91,,,,,,0,missing,gencat_housing_sales_2022_2024_2025,,2026-08-21T21:48:17Z,0.2.0,insufficient_history,,methodology_pending,0,100,0,,official,default,false
080305,Cabrils,21,Maresme,2022-2025,2891.94,2802.53,3267.12,3.190332,-3.984489,0,90,municipality,gencat_housing_sales_2022_2024_2025,,2026-08-21T21:48:17Z,0.2.0,,,complete,0,0,100,,official,default,true
080312,Calaf,06,Anoia,2022-2025,984.8,,,,,,0,missing,gencat_housing_sales_2022_2024_2025,,2026-08-21T21:48:17Z,0.2.0,insufficient_history,,methodology_pending,0,100,0,,official,default,false
080327,Caldes d'Estrac,21,Maresme,2022-2025,3207.14,,,,,,0,missing,gencat_housing_sales_2022_2024_2025,,2026-08-21T21:48:17Z,0.2.0,insufficient_history,,methodology_pending,0,100,0,,official,default,false
080333,Caldes de Montbui,41,Vallès Oriental,2022-2025,2242.91,2070.07,1909.41,8.349476,5.512574,57.8783,90,municipality,gencat_housing_sales_2022_2024_2025,,2026-08-21T21:48:17Z,0.2.0,,,complete,57.8783,57.8783,100,,official,default,true
080348,Calders,42,Moianès,2022-2025,,,,,,,0,missing,gencat_housing_sales_2022_2024_2025,,2026-08-21T21:48:17Z,0.2.0,insufficient_history,,methodology_pending,0,100,0,,official,default,false
080351,Calella,21,Maresme,2022-2025,2418.87,2231.38,2273.05,8.402424,2.094226,29.7797,90,municipality,gencat_housing_sales_2022_2024_2025,,2026-08-21T21:48:17Z,0.2.0,,,complete,29.7797,29.7797,100,,official,default,true
080364,Calonge de Segarra,06,Anoia,2022-2025,,,,,,,0,missing,gencat_housing_sales_2022_2024_2025,,2026-08-21T21:48:17Z,0.2.0,insufficient_history,,methodology_pending,0,100,0,,official,default,false
080370,Calldetenes,24,Osona,2022-2025,3046.39,,,,,,0,missing,gencat_housing_sales_2022_2024_2025,,2026-08-21T21:48:17Z,0.2.0,insufficient_history,,methodology_pending,0,100,0,,official,default,false
080386,Callús,07,Bages,2022-2025,1230.08,,,,,,0,missing,gencat_housing_sales_2022_2024_2025,,2026-08-21T21:48:17Z,0.2.0,insufficient_history,,methodology_pending,0,100,0,,official,default,false
080399,Campins,41,Vallès Oriental,2022-2025,,,,,,,0,missing,gencat_housing_sales_2022_2024_2025,,2026-08-21T21:48:17Z,0.2.0,insufficient_history,,methodology_pending,0,100,0,,official,default,false
080403,Canet de Mar,21,Maresme,2022-2025,2364.88,2212.84,2462.96,6.870809,-1.34542,1.506,90,municipality,gencat_housing_sales_2022_2024_2025,,2026-08-21T21:48:17Z,0.2.0,,,complete,1.506,1.506,100,,official,default,true
080410,Canovelles,41,Vallès Oriental,2022-2025,1732.37,1647.74,1450.49,5.136126,6.098352,62.6934,90,municipality,gencat_housing_sales_2022_2024_2025,,2026-08-21T21:48:17Z,0.2.0,,,complete,62.6934,62.6934,100,,official,default,true
080425,Cànoves i Samalús,41,Vallès Oriental,2022-2025,2306.78,,,,,,0,missing,gencat_housing_sales_2022_2024_2025,,2026-08-21T21:48:17Z,0.2.0,insufficient_history,,methodology_pending,0,100,0,,official,default,false
080431,Canyelles,17,Garraf,2022-2025,1760.75,1879.13,,-6.299724,,,0,missing,gencat_housing_sales_2022_2024_2025,,2026-08-21T21:48:17Z,0.2.0,insufficient_history,,methodology_pending,0,100,0,,official,default,false
080446,Capellades,06,Anoia,2022-2025,1149.29,1100.72,1097.85,4.412566,1.538063,25.2081,90,municipality,gencat_housing_sales_2022_2024_2025,,2026-08-21T21:48:17Z,0.2.0,,,complete,25.2081,25.2081,100,,official,default,true
080459,Capolat,14,Berguedà,2022-2025,,,,,,,0,missing,gencat_housing_sales_2022_2024_2025,,2026-08-21T21:48:17Z,0.2.0,insufficient_history,,methodology_pending,0,100,0,,official,default,false
080462,Cardedeu,41,Vallès Oriental,2022-2025,2787.01,2334.36,2343.86,19.390754,5.942192,61.4098,90,municipality,gencat_housing_sales_2022_2024_2025,,2026-08-21T21:48:17Z,0.2.0,,,complete,61.4098,61.4098,100,,official,default,true
080478,Cardona,07,Bages,2022-2025,838.03,,,,,,0,missing,gencat_housing_sales_2022_2024_2025,,2026-08-21T21:48:17Z,0.2.0,insufficient_history,,methodology_pending,0,100,0,,official,default,false
080484,Carme,06,Anoia,2022-2025,,,,,,,0,missing,gencat_housing_sales_2022_2024_2025,,2026-08-21T21:48:17Z,0.2.0,insufficient_history,,methodology_pending,0,100,0,,official,default,false
080497,Casserres,14,Berguedà,2022-2025,,,,,,,0,missing,gencat_housing_sales_2022_2024_2025,,2026-08-21T21:48:17Z,0.2.0,insufficient_history,,methodology_pending,0,100,0,,official,default,false
080500,Castellar del Riu,14,Berguedà,2022-2025,,,,,,,0,missing,gencat_housing_sales_2022_2024_2025,,2026-08-21T21:48:17Z,0.2.0,insufficient_history,,methodology_pending,0,100,0,,official,default,false
080517,Castellar del Vallès,40,Vallès Occidental,2022-2025,2267.16,2122.53,2117.38,6.814038,2.304433,31.5076,90,municipality,gencat_housing_sales_2022_2024_2025,,2026-08-21T21:48:17Z,0.2.0,,,complete,31.5076,31.5076,100,,official,default,true
080522,Castellar de n'Hug,14,Berguedà,2022-2025,,,,,,,0,missing,gencat_housing_sales_2022_2024_2025,,2026-08-21T21:48:17Z,0.2.0,insufficient_history,,methodology_pending,0,100,0,,official,default,false
080538,Castellbell i el Vilar,07,Bages,2022-2025,1484.43,,,,,,0,missing,gencat_housing_sales_2022_2024_2025,,2026-08-21T21:48:17Z,0.2.0,insufficient_history,,methodology_pending,0,100,0,,official,default,false
080543,Castellbisbal,40,Vallès Occidental,2022-2025,2297.08,2106.75,2204.47,9.034295,1.381172,23.9184,90,municipality,gencat_housing_sales_2022_2024_2025,,2026-08-21T21:48:17Z,0.2.0,,,complete,23.9184,23.9184,100,,official,default,true
080556,Castellcir,42,Moianès,2022-2025,,,,,,,0,missing,gencat_housing_sales_2022_2024_2025,,2026-08-21T21:48:17Z,0.2.0,insufficient_history,,methodology_pending,0,100,0,,official,default,false
080569,Castelldefels,11,Baix Llobregat,2022-2025,4665.37,4301.75,3966.38,8.452839,5.559484,58.2639,90,municipality,gencat_housing_sales_2022_2024_2025,,2026-08-21T21:48:17Z,0.2.0,,,complete,58.2639,58.2639,100,,official,default,true
080575,Castell de l'Areny,14,Berguedà,2022-2025,,,,,,,0,missing,gencat_housing_sales_2022_2024_2025,,2026-08-21T21:48:17Z,0.2.0,insufficient_history,,methodology_pending,0,100,0,,official,default,false
080581,Castellet i la Gornal,03,Alt Penedès,2022-2025,1268.56,,,,,,0,missing,gencat_housing_sales_2022_2024_2025,,2026-08-21T21:48:17Z,0.2.0,insufficient_history,,methodology_pending,0,100,0,,official,default,false
080594,Castellfollit del Boix,07,Bages,2022-2025,,,,,,,0,missing,gencat_housing_sales_2022_2024_2025,,2026-08-21T21:48:17Z,0.2.0,insufficient_history,,methodology_pending,0,100,0,,official,default,false
080608,Castellfollit de Riubregós,06,Anoia,2022-2025,,,,,,,0,missing,gencat_housing_sales_2022_2024_2025,,2026-08-21T21:48:17Z,0.2.0,insufficient_history,,methodology_pending,0,100,0,,official,default,false
080615,Castellgalí,07,Bages,2022-2025,1813.38,,,,,,0,missing,gencat_housing_sales_2022_2024_2025,,2026-08-21T21:48:17Z,0.2.0,insufficient_history,,methodology_pending,0,100,0,,official,default,false
080620,Castellnou de Bages,07,Bages,2022-2025,,,,,,,0,missing,gencat_housing_sales_2022_2024_2025,,2026-08-21T21:48:17Z,0.2.0,insufficient_history,,methodology_pending,0,100,0,,official,default,false
080636,Castellolí,06,Anoia,2022-2025,,,,,,,0,missing,gencat_housing_sales_2022_2024_2025,,2026-08-21T21:48:17Z,0.2.0,insufficient_history,,methodology_pending,0,100,0,,official,default,false
080641,Castellterçol,42,Moianès,2022-2025,1748.36,,,,,,0,missing,gencat_housing_sales_2022_2024_2025,,2026-08-21T21:48:17Z,0.2.0,insufficient_history,,methodology_pending,0,100,0,,official,default,false
080654,Castellví de la Marca,03,Alt Penedès,2022-2025,,,,,,,0,missing,gencat_housing_sales_2022_2024_2025,,2026-08-21T21:48:17Z,0.2.0,insufficient_history,,methodology_pending,0,100,0,,official,default,false
080667,Castellví de Rosanes,11,Baix Llobregat,2022-2025,1674.35,,,,,,0,missing,gencat_housing_sales_2022_2024_2025,,2026-08-21T21:48:17Z,0.2.0,insufficient_history,,methodology_pending,0,100,0,,official,default,false
080673,Centelles,24,Osona,2022-2025,2125.19,2058.06,2107.9,3.26181,0.272672,14.8066,90,municipality,gencat_housing_sales_2022_2024_2025,,2026-08-21T21:48:17Z,0.2.0,,,complete,14.8066,14.8066,100,,official,default,true
080689,Cervelló,11,Baix Llobregat,2022-2025,2166.92,2015.57,1882.48,7.509042,4.802305,52.04,90,municipality,gencat_housing_sales_2022_2024_2025,,2026-08-21T21:48:17Z,0.2.0,,,complete,52.04,52.04,100,,official,default,true
080692,Collbató,11,Baix Llobregat,2022-2025,2168.62,,,,,,0,missing,gencat_housing_sales_2022_2024_2025,,2026-08-21T21:48:17Z,0.2.0,insufficient_history,,methodology_pending,0,100,0,,official,default,false
080706,Collsuspina,42,Moianès,2022-2025,,,,,,,0,missing,gencat_housing_sales_2022_2024_2025,,2026-08-21T21:48:17Z,0.2.0,insufficient_history,,methodology_pending,0,100,0,,official,default,false
080713,Copons,06,Anoia,2022-2025,,,,,,,0,missing,gencat_housing_sales_2022_2024_2025,,2026-08-21T21:48:17Z,0.2.0,insufficient_history,,methodology_pending,0,100,0,,official,default,false
080728,Corbera de Llobregat,11,Baix Llobregat,2022-2025,2052.96,1984.78,1788.43,3.435141,4.705505,51.2443,90,municipality,gencat_housing_sales_2022_2024_2025,,2026-08-21T21:48:17Z,0.2.0,,,complete,51.2443,51.2443,100,,official,default,true
080734,Cornellà de Llobregat,11,Baix Llobregat,2022-2025,2994.24,2867.09,2964.68,4.43481,0.331259,15.2882,90,municipality,gencat_housing_sales_2022_2024_2025,,2026-08-21T21:48:17Z,0.2.0,,,complete,15.2882,15.2882,100,,official,default,true
080749,Cubelles,17,Garraf,2022-2025,2676.13,2389.72,2172.5,11.985086,7.196961,71.7239,90,municipality,gencat_housing_sales_2022_2024_2025,,2026-08-21T21:48:17Z,0.2.0,,,complete,71.7239,71.7239,100,,official,default,true
080752,Dosrius,21,Maresme,2022-2025,2259.78,1688.72,1515.75,33.816145,14.238597,100,90,municipality,gencat_housing_sales_2022_2024_2025,,2026-08-21T21:48:17Z,0.2.0,,,complete,100,100,100,,official,default,true
080765,Esparreguera,11,Baix Llobregat,2022-2025,2291.04,2048.31,1881.38,11.850257,6.787081,68.3547,90,municipality,gencat_housing_sales_2022_2024_2025,,2026-08-21T21:48:17Z,0.2.0,,,complete,68.3547,68.3547,100,,official,default,true
080771,Esplugues de Llobregat,11,Baix Llobregat,2022-2025,3817.4,3485.37,3282.08,9.526392,5.16539,55.0245,90,municipality,gencat_housing_sales_2022_2024_2025,,2026-08-21T21:48:17Z,0.2.0,,,complete,55.0245,55.0245,100,,official,default,true
080787,l'Espunyola,14,Berguedà,2022-2025,,,,,,,0,missing,gencat_housing_sales_2022_2024_2025,,2026-08-21T21:48:17Z,0.2.0,insufficient_history,,methodology_pending,0,100,0,,official,default,false
080790,l'Estany,42,Moianès,2022-2025,,,,,,,0,missing,gencat_housing_sales_2022_2024_2025,,2026-08-21T21:48:17Z,0.2.0,insufficient_history,,methodology_pending,0,100,0,,official,default,false
080804,Fígols,14,Berguedà,2022-2025,,,,,,,0,missing,gencat_housing_sales_2022_2024_2025,,2026-08-21T21:48:17Z,0.2.0,insufficient_history,,methodology_pending,0,100,0,,official,default,false
080811,Fogars de Montclús,41,Vallès Oriental,2022-2025,,,,,,,0,missing,gencat_housing_sales_2022_2024_2025,,2026-08-21T21:48:17Z,0.2.0,insufficient_history,,methodology_pending,0,100,0,,official,default,false
080826,Fogars de la Selva,34,Selva,2022-2025,,,,,,,0,missing,gencat_housing_sales_2022_2024_2025,,2026-08-21T21:48:17Z,0.2.0,insufficient_history,,methodology_pending,0,100,0,,official,default,false
080832,Folgueroles,24,Osona,2022-2025,3313.41,,,,,,0,missing,gencat_housing_sales_2022_2024_2025,,2026-08-21T21:48:17Z,0.2.0,insufficient_history,,methodology_pending,0,100,0,,official,default,false
080847,Fonollosa,07,Bages,2022-2025,,,,,,,0,missing,gencat_housing_sales_2022_2024_2025,,2026-08-21T21:48:17Z,0.2.0,insufficient_history,,methodology_pending,0,100,0,,official,default,false
080850,Font-rubí,03,Alt Penedès,2022-2025,,,,,,,0,missing,gencat_housing_sales_2022_2024_2025,,2026-08-21T21:48:17Z,0.2.0,insufficient_history,,methodology_pending,0,100,0,,official,default,false
080863,les Franqueses del Vallès,41,Vallès Oriental,2022-2025,2608.74,2623.45,2053.69,-0.560712,8.300876,80.798,90,municipality,gencat_housing_sales_2022_2024_2025,,2026-08-21T21:48:17Z,0.2.0,,,complete,80.798,80.798,100,,official,default,true
080879,Gallifa,40,Vallès Occidental,2022-2025,,,,,,,0,missing,gencat_housing_sales_2022_2024_2025,,2026-08-21T21:48:17Z,0.2.0,insufficient_history,,methodology_pending,0,100,0,,official,default,false
080885,la Garriga,41,Vallès Oriental,2022-2025,2640.65,2291.64,2168.08,15.229704,6.793588,68.4082,90,municipality,gencat_housing_sales_2022_2024_2025,,2026-08-21T21:48:17Z,0.2.0,,,complete,68.4082,68.4082,100,,official,default,true
080898,Gavà,11,Baix Llobregat,2022-2025,3991.4,3593.05,3264.56,11.086681,6.930156,69.5308,90,municipality,gencat_housing_sales_2022_2024_2025,,2026-08-21T21:48:17Z,0.2.0,,,complete,69.5308,69.5308,100,,official,default,true
080902,Gaià,07,Bages,2022-2025,,,,,,,0,missing,gencat_housing_sales_2022_2024_2025,,2026-08-21T21:48:17Z,0.2.0,insufficient_history,,methodology_pending,0,100,0,,official,default,false
080919,Gelida,03,Alt Penedès,2022-2025,1958.39,1731.56,1520.08,13.099748,8.812197,85.001,90,municipality,gencat_housing_sales_2022_2024_2025,,2026-08-21T21:48:17Z,0.2.0,,,complete,85.001,85.001,100,,official,default,true
080924,Gironella,14,Berguedà,2022-2025,915.05,,,,,,0,missing,gencat_housing_sales_2022_2024_2025,,2026-08-21T21:48:17Z,0.2.0,insufficient_history,,methodology_pending,0,100,0,,official,default,false
080930,Gisclareny,14,Berguedà,2022-2025,,,,,,,0,missing,gencat_housing_sales_2022_2024_2025,,2026-08-21T21:48:17Z,0.2.0,insufficient_history,,methodology_pending,0,100,0,,official,default,false
080945,la Granada,03,Alt Penedès,2022-2025,1830.76,,,,,,0,missing,gencat_housing_sales_2022_2024_2025,,2026-08-21T21:48:17Z,0.2.0,insufficient_history,,methodology_pending,0,100,0,,official,default,false
080958,Granera,42,Moianès,2022-2025,,,,,,,0,missing,gencat_housing_sales_2022_2024_2025,,2026-08-21T21:48:17Z,0.2.0,insufficient_history,,methodology_pending,0,100,0,,official,default,false
080961,Granollers,41,Vallès Oriental,2022-2025,2483.99,2276.73,2146.57,9.103407,4.986856,53.5569,90,municipality,gencat_housing_sales_2022_2024_2025,,2026-08-21T21:48:17Z,0.2.0,,,complete,53.5569,53.5569,100,,official,default,true
080977,Gualba,41,Vallès Oriental,2022-2025,,,,,,,0,missing,gencat_housing_sales_2022_2024_2025,,2026-08-21T21:48:17Z,0.2.0,insufficient_history,,methodology_pending,0,100,0,,official,default,false
080983,Sant Salvador de Guardiola,07,Bages,2022-2025,2045.43,,,,,,0,missing,gencat_housing_sales_2022_2024_2025,,2026-08-21T21:48:17Z,0.2.0,insufficient_history,,methodology_pending,0,100,0,,official,default,false
080996,Guardiola de Berguedà,14,Berguedà,2022-2025,,,,,,,0,missing,gencat_housing_sales_2022_2024_2025,,2026-08-21T21:48:17Z,0.2.0,insufficient_history,,methodology_pending,0,100,0,,official,default,false
081000,Gurb,24,Osona,2022-2025,3783.59,,,,,,0,missing,gencat_housing_sales_2022_2024_2025,,2026-08-21T21:48:17Z,0.2.0,insufficient_history,,methodology_pending,0,100,0,,official,default,false
081017,l'Hospitalet de Llobregat,13,Barcelonès,2022-2025,2948.98,2633.34,2594.41,11.986299,4.362484,48.4246,90,municipality,gencat_housing_sales_2022_2024_2025,,2026-08-21T21:48:17Z,0.2.0,,,complete,48.4246,48.4246,100,,official,default,true
081022,Igualada,06,Anoia,2022-2025,1606.92,1595.75,1399.82,0.699984,4.706591,51.2532,90,municipality,gencat_housing_sales_2022_2024_2025,,2026-08-21T21:48:17Z,0.2.0,,,complete,51.2532,51.2532,100,,official,default,true
081038,Jorba,06,Anoia,2022-2025,,,,,,,0,missing,gencat_housing_sales_2022_2024_2025,,2026-08-21T21:48:17Z,0.2.0,insufficient_history,,methodology_pending,0,100,0,,official,default,false
081043,la Llacuna,06,Anoia,2022-2025,,,,,,,0,missing,gencat_housing_sales_2022_2024_2025,,2026-08-21T21:48:17Z,0.2.0,insufficient_history,,methodology_pending,0,100,0,,official,default,false
081056,la Llagosta,41,Vallès Oriental,2022-2025,2293.37,2057.95,1976.66,11.439539,5.078545,54.3106,90,municipality,gencat_housing_sales_2022_2024_2025,,2026-08-21T21:48:17Z,0.2.0,,,complete,54.3106,54.3106,100,,official,default,true
081069,Llinars del Vallès,41,Vallès Oriental,2022-2025,2245.13,2108.49,2040.25,6.480467,3.241119,39.2071,90,municipality,gencat_housing_sales_2022_2024_2025,,2026-08-21T21:48:17Z,0.2.0,,,complete,39.2071,39.2071,100,,official,default,true
081075,Lliçà d'Amunt,41,Vallès Oriental,2022-2025,1793.94,1686.89,1706.02,6.345998,1.689146,26.45,90,municipality,gencat_housing_sales_2022_2024_2025,,2026-08-21T21:48:17Z,0.2.0,,,complete,26.45,26.45,100,,official,default,true
081081,Lliçà de Vall,41,Vallès Oriental,2022-2025,2074.01,1751.1,1715.37,18.440409,6.533046,66.2665,90,municipality,gencat_housing_sales_2022_2024_2025,,2026-08-21T21:48:17Z,0.2.0,,,complete,66.2665,66.2665,100,,official,default,true
081094,Lluçà,43,Lluçanès,2022-2025,,,,,,,0,missing,gencat_housing_sales_2022_2024_2025,,2026-08-21T21:48:17Z,0.2.0,insufficient_history,,methodology_pending,0,100,0,,official,default,false
081108,Malgrat de Mar,21,Maresme,2022-2025,2300.85,1907.1,1903.09,20.646531,6.531079,66.2504,90,municipality,gencat_housing_sales_2022_2024_2025,,2026-08-21T21:48:17Z,0.2.0,,,complete,66.2504,66.2504,100,,official,default,true
081115,Malla,24,Osona,2022-2025,,,,,,,0,missing,gencat_housing_sales_2022_2024_2025,,2026-08-21T21:48:17Z,0.2.0,insufficient_history,,methodology_pending,0,100,0,,official,default,false
081120,Manlleu,24,Osona,2022-2025,1103.41,1038.4,1043.55,6.260593,1.876625,27.991,90,municipality,gencat_housing_sales_2022_2024_2025,,2026-08-21T21:48:17Z,0.2.0,,,complete,27.991,27.991,100,,official,default,true
081136,Manresa,07,Bages,2022-2025,1475.81,1288.16,1257.44,14.56729,5.482657,57.6324,90,municipality,gencat_housing_sales_2022_2024_2025,,2026-08-21T21:48:17Z,0.2.0,,,complete,57.6324,57.6324,100,,official,default,true
081141,Martorell,11,Baix Llobregat,2022-2025,2100.64,1835.79,1715.03,14.427031,6.994134,70.0567,90,municipality,gencat_housing_sales_2022_2024_2025,,2026-08-21T21:48:17Z,0.2.0,,,complete,70.0567,70.0567,100,,official,default,true
081154,Martorelles,41,Vallès Oriental,2022-2025,2241.99,,,,,,0,missing,gencat_housing_sales_2022_2024_2025,,2026-08-21T21:48:17Z,0.2.0,insufficient_history,,methodology_pending,0,100,0,,official,default,false
081167,les Masies de Roda,24,Osona,2022-2025,,,,,,,0,missing,gencat_housing_sales_2022_2024_2025,,2026-08-21T21:48:17Z,0.2.0,insufficient_history,,methodology_pending,0,100,0,,official,default,false
081173,les Masies de Voltregà,24,Osona,2022-2025,1301.67,,,,,,0,missing,gencat_housing_sales_2022_2024_2025,,2026-08-21T21:48:17Z,0.2.0,insufficient_history,,methodology_pending,0,100,0,,official,default,false
081189,el Masnou,21,Maresme,2022-2025,3798.96,3460.45,3279.87,9.782254,5.019359,53.8241,90,municipality,gencat_housing_sales_2022_2024_2025,,2026-08-21T21:48:17Z,0.2.0,,,complete,53.8241,53.8241,100,,official,default,true
081192,Masquefa,06,Anoia,2022-2025,1935.29,1817.37,1949.58,6.488497,-0.244926,10.552,90,municipality,gencat_housing_sales_2022_2024_2025,,2026-08-21T21:48:17Z,0.2.0,,,complete,10.552,10.552,100,,official,default,true
081206,Matadepera,40,Vallès Occidental,2022-2025,2733.32,3010.87,2914.62,-9.218266,-2.117997,0,90,municipality,gencat_housing_sales_2022_2024_2025,,2026-08-21T21:48:17Z,0.2.0,,,complete,0,0,100,,official,default,true
081213,Mataró,21,Maresme,2022-2025,2540.29,2252.12,2253.87,12.795499,4.068225,46.0059,90,municipality,gencat_housing_sales_2022_2024_2025,,2026-08-21T21:48:17Z,0.2.0,,,complete,46.0059,46.0059,100,,official,default,true
081228,Mediona,03,Alt Penedès,2022-2025,1354.31,,,,,,0,missing,gencat_housing_sales_2022_2024_2025,,2026-08-21T21:48:17Z,0.2.0,insufficient_history,,methodology_pending,0,100,0,,official,default,false
081234,Molins de Rei,11,Baix Llobregat,2022-2025,3359.99,2854.48,2863.36,17.709355,5.476087,57.5784,90,municipality,gencat_housing_sales_2022_2024_2025,,2026-08-21T21:48:17Z,0.2.0,,,complete,57.5784,57.5784,100,,official,default,true
081249,Mollet del Vallès,41,Vallès Oriental,2022-2025,2386.27,2152.33,2140.83,10.869151,3.684173,42.849,90,municipality,gencat_housing_sales_2022_2024_2025,,2026-08-21T21:48:17Z,0.2.0,,,complete,42.849,42.849,100,,official,default,true
081252,Montcada i Reixac,40,Vallès Occidental,2022-2025,2231.98,2091.73,1909.85,6.704976,5.332812,56.4007,90,municipality,gencat_housing_sales_2022_2024_2025,,2026-08-21T21:48:17Z,0.2.0,,,complete,56.4007,56.4007,100,,official,default,true
081265,Montgat,21,Maresme,2022-2025,3639.54,3041.69,2950.95,19.655192,7.241171,72.0873,90,municipality,gencat_housing_sales_2022_2024_2025,,2026-08-21T21:48:17Z,0.2.0,,,complete,72.0873,72.0873,100,,official,default,true
081271,Monistrol de Montserrat,07,Bages,2022-2025,1482.28,,,,,,0,missing,gencat_housing_sales_2022_2024_2025,,2026-08-21T21:48:17Z,0.2.0,insufficient_history,,methodology_pending,0,100,0,,official,default,false
081287,Monistrol de Calders,42,Moianès,2022-2025,,,,,,,0,missing,gencat_housing_sales_2022_2024_2025,,2026-08-21T21:48:17Z,0.2.0,insufficient_history,,methodology_pending,0,100,0,,official,default,false
081290,Muntanyola,24,Osona,2022-2025,,,,,,,0,missing,gencat_housing_sales_2022_2024_2025,,2026-08-21T21:48:17Z,0.2.0,insufficient_history,,methodology_pending,0,100,0,,official,default,false
081304,Montclar,14,Berguedà,2022-2025,,,,,,,0,missing,gencat_housing_sales_2022_2024_2025,,2026-08-21T21:48:17Z,0.2.0,insufficient_history,,methodology_pending,0,100,0,,official,default,false
081311,Montesquiu,24,Osona,2022-2025,,,,,,,0,missing,gencat_housing_sales_2022_2024_2025,,2026-08-21T21:48:17Z,0.2.0,insufficient_history,,methodology_pending,0,100,0,,official,default,false
081326,Montmajor,14,Berguedà,2022-2025,,,,,,,0,missing,gencat_housing_sales_2022_2024_2025,,2026-08-21T21:48:17Z,0.2.0,insufficient_history,,methodology_pending,0,100,0,,official,default,false
081332,Montmaneu,06,Anoia,2022-2025,,,,,,,0,missing,gencat_housing_sales_2022_2024_2025,,2026-08-21T21:48:17Z,0.2.0,insufficient_history,,methodology_pending,0,100,0,,official,default,false
081347,Figaró-Montmany,41,Vallès Oriental,2022-2025,,,,,,,0,missing,gencat_housing_sales_2022_2024_2025,,2026-08-21T21:48:17Z,0.2.0,insufficient_history,,methodology_pending,0,100,0,,official,default,false
081350,Montmeló,41,Vallès Oriental,2022-2025,2704.25,2242.17,1895.49,20.608607,12.574955,100,90,municipality,gencat_housing_sales_2022_2024_2025,,2026-08-21T21:48:17Z,0.2.0,,,complete,100,100,100,,official,default,true
081363,Montornès del Vallès,41,Vallès Oriental,2022-2025,2219.94,2364.23,1753.07,-6.103044,8.18839,79.8734,90,municipality,gencat_housing_sales_2022_2024_2025,,2026-08-21T21:48:17Z,0.2.0,,,complete,79.8734,79.8734,100,,official,default,true
081379,Montseny,41,Vallès Oriental,2022-2025,,,,,,,0,missing,gencat_housing_sales_2022_2024_2025,,2026-08-21T21:48:17Z,0.2.0,insufficient_history,,methodology_pending,0,100,0,,official,default,false
081385,Moià,42,Moianès,2022-2025,1676.61,1595.53,1649.74,5.081697,0.539993,17.004,90,municipality,gencat_housing_sales_2022_2024_2025,,2026-08-21T21:48:17Z,0.2.0,,,complete,17.004,17.004,100,,official,default,true
081398,Mura,07,Bages,2022-2025,,,,,,,0,missing,gencat_housing_sales_2022_2024_2025,,2026-08-21T21:48:17Z,0.2.0,insufficient_history,,methodology_pending,0,100,0,,official,default,false
081402,Navarcles,07,Bages,2022-2025,1488.91,1500.73,1142.09,-0.787617,9.241932,88.5334,90,municipality,gencat_housing_sales_2022_2024_2025,,2026-08-21T21:48:17Z,0.2.0,,,complete,88.5334,88.5334,100,,official,default,true
081419,Navàs,07,Bages,2022-2025,1091.92,1153.06,1164.14,-5.302413,-2.112207,0,90,municipality,gencat_housing_sales_2022_2024_2025,,2026-08-21T21:48:17Z,0.2.0,,,complete,0,0,100,,official,default,true
081424,la Nou de Berguedà,14,Berguedà,2022-2025,,,,,,,0,missing,gencat_housing_sales_2022_2024_2025,,2026-08-21T21:48:17Z,0.2.0,insufficient_history,,methodology_pending,0,100,0,,official,default,false
081430,Òdena,06,Anoia,2022-2025,1439.55,,,,,,0,missing,gencat_housing_sales_2022_2024_2025,,2026-08-21T21:48:17Z,0.2.0,insufficient_history,,methodology_pending,0,100,0,,official,default,false
081445,Olvan,14,Berguedà,2022-2025,,,,,,,0,missing,gencat_housing_sales_2022_2024_2025,,2026-08-21T21:48:17Z,0.2.0,insufficient_history,,methodology_pending,0,100,0,,official,default,false
081458,Olèrdola,03,Alt Penedès,2022-2025,1413.47,,,,,,0,missing,gencat_housing_sales_2022_2024_2025,,2026-08-21T21:48:17Z,0.2.0,insufficient_history,,methodology_pending,0,100,0,,official,default,false
081461,Olesa de Bonesvalls,03,Alt Penedès,2022-2025,1560.82,,,,,,0,missing,gencat_housing_sales_2022_2024_2025,,2026-08-21T21:48:17Z,0.2.0,insufficient_history,,methodology_pending,0,100,0,,official,default,false
081477,Olesa de Montserrat,11,Baix Llobregat,2022-2025,2092.83,2107.11,1859.54,-0.677705,4.018234,45.5949,90,municipality,gencat_housing_sales_2022_2024_2025,,2026-08-21T21:48:17Z,0.2.0,,,complete,45.5949,45.5949,100,,official,default,true
081483,Olivella,17,Garraf,2022-2025,1601.11,,,,,,0,missing,gencat_housing_sales_2022_2024_2025,,2026-08-21T21:48:17Z,0.2.0,insufficient_history,,methodology_pending,0,100,0,,official,default,false
081496,Olost,43,Lluçanès,2022-2025,,,,,,,0,missing,gencat_housing_sales_2022_2024_2025,,2026-08-21T21:48:17Z,0.2.0,insufficient_history,,methodology_pending,0,100,0,,official,default,false
081509,Orís,24,Osona,2022-2025,,,,,,,0,missing,gencat_housing_sales_2022_2024_2025,,2026-08-21T21:48:17Z,0.2.0,insufficient_history,,methodology_pending,0,100,0,,official,default,false
081516,Oristà,43,Lluçanès,2022-2025,,,,,,,0,missing,gencat_housing_sales_2022_2024_2025,,2026-08-21T21:48:17Z,0.2.0,insufficient_history,,methodology_pending,0,100,0,,official,default,false
081521,Orpí,06,Anoia,2022-2025,,,,,,,0,missing,gencat_housing_sales_2022_2024_2025,,2026-08-21T21:48:17Z,0.2.0,insufficient_history,,methodology_pending,0,100,0,,official,default,false
081537,Òrrius,21,Maresme,2022-2025,,,,,,,0,missing,gencat_housing_sales_2022_2024_2025,,2026-08-21T21:48:17Z,0.2.0,insufficient_history,,methodology_pending,0,100,0,,official,default,false
081542,Pacs del Penedès,03,Alt Penedès,2022-2025,,,,,,,0,missing,gencat_housing_sales_2022_2024_2025,,2026-08-21T21:48:17Z,0.2.0,insufficient_history,,methodology_pending,0,100,0,,official,default,false
081555,Palafolls,21,Maresme,2022-2025,2237.83,1874.87,1658.32,19.359209,10.5061,98.9248,90,municipality,gencat_housing_sales_2022_2024_2025,,2026-08-21T21:48:17Z,0.2.0,,,complete,98.9248,98.9248,100,,official,default,true
081568,Palau-solità i Plegamans,40,Vallès Occidental,2022-2025,2423.39,2339.84,2212.03,3.570757,3.08863,37.9536,90,municipality,gencat_housing_sales_2022_2024_2025,,2026-08-21T21:48:17Z,0.2.0,,,complete,37.9536,37.9536,100,,official,default,true
081574,Pallejà,11,Baix Llobregat,2022-2025,2842.48,2466.46,2590.84,15.245331,3.138056,38.3599,90,municipality,gencat_housing_sales_2022_2024_2025,,2026-08-21T21:48:17Z,0.2.0,,,complete,38.3599,38.3599,100,,official,default,true
081580,el Papiol,11,Baix Llobregat,2022-2025,2563.42,,,,,,0,missing,gencat_housing_sales_2022_2024_2025,,2026-08-21T21:48:17Z,0.2.0,insufficient_history,,methodology_pending,0,100,0,,official,default,false
081593,Parets del Vallès,41,Vallès Oriental,2022-2025,2675.76,2592.41,2402.24,3.215155,3.659773,42.6484,90,municipality,gencat_housing_sales_2022_2024_2025,,2026-08-21T21:48:17Z,0.2.0,,,complete,42.6484,42.6484,100,,official,default,true
081607,Perafita,43,Lluçanès,2022-2025,,,,,,,0,missing,gencat_housing_sales_2022_2024_2025,,2026-08-21T21:48:17Z,0.2.0,insufficient_history,,methodology_pending,0,100,0,,official,default,false
081614,Piera,06,Anoia,2022-2025,1668,1509.69,1552.91,10.486259,2.411781,32.39,90,municipality,gencat_housing_sales_2022_2024_2025,,2026-08-21T21:48:17Z,0.2.0,,,complete,32.39,32.39,100,,official,default,true
081629,els Hostalets de Pierola,06,Anoia,2022-2025,1626.04,,,,,,0,missing,gencat_housing_sales_2022_2024_2025,,2026-08-21T21:48:17Z,0.2.0,insufficient_history,,methodology_pending,0,100,0,,official,default,false
081635,Pineda de Mar,21,Maresme,2022-2025,2435.93,2189.13,1962.79,11.273885,7.464162,73.9203,90,municipality,gencat_housing_sales_2022_2024_2025,,2026-08-21T21:48:17Z,0.2.0,,,complete,73.9203,73.9203,100,,official,default,true
081640,el Pla del Penedès,03,Alt Penedès,2022-2025,,,,,,,0,missing,gencat_housing_sales_2022_2024_2025,,2026-08-21T21:48:17Z,0.2.0,insufficient_history,,methodology_pending,0,100,0,,official,default,false
081653,la Pobla de Claramunt,06,Anoia,2022-2025,1119.07,,,,,,0,missing,gencat_housing_sales_2022_2024_2025,,2026-08-21T21:48:17Z,0.2.0,insufficient_history,,methodology_pending,0,100,0,,official,default,false
081666,la Pobla de Lillet,14,Berguedà,2022-2025,,,,,,,0,missing,gencat_housing_sales_2022_2024_2025,,2026-08-21T21:48:17Z,0.2.0,insufficient_history,,methodology_pending,0,100,0,,official,default,false
081672,Polinyà,40,Vallès Occidental,2022-2025,2491.37,2412.46,2195.31,3.270935,4.307161,47.9699,90,municipality,gencat_housing_sales_2022_2024_2025,,2026-08-21T21:48:17Z,0.2.0,,,complete,47.9699,47.9699,100,,official,default,true
081688,Pontons,03,Alt Penedès,2022-2025,,,,,,,0,missing,gencat_housing_sales_2022_2024_2025,,2026-08-21T21:48:17Z,0.2.0,insufficient_history,,methodology_pending,0,100,0,,official,default,false
081691,el Prat de Llobregat,11,Baix Llobregat,2022-2025,2976.1,3021.37,2623.91,-1.498327,4.287645,47.8095,90,municipality,gencat_housing_sales_2022_2024_2025,,2026-08-21T21:48:17Z,0.2.0,,,complete,47.8095,47.8095,100,,official,default,true
081705,els Prats de Rei,06,Anoia,2022-2025,,,,,,,0,missing,gencat_housing_sales_2022_2024_2025,,2026-08-21T21:48:17Z,0.2.0,insufficient_history,,methodology_pending,0,100,0,,official,default,false
081712,Prats de Lluçanès,43,Lluçanès,2022-2025,1451.2,,,,,,0,missing,gencat_housing_sales_2022_2024_2025,,2026-08-21T21:48:17Z,0.2.0,insufficient_history,,methodology_pending,0,100,0,,official,default,false
081727,Premià de Mar,21,Maresme,2022-2025,3013.85,2858.04,2671.77,5.451638,4.097633,46.2476,90,municipality,gencat_housing_sales_2022_2024_2025,,2026-08-21T21:48:17Z,0.2.0,,,complete,46.2476,46.2476,100,,official,default,true
081748,Puigdàlber,03,Alt Penedès,2022-2025,,,,,,,0,missing,gencat_housing_sales_2022_2024_2025,,2026-08-21T21:48:17Z,0.2.0,insufficient_history,,methodology_pending,0,100,0,,official,default,false
081751,Puig-reig,14,Berguedà,2022-2025,974.85,,,,,,0,missing,gencat_housing_sales_2022_2024_2025,,2026-08-21T21:48:17Z,0.2.0,insufficient_history,,methodology_pending,0,100,0,,official,default,false
081764,Pujalt,06,Anoia,2022-2025,,,,,,,0,missing,gencat_housing_sales_2022_2024_2025,,2026-08-21T21:48:17Z,0.2.0,insufficient_history,,methodology_pending,0,100,0,,official,default,false
081770,la Quar,14,Berguedà,2022-2025,,,,,,,0,missing,gencat_housing_sales_2022_2024_2025,,2026-08-21T21:48:17Z,0.2.0,insufficient_history,,methodology_pending,0,100,0,,official,default,false
081786,Rajadell,07,Bages,2022-2025,,,,,,,0,missing,gencat_housing_sales_2022_2024_2025,,2026-08-21T21:48:17Z,0.2.0,insufficient_history,,methodology_pending,0,100,0,,official,default,false
081799,Rellinars,40,Vallès Occidental,2022-2025,,,,,,,0,missing,gencat_housing_sales_2022_2024_2025,,2026-08-21T21:48:17Z,0.2.0,insufficient_history,,methodology_pending,0,100,0,,official,default,false
081803,Ripollet,40,Vallès Occidental,2022-2025,2688.55,2751.93,2460.58,-2.303111,2.997546,37.2049,90,municipality,gencat_housing_sales_2022_2024_2025,,2026-08-21T21:48:17Z,0.2.0,,,complete,37.2049,37.2049,100,,official,default,true
081810,la Roca del Vallès,41,Vallès Oriental,2022-2025,2432.4,2249.76,1982.47,8.118199,7.055617,70.562,90,municipality,gencat_housing_sales_2022_2024_2025,,2026-08-21T21:48:17Z,0.2.0,,,complete,70.562,70.562,100,,official,default,true
081825,el Pont de Vilomara i Rocafort,07,Bages,2022-2025,1491.33,,,,,,0,missing,gencat_housing_sales_2022_2024_2025,,2026-08-21T21:48:17Z,0.2.0,insufficient_history,,methodology_pending,0,100,0,,official,default,false
081831,Roda de Ter,24,Osona,2022-2025,1228.46,1172.77,1192.16,4.748587,1.004834,20.825,90,municipality,gencat_housing_sales_2022_2024_2025,,2026-08-21T21:48:17Z,0.2.0,,,complete,20.825,20.825,100,,official,default,true
081846,Rubí,40,Vallès Occidental,2022-2025,2296.06,2085.76,2081.08,10.082656,3.331203,39.9476,90,municipality,gencat_housing_sales_2022_2024_2025,,2026-08-21T21:48:17Z,0.2.0,,,complete,39.9476,39.9476,100,,official,default,true
081859,Rubió,06,Anoia,2022-2025,,,,,,,0,missing,gencat_housing_sales_2022_2024_2025,,2026-08-21T21:48:17Z,0.2.0,insufficient_history,,methodology_pending,0,100,0,,official,default,false
081878,Sabadell,40,Vallès Occidental,2022-2025,2359.52,2098.33,2074.03,12.447518,4.392559,48.6719,90,municipality,gencat_housing_sales_2022_2024_2025,,2026-08-21T21:48:17Z,0.2.0,,,complete,48.6719,48.6719,100,,official,default,true
081884,Sagàs,14,Berguedà,2022-2025,,,,,,,0,missing,gencat_housing_sales_2022_2024_2025,,2026-08-21T21:48:17Z,0.2.0,insufficient_history,,methodology_pending,0,100,0,,official,default,false
081897,Sant Pere Sallavinera,06,Anoia,2022-2025,,,,,,,0,missing,gencat_housing_sales_2022_2024_2025,,2026-08-21T21:48:17Z,0.2.0,insufficient_history,,methodology_pending,0,100,0,,official,default,false
081901,Saldes,14,Berguedà,2022-2025,,,,,,,0,missing,gencat_housing_sales_2022_2024_2025,,2026-08-21T21:48:17Z,0.2.0,insufficient_history,,methodology_pending,0,100,0,,official,default,false
081918,Sallent,07,Bages,2022-2025,1215.24,1088.57,1057.62,11.636367,4.739573,51.5243,90,municipality,gencat_housing_sales_2022_2024_2025,,2026-08-21T21:48:17Z,0.2.0,,,complete,51.5243,51.5243,100,,official,default,true
081923,Santpedor,07,Bages,2022-2025,2006.55,2020.01,1501.88,-0.666333,10.13827,95.9013,90,municipality,gencat_housing_sales_2022_2024_2025,,2026-08-21T21:48:17Z,0.2.0,,,complete,95.9013,95.9013,100,,official,default,true
081939,Sant Iscle de Vallalta,21,Maresme,2022-2025,,,,,,,0,missing,gencat_housing_sales_2022_2024_2025,,2026-08-21T21:48:17Z,0.2.0,insufficient_history,,methodology_pending,0,100,0,,official,default,false
081944,Sant Adrià de Besòs,13,Barcelonès,2022-2025,3060.5,2789.05,2544.25,9.732705,6.351642,64.7754,90,municipality,gencat_housing_sales_2022_2024_2025,,2026-08-21T21:48:17Z,0.2.0,,,complete,64.7754,64.7754,100,,official,default,true
081957,Sant Agustí de Lluçanès,24,Osona,2022-2025,,,,,,,0,missing,gencat_housing_sales_2022_2024_2025,,2026-08-21T21:48:17Z,0.2.0,insufficient_history,,methodology_pending,0,100,0,,official,default,false
081960,Sant Andreu de la Barca,11,Baix Llobregat,2022-2025,2622.72,2372.39,2371.8,10.551806,3.408909,40.5863,90,municipality,gencat_housing_sales_2022_2024_2025,,2026-08-21T21:48:17Z,0.2.0,,,complete,40.5863,40.5863,100,,official,default,true
081976,Sant Andreu de Llavaneres,21,Maresme,2022-2025,3202.59,3071.7,2690.75,4.261158,5.976441,61.6913,90,municipality,gencat_housing_sales_2022_2024_2025,,2026-08-21T21:48:17Z,0.2.0,,,complete,61.6913,61.6913,100,,official,default,true
081982,Sant Antoni de Vilamajor,41,Vallès Oriental,2022-2025,2073.9,2010.96,1860.01,3.129848,3.694927,42.9374,90,municipality,gencat_housing_sales_2022_2024_2025,,2026-08-21T21:48:17Z,0.2.0,,,complete,42.9374,42.9374,100,,official,default,true
081995,Sant Bartomeu del Grau,24,Osona,2022-2025,,,,,,,0,missing,gencat_housing_sales_2022_2024_2025,,2026-08-21T21:48:17Z,0.2.0,insufficient_history,,methodology_pending,0,100,0,,official,default,false
082009,Sant Boi de Llobregat,11,Baix Llobregat,2022-2025,2900.49,2578.85,2655.7,12.472226,2.982663,37.0826,90,municipality,gencat_housing_sales_2022_2024_2025,,2026-08-21T21:48:17Z,0.2.0,,,complete,37.0826,37.0826,100,,official,default,true
082016,Sant Boi de Lluçanès,24,Osona,2022-2025,,,,,,,0,missing,gencat_housing_sales_2022_2024_2025,,2026-08-21T21:48:17Z,0.2.0,insufficient_history,,methodology_pending,0,100,0,,official,default,false
082021,Sant Celoni,41,Vallès Oriental,2022-2025,2029.4,1799.23,1625.9,12.792695,7.669148,75.6052,90,municipality,gencat_housing_sales_2022_2024_2025,,2026-08-21T21:48:17Z,0.2.0,,,complete,75.6052,75.6052,100,,official,default,true
082037,Sant Cebrià de Vallalta,21,Maresme,2022-2025,1824.66,,,,,,0,missing,gencat_housing_sales_2022_2024_2025,,2026-08-21T21:48:17Z,0.2.0,insufficient_history,,methodology_pending,0,100,0,,official,default,false
082042,Sant Climent de Llobregat,11,Baix Llobregat,2022-2025,2702.23,,,,,,0,missing,gencat_housing_sales_2022_2024_2025,,2026-08-21T21:48:17Z,0.2.0,insufficient_history,,methodology_pending,0,100,0,,official,default,false
082055,Sant Cugat del Vallès,40,Vallès Occidental,2022-2025,5340.18,4782.47,4405.58,11.661547,6.623009,67.006,90,municipality,gencat_housing_sales_2022_2024_2025,,2026-08-21T21:48:17Z,0.2.0,,,complete,67.006,67.006,100,,official,default,true
082068,Sant Cugat Sesgarrigues,03,Alt Penedès,2022-2025,,,,,,,0,missing,gencat_housing_sales_2022_2024_2025,,2026-08-21T21:48:17Z,0.2.0,insufficient_history,,methodology_pending,0,100,0,,official,default,false
082074,Sant Esteve de Palautordera,41,Vallès Oriental,2022-2025,2260.04,,,,,,0,missing,gencat_housing_sales_2022_2024_2025,,2026-08-21T21:48:17Z,0.2.0,insufficient_history,,methodology_pending,0,100,0,,official,default,false
082080,Sant Esteve Sesrovires,11,Baix Llobregat,2022-2025,2049.41,1764.77,1861.84,16.129014,3.251293,39.2907,90,municipality,gencat_housing_sales_2022_2024_2025,,2026-08-21T21:48:17Z,0.2.0,,,complete,39.2907,39.2907,100,,official,default,true
082093,Sant Fost de Campsentelles,41,Vallès Oriental,2022-2025,2435.36,2380.16,1969.07,2.319172,7.34142,72.9113,90,municipality,gencat_housing_sales_2022_2024_2025,,2026-08-21T21:48:17Z,0.2.0,,,complete,72.9113,72.9113,100,,official,default,true
082107,Sant Feliu de Codines,41,Vallès Oriental,2022-2025,1845.8,1763.2,1627.48,4.684664,4.285276,47.79,90,municipality,gencat_housing_sales_2022_2024_2025,,2026-08-21T21:48:17Z,0.2.0,,,complete,47.79,47.79,100,,official,default,true
082114,Sant Feliu de Llobregat,11,Baix Llobregat,2022-2025,3483.87,3098.93,2969.54,12.421707,5.46886,57.519,90,municipality,gencat_housing_sales_2022_2024_2025,,2026-08-21T21:48:17Z,0.2.0,,,complete,57.519,57.519,100,,official,default,true
082129,Sant Feliu Sasserra,07,Bages,2022-2025,,,,,,,0,missing,gencat_housing_sales_2022_2024_2025,,2026-08-21T21:48:17Z,0.2.0,insufficient_history,,methodology_pending,0,100,0,,official,default,false
082135,Sant Fruitós de Bages,07,Bages,2022-2025,1820.94,1621.17,1509.25,12.322582,6.457963,65.6494,90,municipality,gencat_housing_sales_2022_2024_2025,,2026-08-21T21:48:17Z,0.2.0,,,complete,65.6494,65.6494,100,,official,default,true
082140,Vilassar de Dalt,21,Maresme,2022-2025,2756.48,2648.66,2870.31,4.070738,-1.339795,1.5523,90,municipality,gencat_housing_sales_2022_2024_2025,,2026-08-21T21:48:17Z,0.2.0,,,complete,1.5523,1.5523,100,,official,default,true
082153,Sant Hipòlit de Voltregà,24,Osona,2022-2025,1251.09,,,,,,0,missing,gencat_housing_sales_2022_2024_2025,,2026-08-21T21:48:17Z,0.2.0,insufficient_history,,methodology_pending,0,100,0,,official,default,false
082166,Sant Jaume de Frontanyà,14,Berguedà,2022-2025,,,,,,,0,missing,gencat_housing_sales_2022_2024_2025,,2026-08-21T21:48:17Z,0.2.0,insufficient_history,,methodology_pending,0,100,0,,official,default,false
082172,Sant Joan Despí,11,Baix Llobregat,2022-2025,3897.84,3288.67,3173.18,18.523294,7.096785,70.9004,90,municipality,gencat_housing_sales_2022_2024_2025,,2026-08-21T21:48:17Z,0.2.0,,,complete,70.9004,70.9004,100,,official,default,true
082188,Sant Joan de Vilatorrada,07,Bages,2022-2025,1565.63,1701.53,1562.07,-7.986929,0.07591,13.1893,90,municipality,gencat_housing_sales_2022_2024_2025,,2026-08-21T21:48:17Z,0.2.0,,,complete,13.1893,13.1893,100,,official,default,true
082191,Vilassar de Mar,21,Maresme,2022-2025,3975.39,3861.47,3407.84,2.950172,5.268923,55.8755,90,municipality,gencat_housing_sales_2022_2024_2025,,2026-08-21T21:48:17Z,0.2.0,,,complete,55.8755,55.8755,100,,official,default,true
082205,Sant Julià de Vilatorta,24,Osona,2022-2025,3147.54,,,,,,0,missing,gencat_housing_sales_2022_2024_2025,,2026-08-21T21:48:17Z,0.2.0,insufficient_history,,methodology_pending,0,100,0,,official,default,false
082212,Sant Just Desvern,11,Baix Llobregat,2022-2025,4567.8,4614.5,3975.1,-1.012027,4.741713,51.5419,90,municipality,gencat_housing_sales_2022_2024_2025,,2026-08-21T21:48:17Z,0.2.0,,,complete,51.5419,51.5419,100,,official,default,true
082227,Sant Llorenç d'Hortons,03,Alt Penedès,2022-2025,1805.02,,,,,,0,missing,gencat_housing_sales_2022_2024_2025,,2026-08-21T21:48:17Z,0.2.0,insufficient_history,,methodology_pending,0,100,0,,official,default,false
082233,Sant Llorenç Savall,40,Vallès Occidental,2022-2025,1357.25,,,,,,0,missing,gencat_housing_sales_2022_2024_2025,,2026-08-21T21:48:17Z,0.2.0,insufficient_history,,methodology_pending,0,100,0,,official,default,false
082248,Sant Martí de Centelles,24,Osona,2022-2025,,,,,,,0,missing,gencat_housing_sales_2022_2024_2025,,2026-08-21T21:48:17Z,0.2.0,insufficient_history,,methodology_pending,0,100,0,,official,default,false
082251,Sant Martí d'Albars,43,Lluçanès,2022-2025,,,,,,,0,missing,gencat_housing_sales_2022_2024_2025,,2026-08-21T21:48:17Z,0.2.0,insufficient_history,,methodology_pending,0,100,0,,official,default,false
082264,Sant Martí de Tous,06,Anoia,2022-2025,,,,,,,0,missing,gencat_housing_sales_2022_2024_2025,,2026-08-21T21:48:17Z,0.2.0,insufficient_history,,methodology_pending,0,100,0,,official,default,false
082270,Sant Martí Sarroca,03,Alt Penedès,2022-2025,1629.16,,,,,,0,missing,gencat_housing_sales_2022_2024_2025,,2026-08-21T21:48:17Z,0.2.0,insufficient_history,,methodology_pending,0,100,0,,official,default,false
082286,Sant Martí Sesgueioles,06,Anoia,2022-2025,,,,,,,0,missing,gencat_housing_sales_2022_2024_2025,,2026-08-21T21:48:17Z,0.2.0,insufficient_history,,methodology_pending,0,100,0,,official,default,false
082299,Sant Mateu de Bages,07,Bages,2022-2025,,,,,,,0,missing,gencat_housing_sales_2022_2024_2025,,2026-08-21T21:48:17Z,0.2.0,insufficient_history,,methodology_pending,0,100,0,,official,default,false
082303,Premià de Dalt,21,Maresme,2022-2025,3005.88,2714.61,2765.94,10.729718,2.8118,35.6781,90,municipality,gencat_housing_sales_2022_2024_2025,,2026-08-21T21:48:17Z,0.2.0,,,complete,35.6781,35.6781,100,,official,default,true
082310,Sant Pere de Ribes,17,Garraf,2022-2025,2758.45,2691.16,2458.14,2.500409,3.916896,44.7619,90,municipality,gencat_housing_sales_2022_2024_2025,,2026-08-21T21:48:17Z,0.2.0,,,complete,44.7619,44.7619,100,,official,default,true
082325,Sant Pere de Riudebitlles,03,Alt Penedès,2022-2025,1259.99,,,,,,0,missing,gencat_housing_sales_2022_2024_2025,,2026-08-21T21:48:17Z,0.2.0,insufficient_history,,methodology_pending,0,100,0,,official,default,false
082331,Sant Pere de Torelló,24,Osona,2022-2025,1087.47,,,,,,0,missing,gencat_housing_sales_2022_2024_2025,,2026-08-21T21:48:17Z,0.2.0,insufficient_history,,methodology_pending,0,100,0,,official,default,false
082346,Sant Pere de Vilamajor,41,Vallès Oriental,2022-2025,1912.21,,,,,,0,missing,gencat_housing_sales_2022_2024_2025,,2026-08-21T21:48:17Z,0.2.0,insufficient_history,,methodology_pending,0,100,0,,official,default,false
082359,Sant Pol de Mar,21,Maresme,2022-2025,3053.93,3039.89,3250.75,0.461859,-2.06036,0,90,municipality,gencat_housing_sales_2022_2024_2025,,2026-08-21T21:48:17Z,0.2.0,,,complete,0,0,100,,official,default,true
082362,Sant Quintí de Mediona,03,Alt Penedès,2022-2025,1364.75,,,,,,0,missing,gencat_housing_sales_2022_2024_2025,,2026-08-21T21:48:17Z,0.2.0,insufficient_history,,methodology_pending,0,100,0,,official,default,false
082378,Sant Quirze de Besora,24,Osona,2022-2025,885.85,,,,,,0,missing,gencat_housing_sales_2022_2024_2025,,2026-08-21T21:48:17Z,0.2.0,insufficient_history,,methodology_pending,0,100,0,,official,default,false
082384,Sant Quirze del Vallès,40,Vallès Occidental,2022-2025,2913.11,2979.28,2900.8,-2.221006,0.141256,13.7264,90,municipality,gencat_housing_sales_2022_2024_2025,,2026-08-21T21:48:17Z,0.2.0,,,complete,13.7264,13.7264,100,,official,default,true
082397,Sant Quirze Safaja,42,Moianès,2022-2025,,,,,,,0,missing,gencat_housing_sales_2022_2024_2025,,2026-08-21T21:48:17Z,0.2.0,insufficient_history,,methodology_pending,0,100,0,,official,default,false
082401,Sant Sadurní d'Anoia,03,Alt Penedès,2022-2025,1971.98,2002.88,1755.81,-1.542778,3.946131,45.0023,90,municipality,gencat_housing_sales_2022_2024_2025,,2026-08-21T21:48:17Z,0.2.0,,,complete,45.0023,45.0023,100,,official,default,true
082418,Sant Sadurní d'Osormort,24,Osona,2022-2025,,,,,,,0,missing,gencat_housing_sales_2022_2024_2025,,2026-08-21T21:48:17Z,0.2.0,insufficient_history,,methodology_pending,0,100,0,,official,default,false
082423,Marganell,07,Bages,2022-2025,,,,,,,0,missing,gencat_housing_sales_2022_2024_2025,,2026-08-21T21:48:17Z,0.2.0,insufficient_history,,methodology_pending,0,100,0,,official,default,false
082439,Santa Cecília de Voltregà,24,Osona,2022-2025,,,,,,,0,missing,gencat_housing_sales_2022_2024_2025,,2026-08-21T21:48:17Z,0.2.0,insufficient_history,,methodology_pending,0,100,0,,official,default,false
082444,Santa Coloma de Cervelló,11,Baix Llobregat,2022-2025,2975.01,2605.47,2727.37,14.183238,2.939358,36.7266,90,municipality,gencat_housing_sales_2022_2024_2025,,2026-08-21T21:48:17Z,0.2.0,,,complete,36.7266,36.7266,100,,official,default,true
082457,Santa Coloma de Gramenet,13,Barcelonès,2022-2025,2574.08,2307.42,2132.77,11.55663,6.469694,65.7458,90,municipality,gencat_housing_sales_2022_2024_2025,,2026-08-21T21:48:17Z,0.2.0,,,complete,65.7458,65.7458,100,,official,default,true
082460,Santa Eugènia de Berga,24,Osona,2022-2025,2735.25,,,,,,0,missing,gencat_housing_sales_2022_2024_2025,,2026-08-21T21:48:17Z,0.2.0,insufficient_history,,methodology_pending,0,100,0,,official,default,false
082476,Santa Eulàlia de Riuprimer,24,Osona,2022-2025,,,,,,,0,missing,gencat_housing_sales_2022_2024_2025,,2026-08-21T21:48:17Z,0.2.0,insufficient_history,,methodology_pending,0,100,0,,official,default,false
082482,Santa Eulàlia de Ronçana,41,Vallès Oriental,2022-2025,2055.9,1975.33,1687.88,4.078812,6.795628,68.4249,90,municipality,gencat_housing_sales_2022_2024_2025,,2026-08-21T21:48:17Z,0.2.0,,,complete,68.4249,68.4249,100,,official,default,true
082495,Santa Fe del Penedès,03,Alt Penedès,2022-2025,,,,,,,0,missing,gencat_housing_sales_2022_2024_2025,,2026-08-21T21:48:17Z,0.2.0,insufficient_history,,methodology_pending,0,100,0,,official,default,false
082508,Santa Margarida de Montbui,06,Anoia,2022-2025,1268.86,1152.44,837.41,10.102044,14.857278,100,90,municipality,gencat_housing_sales_2022_2024_2025,,2026-08-21T21:48:17Z,0.2.0,,,complete,100,100,100,,official,default,true
082515,Santa Margarida i els Monjos,03,Alt Penedès,2022-2025,1572.39,1504.47,1343.84,4.514547,5.374996,56.7474,90,municipality,gencat_housing_sales_2022_2024_2025,,2026-08-21T21:48:17Z,0.2.0,,,complete,56.7474,56.7474,100,,official,default,true
082520,Barberà del Vallès,40,Vallès Occidental,2022-2025,2700.78,2260.29,2547.31,19.488207,1.969229,28.7522,90,municipality,gencat_housing_sales_2022_2024_2025,,2026-08-21T21:48:17Z,0.2.0,,,complete,28.7522,28.7522,100,,official,default,true
082536,Santa Maria de Besora,24,Osona,2022-2025,,,,,,,0,missing,gencat_housing_sales_2022_2024_2025,,2026-08-21T21:48:17Z,0.2.0,insufficient_history,,methodology_pending,0,100,0,,official,default,false
082541,l'Esquirol,24,Osona,2022-2025,965.74,,,,,,0,missing,gencat_housing_sales_2022_2024_2025,,2026-08-21T21:48:17Z,0.2.0,insufficient_history,,methodology_pending,0,100,0,,official,default,false
082554,Santa Maria de Merlès,14,Berguedà,2022-2025,,,,,,,0,missing,gencat_housing_sales_2022_2024_2025,,2026-08-21T21:48:17Z,0.2.0,insufficient_history,,methodology_pending,0,100,0,,official,default,false
082567,Santa Maria de Martorelles,41,Vallès Oriental,2022-2025,,,,,,,0,missing,gencat_housing_sales_2022_2024_2025,,2026-08-21T21:48:17Z,0.2.0,insufficient_history,,methodology_pending,0,100,0,,official,default,false
082573,Santa Maria de Miralles,06,Anoia,2022-2025,,,,,,,0,missing,gencat_housing_sales_2022_2024_2025,,2026-08-21T21:48:17Z,0.2.0,insufficient_history,,methodology_pending,0,100,0,,official,default,false
082589,Santa Maria d'Oló,42,Moianès,2022-2025,,,,,,,0,missing,gencat_housing_sales_2022_2024_2025,,2026-08-21T21:48:17Z,0.2.0,insufficient_history,,methodology_pending,0,100,0,,official,default,false
082592,Santa Maria de Palautordera,41,Vallès Oriental,2022-2025,2013.3,1771.93,1904.51,13.62187,1.86893,27.9278,90,municipality,gencat_housing_sales_2022_2024_2025,,2026-08-21T21:48:17Z,0.2.0,,,complete,27.9278,27.9278,100,,official,default,true
082606,Santa Perpètua de Mogoda,40,Vallès Occidental,2022-2025,2350.75,2106.69,2187.6,11.584998,2.42662,32.512,90,municipality,gencat_housing_sales_2022_2024_2025,,2026-08-21T21:48:17Z,0.2.0,,,complete,32.512,32.512,100,,official,default,true
082613,Santa Susanna,21,Maresme,2022-2025,2048.77,,,,,,0,missing,gencat_housing_sales_2022_2024_2025,,2026-08-21T21:48:17Z,0.2.0,insufficient_history,,methodology_pending,0,100,0,,official,default,false
082628,Sant Vicenç de Castellet,07,Bages,2022-2025,1631.29,1455.86,1342.08,12.049922,6.721255,67.8136,90,municipality,gencat_housing_sales_2022_2024_2025,,2026-08-21T21:48:17Z,0.2.0,,,complete,67.8136,67.8136,100,,official,default,true
082634,Sant Vicenç dels Horts,11,Baix Llobregat,2022-2025,2440.26,2172.94,2160.87,12.302226,4.136382,46.5661,90,municipality,gencat_housing_sales_2022_2024_2025,,2026-08-21T21:48:17Z,0.2.0,,,complete,46.5661,46.5661,100,,official,default,true
082649,Sant Vicenç de Montalt,21,Maresme,2022-2025,3491.23,3293.67,2933.64,5.998172,5.971858,61.6536,90,municipality,gencat_housing_sales_2022_2024_2025,,2026-08-21T21:48:17Z,0.2.0,,,complete,61.6536,61.6536,100,,official,default,true
082652,Sant Vicenç de Torelló,24,Osona,2022-2025,1454.81,,,,,,0,missing,gencat_housing_sales_2022_2024_2025,,2026-08-21T21:48:17Z,0.2.0,insufficient_history,,methodology_pending,0,100,0,,official,default,false
082665,Cerdanyola del Vallès,40,Vallès Occidental,2022-2025,3191.17,2980.73,2890.53,7.060015,3.353254,40.1288,90,municipality,gencat_housing_sales_2022_2024_2025,,2026-08-21T21:48:17Z,0.2.0,,,complete,40.1288,40.1288,100,,official,default,true
082671,Sentmenat,40,Vallès Occidental,2022-2025,1999.49,2059.78,1754.42,-2.927012,4.454837,49.1838,90,municipality,gencat_housing_sales_2022_2024_2025,,2026-08-21T21:48:17Z,0.2.0,,,complete,49.1838,49.1838,100,,official,default,true
082687,Cercs,14,Berguedà,2022-2025,,,,,,,0,missing,gencat_housing_sales_2022_2024_2025,,2026-08-21T21:48:17Z,0.2.0,insufficient_history,,methodology_pending,0,100,0,,official,default,false
082690,Seva,24,Osona,2022-2025,2241.05,,,,,,0,missing,gencat_housing_sales_2022_2024_2025,,2026-08-21T21:48:17Z,0.2.0,insufficient_history,,methodology_pending,0,100,0,,official,default,false
082704,Sitges,17,Garraf,2022-2025,5481.2,5122.28,4827.55,7.007036,4.323694,48.1058,90,municipality,gencat_housing_sales_2022_2024_2025,,2026-08-21T21:48:17Z,0.2.0,,,complete,48.1058,48.1058,100,,official,default,true
082711,Sobremunt,43,Lluçanès,2022-2025,,,,,,,0,missing,gencat_housing_sales_2022_2024_2025,,2026-08-21T21:48:17Z,0.2.0,insufficient_history,,methodology_pending,0,100,0,,official,default,false
082726,Sora,24,Osona,2022-2025,,,,,,,0,missing,gencat_housing_sales_2022_2024_2025,,2026-08-21T21:48:17Z,0.2.0,insufficient_history,,methodology_pending,0,100,0,,official,default,false
082732,Subirats,03,Alt Penedès,2022-2025,1524.28,,,,,,0,missing,gencat_housing_sales_2022_2024_2025,,2026-08-21T21:48:17Z,0.2.0,insufficient_history,,methodology_pending,0,100,0,,official,default,false
082747,Súria,07,Bages,2022-2025,1294.17,1346.91,1218.98,-3.915629,2.015207,29.1302,90,municipality,gencat_housing_sales_2022_2024_2025,,2026-08-21T21:48:17Z,0.2.0,,,complete,29.1302,29.1302,100,,official,default,true
082750,Tavèrnoles,24,Osona,2022-2025,,,,,,,0,missing,gencat_housing_sales_2022_2024_2025,,2026-08-21T21:48:17Z,0.2.0,insufficient_history,,methodology_pending,0,100,0,,official,default,false
082763,Tagamanent,41,Vallès Oriental,2022-2025,,,,,,,0,missing,gencat_housing_sales_2022_2024_2025,,2026-08-21T21:48:17Z,0.2.0,insufficient_history,,methodology_pending,0,100,0,,official,default,false
082779,Talamanca,07,Bages,2022-2025,,,,,,,0,missing,gencat_housing_sales_2022_2024_2025,,2026-08-21T21:48:17Z,0.2.0,insufficient_history,,methodology_pending,0,100,0,,official,default,false
082785,Taradell,24,Osona,2022-2025,2961.57,2269.03,2463.87,30.521412,6.32484,64.5551,90,municipality,gencat_housing_sales_2022_2024_2025,,2026-08-21T21:48:17Z,0.2.0,,,complete,64.5551,64.5551,100,,official,default,true
082798,Terrassa,40,Vallès Occidental,2022-2025,2097.3,2097.22,2011.95,0.003815,1.394514,24.0281,90,municipality,gencat_housing_sales_2022_2024_2025,,2026-08-21T21:48:17Z,0.2.0,,,complete,24.0281,24.0281,100,,official,default,true
082802,Tavertet,24,Osona,2022-2025,,,,,,,0,missing,gencat_housing_sales_2022_2024_2025,,2026-08-21T21:48:17Z,0.2.0,insufficient_history,,methodology_pending,0,100,0,,official,default,false
082819,Teià,21,Maresme,2022-2025,3588.1,3239.63,3072.38,10.756475,5.308446,56.2004,90,municipality,gencat_housing_sales_2022_2024_2025,,2026-08-21T21:48:17Z,0.2.0,,,complete,56.2004,56.2004,100,,official,default,true
082824,Tiana,21,Maresme,2022-2025,3550.2,3315,2923.21,7.095023,6.691774,67.5713,90,municipality,gencat_housing_sales_2022_2024_2025,,2026-08-21T21:48:17Z,0.2.0,,,complete,67.5713,67.5713,100,,official,default,true
082830,Tona,24,Osona,2022-2025,2417.17,1583.56,2090.67,52.641517,4.955992,53.3032,90,municipality,gencat_housing_sales_2022_2024_2025,,2026-08-21T21:48:17Z,0.2.0,,,complete,53.3032,53.3032,100,,official,default,true
082845,Tordera,21,Maresme,2022-2025,1776.4,1496.38,1467.65,18.713161,6.571093,66.5793,90,municipality,gencat_housing_sales_2022_2024_2025,,2026-08-21T21:48:17Z,0.2.0,,,complete,66.5793,66.5793,100,,official,default,true
082858,Torelló,24,Osona,2022-2025,1410.33,1237.35,1201.56,13.979876,5.485256,57.6538,90,municipality,gencat_housing_sales_2022_2024_2025,,2026-08-21T21:48:17Z,0.2.0,,,complete,57.6538,57.6538,100,,official,default,true
082861,la Torre de Claramunt,06,Anoia,2022-2025,1252.71,,,,,,0,missing,gencat_housing_sales_2022_2024_2025,,2026-08-21T21:48:17Z,0.2.0,insufficient_history,,methodology_pending,0,100,0,,official,default,false
082877,Torrelavit,03,Alt Penedès,2022-2025,,,,,,,0,missing,gencat_housing_sales_2022_2024_2025,,2026-08-21T21:48:17Z,0.2.0,insufficient_history,,methodology_pending,0,100,0,,official,default,false
082883,Torrelles de Foix,03,Alt Penedès,2022-2025,1110.04,,,,,,0,missing,gencat_housing_sales_2022_2024_2025,,2026-08-21T21:48:17Z,0.2.0,insufficient_history,,methodology_pending,0,100,0,,official,default,false
082896,Torrelles de Llobregat,11,Baix Llobregat,2022-2025,2105.29,1836.76,1994.35,14.619765,1.820881,27.5328,90,municipality,gencat_housing_sales_2022_2024_2025,,2026-08-21T21:48:17Z,0.2.0,,,complete,27.5328,27.5328,100,,official,default,true
082900,Ullastrell,40,Vallès Occidental,2022-2025,1825.27,,,,,,0,missing,gencat_housing_sales_2022_2024_2025,,2026-08-21T21:48:17Z,0.2.0,insufficient_history,,methodology_pending,0,100,0,,official,default,false
082917,Vacarisses,40,Vallès Occidental,2022-2025,2009.98,1781.05,1725.96,12.853654,5.209188,55.3845,90,municipality,gencat_housing_sales_2022_2024_2025,,2026-08-21T21:48:17Z,0.2.0,,,complete,55.3845,55.3845,100,,official,default,true
082922,Vallbona d'Anoia,06,Anoia,2022-2025,,,,,,,0,missing,gencat_housing_sales_2022_2024_2025,,2026-08-21T21:48:17Z,0.2.0,insufficient_history,,methodology_pending,0,100,0,,official,default,false
082938,Vallcebre,14,Berguedà,2022-2025,,,,,,,0,missing,gencat_housing_sales_2022_2024_2025,,2026-08-21T21:48:17Z,0.2.0,insufficient_history,,methodology_pending,0,100,0,,official,default,false
082943,Vallgorguina,41,Vallès Oriental,2022-2025,1627.92,,,,,,0,missing,gencat_housing_sales_2022_2024_2025,,2026-08-21T21:48:17Z,0.2.0,insufficient_history,,methodology_pending,0,100,0,,official,default,false
082956,Vallirana,11,Baix Llobregat,2022-2025,2147.96,2091.04,1951.18,2.72209,3.25465,39.3183,90,municipality,gencat_housing_sales_2022_2024_2025,,2026-08-21T21:48:17Z,0.2.0,,,complete,39.3183,39.3183,100,,official,default,true
082969,Vallromanes,41,Vallès Oriental,2022-2025,2452.84,,,,,,0,missing,gencat_housing_sales_2022_2024_2025,,2026-08-21T21:48:17Z,0.2.0,insufficient_history,,methodology_pending,0,100,0,,official,default,false
082975,Veciana,06,Anoia,2022-2025,,,,,,,0,missing,gencat_housing_sales_2022_2024_2025,,2026-08-21T21:48:17Z,0.2.0,insufficient_history,,methodology_pending,0,100,0,,official,default,false
082981,Vic,24,Osona,2022-2025,1843.89,1938.45,1851.06,-4.878124,-0.129282,11.5026,90,municipality,gencat_housing_sales_2022_2024_2025,,2026-08-21T21:48:17Z,0.2.0,,,complete,11.5026,11.5026,100,,official,default,true
082994,Vilada,14,Berguedà,2022-2025,,,,,,,0,missing,gencat_housing_sales_2022_2024_2025,,2026-08-21T21:48:17Z,0.2.0,insufficient_history,,methodology_pending,0,100,0,,official,default,false
083008,Viladecavalls,40,Vallès Occidental,2022-2025,2247.17,2345.92,1973.02,-4.209436,4.432293,48.9985,90,municipality,gencat_housing_sales_2022_2024_2025,,2026-08-21T21:48:17Z,0.2.0,,,complete,48.9985,48.9985,100,,official,default,true
083015,Viladecans,11,Baix Llobregat,2022-2025,3033.71,2687.68,2695.48,12.874673,4.018994,45.6012,90,municipality,gencat_housing_sales_2022_2024_2025,,2026-08-21T21:48:17Z,0.2.0,,,complete,45.6012,45.6012,100,,official,default,true
083020,Vilanova del Camí,06,Anoia,2022-2025,1404.84,1396.72,1115.2,0.581362,8.000235,78.3267,90,municipality,gencat_housing_sales_2022_2024_2025,,2026-08-21T21:48:17Z,0.2.0,,,complete,78.3267,78.3267,100,,official,default,true
083036,Vilanova de Sau,24,Osona,2022-2025,,,,,,,0,missing,gencat_housing_sales_2022_2024_2025,,2026-08-21T21:48:17Z,0.2.0,insufficient_history,,methodology_pending,0,100,0,,official,default,false
083041,Vilobí del Penedès,03,Alt Penedès,2022-2025,,,,,,,0,missing,gencat_housing_sales_2022_2024_2025,,2026-08-21T21:48:17Z,0.2.0,insufficient_history,,methodology_pending,0,100,0,,official,default,false
083054,Vilafranca del Penedès,03,Alt Penedès,2022-2025,1922.39,1581.09,1719.51,21.586374,3.787631,43.6994,90,municipality,gencat_housing_sales_2022_2024_2025,,2026-08-21T21:48:17Z,0.2.0,,,complete,43.6994,43.6994,100,,official,default,true
083067,Vilalba Sasserra,41,Vallès Oriental,2022-2025,,,,,,,0,missing,gencat_housing_sales_2022_2024_2025,,2026-08-21T21:48:17Z,0.2.0,insufficient_history,,methodology_pending,0,100,0,,official,default,false
083073,Vilanova i la Geltrú,17,Garraf,2022-2025,2687.81,2683.54,2411.66,0.159118,3.679803,42.813,90,municipality,gencat_housing_sales_2022_2024_2025,,2026-08-21T21:48:17Z,0.2.0,,,complete,42.813,42.813,100,,official,default,true
083089,Viver i Serrateix,14,Berguedà,2022-2025,,,,,,,0,missing,gencat_housing_sales_2022_2024_2025,,2026-08-21T21:48:17Z,0.2.0,insufficient_history,,methodology_pending,0,100,0,,official,default,false
089019,Rupit i Pruit,24,Osona,2022-2025,,,,,,,0,missing,gencat_housing_sales_2022_2024_2025,,2026-08-21T21:48:17Z,0.2.0,insufficient_history,,methodology_pending,0,100,0,,official,default,false
089024,Vilanova del Vallès,41,Vallès Oriental,2022-2025,2581.19,2407.9,2155.36,7.196727,6.194018,63.4797,90,municipality,gencat_housing_sales_2022_2024_2025,,2026-08-21T21:48:17Z,0.2.0,,,complete,63.4797,63.4797,100,,official,default,true
089030,Sant Julià de Cerdanyola,14,Berguedà,2022-2025,,,,,,,0,missing,gencat_housing_sales_2022_2024_2025,,2026-08-21T21:48:17Z,0.2.0,insufficient_history,,methodology_pending,0,100,0,,official,default,false
089045,Badia del Vallès,40,Vallès Occidental,2022-2025,1587.15,1795.64,1358.33,-11.610902,5.326478,56.3486,90,municipality,gencat_housing_sales_2022_2024_2025,,2026-08-21T21:48:17Z,0.2.0,,,complete,56.3486,56.3486,100,,official,default,true
089058,la Palma de Cervelló,11,Baix Llobregat,2022-2025,,,,,,,0,missing,gencat_housing_sales_2022_2024_2025,,2026-08-21T21:48:17Z,0.2.0,insufficient_history,,methodology_pending,0,100,0,,official,default,false
170010,Agullana,02,Alt Empordà,2022-2025,,,,,,,0,missing,gencat_housing_sales_2022_2024_2025,,2026-08-21T21:48:17Z,0.2.0,insufficient_history,,methodology_pending,0,100,0,,official,default,false
170025,Aiguaviva,20,Gironès,2022-2025,,,,,,,0,missing,gencat_housing_sales_2022_2024_2025,,2026-08-21T21:48:17Z,0.2.0,insufficient_history,,methodology_pending,0,100,0,,official,default,false
170031,Albanyà,02,Alt Empordà,2022-2025,,,,,,,0,missing,gencat_housing_sales_2022_2024_2025,,2026-08-21T21:48:17Z,0.2.0,insufficient_history,,methodology_pending,0,100,0,,official,default,false
170046,Albons,10,Baix Empordà,2022-2025,,,,,,,0,missing,gencat_housing_sales_2022_2024_2025,,2026-08-21T21:48:17Z,0.2.0,insufficient_history,,methodology_pending,0,100,0,,official,default,false
170059,el Far d'Empordà,02,Alt Empordà,2022-2025,,,,,,,0,missing,gencat_housing_sales_2022_2024_2025,,2026-08-21T21:48:17Z,0.2.0,insufficient_history,,methodology_pending,0,100,0,,official,default,false
170062,Alp,15,Cerdanya,2022-2025,,,,,,,0,missing,gencat_housing_sales_2022_2024_2025,,2026-08-21T21:48:17Z,0.2.0,insufficient_history,,methodology_pending,0,100,0,,official,default,false
170078,Amer,34,Selva,2022-2025,992.32,,,,,,0,missing,gencat_housing_sales_2022_2024_2025,,2026-08-21T21:48:17Z,0.2.0,insufficient_history,,methodology_pending,0,100,0,,official,default,false
170084,Anglès,34,Selva,2022-2025,1328.56,1217.91,866.57,9.085236,15.30793,100,90,municipality,gencat_housing_sales_2022_2024_2025,,2026-08-21T21:48:17Z,0.2.0,,,complete,100,100,100,,official,default,true
170097,Arbúcies,34,Selva,2022-2025,1234.39,1121.94,988.78,10.022818,7.675668,75.6588,90,municipality,gencat_housing_sales_2022_2024_2025,,2026-08-21T21:48:17Z,0.2.0,,,complete,75.6588,75.6588,100,,official,default,true
170101,Argelaguer,19,Garrotxa,2022-2025,,,,,,,0,missing,gencat_housing_sales_2022_2024_2025,,2026-08-21T21:48:17Z,0.2.0,insufficient_history,,methodology_pending,0,100,0,,official,default,false
170118,l'Armentera,02,Alt Empordà,2022-2025,,,,,,,0,missing,gencat_housing_sales_2022_2024_2025,,2026-08-21T21:48:17Z,0.2.0,insufficient_history,,methodology_pending,0,100,0,,official,default,false
170123,Avinyonet de Puigventós,02,Alt Empordà,2022-2025,,,,,,,0,missing,gencat_housing_sales_2022_2024_2025,,2026-08-21T21:48:17Z,0.2.0,insufficient_history,,methodology_pending,0,100,0,,official,default,false
170139,Begur,10,Baix Empordà,2022-2025,4052.63,,,,,,0,missing,gencat_housing_sales_2022_2024_2025,,2026-08-21T21:48:17Z,0.2.0,insufficient_history,,methodology_pending,0,100,0,,official,default,false
170144,la Vajol,02,Alt Empordà,2022-2025,,,,,,,0,missing,gencat_housing_sales_2022_2024_2025,,2026-08-21T21:48:17Z,0.2.0,insufficient_history,,methodology_pending,0,100,0,,official,default,false
170157,Banyoles,28,Pla de l'Estany,2022-2025,1839.82,1740.31,1544.75,5.717947,5.999962,61.8846,90,municipality,gencat_housing_sales_2022_2024_2025,,2026-08-21T21:48:17Z,0.2.0,,,complete,61.8846,61.8846,100,,official,default,true
170160,Bàscara,02,Alt Empordà,2022-2025,,,,,,,0,missing,gencat_housing_sales_2022_2024_2025,,2026-08-21T21:48:17Z,0.2.0,insufficient_history,,methodology_pending,0,100,0,,official,default,false
170182,Bellcaire d'Empordà,10,Baix Empordà,2022-2025,,,,,,,0,missing,gencat_housing_sales_2022_2024_2025,,2026-08-21T21:48:17Z,0.2.0,insufficient_history,,methodology_pending,0,100,0,,official,default,false
170195,Besalú,19,Garrotxa,2022-2025,1871.38,,,,,,0,missing,gencat_housing_sales_2022_2024_2025,,2026-08-21T21:48:17Z,0.2.0,insufficient_history,,methodology_pending,0,100,0,,official,default,false
170209,Bescanó,20,Gironès,2022-2025,1751.37,1672.73,1496.21,4.701297,5.38896,56.8622,90,municipality,gencat_housing_sales_2022_2024_2025,,2026-08-21T21:48:17Z,0.2.0,,,complete,56.8622,56.8622,100,,official,default,true
170216,Beuda,19,Garrotxa,2022-2025,,,,,,,0,missing,gencat_housing_sales_2022_2024_2025,,2026-08-21T21:48:17Z,0.2.0,insufficient_history,,methodology_pending,0,100,0,,official,default,false
170221,la Bisbal d'Empordà,10,Baix Empordà,2022-2025,1386.3,1152.41,1140.18,20.295728,6.731989,67.9018,90,municipality,gencat_housing_sales_2022_2024_2025,,2026-08-21T21:48:17Z,0.2.0,,,complete,67.9018,67.9018,100,,official,default,true
170237,Blanes,34,Selva,2022-2025,2566.02,2358.86,2137.47,8.782208,6.280438,64.1901,90,municipality,gencat_housing_sales_2022_2024_2025,,2026-08-21T21:48:17Z,0.2.0,,,complete,64.1901,64.1901,100,,official,default,true
170242,Bolvir,15,Cerdanya,2022-2025,,,,,,,0,missing,gencat_housing_sales_2022_2024_2025,,2026-08-21T21:48:17Z,0.2.0,insufficient_history,,methodology_pending,0,100,0,,official,default,false
170255,Bordils,20,Gironès,2022-2025,,,,,,,0,missing,gencat_housing_sales_2022_2024_2025,,2026-08-21T21:48:17Z,0.2.0,insufficient_history,,methodology_pending,0,100,0,,official,default,false
170268,Borrassà,02,Alt Empordà,2022-2025,,,,,,,0,missing,gencat_housing_sales_2022_2024_2025,,2026-08-21T21:48:17Z,0.2.0,insufficient_history,,methodology_pending,0,100,0,,official,default,false
170274,Breda,34,Selva,2022-2025,1406.12,,,,,,0,missing,gencat_housing_sales_2022_2024_2025,,2026-08-21T21:48:17Z,0.2.0,insufficient_history,,methodology_pending,0,100,0,,official,default,false
170280,Brunyola i Sant Martí Sapresa,34,Selva,2022-2025,,,,,,,0,missing,gencat_housing_sales_2022_2024_2025,,2026-08-21T21:48:17Z,0.2.0,insufficient_history,,methodology_pending,0,100,0,,official,default,false
170293,Boadella i les Escaules,02,Alt Empordà,2022-2025,,,,,,,0,missing,gencat_housing_sales_2022_2024_2025,,2026-08-21T21:48:17Z,0.2.0,insufficient_history,,methodology_pending,0,100,0,,official,default,false
170307,Cabanes,02,Alt Empordà,2022-2025,,,,,,,0,missing,gencat_housing_sales_2022_2024_2025,,2026-08-21T21:48:17Z,0.2.0,insufficient_history,,methodology_pending,0,100,0,,official,default,false
170314,Cabanelles,02,Alt Empordà,2022-2025,,,,,,,0,missing,gencat_housing_sales_2022_2024_2025,,2026-08-21T21:48:17Z,0.2.0,insufficient_history,,methodology_pending,0,100,0,,official,default,false
170329,Cadaqués,02,Alt Empordà,2022-2025,7286.79,,,,,,0,missing,gencat_housing_sales_2022_2024_2025,,2026-08-21T21:48:17Z,0.2.0,insufficient_history,,methodology_pending,0,100,0,,official,default,false
170335,Caldes de Malavella,34,Selva,2022-2025,2623.77,2234.2,2181.73,17.436666,6.34284,64.7031,90,municipality,gencat_housing_sales_2022_2024_2025,,2026-08-21T21:48:17Z,0.2.0,,,complete,64.7031,64.7031,100,,official,default,true
170340,Calonge i Sant Antoni,10,Baix Empordà,2022-2025,2922.13,2927.76,2671.35,-0.192297,3.03614,37.5222,90,municipality,gencat_housing_sales_2022_2024_2025,,2026-08-21T21:48:17Z,0.2.0,,,complete,37.5222,37.5222,100,,official,default,true
170353,Camós,28,Pla de l'Estany,2022-2025,,,,,,,0,missing,gencat_housing_sales_2022_2024_2025,,2026-08-21T21:48:17Z,0.2.0,insufficient_history,,methodology_pending,0,100,0,,official,default,false
170366,Campdevànol,31,Ripollès,2022-2025,1279.59,,,,,,0,missing,gencat_housing_sales_2022_2024_2025,,2026-08-21T21:48:17Z,0.2.0,insufficient_history,,methodology_pending,0,100,0,,official,default,false
170372,Campelles,31,Ripollès,2022-2025,,,,,,,0,missing,gencat_housing_sales_2022_2024_2025,,2026-08-21T21:48:17Z,0.2.0,insufficient_history,,methodology_pending,0,100,0,,official,default,false
170388,Campllong,20,Gironès,2022-2025,,,,,,,0,missing,gencat_housing_sales_2022_2024_2025,,2026-08-21T21:48:17Z,0.2.0,insufficient_history,,methodology_pending,0,100,0,,official,default,false
170391,Camprodon,31,Ripollès,2022-2025,2370.44,,,,,,0,missing,gencat_housing_sales_2022_2024_2025,,2026-08-21T21:48:17Z,0.2.0,insufficient_history,,methodology_pending,0,100,0,,official,default,false
170405,Canet d'Adri,20,Gironès,2022-2025,,,,,,,0,missing,gencat_housing_sales_2022_2024_2025,,2026-08-21T21:48:17Z,0.2.0,insufficient_history,,methodology_pending,0,100,0,,official,default,false
170412,Cantallops,02,Alt Empordà,2022-2025,,,,,,,0,missing,gencat_housing_sales_2022_2024_2025,,2026-08-21T21:48:17Z,0.2.0,insufficient_history,,methodology_pending,0,100,0,,official,default,false
170427,Capmany,02,Alt Empordà,2022-2025,,,,,,,0,missing,gencat_housing_sales_2022_2024_2025,,2026-08-21T21:48:17Z,0.2.0,insufficient_history,,methodology_pending,0,100,0,,official,default,false
170433,Queralbs,31,Ripollès,2022-2025,,,,,,,0,missing,gencat_housing_sales_2022_2024_2025,,2026-08-21T21:48:17Z,0.2.0,insufficient_history,,methodology_pending,0,100,0,,official,default,false
170448,Cassà de la Selva,20,Gironès,2022-2025,1522.16,1552.41,1522.46,-1.948583,-0.006569,12.5113,90,municipality,gencat_housing_sales_2022_2024_2025,,2026-08-21T21:48:17Z,0.2.0,,,complete,12.5113,12.5113,100,,official,default,true
170464,Castellfollit de la Roca,19,Garrotxa,2022-2025,,,,,,,0,missing,gencat_housing_sales_2022_2024_2025,,2026-08-21T21:48:17Z,0.2.0,insufficient_history,,methodology_pending,0,100,0,,official,default,false
170470,Castelló d'Empúries,02,Alt Empordà,2022-2025,2858.77,2737.73,2541.38,4.421181,4.000766,45.4513,90,municipality,gencat_housing_sales_2022_2024_2025,,2026-08-21T21:48:17Z,0.2.0,,,complete,45.4513,45.4513,100,,official,default,true
170486,"Castell d'Aro, Platja d'Aro i s'Agaró",10,Baix Empordà,2022-2025,3513.97,3343.53,2794.51,5.097606,7.935455,77.7943,90,municipality,gencat_housing_sales_2022_2024_2025,,2026-08-21T21:48:17Z,0.2.0,,,complete,77.7943,77.7943,100,,official,default,true
170499,Celrà,20,Gironès,2022-2025,1945.86,1703.3,1922.38,14.240592,0.405488,15.8984,90,municipality,gencat_housing_sales_2022_2024_2025,,2026-08-21T21:48:17Z,0.2.0,,,complete,15.8984,15.8984,100,,official,default,true
170502,Cervià de Ter,20,Gironès,2022-2025,,,,,,,0,missing,gencat_housing_sales_2022_2024_2025,,2026-08-21T21:48:17Z,0.2.0,insufficient_history,,methodology_pending,0,100,0,,official,default,false
170519,Cistella,02,Alt Empordà,2022-2025,,,,,,,0,missing,gencat_housing_sales_2022_2024_2025,,2026-08-21T21:48:17Z,0.2.0,insufficient_history,,methodology_pending,0,100,0,,official,default,false
170524,Siurana,02,Alt Empordà,2022-2025,,,,,,,0,missing,gencat_housing_sales_2022_2024_2025,,2026-08-21T21:48:17Z,0.2.0,insufficient_history,,methodology_pending,0,100,0,,official,default,false
170545,Colera,02,Alt Empordà,2022-2025,,,,,,,0,missing,gencat_housing_sales_2022_2024_2025,,2026-08-21T21:48:17Z,0.2.0,insufficient_history,,methodology_pending,0,100,0,,official,default,false
170558,Colomers,10,Baix Empordà,2022-2025,,,,,,,0,missing,gencat_housing_sales_2022_2024_2025,,2026-08-21T21:48:17Z,0.2.0,insufficient_history,,methodology_pending,0,100,0,,official,default,false
170561,Cornellà del Terri,28,Pla de l'Estany,2022-2025,2519.26,,,,,,0,missing,gencat_housing_sales_2022_2024_2025,,2026-08-21T21:48:17Z,0.2.0,insufficient_history,,methodology_pending,0,100,0,,official,default,false
170577,Corçà,10,Baix Empordà,2022-2025,,,,,,,0,missing,gencat_housing_sales_2022_2024_2025,,2026-08-21T21:48:17Z,0.2.0,insufficient_history,,methodology_pending,0,100,0,,official,default,false
170583,Crespià,28,Pla de l'Estany,2022-2025,,,,,,,0,missing,gencat_housing_sales_2022_2024_2025,,2026-08-21T21:48:17Z,0.2.0,insufficient_history,,methodology_pending,0,100,0,,official,default,false
170600,Darnius,02,Alt Empordà,2022-2025,,,,,,,0,missing,gencat_housing_sales_2022_2024_2025,,2026-08-21T21:48:17Z,0.2.0,insufficient_history,,methodology_pending,0,100,0,,official,default,false
170617,Das,15,Cerdanya,2022-2025,,,,,,,0,missing,gencat_housing_sales_2022_2024_2025,,2026-08-21T21:48:17Z,0.2.0,insufficient_history,,methodology_pending,0,100,0,,official,default,false
170622,l'Escala,02,Alt Empordà,2022-2025,2809.88,2539.5,2395.88,10.646978,5.456715,57.4192,90,municipality,gencat_housing_sales_2022_2024_2025,,2026-08-21T21:48:17Z,0.2.0,,,complete,57.4192,57.4192,100,,official,default,true
170638,Espinelves,24,Osona,2022-2025,,,,,,,0,missing,gencat_housing_sales_2022_2024_2025,,2026-08-21T21:48:17Z,0.2.0,insufficient_history,,methodology_pending,0,100,0,,official,default,false
170643,Espolla,02,Alt Empordà,2022-2025,,,,,,,0,missing,gencat_housing_sales_2022_2024_2025,,2026-08-21T21:48:17Z,0.2.0,insufficient_history,,methodology_pending,0,100,0,,official,default,false
170656,Esponellà,28,Pla de l'Estany,2022-2025,,,,,,,0,missing,gencat_housing_sales_2022_2024_2025,,2026-08-21T21:48:17Z,0.2.0,insufficient_history,,methodology_pending,0,100,0,,official,default,false
170669,Figueres,02,Alt Empordà,2022-2025,1355.2,1285.11,1346.68,5.454008,0.210446,14.2951,90,municipality,gencat_housing_sales_2022_2024_2025,,2026-08-21T21:48:17Z,0.2.0,,,complete,14.2951,14.2951,100,,official,default,true
170675,Flaçà,20,Gironès,2022-2025,,,,,,,0,missing,gencat_housing_sales_2022_2024_2025,,2026-08-21T21:48:17Z,0.2.0,insufficient_history,,methodology_pending,0,100,0,,official,default,false
170681,Foixà,10,Baix Empordà,2022-2025,,,,,,,0,missing,gencat_housing_sales_2022_2024_2025,,2026-08-21T21:48:17Z,0.2.0,insufficient_history,,methodology_pending,0,100,0,,official,default,false
170694,Fontanals de Cerdanya,15,Cerdanya,2022-2025,,,,,,,0,missing,gencat_housing_sales_2022_2024_2025,,2026-08-21T21:48:17Z,0.2.0,insufficient_history,,methodology_pending,0,100,0,,official,default,false
170708,Fontanilles,10,Baix Empordà,2022-2025,,,,,,,0,missing,gencat_housing_sales_2022_2024_2025,,2026-08-21T21:48:17Z,0.2.0,insufficient_history,,methodology_pending,0,100,0,,official,default,false
170715,Fontcoberta,28,Pla de l'Estany,2022-2025,,,,,,,0,missing,gencat_housing_sales_2022_2024_2025,,2026-08-21T21:48:17Z,0.2.0,insufficient_history,,methodology_pending,0,100,0,,official,default,false
170736,Fornells de la Selva,20,Gironès,2022-2025,1976.01,,,,,,0,missing,gencat_housing_sales_2022_2024_2025,,2026-08-21T21:48:17Z,0.2.0,insufficient_history,,methodology_pending,0,100,0,,official,default,false
170741,Fortià,02,Alt Empordà,2022-2025,,,,,,,0,missing,gencat_housing_sales_2022_2024_2025,,2026-08-21T21:48:17Z,0.2.0,insufficient_history,,methodology_pending,0,100,0,,official,default,false
170754,Garrigàs,02,Alt Empordà,2022-2025,,,,,,,0,missing,gencat_housing_sales_2022_2024_2025,,2026-08-21T21:48:17Z,0.2.0,insufficient_history,,methodology_pending,0,100,0,,official,default,false
170767,Garrigoles,10,Baix Empordà,2022-2025,,,,,,,0,missing,gencat_housing_sales_2022_2024_2025,,2026-08-21T21:48:17Z,0.2.0,insufficient_history,,methodology_pending,0,100,0,,official,default,false
170773,Garriguella,02,Alt Empordà,2022-2025,,,,,,,0,missing,gencat_housing_sales_2022_2024_2025,,2026-08-21T21:48:17Z,0.2.0,insufficient_history,,methodology_pending,0,100,0,,official,default,false
170789,Ger,15,Cerdanya,2022-2025,,,,,,,0,missing,gencat_housing_sales_2022_2024_2025,,2026-08-21T21:48:17Z,0.2.0,insufficient_history,,methodology_pending,0,100,0,,official,default,false
170792,Girona,20,Gironès,2022-2025,2466.68,2335.23,2146.82,5.628996,4.73835,51.5142,90,municipality,gencat_housing_sales_2022_2024_2025,,2026-08-21T21:48:17Z,0.2.0,,,complete,51.5142,51.5142,100,,official,default,true
170806,Gombrèn,31,Ripollès,2022-2025,,,,,,,0,missing,gencat_housing_sales_2022_2024_2025,,2026-08-21T21:48:17Z,0.2.0,insufficient_history,,methodology_pending,0,100,0,,official,default,false
170813,Gualta,10,Baix Empordà,2022-2025,,,,,,,0,missing,gencat_housing_sales_2022_2024_2025,,2026-08-21T21:48:17Z,0.2.0,insufficient_history,,methodology_pending,0,100,0,,official,default,false
170828,Guils de Cerdanya,15,Cerdanya,2022-2025,,,,,,,0,missing,gencat_housing_sales_2022_2024_2025,,2026-08-21T21:48:17Z,0.2.0,insufficient_history,,methodology_pending,0,100,0,,official,default,false
170834,Hostalric,34,Selva,2022-2025,1474.71,,,,,,0,missing,gencat_housing_sales_2022_2024_2025,,2026-08-21T21:48:17Z,0.2.0,insufficient_history,,methodology_pending,0,100,0,,official,default,false
170849,Isòvol,15,Cerdanya,2022-2025,,,,,,,0,missing,gencat_housing_sales_2022_2024_2025,,2026-08-21T21:48:17Z,0.2.0,insufficient_history,,methodology_pending,0,100,0,,official,default,false
170852,Jafre,10,Baix Empordà,2022-2025,,,,,,,0,missing,gencat_housing_sales_2022_2024_2025,,2026-08-21T21:48:17Z,0.2.0,insufficient_history,,methodology_pending,0,100,0,,official,default,false
170865,la Jonquera,02,Alt Empordà,2022-2025,1118.96,,,,,,0,missing,gencat_housing_sales_2022_2024_2025,,2026-08-21T21:48:17Z,0.2.0,insufficient_history,,methodology_pending,0,100,0,,official,default,false
170871,Juià,20,Gironès,2022-2025,,,,,,,0,missing,gencat_housing_sales_2022_2024_2025,,2026-08-21T21:48:17Z,0.2.0,insufficient_history,,methodology_pending,0,100,0,,official,default,false
170887,Lladó,02,Alt Empordà,2022-2025,,,,,,,0,missing,gencat_housing_sales_2022_2024_2025,,2026-08-21T21:48:17Z,0.2.0,insufficient_history,,methodology_pending,0,100,0,,official,default,false
170890,Llagostera,20,Gironès,2022-2025,1519.01,1372.47,1407.58,10.6771,2.572085,33.7077,90,municipality,gencat_housing_sales_2022_2024_2025,,2026-08-21T21:48:17Z,0.2.0,,,complete,33.7077,33.7077,100,,official,default,true
170904,Llambilles,20,Gironès,2022-2025,,,,,,,0,missing,gencat_housing_sales_2022_2024_2025,,2026-08-21T21:48:17Z,0.2.0,insufficient_history,,methodology_pending,0,100,0,,official,default,false
170911,Llanars,31,Ripollès,2022-2025,,,,,,,0,missing,gencat_housing_sales_2022_2024_2025,,2026-08-21T21:48:17Z,0.2.0,insufficient_history,,methodology_pending,0,100,0,,official,default,false
170926,Llançà,02,Alt Empordà,2022-2025,2791.6,,,,,,0,missing,gencat_housing_sales_2022_2024_2025,,2026-08-21T21:48:17Z,0.2.0,insufficient_history,,methodology_pending,0,100,0,,official,default,false
170932,Llers,02,Alt Empordà,2022-2025,,,,,,,0,missing,gencat_housing_sales_2022_2024_2025,,2026-08-21T21:48:17Z,0.2.0,insufficient_history,,methodology_pending,0,100,0,,official,default,false
170947,Llívia,15,Cerdanya,2022-2025,,,,,,,0,missing,gencat_housing_sales_2022_2024_2025,,2026-08-21T21:48:17Z,0.2.0,insufficient_history,,methodology_pending,0,100,0,,official,default,false
170950,Lloret de Mar,34,Selva,2022-2025,2306.98,2186.83,2022.08,5.494254,4.491709,49.4869,90,municipality,gencat_housing_sales_2022_2024_2025,,2026-08-21T21:48:17Z,0.2.0,,,complete,49.4869,49.4869,100,,official,default,true
170963,les Llosses,31,Ripollès,2022-2025,,,,,,,0,missing,gencat_housing_sales_2022_2024_2025,,2026-08-21T21:48:17Z,0.2.0,insufficient_history,,methodology_pending,0,100,0,,official,default,false
170979,Madremanya,20,Gironès,2022-2025,,,,,,,0,missing,gencat_housing_sales_2022_2024_2025,,2026-08-21T21:48:17Z,0.2.0,insufficient_history,,methodology_pending,0,100,0,,official,default,false
170985,Maià de Montcal,19,Garrotxa,2022-2025,,,,,,,0,missing,gencat_housing_sales_2022_2024_2025,,2026-08-21T21:48:17Z,0.2.0,insufficient_history,,methodology_pending,0,100,0,,official,default,false
170998,Meranges,15,Cerdanya,2022-2025,,,,,,,0,missing,gencat_housing_sales_2022_2024_2025,,2026-08-21T21:48:17Z,0.2.0,insufficient_history,,methodology_pending,0,100,0,,official,default,false
171002,Masarac i Vilarnadal,02,Alt Empordà,2022-2025,,,,,,,0,missing,gencat_housing_sales_2022_2024_2025,,2026-08-21T21:48:17Z,0.2.0,insufficient_history,,methodology_pending,0,100,0,,official,default,false
171019,Massanes,34,Selva,2022-2025,,,,,,,0,missing,gencat_housing_sales_2022_2024_2025,,2026-08-21T21:48:17Z,0.2.0,insufficient_history,,methodology_pending,0,100,0,,official,default,false
171024,Maçanet de Cabrenys,02,Alt Empordà,2022-2025,,,,,,,0,missing,gencat_housing_sales_2022_2024_2025,,2026-08-21T21:48:17Z,0.2.0,insufficient_history,,methodology_pending,0,100,0,,official,default,false
171030,Maçanet de la Selva,34,Selva,2022-2025,1479.14,1353.33,1274.02,9.296328,5.102008,54.5035,90,municipality,gencat_housing_sales_2022_2024_2025,,2026-08-21T21:48:17Z,0.2.0,,,complete,54.5035,54.5035,100,,official,default,true
171058,Mieres,19,Garrotxa,2022-2025,,,,,,,0,missing,gencat_housing_sales_2022_2024_2025,,2026-08-21T21:48:17Z,0.2.0,insufficient_history,,methodology_pending,0,100,0,,official,default,false
171061,Mollet de Peralada,02,Alt Empordà,2022-2025,,,,,,,0,missing,gencat_housing_sales_2022_2024_2025,,2026-08-21T21:48:17Z,0.2.0,insufficient_history,,methodology_pending,0,100,0,,official,default,false
171077,Molló,31,Ripollès,2022-2025,,,,,,,0,missing,gencat_housing_sales_2022_2024_2025,,2026-08-21T21:48:17Z,0.2.0,insufficient_history,,methodology_pending,0,100,0,,official,default,false
171096,Montagut i Oix,19,Garrotxa,2022-2025,,,,,,,0,missing,gencat_housing_sales_2022_2024_2025,,2026-08-21T21:48:17Z,0.2.0,insufficient_history,,methodology_pending,0,100,0,,official,default,false
171100,Mont-ras,10,Baix Empordà,2022-2025,,,,,,,0,missing,gencat_housing_sales_2022_2024_2025,,2026-08-21T21:48:17Z,0.2.0,insufficient_history,,methodology_pending,0,100,0,,official,default,false
171117,Navata,02,Alt Empordà,2022-2025,,,,,,,0,missing,gencat_housing_sales_2022_2024_2025,,2026-08-21T21:48:17Z,0.2.0,insufficient_history,,methodology_pending,0,100,0,,official,default,false
171122,Ogassa,31,Ripollès,2022-2025,,,,,,,0,missing,gencat_housing_sales_2022_2024_2025,,2026-08-21T21:48:17Z,0.2.0,insufficient_history,,methodology_pending,0,100,0,,official,default,false
171143,Olot,19,Garrotxa,2022-2025,1722.97,1399.92,1428.78,23.076319,6.439817,65.5002,90,municipality,gencat_housing_sales_2022_2024_2025,,2026-08-21T21:48:17Z,0.2.0,,,complete,65.5002,65.5002,100,,official,default,true
171156,Ordis,02,Alt Empordà,2022-2025,,,,,,,0,missing,gencat_housing_sales_2022_2024_2025,,2026-08-21T21:48:17Z,0.2.0,insufficient_history,,methodology_pending,0,100,0,,official,default,false
171169,Osor,34,Selva,2022-2025,,,,,,,0,missing,gencat_housing_sales_2022_2024_2025,,2026-08-21T21:48:17Z,0.2.0,insufficient_history,,methodology_pending,0,100,0,,official,default,false
171175,Palafrugell,10,Baix Empordà,2022-2025,2956.17,2486.83,2428.15,18.873023,6.7787,68.2858,90,municipality,gencat_housing_sales_2022_2024_2025,,2026-08-21T21:48:17Z,0.2.0,,,complete,68.2858,68.2858,100,,official,default,true
171181,Palamós,10,Baix Empordà,2022-2025,3120.41,2790.17,2649.65,11.835838,5.602545,58.6179,90,municipality,gencat_housing_sales_2022_2024_2025,,2026-08-21T21:48:17Z,0.2.0,,,complete,58.6179,58.6179,100,,official,default,true
171194,Palau de Santa Eulàlia,02,Alt Empordà,2022-2025,,,,,,,0,missing,gencat_housing_sales_2022_2024_2025,,2026-08-21T21:48:17Z,0.2.0,insufficient_history,,methodology_pending,0,100,0,,official,default,false
171208,Palau-saverdera,02,Alt Empordà,2022-2025,,,,,,,0,missing,gencat_housing_sales_2022_2024_2025,,2026-08-21T21:48:17Z,0.2.0,insufficient_history,,methodology_pending,0,100,0,,official,default,false
171215,Palau-sator,10,Baix Empordà,2022-2025,,,,,,,0,missing,gencat_housing_sales_2022_2024_2025,,2026-08-21T21:48:17Z,0.2.0,insufficient_history,,methodology_pending,0,100,0,,official,default,false
171236,Palol de Revardit,28,Pla de l'Estany,2022-2025,,,,,,,0,missing,gencat_housing_sales_2022_2024_2025,,2026-08-21T21:48:17Z,0.2.0,insufficient_history,,methodology_pending,0,100,0,,official,default,false
171241,Pals,10,Baix Empordà,2022-2025,2921.15,,,,,,0,missing,gencat_housing_sales_2022_2024_2025,,2026-08-21T21:48:17Z,0.2.0,insufficient_history,,methodology_pending,0,100,0,,official,default,false
171254,Pardines,31,Ripollès,2022-2025,,,,,,,0,missing,gencat_housing_sales_2022_2024_2025,,2026-08-21T21:48:17Z,0.2.0,insufficient_history,,methodology_pending,0,100,0,,official,default,false
171267,Parlavà,10,Baix Empordà,2022-2025,,,,,,,0,missing,gencat_housing_sales_2022_2024_2025,,2026-08-21T21:48:17Z,0.2.0,insufficient_history,,methodology_pending,0,100,0,,official,default,false
171289,Pau,02,Alt Empordà,2022-2025,,,,,,,0,missing,gencat_housing_sales_2022_2024_2025,,2026-08-21T21:48:17Z,0.2.0,insufficient_history,,methodology_pending,0,100,0,,official,default,false
171292,Pedret i Marzà,02,Alt Empordà,2022-2025,,,,,,,0,missing,gencat_housing_sales_2022_2024_2025,,2026-08-21T21:48:17Z,0.2.0,insufficient_history,,methodology_pending,0,100,0,,official,default,false
171306,la Pera,10,Baix Empordà,2022-2025,,,,,,,0,missing,gencat_housing_sales_2022_2024_2025,,2026-08-21T21:48:17Z,0.2.0,insufficient_history,,methodology_pending,0,100,0,,official,default,false
171328,Peralada,02,Alt Empordà,2022-2025,1899.02,,,,,,0,missing,gencat_housing_sales_2022_2024_2025,,2026-08-21T21:48:17Z,0.2.0,insufficient_history,,methodology_pending,0,100,0,,official,default,false
171334,les Planes d'Hostoles,19,Garrotxa,2022-2025,,,,,,,0,missing,gencat_housing_sales_2022_2024_2025,,2026-08-21T21:48:17Z,0.2.0,insufficient_history,,methodology_pending,0,100,0,,official,default,false
171349,Planoles,31,Ripollès,2022-2025,,,,,,,0,missing,gencat_housing_sales_2022_2024_2025,,2026-08-21T21:48:17Z,0.2.0,insufficient_history,,methodology_pending,0,100,0,,official,default,false
171352,Pont de Molins,02,Alt Empordà,2022-2025,,,,,,,0,missing,gencat_housing_sales_2022_2024_2025,,2026-08-21T21:48:17Z,0.2.0,insufficient_history,,methodology_pending,0,100,0,,official,default,false
171365,Pontós,02,Alt Empordà,2022-2025,,,,,,,0,missing,gencat_housing_sales_2022_2024_2025,,2026-08-21T21:48:17Z,0.2.0,insufficient_history,,methodology_pending,0,100,0,,official,default,false
171371,Porqueres,28,Pla de l'Estany,2022-2025,2147.14,,,,,,0,missing,gencat_housing_sales_2022_2024_2025,,2026-08-21T21:48:17Z,0.2.0,insufficient_history,,methodology_pending,0,100,0,,official,default,false
171387,Portbou,02,Alt Empordà,2022-2025,,,,,,,0,missing,gencat_housing_sales_2022_2024_2025,,2026-08-21T21:48:17Z,0.2.0,insufficient_history,,methodology_pending,0,100,0,,official,default,false
171390,les Preses,19,Garrotxa,2022-2025,,,,,,,0,missing,gencat_housing_sales_2022_2024_2025,,2026-08-21T21:48:17Z,0.2.0,insufficient_history,,methodology_pending,0,100,0,,official,default,false
171404,el Port de la Selva,02,Alt Empordà,2022-2025,,,,,,,0,missing,gencat_housing_sales_2022_2024_2025,,2026-08-21T21:48:17Z,0.2.0,insufficient_history,,methodology_pending,0,100,0,,official,default,false
171411,Puigcerdà,15,Cerdanya,2022-2025,2895.21,2584.72,2733.27,12.01252,1.937156,28.4886,90,municipality,gencat_housing_sales_2022_2024_2025,,2026-08-21T21:48:17Z,0.2.0,,,complete,28.4886,28.4886,100,,official,default,true
171426,Quart,20,Gironès,2022-2025,2273.89,,,,,,0,missing,gencat_housing_sales_2022_2024_2025,,2026-08-21T21:48:17Z,0.2.0,insufficient_history,,methodology_pending,0,100,0,,official,default,false
171432,Rabós,02,Alt Empordà,2022-2025,,,,,,,0,missing,gencat_housing_sales_2022_2024_2025,,2026-08-21T21:48:17Z,0.2.0,insufficient_history,,methodology_pending,0,100,0,,official,default,false
171447,Regencós,10,Baix Empordà,2022-2025,,,,,,,0,missing,gencat_housing_sales_2022_2024_2025,,2026-08-21T21:48:17Z,0.2.0,insufficient_history,,methodology_pending,0,100,0,,official,default,false
171450,Ribes de Freser,31,Ripollès,2022-2025,,,,,,,0,missing,gencat_housing_sales_2022_2024_2025,,2026-08-21T21:48:17Z,0.2.0,insufficient_history,,methodology_pending,0,100,0,,official,default,false
171463,Riells i Viabrea,34,Selva,2022-2025,1551.74,,,,,,0,missing,gencat_housing_sales_2022_2024_2025,,2026-08-21T21:48:17Z,0.2.0,insufficient_history,,methodology_pending,0,100,0,,official,default,false
171479,Ripoll,31,Ripollès,2022-2025,1061.92,1043.26,947.74,1.788624,3.864594,44.332,90,municipality,gencat_housing_sales_2022_2024_2025,,2026-08-21T21:48:17Z,0.2.0,,,complete,44.332,44.332,100,,official,default,true
171485,Riudarenes,34,Selva,2022-2025,1382.74,,,,,,0,missing,gencat_housing_sales_2022_2024_2025,,2026-08-21T21:48:17Z,0.2.0,insufficient_history,,methodology_pending,0,100,0,,official,default,false
171498,Riudaura,19,Garrotxa,2022-2025,,,,,,,0,missing,gencat_housing_sales_2022_2024_2025,,2026-08-21T21:48:17Z,0.2.0,insufficient_history,,methodology_pending,0,100,0,,official,default,false
171501,Riudellots de la Selva,34,Selva,2022-2025,2199.32,,,,,,0,missing,gencat_housing_sales_2022_2024_2025,,2026-08-21T21:48:17Z,0.2.0,insufficient_history,,methodology_pending,0,100,0,,official,default,false
171518,Riumors,02,Alt Empordà,2022-2025,,,,,,,0,missing,gencat_housing_sales_2022_2024_2025,,2026-08-21T21:48:17Z,0.2.0,insufficient_history,,methodology_pending,0,100,0,,official,default,false
171523,Roses,02,Alt Empordà,2022-2025,3091.23,3001.48,2818.05,2.990192,3.132182,38.3116,90,municipality,gencat_housing_sales_2022_2024_2025,,2026-08-21T21:48:17Z,0.2.0,,,complete,38.3116,38.3116,100,,official,default,true
171539,Rupià,10,Baix Empordà,2022-2025,,,,,,,0,missing,gencat_housing_sales_2022_2024_2025,,2026-08-21T21:48:17Z,0.2.0,insufficient_history,,methodology_pending,0,100,0,,official,default,false
171544,Sales de Llierca,19,Garrotxa,2022-2025,,,,,,,0,missing,gencat_housing_sales_2022_2024_2025,,2026-08-21T21:48:17Z,0.2.0,insufficient_history,,methodology_pending,0,100,0,,official,default,false
171557,Salt,20,Gironès,2022-2025,1286.42,1274.53,1165.44,0.932893,3.34694,40.0769,90,municipality,gencat_housing_sales_2022_2024_2025,,2026-08-21T21:48:17Z,0.2.0,,,complete,40.0769,40.0769,100,,official,default,true
171576,Sant Andreu Salou,20,Gironès,2022-2025,,,,,,,0,missing,gencat_housing_sales_2022_2024_2025,,2026-08-21T21:48:17Z,0.2.0,insufficient_history,,methodology_pending,0,100,0,,official,default,false
171582,Sant Climent Sescebes,02,Alt Empordà,2022-2025,,,,,,,0,missing,gencat_housing_sales_2022_2024_2025,,2026-08-21T21:48:17Z,0.2.0,insufficient_history,,methodology_pending,0,100,0,,official,default,false
171595,Sant Feliu de Buixalleu,34,Selva,2022-2025,,,,,,,0,missing,gencat_housing_sales_2022_2024_2025,,2026-08-21T21:48:17Z,0.2.0,insufficient_history,,methodology_pending,0,100,0,,official,default,false
171609,Sant Feliu de Guíxols,10,Baix Empordà,2022-2025,2780.69,2351.28,2226.49,18.262819,7.690471,75.7805,90,municipality,gencat_housing_sales_2022_2024_2025,,2026-08-21T21:48:17Z,0.2.0,,,complete,75.7805,75.7805,100,,official,default,true
171616,Sant Feliu de Pallerols,19,Garrotxa,2022-2025,,,,,,,0,missing,gencat_housing_sales_2022_2024_2025,,2026-08-21T21:48:17Z,0.2.0,insufficient_history,,methodology_pending,0,100,0,,official,default,false
171621,Sant Ferriol,19,Garrotxa,2022-2025,,,,,,,0,missing,gencat_housing_sales_2022_2024_2025,,2026-08-21T21:48:17Z,0.2.0,insufficient_history,,methodology_pending,0,100,0,,official,default,false
171637,Sant Gregori,20,Gironès,2022-2025,2822.47,,,,,,0,missing,gencat_housing_sales_2022_2024_2025,,2026-08-21T21:48:17Z,0.2.0,insufficient_history,,methodology_pending,0,100,0,,official,default,false
171642,Sant Hilari Sacalm,34,Selva,2022-2025,1031.01,884.85,993.49,16.518054,1.243339,22.7855,90,municipality,gencat_housing_sales_2022_2024_2025,,2026-08-21T21:48:17Z,0.2.0,,,complete,22.7855,22.7855,100,,official,default,true
171655,Sant Jaume de Llierca,19,Garrotxa,2022-2025,,,,,,,0,missing,gencat_housing_sales_2022_2024_2025,,2026-08-21T21:48:17Z,0.2.0,insufficient_history,,methodology_pending,0,100,0,,official,default,false
171668,Sant Jordi Desvalls,20,Gironès,2022-2025,,,,,,,0,missing,gencat_housing_sales_2022_2024_2025,,2026-08-21T21:48:17Z,0.2.0,insufficient_history,,methodology_pending,0,100,0,,official,default,false
171674,Sant Joan de les Abadesses,31,Ripollès,2022-2025,1198.84,,,,,,0,missing,gencat_housing_sales_2022_2024_2025,,2026-08-21T21:48:17Z,0.2.0,insufficient_history,,methodology_pending,0,100,0,,official,default,false
171680,Sant Joan de Mollet,20,Gironès,2022-2025,,,,,,,0,missing,gencat_housing_sales_2022_2024_2025,,2026-08-21T21:48:17Z,0.2.0,insufficient_history,,methodology_pending,0,100,0,,official,default,false
171693,Sant Julià de Ramis,20,Gironès,2022-2025,1927.14,,,,,,0,missing,gencat_housing_sales_2022_2024_2025,,2026-08-21T21:48:17Z,0.2.0,insufficient_history,,methodology_pending,0,100,0,,official,default,false
171707,Vallfogona de Ripollès,31,Ripollès,2022-2025,,,,,,,0,missing,gencat_housing_sales_2022_2024_2025,,2026-08-21T21:48:17Z,0.2.0,insufficient_history,,methodology_pending,0,100,0,,official,default,false
171714,Sant Llorenç de la Muga,02,Alt Empordà,2022-2025,,,,,,,0,missing,gencat_housing_sales_2022_2024_2025,,2026-08-21T21:48:17Z,0.2.0,insufficient_history,,methodology_pending,0,100,0,,official,default,false
171729,Sant Martí de Llémena,20,Gironès,2022-2025,,,,,,,0,missing,gencat_housing_sales_2022_2024_2025,,2026-08-21T21:48:17Z,0.2.0,insufficient_history,,methodology_pending,0,100,0,,official,default,false
171735,Sant Martí Vell,20,Gironès,2022-2025,,,,,,,0,missing,gencat_housing_sales_2022_2024_2025,,2026-08-21T21:48:17Z,0.2.0,insufficient_history,,methodology_pending,0,100,0,,official,default,false
171740,Sant Miquel de Campmajor,28,Pla de l'Estany,2022-2025,,,,,,,0,missing,gencat_housing_sales_2022_2024_2025,,2026-08-21T21:48:17Z,0.2.0,insufficient_history,,methodology_pending,0,100,0,,official,default,false
171753,Sant Miquel de Fluvià,02,Alt Empordà,2022-2025,,,,,,,0,missing,gencat_housing_sales_2022_2024_2025,,2026-08-21T21:48:17Z,0.2.0,insufficient_history,,methodology_pending,0,100,0,,official,default,false
171766,Sant Mori,02,Alt Empordà,2022-2025,,,,,,,0,missing,gencat_housing_sales_2022_2024_2025,,2026-08-21T21:48:17Z,0.2.0,insufficient_history,,methodology_pending,0,100,0,,official,default,false
171772,Sant Pau de Segúries,31,Ripollès,2022-2025,,,,,,,0,missing,gencat_housing_sales_2022_2024_2025,,2026-08-21T21:48:17Z,0.2.0,insufficient_history,,methodology_pending,0,100,0,,official,default,false
171788,Sant Pere Pescador,02,Alt Empordà,2022-2025,1670.4,,,,,,0,missing,gencat_housing_sales_2022_2024_2025,,2026-08-21T21:48:17Z,0.2.0,insufficient_history,,methodology_pending,0,100,0,,official,default,false
171805,Santa Coloma de Farners,34,Selva,2022-2025,1528.03,1450.7,1347.95,5.33053,4.268398,47.6513,90,municipality,gencat_housing_sales_2022_2024_2025,,2026-08-21T21:48:17Z,0.2.0,,,complete,47.6513,47.6513,100,,official,default,true
171812,Santa Cristina d'Aro,10,Baix Empordà,2022-2025,2471.78,2055.39,2036.28,20.258442,6.67372,67.4229,90,municipality,gencat_housing_sales_2022_2024_2025,,2026-08-21T21:48:17Z,0.2.0,,,complete,67.4229,67.4229,100,,official,default,true
171827,Santa Llogaia d'Àlguema,02,Alt Empordà,2022-2025,,,,,,,0,missing,gencat_housing_sales_2022_2024_2025,,2026-08-21T21:48:17Z,0.2.0,insufficient_history,,methodology_pending,0,100,0,,official,default,false
171833,Sant Aniol de Finestres,19,Garrotxa,2022-2025,,,,,,,0,missing,gencat_housing_sales_2022_2024_2025,,2026-08-21T21:48:17Z,0.2.0,insufficient_history,,methodology_pending,0,100,0,,official,default,false
171848,Santa Pau,19,Garrotxa,2022-2025,,,,,,,0,missing,gencat_housing_sales_2022_2024_2025,,2026-08-21T21:48:17Z,0.2.0,insufficient_history,,methodology_pending,0,100,0,,official,default,false
171851,Sant Joan les Fonts,19,Garrotxa,2022-2025,2037.59,,,,,,0,missing,gencat_housing_sales_2022_2024_2025,,2026-08-21T21:48:17Z,0.2.0,insufficient_history,,methodology_pending,0,100,0,,official,default,false
171864,Sarrià de Ter,20,Gironès,2022-2025,2308.56,1987.4,1633.04,16.159807,12.231504,100,90,municipality,gencat_housing_sales_2022_2024_2025,,2026-08-21T21:48:17Z,0.2.0,,,complete,100,100,100,,official,default,true
171870,"Saus, Camallera i Llampaies",02,Alt Empordà,2022-2025,,,,,,,0,missing,gencat_housing_sales_2022_2024_2025,,2026-08-21T21:48:17Z,0.2.0,insufficient_history,,methodology_pending,0,100,0,,official,default,false
171886,la Selva de Mar,02,Alt Empordà,2022-2025,,,,,,,0,missing,gencat_housing_sales_2022_2024_2025,,2026-08-21T21:48:17Z,0.2.0,insufficient_history,,methodology_pending,0,100,0,,official,default,false
171899,la Cellera de Ter,34,Selva,2022-2025,929.52,,,,,,0,missing,gencat_housing_sales_2022_2024_2025,,2026-08-21T21:48:17Z,0.2.0,insufficient_history,,methodology_pending,0,100,0,,official,default,false
171903,Serinyà,28,Pla de l'Estany,2022-2025,,,,,,,0,missing,gencat_housing_sales_2022_2024_2025,,2026-08-21T21:48:17Z,0.2.0,insufficient_history,,methodology_pending,0,100,0,,official,default,false
171910,Serra de Daró,10,Baix Empordà,2022-2025,,,,,,,0,missing,gencat_housing_sales_2022_2024_2025,,2026-08-21T21:48:17Z,0.2.0,insufficient_history,,methodology_pending,0,100,0,,official,default,false
171925,Setcases,31,Ripollès,2022-2025,,,,,,,0,missing,gencat_housing_sales_2022_2024_2025,,2026-08-21T21:48:17Z,0.2.0,insufficient_history,,methodology_pending,0,100,0,,official,default,false
171931,Sils,34,Selva,2022-2025,1943.21,1668.39,1422.64,16.472168,10.953645,100,90,municipality,gencat_housing_sales_2022_2024_2025,,2026-08-21T21:48:17Z,0.2.0,,,complete,100,100,100,,official,default,true
171946,Susqueda,34,Selva,2022-2025,,,,,,,0,missing,gencat_housing_sales_2022_2024_2025,,2026-08-21T21:48:17Z,0.2.0,insufficient_history,,methodology_pending,0,100,0,,official,default,false
171959,la Tallada d'Empordà,10,Baix Empordà,2022-2025,,,,,,,0,missing,gencat_housing_sales_2022_2024_2025,,2026-08-21T21:48:17Z,0.2.0,insufficient_history,,methodology_pending,0,100,0,,official,default,false
171962,Terrades,02,Alt Empordà,2022-2025,,,,,,,0,missing,gencat_housing_sales_2022_2024_2025,,2026-08-21T21:48:17Z,0.2.0,insufficient_history,,methodology_pending,0,100,0,,official,default,false
171978,Torrent,10,Baix Empordà,2022-2025,,,,,,,0,missing,gencat_housing_sales_2022_2024_2025,,2026-08-21T21:48:17Z,0.2.0,insufficient_history,,methodology_pending,0,100,0,,official,default,false
171984,Torroella de Fluvià,02,Alt Empordà,2022-2025,,,,,,,0,missing,gencat_housing_sales_2022_2024_2025,,2026-08-21T21:48:17Z,0.2.0,insufficient_history,,methodology_pending,0,100,0,,official,default,false
171997,Torroella de Montgrí,10,Baix Empordà,2022-2025,2363.25,2238.61,2044.01,5.567741,4.95639,53.3065,90,municipality,gencat_housing_sales_2022_2024_2025,,2026-08-21T21:48:17Z,0.2.0,,,complete,53.3065,53.3065,100,,official,default,true
172001,Tortellà,19,Garrotxa,2022-2025,,,,,,,0,missing,gencat_housing_sales_2022_2024_2025,,2026-08-21T21:48:17Z,0.2.0,insufficient_history,,methodology_pending,0,100,0,,official,default,false
172018,Toses,31,Ripollès,2022-2025,,,,,,,0,missing,gencat_housing_sales_2022_2024_2025,,2026-08-21T21:48:17Z,0.2.0,insufficient_history,,methodology_pending,0,100,0,,official,default,false
172023,Tossa de Mar,34,Selva,2022-2025,3142.62,2826.44,2742.11,11.18651,4.649141,50.7809,90,municipality,gencat_housing_sales_2022_2024_2025,,2026-08-21T21:48:17Z,0.2.0,,,complete,50.7809,50.7809,100,,official,default,true
172039,Ultramort,10,Baix Empordà,2022-2025,,,,,,,0,missing,gencat_housing_sales_2022_2024_2025,,2026-08-21T21:48:17Z,0.2.0,insufficient_history,,methodology_pending,0,100,0,,official,default,false
172044,Ullà,10,Baix Empordà,2022-2025,,,,,,,0,missing,gencat_housing_sales_2022_2024_2025,,2026-08-21T21:48:17Z,0.2.0,insufficient_history,,methodology_pending,0,100,0,,official,default,false
172057,Ullastret,10,Baix Empordà,2022-2025,,,,,,,0,missing,gencat_housing_sales_2022_2024_2025,,2026-08-21T21:48:17Z,0.2.0,insufficient_history,,methodology_pending,0,100,0,,official,default,false
172060,Urús,15,Cerdanya,2022-2025,,,,,,,0,missing,gencat_housing_sales_2022_2024_2025,,2026-08-21T21:48:17Z,0.2.0,insufficient_history,,methodology_pending,0,100,0,,official,default,false
172076,la Vall d'en Bas,19,Garrotxa,2022-2025,1925,,,,,,0,missing,gencat_housing_sales_2022_2024_2025,,2026-08-21T21:48:17Z,0.2.0,insufficient_history,,methodology_pending,0,100,0,,official,default,false
172082,la Vall de Bianya,19,Garrotxa,2022-2025,,,,,,,0,missing,gencat_housing_sales_2022_2024_2025,,2026-08-21T21:48:17Z,0.2.0,insufficient_history,,methodology_pending,0,100,0,,official,default,false
172095,Vall-llobrega,10,Baix Empordà,2022-2025,,,,,,,0,missing,gencat_housing_sales_2022_2024_2025,,2026-08-21T21:48:17Z,0.2.0,insufficient_history,,methodology_pending,0,100,0,,official,default,false
172109,Ventalló,02,Alt Empordà,2022-2025,,,,,,,0,missing,gencat_housing_sales_2022_2024_2025,,2026-08-21T21:48:17Z,0.2.0,insufficient_history,,methodology_pending,0,100,0,,official,default,false
172116,Verges,10,Baix Empordà,2022-2025,,,,,,,0,missing,gencat_housing_sales_2022_2024_2025,,2026-08-21T21:48:17Z,0.2.0,insufficient_history,,methodology_pending,0,100,0,,official,default,false
172121,Vidrà,24,Osona,2022-2025,,,,,,,0,missing,gencat_housing_sales_2022_2024_2025,,2026-08-21T21:48:17Z,0.2.0,insufficient_history,,methodology_pending,0,100,0,,official,default,false
172137,Vidreres,34,Selva,2022-2025,1562.94,1509.07,1422.88,3.569748,3.179007,38.6965,90,municipality,gencat_housing_sales_2022_2024_2025,,2026-08-21T21:48:17Z,0.2.0,,,complete,38.6965,38.6965,100,,official,default,true
172142,Vilabertran,02,Alt Empordà,2022-2025,,,,,,,0,missing,gencat_housing_sales_2022_2024_2025,,2026-08-21T21:48:17Z,0.2.0,insufficient_history,,methodology_pending,0,100,0,,official,default,false
172155,Vilablareix,20,Gironès,2022-2025,2999.84,,,,,,0,missing,gencat_housing_sales_2022_2024_2025,,2026-08-21T21:48:17Z,0.2.0,insufficient_history,,methodology_pending,0,100,0,,official,default,false
172168,Viladasens,20,Gironès,2022-2025,,,,,,,0,missing,gencat_housing_sales_2022_2024_2025,,2026-08-21T21:48:17Z,0.2.0,insufficient_history,,methodology_pending,0,100,0,,official,default,false
172174,Viladamat,02,Alt Empordà,2022-2025,,,,,,,0,missing,gencat_housing_sales_2022_2024_2025,,2026-08-21T21:48:17Z,0.2.0,insufficient_history,,methodology_pending,0,100,0,,official,default,false
172180,Vilademuls,28,Pla de l'Estany,2022-2025,,,,,,,0,missing,gencat_housing_sales_2022_2024_2025,,2026-08-21T21:48:17Z,0.2.0,insufficient_history,,methodology_pending,0,100,0,,official,default,false
172207,Viladrau,24,Osona,2022-2025,,,,,,,0,missing,gencat_housing_sales_2022_2024_2025,,2026-08-21T21:48:17Z,0.2.0,insufficient_history,,methodology_pending,0,100,0,,official,default,false
172214,Vilafant,02,Alt Empordà,2022-2025,1712.96,1621.24,1804.03,5.657398,-1.711851,0,90,municipality,gencat_housing_sales_2022_2024_2025,,2026-08-21T21:48:17Z,0.2.0,,,complete,0,0,100,,official,default,true
172229,Vilaür,02,Alt Empordà,2022-2025,,,,,,,0,missing,gencat_housing_sales_2022_2024_2025,,2026-08-21T21:48:17Z,0.2.0,insufficient_history,,methodology_pending,0,100,0,,official,default,false
172235,Vilajuïga,02,Alt Empordà,2022-2025,,,,,,,0,missing,gencat_housing_sales_2022_2024_2025,,2026-08-21T21:48:17Z,0.2.0,insufficient_history,,methodology_pending,0,100,0,,official,default,false
172240,Vilallonga de Ter,31,Ripollès,2022-2025,,,,,,,0,missing,gencat_housing_sales_2022_2024_2025,,2026-08-21T21:48:17Z,0.2.0,insufficient_history,,methodology_pending,0,100,0,,official,default,false
172253,Vilamacolum,02,Alt Empordà,2022-2025,,,,,,,0,missing,gencat_housing_sales_2022_2024_2025,,2026-08-21T21:48:17Z,0.2.0,insufficient_history,,methodology_pending,0,100,0,,official,default,false
172266,Vilamalla,02,Alt Empordà,2022-2025,,,,,,,0,missing,gencat_housing_sales_2022_2024_2025,,2026-08-21T21:48:17Z,0.2.0,insufficient_history,,methodology_pending,0,100,0,,official,default,false
172272,Vilamaniscle,02,Alt Empordà,2022-2025,,,,,,,0,missing,gencat_housing_sales_2022_2024_2025,,2026-08-21T21:48:17Z,0.2.0,insufficient_history,,methodology_pending,0,100,0,,official,default,false
172288,Vilanant,02,Alt Empordà,2022-2025,,,,,,,0,missing,gencat_housing_sales_2022_2024_2025,,2026-08-21T21:48:17Z,0.2.0,insufficient_history,,methodology_pending,0,100,0,,official,default,false
172305,Vila-sacra,02,Alt Empordà,2022-2025,,,,,,,0,missing,gencat_housing_sales_2022_2024_2025,,2026-08-21T21:48:17Z,0.2.0,insufficient_history,,methodology_pending,0,100,0,,official,default,false
172327,Vilopriu,10,Baix Empordà,2022-2025,,,,,,,0,missing,gencat_housing_sales_2022_2024_2025,,2026-08-21T21:48:17Z,0.2.0,insufficient_history,,methodology_pending,0,100,0,,official,default,false
172333,Vilobí d'Onyar,34,Selva,2022-2025,1778.79,,,,,,0,missing,gencat_housing_sales_2022_2024_2025,,2026-08-21T21:48:17Z,0.2.0,insufficient_history,,methodology_pending,0,100,0,,official,default,false
172348,Biure,02,Alt Empordà,2022-2025,,,,,,,0,missing,gencat_housing_sales_2022_2024_2025,,2026-08-21T21:48:17Z,0.2.0,insufficient_history,,methodology_pending,0,100,0,,official,default,false
179011,"Cruïlles, Monells i Sant Sadurní de l'Heura",10,Baix Empordà,2022-2025,,,,,,,0,missing,gencat_housing_sales_2022_2024_2025,,2026-08-21T21:48:17Z,0.2.0,insufficient_history,,methodology_pending,0,100,0,,official,default,false
179026,Forallac,10,Baix Empordà,2022-2025,,,,,,,0,missing,gencat_housing_sales_2022_2024_2025,,2026-08-21T21:48:17Z,0.2.0,insufficient_history,,methodology_pending,0,100,0,,official,default,false
179032,Sant Julià del Llor i Bonmatí,34,Selva,2022-2025,,,,,,,0,missing,gencat_housing_sales_2022_2024_2025,,2026-08-21T21:48:17Z,0.2.0,insufficient_history,,methodology_pending,0,100,0,,official,default,false
250019,Abella de la Conca,25,Pallars Jussà,2022-2025,,,,,,,0,missing,gencat_housing_sales_2022_2024_2025,,2026-08-21T21:48:17Z,0.2.0,insufficient_history,,methodology_pending,0,100,0,,official,default,false
250024,Àger,23,Noguera,2022-2025,,,,,,,0,missing,gencat_housing_sales_2022_2024_2025,,2026-08-21T21:48:17Z,0.2.0,insufficient_history,,methodology_pending,0,100,0,,official,default,false
250030,Agramunt,38,Urgell,2022-2025,866.16,932.61,1364.01,-7.125165,-14.047168,0,90,municipality,gencat_housing_sales_2022_2024_2025,,2026-08-21T21:48:17Z,0.2.0,,,complete,0,0,100,,official,default,true
250045,els Alamús,33,Segrià,2022-2025,,,,,,,0,missing,gencat_housing_sales_2022_2024_2025,,2026-08-21T21:48:17Z,0.2.0,insufficient_history,,methodology_pending,0,100,0,,official,default,false
250058,Alàs i Cerc,04,Alt Urgell,2022-2025,,,,,,,0,missing,gencat_housing_sales_2022_2024_2025,,2026-08-21T21:48:17Z,0.2.0,insufficient_history,,methodology_pending,0,100,0,,official,default,false
250061,l'Albagés,18,Garrigues,2022-2025,,,,,,,0,missing,gencat_housing_sales_2022_2024_2025,,2026-08-21T21:48:17Z,0.2.0,insufficient_history,,methodology_pending,0,100,0,,official,default,false
250077,Albatàrrec,33,Segrià,2022-2025,641.7,,,,,,0,missing,gencat_housing_sales_2022_2024_2025,,2026-08-21T21:48:17Z,0.2.0,insufficient_history,,methodology_pending,0,100,0,,official,default,false
250083,Albesa,23,Noguera,2022-2025,,,,,,,0,missing,gencat_housing_sales_2022_2024_2025,,2026-08-21T21:48:17Z,0.2.0,insufficient_history,,methodology_pending,0,100,0,,official,default,false
250096,l'Albi,18,Garrigues,2022-2025,,,,,,,0,missing,gencat_housing_sales_2022_2024_2025,,2026-08-21T21:48:17Z,0.2.0,insufficient_history,,methodology_pending,0,100,0,,official,default,false
250100,Alcanó,33,Segrià,2022-2025,,,,,,,0,missing,gencat_housing_sales_2022_2024_2025,,2026-08-21T21:48:17Z,0.2.0,insufficient_history,,methodology_pending,0,100,0,,official,default,false
250117,Alcarràs,33,Segrià,2022-2025,1038.07,895.26,913.2,15.951791,4.364688,48.4428,90,municipality,gencat_housing_sales_2022_2024_2025,,2026-08-21T21:48:17Z,0.2.0,,,complete,48.4428,48.4428,100,,official,default,true
250122,Alcoletge,33,Segrià,2022-2025,975.85,,,,,,0,missing,gencat_housing_sales_2022_2024_2025,,2026-08-21T21:48:17Z,0.2.0,insufficient_history,,methodology_pending,0,100,0,,official,default,false
250138,Alfarràs,33,Segrià,2022-2025,774.31,,,,,,0,missing,gencat_housing_sales_2022_2024_2025,,2026-08-21T21:48:17Z,0.2.0,insufficient_history,,methodology_pending,0,100,0,,official,default,false
250143,Alfés,33,Segrià,2022-2025,,,,,,,0,missing,gencat_housing_sales_2022_2024_2025,,2026-08-21T21:48:17Z,0.2.0,insufficient_history,,methodology_pending,0,100,0,,official,default,false
250156,Algerri,23,Noguera,2022-2025,,,,,,,0,missing,gencat_housing_sales_2022_2024_2025,,2026-08-21T21:48:17Z,0.2.0,insufficient_history,,methodology_pending,0,100,0,,official,default,false
250169,Alguaire,33,Segrià,2022-2025,910,,,,,,0,missing,gencat_housing_sales_2022_2024_2025,,2026-08-21T21:48:17Z,0.2.0,insufficient_history,,methodology_pending,0,100,0,,official,default,false
250175,Alins,26,Pallars Sobirà,2022-2025,,,,,,,0,missing,gencat_housing_sales_2022_2024_2025,,2026-08-21T21:48:17Z,0.2.0,insufficient_history,,methodology_pending,0,100,0,,official,default,false
250194,Almacelles,33,Segrià,2022-2025,985.04,629.66,707.51,56.439983,11.662435,100,90,municipality,gencat_housing_sales_2022_2024_2025,,2026-08-21T21:48:17Z,0.2.0,,,complete,100,100,100,,official,default,true
250208,Almatret,33,Segrià,2022-2025,,,,,,,0,missing,gencat_housing_sales_2022_2024_2025,,2026-08-21T21:48:17Z,0.2.0,insufficient_history,,methodology_pending,0,100,0,,official,default,false
250215,Almenar,33,Segrià,2022-2025,644.28,,,,,,0,missing,gencat_housing_sales_2022_2024_2025,,2026-08-21T21:48:17Z,0.2.0,insufficient_history,,methodology_pending,0,100,0,,official,default,false
250220,Alòs de Balaguer,23,Noguera,2022-2025,,,,,,,0,missing,gencat_housing_sales_2022_2024_2025,,2026-08-21T21:48:17Z,0.2.0,insufficient_history,,methodology_pending,0,100,0,,official,default,false
250236,Alpicat,33,Segrià,2022-2025,1428.3,1301.08,1458.63,9.778031,-0.697977,6.828,90,municipality,gencat_housing_sales_2022_2024_2025,,2026-08-21T21:48:17Z,0.2.0,,,complete,6.828,6.828,100,,official,default,true
250241,Alt Àneu,26,Pallars Sobirà,2022-2025,,,,,,,0,missing,gencat_housing_sales_2022_2024_2025,,2026-08-21T21:48:17Z,0.2.0,insufficient_history,,methodology_pending,0,100,0,,official,default,false
250254,Naut Aran,39,Val d'Aran,2022-2025,,,,,,,0,missing,gencat_housing_sales_2022_2024_2025,,2026-08-21T21:48:17Z,0.2.0,insufficient_history,,methodology_pending,0,100,0,,official,default,false
250273,Anglesola,38,Urgell,2022-2025,,,,,,,0,missing,gencat_housing_sales_2022_2024_2025,,2026-08-21T21:48:17Z,0.2.0,insufficient_history,,methodology_pending,0,100,0,,official,default,false
250292,Arbeca,18,Garrigues,2022-2025,442.19,,,,,,0,missing,gencat_housing_sales_2022_2024_2025,,2026-08-21T21:48:17Z,0.2.0,insufficient_history,,methodology_pending,0,100,0,,official,default,false
250306,el Pont de Bar,04,Alt Urgell,2022-2025,,,,,,,0,missing,gencat_housing_sales_2022_2024_2025,,2026-08-21T21:48:17Z,0.2.0,insufficient_history,,methodology_pending,0,100,0,,official,default,false
250313,Arres,39,Val d'Aran,2022-2025,,,,,,,0,missing,gencat_housing_sales_2022_2024_2025,,2026-08-21T21:48:17Z,0.2.0,insufficient_history,,methodology_pending,0,100,0,,official,default,false
250328,Arsèguel,04,Alt Urgell,2022-2025,,,,,,,0,missing,gencat_housing_sales_2022_2024_2025,,2026-08-21T21:48:17Z,0.2.0,insufficient_history,,methodology_pending,0,100,0,,official,default,false
250334,Artesa de Lleida,33,Segrià,2022-2025,,,,,,,0,missing,gencat_housing_sales_2022_2024_2025,,2026-08-21T21:48:17Z,0.2.0,insufficient_history,,methodology_pending,0,100,0,,official,default,false
250349,Artesa de Segre,23,Noguera,2022-2025,972.11,,,,,,0,missing,gencat_housing_sales_2022_2024_2025,,2026-08-21T21:48:17Z,0.2.0,insufficient_history,,methodology_pending,0,100,0,,official,default,false
250352,la Sentiu de Sió,23,Noguera,2022-2025,,,,,,,0,missing,gencat_housing_sales_2022_2024_2025,,2026-08-21T21:48:17Z,0.2.0,insufficient_history,,methodology_pending,0,100,0,,official,default,false
250365,Aspa,33,Segrià,2022-2025,,,,,,,0,missing,gencat_housing_sales_2022_2024_2025,,2026-08-21T21:48:17Z,0.2.0,insufficient_history,,methodology_pending,0,100,0,,official,default,false
250371,les Avellanes i Santa Linya,23,Noguera,2022-2025,,,,,,,0,missing,gencat_housing_sales_2022_2024_2025,,2026-08-21T21:48:17Z,0.2.0,insufficient_history,,methodology_pending,0,100,0,,official,default,false
250387,Aitona,33,Segrià,2022-2025,544.6,,,,,,0,missing,gencat_housing_sales_2022_2024_2025,,2026-08-21T21:48:17Z,0.2.0,insufficient_history,,methodology_pending,0,100,0,,official,default,false
250390,Baix Pallars,26,Pallars Sobirà,2022-2025,,,,,,,0,missing,gencat_housing_sales_2022_2024_2025,,2026-08-21T21:48:17Z,0.2.0,insufficient_history,,methodology_pending,0,100,0,,official,default,false
250404,Balaguer,23,Noguera,2022-2025,883.18,682.55,953.76,29.394184,-2.530208,0,90,municipality,gencat_housing_sales_2022_2024_2025,,2026-08-21T21:48:17Z,0.2.0,,,complete,0,0,100,,official,default,true
250411,Barbens,27,Pla d'Urgell,2022-2025,,,,,,,0,missing,gencat_housing_sales_2022_2024_2025,,2026-08-21T21:48:17Z,0.2.0,insufficient_history,,methodology_pending,0,100,0,,official,default,false
250426,la Baronia de Rialb,23,Noguera,2022-2025,,,,,,,0,missing,gencat_housing_sales_2022_2024_2025,,2026-08-21T21:48:17Z,0.2.0,insufficient_history,,methodology_pending,0,100,0,,official,default,false
250432,la Vall de Boí,05,Alta Ribagorça,2022-2025,,,,,,,0,missing,gencat_housing_sales_2022_2024_2025,,2026-08-21T21:48:17Z,0.2.0,insufficient_history,,methodology_pending,0,100,0,,official,default,false
250447,Bassella,04,Alt Urgell,2022-2025,,,,,,,0,missing,gencat_housing_sales_2022_2024_2025,,2026-08-21T21:48:17Z,0.2.0,insufficient_history,,methodology_pending,0,100,0,,official,default,false
250450,Bausen,39,Val d'Aran,2022-2025,,,,,,,0,missing,gencat_housing_sales_2022_2024_2025,,2026-08-21T21:48:17Z,0.2.0,insufficient_history,,methodology_pending,0,100,0,,official,default,false
250463,Belianes,38,Urgell,2022-2025,,,,,,,0,missing,gencat_housing_sales_2022_2024_2025,,2026-08-21T21:48:17Z,0.2.0,insufficient_history,,methodology_pending,0,100,0,,official,default,false
250479,Bellcaire d'Urgell,23,Noguera,2022-2025,,,,,,,0,missing,gencat_housing_sales_2022_2024_2025,,2026-08-21T21:48:17Z,0.2.0,insufficient_history,,methodology_pending,0,100,0,,official,default,false
250485,Bell-lloc d'Urgell,27,Pla d'Urgell,2022-2025,1020.5,,,,,,0,missing,gencat_housing_sales_2022_2024_2025,,2026-08-21T21:48:17Z,0.2.0,insufficient_history,,methodology_pending,0,100,0,,official,default,false
250498,Bellmunt d'Urgell,23,Noguera,2022-2025,,,,,,,0,missing,gencat_housing_sales_2022_2024_2025,,2026-08-21T21:48:17Z,0.2.0,insufficient_history,,methodology_pending,0,100,0,,official,default,false
250501,Bellpuig,38,Urgell,2022-2025,1083.53,510.96,643.46,112.057695,18.970639,100,90,municipality,gencat_housing_sales_2022_2024_2025,,2026-08-21T21:48:17Z,0.2.0,,,complete,100,100,100,,official,default,true
250518,Bellver de Cerdanya,15,Cerdanya,2022-2025,2929.79,,,,,,0,missing,gencat_housing_sales_2022_2024_2025,,2026-08-21T21:48:17Z,0.2.0,insufficient_history,,methodology_pending,0,100,0,,official,default,false
250523,Bellvís,27,Pla d'Urgell,2022-2025,950.33,,,,,,0,missing,gencat_housing_sales_2022_2024_2025,,2026-08-21T21:48:17Z,0.2.0,insufficient_history,,methodology_pending,0,100,0,,official,default,false
250539,Benavent de Segrià,33,Segrià,2022-2025,,,,,,,0,missing,gencat_housing_sales_2022_2024_2025,,2026-08-21T21:48:17Z,0.2.0,insufficient_history,,methodology_pending,0,100,0,,official,default,false
250557,Biosca,35,Solsonès,2022-2025,,,,,,,0,missing,gencat_housing_sales_2022_2024_2025,,2026-08-21T21:48:17Z,0.2.0,insufficient_history,,methodology_pending,0,100,0,,official,default,false
250560,Bovera,18,Garrigues,2022-2025,,,,,,,0,missing,gencat_housing_sales_2022_2024_2025,,2026-08-21T21:48:17Z,0.2.0,insufficient_history,,methodology_pending,0,100,0,,official,default,false
250576,Es Bòrdes,39,Val d'Aran,2022-2025,,,,,,,0,missing,gencat_housing_sales_2022_2024_2025,,2026-08-21T21:48:17Z,0.2.0,insufficient_history,,methodology_pending,0,100,0,,official,default,false
250582,les Borges Blanques,18,Garrigues,2022-2025,1011.11,631.87,680.96,60.018675,14.084226,100,90,municipality,gencat_housing_sales_2022_2024_2025,,2026-08-21T21:48:17Z,0.2.0,,,complete,100,100,100,,official,default,true
250595,Bossòst,39,Val d'Aran,2022-2025,,,,,,,0,missing,gencat_housing_sales_2022_2024_2025,,2026-08-21T21:48:17Z,0.2.0,insufficient_history,,methodology_pending,0,100,0,,official,default,false
250609,Cabanabona,23,Noguera,2022-2025,,,,,,,0,missing,gencat_housing_sales_2022_2024_2025,,2026-08-21T21:48:17Z,0.2.0,insufficient_history,,methodology_pending,0,100,0,,official,default,false
250616,Cabó,04,Alt Urgell,2022-2025,,,,,,,0,missing,gencat_housing_sales_2022_2024_2025,,2026-08-21T21:48:17Z,0.2.0,insufficient_history,,methodology_pending,0,100,0,,official,default,false
250621,Camarasa,23,Noguera,2022-2025,,,,,,,0,missing,gencat_housing_sales_2022_2024_2025,,2026-08-21T21:48:17Z,0.2.0,insufficient_history,,methodology_pending,0,100,0,,official,default,false
250637,Canejan,39,Val d'Aran,2022-2025,,,,,,,0,missing,gencat_housing_sales_2022_2024_2025,,2026-08-21T21:48:17Z,0.2.0,insufficient_history,,methodology_pending,0,100,0,,official,default,false
250642,Castellar de la Ribera,35,Solsonès,2022-2025,,,,,,,0,missing,gencat_housing_sales_2022_2024_2025,,2026-08-21T21:48:17Z,0.2.0,insufficient_history,,methodology_pending,0,100,0,,official,default,false
250674,Castelldans,18,Garrigues,2022-2025,,,,,,,0,missing,gencat_housing_sales_2022_2024_2025,,2026-08-21T21:48:17Z,0.2.0,insufficient_history,,methodology_pending,0,100,0,,official,default,false
250680,Castellnou de Seana,27,Pla d'Urgell,2022-2025,,,,,,,0,missing,gencat_housing_sales_2022_2024_2025,,2026-08-21T21:48:17Z,0.2.0,insufficient_history,,methodology_pending,0,100,0,,official,default,false
250693,Castelló de Farfanya,23,Noguera,2022-2025,,,,,,,0,missing,gencat_housing_sales_2022_2024_2025,,2026-08-21T21:48:17Z,0.2.0,insufficient_history,,methodology_pending,0,100,0,,official,default,false
250707,Castellserà,38,Urgell,2022-2025,,,,,,,0,missing,gencat_housing_sales_2022_2024_2025,,2026-08-21T21:48:17Z,0.2.0,insufficient_history,,methodology_pending,0,100,0,,official,default,false
250714,Cava,04,Alt Urgell,2022-2025,,,,,,,0,missing,gencat_housing_sales_2022_2024_2025,,2026-08-21T21:48:17Z,0.2.0,insufficient_history,,methodology_pending,0,100,0,,official,default,false
250729,Cervera,32,Segarra,2022-2025,949.85,784.86,919.91,21.021583,1.073327,21.388,90,municipality,gencat_housing_sales_2022_2024_2025,,2026-08-21T21:48:17Z,0.2.0,,,complete,21.388,21.388,100,,official,default,true
250735,Cervià de les Garrigues,18,Garrigues,2022-2025,,,,,,,0,missing,gencat_housing_sales_2022_2024_2025,,2026-08-21T21:48:17Z,0.2.0,insufficient_history,,methodology_pending,0,100,0,,official,default,false
250740,Ciutadilla,38,Urgell,2022-2025,,,,,,,0,missing,gencat_housing_sales_2022_2024_2025,,2026-08-21T21:48:17Z,0.2.0,insufficient_history,,methodology_pending,0,100,0,,official,default,false
250753,Clariana de Cardener,35,Solsonès,2022-2025,,,,,,,0,missing,gencat_housing_sales_2022_2024_2025,,2026-08-21T21:48:17Z,0.2.0,insufficient_history,,methodology_pending,0,100,0,,official,default,false
250766,el Cogul,18,Garrigues,2022-2025,,,,,,,0,missing,gencat_housing_sales_2022_2024_2025,,2026-08-21T21:48:17Z,0.2.0,insufficient_history,,methodology_pending,0,100,0,,official,default,false
250772,Coll de Nargó,04,Alt Urgell,2022-2025,,,,,,,0,missing,gencat_housing_sales_2022_2024_2025,,2026-08-21T21:48:17Z,0.2.0,insufficient_history,,methodology_pending,0,100,0,,official,default,false
250788,Corbins,33,Segrià,2022-2025,,,,,,,0,missing,gencat_housing_sales_2022_2024_2025,,2026-08-21T21:48:17Z,0.2.0,insufficient_history,,methodology_pending,0,100,0,,official,default,false
250791,Cubells,23,Noguera,2022-2025,,,,,,,0,missing,gencat_housing_sales_2022_2024_2025,,2026-08-21T21:48:17Z,0.2.0,insufficient_history,,methodology_pending,0,100,0,,official,default,false
250812,l'Espluga Calba,18,Garrigues,2022-2025,,,,,,,0,missing,gencat_housing_sales_2022_2024_2025,,2026-08-21T21:48:17Z,0.2.0,insufficient_history,,methodology_pending,0,100,0,,official,default,false
250827,Espot,26,Pallars Sobirà,2022-2025,,,,,,,0,missing,gencat_housing_sales_2022_2024_2025,,2026-08-21T21:48:17Z,0.2.0,insufficient_history,,methodology_pending,0,100,0,,official,default,false
250851,Estaràs,32,Segarra,2022-2025,,,,,,,0,missing,gencat_housing_sales_2022_2024_2025,,2026-08-21T21:48:17Z,0.2.0,insufficient_history,,methodology_pending,0,100,0,,official,default,false
250864,Esterri d'Àneu,26,Pallars Sobirà,2022-2025,,,,,,,0,missing,gencat_housing_sales_2022_2024_2025,,2026-08-21T21:48:17Z,0.2.0,insufficient_history,,methodology_pending,0,100,0,,official,default,false
250870,Esterri de Cardós,26,Pallars Sobirà,2022-2025,,,,,,,0,missing,gencat_housing_sales_2022_2024_2025,,2026-08-21T21:48:17Z,0.2.0,insufficient_history,,methodology_pending,0,100,0,,official,default,false
250886,Estamariu,04,Alt Urgell,2022-2025,,,,,,,0,missing,gencat_housing_sales_2022_2024_2025,,2026-08-21T21:48:17Z,0.2.0,insufficient_history,,methodology_pending,0,100,0,,official,default,false
250899,Farrera,26,Pallars Sobirà,2022-2025,,,,,,,0,missing,gencat_housing_sales_2022_2024_2025,,2026-08-21T21:48:17Z,0.2.0,insufficient_history,,methodology_pending,0,100,0,,official,default,false
250925,la Floresta,18,Garrigues,2022-2025,,,,,,,0,missing,gencat_housing_sales_2022_2024_2025,,2026-08-21T21:48:17Z,0.2.0,insufficient_history,,methodology_pending,0,100,0,,official,default,false
250931,Fondarella,27,Pla d'Urgell,2022-2025,,,,,,,0,missing,gencat_housing_sales_2022_2024_2025,,2026-08-21T21:48:17Z,0.2.0,insufficient_history,,methodology_pending,0,100,0,,official,default,false
250946,Foradada,23,Noguera,2022-2025,,,,,,,0,missing,gencat_housing_sales_2022_2024_2025,,2026-08-21T21:48:17Z,0.2.0,insufficient_history,,methodology_pending,0,100,0,,official,default,false
250962,la Fuliola,38,Urgell,2022-2025,,,,,,,0,missing,gencat_housing_sales_2022_2024_2025,,2026-08-21T21:48:17Z,0.2.0,insufficient_history,,methodology_pending,0,100,0,,official,default,false
250978,Fulleda,18,Garrigues,2022-2025,,,,,,,0,missing,gencat_housing_sales_2022_2024_2025,,2026-08-21T21:48:17Z,0.2.0,insufficient_history,,methodology_pending,0,100,0,,official,default,false
250984,Gavet de la Conca,25,Pallars Jussà,2022-2025,,,,,,,0,missing,gencat_housing_sales_2022_2024_2025,,2026-08-21T21:48:17Z,0.2.0,insufficient_history,,methodology_pending,0,100,0,,official,default,false
250997,Golmés,27,Pla d'Urgell,2022-2025,,,,,,,0,missing,gencat_housing_sales_2022_2024_2025,,2026-08-21T21:48:17Z,0.2.0,insufficient_history,,methodology_pending,0,100,0,,official,default,false
251001,Gósol,14,Berguedà,2022-2025,,,,,,,0,missing,gencat_housing_sales_2022_2024_2025,,2026-08-21T21:48:17Z,0.2.0,insufficient_history,,methodology_pending,0,100,0,,official,default,false
251018,la Granadella,18,Garrigues,2022-2025,,,,,,,0,missing,gencat_housing_sales_2022_2024_2025,,2026-08-21T21:48:17Z,0.2.0,insufficient_history,,methodology_pending,0,100,0,,official,default,false
251023,la Granja d'Escarp,33,Segrià,2022-2025,,,,,,,0,missing,gencat_housing_sales_2022_2024_2025,,2026-08-21T21:48:17Z,0.2.0,insufficient_history,,methodology_pending,0,100,0,,official,default,false
251039,Granyanella,32,Segarra,2022-2025,,,,,,,0,missing,gencat_housing_sales_2022_2024_2025,,2026-08-21T21:48:17Z,0.2.0,insufficient_history,,methodology_pending,0,100,0,,official,default,false
251044,Granyena de Segarra,32,Segarra,2022-2025,,,,,,,0,missing,gencat_housing_sales_2022_2024_2025,,2026-08-21T21:48:17Z,0.2.0,insufficient_history,,methodology_pending,0,100,0,,official,default,false
251057,Granyena de les Garrigues,18,Garrigues,2022-2025,,,,,,,0,missing,gencat_housing_sales_2022_2024_2025,,2026-08-21T21:48:17Z,0.2.0,insufficient_history,,methodology_pending,0,100,0,,official,default,false
251095,Guimerà,38,Urgell,2022-2025,,,,,,,0,missing,gencat_housing_sales_2022_2024_2025,,2026-08-21T21:48:17Z,0.2.0,insufficient_history,,methodology_pending,0,100,0,,official,default,false
251109,Guissona,32,Segarra,2022-2025,1376.35,1116.22,1357.72,23.304546,0.455308,16.3079,90,municipality,gencat_housing_sales_2022_2024_2025,,2026-08-21T21:48:17Z,0.2.0,,,complete,16.3079,16.3079,100,,official,default,true
251116,Guixers,35,Solsonès,2022-2025,,,,,,,0,missing,gencat_housing_sales_2022_2024_2025,,2026-08-21T21:48:17Z,0.2.0,insufficient_history,,methodology_pending,0,100,0,,official,default,false
251121,Ivars de Noguera,23,Noguera,2022-2025,,,,,,,0,missing,gencat_housing_sales_2022_2024_2025,,2026-08-21T21:48:17Z,0.2.0,insufficient_history,,methodology_pending,0,100,0,,official,default,false
251137,Ivars d'Urgell,27,Pla d'Urgell,2022-2025,,,,,,,0,missing,gencat_housing_sales_2022_2024_2025,,2026-08-21T21:48:17Z,0.2.0,insufficient_history,,methodology_pending,0,100,0,,official,default,false
251142,Ivorra,32,Segarra,2022-2025,,,,,,,0,missing,gencat_housing_sales_2022_2024_2025,,2026-08-21T21:48:17Z,0.2.0,insufficient_history,,methodology_pending,0,100,0,,official,default,false
251155,Isona i Conca Dellà,25,Pallars Jussà,2022-2025,,,,,,,0,missing,gencat_housing_sales_2022_2024_2025,,2026-08-21T21:48:17Z,0.2.0,insufficient_history,,methodology_pending,0,100,0,,official,default,false
251180,Juncosa,18,Garrigues,2022-2025,,,,,,,0,missing,gencat_housing_sales_2022_2024_2025,,2026-08-21T21:48:17Z,0.2.0,insufficient_history,,methodology_pending,0,100,0,,official,default,false
251193,Juneda,18,Garrigues,2022-2025,865.96,,,,,,0,missing,gencat_housing_sales_2022_2024_2025,,2026-08-21T21:48:17Z,0.2.0,insufficient_history,,methodology_pending,0,100,0,,official,default,false
251207,Lleida,33,Segrià,2022-2025,1351.63,1156.19,1204.42,16.903796,3.9186,44.776,90,municipality,gencat_housing_sales_2022_2024_2025,,2026-08-21T21:48:17Z,0.2.0,,,complete,44.776,44.776,100,,official,default,true
251214,Les,39,Val d'Aran,2022-2025,,,,,,,0,missing,gencat_housing_sales_2022_2024_2025,,2026-08-21T21:48:17Z,0.2.0,insufficient_history,,methodology_pending,0,100,0,,official,default,false
251229,Linyola,27,Pla d'Urgell,2022-2025,680.6,,,,,,0,missing,gencat_housing_sales_2022_2024_2025,,2026-08-21T21:48:17Z,0.2.0,insufficient_history,,methodology_pending,0,100,0,,official,default,false
251235,Lladorre,26,Pallars Sobirà,2022-2025,,,,,,,0,missing,gencat_housing_sales_2022_2024_2025,,2026-08-21T21:48:17Z,0.2.0,insufficient_history,,methodology_pending,0,100,0,,official,default,false
251240,Lladurs,35,Solsonès,2022-2025,,,,,,,0,missing,gencat_housing_sales_2022_2024_2025,,2026-08-21T21:48:17Z,0.2.0,insufficient_history,,methodology_pending,0,100,0,,official,default,false
251253,Llardecans,33,Segrià,2022-2025,,,,,,,0,missing,gencat_housing_sales_2022_2024_2025,,2026-08-21T21:48:17Z,0.2.0,insufficient_history,,methodology_pending,0,100,0,,official,default,false
251266,Llavorsí,26,Pallars Sobirà,2022-2025,,,,,,,0,missing,gencat_housing_sales_2022_2024_2025,,2026-08-21T21:48:17Z,0.2.0,insufficient_history,,methodology_pending,0,100,0,,official,default,false
251272,Lles de Cerdanya,15,Cerdanya,2022-2025,,,,,,,0,missing,gencat_housing_sales_2022_2024_2025,,2026-08-21T21:48:17Z,0.2.0,insufficient_history,,methodology_pending,0,100,0,,official,default,false
251288,Llimiana,25,Pallars Jussà,2022-2025,,,,,,,0,missing,gencat_housing_sales_2022_2024_2025,,2026-08-21T21:48:17Z,0.2.0,insufficient_history,,methodology_pending,0,100,0,,official,default,false
251291,Llobera,35,Solsonès,2022-2025,,,,,,,0,missing,gencat_housing_sales_2022_2024_2025,,2026-08-21T21:48:17Z,0.2.0,insufficient_history,,methodology_pending,0,100,0,,official,default,false
251305,Maldà,38,Urgell,2022-2025,,,,,,,0,missing,gencat_housing_sales_2022_2024_2025,,2026-08-21T21:48:17Z,0.2.0,insufficient_history,,methodology_pending,0,100,0,,official,default,false
251312,Massalcoreig,33,Segrià,2022-2025,,,,,,,0,missing,gencat_housing_sales_2022_2024_2025,,2026-08-21T21:48:17Z,0.2.0,insufficient_history,,methodology_pending,0,100,0,,official,default,false
251327,Massoteres,32,Segarra,2022-2025,,,,,,,0,missing,gencat_housing_sales_2022_2024_2025,,2026-08-21T21:48:17Z,0.2.0,insufficient_history,,methodology_pending,0,100,0,,official,default,false
251333,Maials,33,Segrià,2022-2025,,,,,,,0,missing,gencat_housing_sales_2022_2024_2025,,2026-08-21T21:48:17Z,0.2.0,insufficient_history,,methodology_pending,0,100,0,,official,default,false
251348,Menàrguens,23,Noguera,2022-2025,,,,,,,0,missing,gencat_housing_sales_2022_2024_2025,,2026-08-21T21:48:17Z,0.2.0,insufficient_history,,methodology_pending,0,100,0,,official,default,false
251351,Miralcamp,27,Pla d'Urgell,2022-2025,,,,,,,0,missing,gencat_housing_sales_2022_2024_2025,,2026-08-21T21:48:17Z,0.2.0,insufficient_history,,methodology_pending,0,100,0,,official,default,false
251364,la Molsosa,35,Solsonès,2022-2025,,,,,,,0,missing,gencat_housing_sales_2022_2024_2025,,2026-08-21T21:48:17Z,0.2.0,insufficient_history,,methodology_pending,0,100,0,,official,default,false
251370,Mollerussa,27,Pla d'Urgell,2022-2025,895.4,829.49,890.39,7.945846,0.187208,14.1041,90,municipality,gencat_housing_sales_2022_2024_2025,,2026-08-21T21:48:17Z,0.2.0,,,complete,14.1041,14.1041,100,,official,default,true
251386,Montgai,23,Noguera,2022-2025,,,,,,,0,missing,gencat_housing_sales_2022_2024_2025,,2026-08-21T21:48:17Z,0.2.0,insufficient_history,,methodology_pending,0,100,0,,official,default,false
251399,Montellà i Martinet,15,Cerdanya,2022-2025,,,,,,,0,missing,gencat_housing_sales_2022_2024_2025,,2026-08-21T21:48:17Z,0.2.0,insufficient_history,,methodology_pending,0,100,0,,official,default,false
251403,Montferrer i Castellbò,04,Alt Urgell,2022-2025,,,,,,,0,missing,gencat_housing_sales_2022_2024_2025,,2026-08-21T21:48:17Z,0.2.0,insufficient_history,,methodology_pending,0,100,0,,official,default,false
251410,Montoliu de Segarra,32,Segarra,2022-2025,,,,,,,0,missing,gencat_housing_sales_2022_2024_2025,,2026-08-21T21:48:17Z,0.2.0,insufficient_history,,methodology_pending,0,100,0,,official,default,false
251425,Montoliu de Lleida,33,Segrià,2022-2025,,,,,,,0,missing,gencat_housing_sales_2022_2024_2025,,2026-08-21T21:48:17Z,0.2.0,insufficient_history,,methodology_pending,0,100,0,,official,default,false
251431,Montornès de Segarra,32,Segarra,2022-2025,,,,,,,0,missing,gencat_housing_sales_2022_2024_2025,,2026-08-21T21:48:17Z,0.2.0,insufficient_history,,methodology_pending,0,100,0,,official,default,false
251459,Nalec,38,Urgell,2022-2025,,,,,,,0,missing,gencat_housing_sales_2022_2024_2025,,2026-08-21T21:48:17Z,0.2.0,insufficient_history,,methodology_pending,0,100,0,,official,default,false
251462,Navès,35,Solsonès,2022-2025,,,,,,,0,missing,gencat_housing_sales_2022_2024_2025,,2026-08-21T21:48:17Z,0.2.0,insufficient_history,,methodology_pending,0,100,0,,official,default,false
251484,Odèn,35,Solsonès,2022-2025,,,,,,,0,missing,gencat_housing_sales_2022_2024_2025,,2026-08-21T21:48:17Z,0.2.0,insufficient_history,,methodology_pending,0,100,0,,official,default,false
251497,Oliana,04,Alt Urgell,2022-2025,,,,,,,0,missing,gencat_housing_sales_2022_2024_2025,,2026-08-21T21:48:17Z,0.2.0,insufficient_history,,methodology_pending,0,100,0,,official,default,false
251500,Oliola,23,Noguera,2022-2025,,,,,,,0,missing,gencat_housing_sales_2022_2024_2025,,2026-08-21T21:48:17Z,0.2.0,insufficient_history,,methodology_pending,0,100,0,,official,default,false
251517,Olius,35,Solsonès,2022-2025,,,,,,,0,missing,gencat_housing_sales_2022_2024_2025,,2026-08-21T21:48:17Z,0.2.0,insufficient_history,,methodology_pending,0,100,0,,official,default,false
251522,les Oluges,32,Segarra,2022-2025,,,,,,,0,missing,gencat_housing_sales_2022_2024_2025,,2026-08-21T21:48:17Z,0.2.0,insufficient_history,,methodology_pending,0,100,0,,official,default,false
251538,els Omellons,18,Garrigues,2022-2025,,,,,,,0,missing,gencat_housing_sales_2022_2024_2025,,2026-08-21T21:48:17Z,0.2.0,insufficient_history,,methodology_pending,0,100,0,,official,default,false
251543,els Omells de na Gaia,38,Urgell,2022-2025,,,,,,,0,missing,gencat_housing_sales_2022_2024_2025,,2026-08-21T21:48:17Z,0.2.0,insufficient_history,,methodology_pending,0,100,0,,official,default,false
251556,Organyà,04,Alt Urgell,2022-2025,,,,,,,0,missing,gencat_housing_sales_2022_2024_2025,,2026-08-21T21:48:17Z,0.2.0,insufficient_history,,methodology_pending,0,100,0,,official,default,false
251569,Os de Balaguer,23,Noguera,2022-2025,,,,,,,0,missing,gencat_housing_sales_2022_2024_2025,,2026-08-21T21:48:17Z,0.2.0,insufficient_history,,methodology_pending,0,100,0,,official,default,false
251575,Ossó de Sió,38,Urgell,2022-2025,,,,,,,0,missing,gencat_housing_sales_2022_2024_2025,,2026-08-21T21:48:17Z,0.2.0,insufficient_history,,methodology_pending,0,100,0,,official,default,false
251581,el Palau d'Anglesola,27,Pla d'Urgell,2022-2025,996.77,,,,,,0,missing,gencat_housing_sales_2022_2024_2025,,2026-08-21T21:48:17Z,0.2.0,insufficient_history,,methodology_pending,0,100,0,,official,default,false
251615,Conca de Dalt,25,Pallars Jussà,2022-2025,,,,,,,0,missing,gencat_housing_sales_2022_2024_2025,,2026-08-21T21:48:17Z,0.2.0,insufficient_history,,methodology_pending,0,100,0,,official,default,false
251636,la Coma i la Pedra,35,Solsonès,2022-2025,,,,,,,0,missing,gencat_housing_sales_2022_2024_2025,,2026-08-21T21:48:17Z,0.2.0,insufficient_history,,methodology_pending,0,100,0,,official,default,false
251641,Penelles,23,Noguera,2022-2025,,,,,,,0,missing,gencat_housing_sales_2022_2024_2025,,2026-08-21T21:48:17Z,0.2.0,insufficient_history,,methodology_pending,0,100,0,,official,default,false
251654,Peramola,04,Alt Urgell,2022-2025,,,,,,,0,missing,gencat_housing_sales_2022_2024_2025,,2026-08-21T21:48:17Z,0.2.0,insufficient_history,,methodology_pending,0,100,0,,official,default,false
251667,Pinell de Solsonès,35,Solsonès,2022-2025,,,,,,,0,missing,gencat_housing_sales_2022_2024_2025,,2026-08-21T21:48:17Z,0.2.0,insufficient_history,,methodology_pending,0,100,0,,official,default,false
251673,Pinós,35,Solsonès,2022-2025,,,,,,,0,missing,gencat_housing_sales_2022_2024_2025,,2026-08-21T21:48:17Z,0.2.0,insufficient_history,,methodology_pending,0,100,0,,official,default,false
251689,el Poal,27,Pla d'Urgell,2022-2025,,,,,,,0,missing,gencat_housing_sales_2022_2024_2025,,2026-08-21T21:48:17Z,0.2.0,insufficient_history,,methodology_pending,0,100,0,,official,default,false
251692,la Pobla de Cérvoles,18,Garrigues,2022-2025,,,,,,,0,missing,gencat_housing_sales_2022_2024_2025,,2026-08-21T21:48:17Z,0.2.0,insufficient_history,,methodology_pending,0,100,0,,official,default,false
251706,Bellaguarda,18,Garrigues,2022-2025,,,,,,,0,missing,gencat_housing_sales_2022_2024_2025,,2026-08-21T21:48:17Z,0.2.0,insufficient_history,,methodology_pending,0,100,0,,official,default,false
251713,la Pobla de Segur,25,Pallars Jussà,2022-2025,920.63,,,,,,0,missing,gencat_housing_sales_2022_2024_2025,,2026-08-21T21:48:17Z,0.2.0,insufficient_history,,methodology_pending,0,100,0,,official,default,false
251728,Ponts,23,Noguera,2022-2025,676.21,,,,,,0,missing,gencat_housing_sales_2022_2024_2025,,2026-08-21T21:48:17Z,0.2.0,insufficient_history,,methodology_pending,0,100,0,,official,default,false
251734,el Pont de Suert,05,Alta Ribagorça,2022-2025,1220.51,,,,,,0,missing,gencat_housing_sales_2022_2024_2025,,2026-08-21T21:48:17Z,0.2.0,insufficient_history,,methodology_pending,0,100,0,,official,default,false
251749,la Portella,33,Segrià,2022-2025,,,,,,,0,missing,gencat_housing_sales_2022_2024_2025,,2026-08-21T21:48:17Z,0.2.0,insufficient_history,,methodology_pending,0,100,0,,official,default,false
251752,Prats i Sansor,15,Cerdanya,2022-2025,,,,,,,0,missing,gencat_housing_sales_2022_2024_2025,,2026-08-21T21:48:17Z,0.2.0,insufficient_history,,methodology_pending,0,100,0,,official,default,false
251765,Preixana,38,Urgell,2022-2025,,,,,,,0,missing,gencat_housing_sales_2022_2024_2025,,2026-08-21T21:48:17Z,0.2.0,insufficient_history,,methodology_pending,0,100,0,,official,default,false
251771,Preixens,23,Noguera,2022-2025,,,,,,,0,missing,gencat_housing_sales_2022_2024_2025,,2026-08-21T21:48:17Z,0.2.0,insufficient_history,,methodology_pending,0,100,0,,official,default,false
251790,Prullans,15,Cerdanya,2022-2025,,,,,,,0,missing,gencat_housing_sales_2022_2024_2025,,2026-08-21T21:48:17Z,0.2.0,insufficient_history,,methodology_pending,0,100,0,,official,default,false
251804,Puiggròs,18,Garrigues,2022-2025,,,,,,,0,missing,gencat_housing_sales_2022_2024_2025,,2026-08-21T21:48:17Z,0.2.0,insufficient_history,,methodology_pending,0,100,0,,official,default,false
251811,Puigverd d'Agramunt,38,Urgell,2022-2025,,,,,,,0,missing,gencat_housing_sales_2022_2024_2025,,2026-08-21T21:48:17Z,0.2.0,insufficient_history,,methodology_pending,0,100,0,,official,default,false
251826,Puigverd de Lleida,33,Segrià,2022-2025,,,,,,,0,missing,gencat_housing_sales_2022_2024_2025,,2026-08-21T21:48:17Z,0.2.0,insufficient_history,,methodology_pending,0,100,0,,official,default,false
251832,Rialp,26,Pallars Sobirà,2022-2025,,,,,,,0,missing,gencat_housing_sales_2022_2024_2025,,2026-08-21T21:48:17Z,0.2.0,insufficient_history,,methodology_pending,0,100,0,,official,default,false
251850,Ribera d'Urgellet,04,Alt Urgell,2022-2025,,,,,,,0,missing,gencat_housing_sales_2022_2024_2025,,2026-08-21T21:48:17Z,0.2.0,insufficient_history,,methodology_pending,0,100,0,,official,default,false
251863,Riner,35,Solsonès,2022-2025,,,,,,,0,missing,gencat_housing_sales_2022_2024_2025,,2026-08-21T21:48:17Z,0.2.0,insufficient_history,,methodology_pending,0,100,0,,official,default,false
251898,Rosselló,33,Segrià,2022-2025,974.21,,,,,,0,missing,gencat_housing_sales_2022_2024_2025,,2026-08-21T21:48:17Z,0.2.0,insufficient_history,,methodology_pending,0,100,0,,official,default,false
251902,Salàs de Pallars,25,Pallars Jussà,2022-2025,,,,,,,0,missing,gencat_housing_sales_2022_2024_2025,,2026-08-21T21:48:17Z,0.2.0,insufficient_history,,methodology_pending,0,100,0,,official,default,false
251919,Sanaüja,32,Segarra,2022-2025,,,,,,,0,missing,gencat_housing_sales_2022_2024_2025,,2026-08-21T21:48:17Z,0.2.0,insufficient_history,,methodology_pending,0,100,0,,official,default,false
251924,Sant Guim de Freixenet,32,Segarra,2022-2025,,,,,,,0,missing,gencat_housing_sales_2022_2024_2025,,2026-08-21T21:48:17Z,0.2.0,insufficient_history,,methodology_pending,0,100,0,,official,default,false
251930,Sant Llorenç de Morunys,35,Solsonès,2022-2025,,,,,,,0,missing,gencat_housing_sales_2022_2024_2025,,2026-08-21T21:48:17Z,0.2.0,insufficient_history,,methodology_pending,0,100,0,,official,default,false
251945,Sant Ramon,32,Segarra,2022-2025,,,,,,,0,missing,gencat_housing_sales_2022_2024_2025,,2026-08-21T21:48:17Z,0.2.0,insufficient_history,,methodology_pending,0,100,0,,official,default,false
251961,Sant Esteve de la Sarga,25,Pallars Jussà,2022-2025,,,,,,,0,missing,gencat_housing_sales_2022_2024_2025,,2026-08-21T21:48:17Z,0.2.0,insufficient_history,,methodology_pending,0,100,0,,official,default,false
251977,Sant Guim de la Plana,32,Segarra,2022-2025,,,,,,,0,missing,gencat_housing_sales_2022_2024_2025,,2026-08-21T21:48:17Z,0.2.0,insufficient_history,,methodology_pending,0,100,0,,official,default,false
252000,Sarroca de Lleida,33,Segrià,2022-2025,,,,,,,0,missing,gencat_housing_sales_2022_2024_2025,,2026-08-21T21:48:17Z,0.2.0,insufficient_history,,methodology_pending,0,100,0,,official,default,false
252017,Sarroca de Bellera,25,Pallars Jussà,2022-2025,,,,,,,0,missing,gencat_housing_sales_2022_2024_2025,,2026-08-21T21:48:17Z,0.2.0,insufficient_history,,methodology_pending,0,100,0,,official,default,false
252022,Senterada,25,Pallars Jussà,2022-2025,,,,,,,0,missing,gencat_housing_sales_2022_2024_2025,,2026-08-21T21:48:17Z,0.2.0,insufficient_history,,methodology_pending,0,100,0,,official,default,false
252038,la Seu d'Urgell,04,Alt Urgell,2022-2025,1882.73,1578.25,1224.45,19.292254,15.420335,100,90,municipality,gencat_housing_sales_2022_2024_2025,,2026-08-21T21:48:17Z,0.2.0,,,complete,100,100,100,,official,default,true
252043,Seròs,33,Segrià,2022-2025,,,,,,,0,missing,gencat_housing_sales_2022_2024_2025,,2026-08-21T21:48:17Z,0.2.0,insufficient_history,,methodology_pending,0,100,0,,official,default,false
252056,Sidamon,27,Pla d'Urgell,2022-2025,,,,,,,0,missing,gencat_housing_sales_2022_2024_2025,,2026-08-21T21:48:17Z,0.2.0,insufficient_history,,methodology_pending,0,100,0,,official,default,false
252069,el Soleràs,18,Garrigues,2022-2025,,,,,,,0,missing,gencat_housing_sales_2022_2024_2025,,2026-08-21T21:48:17Z,0.2.0,insufficient_history,,methodology_pending,0,100,0,,official,default,false
252075,Solsona,35,Solsonès,2022-2025,1179.83,1112.57,971.76,6.045462,6.680933,67.4822,90,municipality,gencat_housing_sales_2022_2024_2025,,2026-08-21T21:48:17Z,0.2.0,,,complete,67.4822,67.4822,100,,official,default,true
252081,Soriguera,26,Pallars Sobirà,2022-2025,,,,,,,0,missing,gencat_housing_sales_2022_2024_2025,,2026-08-21T21:48:17Z,0.2.0,insufficient_history,,methodology_pending,0,100,0,,official,default,false
252094,Sort,26,Pallars Sobirà,2022-2025,1575.18,,,,,,0,missing,gencat_housing_sales_2022_2024_2025,,2026-08-21T21:48:17Z,0.2.0,insufficient_history,,methodology_pending,0,100,0,,official,default,false
252108,Soses,33,Segrià,2022-2025,,,,,,,0,missing,gencat_housing_sales_2022_2024_2025,,2026-08-21T21:48:17Z,0.2.0,insufficient_history,,methodology_pending,0,100,0,,official,default,false
252115,Sudanell,33,Segrià,2022-2025,,,,,,,0,missing,gencat_housing_sales_2022_2024_2025,,2026-08-21T21:48:17Z,0.2.0,insufficient_history,,methodology_pending,0,100,0,,official,default,false
252120,Sunyer,33,Segrià,2022-2025,,,,,,,0,missing,gencat_housing_sales_2022_2024_2025,,2026-08-21T21:48:17Z,0.2.0,insufficient_history,,methodology_pending,0,100,0,,official,default,false
252154,Talarn,25,Pallars Jussà,2022-2025,,,,,,,0,missing,gencat_housing_sales_2022_2024_2025,,2026-08-21T21:48:17Z,0.2.0,insufficient_history,,methodology_pending,0,100,0,,official,default,false
252167,Talavera,32,Segarra,2022-2025,,,,,,,0,missing,gencat_housing_sales_2022_2024_2025,,2026-08-21T21:48:17Z,0.2.0,insufficient_history,,methodology_pending,0,100,0,,official,default,false
252173,Tàrrega,38,Urgell,2022-2025,1002.96,980.34,992.7,2.307363,0.343335,15.3875,90,municipality,gencat_housing_sales_2022_2024_2025,,2026-08-21T21:48:17Z,0.2.0,,,complete,15.3875,15.3875,100,,official,default,true
252189,Tarrés,18,Garrigues,2022-2025,,,,,,,0,missing,gencat_housing_sales_2022_2024_2025,,2026-08-21T21:48:17Z,0.2.0,insufficient_history,,methodology_pending,0,100,0,,official,default,false
252192,Tarroja de Segarra,32,Segarra,2022-2025,,,,,,,0,missing,gencat_housing_sales_2022_2024_2025,,2026-08-21T21:48:17Z,0.2.0,insufficient_history,,methodology_pending,0,100,0,,official,default,false
252206,Térmens,23,Noguera,2022-2025,,,,,,,0,missing,gencat_housing_sales_2022_2024_2025,,2026-08-21T21:48:17Z,0.2.0,insufficient_history,,methodology_pending,0,100,0,,official,default,false
252213,Tírvia,26,Pallars Sobirà,2022-2025,,,,,,,0,missing,gencat_housing_sales_2022_2024_2025,,2026-08-21T21:48:17Z,0.2.0,insufficient_history,,methodology_pending,0,100,0,,official,default,false
252228,Tiurana,23,Noguera,2022-2025,,,,,,,0,missing,gencat_housing_sales_2022_2024_2025,,2026-08-21T21:48:17Z,0.2.0,insufficient_history,,methodology_pending,0,100,0,,official,default,false
252234,Torà,35,Solsonès,2022-2025,,,,,,,0,missing,gencat_housing_sales_2022_2024_2025,,2026-08-21T21:48:17Z,0.2.0,insufficient_history,,methodology_pending,0,100,0,,official,default,false
252249,els Torms,18,Garrigues,2022-2025,,,,,,,0,missing,gencat_housing_sales_2022_2024_2025,,2026-08-21T21:48:17Z,0.2.0,insufficient_history,,methodology_pending,0,100,0,,official,default,false
252252,Tornabous,38,Urgell,2022-2025,,,,,,,0,missing,gencat_housing_sales_2022_2024_2025,,2026-08-21T21:48:17Z,0.2.0,insufficient_history,,methodology_pending,0,100,0,,official,default,false
252265,Torrebesses,33,Segrià,2022-2025,,,,,,,0,missing,gencat_housing_sales_2022_2024_2025,,2026-08-21T21:48:17Z,0.2.0,insufficient_history,,methodology_pending,0,100,0,,official,default,false
252271,la Torre de Cabdella,25,Pallars Jussà,2022-2025,,,,,,,0,missing,gencat_housing_sales_2022_2024_2025,,2026-08-21T21:48:17Z,0.2.0,insufficient_history,,methodology_pending,0,100,0,,official,default,false
252287,Torrefarrera,33,Segrià,2022-2025,1370.87,,,,,,0,missing,gencat_housing_sales_2022_2024_2025,,2026-08-21T21:48:17Z,0.2.0,insufficient_history,,methodology_pending,0,100,0,,official,default,false
252304,Torregrossa,27,Pla d'Urgell,2022-2025,2225.94,,,,,,0,missing,gencat_housing_sales_2022_2024_2025,,2026-08-21T21:48:17Z,0.2.0,insufficient_history,,methodology_pending,0,100,0,,official,default,false
252311,Torrelameu,23,Noguera,2022-2025,,,,,,,0,missing,gencat_housing_sales_2022_2024_2025,,2026-08-21T21:48:17Z,0.2.0,insufficient_history,,methodology_pending,0,100,0,,official,default,false
252326,Torres de Segre,33,Segrià,2022-2025,735.28,,,,,,0,missing,gencat_housing_sales_2022_2024_2025,,2026-08-21T21:48:17Z,0.2.0,insufficient_history,,methodology_pending,0,100,0,,official,default,false
252332,Torre-serona,33,Segrià,2022-2025,,,,,,,0,missing,gencat_housing_sales_2022_2024_2025,,2026-08-21T21:48:17Z,0.2.0,insufficient_history,,methodology_pending,0,100,0,,official,default,false
252347,Tremp,25,Pallars Jussà,2022-2025,1033.19,834.53,793.32,23.805016,9.205354,88.2327,90,municipality,gencat_housing_sales_2022_2024_2025,,2026-08-21T21:48:17Z,0.2.0,,,complete,88.2327,88.2327,100,,official,default,true
252385,Vallbona de les Monges,38,Urgell,2022-2025,,,,,,,0,missing,gencat_housing_sales_2022_2024_2025,,2026-08-21T21:48:17Z,0.2.0,insufficient_history,,methodology_pending,0,100,0,,official,default,false
252398,les Valls de Valira,04,Alt Urgell,2022-2025,,,,,,,0,missing,gencat_housing_sales_2022_2024_2025,,2026-08-21T21:48:17Z,0.2.0,insufficient_history,,methodology_pending,0,100,0,,official,default,false
252402,Vallfogona de Balaguer,23,Noguera,2022-2025,1245.67,,,,,,0,missing,gencat_housing_sales_2022_2024_2025,,2026-08-21T21:48:17Z,0.2.0,insufficient_history,,methodology_pending,0,100,0,,official,default,false
252424,Verdú,38,Urgell,2022-2025,,,,,,,0,missing,gencat_housing_sales_2022_2024_2025,,2026-08-21T21:48:17Z,0.2.0,insufficient_history,,methodology_pending,0,100,0,,official,default,false
252430,Vielha e Mijaran,39,Val d'Aran,2022-2025,2969.33,2792.34,2341.41,6.338412,8.241466,80.3096,90,municipality,gencat_housing_sales_2022_2024_2025,,2026-08-21T21:48:17Z,0.2.0,,,complete,80.3096,80.3096,100,,official,default,true
252445,Vilagrassa,38,Urgell,2022-2025,,,,,,,0,missing,gencat_housing_sales_2022_2024_2025,,2026-08-21T21:48:17Z,0.2.0,insufficient_history,,methodology_pending,0,100,0,,official,default,false
252458,Vilaller,05,Alta Ribagorça,2022-2025,,,,,,,0,missing,gencat_housing_sales_2022_2024_2025,,2026-08-21T21:48:17Z,0.2.0,insufficient_history,,methodology_pending,0,100,0,,official,default,false
252477,Vilamòs,39,Val d'Aran,2022-2025,,,,,,,0,missing,gencat_housing_sales_2022_2024_2025,,2026-08-21T21:48:17Z,0.2.0,insufficient_history,,methodology_pending,0,100,0,,official,default,false
252483,Vilanova de Bellpuig,27,Pla d'Urgell,2022-2025,,,,,,,0,missing,gencat_housing_sales_2022_2024_2025,,2026-08-21T21:48:17Z,0.2.0,insufficient_history,,methodology_pending,0,100,0,,official,default,false
252496,Vilanova de l'Aguda,23,Noguera,2022-2025,,,,,,,0,missing,gencat_housing_sales_2022_2024_2025,,2026-08-21T21:48:17Z,0.2.0,insufficient_history,,methodology_pending,0,100,0,,official,default,false
252509,Vilanova de Meià,23,Noguera,2022-2025,,,,,,,0,missing,gencat_housing_sales_2022_2024_2025,,2026-08-21T21:48:17Z,0.2.0,insufficient_history,,methodology_pending,0,100,0,,official,default,false
252516,Vilanova de Segrià,33,Segrià,2022-2025,,,,,,,0,missing,gencat_housing_sales_2022_2024_2025,,2026-08-21T21:48:17Z,0.2.0,insufficient_history,,methodology_pending,0,100,0,,official,default,false
252521,Vila-sana,27,Pla d'Urgell,2022-2025,,,,,,,0,missing,gencat_housing_sales_2022_2024_2025,,2026-08-21T21:48:17Z,0.2.0,insufficient_history,,methodology_pending,0,100,0,,official,default,false
252537,el Vilosell,18,Garrigues,2022-2025,,,,,,,0,missing,gencat_housing_sales_2022_2024_2025,,2026-08-21T21:48:17Z,0.2.0,insufficient_history,,methodology_pending,0,100,0,,official,default,false
252542,Vilanova de la Barca,33,Segrià,2022-2025,,,,,,,0,missing,gencat_housing_sales_2022_2024_2025,,2026-08-21T21:48:17Z,0.2.0,insufficient_history,,methodology_pending,0,100,0,,official,default,false
252555,Vinaixa,18,Garrigues,2022-2025,,,,,,,0,missing,gencat_housing_sales_2022_2024_2025,,2026-08-21T21:48:17Z,0.2.0,insufficient_history,,methodology_pending,0,100,0,,official,default,false
259010,Vall de Cardós,26,Pallars Sobirà,2022-2025,,,,,,,0,missing,gencat_housing_sales_2022_2024_2025,,2026-08-21T21:48:17Z,0.2.0,insufficient_history,,methodology_pending,0,100,0,,official,default,false
259025,Sant Martí de Riucorb,38,Urgell,2022-2025,,,,,,,0,missing,gencat_housing_sales_2022_2024_2025,,2026-08-21T21:48:17Z,0.2.0,insufficient_history,,methodology_pending,0,100,0,,official,default,false
259031,la Guingueta d'Àneu,26,Pallars Sobirà,2022-2025,,,,,,,0,missing,gencat_housing_sales_2022_2024_2025,,2026-08-21T21:48:17Z,0.2.0,insufficient_history,,methodology_pending,0,100,0,,official,default,false
259046,Castell de Mur,25,Pallars Jussà,2022-2025,,,,,,,0,missing,gencat_housing_sales_2022_2024_2025,,2026-08-21T21:48:17Z,0.2.0,insufficient_history,,methodology_pending,0,100,0,,official,default,false
259059,Ribera d'Ondara,32,Segarra,2022-2025,,,,,,,0,missing,gencat_housing_sales_2022_2024_2025,,2026-08-21T21:48:17Z,0.2.0,insufficient_history,,methodology_pending,0,100,0,,official,default,false
259062,les Valls d'Aguilar,04,Alt Urgell,2022-2025,,,,,,,0,missing,gencat_housing_sales_2022_2024_2025,,2026-08-21T21:48:17Z,0.2.0,insufficient_history,,methodology_pending,0,100,0,,official,default,false
259078,Torrefeta i Florejacs,32,Segarra,2022-2025,,,,,,,0,missing,gencat_housing_sales_2022_2024_2025,,2026-08-21T21:48:17Z,0.2.0,insufficient_history,,methodology_pending,0,100,0,,official,default,false
259084,Fígols i Alinyà,04,Alt Urgell,2022-2025,,,,,,,0,missing,gencat_housing_sales_2022_2024_2025,,2026-08-21T21:48:17Z,0.2.0,insufficient_history,,methodology_pending,0,100,0,,official,default,false
259097,la Vansa i Fórnols,04,Alt Urgell,2022-2025,,,,,,,0,missing,gencat_housing_sales_2022_2024_2025,,2026-08-21T21:48:17Z,0.2.0,insufficient_history,,methodology_pending,0,100,0,,official,default,false
259101,Josa i Tuixén,04,Alt Urgell,2022-2025,,,,,,,0,missing,gencat_housing_sales_2022_2024_2025,,2026-08-21T21:48:17Z,0.2.0,insufficient_history,,methodology_pending,0,100,0,,official,default,false
259118,els Plans de Sió,32,Segarra,2022-2025,,,,,,,0,missing,gencat_housing_sales_2022_2024_2025,,2026-08-21T21:48:17Z,0.2.0,insufficient_history,,methodology_pending,0,100,0,,official,default,false
259123,Gimenells i el Pla de la Font,33,Segrià,2022-2025,,,,,,,0,missing,gencat_housing_sales_2022_2024_2025,,2026-08-21T21:48:17Z,0.2.0,insufficient_history,,methodology_pending,0,100,0,,official,default,false
259139,Riu de Cerdanya,15,Cerdanya,2022-2025,,,,,,,0,missing,gencat_housing_sales_2022_2024_2025,,2026-08-21T21:48:17Z,0.2.0,insufficient_history,,methodology_pending,0,100,0,,official,default,false
430017,Aiguamúrcia,01,Alt Camp,2022-2025,,,,,,,0,missing,gencat_housing_sales_2022_2024_2025,,2026-08-21T21:48:17Z,0.2.0,insufficient_history,,methodology_pending,0,100,0,,official,default,false
430022,Albinyana,12,Baix Penedès,2022-2025,1513.33,,,,,,0,missing,gencat_housing_sales_2022_2024_2025,,2026-08-21T21:48:17Z,0.2.0,insufficient_history,,methodology_pending,0,100,0,,official,default,false
430038,l'Albiol,08,Baix Camp,2022-2025,,,,,,,0,missing,gencat_housing_sales_2022_2024_2025,,2026-08-21T21:48:17Z,0.2.0,insufficient_history,,methodology_pending,0,100,0,,official,default,false
430043,Alcanar,22,Montsià,2022-2025,1329.6,1227.49,1082.88,8.318601,7.081281,70.773,90,municipality,gencat_housing_sales_2022_2024_2025,,2026-08-21T21:48:17Z,0.2.0,,,complete,70.773,70.773,100,,official,default,true
430056,Alcover,01,Alt Camp,2022-2025,1326.76,1347.49,1627.1,-1.538416,-6.575803,0,90,municipality,gencat_housing_sales_2022_2024_2025,,2026-08-21T21:48:17Z,0.2.0,,,complete,0,0,100,,official,default,true
430069,Aldover,09,Baix Ebre,2022-2025,,,,,,,0,missing,gencat_housing_sales_2022_2024_2025,,2026-08-21T21:48:17Z,0.2.0,insufficient_history,,methodology_pending,0,100,0,,official,default,false
430075,l'Aleixar,08,Baix Camp,2022-2025,,,,,,,0,missing,gencat_housing_sales_2022_2024_2025,,2026-08-21T21:48:17Z,0.2.0,insufficient_history,,methodology_pending,0,100,0,,official,default,false
430081,Alfara de Carles,09,Baix Ebre,2022-2025,,,,,,,0,missing,gencat_housing_sales_2022_2024_2025,,2026-08-21T21:48:17Z,0.2.0,insufficient_history,,methodology_pending,0,100,0,,official,default,false
430094,Alforja,08,Baix Camp,2022-2025,1269.43,,,,,,0,missing,gencat_housing_sales_2022_2024_2025,,2026-08-21T21:48:17Z,0.2.0,insufficient_history,,methodology_pending,0,100,0,,official,default,false
430108,Alió,01,Alt Camp,2022-2025,,,,,,,0,missing,gencat_housing_sales_2022_2024_2025,,2026-08-21T21:48:17Z,0.2.0,insufficient_history,,methodology_pending,0,100,0,,official,default,false
430115,Almoster,08,Baix Camp,2022-2025,,,,,,,0,missing,gencat_housing_sales_2022_2024_2025,,2026-08-21T21:48:17Z,0.2.0,insufficient_history,,methodology_pending,0,100,0,,official,default,false
430120,Altafulla,36,Tarragonès,2022-2025,3248.23,2825.93,2404.44,14.943753,10.546317,99.2554,90,municipality,gencat_housing_sales_2022_2024_2025,,2026-08-21T21:48:17Z,0.2.0,,,complete,99.2554,99.2554,100,,official,default,true
430136,l'Ametlla de Mar,09,Baix Ebre,2022-2025,2261.71,2074.89,1902.34,9.003851,5.937469,61.3709,90,municipality,gencat_housing_sales_2022_2024_2025,,2026-08-21T21:48:17Z,0.2.0,,,complete,61.3709,61.3709,100,,official,default,true
430141,Amposta,22,Montsià,2022-2025,894.31,784.69,767.09,13.969848,5.248017,55.7037,90,municipality,gencat_housing_sales_2022_2024_2025,,2026-08-21T21:48:17Z,0.2.0,,,complete,55.7037,55.7037,100,,official,default,true
430154,Arbolí,08,Baix Camp,2022-2025,,,,,,,0,missing,gencat_housing_sales_2022_2024_2025,,2026-08-21T21:48:17Z,0.2.0,insufficient_history,,methodology_pending,0,100,0,,official,default,false
430167,l'Arboç,12,Baix Penedès,2022-2025,1045.2,1034.61,1143.04,1.023574,-2.938725,0,90,municipality,gencat_housing_sales_2022_2024_2025,,2026-08-21T21:48:17Z,0.2.0,,,complete,0,0,100,,official,default,true
430173,l'Argentera,08,Baix Camp,2022-2025,,,,,,,0,missing,gencat_housing_sales_2022_2024_2025,,2026-08-21T21:48:17Z,0.2.0,insufficient_history,,methodology_pending,0,100,0,,official,default,false
430189,Arnes,37,Terra Alta,2022-2025,,,,,,,0,missing,gencat_housing_sales_2022_2024_2025,,2026-08-21T21:48:17Z,0.2.0,insufficient_history,,methodology_pending,0,100,0,,official,default,false
430192,Ascó,30,Ribera d'Ebre,2022-2025,,,,,,,0,missing,gencat_housing_sales_2022_2024_2025,,2026-08-21T21:48:17Z,0.2.0,insufficient_history,,methodology_pending,0,100,0,,official,default,false
430206,Banyeres del Penedès,12,Baix Penedès,2022-2025,1319.42,,,,,,0,missing,gencat_housing_sales_2022_2024_2025,,2026-08-21T21:48:17Z,0.2.0,insufficient_history,,methodology_pending,0,100,0,,official,default,false
430213,Barberà de la Conca,16,Conca de Barberà,2022-2025,,,,,,,0,missing,gencat_housing_sales_2022_2024_2025,,2026-08-21T21:48:17Z,0.2.0,insufficient_history,,methodology_pending,0,100,0,,official,default,false
430228,Batea,37,Terra Alta,2022-2025,,,,,,,0,missing,gencat_housing_sales_2022_2024_2025,,2026-08-21T21:48:17Z,0.2.0,insufficient_history,,methodology_pending,0,100,0,,official,default,false
430234,Bellmunt del Priorat,29,Priorat,2022-2025,,,,,,,0,missing,gencat_housing_sales_2022_2024_2025,,2026-08-21T21:48:17Z,0.2.0,insufficient_history,,methodology_pending,0,100,0,,official,default,false
430249,Bellvei,12,Baix Penedès,2022-2025,1417.08,,,,,,0,missing,gencat_housing_sales_2022_2024_2025,,2026-08-21T21:48:17Z,0.2.0,insufficient_history,,methodology_pending,0,100,0,,official,default,false
430252,Benifallet,09,Baix Ebre,2022-2025,,,,,,,0,missing,gencat_housing_sales_2022_2024_2025,,2026-08-21T21:48:17Z,0.2.0,insufficient_history,,methodology_pending,0,100,0,,official,default,false
430265,Benissanet,30,Ribera d'Ebre,2022-2025,,,,,,,0,missing,gencat_housing_sales_2022_2024_2025,,2026-08-21T21:48:17Z,0.2.0,insufficient_history,,methodology_pending,0,100,0,,official,default,false
430271,la Bisbal de Montsant,29,Priorat,2022-2025,,,,,,,0,missing,gencat_housing_sales_2022_2024_2025,,2026-08-21T21:48:17Z,0.2.0,insufficient_history,,methodology_pending,0,100,0,,official,default,false
430287,la Bisbal del Penedès,12,Baix Penedès,2022-2025,1237.24,,,,,,0,missing,gencat_housing_sales_2022_2024_2025,,2026-08-21T21:48:17Z,0.2.0,insufficient_history,,methodology_pending,0,100,0,,official,default,false
430290,Blancafort,16,Conca de Barberà,2022-2025,,,,,,,0,missing,gencat_housing_sales_2022_2024_2025,,2026-08-21T21:48:17Z,0.2.0,insufficient_history,,methodology_pending,0,100,0,,official,default,false
430304,Bonastre,12,Baix Penedès,2022-2025,,,,,,,0,missing,gencat_housing_sales_2022_2024_2025,,2026-08-21T21:48:17Z,0.2.0,insufficient_history,,methodology_pending,0,100,0,,official,default,false
430311,les Borges del Camp,08,Baix Camp,2022-2025,1068.15,,,,,,0,missing,gencat_housing_sales_2022_2024_2025,,2026-08-21T21:48:17Z,0.2.0,insufficient_history,,methodology_pending,0,100,0,,official,default,false
430326,Bot,37,Terra Alta,2022-2025,,,,,,,0,missing,gencat_housing_sales_2022_2024_2025,,2026-08-21T21:48:17Z,0.2.0,insufficient_history,,methodology_pending,0,100,0,,official,default,false
430332,Botarell,08,Baix Camp,2022-2025,,,,,,,0,missing,gencat_housing_sales_2022_2024_2025,,2026-08-21T21:48:17Z,0.2.0,insufficient_history,,methodology_pending,0,100,0,,official,default,false
430347,Bràfim,01,Alt Camp,2022-2025,,,,,,,0,missing,gencat_housing_sales_2022_2024_2025,,2026-08-21T21:48:17Z,0.2.0,insufficient_history,,methodology_pending,0,100,0,,official,default,false
430350,Cabacés,29,Priorat,2022-2025,,,,,,,0,missing,gencat_housing_sales_2022_2024_2025,,2026-08-21T21:48:17Z,0.2.0,insufficient_history,,methodology_pending,0,100,0,,official,default,false
430363,Cabra del Camp,01,Alt Camp,2022-2025,,,,,,,0,missing,gencat_housing_sales_2022_2024_2025,,2026-08-21T21:48:17Z,0.2.0,insufficient_history,,methodology_pending,0,100,0,,official,default,false
430379,Calafell,12,Baix Penedès,2022-2025,2349.89,2059.28,1915.81,14.112214,7.044666,70.472,90,municipality,gencat_housing_sales_2022_2024_2025,,2026-08-21T21:48:17Z,0.2.0,,,complete,70.472,70.472,100,,official,default,true
430385,Cambrils,08,Baix Camp,2022-2025,2498.11,2319.42,2243.35,7.704081,3.650525,42.5724,90,municipality,gencat_housing_sales_2022_2024_2025,,2026-08-21T21:48:17Z,0.2.0,,,complete,42.5724,42.5724,100,,official,default,true
430398,Capafonts,08,Baix Camp,2022-2025,,,,,,,0,missing,gencat_housing_sales_2022_2024_2025,,2026-08-21T21:48:17Z,0.2.0,insufficient_history,,methodology_pending,0,100,0,,official,default,false
430402,Capçanes,29,Priorat,2022-2025,,,,,,,0,missing,gencat_housing_sales_2022_2024_2025,,2026-08-21T21:48:17Z,0.2.0,insufficient_history,,methodology_pending,0,100,0,,official,default,false
430419,Caseres,37,Terra Alta,2022-2025,,,,,,,0,missing,gencat_housing_sales_2022_2024_2025,,2026-08-21T21:48:17Z,0.2.0,insufficient_history,,methodology_pending,0,100,0,,official,default,false
430424,Castellvell del Camp,08,Baix Camp,2022-2025,1779.63,,,,,,0,missing,gencat_housing_sales_2022_2024_2025,,2026-08-21T21:48:17Z,0.2.0,insufficient_history,,methodology_pending,0,100,0,,official,default,false
430430,el Catllar,36,Tarragonès,2022-2025,1720.58,1565.26,,9.922952,,,0,missing,gencat_housing_sales_2022_2024_2025,,2026-08-21T21:48:17Z,0.2.0,insufficient_history,,methodology_pending,0,100,0,,official,default,false
430445,la Sénia,22,Montsià,2022-2025,694.23,632.76,609.36,9.714584,4.442312,49.0808,90,municipality,gencat_housing_sales_2022_2024_2025,,2026-08-21T21:48:17Z,0.2.0,,,complete,49.0808,49.0808,100,,official,default,true
430458,Colldejou,08,Baix Camp,2022-2025,,,,,,,0,missing,gencat_housing_sales_2022_2024_2025,,2026-08-21T21:48:17Z,0.2.0,insufficient_history,,methodology_pending,0,100,0,,official,default,false
430461,Conesa,16,Conca de Barberà,2022-2025,,,,,,,0,missing,gencat_housing_sales_2022_2024_2025,,2026-08-21T21:48:17Z,0.2.0,insufficient_history,,methodology_pending,0,100,0,,official,default,false
430477,Constantí,36,Tarragonès,2022-2025,868.6,809.27,732.25,7.331299,5.857138,60.7106,90,municipality,gencat_housing_sales_2022_2024_2025,,2026-08-21T21:48:17Z,0.2.0,,,complete,60.7106,60.7106,100,,official,default,true
430483,Corbera d'Ebre,37,Terra Alta,2022-2025,,,,,,,0,missing,gencat_housing_sales_2022_2024_2025,,2026-08-21T21:48:17Z,0.2.0,insufficient_history,,methodology_pending,0,100,0,,official,default,false
430496,Cornudella de Montsant,29,Priorat,2022-2025,,,,,,,0,missing,gencat_housing_sales_2022_2024_2025,,2026-08-21T21:48:17Z,0.2.0,insufficient_history,,methodology_pending,0,100,0,,official,default,false
430509,Creixell,36,Tarragonès,2022-2025,2005.23,,,,,,0,missing,gencat_housing_sales_2022_2024_2025,,2026-08-21T21:48:17Z,0.2.0,insufficient_history,,methodology_pending,0,100,0,,official,default,false
430516,Cunit,12,Baix Penedès,2022-2025,2290.5,2069.7,1857.36,10.668213,7.23702,72.0532,90,municipality,gencat_housing_sales_2022_2024_2025,,2026-08-21T21:48:17Z,0.2.0,,,complete,72.0532,72.0532,100,,official,default,true
430521,Xerta,09,Baix Ebre,2022-2025,,,,,,,0,missing,gencat_housing_sales_2022_2024_2025,,2026-08-21T21:48:17Z,0.2.0,insufficient_history,,methodology_pending,0,100,0,,official,default,false
430537,Duesaigües,08,Baix Camp,2022-2025,,,,,,,0,missing,gencat_housing_sales_2022_2024_2025,,2026-08-21T21:48:17Z,0.2.0,insufficient_history,,methodology_pending,0,100,0,,official,default,false
430542,l'Espluga de Francolí,16,Conca de Barberà,2022-2025,1266.53,,,,,,0,missing,gencat_housing_sales_2022_2024_2025,,2026-08-21T21:48:17Z,0.2.0,insufficient_history,,methodology_pending,0,100,0,,official,default,false
430555,Falset,29,Priorat,2022-2025,934.11,,,,,,0,missing,gencat_housing_sales_2022_2024_2025,,2026-08-21T21:48:17Z,0.2.0,insufficient_history,,methodology_pending,0,100,0,,official,default,false
430568,la Fatarella,37,Terra Alta,2022-2025,,,,,,,0,missing,gencat_housing_sales_2022_2024_2025,,2026-08-21T21:48:17Z,0.2.0,insufficient_history,,methodology_pending,0,100,0,,official,default,false
430574,la Febró,08,Baix Camp,2022-2025,,,,,,,0,missing,gencat_housing_sales_2022_2024_2025,,2026-08-21T21:48:17Z,0.2.0,insufficient_history,,methodology_pending,0,100,0,,official,default,false
430580,la Figuera,29,Priorat,2022-2025,,,,,,,0,missing,gencat_housing_sales_2022_2024_2025,,2026-08-21T21:48:17Z,0.2.0,insufficient_history,,methodology_pending,0,100,0,,official,default,false
430593,Figuerola del Camp,01,Alt Camp,2022-2025,,,,,,,0,missing,gencat_housing_sales_2022_2024_2025,,2026-08-21T21:48:17Z,0.2.0,insufficient_history,,methodology_pending,0,100,0,,official,default,false
430607,Flix,30,Ribera d'Ebre,2022-2025,976.03,,,,,,0,missing,gencat_housing_sales_2022_2024_2025,,2026-08-21T21:48:17Z,0.2.0,insufficient_history,,methodology_pending,0,100,0,,official,default,false
430614,Forès,16,Conca de Barberà,2022-2025,,,,,,,0,missing,gencat_housing_sales_2022_2024_2025,,2026-08-21T21:48:17Z,0.2.0,insufficient_history,,methodology_pending,0,100,0,,official,default,false
430629,Freginals,22,Montsià,2022-2025,,,,,,,0,missing,gencat_housing_sales_2022_2024_2025,,2026-08-21T21:48:17Z,0.2.0,insufficient_history,,methodology_pending,0,100,0,,official,default,false
430635,la Galera,22,Montsià,2022-2025,,,,,,,0,missing,gencat_housing_sales_2022_2024_2025,,2026-08-21T21:48:17Z,0.2.0,insufficient_history,,methodology_pending,0,100,0,,official,default,false
430640,Gandesa,37,Terra Alta,2022-2025,1153.22,,,,,,0,missing,gencat_housing_sales_2022_2024_2025,,2026-08-21T21:48:17Z,0.2.0,insufficient_history,,methodology_pending,0,100,0,,official,default,false
430653,Garcia,30,Ribera d'Ebre,2022-2025,,,,,,,0,missing,gencat_housing_sales_2022_2024_2025,,2026-08-21T21:48:17Z,0.2.0,insufficient_history,,methodology_pending,0,100,0,,official,default,false
430666,els Garidells,01,Alt Camp,2022-2025,,,,,,,0,missing,gencat_housing_sales_2022_2024_2025,,2026-08-21T21:48:17Z,0.2.0,insufficient_history,,methodology_pending,0,100,0,,official,default,false
430672,Ginestar,30,Ribera d'Ebre,2022-2025,,,,,,,0,missing,gencat_housing_sales_2022_2024_2025,,2026-08-21T21:48:17Z,0.2.0,insufficient_history,,methodology_pending,0,100,0,,official,default,false
430688,Godall,22,Montsià,2022-2025,,,,,,,0,missing,gencat_housing_sales_2022_2024_2025,,2026-08-21T21:48:17Z,0.2.0,insufficient_history,,methodology_pending,0,100,0,,official,default,false
430691,Gratallops,29,Priorat,2022-2025,,,,,,,0,missing,gencat_housing_sales_2022_2024_2025,,2026-08-21T21:48:17Z,0.2.0,insufficient_history,,methodology_pending,0,100,0,,official,default,false
430705,els Guiamets,29,Priorat,2022-2025,,,,,,,0,missing,gencat_housing_sales_2022_2024_2025,,2026-08-21T21:48:17Z,0.2.0,insufficient_history,,methodology_pending,0,100,0,,official,default,false
430712,Horta de Sant Joan,37,Terra Alta,2022-2025,,,,,,,0,missing,gencat_housing_sales_2022_2024_2025,,2026-08-21T21:48:17Z,0.2.0,insufficient_history,,methodology_pending,0,100,0,,official,default,false
430727,el Lloar,29,Priorat,2022-2025,,,,,,,0,missing,gencat_housing_sales_2022_2024_2025,,2026-08-21T21:48:17Z,0.2.0,insufficient_history,,methodology_pending,0,100,0,,official,default,false
430733,Llorac,16,Conca de Barberà,2022-2025,,,,,,,0,missing,gencat_housing_sales_2022_2024_2025,,2026-08-21T21:48:17Z,0.2.0,insufficient_history,,methodology_pending,0,100,0,,official,default,false
430748,Llorenç del Penedès,12,Baix Penedès,2022-2025,1131.94,,,,,,0,missing,gencat_housing_sales_2022_2024_2025,,2026-08-21T21:48:17Z,0.2.0,insufficient_history,,methodology_pending,0,100,0,,official,default,false
430751,Margalef,29,Priorat,2022-2025,,,,,,,0,missing,gencat_housing_sales_2022_2024_2025,,2026-08-21T21:48:17Z,0.2.0,insufficient_history,,methodology_pending,0,100,0,,official,default,false
430764,Marçà,29,Priorat,2022-2025,,,,,,,0,missing,gencat_housing_sales_2022_2024_2025,,2026-08-21T21:48:17Z,0.2.0,insufficient_history,,methodology_pending,0,100,0,,official,default,false
430770,Mas de Barberans,22,Montsià,2022-2025,,,,,,,0,missing,gencat_housing_sales_2022_2024_2025,,2026-08-21T21:48:17Z,0.2.0,insufficient_history,,methodology_pending,0,100,0,,official,default,false
430786,Masdenverge,22,Montsià,2022-2025,,,,,,,0,missing,gencat_housing_sales_2022_2024_2025,,2026-08-21T21:48:17Z,0.2.0,insufficient_history,,methodology_pending,0,100,0,,official,default,false
430799,Masllorenç,12,Baix Penedès,2022-2025,,,,,,,0,missing,gencat_housing_sales_2022_2024_2025,,2026-08-21T21:48:17Z,0.2.0,insufficient_history,,methodology_pending,0,100,0,,official,default,false
430803,la Masó,01,Alt Camp,2022-2025,,,,,,,0,missing,gencat_housing_sales_2022_2024_2025,,2026-08-21T21:48:17Z,0.2.0,insufficient_history,,methodology_pending,0,100,0,,official,default,false
430810,Maspujols,08,Baix Camp,2022-2025,,,,,,,0,missing,gencat_housing_sales_2022_2024_2025,,2026-08-21T21:48:17Z,0.2.0,insufficient_history,,methodology_pending,0,100,0,,official,default,false
430825,el Masroig,29,Priorat,2022-2025,,,,,,,0,missing,gencat_housing_sales_2022_2024_2025,,2026-08-21T21:48:17Z,0.2.0,insufficient_history,,methodology_pending,0,100,0,,official,default,false
430831,el Milà,01,Alt Camp,2022-2025,,,,,,,0,missing,gencat_housing_sales_2022_2024_2025,,2026-08-21T21:48:17Z,0.2.0,insufficient_history,,methodology_pending,0,100,0,,official,default,false
430846,Miravet,30,Ribera d'Ebre,2022-2025,,,,,,,0,missing,gencat_housing_sales_2022_2024_2025,,2026-08-21T21:48:17Z,0.2.0,insufficient_history,,methodology_pending,0,100,0,,official,default,false
430859,el Molar,29,Priorat,2022-2025,,,,,,,0,missing,gencat_housing_sales_2022_2024_2025,,2026-08-21T21:48:17Z,0.2.0,insufficient_history,,methodology_pending,0,100,0,,official,default,false
430862,Montblanc,16,Conca de Barberà,2022-2025,1465.28,1197.69,1079.33,22.342175,10.727491,100,90,municipality,gencat_housing_sales_2022_2024_2025,,2026-08-21T21:48:17Z,0.2.0,,,complete,100,100,100,,official,default,true
430884,Montbrió del Camp,08,Baix Camp,2022-2025,1371.58,,,,,,0,missing,gencat_housing_sales_2022_2024_2025,,2026-08-21T21:48:17Z,0.2.0,insufficient_history,,methodology_pending,0,100,0,,official,default,false
430897,Montferri,01,Alt Camp,2022-2025,,,,,,,0,missing,gencat_housing_sales_2022_2024_2025,,2026-08-21T21:48:17Z,0.2.0,insufficient_history,,methodology_pending,0,100,0,,official,default,false
430901,el Montmell,12,Baix Penedès,2022-2025,,,,,,,0,missing,gencat_housing_sales_2022_2024_2025,,2026-08-21T21:48:17Z,0.2.0,insufficient_history,,methodology_pending,0,100,0,,official,default,false
430918,Mont-ral,01,Alt Camp,2022-2025,,,,,,,0,missing,gencat_housing_sales_2022_2024_2025,,2026-08-21T21:48:17Z,0.2.0,insufficient_history,,methodology_pending,0,100,0,,official,default,false
430923,Mont-roig del Camp,08,Baix Camp,2022-2025,2116.19,1915.5,1724.54,10.47716,7.059973,70.5978,90,municipality,gencat_housing_sales_2022_2024_2025,,2026-08-21T21:48:17Z,0.2.0,,,complete,70.5978,70.5978,100,,official,default,true
430939,Móra d'Ebre,30,Ribera d'Ebre,2022-2025,1200.77,986.71,917.13,21.694317,9.398066,89.8168,90,municipality,gencat_housing_sales_2022_2024_2025,,2026-08-21T21:48:17Z,0.2.0,,,complete,89.8168,89.8168,100,,official,default,true
430944,Móra la Nova,30,Ribera d'Ebre,2022-2025,743.18,,,,,,0,missing,gencat_housing_sales_2022_2024_2025,,2026-08-21T21:48:17Z,0.2.0,insufficient_history,,methodology_pending,0,100,0,,official,default,false
430957,el Morell,36,Tarragonès,2022-2025,1322.61,,,,,,0,missing,gencat_housing_sales_2022_2024_2025,,2026-08-21T21:48:17Z,0.2.0,insufficient_history,,methodology_pending,0,100,0,,official,default,false
430960,la Morera de Montsant,29,Priorat,2022-2025,,,,,,,0,missing,gencat_housing_sales_2022_2024_2025,,2026-08-21T21:48:17Z,0.2.0,insufficient_history,,methodology_pending,0,100,0,,official,default,false
430976,la Nou de Gaià,36,Tarragonès,2022-2025,,,,,,,0,missing,gencat_housing_sales_2022_2024_2025,,2026-08-21T21:48:17Z,0.2.0,insufficient_history,,methodology_pending,0,100,0,,official,default,false
430982,Nulles,01,Alt Camp,2022-2025,,,,,,,0,missing,gencat_housing_sales_2022_2024_2025,,2026-08-21T21:48:17Z,0.2.0,insufficient_history,,methodology_pending,0,100,0,,official,default,false
430995,la Palma d'Ebre,30,Ribera d'Ebre,2022-2025,,,,,,,0,missing,gencat_housing_sales_2022_2024_2025,,2026-08-21T21:48:17Z,0.2.0,insufficient_history,,methodology_pending,0,100,0,,official,default,false
431009,els Pallaresos,36,Tarragonès,2022-2025,1784.58,,,,,,0,missing,gencat_housing_sales_2022_2024_2025,,2026-08-21T21:48:17Z,0.2.0,insufficient_history,,methodology_pending,0,100,0,,official,default,false
431016,Passanant i Belltall,16,Conca de Barberà,2022-2025,,,,,,,0,missing,gencat_housing_sales_2022_2024_2025,,2026-08-21T21:48:17Z,0.2.0,insufficient_history,,methodology_pending,0,100,0,,official,default,false
431021,Paüls,09,Baix Ebre,2022-2025,,,,,,,0,missing,gencat_housing_sales_2022_2024_2025,,2026-08-21T21:48:17Z,0.2.0,insufficient_history,,methodology_pending,0,100,0,,official,default,false
431037,Perafort,36,Tarragonès,2022-2025,,,,,,,0,missing,gencat_housing_sales_2022_2024_2025,,2026-08-21T21:48:17Z,0.2.0,insufficient_history,,methodology_pending,0,100,0,,official,default,false
431042,el Perelló,09,Baix Ebre,2022-2025,1405.61,,,,,,0,missing,gencat_housing_sales_2022_2024_2025,,2026-08-21T21:48:17Z,0.2.0,insufficient_history,,methodology_pending,0,100,0,,official,default,false
431055,les Piles de Gaià,16,Conca de Barberà,2022-2025,,,,,,,0,missing,gencat_housing_sales_2022_2024_2025,,2026-08-21T21:48:17Z,0.2.0,insufficient_history,,methodology_pending,0,100,0,,official,default,false
431068,el Pinell de Brai,37,Terra Alta,2022-2025,,,,,,,0,missing,gencat_housing_sales_2022_2024_2025,,2026-08-21T21:48:17Z,0.2.0,insufficient_history,,methodology_pending,0,100,0,,official,default,false
431074,Pira,16,Conca de Barberà,2022-2025,,,,,,,0,missing,gencat_housing_sales_2022_2024_2025,,2026-08-21T21:48:17Z,0.2.0,insufficient_history,,methodology_pending,0,100,0,,official,default,false
431080,el Pla de Santa Maria,01,Alt Camp,2022-2025,1038.29,,,,,,0,missing,gencat_housing_sales_2022_2024_2025,,2026-08-21T21:48:17Z,0.2.0,insufficient_history,,methodology_pending,0,100,0,,official,default,false
431093,la Pobla de Mafumet,36,Tarragonès,2022-2025,1377.78,,,,,,0,missing,gencat_housing_sales_2022_2024_2025,,2026-08-21T21:48:17Z,0.2.0,insufficient_history,,methodology_pending,0,100,0,,official,default,false
431107,la Pobla de Massaluca,37,Terra Alta,2022-2025,,,,,,,0,missing,gencat_housing_sales_2022_2024_2025,,2026-08-21T21:48:17Z,0.2.0,insufficient_history,,methodology_pending,0,100,0,,official,default,false
431114,la Pobla de Montornès,36,Tarragonès,2022-2025,1581.51,,,,,,0,missing,gencat_housing_sales_2022_2024_2025,,2026-08-21T21:48:17Z,0.2.0,insufficient_history,,methodology_pending,0,100,0,,official,default,false
431129,Poboleda,29,Priorat,2022-2025,,,,,,,0,missing,gencat_housing_sales_2022_2024_2025,,2026-08-21T21:48:17Z,0.2.0,insufficient_history,,methodology_pending,0,100,0,,official,default,false
431135,el Pont d'Armentera,01,Alt Camp,2022-2025,,,,,,,0,missing,gencat_housing_sales_2022_2024_2025,,2026-08-21T21:48:17Z,0.2.0,insufficient_history,,methodology_pending,0,100,0,,official,default,false
431140,Porrera,29,Priorat,2022-2025,,,,,,,0,missing,gencat_housing_sales_2022_2024_2025,,2026-08-21T21:48:17Z,0.2.0,insufficient_history,,methodology_pending,0,100,0,,official,default,false
431153,Pradell de la Teixeta,29,Priorat,2022-2025,,,,,,,0,missing,gencat_housing_sales_2022_2024_2025,,2026-08-21T21:48:17Z,0.2.0,insufficient_history,,methodology_pending,0,100,0,,official,default,false
431166,Prades,08,Baix Camp,2022-2025,,,,,,,0,missing,gencat_housing_sales_2022_2024_2025,,2026-08-21T21:48:17Z,0.2.0,insufficient_history,,methodology_pending,0,100,0,,official,default,false
431172,Prat de Comte,37,Terra Alta,2022-2025,,,,,,,0,missing,gencat_housing_sales_2022_2024_2025,,2026-08-21T21:48:17Z,0.2.0,insufficient_history,,methodology_pending,0,100,0,,official,default,false
431188,Pratdip,08,Baix Camp,2022-2025,,,,,,,0,missing,gencat_housing_sales_2022_2024_2025,,2026-08-21T21:48:17Z,0.2.0,insufficient_history,,methodology_pending,0,100,0,,official,default,false
431191,Puigpelat,01,Alt Camp,2022-2025,,,,,,,0,missing,gencat_housing_sales_2022_2024_2025,,2026-08-21T21:48:17Z,0.2.0,insufficient_history,,methodology_pending,0,100,0,,official,default,false
431205,Querol,01,Alt Camp,2022-2025,,,,,,,0,missing,gencat_housing_sales_2022_2024_2025,,2026-08-21T21:48:17Z,0.2.0,insufficient_history,,methodology_pending,0,100,0,,official,default,false
431212,Rasquera,30,Ribera d'Ebre,2022-2025,,,,,,,0,missing,gencat_housing_sales_2022_2024_2025,,2026-08-21T21:48:17Z,0.2.0,insufficient_history,,methodology_pending,0,100,0,,official,default,false
431227,Renau,36,Tarragonès,2022-2025,,,,,,,0,missing,gencat_housing_sales_2022_2024_2025,,2026-08-21T21:48:17Z,0.2.0,insufficient_history,,methodology_pending,0,100,0,,official,default,false
431233,Reus,08,Baix Camp,2022-2025,1511.46,1409.2,1232.93,7.256599,7.025208,70.3121,90,municipality,gencat_housing_sales_2022_2024_2025,,2026-08-21T21:48:17Z,0.2.0,,,complete,70.3121,70.3121,100,,official,default,true
431248,la Riba,01,Alt Camp,2022-2025,,,,,,,0,missing,gencat_housing_sales_2022_2024_2025,,2026-08-21T21:48:17Z,0.2.0,insufficient_history,,methodology_pending,0,100,0,,official,default,false
431251,Riba-roja d'Ebre,30,Ribera d'Ebre,2022-2025,,,,,,,0,missing,gencat_housing_sales_2022_2024_2025,,2026-08-21T21:48:17Z,0.2.0,insufficient_history,,methodology_pending,0,100,0,,official,default,false
431264,la Riera de Gaià,36,Tarragonès,2022-2025,,,,,,,0,missing,gencat_housing_sales_2022_2024_2025,,2026-08-21T21:48:17Z,0.2.0,insufficient_history,,methodology_pending,0,100,0,,official,default,false
431270,Riudecanyes,08,Baix Camp,2022-2025,,,,,,,0,missing,gencat_housing_sales_2022_2024_2025,,2026-08-21T21:48:17Z,0.2.0,insufficient_history,,methodology_pending,0,100,0,,official,default,false
431286,Riudecols,08,Baix Camp,2022-2025,,,,,,,0,missing,gencat_housing_sales_2022_2024_2025,,2026-08-21T21:48:17Z,0.2.0,insufficient_history,,methodology_pending,0,100,0,,official,default,false
431299,Riudoms,08,Baix Camp,2022-2025,1392.51,1262.82,1301.28,10.269872,2.28435,31.3425,90,municipality,gencat_housing_sales_2022_2024_2025,,2026-08-21T21:48:17Z,0.2.0,,,complete,31.3425,31.3425,100,,official,default,true
431303,Rocafort de Queralt,16,Conca de Barberà,2022-2025,,,,,,,0,missing,gencat_housing_sales_2022_2024_2025,,2026-08-21T21:48:17Z,0.2.0,insufficient_history,,methodology_pending,0,100,0,,official,default,false
431310,Roda de Berà,36,Tarragonès,2022-2025,2158.48,1813.97,1671.03,18.992045,8.906699,85.7778,90,municipality,gencat_housing_sales_2022_2024_2025,,2026-08-21T21:48:17Z,0.2.0,,,complete,85.7778,85.7778,100,,official,default,true
431325,Rodonyà,01,Alt Camp,2022-2025,,,,,,,0,missing,gencat_housing_sales_2022_2024_2025,,2026-08-21T21:48:17Z,0.2.0,insufficient_history,,methodology_pending,0,100,0,,official,default,false
431331,Roquetes,09,Baix Ebre,2022-2025,892.63,700.63,714.7,27.403908,7.691783,75.7913,90,municipality,gencat_housing_sales_2022_2024_2025,,2026-08-21T21:48:17Z,0.2.0,,,complete,75.7913,75.7913,100,,official,default,true
431346,el Rourell,01,Alt Camp,2022-2025,,,,,,,0,missing,gencat_housing_sales_2022_2024_2025,,2026-08-21T21:48:17Z,0.2.0,insufficient_history,,methodology_pending,0,100,0,,official,default,false
431359,Salomó,36,Tarragonès,2022-2025,,,,,,,0,missing,gencat_housing_sales_2022_2024_2025,,2026-08-21T21:48:17Z,0.2.0,insufficient_history,,methodology_pending,0,100,0,,official,default,false
431362,la Ràpita,22,Montsià,2022-2025,1302.6,1229.58,1111.95,5.938613,5.416503,57.0886,90,municipality,gencat_housing_sales_2022_2024_2025,,2026-08-21T21:48:17Z,0.2.0,,,complete,57.0886,57.0886,100,,official,default,true
431378,Sant Jaume dels Domenys,12,Baix Penedès,2022-2025,1236.44,,,,,,0,missing,gencat_housing_sales_2022_2024_2025,,2026-08-21T21:48:17Z,0.2.0,insufficient_history,,methodology_pending,0,100,0,,official,default,false
431384,Santa Bàrbara,22,Montsià,2022-2025,729.06,,,,,,0,missing,gencat_housing_sales_2022_2024_2025,,2026-08-21T21:48:17Z,0.2.0,insufficient_history,,methodology_pending,0,100,0,,official,default,false
431397,Santa Coloma de Queralt,16,Conca de Barberà,2022-2025,851.52,,,,,,0,missing,gencat_housing_sales_2022_2024_2025,,2026-08-21T21:48:17Z,0.2.0,insufficient_history,,methodology_pending,0,100,0,,official,default,false
431401,Santa Oliva,12,Baix Penedès,2022-2025,1519.06,,,,,,0,missing,gencat_housing_sales_2022_2024_2025,,2026-08-21T21:48:17Z,0.2.0,insufficient_history,,methodology_pending,0,100,0,,official,default,false
431418,Pontils,16,Conca de Barberà,2022-2025,,,,,,,0,missing,gencat_housing_sales_2022_2024_2025,,2026-08-21T21:48:17Z,0.2.0,insufficient_history,,methodology_pending,0,100,0,,official,default,false
431423,Sarral,16,Conca de Barberà,2022-2025,,,,,,,0,missing,gencat_housing_sales_2022_2024_2025,,2026-08-21T21:48:17Z,0.2.0,insufficient_history,,methodology_pending,0,100,0,,official,default,false
431439,Savallà del Comtat,16,Conca de Barberà,2022-2025,,,,,,,0,missing,gencat_housing_sales_2022_2024_2025,,2026-08-21T21:48:17Z,0.2.0,insufficient_history,,methodology_pending,0,100,0,,official,default,false
431444,la Secuita,36,Tarragonès,2022-2025,,,,,,,0,missing,gencat_housing_sales_2022_2024_2025,,2026-08-21T21:48:17Z,0.2.0,insufficient_history,,methodology_pending,0,100,0,,official,default,false
431457,la Selva del Camp,08,Baix Camp,2022-2025,1657.84,1249.32,1347.65,32.699388,7.149093,71.3304,90,municipality,gencat_housing_sales_2022_2024_2025,,2026-08-21T21:48:17Z,0.2.0,,,complete,71.3304,71.3304,100,,official,default,true
431460,Senan,16,Conca de Barberà,2022-2025,,,,,,,0,missing,gencat_housing_sales_2022_2024_2025,,2026-08-21T21:48:17Z,0.2.0,insufficient_history,,methodology_pending,0,100,0,,official,default,false
431476,Solivella,16,Conca de Barberà,2022-2025,,,,,,,0,missing,gencat_housing_sales_2022_2024_2025,,2026-08-21T21:48:17Z,0.2.0,insufficient_history,,methodology_pending,0,100,0,,official,default,false
431482,Tarragona,36,Tarragonès,2022-2025,1675.75,1551.45,1466.51,8.01186,4.546155,49.9344,90,municipality,gencat_housing_sales_2022_2024_2025,,2026-08-21T21:48:17Z,0.2.0,,,complete,49.9344,49.9344,100,,official,default,true
431495,Tivenys,09,Baix Ebre,2022-2025,,,,,,,0,missing,gencat_housing_sales_2022_2024_2025,,2026-08-21T21:48:17Z,0.2.0,insufficient_history,,methodology_pending,0,100,0,,official,default,false
431508,Tivissa,30,Ribera d'Ebre,2022-2025,,,,,,,0,missing,gencat_housing_sales_2022_2024_2025,,2026-08-21T21:48:17Z,0.2.0,insufficient_history,,methodology_pending,0,100,0,,official,default,false
431515,la Torre de Fontaubella,29,Priorat,2022-2025,,,,,,,0,missing,gencat_housing_sales_2022_2024_2025,,2026-08-21T21:48:17Z,0.2.0,insufficient_history,,methodology_pending,0,100,0,,official,default,false
431520,la Torre de l'Espanyol,30,Ribera d'Ebre,2022-2025,,,,,,,0,missing,gencat_housing_sales_2022_2024_2025,,2026-08-21T21:48:17Z,0.2.0,insufficient_history,,methodology_pending,0,100,0,,official,default,false
431536,Torredembarra,36,Tarragonès,2022-2025,2260.86,1879.69,1823.2,20.278344,7.435164,73.6819,90,municipality,gencat_housing_sales_2022_2024_2025,,2026-08-21T21:48:17Z,0.2.0,,,complete,73.6819,73.6819,100,,official,default,true
431541,Torroja del Priorat,29,Priorat,2022-2025,,,,,,,0,missing,gencat_housing_sales_2022_2024_2025,,2026-08-21T21:48:17Z,0.2.0,insufficient_history,,methodology_pending,0,100,0,,official,default,false
431554,Tortosa,09,Baix Ebre,2022-2025,861.37,787.09,863.09,9.437294,-0.066472,12.0189,90,municipality,gencat_housing_sales_2022_2024_2025,,2026-08-21T21:48:17Z,0.2.0,,,complete,12.0189,12.0189,100,,official,default,true
431567,Ulldecona,22,Montsià,2022-2025,641.57,560.45,678.18,14.474083,-1.832811,0,90,municipality,gencat_housing_sales_2022_2024_2025,,2026-08-21T21:48:17Z,0.2.0,,,complete,0,0,100,,official,default,true
431573,Ulldemolins,29,Priorat,2022-2025,,,,,,,0,missing,gencat_housing_sales_2022_2024_2025,,2026-08-21T21:48:17Z,0.2.0,insufficient_history,,methodology_pending,0,100,0,,official,default,false
431589,Vallclara,16,Conca de Barberà,2022-2025,,,,,,,0,missing,gencat_housing_sales_2022_2024_2025,,2026-08-21T21:48:17Z,0.2.0,insufficient_history,,methodology_pending,0,100,0,,official,default,false
431592,Vallfogona de Riucorb,16,Conca de Barberà,2022-2025,,,,,,,0,missing,gencat_housing_sales_2022_2024_2025,,2026-08-21T21:48:17Z,0.2.0,insufficient_history,,methodology_pending,0,100,0,,official,default,false
431606,Vallmoll,01,Alt Camp,2022-2025,,,,,,,0,missing,gencat_housing_sales_2022_2024_2025,,2026-08-21T21:48:17Z,0.2.0,insufficient_history,,methodology_pending,0,100,0,,official,default,false
431613,Valls,01,Alt Camp,2022-2025,1177.82,1183.26,1271.98,-0.459747,-2.531067,0,90,municipality,gencat_housing_sales_2022_2024_2025,,2026-08-21T21:48:17Z,0.2.0,,,complete,0,0,100,,official,default,true
431628,Vandellòs i l'Hospitalet de l'Infant,08,Baix Camp,2022-2025,2220.62,1945.77,1829.23,14.125513,6.676472,67.4455,90,municipality,gencat_housing_sales_2022_2024_2025,,2026-08-21T21:48:17Z,0.2.0,,,complete,67.4455,67.4455,100,,official,default,true
431634,el Vendrell,12,Baix Penedès,2022-2025,1794.83,1724.99,1617.02,4.048719,3.538685,41.6531,90,municipality,gencat_housing_sales_2022_2024_2025,,2026-08-21T21:48:17Z,0.2.0,,,complete,41.6531,41.6531,100,,official,default,true
431649,Vespella de Gaià,36,Tarragonès,2022-2025,,,,,,,0,missing,gencat_housing_sales_2022_2024_2025,,2026-08-21T21:48:17Z,0.2.0,insufficient_history,,methodology_pending,0,100,0,,official,default,false
431652,Vilabella,01,Alt Camp,2022-2025,,,,,,,0,missing,gencat_housing_sales_2022_2024_2025,,2026-08-21T21:48:17Z,0.2.0,insufficient_history,,methodology_pending,0,100,0,,official,default,false
431665,Vilallonga del Camp,36,Tarragonès,2022-2025,1680.13,,,,,,0,missing,gencat_housing_sales_2022_2024_2025,,2026-08-21T21:48:17Z,0.2.0,insufficient_history,,methodology_pending,0,100,0,,official,default,false
431671,Vilanova d'Escornalbou,08,Baix Camp,2022-2025,,,,,,,0,missing,gencat_housing_sales_2022_2024_2025,,2026-08-21T21:48:17Z,0.2.0,insufficient_history,,methodology_pending,0,100,0,,official,default,false
431687,Vilanova de Prades,16,Conca de Barberà,2022-2025,,,,,,,0,missing,gencat_housing_sales_2022_2024_2025,,2026-08-21T21:48:17Z,0.2.0,insufficient_history,,methodology_pending,0,100,0,,official,default,false
431690,Vilaplana,08,Baix Camp,2022-2025,,,,,,,0,missing,gencat_housing_sales_2022_2024_2025,,2026-08-21T21:48:17Z,0.2.0,insufficient_history,,methodology_pending,0,100,0,,official,default,false
431704,Vila-rodona,01,Alt Camp,2022-2025,,,,,,,0,missing,gencat_housing_sales_2022_2024_2025,,2026-08-21T21:48:17Z,0.2.0,insufficient_history,,methodology_pending,0,100,0,,official,default,false
431711,Vila-seca,36,Tarragonès,2022-2025,2510.54,2502.86,2324.21,0.306849,2.603914,33.9693,90,municipality,gencat_housing_sales_2022_2024_2025,,2026-08-21T21:48:17Z,0.2.0,,,complete,33.9693,33.9693,100,,official,default,true
431726,Vilaverd,16,Conca de Barberà,2022-2025,,,,,,,0,missing,gencat_housing_sales_2022_2024_2025,,2026-08-21T21:48:17Z,0.2.0,insufficient_history,,methodology_pending,0,100,0,,official,default,false
431732,la Vilella Alta,29,Priorat,2022-2025,,,,,,,0,missing,gencat_housing_sales_2022_2024_2025,,2026-08-21T21:48:17Z,0.2.0,insufficient_history,,methodology_pending,0,100,0,,official,default,false
431747,la Vilella Baixa,29,Priorat,2022-2025,,,,,,,0,missing,gencat_housing_sales_2022_2024_2025,,2026-08-21T21:48:17Z,0.2.0,insufficient_history,,methodology_pending,0,100,0,,official,default,false
431750,Vilalba dels Arcs,37,Terra Alta,2022-2025,,,,,,,0,missing,gencat_housing_sales_2022_2024_2025,,2026-08-21T21:48:17Z,0.2.0,insufficient_history,,methodology_pending,0,100,0,,official,default,false
431763,Vimbodí i Poblet,16,Conca de Barberà,2022-2025,,,,,,,0,missing,gencat_housing_sales_2022_2024_2025,,2026-08-21T21:48:17Z,0.2.0,insufficient_history,,methodology_pending,0,100,0,,official,default,false
431779,Vinebre,30,Ribera d'Ebre,2022-2025,,,,,,,0,missing,gencat_housing_sales_2022_2024_2025,,2026-08-21T21:48:17Z,0.2.0,insufficient_history,,methodology_pending,0,100,0,,official,default,false
431785,Vinyols i els Arcs,08,Baix Camp,2022-2025,2107.88,,,,,,0,missing,gencat_housing_sales_2022_2024_2025,,2026-08-21T21:48:17Z,0.2.0,insufficient_history,,methodology_pending,0,100,0,,official,default,false
439018,Deltebre,09,Baix Ebre,2022-2025,1025.48,982.23,941.87,4.403246,2.875528,36.202,90,municipality,gencat_housing_sales_2022_2024_2025,,2026-08-21T21:48:17Z,0.2.0,,,complete,36.202,36.202,100,,official,default,true
439023,Sant Jaume d'Enveja,22,Montsià,2022-2025,812.04,,,,,,0,missing,gencat_housing_sales_2022_2024_2025,,2026-08-21T21:48:17Z,0.2.0,insufficient_history,,methodology_pending,0,100,0,,official,default,false
439039,Camarles,09,Baix Ebre,2022-2025,749.77,,,,,,0,missing,gencat_housing_sales_2022_2024_2025,,2026-08-21T21:48:17Z,0.2.0,insufficient_history,,methodology_pending,0,100,0,,official,default,false
439044,l'Aldea,09,Baix Ebre,2022-2025,653.57,,,,,,0,missing,gencat_housing_sales_2022_2024_2025,,2026-08-21T21:48:17Z,0.2.0,insufficient_history,,methodology_pending,0,100,0,,official,default,false
439057,Salou,36,Tarragonès,2022-2025,2552.82,2295.52,2017.08,11.208789,8.168056,79.7062,90,municipality,gencat_housing_sales_2022_2024_2025,,2026-08-21T21:48:17Z,0.2.0,,,complete,79.7062,79.7062,100,,official,default,true
439060,l'Ampolla,09,Baix Ebre,2022-2025,1996.89,,,,,,0,missing,gencat_housing_sales_2022_2024_2025,,2026-08-21T21:48:17Z,0.2.0,insufficient_history,,methodology_pending,0,100,0,,official,default,false
439076,la Canonja,36,Tarragonès,2022-2025,,0,0,,,,0,missing,gencat_housing_sales_2022_2024_2025,,2026-08-21T21:48:17Z,0.2.0,insufficient_history,,methodology_pending,0,100,0,,official,default,false
