municipality_code,municipality_name,comarca_code,comarca_name,reference_period,rental_contracts,avg_monthly_rent_eur,score_0_100,confidence_0_100,data_scope,source_id,source_updated_at,retrieved_at,method_version,missing_reason,notes,score_status,score_min_0_100,score_max_0_100,coverage_weight_pct,rank_stability_0_100,source_tier,method_variant,usable_for_composite
080018,Abrera,11,Baix Llobregat,2025,117,792.52,54.67,100,municipality,gencat_incasol_qww9-bvhh,,2026-08-21T21:48:17Z,0.2.0,,,complete,54.67,54.67,100,,official,default,true
080023,Aguilar de Segarra,07,Bages,2025,1,,,0,missing,gencat_incasol_qww9-bvhh,,2026-08-21T21:48:17Z,0.2.0,suppressed,,engineering_pending,0,100,0,,official,default,false
080039,Alella,21,Maresme,2025,94,1464.66,100,100,municipality,gencat_incasol_qww9-bvhh,,2026-08-21T21:48:17Z,0.2.0,,,complete,100,100,100,,official,default,true
080044,Alpens,43,Lluçanès,2025,4,,,0,missing,gencat_incasol_qww9-bvhh,,2026-08-21T21:48:17Z,0.2.0,suppressed,,engineering_pending,0,100,0,,official,default,false
080057,l'Ametlla del Vallès,41,Vallès Oriental,2025,56,1016.48,86.9683,100,municipality,gencat_incasol_qww9-bvhh,,2026-08-21T21:48:17Z,0.2.0,,,complete,86.9683,86.9683,100,,official,default,true
080060,Arenys de Mar,21,Maresme,2025,228,848.29,62.7129,100,municipality,gencat_incasol_qww9-bvhh,,2026-08-21T21:48:17Z,0.2.0,,,complete,62.7129,62.7129,100,,official,default,true
080076,Arenys de Munt,21,Maresme,2025,119,813.24,57.6582,100,municipality,gencat_incasol_qww9-bvhh,,2026-08-21T21:48:17Z,0.2.0,,,complete,57.6582,57.6582,100,,official,default,true
080082,Argençola,06,Anoia,2025,1,,,0,missing,gencat_incasol_qww9-bvhh,,2026-08-21T21:48:17Z,0.2.0,suppressed,,engineering_pending,0,100,0,,official,default,false
080095,Argentona,21,Maresme,2025,119,909.18,71.4941,100,municipality,gencat_incasol_qww9-bvhh,,2026-08-21T21:48:17Z,0.2.0,,,complete,71.4941,71.4941,100,,official,default,true
080109,Artés,07,Bages,2025,80,513.68,14.4572,100,municipality,gencat_incasol_qww9-bvhh,,2026-08-21T21:48:17Z,0.2.0,,,complete,14.4572,14.4572,100,,official,default,true
080116,Avià,14,Berguedà,2025,37,610.3,28.3912,100,municipality,gencat_incasol_qww9-bvhh,,2026-08-21T21:48:17Z,0.2.0,,,complete,28.3912,28.3912,100,,official,default,true
080121,Avinyó,07,Bages,2025,20,581.72,24.2696,100,municipality,gencat_incasol_qww9-bvhh,,2026-08-21T21:48:17Z,0.2.0,,,complete,24.2696,24.2696,100,,official,default,true
080137,Avinyonet del Penedès,03,Alt Penedès,2025,18,912.93,72.0349,100,municipality,gencat_incasol_qww9-bvhh,,2026-08-21T21:48:17Z,0.2.0,,,complete,72.0349,72.0349,100,,official,default,true
080142,Aiguafreda,24,Osona,2025,57,696.11,40.7663,100,municipality,gencat_incasol_qww9-bvhh,,2026-08-21T21:48:17Z,0.2.0,,,complete,40.7663,40.7663,100,,official,default,true
080155,Badalona,13,Barcelonès,2025,2577,964.67,79.4966,100,municipality,gencat_incasol_qww9-bvhh,,2026-08-21T21:48:17Z,0.2.0,,,complete,79.4966,79.4966,100,,official,default,true
080168,Bagà,14,Berguedà,2025,19,490.39,11.0985,100,municipality,gencat_incasol_qww9-bvhh,,2026-08-21T21:48:17Z,0.2.0,,,complete,11.0985,11.0985,100,,official,default,true
080174,Balenyà,24,Osona,2025,43,565.73,21.9636,100,municipality,gencat_incasol_qww9-bvhh,,2026-08-21T21:48:17Z,0.2.0,,,complete,21.9636,21.9636,100,,official,default,true
080180,Balsareny,07,Bages,2025,37,532.39,17.1555,100,municipality,gencat_incasol_qww9-bvhh,,2026-08-21T21:48:17Z,0.2.0,,,complete,17.1555,17.1555,100,,official,default,true
080193,Barcelona,13,Barcelonès,2025,30789,1134.61,100,100,municipality,gencat_incasol_qww9-bvhh,,2026-08-21T21:48:17Z,0.2.0,,,complete,100,100,100,,official,default,true
080207,Begues,11,Baix Llobregat,2025,75,1229.56,100,100,municipality,gencat_incasol_qww9-bvhh,,2026-08-21T21:48:17Z,0.2.0,,,complete,100,100,100,,official,default,true
080214,Bellprat,06,Anoia,2025,1,,,0,missing,gencat_incasol_qww9-bvhh,,2026-08-21T21:48:17Z,0.2.0,suppressed,,engineering_pending,0,100,0,,official,default,false
080229,Berga,14,Berguedà,2025,324,459.15,6.5932,100,municipality,gencat_incasol_qww9-bvhh,,2026-08-21T21:48:17Z,0.2.0,,,complete,6.5932,6.5932,100,,official,default,true
080235,Bigues i Riells del Fai,41,Vallès Oriental,2025,65,843.32,61.9961,100,municipality,gencat_incasol_qww9-bvhh,,2026-08-21T21:48:17Z,0.2.0,,,complete,61.9961,61.9961,100,,official,default,true
080240,Borredà,14,Berguedà,2025,18,371.39,0,100,municipality,gencat_incasol_qww9-bvhh,,2026-08-21T21:48:17Z,0.2.0,,,complete,0,0,100,,official,default,true
080253,el Bruc,06,Anoia,2025,19,719.25,44.1034,100,municipality,gencat_incasol_qww9-bvhh,,2026-08-21T21:48:17Z,0.2.0,,,complete,44.1034,44.1034,100,,official,default,true
080266,el Brull,24,Osona,2025,,,,0,missing,gencat_incasol_qww9-bvhh,,2026-08-21T21:48:17Z,0.2.0,not_published,,engineering_pending,0,100,0,,official,default,false
080272,les Cabanyes,03,Alt Penedès,2025,5,,,0,missing,gencat_incasol_qww9-bvhh,,2026-08-21T21:48:17Z,0.2.0,suppressed,,engineering_pending,0,100,0,,official,default,false
080288,Cabrera d'Anoia,06,Anoia,2025,3,,,0,missing,gencat_incasol_qww9-bvhh,,2026-08-21T21:48:17Z,0.2.0,suppressed,,engineering_pending,0,100,0,,official,default,false
080291,Cabrera de Mar,21,Maresme,2025,78,1326.8,100,100,municipality,gencat_incasol_qww9-bvhh,,2026-08-21T21:48:17Z,0.2.0,,,complete,100,100,100,,official,default,true
080305,Cabrils,21,Maresme,2025,67,1400.49,100,100,municipality,gencat_incasol_qww9-bvhh,,2026-08-21T21:48:17Z,0.2.0,,,complete,100,100,100,,official,default,true
080312,Calaf,06,Anoia,2025,56,474.41,8.7939,100,municipality,gencat_incasol_qww9-bvhh,,2026-08-21T21:48:17Z,0.2.0,,,complete,8.7939,8.7939,100,,official,default,true
080327,Caldes d'Estrac,21,Maresme,2025,41,1130.47,100,100,municipality,gencat_incasol_qww9-bvhh,,2026-08-21T21:48:17Z,0.2.0,,,complete,100,100,100,,official,default,true
080333,Caldes de Montbui,41,Vallès Oriental,2025,292,789.72,54.2662,100,municipality,gencat_incasol_qww9-bvhh,,2026-08-21T21:48:17Z,0.2.0,,,complete,54.2662,54.2662,100,,official,default,true
080348,Calders,42,Moianès,2025,9,673.11,37.4494,100,municipality,gencat_incasol_qww9-bvhh,,2026-08-21T21:48:17Z,0.2.0,,,complete,37.4494,37.4494,100,,official,default,true
080351,Calella,21,Maresme,2025,322,692.35,40.2241,100,municipality,gencat_incasol_qww9-bvhh,,2026-08-21T21:48:17Z,0.2.0,,,complete,40.2241,40.2241,100,,official,default,true
080364,Calonge de Segarra,06,Anoia,2025,2,,,0,missing,gencat_incasol_qww9-bvhh,,2026-08-21T21:48:17Z,0.2.0,suppressed,,engineering_pending,0,100,0,,official,default,false
080370,Calldetenes,24,Osona,2025,28,666.94,36.5596,100,municipality,gencat_incasol_qww9-bvhh,,2026-08-21T21:48:17Z,0.2.0,,,complete,36.5596,36.5596,100,,official,default,true
080386,Callús,07,Bages,2025,33,521.83,15.6326,100,municipality,gencat_incasol_qww9-bvhh,,2026-08-21T21:48:17Z,0.2.0,,,complete,15.6326,15.6326,100,,official,default,true
080399,Campins,41,Vallès Oriental,2025,15,803.33,56.229,100,municipality,gencat_incasol_qww9-bvhh,,2026-08-21T21:48:17Z,0.2.0,,,complete,56.229,56.229,100,,official,default,true
080403,Canet de Mar,21,Maresme,2025,230,761.42,50.185,100,municipality,gencat_incasol_qww9-bvhh,,2026-08-21T21:48:17Z,0.2.0,,,complete,50.185,50.185,100,,official,default,true
080410,Canovelles,41,Vallès Oriental,2025,112,635.08,31.9649,100,municipality,gencat_incasol_qww9-bvhh,,2026-08-21T21:48:17Z,0.2.0,,,complete,31.9649,31.9649,100,,official,default,true
080425,Cànoves i Samalús,41,Vallès Oriental,2025,34,923.29,73.529,100,municipality,gencat_incasol_qww9-bvhh,,2026-08-21T21:48:17Z,0.2.0,,,complete,73.529,73.529,100,,official,default,true
080431,Canyelles,17,Garraf,2025,18,791.4,54.5085,100,municipality,gencat_incasol_qww9-bvhh,,2026-08-21T21:48:17Z,0.2.0,,,complete,54.5085,54.5085,100,,official,default,true
080446,Capellades,06,Anoia,2025,70,555.99,20.5589,100,municipality,gencat_incasol_qww9-bvhh,,2026-08-21T21:48:17Z,0.2.0,,,complete,20.5589,20.5589,100,,official,default,true
080459,Capolat,14,Berguedà,2025,,,,0,missing,gencat_incasol_qww9-bvhh,,2026-08-21T21:48:17Z,0.2.0,not_published,,engineering_pending,0,100,0,,official,default,false
080462,Cardedeu,41,Vallès Oriental,2025,297,887.44,68.3589,100,municipality,gencat_incasol_qww9-bvhh,,2026-08-21T21:48:17Z,0.2.0,,,complete,68.3589,68.3589,100,,official,default,true
080478,Cardona,07,Bages,2025,62,397.17,0,100,municipality,gencat_incasol_qww9-bvhh,,2026-08-21T21:48:17Z,0.2.0,,,complete,0,0,100,,official,default,true
080484,Carme,06,Anoia,2025,10,567.8,22.2621,100,municipality,gencat_incasol_qww9-bvhh,,2026-08-21T21:48:17Z,0.2.0,,,complete,22.2621,22.2621,100,,official,default,true
080497,Casserres,14,Berguedà,2025,33,533.59,17.3285,100,municipality,gencat_incasol_qww9-bvhh,,2026-08-21T21:48:17Z,0.2.0,,,complete,17.3285,17.3285,100,,official,default,true
080500,Castellar del Riu,14,Berguedà,2025,1,,,0,missing,gencat_incasol_qww9-bvhh,,2026-08-21T21:48:17Z,0.2.0,suppressed,,engineering_pending,0,100,0,,official,default,false
080517,Castellar del Vallès,40,Vallès Occidental,2025,187,849.86,62.9393,100,municipality,gencat_incasol_qww9-bvhh,,2026-08-21T21:48:17Z,0.2.0,,,complete,62.9393,62.9393,100,,official,default,true
080522,Castellar de n'Hug,14,Berguedà,2025,3,,,0,missing,gencat_incasol_qww9-bvhh,,2026-08-21T21:48:17Z,0.2.0,suppressed,,engineering_pending,0,100,0,,official,default,false
080538,Castellbell i el Vilar,07,Bages,2025,38,611.52,28.5672,100,municipality,gencat_incasol_qww9-bvhh,,2026-08-21T21:48:17Z,0.2.0,,,complete,28.5672,28.5672,100,,official,default,true
080543,Castellbisbal,40,Vallès Occidental,2025,109,816.18,58.0821,100,municipality,gencat_incasol_qww9-bvhh,,2026-08-21T21:48:17Z,0.2.0,,,complete,58.0821,58.0821,100,,official,default,true
080556,Castellcir,42,Moianès,2025,11,838.82,61.3472,100,municipality,gencat_incasol_qww9-bvhh,,2026-08-21T21:48:17Z,0.2.0,,,complete,61.3472,61.3472,100,,official,default,true
080569,Castelldefels,11,Baix Llobregat,2025,952,1139.01,100,100,municipality,gencat_incasol_qww9-bvhh,,2026-08-21T21:48:17Z,0.2.0,,,complete,100,100,100,,official,default,true
080575,Castell de l'Areny,14,Berguedà,2025,2,,,0,missing,gencat_incasol_qww9-bvhh,,2026-08-21T21:48:17Z,0.2.0,suppressed,,engineering_pending,0,100,0,,official,default,false
080581,Castellet i la Gornal,03,Alt Penedès,2025,15,866.5,65.339,100,municipality,gencat_incasol_qww9-bvhh,,2026-08-21T21:48:17Z,0.2.0,,,complete,65.339,65.339,100,,official,default,true
080594,Castellfollit del Boix,07,Bages,2025,3,,,0,missing,gencat_incasol_qww9-bvhh,,2026-08-21T21:48:17Z,0.2.0,suppressed,,engineering_pending,0,100,0,,official,default,false
080608,Castellfollit de Riubregós,06,Anoia,2025,,,,0,missing,gencat_incasol_qww9-bvhh,,2026-08-21T21:48:17Z,0.2.0,not_published,,engineering_pending,0,100,0,,official,default,false
080615,Castellgalí,07,Bages,2025,19,576.52,23.5197,100,municipality,gencat_incasol_qww9-bvhh,,2026-08-21T21:48:17Z,0.2.0,,,complete,23.5197,23.5197,100,,official,default,true
080620,Castellnou de Bages,07,Bages,2025,1,,,0,missing,gencat_incasol_qww9-bvhh,,2026-08-21T21:48:17Z,0.2.0,suppressed,,engineering_pending,0,100,0,,official,default,false
080636,Castellolí,06,Anoia,2025,5,,,0,missing,gencat_incasol_qww9-bvhh,,2026-08-21T21:48:17Z,0.2.0,suppressed,,engineering_pending,0,100,0,,official,default,false
080641,Castellterçol,42,Moianès,2025,60,623.15,30.2444,100,municipality,gencat_incasol_qww9-bvhh,,2026-08-21T21:48:17Z,0.2.0,,,complete,30.2444,30.2444,100,,official,default,true
080654,Castellví de la Marca,03,Alt Penedès,2025,14,734,46.2306,100,municipality,gencat_incasol_qww9-bvhh,,2026-08-21T21:48:17Z,0.2.0,,,complete,46.2306,46.2306,100,,official,default,true
080667,Castellví de Rosanes,11,Baix Llobregat,2025,15,909.33,71.5157,100,municipality,gencat_incasol_qww9-bvhh,,2026-08-21T21:48:17Z,0.2.0,,,complete,71.5157,71.5157,100,,official,default,true
080673,Centelles,24,Osona,2025,104,628.75,31.052,100,municipality,gencat_incasol_qww9-bvhh,,2026-08-21T21:48:17Z,0.2.0,,,complete,31.052,31.052,100,,official,default,true
080689,Cervelló,11,Baix Llobregat,2025,64,941.43,76.145,100,municipality,gencat_incasol_qww9-bvhh,,2026-08-21T21:48:17Z,0.2.0,,,complete,76.145,76.145,100,,official,default,true
080692,Collbató,11,Baix Llobregat,2025,30,1056.41,92.7268,100,municipality,gencat_incasol_qww9-bvhh,,2026-08-21T21:48:17Z,0.2.0,,,complete,92.7268,92.7268,100,,official,default,true
080706,Collsuspina,42,Moianès,2025,1,,,0,missing,gencat_incasol_qww9-bvhh,,2026-08-21T21:48:17Z,0.2.0,suppressed,,engineering_pending,0,100,0,,official,default,false
080713,Copons,06,Anoia,2025,4,,,0,missing,gencat_incasol_qww9-bvhh,,2026-08-21T21:48:17Z,0.2.0,suppressed,,engineering_pending,0,100,0,,official,default,false
080728,Corbera de Llobregat,11,Baix Llobregat,2025,134,837.78,61.1972,100,municipality,gencat_incasol_qww9-bvhh,,2026-08-21T21:48:17Z,0.2.0,,,complete,61.1972,61.1972,100,,official,default,true
080734,Cornellà de Llobregat,11,Baix Llobregat,2025,1105,792.74,54.7018,100,municipality,gencat_incasol_qww9-bvhh,,2026-08-21T21:48:17Z,0.2.0,,,complete,54.7018,54.7018,100,,official,default,true
080749,Cubelles,17,Garraf,2025,348,681.84,38.7084,100,municipality,gencat_incasol_qww9-bvhh,,2026-08-21T21:48:17Z,0.2.0,,,complete,38.7084,38.7084,100,,official,default,true
080752,Dosrius,21,Maresme,2025,49,1006.69,85.5565,100,municipality,gencat_incasol_qww9-bvhh,,2026-08-21T21:48:17Z,0.2.0,,,complete,85.5565,85.5565,100,,official,default,true
080765,Esparreguera,11,Baix Llobregat,2025,246,723.53,44.7207,100,municipality,gencat_incasol_qww9-bvhh,,2026-08-21T21:48:17Z,0.2.0,,,complete,44.7207,44.7207,100,,official,default,true
080771,Esplugues de Llobregat,11,Baix Llobregat,2025,614,1390.25,100,100,municipality,gencat_incasol_qww9-bvhh,,2026-08-21T21:48:17Z,0.2.0,,,complete,100,100,100,,official,default,true
080787,l'Espunyola,14,Berguedà,2025,4,,,0,missing,gencat_incasol_qww9-bvhh,,2026-08-21T21:48:17Z,0.2.0,suppressed,,engineering_pending,0,100,0,,official,default,false
080790,l'Estany,42,Moianès,2025,4,,,0,missing,gencat_incasol_qww9-bvhh,,2026-08-21T21:48:17Z,0.2.0,suppressed,,engineering_pending,0,100,0,,official,default,false
080804,Fígols,14,Berguedà,2025,,,,0,missing,gencat_incasol_qww9-bvhh,,2026-08-21T21:48:17Z,0.2.0,not_published,,engineering_pending,0,100,0,,official,default,false
080811,Fogars de Montclús,41,Vallès Oriental,2025,8,771.88,51.6934,100,municipality,gencat_incasol_qww9-bvhh,,2026-08-21T21:48:17Z,0.2.0,,,complete,51.6934,51.6934,100,,official,default,true
080826,Fogars de la Selva,34,Selva,2025,1,,,0,missing,gencat_incasol_qww9-bvhh,,2026-08-21T21:48:17Z,0.2.0,suppressed,,engineering_pending,0,100,0,,official,default,false
080832,Folgueroles,24,Osona,2025,42,651.27,34.2997,100,municipality,gencat_incasol_qww9-bvhh,,2026-08-21T21:48:17Z,0.2.0,,,complete,34.2997,34.2997,100,,official,default,true
080847,Fonollosa,07,Bages,2025,5,,,0,missing,gencat_incasol_qww9-bvhh,,2026-08-21T21:48:17Z,0.2.0,suppressed,,engineering_pending,0,100,0,,official,default,false
080850,Font-rubí,03,Alt Penedès,2025,7,616.04,29.219,100,municipality,gencat_incasol_qww9-bvhh,,2026-08-21T21:48:17Z,0.2.0,,,complete,29.219,29.219,100,,official,default,true
080863,les Franqueses del Vallès,41,Vallès Oriental,2025,240,714.22,43.378,100,municipality,gencat_incasol_qww9-bvhh,,2026-08-21T21:48:17Z,0.2.0,,,complete,43.378,43.378,100,,official,default,true
080879,Gallifa,40,Vallès Occidental,2025,,,,0,missing,gencat_incasol_qww9-bvhh,,2026-08-21T21:48:17Z,0.2.0,not_published,,engineering_pending,0,100,0,,official,default,false
080885,la Garriga,41,Vallès Oriental,2025,319,870.02,65.8467,100,municipality,gencat_incasol_qww9-bvhh,,2026-08-21T21:48:17Z,0.2.0,,,complete,65.8467,65.8467,100,,official,default,true
080898,Gavà,11,Baix Llobregat,2025,458,1087.61,97.2263,100,municipality,gencat_incasol_qww9-bvhh,,2026-08-21T21:48:17Z,0.2.0,,,complete,97.2263,97.2263,100,,official,default,true
080902,Gaià,07,Bages,2025,,,,0,missing,gencat_incasol_qww9-bvhh,,2026-08-21T21:48:17Z,0.2.0,not_published,,engineering_pending,0,100,0,,official,default,false
080919,Gelida,03,Alt Penedès,2025,129,665.61,36.3678,100,municipality,gencat_incasol_qww9-bvhh,,2026-08-21T21:48:17Z,0.2.0,,,complete,36.3678,36.3678,100,,official,default,true
080924,Gironella,14,Berguedà,2025,116,440.54,3.9094,100,municipality,gencat_incasol_qww9-bvhh,,2026-08-21T21:48:17Z,0.2.0,,,complete,3.9094,3.9094,100,,official,default,true
080930,Gisclareny,14,Berguedà,2025,,,,0,missing,gencat_incasol_qww9-bvhh,,2026-08-21T21:48:17Z,0.2.0,not_published,,engineering_pending,0,100,0,,official,default,false
080945,la Granada,03,Alt Penedès,2025,19,719.86,44.1914,100,municipality,gencat_incasol_qww9-bvhh,,2026-08-21T21:48:17Z,0.2.0,,,complete,44.1914,44.1914,100,,official,default,true
080958,Granera,42,Moianès,2025,1,,,0,missing,gencat_incasol_qww9-bvhh,,2026-08-21T21:48:17Z,0.2.0,suppressed,,engineering_pending,0,100,0,,official,default,false
080961,Granollers,41,Vallès Oriental,2025,902,787.85,53.9965,100,municipality,gencat_incasol_qww9-bvhh,,2026-08-21T21:48:17Z,0.2.0,,,complete,53.9965,53.9965,100,,official,default,true
080977,Gualba,41,Vallès Oriental,2025,19,766.84,50.9666,100,municipality,gencat_incasol_qww9-bvhh,,2026-08-21T21:48:17Z,0.2.0,,,complete,50.9666,50.9666,100,,official,default,true
080983,Sant Salvador de Guardiola,07,Bages,2025,5,,,0,missing,gencat_incasol_qww9-bvhh,,2026-08-21T21:48:17Z,0.2.0,suppressed,,engineering_pending,0,100,0,,official,default,false
080996,Guardiola de Berguedà,14,Berguedà,2025,16,438.44,3.6065,100,municipality,gencat_incasol_qww9-bvhh,,2026-08-21T21:48:17Z,0.2.0,,,complete,3.6065,3.6065,100,,official,default,true
081000,Gurb,24,Osona,2025,13,888.08,68.4512,100,municipality,gencat_incasol_qww9-bvhh,,2026-08-21T21:48:17Z,0.2.0,,,complete,68.4512,68.4512,100,,official,default,true
081017,l'Hospitalet de Llobregat,13,Barcelonès,2025,3351,839.91,61.5044,100,municipality,gencat_incasol_qww9-bvhh,,2026-08-21T21:48:17Z,0.2.0,,,complete,61.5044,61.5044,100,,official,default,true
081022,Igualada,06,Anoia,2025,638,572,22.8678,100,municipality,gencat_incasol_qww9-bvhh,,2026-08-21T21:48:17Z,0.2.0,,,complete,22.8678,22.8678,100,,official,default,true
081038,Jorba,06,Anoia,2025,7,863.57,64.9165,100,municipality,gencat_incasol_qww9-bvhh,,2026-08-21T21:48:17Z,0.2.0,,,complete,64.9165,64.9165,100,,official,default,true
081043,la Llacuna,06,Anoia,2025,31,531.08,16.9666,100,municipality,gencat_incasol_qww9-bvhh,,2026-08-21T21:48:17Z,0.2.0,,,complete,16.9666,16.9666,100,,official,default,true
081056,la Llagosta,41,Vallès Oriental,2025,123,701.68,41.5696,100,municipality,gencat_incasol_qww9-bvhh,,2026-08-21T21:48:17Z,0.2.0,,,complete,41.5696,41.5696,100,,official,default,true
081069,Llinars del Vallès,41,Vallès Oriental,2025,161,789.19,54.1898,100,municipality,gencat_incasol_qww9-bvhh,,2026-08-21T21:48:17Z,0.2.0,,,complete,54.1898,54.1898,100,,official,default,true
081075,Lliçà d'Amunt,41,Vallès Oriental,2025,65,841.66,61.7567,100,municipality,gencat_incasol_qww9-bvhh,,2026-08-21T21:48:17Z,0.2.0,,,complete,61.7567,61.7567,100,,official,default,true
081081,Lliçà de Vall,41,Vallès Oriental,2025,31,998.6,84.3898,100,municipality,gencat_incasol_qww9-bvhh,,2026-08-21T21:48:17Z,0.2.0,,,complete,84.3898,84.3898,100,,official,default,true
081094,Lluçà,43,Lluçanès,2025,3,,,0,missing,gencat_incasol_qww9-bvhh,,2026-08-21T21:48:17Z,0.2.0,suppressed,,engineering_pending,0,100,0,,official,default,false
081108,Malgrat de Mar,21,Maresme,2025,197,663.79,36.1053,100,municipality,gencat_incasol_qww9-bvhh,,2026-08-21T21:48:17Z,0.2.0,,,complete,36.1053,36.1053,100,,official,default,true
081115,Malla,24,Osona,2025,2,,,0,missing,gencat_incasol_qww9-bvhh,,2026-08-21T21:48:17Z,0.2.0,suppressed,,engineering_pending,0,100,0,,official,default,false
081120,Manlleu,24,Osona,2025,207,515.37,14.7009,100,municipality,gencat_incasol_qww9-bvhh,,2026-08-21T21:48:17Z,0.2.0,,,complete,14.7009,14.7009,100,,official,default,true
081136,Manresa,07,Bages,2025,1468,584.65,24.6921,100,municipality,gencat_incasol_qww9-bvhh,,2026-08-21T21:48:17Z,0.2.0,,,complete,24.6921,24.6921,100,,official,default,true
081141,Martorell,11,Baix Llobregat,2025,316,786.91,53.861,100,municipality,gencat_incasol_qww9-bvhh,,2026-08-21T21:48:17Z,0.2.0,,,complete,53.861,53.861,100,,official,default,true
081154,Martorelles,41,Vallès Oriental,2025,48,796.74,55.2786,100,municipality,gencat_incasol_qww9-bvhh,,2026-08-21T21:48:17Z,0.2.0,,,complete,55.2786,55.2786,100,,official,default,true
081167,les Masies de Roda,24,Osona,2025,2,,,0,missing,gencat_incasol_qww9-bvhh,,2026-08-21T21:48:17Z,0.2.0,suppressed,,engineering_pending,0,100,0,,official,default,false
081173,les Masies de Voltregà,24,Osona,2025,26,637.59,32.3269,100,municipality,gencat_incasol_qww9-bvhh,,2026-08-21T21:48:17Z,0.2.0,,,complete,32.3269,32.3269,100,,official,default,true
081189,el Masnou,21,Maresme,2025,364,1036.7,89.8844,100,municipality,gencat_incasol_qww9-bvhh,,2026-08-21T21:48:17Z,0.2.0,,,complete,89.8844,89.8844,100,,official,default,true
081192,Masquefa,06,Anoia,2025,70,687.03,39.4568,100,municipality,gencat_incasol_qww9-bvhh,,2026-08-21T21:48:17Z,0.2.0,,,complete,39.4568,39.4568,100,,official,default,true
081206,Matadepera,40,Vallès Occidental,2025,82,1423.82,100,100,municipality,gencat_incasol_qww9-bvhh,,2026-08-21T21:48:17Z,0.2.0,,,complete,100,100,100,,official,default,true
081213,Mataró,21,Maresme,2025,1945,772.46,51.7771,100,municipality,gencat_incasol_qww9-bvhh,,2026-08-21T21:48:17Z,0.2.0,,,complete,51.7771,51.7771,100,,official,default,true
081228,Mediona,03,Alt Penedès,2025,25,602.4,27.2519,100,municipality,gencat_incasol_qww9-bvhh,,2026-08-21T21:48:17Z,0.2.0,,,complete,27.2519,27.2519,100,,official,default,true
081234,Molins de Rei,11,Baix Llobregat,2025,312,882.98,67.7157,100,municipality,gencat_incasol_qww9-bvhh,,2026-08-21T21:48:17Z,0.2.0,,,complete,67.7157,67.7157,100,,official,default,true
081249,Mollet del Vallès,41,Vallès Oriental,2025,550,750.66,48.6332,100,municipality,gencat_incasol_qww9-bvhh,,2026-08-21T21:48:17Z,0.2.0,,,complete,48.6332,48.6332,100,,official,default,true
081252,Montcada i Reixac,40,Vallès Occidental,2025,313,730.87,45.7792,100,municipality,gencat_incasol_qww9-bvhh,,2026-08-21T21:48:17Z,0.2.0,,,complete,45.7792,45.7792,100,,official,default,true
081265,Montgat,21,Maresme,2025,127,1129.51,100,100,municipality,gencat_incasol_qww9-bvhh,,2026-08-21T21:48:17Z,0.2.0,,,complete,100,100,100,,official,default,true
081271,Monistrol de Montserrat,07,Bages,2025,39,552.05,19.9907,100,municipality,gencat_incasol_qww9-bvhh,,2026-08-21T21:48:17Z,0.2.0,,,complete,19.9907,19.9907,100,,official,default,true
081287,Monistrol de Calders,42,Moianès,2025,16,475.84,9.0001,100,municipality,gencat_incasol_qww9-bvhh,,2026-08-21T21:48:17Z,0.2.0,,,complete,9.0001,9.0001,100,,official,default,true
081290,Muntanyola,24,Osona,2025,2,,,0,missing,gencat_incasol_qww9-bvhh,,2026-08-21T21:48:17Z,0.2.0,suppressed,,engineering_pending,0,100,0,,official,default,false
081304,Montclar,14,Berguedà,2025,,,,0,missing,gencat_incasol_qww9-bvhh,,2026-08-21T21:48:17Z,0.2.0,not_published,,engineering_pending,0,100,0,,official,default,false
081311,Montesquiu,24,Osona,2025,17,468.05,7.8767,100,municipality,gencat_incasol_qww9-bvhh,,2026-08-21T21:48:17Z,0.2.0,,,complete,7.8767,7.8767,100,,official,default,true
081326,Montmajor,14,Berguedà,2025,5,,,0,missing,gencat_incasol_qww9-bvhh,,2026-08-21T21:48:17Z,0.2.0,suppressed,,engineering_pending,0,100,0,,official,default,false
081332,Montmaneu,06,Anoia,2025,1,,,0,missing,gencat_incasol_qww9-bvhh,,2026-08-21T21:48:17Z,0.2.0,suppressed,,engineering_pending,0,100,0,,official,default,false
081347,Figaró-Montmany,41,Vallès Oriental,2025,19,851.96,63.2421,100,municipality,gencat_incasol_qww9-bvhh,,2026-08-21T21:48:17Z,0.2.0,,,complete,63.2421,63.2421,100,,official,default,true
081350,Montmeló,41,Vallès Oriental,2025,79,728.31,45.41,100,municipality,gencat_incasol_qww9-bvhh,,2026-08-21T21:48:17Z,0.2.0,,,complete,45.41,45.41,100,,official,default,true
081363,Montornès del Vallès,41,Vallès Oriental,2025,127,702.88,41.7426,100,municipality,gencat_incasol_qww9-bvhh,,2026-08-21T21:48:17Z,0.2.0,,,complete,41.7426,41.7426,100,,official,default,true
081379,Montseny,41,Vallès Oriental,2025,10,713,43.2021,100,municipality,gencat_incasol_qww9-bvhh,,2026-08-21T21:48:17Z,0.2.0,,,complete,43.2021,43.2021,100,,official,default,true
081385,Moià,42,Moianès,2025,104,547.85,19.385,100,municipality,gencat_incasol_qww9-bvhh,,2026-08-21T21:48:17Z,0.2.0,,,complete,19.385,19.385,100,,official,default,true
081398,Mura,07,Bages,2025,2,,,0,missing,gencat_incasol_qww9-bvhh,,2026-08-21T21:48:17Z,0.2.0,suppressed,,engineering_pending,0,100,0,,official,default,false
081402,Navarcles,07,Bages,2025,74,534.32,17.4338,100,municipality,gencat_incasol_qww9-bvhh,,2026-08-21T21:48:17Z,0.2.0,,,complete,17.4338,17.4338,100,,official,default,true
081419,Navàs,07,Bages,2025,90,465.8,7.5522,100,municipality,gencat_incasol_qww9-bvhh,,2026-08-21T21:48:17Z,0.2.0,,,complete,7.5522,7.5522,100,,official,default,true
081424,la Nou de Berguedà,14,Berguedà,2025,1,,,0,missing,gencat_incasol_qww9-bvhh,,2026-08-21T21:48:17Z,0.2.0,suppressed,,engineering_pending,0,100,0,,official,default,false
081430,Òdena,06,Anoia,2025,23,524.12,15.9628,100,municipality,gencat_incasol_qww9-bvhh,,2026-08-21T21:48:17Z,0.2.0,,,complete,15.9628,15.9628,100,,official,default,true
081445,Olvan,14,Berguedà,2025,7,556.43,20.6224,100,municipality,gencat_incasol_qww9-bvhh,,2026-08-21T21:48:17Z,0.2.0,,,complete,20.6224,20.6224,100,,official,default,true
081458,Olèrdola,03,Alt Penedès,2025,21,819.52,58.5638,100,municipality,gencat_incasol_qww9-bvhh,,2026-08-21T21:48:17Z,0.2.0,,,complete,58.5638,58.5638,100,,official,default,true
081461,Olesa de Bonesvalls,03,Alt Penedès,2025,11,641.01,32.8201,100,municipality,gencat_incasol_qww9-bvhh,,2026-08-21T21:48:17Z,0.2.0,,,complete,32.8201,32.8201,100,,official,default,true
081477,Olesa de Montserrat,11,Baix Llobregat,2025,219,680.95,38.58,100,municipality,gencat_incasol_qww9-bvhh,,2026-08-21T21:48:17Z,0.2.0,,,complete,38.58,38.58,100,,official,default,true
081483,Olivella,17,Garraf,2025,16,1436.33,100,100,municipality,gencat_incasol_qww9-bvhh,,2026-08-21T21:48:17Z,0.2.0,,,complete,100,100,100,,official,default,true
081496,Olost,43,Lluçanès,2025,9,636.67,32.1942,100,municipality,gencat_incasol_qww9-bvhh,,2026-08-21T21:48:17Z,0.2.0,,,complete,32.1942,32.1942,100,,official,default,true
081509,Orís,24,Osona,2025,2,,,0,missing,gencat_incasol_qww9-bvhh,,2026-08-21T21:48:17Z,0.2.0,suppressed,,engineering_pending,0,100,0,,official,default,false
081516,Oristà,43,Lluçanès,2025,8,605.3,27.6702,100,municipality,gencat_incasol_qww9-bvhh,,2026-08-21T21:48:17Z,0.2.0,,,complete,27.6702,27.6702,100,,official,default,true
081521,Orpí,06,Anoia,2025,1,,,0,missing,gencat_incasol_qww9-bvhh,,2026-08-21T21:48:17Z,0.2.0,suppressed,,engineering_pending,0,100,0,,official,default,false
081537,Òrrius,21,Maresme,2025,10,737.22,46.695,100,municipality,gencat_incasol_qww9-bvhh,,2026-08-21T21:48:17Z,0.2.0,,,complete,46.695,46.695,100,,official,default,true
081542,Pacs del Penedès,03,Alt Penedès,2025,5,,,0,missing,gencat_incasol_qww9-bvhh,,2026-08-21T21:48:17Z,0.2.0,suppressed,,engineering_pending,0,100,0,,official,default,false
081555,Palafolls,21,Maresme,2025,85,617.45,29.4224,100,municipality,gencat_incasol_qww9-bvhh,,2026-08-21T21:48:17Z,0.2.0,,,complete,29.4224,29.4224,100,,official,default,true
081568,Palau-solità i Plegamans,40,Vallès Occidental,2025,117,864.87,65.104,100,municipality,gencat_incasol_qww9-bvhh,,2026-08-21T21:48:17Z,0.2.0,,,complete,65.104,65.104,100,,official,default,true
081574,Pallejà,11,Baix Llobregat,2025,102,925.44,73.839,100,municipality,gencat_incasol_qww9-bvhh,,2026-08-21T21:48:17Z,0.2.0,,,complete,73.839,73.839,100,,official,default,true
081580,el Papiol,11,Baix Llobregat,2025,33,937.79,75.6201,100,municipality,gencat_incasol_qww9-bvhh,,2026-08-21T21:48:17Z,0.2.0,,,complete,75.6201,75.6201,100,,official,default,true
081593,Parets del Vallès,41,Vallès Oriental,2025,160,829.13,59.9497,100,municipality,gencat_incasol_qww9-bvhh,,2026-08-21T21:48:17Z,0.2.0,,,complete,59.9497,59.9497,100,,official,default,true
081607,Perafita,43,Lluçanès,2025,5,,,0,missing,gencat_incasol_qww9-bvhh,,2026-08-21T21:48:17Z,0.2.0,suppressed,,engineering_pending,0,100,0,,official,default,false
081614,Piera,06,Anoia,2025,108,666.36,36.4759,100,municipality,gencat_incasol_qww9-bvhh,,2026-08-21T21:48:17Z,0.2.0,,,complete,36.4759,36.4759,100,,official,default,true
081629,els Hostalets de Pierola,06,Anoia,2025,41,743.14,47.5487,100,municipality,gencat_incasol_qww9-bvhh,,2026-08-21T21:48:17Z,0.2.0,,,complete,47.5487,47.5487,100,,official,default,true
081635,Pineda de Mar,21,Maresme,2025,375,673.65,37.5272,100,municipality,gencat_incasol_qww9-bvhh,,2026-08-21T21:48:17Z,0.2.0,,,complete,37.5272,37.5272,100,,official,default,true
081640,el Pla del Penedès,03,Alt Penedès,2025,34,654.84,34.8146,100,municipality,gencat_incasol_qww9-bvhh,,2026-08-21T21:48:17Z,0.2.0,,,complete,34.8146,34.8146,100,,official,default,true
081653,la Pobla de Claramunt,06,Anoia,2025,22,530.62,16.9002,100,municipality,gencat_incasol_qww9-bvhh,,2026-08-21T21:48:17Z,0.2.0,,,complete,16.9002,16.9002,100,,official,default,true
081666,la Pobla de Lillet,14,Berguedà,2025,18,473.06,8.5992,100,municipality,gencat_incasol_qww9-bvhh,,2026-08-21T21:48:17Z,0.2.0,,,complete,8.5992,8.5992,100,,official,default,true
081672,Polinyà,40,Vallès Occidental,2025,63,783.87,53.4226,100,municipality,gencat_incasol_qww9-bvhh,,2026-08-21T21:48:17Z,0.2.0,,,complete,53.4226,53.4226,100,,official,default,true
081688,Pontons,03,Alt Penedès,2025,5,,,0,missing,gencat_incasol_qww9-bvhh,,2026-08-21T21:48:17Z,0.2.0,suppressed,,engineering_pending,0,100,0,,official,default,false
081691,el Prat de Llobregat,11,Baix Llobregat,2025,588,841.32,61.7077,100,municipality,gencat_incasol_qww9-bvhh,,2026-08-21T21:48:17Z,0.2.0,,,complete,61.7077,61.7077,100,,official,default,true
081705,els Prats de Rei,06,Anoia,2025,8,426.26,1.85,100,municipality,gencat_incasol_qww9-bvhh,,2026-08-21T21:48:17Z,0.2.0,,,complete,1.85,1.85,100,,official,default,true
081712,Prats de Lluçanès,43,Lluçanès,2025,51,488.63,10.8447,100,municipality,gencat_incasol_qww9-bvhh,,2026-08-21T21:48:17Z,0.2.0,,,complete,10.8447,10.8447,100,,official,default,true
081727,Premià de Mar,21,Maresme,2025,312,898.86,70.0058,100,municipality,gencat_incasol_qww9-bvhh,,2026-08-21T21:48:17Z,0.2.0,,,complete,70.0058,70.0058,100,,official,default,true
081748,Puigdàlber,03,Alt Penedès,2025,6,705,42.0484,100,municipality,gencat_incasol_qww9-bvhh,,2026-08-21T21:48:17Z,0.2.0,,,complete,42.0484,42.0484,100,,official,default,true
081751,Puig-reig,14,Berguedà,2025,87,503.92,13.0497,100,municipality,gencat_incasol_qww9-bvhh,,2026-08-21T21:48:17Z,0.2.0,,,complete,13.0497,13.0497,100,,official,default,true
081764,Pujalt,06,Anoia,2025,2,,,0,missing,gencat_incasol_qww9-bvhh,,2026-08-21T21:48:17Z,0.2.0,suppressed,,engineering_pending,0,100,0,,official,default,false
081770,la Quar,14,Berguedà,2025,,,,0,missing,gencat_incasol_qww9-bvhh,,2026-08-21T21:48:17Z,0.2.0,not_published,,engineering_pending,0,100,0,,official,default,false
081786,Rajadell,07,Bages,2025,5,,,0,missing,gencat_incasol_qww9-bvhh,,2026-08-21T21:48:17Z,0.2.0,suppressed,,engineering_pending,0,100,0,,official,default,false
081799,Rellinars,40,Vallès Occidental,2025,4,,,0,missing,gencat_incasol_qww9-bvhh,,2026-08-21T21:48:17Z,0.2.0,suppressed,,engineering_pending,0,100,0,,official,default,false
081803,Ripollet,40,Vallès Occidental,2025,292,730.3,45.697,100,municipality,gencat_incasol_qww9-bvhh,,2026-08-21T21:48:17Z,0.2.0,,,complete,45.697,45.697,100,,official,default,true
081810,la Roca del Vallès,41,Vallès Oriental,2025,106,824.6,59.2964,100,municipality,gencat_incasol_qww9-bvhh,,2026-08-21T21:48:17Z,0.2.0,,,complete,59.2964,59.2964,100,,official,default,true
081825,el Pont de Vilomara i Rocafort,07,Bages,2025,49,600.77,27.0169,100,municipality,gencat_incasol_qww9-bvhh,,2026-08-21T21:48:17Z,0.2.0,,,complete,27.0169,27.0169,100,,official,default,true
081831,Roda de Ter,24,Osona,2025,95,548.98,19.548,100,municipality,gencat_incasol_qww9-bvhh,,2026-08-21T21:48:17Z,0.2.0,,,complete,19.548,19.548,100,,official,default,true
081846,Rubí,40,Vallès Occidental,2025,869,783.12,53.3144,100,municipality,gencat_incasol_qww9-bvhh,,2026-08-21T21:48:17Z,0.2.0,,,complete,53.3144,53.3144,100,,official,default,true
081859,Rubió,06,Anoia,2025,2,,,0,missing,gencat_incasol_qww9-bvhh,,2026-08-21T21:48:17Z,0.2.0,suppressed,,engineering_pending,0,100,0,,official,default,false
081878,Sabadell,40,Vallès Occidental,2025,2738,820.9,58.7628,100,municipality,gencat_incasol_qww9-bvhh,,2026-08-21T21:48:17Z,0.2.0,,,complete,58.7628,58.7628,100,,official,default,true
081884,Sagàs,14,Berguedà,2025,,,,0,missing,gencat_incasol_qww9-bvhh,,2026-08-21T21:48:17Z,0.2.0,not_published,,engineering_pending,0,100,0,,official,default,false
081897,Sant Pere Sallavinera,06,Anoia,2025,1,,,0,missing,gencat_incasol_qww9-bvhh,,2026-08-21T21:48:17Z,0.2.0,suppressed,,engineering_pending,0,100,0,,official,default,false
081901,Saldes,14,Berguedà,2025,10,368.8,0,100,municipality,gencat_incasol_qww9-bvhh,,2026-08-21T21:48:17Z,0.2.0,,,complete,0,0,100,,official,default,true
081918,Sallent,07,Bages,2025,81,533.82,17.3617,100,municipality,gencat_incasol_qww9-bvhh,,2026-08-21T21:48:17Z,0.2.0,,,complete,17.3617,17.3617,100,,official,default,true
081923,Santpedor,07,Bages,2025,82,594.03,26.0449,100,municipality,gencat_incasol_qww9-bvhh,,2026-08-21T21:48:17Z,0.2.0,,,complete,26.0449,26.0449,100,,official,default,true
081939,Sant Iscle de Vallalta,21,Maresme,2025,12,729.46,45.5759,100,municipality,gencat_incasol_qww9-bvhh,,2026-08-21T21:48:17Z,0.2.0,,,complete,45.5759,45.5759,100,,official,default,true
081944,Sant Adrià de Besòs,13,Barcelonès,2025,311,915.11,72.3493,100,municipality,gencat_incasol_qww9-bvhh,,2026-08-21T21:48:17Z,0.2.0,,,complete,72.3493,72.3493,100,,official,default,true
081957,Sant Agustí de Lluçanès,24,Osona,2025,,,,0,missing,gencat_incasol_qww9-bvhh,,2026-08-21T21:48:17Z,0.2.0,not_published,,engineering_pending,0,100,0,,official,default,false
081960,Sant Andreu de la Barca,11,Baix Llobregat,2025,262,762.72,50.3724,100,municipality,gencat_incasol_qww9-bvhh,,2026-08-21T21:48:17Z,0.2.0,,,complete,50.3724,50.3724,100,,official,default,true
081976,Sant Andreu de Llavaneres,21,Maresme,2025,173,1163.47,100,100,municipality,gencat_incasol_qww9-bvhh,,2026-08-21T21:48:17Z,0.2.0,,,complete,100,100,100,,official,default,true
081982,Sant Antoni de Vilamajor,41,Vallès Oriental,2025,65,810.46,57.2572,100,municipality,gencat_incasol_qww9-bvhh,,2026-08-21T21:48:17Z,0.2.0,,,complete,57.2572,57.2572,100,,official,default,true
081995,Sant Bartomeu del Grau,24,Osona,2025,5,,,0,missing,gencat_incasol_qww9-bvhh,,2026-08-21T21:48:17Z,0.2.0,suppressed,,engineering_pending,0,100,0,,official,default,false
082009,Sant Boi de Llobregat,11,Baix Llobregat,2025,707,814.66,57.8629,100,municipality,gencat_incasol_qww9-bvhh,,2026-08-21T21:48:17Z,0.2.0,,,complete,57.8629,57.8629,100,,official,default,true
082016,Sant Boi de Lluçanès,24,Osona,2025,5,,,0,missing,gencat_incasol_qww9-bvhh,,2026-08-21T21:48:17Z,0.2.0,suppressed,,engineering_pending,0,100,0,,official,default,false
082021,Sant Celoni,41,Vallès Oriental,2025,246,690,39.8851,100,municipality,gencat_incasol_qww9-bvhh,,2026-08-21T21:48:17Z,0.2.0,,,complete,39.8851,39.8851,100,,official,default,true
082037,Sant Cebrià de Vallalta,21,Maresme,2025,34,1108.04,100,100,municipality,gencat_incasol_qww9-bvhh,,2026-08-21T21:48:17Z,0.2.0,,,complete,100,100,100,,official,default,true
082042,Sant Climent de Llobregat,11,Baix Llobregat,2025,49,954.13,77.9766,100,municipality,gencat_incasol_qww9-bvhh,,2026-08-21T21:48:17Z,0.2.0,,,complete,77.9766,77.9766,100,,official,default,true
082055,Sant Cugat del Vallès,40,Vallès Occidental,2025,1318,1427.23,100,100,municipality,gencat_incasol_qww9-bvhh,,2026-08-21T21:48:17Z,0.2.0,,,complete,100,100,100,,official,default,true
082068,Sant Cugat Sesgarrigues,03,Alt Penedès,2025,4,,,0,missing,gencat_incasol_qww9-bvhh,,2026-08-21T21:48:17Z,0.2.0,suppressed,,engineering_pending,0,100,0,,official,default,false
082074,Sant Esteve de Palautordera,41,Vallès Oriental,2025,37,750.47,48.6058,100,municipality,gencat_incasol_qww9-bvhh,,2026-08-21T21:48:17Z,0.2.0,,,complete,48.6058,48.6058,100,,official,default,true
082080,Sant Esteve Sesrovires,11,Baix Llobregat,2025,67,933.32,74.9754,100,municipality,gencat_incasol_qww9-bvhh,,2026-08-21T21:48:17Z,0.2.0,,,complete,74.9754,74.9754,100,,official,default,true
082093,Sant Fost de Campsentelles,41,Vallès Oriental,2025,46,942.86,76.3513,100,municipality,gencat_incasol_qww9-bvhh,,2026-08-21T21:48:17Z,0.2.0,,,complete,76.3513,76.3513,100,,official,default,true
082107,Sant Feliu de Codines,41,Vallès Oriental,2025,173,669.45,36.9215,100,municipality,gencat_incasol_qww9-bvhh,,2026-08-21T21:48:17Z,0.2.0,,,complete,36.9215,36.9215,100,,official,default,true
082114,Sant Feliu de Llobregat,11,Baix Llobregat,2025,481,946.16,76.8272,100,municipality,gencat_incasol_qww9-bvhh,,2026-08-21T21:48:17Z,0.2.0,,,complete,76.8272,76.8272,100,,official,default,true
082129,Sant Feliu Sasserra,07,Bages,2025,17,692.7,40.2745,100,municipality,gencat_incasol_qww9-bvhh,,2026-08-21T21:48:17Z,0.2.0,,,complete,40.2745,40.2745,100,,official,default,true
082135,Sant Fruitós de Bages,07,Bages,2025,71,554.57,20.3542,100,municipality,gencat_incasol_qww9-bvhh,,2026-08-21T21:48:17Z,0.2.0,,,complete,20.3542,20.3542,100,,official,default,true
082140,Vilassar de Dalt,21,Maresme,2025,83,1104.05,99.5972,100,municipality,gencat_incasol_qww9-bvhh,,2026-08-21T21:48:17Z,0.2.0,,,complete,99.5972,99.5972,100,,official,default,true
082153,Sant Hipòlit de Voltregà,24,Osona,2025,49,573.03,23.0164,100,municipality,gencat_incasol_qww9-bvhh,,2026-08-21T21:48:17Z,0.2.0,,,complete,23.0164,23.0164,100,,official,default,true
082166,Sant Jaume de Frontanyà,14,Berguedà,2025,,,,0,missing,gencat_incasol_qww9-bvhh,,2026-08-21T21:48:17Z,0.2.0,not_published,,engineering_pending,0,100,0,,official,default,false
082172,Sant Joan Despí,11,Baix Llobregat,2025,434,1112.36,100,100,municipality,gencat_incasol_qww9-bvhh,,2026-08-21T21:48:17Z,0.2.0,,,complete,100,100,100,,official,default,true
082188,Sant Joan de Vilatorrada,07,Bages,2025,94,596.27,26.3679,100,municipality,gencat_incasol_qww9-bvhh,,2026-08-21T21:48:17Z,0.2.0,,,complete,26.3679,26.3679,100,,official,default,true
082191,Vilassar de Mar,21,Maresme,2025,319,1059,93.1003,100,municipality,gencat_incasol_qww9-bvhh,,2026-08-21T21:48:17Z,0.2.0,,,complete,93.1003,93.1003,100,,official,default,true
082205,Sant Julià de Vilatorta,24,Osona,2025,43,758.47,49.7595,100,municipality,gencat_incasol_qww9-bvhh,,2026-08-21T21:48:17Z,0.2.0,,,complete,49.7595,49.7595,100,,official,default,true
082212,Sant Just Desvern,11,Baix Llobregat,2025,299,1477.61,100,100,municipality,gencat_incasol_qww9-bvhh,,2026-08-21T21:48:17Z,0.2.0,,,complete,100,100,100,,official,default,true
082227,Sant Llorenç d'Hortons,03,Alt Penedès,2025,23,674.86,37.7017,100,municipality,gencat_incasol_qww9-bvhh,,2026-08-21T21:48:17Z,0.2.0,,,complete,37.7017,37.7017,100,,official,default,true
082233,Sant Llorenç Savall,40,Vallès Occidental,2025,40,676.32,37.9123,100,municipality,gencat_incasol_qww9-bvhh,,2026-08-21T21:48:17Z,0.2.0,,,complete,37.9123,37.9123,100,,official,default,true
082248,Sant Martí de Centelles,24,Osona,2025,22,595.5,26.2569,100,municipality,gencat_incasol_qww9-bvhh,,2026-08-21T21:48:17Z,0.2.0,,,complete,26.2569,26.2569,100,,official,default,true
082251,Sant Martí d'Albars,43,Lluçanès,2025,1,,,0,missing,gencat_incasol_qww9-bvhh,,2026-08-21T21:48:17Z,0.2.0,suppressed,,engineering_pending,0,100,0,,official,default,false
082264,Sant Martí de Tous,06,Anoia,2025,21,576.97,23.5846,100,municipality,gencat_incasol_qww9-bvhh,,2026-08-21T21:48:17Z,0.2.0,,,complete,23.5846,23.5846,100,,official,default,true
082270,Sant Martí Sarroca,03,Alt Penedès,2025,47,644.24,33.2859,100,municipality,gencat_incasol_qww9-bvhh,,2026-08-21T21:48:17Z,0.2.0,,,complete,33.2859,33.2859,100,,official,default,true
082286,Sant Martí Sesgueioles,06,Anoia,2025,1,,,0,missing,gencat_incasol_qww9-bvhh,,2026-08-21T21:48:17Z,0.2.0,suppressed,,engineering_pending,0,100,0,,official,default,false
082299,Sant Mateu de Bages,07,Bages,2025,7,513.57,14.4414,100,municipality,gencat_incasol_qww9-bvhh,,2026-08-21T21:48:17Z,0.2.0,,,complete,14.4414,14.4414,100,,official,default,true
082303,Premià de Dalt,21,Maresme,2025,86,1167.11,100,100,municipality,gencat_incasol_qww9-bvhh,,2026-08-21T21:48:17Z,0.2.0,,,complete,100,100,100,,official,default,true
082310,Sant Pere de Ribes,17,Garraf,2025,350,939.77,75.9056,100,municipality,gencat_incasol_qww9-bvhh,,2026-08-21T21:48:17Z,0.2.0,,,complete,75.9056,75.9056,100,,official,default,true
082325,Sant Pere de Riudebitlles,03,Alt Penedès,2025,28,639.37,32.5836,100,municipality,gencat_incasol_qww9-bvhh,,2026-08-21T21:48:17Z,0.2.0,,,complete,32.5836,32.5836,100,,official,default,true
082331,Sant Pere de Torelló,24,Osona,2025,31,598.91,26.7486,100,municipality,gencat_incasol_qww9-bvhh,,2026-08-21T21:48:17Z,0.2.0,,,complete,26.7486,26.7486,100,,official,default,true
082346,Sant Pere de Vilamajor,41,Vallès Oriental,2025,33,846.29,62.4244,100,municipality,gencat_incasol_qww9-bvhh,,2026-08-21T21:48:17Z,0.2.0,,,complete,62.4244,62.4244,100,,official,default,true
082359,Sant Pol de Mar,21,Maresme,2025,104,860.62,64.491,100,municipality,gencat_incasol_qww9-bvhh,,2026-08-21T21:48:17Z,0.2.0,,,complete,64.491,64.491,100,,official,default,true
082362,Sant Quintí de Mediona,03,Alt Penedès,2025,40,560.17,21.1618,100,municipality,gencat_incasol_qww9-bvhh,,2026-08-21T21:48:17Z,0.2.0,,,complete,21.1618,21.1618,100,,official,default,true
082378,Sant Quirze de Besora,24,Osona,2025,25,513.12,14.3765,100,municipality,gencat_incasol_qww9-bvhh,,2026-08-21T21:48:17Z,0.2.0,,,complete,14.3765,14.3765,100,,official,default,true
082384,Sant Quirze del Vallès,40,Vallès Occidental,2025,156,1023.36,87.9605,100,municipality,gencat_incasol_qww9-bvhh,,2026-08-21T21:48:17Z,0.2.0,,,complete,87.9605,87.9605,100,,official,default,true
082397,Sant Quirze Safaja,42,Moianès,2025,6,883.33,67.7662,100,municipality,gencat_incasol_qww9-bvhh,,2026-08-21T21:48:17Z,0.2.0,,,complete,67.7662,67.7662,100,,official,default,true
082401,Sant Sadurní d'Anoia,03,Alt Penedès,2025,210,674.69,37.6772,100,municipality,gencat_incasol_qww9-bvhh,,2026-08-21T21:48:17Z,0.2.0,,,complete,37.6772,37.6772,100,,official,default,true
082418,Sant Sadurní d'Osormort,24,Osona,2025,,,,0,missing,gencat_incasol_qww9-bvhh,,2026-08-21T21:48:17Z,0.2.0,not_published,,engineering_pending,0,100,0,,official,default,false
082423,Marganell,07,Bages,2025,2,,,0,missing,gencat_incasol_qww9-bvhh,,2026-08-21T21:48:17Z,0.2.0,suppressed,,engineering_pending,0,100,0,,official,default,false
082439,Santa Cecília de Voltregà,24,Osona,2025,2,,,0,missing,gencat_incasol_qww9-bvhh,,2026-08-21T21:48:17Z,0.2.0,suppressed,,engineering_pending,0,100,0,,official,default,false
082444,Santa Coloma de Cervelló,11,Baix Llobregat,2025,52,918.01,72.7675,100,municipality,gencat_incasol_qww9-bvhh,,2026-08-21T21:48:17Z,0.2.0,,,complete,72.7675,72.7675,100,,official,default,true
082457,Santa Coloma de Gramenet,13,Barcelonès,2025,1167,686.52,39.3833,100,municipality,gencat_incasol_qww9-bvhh,,2026-08-21T21:48:17Z,0.2.0,,,complete,39.3833,39.3833,100,,official,default,true
082460,Santa Eugènia de Berga,24,Osona,2025,20,745.47,47.8847,100,municipality,gencat_incasol_qww9-bvhh,,2026-08-21T21:48:17Z,0.2.0,,,complete,47.8847,47.8847,100,,official,default,true
082476,Santa Eulàlia de Riuprimer,24,Osona,2025,25,780.8,52.9798,100,municipality,gencat_incasol_qww9-bvhh,,2026-08-21T21:48:17Z,0.2.0,,,complete,52.9798,52.9798,100,,official,default,true
082482,Santa Eulàlia de Ronçana,41,Vallès Oriental,2025,42,910.53,71.6888,100,municipality,gencat_incasol_qww9-bvhh,,2026-08-21T21:48:17Z,0.2.0,,,complete,71.6888,71.6888,100,,official,default,true
082495,Santa Fe del Penedès,03,Alt Penedès,2025,1,,,0,missing,gencat_incasol_qww9-bvhh,,2026-08-21T21:48:17Z,0.2.0,suppressed,,engineering_pending,0,100,0,,official,default,false
082508,Santa Margarida de Montbui,06,Anoia,2025,79,509.55,13.8616,100,municipality,gencat_incasol_qww9-bvhh,,2026-08-21T21:48:17Z,0.2.0,,,complete,13.8616,13.8616,100,,official,default,true
082515,Santa Margarida i els Monjos,03,Alt Penedès,2025,64,671.3,37.1883,100,municipality,gencat_incasol_qww9-bvhh,,2026-08-21T21:48:17Z,0.2.0,,,complete,37.1883,37.1883,100,,official,default,true
082520,Barberà del Vallès,40,Vallès Occidental,2025,266,814.97,57.9076,100,municipality,gencat_incasol_qww9-bvhh,,2026-08-21T21:48:17Z,0.2.0,,,complete,57.9076,57.9076,100,,official,default,true
082536,Santa Maria de Besora,24,Osona,2025,1,,,0,missing,gencat_incasol_qww9-bvhh,,2026-08-21T21:48:17Z,0.2.0,suppressed,,engineering_pending,0,100,0,,official,default,false
082541,l'Esquirol,24,Osona,2025,22,500.44,12.5478,100,municipality,gencat_incasol_qww9-bvhh,,2026-08-21T21:48:17Z,0.2.0,,,complete,12.5478,12.5478,100,,official,default,true
082554,Santa Maria de Merlès,14,Berguedà,2025,4,,,0,missing,gencat_incasol_qww9-bvhh,,2026-08-21T21:48:17Z,0.2.0,suppressed,,engineering_pending,0,100,0,,official,default,false
082567,Santa Maria de Martorelles,41,Vallès Oriental,2025,5,,,0,missing,gencat_incasol_qww9-bvhh,,2026-08-21T21:48:17Z,0.2.0,suppressed,,engineering_pending,0,100,0,,official,default,false
082573,Santa Maria de Miralles,06,Anoia,2025,,,,0,missing,gencat_incasol_qww9-bvhh,,2026-08-21T21:48:17Z,0.2.0,not_published,,engineering_pending,0,100,0,,official,default,false
082589,Santa Maria d'Oló,42,Moianès,2025,9,542.22,18.5731,100,municipality,gencat_incasol_qww9-bvhh,,2026-08-21T21:48:17Z,0.2.0,,,complete,18.5731,18.5731,100,,official,default,true
082592,Santa Maria de Palautordera,41,Vallès Oriental,2025,120,756.27,49.4422,100,municipality,gencat_incasol_qww9-bvhh,,2026-08-21T21:48:17Z,0.2.0,,,complete,49.4422,49.4422,100,,official,default,true
082606,Santa Perpètua de Mogoda,40,Vallès Occidental,2025,204,741.63,47.3309,100,municipality,gencat_incasol_qww9-bvhh,,2026-08-21T21:48:17Z,0.2.0,,,complete,47.3309,47.3309,100,,official,default,true
082613,Santa Susanna,21,Maresme,2025,42,980.13,81.7261,100,municipality,gencat_incasol_qww9-bvhh,,2026-08-21T21:48:17Z,0.2.0,,,complete,81.7261,81.7261,100,,official,default,true
082628,Sant Vicenç de Castellet,07,Bages,2025,169,566.93,22.1367,100,municipality,gencat_incasol_qww9-bvhh,,2026-08-21T21:48:17Z,0.2.0,,,complete,22.1367,22.1367,100,,official,default,true
082634,Sant Vicenç dels Horts,11,Baix Llobregat,2025,152,827.2,59.6714,100,municipality,gencat_incasol_qww9-bvhh,,2026-08-21T21:48:17Z,0.2.0,,,complete,59.6714,59.6714,100,,official,default,true
082649,Sant Vicenç de Montalt,21,Maresme,2025,79,1637.46,100,100,municipality,gencat_incasol_qww9-bvhh,,2026-08-21T21:48:17Z,0.2.0,,,complete,100,100,100,,official,default,true
082652,Sant Vicenç de Torelló,24,Osona,2025,16,611.25,28.5282,100,municipality,gencat_incasol_qww9-bvhh,,2026-08-21T21:48:17Z,0.2.0,,,complete,28.5282,28.5282,100,,official,default,true
082665,Cerdanyola del Vallès,40,Vallès Occidental,2025,639,905.58,70.9749,100,municipality,gencat_incasol_qww9-bvhh,,2026-08-21T21:48:17Z,0.2.0,,,complete,70.9749,70.9749,100,,official,default,true
082671,Sentmenat,40,Vallès Occidental,2025,77,741.21,47.2704,100,municipality,gencat_incasol_qww9-bvhh,,2026-08-21T21:48:17Z,0.2.0,,,complete,47.2704,47.2704,100,,official,default,true
082687,Cercs,14,Berguedà,2025,24,479.17,9.4804,100,municipality,gencat_incasol_qww9-bvhh,,2026-08-21T21:48:17Z,0.2.0,,,complete,9.4804,9.4804,100,,official,default,true
082690,Seva,24,Osona,2025,32,678.27,38.1935,100,municipality,gencat_incasol_qww9-bvhh,,2026-08-21T21:48:17Z,0.2.0,,,complete,38.1935,38.1935,100,,official,default,true
082704,Sitges,17,Garraf,2025,554,1295.18,100,100,municipality,gencat_incasol_qww9-bvhh,,2026-08-21T21:48:17Z,0.2.0,,,complete,100,100,100,,official,default,true
082711,Sobremunt,43,Lluçanès,2025,3,,,0,missing,gencat_incasol_qww9-bvhh,,2026-08-21T21:48:17Z,0.2.0,suppressed,,engineering_pending,0,100,0,,official,default,false
082726,Sora,24,Osona,2025,,,,0,missing,gencat_incasol_qww9-bvhh,,2026-08-21T21:48:17Z,0.2.0,not_published,,engineering_pending,0,100,0,,official,default,false
082732,Subirats,03,Alt Penedès,2025,22,839.77,61.4842,100,municipality,gencat_incasol_qww9-bvhh,,2026-08-21T21:48:17Z,0.2.0,,,complete,61.4842,61.4842,100,,official,default,true
082747,Súria,07,Bages,2025,71,482.45,9.9534,100,municipality,gencat_incasol_qww9-bvhh,,2026-08-21T21:48:17Z,0.2.0,,,complete,9.9534,9.9534,100,,official,default,true
082750,Tavèrnoles,24,Osona,2025,,,,0,missing,gencat_incasol_qww9-bvhh,,2026-08-21T21:48:17Z,0.2.0,not_published,,engineering_pending,0,100,0,,official,default,false
082763,Tagamanent,41,Vallès Oriental,2025,1,,,0,missing,gencat_incasol_qww9-bvhh,,2026-08-21T21:48:17Z,0.2.0,suppressed,,engineering_pending,0,100,0,,official,default,false
082779,Talamanca,07,Bages,2025,2,,,0,missing,gencat_incasol_qww9-bvhh,,2026-08-21T21:48:17Z,0.2.0,suppressed,,engineering_pending,0,100,0,,official,default,false
082785,Taradell,24,Osona,2025,86,613.45,28.8455,100,municipality,gencat_incasol_qww9-bvhh,,2026-08-21T21:48:17Z,0.2.0,,,complete,28.8455,28.8455,100,,official,default,true
082798,Terrassa,40,Vallès Occidental,2025,3017,755.64,49.3514,100,municipality,gencat_incasol_qww9-bvhh,,2026-08-21T21:48:17Z,0.2.0,,,complete,49.3514,49.3514,100,,official,default,true
082802,Tavertet,24,Osona,2025,3,,,0,missing,gencat_incasol_qww9-bvhh,,2026-08-21T21:48:17Z,0.2.0,suppressed,,engineering_pending,0,100,0,,official,default,false
082819,Teià,21,Maresme,2025,70,1412.53,100,100,municipality,gencat_incasol_qww9-bvhh,,2026-08-21T21:48:17Z,0.2.0,,,complete,100,100,100,,official,default,true
082824,Tiana,21,Maresme,2025,95,1304.12,100,100,municipality,gencat_incasol_qww9-bvhh,,2026-08-21T21:48:17Z,0.2.0,,,complete,100,100,100,,official,default,true
082830,Tona,24,Osona,2025,133,650,34.1166,100,municipality,gencat_incasol_qww9-bvhh,,2026-08-21T21:48:17Z,0.2.0,,,complete,34.1166,34.1166,100,,official,default,true
082845,Tordera,21,Maresme,2025,169,649.96,34.1108,100,municipality,gencat_incasol_qww9-bvhh,,2026-08-21T21:48:17Z,0.2.0,,,complete,34.1108,34.1108,100,,official,default,true
082858,Torelló,24,Osona,2025,178,545.37,19.0274,100,municipality,gencat_incasol_qww9-bvhh,,2026-08-21T21:48:17Z,0.2.0,,,complete,19.0274,19.0274,100,,official,default,true
082861,la Torre de Claramunt,06,Anoia,2025,9,596.67,26.4256,100,municipality,gencat_incasol_qww9-bvhh,,2026-08-21T21:48:17Z,0.2.0,,,complete,26.4256,26.4256,100,,official,default,true
082877,Torrelavit,03,Alt Penedès,2025,20,713.6,43.2886,100,municipality,gencat_incasol_qww9-bvhh,,2026-08-21T21:48:17Z,0.2.0,,,complete,43.2886,43.2886,100,,official,default,true
082883,Torrelles de Foix,03,Alt Penedès,2025,25,675.33,37.7695,100,municipality,gencat_incasol_qww9-bvhh,,2026-08-21T21:48:17Z,0.2.0,,,complete,37.7695,37.7695,100,,official,default,true
082896,Torrelles de Llobregat,11,Baix Llobregat,2025,52,789.03,54.1667,100,municipality,gencat_incasol_qww9-bvhh,,2026-08-21T21:48:17Z,0.2.0,,,complete,54.1667,54.1667,100,,official,default,true
082900,Ullastrell,40,Vallès Occidental,2025,16,867.44,65.4746,100,municipality,gencat_incasol_qww9-bvhh,,2026-08-21T21:48:17Z,0.2.0,,,complete,65.4746,65.4746,100,,official,default,true
082917,Vacarisses,40,Vallès Occidental,2025,28,1018.71,87.2899,100,municipality,gencat_incasol_qww9-bvhh,,2026-08-21T21:48:17Z,0.2.0,,,complete,87.2899,87.2899,100,,official,default,true
082922,Vallbona d'Anoia,06,Anoia,2025,13,592.31,25.7968,100,municipality,gencat_incasol_qww9-bvhh,,2026-08-21T21:48:17Z,0.2.0,,,complete,25.7968,25.7968,100,,official,default,true
082938,Vallcebre,14,Berguedà,2025,2,,,0,missing,gencat_incasol_qww9-bvhh,,2026-08-21T21:48:17Z,0.2.0,suppressed,,engineering_pending,0,100,0,,official,default,false
082943,Vallgorguina,41,Vallès Oriental,2025,11,947.73,77.0536,100,municipality,gencat_incasol_qww9-bvhh,,2026-08-21T21:48:17Z,0.2.0,,,complete,77.0536,77.0536,100,,official,default,true
082956,Vallirana,11,Baix Llobregat,2025,103,875.83,66.6845,100,municipality,gencat_incasol_qww9-bvhh,,2026-08-21T21:48:17Z,0.2.0,,,complete,66.6845,66.6845,100,,official,default,true
082969,Vallromanes,41,Vallès Oriental,2025,14,1292.24,100,100,municipality,gencat_incasol_qww9-bvhh,,2026-08-21T21:48:17Z,0.2.0,,,complete,100,100,100,,official,default,true
082975,Veciana,06,Anoia,2025,1,,,0,missing,gencat_incasol_qww9-bvhh,,2026-08-21T21:48:17Z,0.2.0,suppressed,,engineering_pending,0,100,0,,official,default,false
082981,Vic,24,Osona,2025,865,682.7,38.8324,100,municipality,gencat_incasol_qww9-bvhh,,2026-08-21T21:48:17Z,0.2.0,,,complete,38.8324,38.8324,100,,official,default,true
082994,Vilada,14,Berguedà,2025,4,,,0,missing,gencat_incasol_qww9-bvhh,,2026-08-21T21:48:17Z,0.2.0,suppressed,,engineering_pending,0,100,0,,official,default,false
083008,Viladecavalls,40,Vallès Occidental,2025,41,949.73,77.342,100,municipality,gencat_incasol_qww9-bvhh,,2026-08-21T21:48:17Z,0.2.0,,,complete,77.342,77.342,100,,official,default,true
083015,Viladecans,11,Baix Llobregat,2025,548,897.69,69.8371,100,municipality,gencat_incasol_qww9-bvhh,,2026-08-21T21:48:17Z,0.2.0,,,complete,69.8371,69.8371,100,,official,default,true
083020,Vilanova del Camí,06,Anoia,2025,107,520.71,15.4711,100,municipality,gencat_incasol_qww9-bvhh,,2026-08-21T21:48:17Z,0.2.0,,,complete,15.4711,15.4711,100,,official,default,true
083036,Vilanova de Sau,24,Osona,2025,4,,,0,missing,gencat_incasol_qww9-bvhh,,2026-08-21T21:48:17Z,0.2.0,suppressed,,engineering_pending,0,100,0,,official,default,false
083041,Vilobí del Penedès,03,Alt Penedès,2025,7,847,62.5268,100,municipality,gencat_incasol_qww9-bvhh,,2026-08-21T21:48:17Z,0.2.0,,,complete,62.5268,62.5268,100,,official,default,true
083054,Vilafranca del Penedès,03,Alt Penedès,2025,656,724.5,44.8606,100,municipality,gencat_incasol_qww9-bvhh,,2026-08-21T21:48:17Z,0.2.0,,,complete,44.8606,44.8606,100,,official,default,true
083067,Vilalba Sasserra,41,Vallès Oriental,2025,15,779.05,52.7275,100,municipality,gencat_incasol_qww9-bvhh,,2026-08-21T21:48:17Z,0.2.0,,,complete,52.7275,52.7275,100,,official,default,true
083073,Vilanova i la Geltrú,17,Garraf,2025,923,844.79,62.2081,100,municipality,gencat_incasol_qww9-bvhh,,2026-08-21T21:48:17Z,0.2.0,,,complete,62.2081,62.2081,100,,official,default,true
083089,Viver i Serrateix,14,Berguedà,2025,,,,0,missing,gencat_incasol_qww9-bvhh,,2026-08-21T21:48:17Z,0.2.0,not_published,,engineering_pending,0,100,0,,official,default,false
089019,Rupit i Pruit,24,Osona,2025,3,,,0,missing,gencat_incasol_qww9-bvhh,,2026-08-21T21:48:17Z,0.2.0,suppressed,,engineering_pending,0,100,0,,official,default,false
089024,Vilanova del Vallès,41,Vallès Oriental,2025,38,1016.12,86.9164,100,municipality,gencat_incasol_qww9-bvhh,,2026-08-21T21:48:17Z,0.2.0,,,complete,86.9164,86.9164,100,,official,default,true
089030,Sant Julià de Cerdanyola,14,Berguedà,2025,,,,0,missing,gencat_incasol_qww9-bvhh,,2026-08-21T21:48:17Z,0.2.0,not_published,,engineering_pending,0,100,0,,official,default,false
089045,Badia del Vallès,40,Vallès Occidental,2025,47,415.22,0.2579,100,municipality,gencat_incasol_qww9-bvhh,,2026-08-21T21:48:17Z,0.2.0,,,complete,0.2579,0.2579,100,,official,default,true
089058,la Palma de Cervelló,11,Baix Llobregat,2025,48,836.86,61.0645,100,municipality,gencat_incasol_qww9-bvhh,,2026-08-21T21:48:17Z,0.2.0,,,complete,61.0645,61.0645,100,,official,default,true
170010,Agullana,02,Alt Empordà,2025,17,562.86,21.5497,100,municipality,gencat_incasol_qww9-bvhh,,2026-08-21T21:48:17Z,0.2.0,,,complete,21.5497,21.5497,100,,official,default,true
170025,Aiguaviva,20,Gironès,2025,3,,,0,missing,gencat_incasol_qww9-bvhh,,2026-08-21T21:48:17Z,0.2.0,suppressed,,engineering_pending,0,100,0,,official,default,false
170031,Albanyà,02,Alt Empordà,2025,,,,0,missing,gencat_incasol_qww9-bvhh,,2026-08-21T21:48:17Z,0.2.0,not_published,,engineering_pending,0,100,0,,official,default,false
170046,Albons,10,Baix Empordà,2025,9,858.89,64.2416,100,municipality,gencat_incasol_qww9-bvhh,,2026-08-21T21:48:17Z,0.2.0,,,complete,64.2416,64.2416,100,,official,default,true
170059,el Far d'Empordà,02,Alt Empordà,2025,1,,,0,missing,gencat_incasol_qww9-bvhh,,2026-08-21T21:48:17Z,0.2.0,suppressed,,engineering_pending,0,100,0,,official,default,false
170062,Alp,15,Cerdanya,2025,26,647.5,33.756,100,municipality,gencat_incasol_qww9-bvhh,,2026-08-21T21:48:17Z,0.2.0,,,complete,33.756,33.756,100,,official,default,true
170078,Amer,34,Selva,2025,35,602.14,27.2145,100,municipality,gencat_incasol_qww9-bvhh,,2026-08-21T21:48:17Z,0.2.0,,,complete,27.2145,27.2145,100,,official,default,true
170084,Anglès,34,Selva,2025,75,533.24,17.2781,100,municipality,gencat_incasol_qww9-bvhh,,2026-08-21T21:48:17Z,0.2.0,,,complete,17.2781,17.2781,100,,official,default,true
170097,Arbúcies,34,Selva,2025,137,497.44,12.1152,100,municipality,gencat_incasol_qww9-bvhh,,2026-08-21T21:48:17Z,0.2.0,,,complete,12.1152,12.1152,100,,official,default,true
170101,Argelaguer,19,Garrotxa,2025,7,538.57,18.0467,100,municipality,gencat_incasol_qww9-bvhh,,2026-08-21T21:48:17Z,0.2.0,,,complete,18.0467,18.0467,100,,official,default,true
170118,l'Armentera,02,Alt Empordà,2025,17,798.53,55.5368,100,municipality,gencat_incasol_qww9-bvhh,,2026-08-21T21:48:17Z,0.2.0,,,complete,55.5368,55.5368,100,,official,default,true
170123,Avinyonet de Puigventós,02,Alt Empordà,2025,9,1216.67,100,100,municipality,gencat_incasol_qww9-bvhh,,2026-08-21T21:48:17Z,0.2.0,,,complete,100,100,100,,official,default,true
170139,Begur,10,Baix Empordà,2025,19,996.28,84.0552,100,municipality,gencat_incasol_qww9-bvhh,,2026-08-21T21:48:17Z,0.2.0,,,complete,84.0552,84.0552,100,,official,default,true
170144,la Vajol,02,Alt Empordà,2025,1,,,0,missing,gencat_incasol_qww9-bvhh,,2026-08-21T21:48:17Z,0.2.0,suppressed,,engineering_pending,0,100,0,,official,default,false
170157,Banyoles,28,Pla de l'Estany,2025,316,680.68,38.5411,100,municipality,gencat_incasol_qww9-bvhh,,2026-08-21T21:48:17Z,0.2.0,,,complete,38.5411,38.5411,100,,official,default,true
170160,Bàscara,02,Alt Empordà,2025,14,610.71,28.4504,100,municipality,gencat_incasol_qww9-bvhh,,2026-08-21T21:48:17Z,0.2.0,,,complete,28.4504,28.4504,100,,official,default,true
170182,Bellcaire d'Empordà,10,Baix Empordà,2025,11,668.18,36.7384,100,municipality,gencat_incasol_qww9-bvhh,,2026-08-21T21:48:17Z,0.2.0,,,complete,36.7384,36.7384,100,,official,default,true
170195,Besalú,19,Garrotxa,2025,25,545.85,19.0966,100,municipality,gencat_incasol_qww9-bvhh,,2026-08-21T21:48:17Z,0.2.0,,,complete,19.0966,19.0966,100,,official,default,true
170209,Bescanó,20,Gironès,2025,38,841.71,61.7639,100,municipality,gencat_incasol_qww9-bvhh,,2026-08-21T21:48:17Z,0.2.0,,,complete,61.7639,61.7639,100,,official,default,true
170216,Beuda,19,Garrotxa,2025,,,,0,missing,gencat_incasol_qww9-bvhh,,2026-08-21T21:48:17Z,0.2.0,not_published,,engineering_pending,0,100,0,,official,default,false
170221,la Bisbal d'Empordà,10,Baix Empordà,2025,137,534.25,17.4237,100,municipality,gencat_incasol_qww9-bvhh,,2026-08-21T21:48:17Z,0.2.0,,,complete,17.4237,17.4237,100,,official,default,true
170237,Blanes,34,Selva,2025,600,630.1,31.2467,100,municipality,gencat_incasol_qww9-bvhh,,2026-08-21T21:48:17Z,0.2.0,,,complete,31.2467,31.2467,100,,official,default,true
170242,Bolvir,15,Cerdanya,2025,1,,,0,missing,gencat_incasol_qww9-bvhh,,2026-08-21T21:48:17Z,0.2.0,suppressed,,engineering_pending,0,100,0,,official,default,false
170255,Bordils,20,Gironès,2025,21,749.3,48.4371,100,municipality,gencat_incasol_qww9-bvhh,,2026-08-21T21:48:17Z,0.2.0,,,complete,48.4371,48.4371,100,,official,default,true
170268,Borrassà,02,Alt Empordà,2025,7,760,49.9802,100,municipality,gencat_incasol_qww9-bvhh,,2026-08-21T21:48:17Z,0.2.0,,,complete,49.9802,49.9802,100,,official,default,true
170274,Breda,34,Selva,2025,71,600.94,27.0414,100,municipality,gencat_incasol_qww9-bvhh,,2026-08-21T21:48:17Z,0.2.0,,,complete,27.0414,27.0414,100,,official,default,true
170280,Brunyola i Sant Martí Sapresa,34,Selva,2025,6,558.33,20.8964,100,municipality,gencat_incasol_qww9-bvhh,,2026-08-21T21:48:17Z,0.2.0,,,complete,20.8964,20.8964,100,,official,default,true
170293,Boadella i les Escaules,02,Alt Empordà,2025,5,,,0,missing,gencat_incasol_qww9-bvhh,,2026-08-21T21:48:17Z,0.2.0,suppressed,,engineering_pending,0,100,0,,official,default,false
170307,Cabanes,02,Alt Empordà,2025,12,650.67,34.2132,100,municipality,gencat_incasol_qww9-bvhh,,2026-08-21T21:48:17Z,0.2.0,,,complete,34.2132,34.2132,100,,official,default,true
170314,Cabanelles,02,Alt Empordà,2025,3,,,0,missing,gencat_incasol_qww9-bvhh,,2026-08-21T21:48:17Z,0.2.0,suppressed,,engineering_pending,0,100,0,,official,default,false
170329,Cadaqués,02,Alt Empordà,2025,17,920.54,73.1324,100,municipality,gencat_incasol_qww9-bvhh,,2026-08-21T21:48:17Z,0.2.0,,,complete,73.1324,73.1324,100,,official,default,true
170335,Caldes de Malavella,34,Selva,2025,48,802.68,56.1353,100,municipality,gencat_incasol_qww9-bvhh,,2026-08-21T21:48:17Z,0.2.0,,,complete,56.1353,56.1353,100,,official,default,true
170340,Calonge i Sant Antoni,10,Baix Empordà,2025,151,762.89,50.397,100,municipality,gencat_incasol_qww9-bvhh,,2026-08-21T21:48:17Z,0.2.0,,,complete,50.397,50.397,100,,official,default,true
170353,Camós,28,Pla de l'Estany,2025,5,,,0,missing,gencat_incasol_qww9-bvhh,,2026-08-21T21:48:17Z,0.2.0,suppressed,,engineering_pending,0,100,0,,official,default,false
170366,Campdevànol,31,Ripollès,2025,25,544.2,18.8587,100,municipality,gencat_incasol_qww9-bvhh,,2026-08-21T21:48:17Z,0.2.0,,,complete,18.8587,18.8587,100,,official,default,true
170372,Campelles,31,Ripollès,2025,2,,,0,missing,gencat_incasol_qww9-bvhh,,2026-08-21T21:48:17Z,0.2.0,suppressed,,engineering_pending,0,100,0,,official,default,false
170388,Campllong,20,Gironès,2025,5,,,0,missing,gencat_incasol_qww9-bvhh,,2026-08-21T21:48:17Z,0.2.0,suppressed,,engineering_pending,0,100,0,,official,default,false
170391,Camprodon,31,Ripollès,2025,45,626.48,30.7246,100,municipality,gencat_incasol_qww9-bvhh,,2026-08-21T21:48:17Z,0.2.0,,,complete,30.7246,30.7246,100,,official,default,true
170405,Canet d'Adri,20,Gironès,2025,3,,,0,missing,gencat_incasol_qww9-bvhh,,2026-08-21T21:48:17Z,0.2.0,suppressed,,engineering_pending,0,100,0,,official,default,false
170412,Cantallops,02,Alt Empordà,2025,8,644.38,33.3061,100,municipality,gencat_incasol_qww9-bvhh,,2026-08-21T21:48:17Z,0.2.0,,,complete,33.3061,33.3061,100,,official,default,true
170427,Capmany,02,Alt Empordà,2025,8,606.25,27.8072,100,municipality,gencat_incasol_qww9-bvhh,,2026-08-21T21:48:17Z,0.2.0,,,complete,27.8072,27.8072,100,,official,default,true
170433,Queralbs,31,Ripollès,2025,2,,,0,missing,gencat_incasol_qww9-bvhh,,2026-08-21T21:48:17Z,0.2.0,suppressed,,engineering_pending,0,100,0,,official,default,false
170448,Cassà de la Selva,20,Gironès,2025,104,655.8,34.953,100,municipality,gencat_incasol_qww9-bvhh,,2026-08-21T21:48:17Z,0.2.0,,,complete,34.953,34.953,100,,official,default,true
170464,Castellfollit de la Roca,19,Garrotxa,2025,12,544.72,18.9336,100,municipality,gencat_incasol_qww9-bvhh,,2026-08-21T21:48:17Z,0.2.0,,,complete,18.9336,18.9336,100,,official,default,true
170470,Castelló d'Empúries,02,Alt Empordà,2025,137,617.63,29.4483,100,municipality,gencat_incasol_qww9-bvhh,,2026-08-21T21:48:17Z,0.2.0,,,complete,29.4483,29.4483,100,,official,default,true
170486,"Castell d'Aro, Platja d'Aro i s'Agaró",10,Baix Empordà,2025,181,873.78,66.3889,100,municipality,gencat_incasol_qww9-bvhh,,2026-08-21T21:48:17Z,0.2.0,,,complete,66.3889,66.3889,100,,official,default,true
170499,Celrà,20,Gironès,2025,56,698.8,41.1542,100,municipality,gencat_incasol_qww9-bvhh,,2026-08-21T21:48:17Z,0.2.0,,,complete,41.1542,41.1542,100,,official,default,true
170502,Cervià de Ter,20,Gironès,2025,8,900,70.1702,100,municipality,gencat_incasol_qww9-bvhh,,2026-08-21T21:48:17Z,0.2.0,,,complete,70.1702,70.1702,100,,official,default,true
170519,Cistella,02,Alt Empordà,2025,2,,,0,missing,gencat_incasol_qww9-bvhh,,2026-08-21T21:48:17Z,0.2.0,suppressed,,engineering_pending,0,100,0,,official,default,false
170524,Siurana,02,Alt Empordà,2025,,,,0,missing,gencat_incasol_qww9-bvhh,,2026-08-21T21:48:17Z,0.2.0,not_published,,engineering_pending,0,100,0,,official,default,false
170545,Colera,02,Alt Empordà,2025,3,,,0,missing,gencat_incasol_qww9-bvhh,,2026-08-21T21:48:17Z,0.2.0,suppressed,,engineering_pending,0,100,0,,official,default,false
170558,Colomers,10,Baix Empordà,2025,2,,,0,missing,gencat_incasol_qww9-bvhh,,2026-08-21T21:48:17Z,0.2.0,suppressed,,engineering_pending,0,100,0,,official,default,false
170561,Cornellà del Terri,28,Pla de l'Estany,2025,15,757.33,49.5951,100,municipality,gencat_incasol_qww9-bvhh,,2026-08-21T21:48:17Z,0.2.0,,,complete,49.5951,49.5951,100,,official,default,true
170577,Corçà,10,Baix Empordà,2025,7,725,44.9327,100,municipality,gencat_incasol_qww9-bvhh,,2026-08-21T21:48:17Z,0.2.0,,,complete,44.9327,44.9327,100,,official,default,true
170583,Crespià,28,Pla de l'Estany,2025,,,,0,missing,gencat_incasol_qww9-bvhh,,2026-08-21T21:48:17Z,0.2.0,not_published,,engineering_pending,0,100,0,,official,default,false
170600,Darnius,02,Alt Empordà,2025,6,540.83,18.3727,100,municipality,gencat_incasol_qww9-bvhh,,2026-08-21T21:48:17Z,0.2.0,,,complete,18.3727,18.3727,100,,official,default,true
170617,Das,15,Cerdanya,2025,1,,,0,missing,gencat_incasol_qww9-bvhh,,2026-08-21T21:48:17Z,0.2.0,suppressed,,engineering_pending,0,100,0,,official,default,false
170622,l'Escala,02,Alt Empordà,2025,142,671.5,37.2172,100,municipality,gencat_incasol_qww9-bvhh,,2026-08-21T21:48:17Z,0.2.0,,,complete,37.2172,37.2172,100,,official,default,true
170638,Espinelves,24,Osona,2025,5,,,0,missing,gencat_incasol_qww9-bvhh,,2026-08-21T21:48:17Z,0.2.0,suppressed,,engineering_pending,0,100,0,,official,default,false
170643,Espolla,02,Alt Empordà,2025,1,,,0,missing,gencat_incasol_qww9-bvhh,,2026-08-21T21:48:17Z,0.2.0,suppressed,,engineering_pending,0,100,0,,official,default,false
170656,Esponellà,28,Pla de l'Estany,2025,1,,,0,missing,gencat_incasol_qww9-bvhh,,2026-08-21T21:48:17Z,0.2.0,suppressed,,engineering_pending,0,100,0,,official,default,false
170669,Figueres,02,Alt Empordà,2025,815,580.73,24.1268,100,municipality,gencat_incasol_qww9-bvhh,,2026-08-21T21:48:17Z,0.2.0,,,complete,24.1268,24.1268,100,,official,default,true
170675,Flaçà,20,Gironès,2025,11,598.64,26.7097,100,municipality,gencat_incasol_qww9-bvhh,,2026-08-21T21:48:17Z,0.2.0,,,complete,26.7097,26.7097,100,,official,default,true
170681,Foixà,10,Baix Empordà,2025,1,,,0,missing,gencat_incasol_qww9-bvhh,,2026-08-21T21:48:17Z,0.2.0,suppressed,,engineering_pending,0,100,0,,official,default,false
170694,Fontanals de Cerdanya,15,Cerdanya,2025,4,,,0,missing,gencat_incasol_qww9-bvhh,,2026-08-21T21:48:17Z,0.2.0,suppressed,,engineering_pending,0,100,0,,official,default,false
170708,Fontanilles,10,Baix Empordà,2025,,,,0,missing,gencat_incasol_qww9-bvhh,,2026-08-21T21:48:17Z,0.2.0,not_published,,engineering_pending,0,100,0,,official,default,false
170715,Fontcoberta,28,Pla de l'Estany,2025,4,,,0,missing,gencat_incasol_qww9-bvhh,,2026-08-21T21:48:17Z,0.2.0,suppressed,,engineering_pending,0,100,0,,official,default,false
170736,Fornells de la Selva,20,Gironès,2025,25,1369.81,100,100,municipality,gencat_incasol_qww9-bvhh,,2026-08-21T21:48:17Z,0.2.0,,,complete,100,100,100,,official,default,true
170741,Fortià,02,Alt Empordà,2025,2,,,0,missing,gencat_incasol_qww9-bvhh,,2026-08-21T21:48:17Z,0.2.0,suppressed,,engineering_pending,0,100,0,,official,default,false
170754,Garrigàs,02,Alt Empordà,2025,6,632.5,31.5928,100,municipality,gencat_incasol_qww9-bvhh,,2026-08-21T21:48:17Z,0.2.0,,,complete,31.5928,31.5928,100,,official,default,true
170767,Garrigoles,10,Baix Empordà,2025,,,,0,missing,gencat_incasol_qww9-bvhh,,2026-08-21T21:48:17Z,0.2.0,not_published,,engineering_pending,0,100,0,,official,default,false
170773,Garriguella,02,Alt Empordà,2025,8,597.38,26.528,100,municipality,gencat_incasol_qww9-bvhh,,2026-08-21T21:48:17Z,0.2.0,,,complete,26.528,26.528,100,,official,default,true
170789,Ger,15,Cerdanya,2025,3,,,0,missing,gencat_incasol_qww9-bvhh,,2026-08-21T21:48:17Z,0.2.0,suppressed,,engineering_pending,0,100,0,,official,default,false
170792,Girona,20,Gironès,2025,2185,816.03,58.0605,100,municipality,gencat_incasol_qww9-bvhh,,2026-08-21T21:48:17Z,0.2.0,,,complete,58.0605,58.0605,100,,official,default,true
170806,Gombrèn,31,Ripollès,2025,,,,0,missing,gencat_incasol_qww9-bvhh,,2026-08-21T21:48:17Z,0.2.0,not_published,,engineering_pending,0,100,0,,official,default,false
170813,Gualta,10,Baix Empordà,2025,1,,,0,missing,gencat_incasol_qww9-bvhh,,2026-08-21T21:48:17Z,0.2.0,suppressed,,engineering_pending,0,100,0,,official,default,false
170828,Guils de Cerdanya,15,Cerdanya,2025,4,,,0,missing,gencat_incasol_qww9-bvhh,,2026-08-21T21:48:17Z,0.2.0,suppressed,,engineering_pending,0,100,0,,official,default,false
170834,Hostalric,34,Selva,2025,64,608.17,28.0841,100,municipality,gencat_incasol_qww9-bvhh,,2026-08-21T21:48:17Z,0.2.0,,,complete,28.0841,28.0841,100,,official,default,true
170849,Isòvol,15,Cerdanya,2025,3,,,0,missing,gencat_incasol_qww9-bvhh,,2026-08-21T21:48:17Z,0.2.0,suppressed,,engineering_pending,0,100,0,,official,default,false
170852,Jafre,10,Baix Empordà,2025,1,,,0,missing,gencat_incasol_qww9-bvhh,,2026-08-21T21:48:17Z,0.2.0,suppressed,,engineering_pending,0,100,0,,official,default,false
170865,la Jonquera,02,Alt Empordà,2025,62,555.4,20.4739,100,municipality,gencat_incasol_qww9-bvhh,,2026-08-21T21:48:17Z,0.2.0,,,complete,20.4739,20.4739,100,,official,default,true
170871,Juià,20,Gironès,2025,1,,,0,missing,gencat_incasol_qww9-bvhh,,2026-08-21T21:48:17Z,0.2.0,suppressed,,engineering_pending,0,100,0,,official,default,false
170887,Lladó,02,Alt Empordà,2025,6,593.33,25.9439,100,municipality,gencat_incasol_qww9-bvhh,,2026-08-21T21:48:17Z,0.2.0,,,complete,25.9439,25.9439,100,,official,default,true
170890,Llagostera,20,Gironès,2025,115,640.27,32.7134,100,municipality,gencat_incasol_qww9-bvhh,,2026-08-21T21:48:17Z,0.2.0,,,complete,32.7134,32.7134,100,,official,default,true
170904,Llambilles,20,Gironès,2025,,,,0,missing,gencat_incasol_qww9-bvhh,,2026-08-21T21:48:17Z,0.2.0,not_published,,engineering_pending,0,100,0,,official,default,false
170911,Llanars,31,Ripollès,2025,6,491.67,11.2831,100,municipality,gencat_incasol_qww9-bvhh,,2026-08-21T21:48:17Z,0.2.0,,,complete,11.2831,11.2831,100,,official,default,true
170926,Llançà,02,Alt Empordà,2025,97,610.92,28.4807,100,municipality,gencat_incasol_qww9-bvhh,,2026-08-21T21:48:17Z,0.2.0,,,complete,28.4807,28.4807,100,,official,default,true
170932,Llers,02,Alt Empordà,2025,24,752.59,48.9115,100,municipality,gencat_incasol_qww9-bvhh,,2026-08-21T21:48:17Z,0.2.0,,,complete,48.9115,48.9115,100,,official,default,true
170947,Llívia,15,Cerdanya,2025,39,713.79,43.316,100,municipality,gencat_incasol_qww9-bvhh,,2026-08-21T21:48:17Z,0.2.0,,,complete,43.316,43.316,100,,official,default,true
170950,Lloret de Mar,34,Selva,2025,473,622.37,30.1319,100,municipality,gencat_incasol_qww9-bvhh,,2026-08-21T21:48:17Z,0.2.0,,,complete,30.1319,30.1319,100,,official,default,true
170963,les Llosses,31,Ripollès,2025,2,,,0,missing,gencat_incasol_qww9-bvhh,,2026-08-21T21:48:17Z,0.2.0,suppressed,,engineering_pending,0,100,0,,official,default,false
170979,Madremanya,20,Gironès,2025,1,,,0,missing,gencat_incasol_qww9-bvhh,,2026-08-21T21:48:17Z,0.2.0,suppressed,,engineering_pending,0,100,0,,official,default,false
170985,Maià de Montcal,19,Garrotxa,2025,,,,0,missing,gencat_incasol_qww9-bvhh,,2026-08-21T21:48:17Z,0.2.0,not_published,,engineering_pending,0,100,0,,official,default,false
170998,Meranges,15,Cerdanya,2025,,,,0,missing,gencat_incasol_qww9-bvhh,,2026-08-21T21:48:17Z,0.2.0,not_published,,engineering_pending,0,100,0,,official,default,false
171002,Masarac i Vilarnadal,02,Alt Empordà,2025,2,,,0,missing,gencat_incasol_qww9-bvhh,,2026-08-21T21:48:17Z,0.2.0,suppressed,,engineering_pending,0,100,0,,official,default,false
171019,Massanes,34,Selva,2025,6,464.9,7.4224,100,municipality,gencat_incasol_qww9-bvhh,,2026-08-21T21:48:17Z,0.2.0,,,complete,7.4224,7.4224,100,,official,default,true
171024,Maçanet de Cabrenys,02,Alt Empordà,2025,16,495.31,11.808,100,municipality,gencat_incasol_qww9-bvhh,,2026-08-21T21:48:17Z,0.2.0,,,complete,11.808,11.808,100,,official,default,true
171030,Maçanet de la Selva,34,Selva,2025,47,606.91,27.9024,100,municipality,gencat_incasol_qww9-bvhh,,2026-08-21T21:48:17Z,0.2.0,,,complete,27.9024,27.9024,100,,official,default,true
171058,Mieres,19,Garrotxa,2025,6,512.5,14.2871,100,municipality,gencat_incasol_qww9-bvhh,,2026-08-21T21:48:17Z,0.2.0,,,complete,14.2871,14.2871,100,,official,default,true
171061,Mollet de Peralada,02,Alt Empordà,2025,,,,0,missing,gencat_incasol_qww9-bvhh,,2026-08-21T21:48:17Z,0.2.0,not_published,,engineering_pending,0,100,0,,official,default,false
171077,Molló,31,Ripollès,2025,7,842.86,61.9298,100,municipality,gencat_incasol_qww9-bvhh,,2026-08-21T21:48:17Z,0.2.0,,,complete,61.9298,61.9298,100,,official,default,true
171096,Montagut i Oix,19,Garrotxa,2025,7,696.66,40.8456,100,municipality,gencat_incasol_qww9-bvhh,,2026-08-21T21:48:17Z,0.2.0,,,complete,40.8456,40.8456,100,,official,default,true
171100,Mont-ras,10,Baix Empordà,2025,4,,,0,missing,gencat_incasol_qww9-bvhh,,2026-08-21T21:48:17Z,0.2.0,suppressed,,engineering_pending,0,100,0,,official,default,false
171117,Navata,02,Alt Empordà,2025,17,759.03,49.8403,100,municipality,gencat_incasol_qww9-bvhh,,2026-08-21T21:48:17Z,0.2.0,,,complete,49.8403,49.8403,100,,official,default,true
171122,Ogassa,31,Ripollès,2025,3,,,0,missing,gencat_incasol_qww9-bvhh,,2026-08-21T21:48:17Z,0.2.0,suppressed,,engineering_pending,0,100,0,,official,default,false
171143,Olot,19,Garrotxa,2025,633,556.98,20.7017,100,municipality,gencat_incasol_qww9-bvhh,,2026-08-21T21:48:17Z,0.2.0,,,complete,20.7017,20.7017,100,,official,default,true
171156,Ordis,02,Alt Empordà,2025,,,,0,missing,gencat_incasol_qww9-bvhh,,2026-08-21T21:48:17Z,0.2.0,not_published,,engineering_pending,0,100,0,,official,default,false
171169,Osor,34,Selva,2025,3,,,0,missing,gencat_incasol_qww9-bvhh,,2026-08-21T21:48:17Z,0.2.0,suppressed,,engineering_pending,0,100,0,,official,default,false
171175,Palafrugell,10,Baix Empordà,2025,279,649.65,34.0661,100,municipality,gencat_incasol_qww9-bvhh,,2026-08-21T21:48:17Z,0.2.0,,,complete,34.0661,34.0661,100,,official,default,true
171181,Palamós,10,Baix Empordà,2025,265,722.65,44.5938,100,municipality,gencat_incasol_qww9-bvhh,,2026-08-21T21:48:17Z,0.2.0,,,complete,44.5938,44.5938,100,,official,default,true
171194,Palau de Santa Eulàlia,02,Alt Empordà,2025,,,,0,missing,gencat_incasol_qww9-bvhh,,2026-08-21T21:48:17Z,0.2.0,not_published,,engineering_pending,0,100,0,,official,default,false
171208,Palau-saverdera,02,Alt Empordà,2025,9,800,55.7488,100,municipality,gencat_incasol_qww9-bvhh,,2026-08-21T21:48:17Z,0.2.0,,,complete,55.7488,55.7488,100,,official,default,true
171215,Palau-sator,10,Baix Empordà,2025,4,,,0,missing,gencat_incasol_qww9-bvhh,,2026-08-21T21:48:17Z,0.2.0,suppressed,,engineering_pending,0,100,0,,official,default,false
171236,Palol de Revardit,28,Pla de l'Estany,2025,3,,,0,missing,gencat_incasol_qww9-bvhh,,2026-08-21T21:48:17Z,0.2.0,suppressed,,engineering_pending,0,100,0,,official,default,false
171241,Pals,10,Baix Empordà,2025,23,757.06,49.5562,100,municipality,gencat_incasol_qww9-bvhh,,2026-08-21T21:48:17Z,0.2.0,,,complete,49.5562,49.5562,100,,official,default,true
171254,Pardines,31,Ripollès,2025,3,,,0,missing,gencat_incasol_qww9-bvhh,,2026-08-21T21:48:17Z,0.2.0,suppressed,,engineering_pending,0,100,0,,official,default,false
171267,Parlavà,10,Baix Empordà,2025,1,,,0,missing,gencat_incasol_qww9-bvhh,,2026-08-21T21:48:17Z,0.2.0,suppressed,,engineering_pending,0,100,0,,official,default,false
171289,Pau,02,Alt Empordà,2025,4,,,0,missing,gencat_incasol_qww9-bvhh,,2026-08-21T21:48:17Z,0.2.0,suppressed,,engineering_pending,0,100,0,,official,default,false
171292,Pedret i Marzà,02,Alt Empordà,2025,1,,,0,missing,gencat_incasol_qww9-bvhh,,2026-08-21T21:48:17Z,0.2.0,suppressed,,engineering_pending,0,100,0,,official,default,false
171306,la Pera,10,Baix Empordà,2025,2,,,0,missing,gencat_incasol_qww9-bvhh,,2026-08-21T21:48:17Z,0.2.0,suppressed,,engineering_pending,0,100,0,,official,default,false
171328,Peralada,02,Alt Empordà,2025,38,718.19,43.9506,100,municipality,gencat_incasol_qww9-bvhh,,2026-08-21T21:48:17Z,0.2.0,,,complete,43.9506,43.9506,100,,official,default,true
171334,les Planes d'Hostoles,19,Garrotxa,2025,24,557.25,20.7407,100,municipality,gencat_incasol_qww9-bvhh,,2026-08-21T21:48:17Z,0.2.0,,,complete,20.7407,20.7407,100,,official,default,true
171349,Planoles,31,Ripollès,2025,7,466.43,7.6431,100,municipality,gencat_incasol_qww9-bvhh,,2026-08-21T21:48:17Z,0.2.0,,,complete,7.6431,7.6431,100,,official,default,true
171352,Pont de Molins,02,Alt Empordà,2025,6,595,26.1848,100,municipality,gencat_incasol_qww9-bvhh,,2026-08-21T21:48:17Z,0.2.0,,,complete,26.1848,26.1848,100,,official,default,true
171365,Pontós,02,Alt Empordà,2025,2,,,0,missing,gencat_incasol_qww9-bvhh,,2026-08-21T21:48:17Z,0.2.0,suppressed,,engineering_pending,0,100,0,,official,default,false
171371,Porqueres,28,Pla de l'Estany,2025,22,718.47,43.9909,100,municipality,gencat_incasol_qww9-bvhh,,2026-08-21T21:48:17Z,0.2.0,,,complete,43.9909,43.9909,100,,official,default,true
171387,Portbou,02,Alt Empordà,2025,9,437.64,3.4911,100,municipality,gencat_incasol_qww9-bvhh,,2026-08-21T21:48:17Z,0.2.0,,,complete,3.4911,3.4911,100,,official,default,true
171390,les Preses,19,Garrotxa,2025,15,620.67,29.8867,100,municipality,gencat_incasol_qww9-bvhh,,2026-08-21T21:48:17Z,0.2.0,,,complete,29.8867,29.8867,100,,official,default,true
171404,el Port de la Selva,02,Alt Empordà,2025,16,692.46,40.2399,100,municipality,gencat_incasol_qww9-bvhh,,2026-08-21T21:48:17Z,0.2.0,,,complete,40.2399,40.2399,100,,official,default,true
171411,Puigcerdà,15,Cerdanya,2025,183,627.82,30.9179,100,municipality,gencat_incasol_qww9-bvhh,,2026-08-21T21:48:17Z,0.2.0,,,complete,30.9179,30.9179,100,,official,default,true
171426,Quart,20,Gironès,2025,32,940.34,75.9878,100,municipality,gencat_incasol_qww9-bvhh,,2026-08-21T21:48:17Z,0.2.0,,,complete,75.9878,75.9878,100,,official,default,true
171432,Rabós,02,Alt Empordà,2025,4,,,0,missing,gencat_incasol_qww9-bvhh,,2026-08-21T21:48:17Z,0.2.0,suppressed,,engineering_pending,0,100,0,,official,default,false
171447,Regencós,10,Baix Empordà,2025,1,,,0,missing,gencat_incasol_qww9-bvhh,,2026-08-21T21:48:17Z,0.2.0,suppressed,,engineering_pending,0,100,0,,official,default,false
171450,Ribes de Freser,31,Ripollès,2025,33,563.7,21.6708,100,municipality,gencat_incasol_qww9-bvhh,,2026-08-21T21:48:17Z,0.2.0,,,complete,21.6708,21.6708,100,,official,default,true
171463,Riells i Viabrea,34,Selva,2025,31,846.46,62.449,100,municipality,gencat_incasol_qww9-bvhh,,2026-08-21T21:48:17Z,0.2.0,,,complete,62.449,62.449,100,,official,default,true
171479,Ripoll,31,Ripollès,2025,192,461.03,6.8643,100,municipality,gencat_incasol_qww9-bvhh,,2026-08-21T21:48:17Z,0.2.0,,,complete,6.8643,6.8643,100,,official,default,true
171485,Riudarenes,34,Selva,2025,25,664.4,36.1933,100,municipality,gencat_incasol_qww9-bvhh,,2026-08-21T21:48:17Z,0.2.0,,,complete,36.1933,36.1933,100,,official,default,true
171498,Riudaura,19,Garrotxa,2025,4,,,0,missing,gencat_incasol_qww9-bvhh,,2026-08-21T21:48:17Z,0.2.0,suppressed,,engineering_pending,0,100,0,,official,default,false
171501,Riudellots de la Selva,34,Selva,2025,24,792.94,54.7306,100,municipality,gencat_incasol_qww9-bvhh,,2026-08-21T21:48:17Z,0.2.0,,,complete,54.7306,54.7306,100,,official,default,true
171518,Riumors,02,Alt Empordà,2025,1,,,0,missing,gencat_incasol_qww9-bvhh,,2026-08-21T21:48:17Z,0.2.0,suppressed,,engineering_pending,0,100,0,,official,default,false
171523,Roses,02,Alt Empordà,2025,308,631.62,31.4659,100,municipality,gencat_incasol_qww9-bvhh,,2026-08-21T21:48:17Z,0.2.0,,,complete,31.4659,31.4659,100,,official,default,true
171539,Rupià,10,Baix Empordà,2025,6,838.33,61.2765,100,municipality,gencat_incasol_qww9-bvhh,,2026-08-21T21:48:17Z,0.2.0,,,complete,61.2765,61.2765,100,,official,default,true
171544,Sales de Llierca,19,Garrotxa,2025,,,,0,missing,gencat_incasol_qww9-bvhh,,2026-08-21T21:48:17Z,0.2.0,not_published,,engineering_pending,0,100,0,,official,default,false
171557,Salt,20,Gironès,2025,306,532.3,17.1425,100,municipality,gencat_incasol_qww9-bvhh,,2026-08-21T21:48:17Z,0.2.0,,,complete,17.1425,17.1425,100,,official,default,true
171576,Sant Andreu Salou,20,Gironès,2025,,,,0,missing,gencat_incasol_qww9-bvhh,,2026-08-21T21:48:17Z,0.2.0,not_published,,engineering_pending,0,100,0,,official,default,false
171582,Sant Climent Sescebes,02,Alt Empordà,2025,8,725.62,45.0221,100,municipality,gencat_incasol_qww9-bvhh,,2026-08-21T21:48:17Z,0.2.0,,,complete,45.0221,45.0221,100,,official,default,true
171595,Sant Feliu de Buixalleu,34,Selva,2025,3,,,0,missing,gencat_incasol_qww9-bvhh,,2026-08-21T21:48:17Z,0.2.0,suppressed,,engineering_pending,0,100,0,,official,default,false
171609,Sant Feliu de Guíxols,10,Baix Empordà,2025,293,688.55,39.676,100,municipality,gencat_incasol_qww9-bvhh,,2026-08-21T21:48:17Z,0.2.0,,,complete,39.676,39.676,100,,official,default,true
171616,Sant Feliu de Pallerols,19,Garrotxa,2025,28,591.96,25.7463,100,municipality,gencat_incasol_qww9-bvhh,,2026-08-21T21:48:17Z,0.2.0,,,complete,25.7463,25.7463,100,,official,default,true
171621,Sant Ferriol,19,Garrotxa,2025,,,,0,missing,gencat_incasol_qww9-bvhh,,2026-08-21T21:48:17Z,0.2.0,not_published,,engineering_pending,0,100,0,,official,default,false
171637,Sant Gregori,20,Gironès,2025,33,945.35,76.7103,100,municipality,gencat_incasol_qww9-bvhh,,2026-08-21T21:48:17Z,0.2.0,,,complete,76.7103,76.7103,100,,official,default,true
171642,Sant Hilari Sacalm,34,Selva,2025,87,525.69,16.1892,100,municipality,gencat_incasol_qww9-bvhh,,2026-08-21T21:48:17Z,0.2.0,,,complete,16.1892,16.1892,100,,official,default,true
171655,Sant Jaume de Llierca,19,Garrotxa,2025,7,557.11,20.7205,100,municipality,gencat_incasol_qww9-bvhh,,2026-08-21T21:48:17Z,0.2.0,,,complete,20.7205,20.7205,100,,official,default,true
171668,Sant Jordi Desvalls,20,Gironès,2025,19,834.21,60.6823,100,municipality,gencat_incasol_qww9-bvhh,,2026-08-21T21:48:17Z,0.2.0,,,complete,60.6823,60.6823,100,,official,default,true
171674,Sant Joan de les Abadesses,31,Ripollès,2025,63,477.21,9.1977,100,municipality,gencat_incasol_qww9-bvhh,,2026-08-21T21:48:17Z,0.2.0,,,complete,9.1977,9.1977,100,,official,default,true
171680,Sant Joan de Mollet,20,Gironès,2025,11,1178.18,100,100,municipality,gencat_incasol_qww9-bvhh,,2026-08-21T21:48:17Z,0.2.0,,,complete,100,100,100,,official,default,true
171693,Sant Julià de Ramis,20,Gironès,2025,22,788.32,54.0643,100,municipality,gencat_incasol_qww9-bvhh,,2026-08-21T21:48:17Z,0.2.0,,,complete,54.0643,54.0643,100,,official,default,true
171707,Vallfogona de Ripollès,31,Ripollès,2025,3,,,0,missing,gencat_incasol_qww9-bvhh,,2026-08-21T21:48:17Z,0.2.0,suppressed,,engineering_pending,0,100,0,,official,default,false
171714,Sant Llorenç de la Muga,02,Alt Empordà,2025,8,615,29.0691,100,municipality,gencat_incasol_qww9-bvhh,,2026-08-21T21:48:17Z,0.2.0,,,complete,29.0691,29.0691,100,,official,default,true
171729,Sant Martí de Llémena,20,Gironès,2025,4,,,0,missing,gencat_incasol_qww9-bvhh,,2026-08-21T21:48:17Z,0.2.0,suppressed,,engineering_pending,0,100,0,,official,default,false
171735,Sant Martí Vell,20,Gironès,2025,,,,0,missing,gencat_incasol_qww9-bvhh,,2026-08-21T21:48:17Z,0.2.0,not_published,,engineering_pending,0,100,0,,official,default,false
171740,Sant Miquel de Campmajor,28,Pla de l'Estany,2025,,,,0,missing,gencat_incasol_qww9-bvhh,,2026-08-21T21:48:17Z,0.2.0,not_published,,engineering_pending,0,100,0,,official,default,false
171753,Sant Miquel de Fluvià,02,Alt Empordà,2025,3,,,0,missing,gencat_incasol_qww9-bvhh,,2026-08-21T21:48:17Z,0.2.0,suppressed,,engineering_pending,0,100,0,,official,default,false
171766,Sant Mori,02,Alt Empordà,2025,5,,,0,missing,gencat_incasol_qww9-bvhh,,2026-08-21T21:48:17Z,0.2.0,suppressed,,engineering_pending,0,100,0,,official,default,false
171772,Sant Pau de Segúries,31,Ripollès,2025,12,600.5,26.9779,100,municipality,gencat_incasol_qww9-bvhh,,2026-08-21T21:48:17Z,0.2.0,,,complete,26.9779,26.9779,100,,official,default,true
171788,Sant Pere Pescador,02,Alt Empordà,2025,25,557.29,20.7464,100,municipality,gencat_incasol_qww9-bvhh,,2026-08-21T21:48:17Z,0.2.0,,,complete,20.7464,20.7464,100,,official,default,true
171805,Santa Coloma de Farners,34,Selva,2025,181,598.37,26.6708,100,municipality,gencat_incasol_qww9-bvhh,,2026-08-21T21:48:17Z,0.2.0,,,complete,26.6708,26.6708,100,,official,default,true
171812,Santa Cristina d'Aro,10,Baix Empordà,2025,42,810.61,57.2789,100,municipality,gencat_incasol_qww9-bvhh,,2026-08-21T21:48:17Z,0.2.0,,,complete,57.2789,57.2789,100,,official,default,true
171827,Santa Llogaia d'Àlguema,02,Alt Empordà,2025,3,,,0,missing,gencat_incasol_qww9-bvhh,,2026-08-21T21:48:17Z,0.2.0,suppressed,,engineering_pending,0,100,0,,official,default,false
171833,Sant Aniol de Finestres,19,Garrotxa,2025,2,,,0,missing,gencat_incasol_qww9-bvhh,,2026-08-21T21:48:17Z,0.2.0,suppressed,,engineering_pending,0,100,0,,official,default,false
171848,Santa Pau,19,Garrotxa,2025,6,620,29.7901,100,municipality,gencat_incasol_qww9-bvhh,,2026-08-21T21:48:17Z,0.2.0,,,complete,29.7901,29.7901,100,,official,default,true
171851,Sant Joan les Fonts,19,Garrotxa,2025,26,524.43,16.0075,100,municipality,gencat_incasol_qww9-bvhh,,2026-08-21T21:48:17Z,0.2.0,,,complete,16.0075,16.0075,100,,official,default,true
171864,Sarrià de Ter,20,Gironès,2025,56,728.11,45.3812,100,municipality,gencat_incasol_qww9-bvhh,,2026-08-21T21:48:17Z,0.2.0,,,complete,45.3812,45.3812,100,,official,default,true
171870,"Saus, Camallera i Llampaies",02,Alt Empordà,2025,9,620,29.7901,100,municipality,gencat_incasol_qww9-bvhh,,2026-08-21T21:48:17Z,0.2.0,,,complete,29.7901,29.7901,100,,official,default,true
171886,la Selva de Mar,02,Alt Empordà,2025,2,,,0,missing,gencat_incasol_qww9-bvhh,,2026-08-21T21:48:17Z,0.2.0,suppressed,,engineering_pending,0,100,0,,official,default,false
171899,la Cellera de Ter,34,Selva,2025,18,589.72,25.4233,100,municipality,gencat_incasol_qww9-bvhh,,2026-08-21T21:48:17Z,0.2.0,,,complete,25.4233,25.4233,100,,official,default,true
171903,Serinyà,28,Pla de l'Estany,2025,15,646,33.5397,100,municipality,gencat_incasol_qww9-bvhh,,2026-08-21T21:48:17Z,0.2.0,,,complete,33.5397,33.5397,100,,official,default,true
171910,Serra de Daró,10,Baix Empordà,2025,1,,,0,missing,gencat_incasol_qww9-bvhh,,2026-08-21T21:48:17Z,0.2.0,suppressed,,engineering_pending,0,100,0,,official,default,false
171925,Setcases,31,Ripollès,2025,,,,0,missing,gencat_incasol_qww9-bvhh,,2026-08-21T21:48:17Z,0.2.0,not_published,,engineering_pending,0,100,0,,official,default,false
171931,Sils,34,Selva,2025,58,638.76,32.4956,100,municipality,gencat_incasol_qww9-bvhh,,2026-08-21T21:48:17Z,0.2.0,,,complete,32.4956,32.4956,100,,official,default,true
171946,Susqueda,34,Selva,2025,2,,,0,missing,gencat_incasol_qww9-bvhh,,2026-08-21T21:48:17Z,0.2.0,suppressed,,engineering_pending,0,100,0,,official,default,false
171959,la Tallada d'Empordà,10,Baix Empordà,2025,4,,,0,missing,gencat_incasol_qww9-bvhh,,2026-08-21T21:48:17Z,0.2.0,suppressed,,engineering_pending,0,100,0,,official,default,false
171962,Terrades,02,Alt Empordà,2025,2,,,0,missing,gencat_incasol_qww9-bvhh,,2026-08-21T21:48:17Z,0.2.0,suppressed,,engineering_pending,0,100,0,,official,default,false
171978,Torrent,10,Baix Empordà,2025,1,,,0,missing,gencat_incasol_qww9-bvhh,,2026-08-21T21:48:17Z,0.2.0,suppressed,,engineering_pending,0,100,0,,official,default,false
171984,Torroella de Fluvià,02,Alt Empordà,2025,13,880,67.2859,100,municipality,gencat_incasol_qww9-bvhh,,2026-08-21T21:48:17Z,0.2.0,,,complete,67.2859,67.2859,100,,official,default,true
171997,Torroella de Montgrí,10,Baix Empordà,2025,153,622.33,30.1261,100,municipality,gencat_incasol_qww9-bvhh,,2026-08-21T21:48:17Z,0.2.0,,,complete,30.1261,30.1261,100,,official,default,true
172001,Tortellà,19,Garrotxa,2025,10,755.7,49.36,100,municipality,gencat_incasol_qww9-bvhh,,2026-08-21T21:48:17Z,0.2.0,,,complete,49.36,49.36,100,,official,default,true
172018,Toses,31,Ripollès,2025,3,,,0,missing,gencat_incasol_qww9-bvhh,,2026-08-21T21:48:17Z,0.2.0,suppressed,,engineering_pending,0,100,0,,official,default,false
172023,Tossa de Mar,34,Selva,2025,84,692.65,40.2673,100,municipality,gencat_incasol_qww9-bvhh,,2026-08-21T21:48:17Z,0.2.0,,,complete,40.2673,40.2673,100,,official,default,true
172039,Ultramort,10,Baix Empordà,2025,6,779.17,52.7448,100,municipality,gencat_incasol_qww9-bvhh,,2026-08-21T21:48:17Z,0.2.0,,,complete,52.7448,52.7448,100,,official,default,true
172044,Ullà,10,Baix Empordà,2025,8,566.25,22.0386,100,municipality,gencat_incasol_qww9-bvhh,,2026-08-21T21:48:17Z,0.2.0,,,complete,22.0386,22.0386,100,,official,default,true
172057,Ullastret,10,Baix Empordà,2025,6,1183.33,100,100,municipality,gencat_incasol_qww9-bvhh,,2026-08-21T21:48:17Z,0.2.0,,,complete,100,100,100,,official,default,true
172060,Urús,15,Cerdanya,2025,1,,,0,missing,gencat_incasol_qww9-bvhh,,2026-08-21T21:48:17Z,0.2.0,suppressed,,engineering_pending,0,100,0,,official,default,false
172076,la Vall d'en Bas,19,Garrotxa,2025,34,646.76,33.6493,100,municipality,gencat_incasol_qww9-bvhh,,2026-08-21T21:48:17Z,0.2.0,,,complete,33.6493,33.6493,100,,official,default,true
172082,la Vall de Bianya,19,Garrotxa,2025,15,675.33,37.7695,100,municipality,gencat_incasol_qww9-bvhh,,2026-08-21T21:48:17Z,0.2.0,,,complete,37.7695,37.7695,100,,official,default,true
172095,Vall-llobrega,10,Baix Empordà,2025,5,,,0,missing,gencat_incasol_qww9-bvhh,,2026-08-21T21:48:17Z,0.2.0,suppressed,,engineering_pending,0,100,0,,official,default,false
172109,Ventalló,02,Alt Empordà,2025,13,790.77,54.4177,100,municipality,gencat_incasol_qww9-bvhh,,2026-08-21T21:48:17Z,0.2.0,,,complete,54.4177,54.4177,100,,official,default,true
172116,Verges,10,Baix Empordà,2025,29,663.48,36.0606,100,municipality,gencat_incasol_qww9-bvhh,,2026-08-21T21:48:17Z,0.2.0,,,complete,36.0606,36.0606,100,,official,default,true
172121,Vidrà,24,Osona,2025,3,,,0,missing,gencat_incasol_qww9-bvhh,,2026-08-21T21:48:17Z,0.2.0,suppressed,,engineering_pending,0,100,0,,official,default,false
172137,Vidreres,34,Selva,2025,48,748.13,48.2683,100,municipality,gencat_incasol_qww9-bvhh,,2026-08-21T21:48:17Z,0.2.0,,,complete,48.2683,48.2683,100,,official,default,true
172142,Vilabertran,02,Alt Empordà,2025,7,778.57,52.6582,100,municipality,gencat_incasol_qww9-bvhh,,2026-08-21T21:48:17Z,0.2.0,,,complete,52.6582,52.6582,100,,official,default,true
172155,Vilablareix,20,Gironès,2025,42,1327.86,100,100,municipality,gencat_incasol_qww9-bvhh,,2026-08-21T21:48:17Z,0.2.0,,,complete,100,100,100,,official,default,true
172168,Viladasens,20,Gironès,2025,2,,,0,missing,gencat_incasol_qww9-bvhh,,2026-08-21T21:48:17Z,0.2.0,suppressed,,engineering_pending,0,100,0,,official,default,false
172174,Viladamat,02,Alt Empordà,2025,5,,,0,missing,gencat_incasol_qww9-bvhh,,2026-08-21T21:48:17Z,0.2.0,suppressed,,engineering_pending,0,100,0,,official,default,false
172180,Vilademuls,28,Pla de l'Estany,2025,7,734,46.2306,100,municipality,gencat_incasol_qww9-bvhh,,2026-08-21T21:48:17Z,0.2.0,,,complete,46.2306,46.2306,100,,official,default,true
172207,Viladrau,24,Osona,2025,23,770.33,51.4699,100,municipality,gencat_incasol_qww9-bvhh,,2026-08-21T21:48:17Z,0.2.0,,,complete,51.4699,51.4699,100,,official,default,true
172214,Vilafant,02,Alt Empordà,2025,34,757.35,49.598,100,municipality,gencat_incasol_qww9-bvhh,,2026-08-21T21:48:17Z,0.2.0,,,complete,49.598,49.598,100,,official,default,true
172229,Vilaür,02,Alt Empordà,2025,2,,,0,missing,gencat_incasol_qww9-bvhh,,2026-08-21T21:48:17Z,0.2.0,suppressed,,engineering_pending,0,100,0,,official,default,false
172235,Vilajuïga,02,Alt Empordà,2025,11,595.45,26.2497,100,municipality,gencat_incasol_qww9-bvhh,,2026-08-21T21:48:17Z,0.2.0,,,complete,26.2497,26.2497,100,,official,default,true
172240,Vilallonga de Ter,31,Ripollès,2025,7,609.29,28.2456,100,municipality,gencat_incasol_qww9-bvhh,,2026-08-21T21:48:17Z,0.2.0,,,complete,28.2456,28.2456,100,,official,default,true
172253,Vilamacolum,02,Alt Empordà,2025,4,,,0,missing,gencat_incasol_qww9-bvhh,,2026-08-21T21:48:17Z,0.2.0,suppressed,,engineering_pending,0,100,0,,official,default,false
172266,Vilamalla,02,Alt Empordà,2025,6,705,42.0484,100,municipality,gencat_incasol_qww9-bvhh,,2026-08-21T21:48:17Z,0.2.0,,,complete,42.0484,42.0484,100,,official,default,true
172272,Vilamaniscle,02,Alt Empordà,2025,2,,,0,missing,gencat_incasol_qww9-bvhh,,2026-08-21T21:48:17Z,0.2.0,suppressed,,engineering_pending,0,100,0,,official,default,false
172288,Vilanant,02,Alt Empordà,2025,4,,,0,missing,gencat_incasol_qww9-bvhh,,2026-08-21T21:48:17Z,0.2.0,suppressed,,engineering_pending,0,100,0,,official,default,false
172305,Vila-sacra,02,Alt Empordà,2025,7,566.43,22.0645,100,municipality,gencat_incasol_qww9-bvhh,,2026-08-21T21:48:17Z,0.2.0,,,complete,22.0645,22.0645,100,,official,default,true
172327,Vilopriu,10,Baix Empordà,2025,6,1204.17,100,100,municipality,gencat_incasol_qww9-bvhh,,2026-08-21T21:48:17Z,0.2.0,,,complete,100,100,100,,official,default,true
172333,Vilobí d'Onyar,34,Selva,2025,41,567.93,22.2809,100,municipality,gencat_incasol_qww9-bvhh,,2026-08-21T21:48:17Z,0.2.0,,,complete,22.2809,22.2809,100,,official,default,true
172348,Biure,02,Alt Empordà,2025,1,,,0,missing,gencat_incasol_qww9-bvhh,,2026-08-21T21:48:17Z,0.2.0,suppressed,,engineering_pending,0,100,0,,official,default,false
179011,"Cruïlles, Monells i Sant Sadurní de l'Heura",10,Baix Empordà,2025,7,1017.86,87.1674,100,municipality,gencat_incasol_qww9-bvhh,,2026-08-21T21:48:17Z,0.2.0,,,complete,87.1674,87.1674,100,,official,default,true
179026,Forallac,10,Baix Empordà,2025,19,784.16,53.4644,100,municipality,gencat_incasol_qww9-bvhh,,2026-08-21T21:48:17Z,0.2.0,,,complete,53.4644,53.4644,100,,official,default,true
179032,Sant Julià del Llor i Bonmatí,34,Selva,2025,24,616.04,29.219,100,municipality,gencat_incasol_qww9-bvhh,,2026-08-21T21:48:17Z,0.2.0,,,complete,29.219,29.219,100,,official,default,true
250019,Abella de la Conca,25,Pallars Jussà,2025,,,,0,missing,gencat_incasol_qww9-bvhh,,2026-08-21T21:48:17Z,0.2.0,not_published,,engineering_pending,0,100,0,,official,default,false
250024,Àger,23,Noguera,2025,7,432.86,2.8018,100,municipality,gencat_incasol_qww9-bvhh,,2026-08-21T21:48:17Z,0.2.0,,,complete,2.8018,2.8018,100,,official,default,true
250030,Agramunt,38,Urgell,2025,104,425.39,1.7245,100,municipality,gencat_incasol_qww9-bvhh,,2026-08-21T21:48:17Z,0.2.0,,,complete,1.7245,1.7245,100,,official,default,true
250045,els Alamús,33,Segrià,2025,8,566.88,22.1294,100,municipality,gencat_incasol_qww9-bvhh,,2026-08-21T21:48:17Z,0.2.0,,,complete,22.1294,22.1294,100,,official,default,true
250058,Alàs i Cerc,04,Alt Urgell,2025,4,,,0,missing,gencat_incasol_qww9-bvhh,,2026-08-21T21:48:17Z,0.2.0,suppressed,,engineering_pending,0,100,0,,official,default,false
250061,l'Albagés,18,Garrigues,2025,1,,,0,missing,gencat_incasol_qww9-bvhh,,2026-08-21T21:48:17Z,0.2.0,suppressed,,engineering_pending,0,100,0,,official,default,false
250077,Albatàrrec,33,Segrià,2025,13,506.36,13.4016,100,municipality,gencat_incasol_qww9-bvhh,,2026-08-21T21:48:17Z,0.2.0,,,complete,13.4016,13.4016,100,,official,default,true
250083,Albesa,23,Noguera,2025,5,,,0,missing,gencat_incasol_qww9-bvhh,,2026-08-21T21:48:17Z,0.2.0,suppressed,,engineering_pending,0,100,0,,official,default,false
250096,l'Albi,18,Garrigues,2025,3,,,0,missing,gencat_incasol_qww9-bvhh,,2026-08-21T21:48:17Z,0.2.0,suppressed,,engineering_pending,0,100,0,,official,default,false
250100,Alcanó,33,Segrià,2025,,,,0,missing,gencat_incasol_qww9-bvhh,,2026-08-21T21:48:17Z,0.2.0,not_published,,engineering_pending,0,100,0,,official,default,false
250117,Alcarràs,33,Segrià,2025,125,476.65,9.117,100,municipality,gencat_incasol_qww9-bvhh,,2026-08-21T21:48:17Z,0.2.0,,,complete,9.117,9.117,100,,official,default,true
250122,Alcoletge,33,Segrià,2025,44,476.18,9.0492,100,municipality,gencat_incasol_qww9-bvhh,,2026-08-21T21:48:17Z,0.2.0,,,complete,9.0492,9.0492,100,,official,default,true
250138,Alfarràs,33,Segrià,2025,18,452.5,5.6342,100,municipality,gencat_incasol_qww9-bvhh,,2026-08-21T21:48:17Z,0.2.0,,,complete,5.6342,5.6342,100,,official,default,true
250143,Alfés,33,Segrià,2025,1,,,0,missing,gencat_incasol_qww9-bvhh,,2026-08-21T21:48:17Z,0.2.0,suppressed,,engineering_pending,0,100,0,,official,default,false
250156,Algerri,23,Noguera,2025,,,,0,missing,gencat_incasol_qww9-bvhh,,2026-08-21T21:48:17Z,0.2.0,not_published,,engineering_pending,0,100,0,,official,default,false
250169,Alguaire,33,Segrià,2025,29,469.49,8.0844,100,municipality,gencat_incasol_qww9-bvhh,,2026-08-21T21:48:17Z,0.2.0,,,complete,8.0844,8.0844,100,,official,default,true
250175,Alins,26,Pallars Sobirà,2025,1,,,0,missing,gencat_incasol_qww9-bvhh,,2026-08-21T21:48:17Z,0.2.0,suppressed,,engineering_pending,0,100,0,,official,default,false
250194,Almacelles,33,Segrià,2025,72,450.44,5.3371,100,municipality,gencat_incasol_qww9-bvhh,,2026-08-21T21:48:17Z,0.2.0,,,complete,5.3371,5.3371,100,,official,default,true
250208,Almatret,33,Segrià,2025,1,,,0,missing,gencat_incasol_qww9-bvhh,,2026-08-21T21:48:17Z,0.2.0,suppressed,,engineering_pending,0,100,0,,official,default,false
250215,Almenar,33,Segrià,2025,16,434.39,3.0224,100,municipality,gencat_incasol_qww9-bvhh,,2026-08-21T21:48:17Z,0.2.0,,,complete,3.0224,3.0224,100,,official,default,true
250220,Alòs de Balaguer,23,Noguera,2025,3,,,0,missing,gencat_incasol_qww9-bvhh,,2026-08-21T21:48:17Z,0.2.0,suppressed,,engineering_pending,0,100,0,,official,default,false
250236,Alpicat,33,Segrià,2025,31,725.26,44.9702,100,municipality,gencat_incasol_qww9-bvhh,,2026-08-21T21:48:17Z,0.2.0,,,complete,44.9702,44.9702,100,,official,default,true
250241,Alt Àneu,26,Pallars Sobirà,2025,3,,,0,missing,gencat_incasol_qww9-bvhh,,2026-08-21T21:48:17Z,0.2.0,suppressed,,engineering_pending,0,100,0,,official,default,false
250254,Naut Aran,39,Val d'Aran,2025,9,1081.11,96.2889,100,municipality,gencat_incasol_qww9-bvhh,,2026-08-21T21:48:17Z,0.2.0,,,complete,96.2889,96.2889,100,,official,default,true
250273,Anglesola,38,Urgell,2025,14,526.07,16.244,100,municipality,gencat_incasol_qww9-bvhh,,2026-08-21T21:48:17Z,0.2.0,,,complete,16.244,16.244,100,,official,default,true
250292,Arbeca,18,Garrigues,2025,12,423.33,1.4274,100,municipality,gencat_incasol_qww9-bvhh,,2026-08-21T21:48:17Z,0.2.0,,,complete,1.4274,1.4274,100,,official,default,true
250306,el Pont de Bar,04,Alt Urgell,2025,1,,,0,missing,gencat_incasol_qww9-bvhh,,2026-08-21T21:48:17Z,0.2.0,suppressed,,engineering_pending,0,100,0,,official,default,false
250313,Arres,39,Val d'Aran,2025,,,,0,missing,gencat_incasol_qww9-bvhh,,2026-08-21T21:48:17Z,0.2.0,not_published,,engineering_pending,0,100,0,,official,default,false
250328,Arsèguel,04,Alt Urgell,2025,1,,,0,missing,gencat_incasol_qww9-bvhh,,2026-08-21T21:48:17Z,0.2.0,suppressed,,engineering_pending,0,100,0,,official,default,false
250334,Artesa de Lleida,33,Segrià,2025,8,440.62,3.9209,100,municipality,gencat_incasol_qww9-bvhh,,2026-08-21T21:48:17Z,0.2.0,,,complete,3.9209,3.9209,100,,official,default,true
250349,Artesa de Segre,23,Noguera,2025,85,375.05,0,100,municipality,gencat_incasol_qww9-bvhh,,2026-08-21T21:48:17Z,0.2.0,,,complete,0,0,100,,official,default,true
250352,la Sentiu de Sió,23,Noguera,2025,2,,,0,missing,gencat_incasol_qww9-bvhh,,2026-08-21T21:48:17Z,0.2.0,suppressed,,engineering_pending,0,100,0,,official,default,false
250365,Aspa,33,Segrià,2025,1,,,0,missing,gencat_incasol_qww9-bvhh,,2026-08-21T21:48:17Z,0.2.0,suppressed,,engineering_pending,0,100,0,,official,default,false
250371,les Avellanes i Santa Linya,23,Noguera,2025,2,,,0,missing,gencat_incasol_qww9-bvhh,,2026-08-21T21:48:17Z,0.2.0,suppressed,,engineering_pending,0,100,0,,official,default,false
250387,Aitona,33,Segrià,2025,19,376.84,0,100,municipality,gencat_incasol_qww9-bvhh,,2026-08-21T21:48:17Z,0.2.0,,,complete,0,0,100,,official,default,true
250390,Baix Pallars,26,Pallars Sobirà,2025,9,431.11,2.5494,100,municipality,gencat_incasol_qww9-bvhh,,2026-08-21T21:48:17Z,0.2.0,,,complete,2.5494,2.5494,100,,official,default,true
250404,Balaguer,23,Noguera,2025,270,435,3.1104,100,municipality,gencat_incasol_qww9-bvhh,,2026-08-21T21:48:17Z,0.2.0,,,complete,3.1104,3.1104,100,,official,default,true
250411,Barbens,27,Pla d'Urgell,2025,5,,,0,missing,gencat_incasol_qww9-bvhh,,2026-08-21T21:48:17Z,0.2.0,suppressed,,engineering_pending,0,100,0,,official,default,false
250426,la Baronia de Rialb,23,Noguera,2025,1,,,0,missing,gencat_incasol_qww9-bvhh,,2026-08-21T21:48:17Z,0.2.0,suppressed,,engineering_pending,0,100,0,,official,default,false
250432,la Vall de Boí,05,Alta Ribagorça,2025,15,519.47,15.2922,100,municipality,gencat_incasol_qww9-bvhh,,2026-08-21T21:48:17Z,0.2.0,,,complete,15.2922,15.2922,100,,official,default,true
250447,Bassella,04,Alt Urgell,2025,2,,,0,missing,gencat_incasol_qww9-bvhh,,2026-08-21T21:48:17Z,0.2.0,suppressed,,engineering_pending,0,100,0,,official,default,false
250450,Bausen,39,Val d'Aran,2025,,,,0,missing,gencat_incasol_qww9-bvhh,,2026-08-21T21:48:17Z,0.2.0,not_published,,engineering_pending,0,100,0,,official,default,false
250463,Belianes,38,Urgell,2025,4,,,0,missing,gencat_incasol_qww9-bvhh,,2026-08-21T21:48:17Z,0.2.0,suppressed,,engineering_pending,0,100,0,,official,default,false
250479,Bellcaire d'Urgell,23,Noguera,2025,11,545,18.974,100,municipality,gencat_incasol_qww9-bvhh,,2026-08-21T21:48:17Z,0.2.0,,,complete,18.974,18.974,100,,official,default,true
250485,Bell-lloc d'Urgell,27,Pla d'Urgell,2025,22,530.77,16.9219,100,municipality,gencat_incasol_qww9-bvhh,,2026-08-21T21:48:17Z,0.2.0,,,complete,16.9219,16.9219,100,,official,default,true
250498,Bellmunt d'Urgell,23,Noguera,2025,1,,,0,missing,gencat_incasol_qww9-bvhh,,2026-08-21T21:48:17Z,0.2.0,suppressed,,engineering_pending,0,100,0,,official,default,false
250501,Bellpuig,38,Urgell,2025,66,442.87,4.2454,100,municipality,gencat_incasol_qww9-bvhh,,2026-08-21T21:48:17Z,0.2.0,,,complete,4.2454,4.2454,100,,official,default,true
250518,Bellver de Cerdanya,15,Cerdanya,2025,39,636.13,32.1163,100,municipality,gencat_incasol_qww9-bvhh,,2026-08-21T21:48:17Z,0.2.0,,,complete,32.1163,32.1163,100,,official,default,true
250523,Bellvís,27,Pla d'Urgell,2025,14,423.57,1.462,100,municipality,gencat_incasol_qww9-bvhh,,2026-08-21T21:48:17Z,0.2.0,,,complete,1.462,1.462,100,,official,default,true
250539,Benavent de Segrià,33,Segrià,2025,5,,,0,missing,gencat_incasol_qww9-bvhh,,2026-08-21T21:48:17Z,0.2.0,suppressed,,engineering_pending,0,100,0,,official,default,false
250557,Biosca,35,Solsonès,2025,1,,,0,missing,gencat_incasol_qww9-bvhh,,2026-08-21T21:48:17Z,0.2.0,suppressed,,engineering_pending,0,100,0,,official,default,false
250560,Bovera,18,Garrigues,2025,,,,0,missing,gencat_incasol_qww9-bvhh,,2026-08-21T21:48:17Z,0.2.0,not_published,,engineering_pending,0,100,0,,official,default,false
250576,Es Bòrdes,39,Val d'Aran,2025,3,,,0,missing,gencat_incasol_qww9-bvhh,,2026-08-21T21:48:17Z,0.2.0,suppressed,,engineering_pending,0,100,0,,official,default,false
250582,les Borges Blanques,18,Garrigues,2025,101,435.08,3.122,100,municipality,gencat_incasol_qww9-bvhh,,2026-08-21T21:48:17Z,0.2.0,,,complete,3.122,3.122,100,,official,default,true
250595,Bossòst,39,Val d'Aran,2025,6,392.4,0,100,municipality,gencat_incasol_qww9-bvhh,,2026-08-21T21:48:17Z,0.2.0,,,complete,0,0,100,,official,default,true
250609,Cabanabona,23,Noguera,2025,,,,0,missing,gencat_incasol_qww9-bvhh,,2026-08-21T21:48:17Z,0.2.0,not_published,,engineering_pending,0,100,0,,official,default,false
250616,Cabó,04,Alt Urgell,2025,1,,,0,missing,gencat_incasol_qww9-bvhh,,2026-08-21T21:48:17Z,0.2.0,suppressed,,engineering_pending,0,100,0,,official,default,false
250621,Camarasa,23,Noguera,2025,7,439.29,3.7291,100,municipality,gencat_incasol_qww9-bvhh,,2026-08-21T21:48:17Z,0.2.0,,,complete,3.7291,3.7291,100,,official,default,true
250637,Canejan,39,Val d'Aran,2025,,,,0,missing,gencat_incasol_qww9-bvhh,,2026-08-21T21:48:17Z,0.2.0,not_published,,engineering_pending,0,100,0,,official,default,false
250642,Castellar de la Ribera,35,Solsonès,2025,1,,,0,missing,gencat_incasol_qww9-bvhh,,2026-08-21T21:48:17Z,0.2.0,suppressed,,engineering_pending,0,100,0,,official,default,false
250674,Castelldans,18,Garrigues,2025,3,,,0,missing,gencat_incasol_qww9-bvhh,,2026-08-21T21:48:17Z,0.2.0,suppressed,,engineering_pending,0,100,0,,official,default,false
250680,Castellnou de Seana,27,Pla d'Urgell,2025,5,,,0,missing,gencat_incasol_qww9-bvhh,,2026-08-21T21:48:17Z,0.2.0,suppressed,,engineering_pending,0,100,0,,official,default,false
250693,Castelló de Farfanya,23,Noguera,2025,8,444.38,4.4632,100,municipality,gencat_incasol_qww9-bvhh,,2026-08-21T21:48:17Z,0.2.0,,,complete,4.4632,4.4632,100,,official,default,true
250707,Castellserà,38,Urgell,2025,15,497.59,12.1368,100,municipality,gencat_incasol_qww9-bvhh,,2026-08-21T21:48:17Z,0.2.0,,,complete,12.1368,12.1368,100,,official,default,true
250714,Cava,04,Alt Urgell,2025,1,,,0,missing,gencat_incasol_qww9-bvhh,,2026-08-21T21:48:17Z,0.2.0,suppressed,,engineering_pending,0,100,0,,official,default,false
250729,Cervera,32,Segarra,2025,137,411.99,0,100,municipality,gencat_incasol_qww9-bvhh,,2026-08-21T21:48:17Z,0.2.0,,,complete,0,0,100,,official,default,true
250735,Cervià de les Garrigues,18,Garrigues,2025,4,,,0,missing,gencat_incasol_qww9-bvhh,,2026-08-21T21:48:17Z,0.2.0,suppressed,,engineering_pending,0,100,0,,official,default,false
250740,Ciutadilla,38,Urgell,2025,1,,,0,missing,gencat_incasol_qww9-bvhh,,2026-08-21T21:48:17Z,0.2.0,suppressed,,engineering_pending,0,100,0,,official,default,false
250753,Clariana de Cardener,35,Solsonès,2025,,,,0,missing,gencat_incasol_qww9-bvhh,,2026-08-21T21:48:17Z,0.2.0,not_published,,engineering_pending,0,100,0,,official,default,false
250766,el Cogul,18,Garrigues,2025,,,,0,missing,gencat_incasol_qww9-bvhh,,2026-08-21T21:48:17Z,0.2.0,not_published,,engineering_pending,0,100,0,,official,default,false
250772,Coll de Nargó,04,Alt Urgell,2025,7,476.76,9.1328,100,municipality,gencat_incasol_qww9-bvhh,,2026-08-21T21:48:17Z,0.2.0,,,complete,9.1328,9.1328,100,,official,default,true
250788,Corbins,33,Segrià,2025,4,,,0,missing,gencat_incasol_qww9-bvhh,,2026-08-21T21:48:17Z,0.2.0,suppressed,,engineering_pending,0,100,0,,official,default,false
250791,Cubells,23,Noguera,2025,4,,,0,missing,gencat_incasol_qww9-bvhh,,2026-08-21T21:48:17Z,0.2.0,suppressed,,engineering_pending,0,100,0,,official,default,false
250812,l'Espluga Calba,18,Garrigues,2025,1,,,0,missing,gencat_incasol_qww9-bvhh,,2026-08-21T21:48:17Z,0.2.0,suppressed,,engineering_pending,0,100,0,,official,default,false
250827,Espot,26,Pallars Sobirà,2025,2,,,0,missing,gencat_incasol_qww9-bvhh,,2026-08-21T21:48:17Z,0.2.0,suppressed,,engineering_pending,0,100,0,,official,default,false
250851,Estaràs,32,Segarra,2025,,,,0,missing,gencat_incasol_qww9-bvhh,,2026-08-21T21:48:17Z,0.2.0,not_published,,engineering_pending,0,100,0,,official,default,false
250864,Esterri d'Àneu,26,Pallars Sobirà,2025,21,588.81,25.2921,100,municipality,gencat_incasol_qww9-bvhh,,2026-08-21T21:48:17Z,0.2.0,,,complete,25.2921,25.2921,100,,official,default,true
250870,Esterri de Cardós,26,Pallars Sobirà,2025,,,,0,missing,gencat_incasol_qww9-bvhh,,2026-08-21T21:48:17Z,0.2.0,not_published,,engineering_pending,0,100,0,,official,default,false
250886,Estamariu,04,Alt Urgell,2025,,,,0,missing,gencat_incasol_qww9-bvhh,,2026-08-21T21:48:17Z,0.2.0,not_published,,engineering_pending,0,100,0,,official,default,false
250899,Farrera,26,Pallars Sobirà,2025,2,,,0,missing,gencat_incasol_qww9-bvhh,,2026-08-21T21:48:17Z,0.2.0,suppressed,,engineering_pending,0,100,0,,official,default,false
250925,la Floresta,18,Garrigues,2025,1,,,0,missing,gencat_incasol_qww9-bvhh,,2026-08-21T21:48:17Z,0.2.0,suppressed,,engineering_pending,0,100,0,,official,default,false
250931,Fondarella,27,Pla d'Urgell,2025,2,,,0,missing,gencat_incasol_qww9-bvhh,,2026-08-21T21:48:17Z,0.2.0,suppressed,,engineering_pending,0,100,0,,official,default,false
250946,Foradada,23,Noguera,2025,1,,,0,missing,gencat_incasol_qww9-bvhh,,2026-08-21T21:48:17Z,0.2.0,suppressed,,engineering_pending,0,100,0,,official,default,false
250962,la Fuliola,38,Urgell,2025,9,427.78,2.0692,100,municipality,gencat_incasol_qww9-bvhh,,2026-08-21T21:48:17Z,0.2.0,,,complete,2.0692,2.0692,100,,official,default,true
250978,Fulleda,18,Garrigues,2025,,,,0,missing,gencat_incasol_qww9-bvhh,,2026-08-21T21:48:17Z,0.2.0,not_published,,engineering_pending,0,100,0,,official,default,false
250984,Gavet de la Conca,25,Pallars Jussà,2025,,,,0,missing,gencat_incasol_qww9-bvhh,,2026-08-21T21:48:17Z,0.2.0,not_published,,engineering_pending,0,100,0,,official,default,false
250997,Golmés,27,Pla d'Urgell,2025,14,498.11,12.2118,100,municipality,gencat_incasol_qww9-bvhh,,2026-08-21T21:48:17Z,0.2.0,,,complete,12.2118,12.2118,100,,official,default,true
251001,Gósol,14,Berguedà,2025,3,,,0,missing,gencat_incasol_qww9-bvhh,,2026-08-21T21:48:17Z,0.2.0,suppressed,,engineering_pending,0,100,0,,official,default,false
251018,la Granadella,18,Garrigues,2025,3,,,0,missing,gencat_incasol_qww9-bvhh,,2026-08-21T21:48:17Z,0.2.0,suppressed,,engineering_pending,0,100,0,,official,default,false
251023,la Granja d'Escarp,33,Segrià,2025,5,,,0,missing,gencat_incasol_qww9-bvhh,,2026-08-21T21:48:17Z,0.2.0,suppressed,,engineering_pending,0,100,0,,official,default,false
251039,Granyanella,32,Segarra,2025,1,,,0,missing,gencat_incasol_qww9-bvhh,,2026-08-21T21:48:17Z,0.2.0,suppressed,,engineering_pending,0,100,0,,official,default,false
251044,Granyena de Segarra,32,Segarra,2025,,,,0,missing,gencat_incasol_qww9-bvhh,,2026-08-21T21:48:17Z,0.2.0,not_published,,engineering_pending,0,100,0,,official,default,false
251057,Granyena de les Garrigues,18,Garrigues,2025,1,,,0,missing,gencat_incasol_qww9-bvhh,,2026-08-21T21:48:17Z,0.2.0,suppressed,,engineering_pending,0,100,0,,official,default,false
251095,Guimerà,38,Urgell,2025,,,,0,missing,gencat_incasol_qww9-bvhh,,2026-08-21T21:48:17Z,0.2.0,not_published,,engineering_pending,0,100,0,,official,default,false
251109,Guissona,32,Segarra,2025,105,459.07,6.5817,100,municipality,gencat_incasol_qww9-bvhh,,2026-08-21T21:48:17Z,0.2.0,,,complete,6.5817,6.5817,100,,official,default,true
251116,Guixers,35,Solsonès,2025,3,,,0,missing,gencat_incasol_qww9-bvhh,,2026-08-21T21:48:17Z,0.2.0,suppressed,,engineering_pending,0,100,0,,official,default,false
251121,Ivars de Noguera,23,Noguera,2025,1,,,0,missing,gencat_incasol_qww9-bvhh,,2026-08-21T21:48:17Z,0.2.0,suppressed,,engineering_pending,0,100,0,,official,default,false
251137,Ivars d'Urgell,27,Pla d'Urgell,2025,10,432.29,2.7196,100,municipality,gencat_incasol_qww9-bvhh,,2026-08-21T21:48:17Z,0.2.0,,,complete,2.7196,2.7196,100,,official,default,true
251142,Ivorra,32,Segarra,2025,2,,,0,missing,gencat_incasol_qww9-bvhh,,2026-08-21T21:48:17Z,0.2.0,suppressed,,engineering_pending,0,100,0,,official,default,false
251155,Isona i Conca Dellà,25,Pallars Jussà,2025,8,503.75,13.0252,100,municipality,gencat_incasol_qww9-bvhh,,2026-08-21T21:48:17Z,0.2.0,,,complete,13.0252,13.0252,100,,official,default,true
251180,Juncosa,18,Garrigues,2025,1,,,0,missing,gencat_incasol_qww9-bvhh,,2026-08-21T21:48:17Z,0.2.0,suppressed,,engineering_pending,0,100,0,,official,default,false
251193,Juneda,18,Garrigues,2025,20,440.42,3.8921,100,municipality,gencat_incasol_qww9-bvhh,,2026-08-21T21:48:17Z,0.2.0,,,complete,3.8921,3.8921,100,,official,default,true
251207,Lleida,33,Segrià,2025,2140,578.84,23.8543,100,municipality,gencat_incasol_qww9-bvhh,,2026-08-21T21:48:17Z,0.2.0,,,complete,23.8543,23.8543,100,,official,default,true
251214,Les,39,Val d'Aran,2025,12,624.17,30.3915,100,municipality,gencat_incasol_qww9-bvhh,,2026-08-21T21:48:17Z,0.2.0,,,complete,30.3915,30.3915,100,,official,default,true
251229,Linyola,27,Pla d'Urgell,2025,34,418.37,0.7121,100,municipality,gencat_incasol_qww9-bvhh,,2026-08-21T21:48:17Z,0.2.0,,,complete,0.7121,0.7121,100,,official,default,true
251235,Lladorre,26,Pallars Sobirà,2025,,,,0,missing,gencat_incasol_qww9-bvhh,,2026-08-21T21:48:17Z,0.2.0,not_published,,engineering_pending,0,100,0,,official,default,false
251240,Lladurs,35,Solsonès,2025,2,,,0,missing,gencat_incasol_qww9-bvhh,,2026-08-21T21:48:17Z,0.2.0,suppressed,,engineering_pending,0,100,0,,official,default,false
251253,Llardecans,33,Segrià,2025,1,,,0,missing,gencat_incasol_qww9-bvhh,,2026-08-21T21:48:17Z,0.2.0,suppressed,,engineering_pending,0,100,0,,official,default,false
251266,Llavorsí,26,Pallars Sobirà,2025,4,,,0,missing,gencat_incasol_qww9-bvhh,,2026-08-21T21:48:17Z,0.2.0,suppressed,,engineering_pending,0,100,0,,official,default,false
251272,Lles de Cerdanya,15,Cerdanya,2025,1,,,0,missing,gencat_incasol_qww9-bvhh,,2026-08-21T21:48:17Z,0.2.0,suppressed,,engineering_pending,0,100,0,,official,default,false
251288,Llimiana,25,Pallars Jussà,2025,1,,,0,missing,gencat_incasol_qww9-bvhh,,2026-08-21T21:48:17Z,0.2.0,suppressed,,engineering_pending,0,100,0,,official,default,false
251291,Llobera,35,Solsonès,2025,1,,,0,missing,gencat_incasol_qww9-bvhh,,2026-08-21T21:48:17Z,0.2.0,suppressed,,engineering_pending,0,100,0,,official,default,false
251305,Maldà,38,Urgell,2025,4,,,0,missing,gencat_incasol_qww9-bvhh,,2026-08-21T21:48:17Z,0.2.0,suppressed,,engineering_pending,0,100,0,,official,default,false
251312,Massalcoreig,33,Segrià,2025,1,,,0,missing,gencat_incasol_qww9-bvhh,,2026-08-21T21:48:17Z,0.2.0,suppressed,,engineering_pending,0,100,0,,official,default,false
251327,Massoteres,32,Segarra,2025,1,,,0,missing,gencat_incasol_qww9-bvhh,,2026-08-21T21:48:17Z,0.2.0,suppressed,,engineering_pending,0,100,0,,official,default,false
251333,Maials,33,Segrià,2025,4,,,0,missing,gencat_incasol_qww9-bvhh,,2026-08-21T21:48:17Z,0.2.0,suppressed,,engineering_pending,0,100,0,,official,default,false
251348,Menàrguens,23,Noguera,2025,5,,,0,missing,gencat_incasol_qww9-bvhh,,2026-08-21T21:48:17Z,0.2.0,suppressed,,engineering_pending,0,100,0,,official,default,false
251351,Miralcamp,27,Pla d'Urgell,2025,6,425,1.6683,100,municipality,gencat_incasol_qww9-bvhh,,2026-08-21T21:48:17Z,0.2.0,,,complete,1.6683,1.6683,100,,official,default,true
251364,la Molsosa,35,Solsonès,2025,,,,0,missing,gencat_incasol_qww9-bvhh,,2026-08-21T21:48:17Z,0.2.0,not_published,,engineering_pending,0,100,0,,official,default,false
251370,Mollerussa,27,Pla d'Urgell,2025,277,453.19,5.7337,100,municipality,gencat_incasol_qww9-bvhh,,2026-08-21T21:48:17Z,0.2.0,,,complete,5.7337,5.7337,100,,official,default,true
251386,Montgai,23,Noguera,2025,2,,,0,missing,gencat_incasol_qww9-bvhh,,2026-08-21T21:48:17Z,0.2.0,suppressed,,engineering_pending,0,100,0,,official,default,false
251399,Montellà i Martinet,15,Cerdanya,2025,19,617.4,29.4152,100,municipality,gencat_incasol_qww9-bvhh,,2026-08-21T21:48:17Z,0.2.0,,,complete,29.4152,29.4152,100,,official,default,true
251403,Montferrer i Castellbò,04,Alt Urgell,2025,9,826.67,59.595,100,municipality,gencat_incasol_qww9-bvhh,,2026-08-21T21:48:17Z,0.2.0,,,complete,59.595,59.595,100,,official,default,true
251410,Montoliu de Segarra,32,Segarra,2025,1,,,0,missing,gencat_incasol_qww9-bvhh,,2026-08-21T21:48:17Z,0.2.0,suppressed,,engineering_pending,0,100,0,,official,default,false
251425,Montoliu de Lleida,33,Segrià,2025,1,,,0,missing,gencat_incasol_qww9-bvhh,,2026-08-21T21:48:17Z,0.2.0,suppressed,,engineering_pending,0,100,0,,official,default,false
251431,Montornès de Segarra,32,Segarra,2025,1,,,0,missing,gencat_incasol_qww9-bvhh,,2026-08-21T21:48:17Z,0.2.0,suppressed,,engineering_pending,0,100,0,,official,default,false
251459,Nalec,38,Urgell,2025,,,,0,missing,gencat_incasol_qww9-bvhh,,2026-08-21T21:48:17Z,0.2.0,not_published,,engineering_pending,0,100,0,,official,default,false
251462,Navès,35,Solsonès,2025,3,,,0,missing,gencat_incasol_qww9-bvhh,,2026-08-21T21:48:17Z,0.2.0,suppressed,,engineering_pending,0,100,0,,official,default,false
251484,Odèn,35,Solsonès,2025,1,,,0,missing,gencat_incasol_qww9-bvhh,,2026-08-21T21:48:17Z,0.2.0,suppressed,,engineering_pending,0,100,0,,official,default,false
251497,Oliana,04,Alt Urgell,2025,24,418.33,0.7064,100,municipality,gencat_incasol_qww9-bvhh,,2026-08-21T21:48:17Z,0.2.0,,,complete,0.7064,0.7064,100,,official,default,true
251500,Oliola,23,Noguera,2025,,,,0,missing,gencat_incasol_qww9-bvhh,,2026-08-21T21:48:17Z,0.2.0,not_published,,engineering_pending,0,100,0,,official,default,false
251517,Olius,35,Solsonès,2025,8,645,33.3955,100,municipality,gencat_incasol_qww9-bvhh,,2026-08-21T21:48:17Z,0.2.0,,,complete,33.3955,33.3955,100,,official,default,true
251522,les Oluges,32,Segarra,2025,1,,,0,missing,gencat_incasol_qww9-bvhh,,2026-08-21T21:48:17Z,0.2.0,suppressed,,engineering_pending,0,100,0,,official,default,false
251538,els Omellons,18,Garrigues,2025,2,,,0,missing,gencat_incasol_qww9-bvhh,,2026-08-21T21:48:17Z,0.2.0,suppressed,,engineering_pending,0,100,0,,official,default,false
251543,els Omells de na Gaia,38,Urgell,2025,2,,,0,missing,gencat_incasol_qww9-bvhh,,2026-08-21T21:48:17Z,0.2.0,suppressed,,engineering_pending,0,100,0,,official,default,false
251556,Organyà,04,Alt Urgell,2025,23,492.21,11.3609,100,municipality,gencat_incasol_qww9-bvhh,,2026-08-21T21:48:17Z,0.2.0,,,complete,11.3609,11.3609,100,,official,default,true
251569,Os de Balaguer,23,Noguera,2025,7,497.14,12.0719,100,municipality,gencat_incasol_qww9-bvhh,,2026-08-21T21:48:17Z,0.2.0,,,complete,12.0719,12.0719,100,,official,default,true
251575,Ossó de Sió,38,Urgell,2025,2,,,0,missing,gencat_incasol_qww9-bvhh,,2026-08-21T21:48:17Z,0.2.0,suppressed,,engineering_pending,0,100,0,,official,default,false
251581,el Palau d'Anglesola,27,Pla d'Urgell,2025,17,498.82,12.3142,100,municipality,gencat_incasol_qww9-bvhh,,2026-08-21T21:48:17Z,0.2.0,,,complete,12.3142,12.3142,100,,official,default,true
251615,Conca de Dalt,25,Pallars Jussà,2025,4,,,0,missing,gencat_incasol_qww9-bvhh,,2026-08-21T21:48:17Z,0.2.0,suppressed,,engineering_pending,0,100,0,,official,default,false
251636,la Coma i la Pedra,35,Solsonès,2025,,,,0,missing,gencat_incasol_qww9-bvhh,,2026-08-21T21:48:17Z,0.2.0,not_published,,engineering_pending,0,100,0,,official,default,false
251641,Penelles,23,Noguera,2025,1,,,0,missing,gencat_incasol_qww9-bvhh,,2026-08-21T21:48:17Z,0.2.0,suppressed,,engineering_pending,0,100,0,,official,default,false
251654,Peramola,04,Alt Urgell,2025,3,,,0,missing,gencat_incasol_qww9-bvhh,,2026-08-21T21:48:17Z,0.2.0,suppressed,,engineering_pending,0,100,0,,official,default,false
251667,Pinell de Solsonès,35,Solsonès,2025,,,,0,missing,gencat_incasol_qww9-bvhh,,2026-08-21T21:48:17Z,0.2.0,not_published,,engineering_pending,0,100,0,,official,default,false
251673,Pinós,35,Solsonès,2025,4,,,0,missing,gencat_incasol_qww9-bvhh,,2026-08-21T21:48:17Z,0.2.0,suppressed,,engineering_pending,0,100,0,,official,default,false
251689,el Poal,27,Pla d'Urgell,2025,1,,,0,missing,gencat_incasol_qww9-bvhh,,2026-08-21T21:48:17Z,0.2.0,suppressed,,engineering_pending,0,100,0,,official,default,false
251692,la Pobla de Cérvoles,18,Garrigues,2025,,,,0,missing,gencat_incasol_qww9-bvhh,,2026-08-21T21:48:17Z,0.2.0,not_published,,engineering_pending,0,100,0,,official,default,false
251706,Bellaguarda,18,Garrigues,2025,,,,0,missing,gencat_incasol_qww9-bvhh,,2026-08-21T21:48:17Z,0.2.0,not_published,,engineering_pending,0,100,0,,official,default,false
251713,la Pobla de Segur,25,Pallars Jussà,2025,121,379.48,0,100,municipality,gencat_incasol_qww9-bvhh,,2026-08-21T21:48:17Z,0.2.0,,,complete,0,0,100,,official,default,true
251728,Ponts,23,Noguera,2025,37,398.16,0,100,municipality,gencat_incasol_qww9-bvhh,,2026-08-21T21:48:17Z,0.2.0,,,complete,0,0,100,,official,default,true
251734,el Pont de Suert,05,Alta Ribagorça,2025,28,424.37,1.5774,100,municipality,gencat_incasol_qww9-bvhh,,2026-08-21T21:48:17Z,0.2.0,,,complete,1.5774,1.5774,100,,official,default,true
251749,la Portella,33,Segrià,2025,3,,,0,missing,gencat_incasol_qww9-bvhh,,2026-08-21T21:48:17Z,0.2.0,suppressed,,engineering_pending,0,100,0,,official,default,false
251752,Prats i Sansor,15,Cerdanya,2025,2,,,0,missing,gencat_incasol_qww9-bvhh,,2026-08-21T21:48:17Z,0.2.0,suppressed,,engineering_pending,0,100,0,,official,default,false
251765,Preixana,38,Urgell,2025,1,,,0,missing,gencat_incasol_qww9-bvhh,,2026-08-21T21:48:17Z,0.2.0,suppressed,,engineering_pending,0,100,0,,official,default,false
251771,Preixens,23,Noguera,2025,1,,,0,missing,gencat_incasol_qww9-bvhh,,2026-08-21T21:48:17Z,0.2.0,suppressed,,engineering_pending,0,100,0,,official,default,false
251790,Prullans,15,Cerdanya,2025,5,,,0,missing,gencat_incasol_qww9-bvhh,,2026-08-21T21:48:17Z,0.2.0,suppressed,,engineering_pending,0,100,0,,official,default,false
251804,Puiggròs,18,Garrigues,2025,2,,,0,missing,gencat_incasol_qww9-bvhh,,2026-08-21T21:48:17Z,0.2.0,suppressed,,engineering_pending,0,100,0,,official,default,false
251811,Puigverd d'Agramunt,38,Urgell,2025,,,,0,missing,gencat_incasol_qww9-bvhh,,2026-08-21T21:48:17Z,0.2.0,not_published,,engineering_pending,0,100,0,,official,default,false
251826,Puigverd de Lleida,33,Segrià,2025,5,,,0,missing,gencat_incasol_qww9-bvhh,,2026-08-21T21:48:17Z,0.2.0,suppressed,,engineering_pending,0,100,0,,official,default,false
251832,Rialp,26,Pallars Sobirà,2025,23,461.74,6.9667,100,municipality,gencat_incasol_qww9-bvhh,,2026-08-21T21:48:17Z,0.2.0,,,complete,6.9667,6.9667,100,,official,default,true
251850,Ribera d'Urgellet,04,Alt Urgell,2025,8,643.75,33.2152,100,municipality,gencat_incasol_qww9-bvhh,,2026-08-21T21:48:17Z,0.2.0,,,complete,33.2152,33.2152,100,,official,default,true
251863,Riner,35,Solsonès,2025,1,,,0,missing,gencat_incasol_qww9-bvhh,,2026-08-21T21:48:17Z,0.2.0,suppressed,,engineering_pending,0,100,0,,official,default,false
251898,Rosselló,33,Segrià,2025,39,539.44,18.1722,100,municipality,gencat_incasol_qww9-bvhh,,2026-08-21T21:48:17Z,0.2.0,,,complete,18.1722,18.1722,100,,official,default,true
251902,Salàs de Pallars,25,Pallars Jussà,2025,2,,,0,missing,gencat_incasol_qww9-bvhh,,2026-08-21T21:48:17Z,0.2.0,suppressed,,engineering_pending,0,100,0,,official,default,false
251919,Sanaüja,32,Segarra,2025,5,,,0,missing,gencat_incasol_qww9-bvhh,,2026-08-21T21:48:17Z,0.2.0,suppressed,,engineering_pending,0,100,0,,official,default,false
251924,Sant Guim de Freixenet,32,Segarra,2025,18,445,4.5526,100,municipality,gencat_incasol_qww9-bvhh,,2026-08-21T21:48:17Z,0.2.0,,,complete,4.5526,4.5526,100,,official,default,true
251930,Sant Llorenç de Morunys,35,Solsonès,2025,18,482.22,9.9202,100,municipality,gencat_incasol_qww9-bvhh,,2026-08-21T21:48:17Z,0.2.0,,,complete,9.9202,9.9202,100,,official,default,true
251945,Sant Ramon,32,Segarra,2025,1,,,0,missing,gencat_incasol_qww9-bvhh,,2026-08-21T21:48:17Z,0.2.0,suppressed,,engineering_pending,0,100,0,,official,default,false
251961,Sant Esteve de la Sarga,25,Pallars Jussà,2025,,,,0,missing,gencat_incasol_qww9-bvhh,,2026-08-21T21:48:17Z,0.2.0,not_published,,engineering_pending,0,100,0,,official,default,false
251977,Sant Guim de la Plana,32,Segarra,2025,,,,0,missing,gencat_incasol_qww9-bvhh,,2026-08-21T21:48:17Z,0.2.0,not_published,,engineering_pending,0,100,0,,official,default,false
252000,Sarroca de Lleida,33,Segrià,2025,,,,0,missing,gencat_incasol_qww9-bvhh,,2026-08-21T21:48:17Z,0.2.0,not_published,,engineering_pending,0,100,0,,official,default,false
252017,Sarroca de Bellera,25,Pallars Jussà,2025,,,,0,missing,gencat_incasol_qww9-bvhh,,2026-08-21T21:48:17Z,0.2.0,not_published,,engineering_pending,0,100,0,,official,default,false
252022,Senterada,25,Pallars Jussà,2025,6,466.67,7.6777,100,municipality,gencat_incasol_qww9-bvhh,,2026-08-21T21:48:17Z,0.2.0,,,complete,7.6777,7.6777,100,,official,default,true
252038,la Seu d'Urgell,04,Alt Urgell,2025,342,569.7,22.5361,100,municipality,gencat_incasol_qww9-bvhh,,2026-08-21T21:48:17Z,0.2.0,,,complete,22.5361,22.5361,100,,official,default,true
252043,Seròs,33,Segrià,2025,17,362.98,0,100,municipality,gencat_incasol_qww9-bvhh,,2026-08-21T21:48:17Z,0.2.0,,,complete,0,0,100,,official,default,true
252056,Sidamon,27,Pla d'Urgell,2025,4,,,0,missing,gencat_incasol_qww9-bvhh,,2026-08-21T21:48:17Z,0.2.0,suppressed,,engineering_pending,0,100,0,,official,default,false
252069,el Soleràs,18,Garrigues,2025,3,,,0,missing,gencat_incasol_qww9-bvhh,,2026-08-21T21:48:17Z,0.2.0,suppressed,,engineering_pending,0,100,0,,official,default,false
252075,Solsona,35,Solsonès,2025,178,411.79,0,100,municipality,gencat_incasol_qww9-bvhh,,2026-08-21T21:48:17Z,0.2.0,,,complete,0,0,100,,official,default,true
252081,Soriguera,26,Pallars Sobirà,2025,7,450,5.2736,100,municipality,gencat_incasol_qww9-bvhh,,2026-08-21T21:48:17Z,0.2.0,,,complete,5.2736,5.2736,100,,official,default,true
252094,Sort,26,Pallars Sobirà,2025,78,465.55,7.5162,100,municipality,gencat_incasol_qww9-bvhh,,2026-08-21T21:48:17Z,0.2.0,,,complete,7.5162,7.5162,100,,official,default,true
252108,Soses,33,Segrià,2025,12,415.42,0.2867,100,municipality,gencat_incasol_qww9-bvhh,,2026-08-21T21:48:17Z,0.2.0,,,complete,0.2867,0.2867,100,,official,default,true
252115,Sudanell,33,Segrià,2025,4,,,0,missing,gencat_incasol_qww9-bvhh,,2026-08-21T21:48:17Z,0.2.0,suppressed,,engineering_pending,0,100,0,,official,default,false
252120,Sunyer,33,Segrià,2025,1,,,0,missing,gencat_incasol_qww9-bvhh,,2026-08-21T21:48:17Z,0.2.0,suppressed,,engineering_pending,0,100,0,,official,default,false
252154,Talarn,25,Pallars Jussà,2025,9,414.44,0.1454,100,municipality,gencat_incasol_qww9-bvhh,,2026-08-21T21:48:17Z,0.2.0,,,complete,0.1454,0.1454,100,,official,default,true
252167,Talavera,32,Segarra,2025,2,,,0,missing,gencat_incasol_qww9-bvhh,,2026-08-21T21:48:17Z,0.2.0,suppressed,,engineering_pending,0,100,0,,official,default,false
252173,Tàrrega,38,Urgell,2025,342,469.51,8.0873,100,municipality,gencat_incasol_qww9-bvhh,,2026-08-21T21:48:17Z,0.2.0,,,complete,8.0873,8.0873,100,,official,default,true
252189,Tarrés,18,Garrigues,2025,1,,,0,missing,gencat_incasol_qww9-bvhh,,2026-08-21T21:48:17Z,0.2.0,suppressed,,engineering_pending,0,100,0,,official,default,false
252192,Tarroja de Segarra,32,Segarra,2025,1,,,0,missing,gencat_incasol_qww9-bvhh,,2026-08-21T21:48:17Z,0.2.0,suppressed,,engineering_pending,0,100,0,,official,default,false
252206,Térmens,23,Noguera,2025,1,,,0,missing,gencat_incasol_qww9-bvhh,,2026-08-21T21:48:17Z,0.2.0,suppressed,,engineering_pending,0,100,0,,official,default,false
252213,Tírvia,26,Pallars Sobirà,2025,1,,,0,missing,gencat_incasol_qww9-bvhh,,2026-08-21T21:48:17Z,0.2.0,suppressed,,engineering_pending,0,100,0,,official,default,false
252228,Tiurana,23,Noguera,2025,,,,0,missing,gencat_incasol_qww9-bvhh,,2026-08-21T21:48:17Z,0.2.0,not_published,,engineering_pending,0,100,0,,official,default,false
252234,Torà,35,Solsonès,2025,22,435.06,3.1191,100,municipality,gencat_incasol_qww9-bvhh,,2026-08-21T21:48:17Z,0.2.0,,,complete,3.1191,3.1191,100,,official,default,true
252249,els Torms,18,Garrigues,2025,,,,0,missing,gencat_incasol_qww9-bvhh,,2026-08-21T21:48:17Z,0.2.0,not_published,,engineering_pending,0,100,0,,official,default,false
252252,Tornabous,38,Urgell,2025,2,,,0,missing,gencat_incasol_qww9-bvhh,,2026-08-21T21:48:17Z,0.2.0,suppressed,,engineering_pending,0,100,0,,official,default,false
252265,Torrebesses,33,Segrià,2025,,,,0,missing,gencat_incasol_qww9-bvhh,,2026-08-21T21:48:17Z,0.2.0,not_published,,engineering_pending,0,100,0,,official,default,false
252271,la Torre de Cabdella,25,Pallars Jussà,2025,7,448.57,5.0674,100,municipality,gencat_incasol_qww9-bvhh,,2026-08-21T21:48:17Z,0.2.0,,,complete,5.0674,5.0674,100,,official,default,true
252287,Torrefarrera,33,Segrià,2025,44,610.23,28.3811,100,municipality,gencat_incasol_qww9-bvhh,,2026-08-21T21:48:17Z,0.2.0,,,complete,28.3811,28.3811,100,,official,default,true
252304,Torregrossa,27,Pla d'Urgell,2025,15,453.33,5.7539,100,municipality,gencat_incasol_qww9-bvhh,,2026-08-21T21:48:17Z,0.2.0,,,complete,5.7539,5.7539,100,,official,default,true
252311,Torrelameu,23,Noguera,2025,3,,,0,missing,gencat_incasol_qww9-bvhh,,2026-08-21T21:48:17Z,0.2.0,suppressed,,engineering_pending,0,100,0,,official,default,false
252326,Torres de Segre,33,Segrià,2025,13,453.08,5.7178,100,municipality,gencat_incasol_qww9-bvhh,,2026-08-21T21:48:17Z,0.2.0,,,complete,5.7178,5.7178,100,,official,default,true
252332,Torre-serona,33,Segrià,2025,3,,,0,missing,gencat_incasol_qww9-bvhh,,2026-08-21T21:48:17Z,0.2.0,suppressed,,engineering_pending,0,100,0,,official,default,false
252347,Tremp,25,Pallars Jussà,2025,119,411.66,0,100,municipality,gencat_incasol_qww9-bvhh,,2026-08-21T21:48:17Z,0.2.0,,,complete,0,0,100,,official,default,true
252385,Vallbona de les Monges,38,Urgell,2025,4,,,0,missing,gencat_incasol_qww9-bvhh,,2026-08-21T21:48:17Z,0.2.0,suppressed,,engineering_pending,0,100,0,,official,default,false
252398,les Valls de Valira,04,Alt Urgell,2025,17,658.76,35.3799,100,municipality,gencat_incasol_qww9-bvhh,,2026-08-21T21:48:17Z,0.2.0,,,complete,35.3799,35.3799,100,,official,default,true
252402,Vallfogona de Balaguer,23,Noguera,2025,12,460.83,6.8355,100,municipality,gencat_incasol_qww9-bvhh,,2026-08-21T21:48:17Z,0.2.0,,,complete,6.8355,6.8355,100,,official,default,true
252424,Verdú,38,Urgell,2025,8,462.5,7.0763,100,municipality,gencat_incasol_qww9-bvhh,,2026-08-21T21:48:17Z,0.2.0,,,complete,7.0763,7.0763,100,,official,default,true
252430,Vielha e Mijaran,39,Val d'Aran,2025,81,717.03,43.7833,100,municipality,gencat_incasol_qww9-bvhh,,2026-08-21T21:48:17Z,0.2.0,,,complete,43.7833,43.7833,100,,official,default,true
252445,Vilagrassa,38,Urgell,2025,15,509.7,13.8833,100,municipality,gencat_incasol_qww9-bvhh,,2026-08-21T21:48:17Z,0.2.0,,,complete,13.8833,13.8833,100,,official,default,true
252458,Vilaller,05,Alta Ribagorça,2025,1,,,0,missing,gencat_incasol_qww9-bvhh,,2026-08-21T21:48:17Z,0.2.0,suppressed,,engineering_pending,0,100,0,,official,default,false
252477,Vilamòs,39,Val d'Aran,2025,,,,0,missing,gencat_incasol_qww9-bvhh,,2026-08-21T21:48:17Z,0.2.0,not_published,,engineering_pending,0,100,0,,official,default,false
252483,Vilanova de Bellpuig,27,Pla d'Urgell,2025,5,,,0,missing,gencat_incasol_qww9-bvhh,,2026-08-21T21:48:17Z,0.2.0,suppressed,,engineering_pending,0,100,0,,official,default,false
252496,Vilanova de l'Aguda,23,Noguera,2025,,,,0,missing,gencat_incasol_qww9-bvhh,,2026-08-21T21:48:17Z,0.2.0,not_published,,engineering_pending,0,100,0,,official,default,false
252509,Vilanova de Meià,23,Noguera,2025,5,,,0,missing,gencat_incasol_qww9-bvhh,,2026-08-21T21:48:17Z,0.2.0,suppressed,,engineering_pending,0,100,0,,official,default,false
252516,Vilanova de Segrià,33,Segrià,2025,3,,,0,missing,gencat_incasol_qww9-bvhh,,2026-08-21T21:48:17Z,0.2.0,suppressed,,engineering_pending,0,100,0,,official,default,false
252521,Vila-sana,27,Pla d'Urgell,2025,1,,,0,missing,gencat_incasol_qww9-bvhh,,2026-08-21T21:48:17Z,0.2.0,suppressed,,engineering_pending,0,100,0,,official,default,false
252537,el Vilosell,18,Garrigues,2025,5,,,0,missing,gencat_incasol_qww9-bvhh,,2026-08-21T21:48:17Z,0.2.0,suppressed,,engineering_pending,0,100,0,,official,default,false
252542,Vilanova de la Barca,33,Segrià,2025,6,573.33,23.0596,100,municipality,gencat_incasol_qww9-bvhh,,2026-08-21T21:48:17Z,0.2.0,,,complete,23.0596,23.0596,100,,official,default,true
252555,Vinaixa,18,Garrigues,2025,2,,,0,missing,gencat_incasol_qww9-bvhh,,2026-08-21T21:48:17Z,0.2.0,suppressed,,engineering_pending,0,100,0,,official,default,false
259010,Vall de Cardós,26,Pallars Sobirà,2025,12,460,6.7158,100,municipality,gencat_incasol_qww9-bvhh,,2026-08-21T21:48:17Z,0.2.0,,,complete,6.7158,6.7158,100,,official,default,true
259025,Sant Martí de Riucorb,38,Urgell,2025,2,,,0,missing,gencat_incasol_qww9-bvhh,,2026-08-21T21:48:17Z,0.2.0,suppressed,,engineering_pending,0,100,0,,official,default,false
259031,la Guingueta d'Àneu,26,Pallars Sobirà,2025,5,,,0,missing,gencat_incasol_qww9-bvhh,,2026-08-21T21:48:17Z,0.2.0,suppressed,,engineering_pending,0,100,0,,official,default,false
259046,Castell de Mur,25,Pallars Jussà,2025,,,,0,missing,gencat_incasol_qww9-bvhh,,2026-08-21T21:48:17Z,0.2.0,not_published,,engineering_pending,0,100,0,,official,default,false
259059,Ribera d'Ondara,32,Segarra,2025,6,485.83,10.4408,100,municipality,gencat_incasol_qww9-bvhh,,2026-08-21T21:48:17Z,0.2.0,,,complete,10.4408,10.4408,100,,official,default,true
259062,les Valls d'Aguilar,04,Alt Urgell,2025,,,,0,missing,gencat_incasol_qww9-bvhh,,2026-08-21T21:48:17Z,0.2.0,not_published,,engineering_pending,0,100,0,,official,default,false
259078,Torrefeta i Florejacs,32,Segarra,2025,3,,,0,missing,gencat_incasol_qww9-bvhh,,2026-08-21T21:48:17Z,0.2.0,suppressed,,engineering_pending,0,100,0,,official,default,false
259084,Fígols i Alinyà,04,Alt Urgell,2025,3,,,0,missing,gencat_incasol_qww9-bvhh,,2026-08-21T21:48:17Z,0.2.0,suppressed,,engineering_pending,0,100,0,,official,default,false
259097,la Vansa i Fórnols,04,Alt Urgell,2025,2,,,0,missing,gencat_incasol_qww9-bvhh,,2026-08-21T21:48:17Z,0.2.0,suppressed,,engineering_pending,0,100,0,,official,default,false
259101,Josa i Tuixén,04,Alt Urgell,2025,2,,,0,missing,gencat_incasol_qww9-bvhh,,2026-08-21T21:48:17Z,0.2.0,suppressed,,engineering_pending,0,100,0,,official,default,false
259118,els Plans de Sió,32,Segarra,2025,2,,,0,missing,gencat_incasol_qww9-bvhh,,2026-08-21T21:48:17Z,0.2.0,suppressed,,engineering_pending,0,100,0,,official,default,false
259123,Gimenells i el Pla de la Font,33,Segrià,2025,,,,0,missing,gencat_incasol_qww9-bvhh,,2026-08-21T21:48:17Z,0.2.0,not_published,,engineering_pending,0,100,0,,official,default,false
259139,Riu de Cerdanya,15,Cerdanya,2025,2,,,0,missing,gencat_incasol_qww9-bvhh,,2026-08-21T21:48:17Z,0.2.0,suppressed,,engineering_pending,0,100,0,,official,default,false
430017,Aiguamúrcia,01,Alt Camp,2025,2,,,0,missing,gencat_incasol_qww9-bvhh,,2026-08-21T21:48:17Z,0.2.0,suppressed,,engineering_pending,0,100,0,,official,default,false
430022,Albinyana,12,Baix Penedès,2025,14,603.62,27.4279,100,municipality,gencat_incasol_qww9-bvhh,,2026-08-21T21:48:17Z,0.2.0,,,complete,27.4279,27.4279,100,,official,default,true
430038,l'Albiol,08,Baix Camp,2025,,,,0,missing,gencat_incasol_qww9-bvhh,,2026-08-21T21:48:17Z,0.2.0,not_published,,engineering_pending,0,100,0,,official,default,false
430043,Alcanar,22,Montsià,2025,102,463.19,7.1758,100,municipality,gencat_incasol_qww9-bvhh,,2026-08-21T21:48:17Z,0.2.0,,,complete,7.1758,7.1758,100,,official,default,true
430056,Alcover,01,Alt Camp,2025,35,531.02,16.9579,100,municipality,gencat_incasol_qww9-bvhh,,2026-08-21T21:48:17Z,0.2.0,,,complete,16.9579,16.9579,100,,official,default,true
430069,Aldover,09,Baix Ebre,2025,2,,,0,missing,gencat_incasol_qww9-bvhh,,2026-08-21T21:48:17Z,0.2.0,suppressed,,engineering_pending,0,100,0,,official,default,false
430075,l'Aleixar,08,Baix Camp,2025,13,466.15,7.6027,100,municipality,gencat_incasol_qww9-bvhh,,2026-08-21T21:48:17Z,0.2.0,,,complete,7.6027,7.6027,100,,official,default,true
430081,Alfara de Carles,09,Baix Ebre,2025,1,,,0,missing,gencat_incasol_qww9-bvhh,,2026-08-21T21:48:17Z,0.2.0,suppressed,,engineering_pending,0,100,0,,official,default,false
430094,Alforja,08,Baix Camp,2025,8,603.62,27.4279,100,municipality,gencat_incasol_qww9-bvhh,,2026-08-21T21:48:17Z,0.2.0,,,complete,27.4279,27.4279,100,,official,default,true
430108,Alió,01,Alt Camp,2025,3,,,0,missing,gencat_incasol_qww9-bvhh,,2026-08-21T21:48:17Z,0.2.0,suppressed,,engineering_pending,0,100,0,,official,default,false
430115,Almoster,08,Baix Camp,2025,4,,,0,missing,gencat_incasol_qww9-bvhh,,2026-08-21T21:48:17Z,0.2.0,suppressed,,engineering_pending,0,100,0,,official,default,false
430120,Altafulla,36,Tarragonès,2025,94,818.21,58.3749,100,municipality,gencat_incasol_qww9-bvhh,,2026-08-21T21:48:17Z,0.2.0,,,complete,58.3749,58.3749,100,,official,default,true
430136,l'Ametlla de Mar,09,Baix Ebre,2025,70,525.19,16.1171,100,municipality,gencat_incasol_qww9-bvhh,,2026-08-21T21:48:17Z,0.2.0,,,complete,16.1171,16.1171,100,,official,default,true
430141,Amposta,22,Montsià,2025,250,424.08,1.5356,100,municipality,gencat_incasol_qww9-bvhh,,2026-08-21T21:48:17Z,0.2.0,,,complete,1.5356,1.5356,100,,official,default,true
430154,Arbolí,08,Baix Camp,2025,3,,,0,missing,gencat_incasol_qww9-bvhh,,2026-08-21T21:48:17Z,0.2.0,suppressed,,engineering_pending,0,100,0,,official,default,false
430167,l'Arboç,12,Baix Penedès,2025,79,517.03,14.9403,100,municipality,gencat_incasol_qww9-bvhh,,2026-08-21T21:48:17Z,0.2.0,,,complete,14.9403,14.9403,100,,official,default,true
430173,l'Argentera,08,Baix Camp,2025,,,,0,missing,gencat_incasol_qww9-bvhh,,2026-08-21T21:48:17Z,0.2.0,not_published,,engineering_pending,0,100,0,,official,default,false
430189,Arnes,37,Terra Alta,2025,4,,,0,missing,gencat_incasol_qww9-bvhh,,2026-08-21T21:48:17Z,0.2.0,suppressed,,engineering_pending,0,100,0,,official,default,false
430192,Ascó,30,Ribera d'Ebre,2025,9,358.89,0,100,municipality,gencat_incasol_qww9-bvhh,,2026-08-21T21:48:17Z,0.2.0,,,complete,0,0,100,,official,default,true
430206,Banyeres del Penedès,12,Baix Penedès,2025,21,589.21,25.3498,100,municipality,gencat_incasol_qww9-bvhh,,2026-08-21T21:48:17Z,0.2.0,,,complete,25.3498,25.3498,100,,official,default,true
430213,Barberà de la Conca,16,Conca de Barberà,2025,9,421.95,1.2284,100,municipality,gencat_incasol_qww9-bvhh,,2026-08-21T21:48:17Z,0.2.0,,,complete,1.2284,1.2284,100,,official,default,true
430228,Batea,37,Terra Alta,2025,13,282.86,0,100,municipality,gencat_incasol_qww9-bvhh,,2026-08-21T21:48:17Z,0.2.0,,,complete,0,0,100,,official,default,true
430234,Bellmunt del Priorat,29,Priorat,2025,5,,,0,missing,gencat_incasol_qww9-bvhh,,2026-08-21T21:48:17Z,0.2.0,suppressed,,engineering_pending,0,100,0,,official,default,false
430249,Bellvei,12,Baix Penedès,2025,12,683.08,38.8872,100,municipality,gencat_incasol_qww9-bvhh,,2026-08-21T21:48:17Z,0.2.0,,,complete,38.8872,38.8872,100,,official,default,true
430252,Benifallet,09,Baix Ebre,2025,3,,,0,missing,gencat_incasol_qww9-bvhh,,2026-08-21T21:48:17Z,0.2.0,suppressed,,engineering_pending,0,100,0,,official,default,false
430265,Benissanet,30,Ribera d'Ebre,2025,6,425.83,1.788,100,municipality,gencat_incasol_qww9-bvhh,,2026-08-21T21:48:17Z,0.2.0,,,complete,1.788,1.788,100,,official,default,true
430271,la Bisbal de Montsant,29,Priorat,2025,,,,0,missing,gencat_incasol_qww9-bvhh,,2026-08-21T21:48:17Z,0.2.0,not_published,,engineering_pending,0,100,0,,official,default,false
430287,la Bisbal del Penedès,12,Baix Penedès,2025,21,736.57,46.6012,100,municipality,gencat_incasol_qww9-bvhh,,2026-08-21T21:48:17Z,0.2.0,,,complete,46.6012,46.6012,100,,official,default,true
430290,Blancafort,16,Conca de Barberà,2025,7,463.57,7.2306,100,municipality,gencat_incasol_qww9-bvhh,,2026-08-21T21:48:17Z,0.2.0,,,complete,7.2306,7.2306,100,,official,default,true
430304,Bonastre,12,Baix Penedès,2025,6,515.83,14.7673,100,municipality,gencat_incasol_qww9-bvhh,,2026-08-21T21:48:17Z,0.2.0,,,complete,14.7673,14.7673,100,,official,default,true
430311,les Borges del Camp,08,Baix Camp,2025,16,563.88,21.6968,100,municipality,gencat_incasol_qww9-bvhh,,2026-08-21T21:48:17Z,0.2.0,,,complete,21.6968,21.6968,100,,official,default,true
430326,Bot,37,Terra Alta,2025,3,,,0,missing,gencat_incasol_qww9-bvhh,,2026-08-21T21:48:17Z,0.2.0,suppressed,,engineering_pending,0,100,0,,official,default,false
430332,Botarell,08,Baix Camp,2025,7,727.14,45.2413,100,municipality,gencat_incasol_qww9-bvhh,,2026-08-21T21:48:17Z,0.2.0,,,complete,45.2413,45.2413,100,,official,default,true
430347,Bràfim,01,Alt Camp,2025,2,,,0,missing,gencat_incasol_qww9-bvhh,,2026-08-21T21:48:17Z,0.2.0,suppressed,,engineering_pending,0,100,0,,official,default,false
430350,Cabacés,29,Priorat,2025,,,,0,missing,gencat_incasol_qww9-bvhh,,2026-08-21T21:48:17Z,0.2.0,not_published,,engineering_pending,0,100,0,,official,default,false
430363,Cabra del Camp,01,Alt Camp,2025,10,595.5,26.2569,100,municipality,gencat_incasol_qww9-bvhh,,2026-08-21T21:48:17Z,0.2.0,,,complete,26.2569,26.2569,100,,official,default,true
430379,Calafell,12,Baix Penedès,2025,552,708.46,42.5473,100,municipality,gencat_incasol_qww9-bvhh,,2026-08-21T21:48:17Z,0.2.0,,,complete,42.5473,42.5473,100,,official,default,true
430385,Cambrils,08,Baix Camp,2025,564,683.4,38.9333,100,municipality,gencat_incasol_qww9-bvhh,,2026-08-21T21:48:17Z,0.2.0,,,complete,38.9333,38.9333,100,,official,default,true
430398,Capafonts,08,Baix Camp,2025,,,,0,missing,gencat_incasol_qww9-bvhh,,2026-08-21T21:48:17Z,0.2.0,not_published,,engineering_pending,0,100,0,,official,default,false
430402,Capçanes,29,Priorat,2025,1,,,0,missing,gencat_incasol_qww9-bvhh,,2026-08-21T21:48:17Z,0.2.0,suppressed,,engineering_pending,0,100,0,,official,default,false
430419,Caseres,37,Terra Alta,2025,1,,,0,missing,gencat_incasol_qww9-bvhh,,2026-08-21T21:48:17Z,0.2.0,suppressed,,engineering_pending,0,100,0,,official,default,false
430424,Castellvell del Camp,08,Baix Camp,2025,3,,,0,missing,gencat_incasol_qww9-bvhh,,2026-08-21T21:48:17Z,0.2.0,suppressed,,engineering_pending,0,100,0,,official,default,false
430430,el Catllar,36,Tarragonès,2025,26,733.55,46.1657,100,municipality,gencat_incasol_qww9-bvhh,,2026-08-21T21:48:17Z,0.2.0,,,complete,46.1657,46.1657,100,,official,default,true
430445,la Sénia,22,Montsià,2025,35,344.91,0,100,municipality,gencat_incasol_qww9-bvhh,,2026-08-21T21:48:17Z,0.2.0,,,complete,0,0,100,,official,default,true
430458,Colldejou,08,Baix Camp,2025,,,,0,missing,gencat_incasol_qww9-bvhh,,2026-08-21T21:48:17Z,0.2.0,not_published,,engineering_pending,0,100,0,,official,default,false
430461,Conesa,16,Conca de Barberà,2025,3,,,0,missing,gencat_incasol_qww9-bvhh,,2026-08-21T21:48:17Z,0.2.0,suppressed,,engineering_pending,0,100,0,,official,default,false
430477,Constantí,36,Tarragonès,2025,91,532.6,17.1858,100,municipality,gencat_incasol_qww9-bvhh,,2026-08-21T21:48:17Z,0.2.0,,,complete,17.1858,17.1858,100,,official,default,true
430483,Corbera d'Ebre,37,Terra Alta,2025,5,,,0,missing,gencat_incasol_qww9-bvhh,,2026-08-21T21:48:17Z,0.2.0,suppressed,,engineering_pending,0,100,0,,official,default,false
430496,Cornudella de Montsant,29,Priorat,2025,9,394.69,0,100,municipality,gencat_incasol_qww9-bvhh,,2026-08-21T21:48:17Z,0.2.0,,,complete,0,0,100,,official,default,true
430509,Creixell,36,Tarragonès,2025,48,632.12,31.538,100,municipality,gencat_incasol_qww9-bvhh,,2026-08-21T21:48:17Z,0.2.0,,,complete,31.538,31.538,100,,official,default,true
430516,Cunit,12,Baix Penedès,2025,196,741.92,47.3728,100,municipality,gencat_incasol_qww9-bvhh,,2026-08-21T21:48:17Z,0.2.0,,,complete,47.3728,47.3728,100,,official,default,true
430521,Xerta,09,Baix Ebre,2025,9,437.78,3.5113,100,municipality,gencat_incasol_qww9-bvhh,,2026-08-21T21:48:17Z,0.2.0,,,complete,3.5113,3.5113,100,,official,default,true
430537,Duesaigües,08,Baix Camp,2025,6,480,9.6001,100,municipality,gencat_incasol_qww9-bvhh,,2026-08-21T21:48:17Z,0.2.0,,,complete,9.6001,9.6001,100,,official,default,true
430542,l'Espluga de Francolí,16,Conca de Barberà,2025,44,496.14,11.9277,100,municipality,gencat_incasol_qww9-bvhh,,2026-08-21T21:48:17Z,0.2.0,,,complete,11.9277,11.9277,100,,official,default,true
430555,Falset,29,Priorat,2025,31,468.6,7.956,100,municipality,gencat_incasol_qww9-bvhh,,2026-08-21T21:48:17Z,0.2.0,,,complete,7.956,7.956,100,,official,default,true
430568,la Fatarella,37,Terra Alta,2025,1,,,0,missing,gencat_incasol_qww9-bvhh,,2026-08-21T21:48:17Z,0.2.0,suppressed,,engineering_pending,0,100,0,,official,default,false
430574,la Febró,08,Baix Camp,2025,,,,0,missing,gencat_incasol_qww9-bvhh,,2026-08-21T21:48:17Z,0.2.0,not_published,,engineering_pending,0,100,0,,official,default,false
430580,la Figuera,29,Priorat,2025,1,,,0,missing,gencat_incasol_qww9-bvhh,,2026-08-21T21:48:17Z,0.2.0,suppressed,,engineering_pending,0,100,0,,official,default,false
430593,Figuerola del Camp,01,Alt Camp,2025,1,,,0,missing,gencat_incasol_qww9-bvhh,,2026-08-21T21:48:17Z,0.2.0,suppressed,,engineering_pending,0,100,0,,official,default,false
430607,Flix,30,Ribera d'Ebre,2025,27,390.7,0,100,municipality,gencat_incasol_qww9-bvhh,,2026-08-21T21:48:17Z,0.2.0,,,complete,0,0,100,,official,default,true
430614,Forès,16,Conca de Barberà,2025,,,,0,missing,gencat_incasol_qww9-bvhh,,2026-08-21T21:48:17Z,0.2.0,not_published,,engineering_pending,0,100,0,,official,default,false
430629,Freginals,22,Montsià,2025,2,,,0,missing,gencat_incasol_qww9-bvhh,,2026-08-21T21:48:17Z,0.2.0,suppressed,,engineering_pending,0,100,0,,official,default,false
430635,la Galera,22,Montsià,2025,4,,,0,missing,gencat_incasol_qww9-bvhh,,2026-08-21T21:48:17Z,0.2.0,suppressed,,engineering_pending,0,100,0,,official,default,false
430640,Gandesa,37,Terra Alta,2025,32,381.09,0,100,municipality,gencat_incasol_qww9-bvhh,,2026-08-21T21:48:17Z,0.2.0,,,complete,0,0,100,,official,default,true
430653,Garcia,30,Ribera d'Ebre,2025,2,,,0,missing,gencat_incasol_qww9-bvhh,,2026-08-21T21:48:17Z,0.2.0,suppressed,,engineering_pending,0,100,0,,official,default,false
430666,els Garidells,01,Alt Camp,2025,4,,,0,missing,gencat_incasol_qww9-bvhh,,2026-08-21T21:48:17Z,0.2.0,suppressed,,engineering_pending,0,100,0,,official,default,false
430672,Ginestar,30,Ribera d'Ebre,2025,3,,,0,missing,gencat_incasol_qww9-bvhh,,2026-08-21T21:48:17Z,0.2.0,suppressed,,engineering_pending,0,100,0,,official,default,false
430688,Godall,22,Montsià,2025,,,,0,missing,gencat_incasol_qww9-bvhh,,2026-08-21T21:48:17Z,0.2.0,not_published,,engineering_pending,0,100,0,,official,default,false
430691,Gratallops,29,Priorat,2025,1,,,0,missing,gencat_incasol_qww9-bvhh,,2026-08-21T21:48:17Z,0.2.0,suppressed,,engineering_pending,0,100,0,,official,default,false
430705,els Guiamets,29,Priorat,2025,2,,,0,missing,gencat_incasol_qww9-bvhh,,2026-08-21T21:48:17Z,0.2.0,suppressed,,engineering_pending,0,100,0,,official,default,false
430712,Horta de Sant Joan,37,Terra Alta,2025,7,392.86,0,100,municipality,gencat_incasol_qww9-bvhh,,2026-08-21T21:48:17Z,0.2.0,,,complete,0,0,100,,official,default,true
430727,el Lloar,29,Priorat,2025,,,,0,missing,gencat_incasol_qww9-bvhh,,2026-08-21T21:48:17Z,0.2.0,not_published,,engineering_pending,0,100,0,,official,default,false
430733,Llorac,16,Conca de Barberà,2025,,,,0,missing,gencat_incasol_qww9-bvhh,,2026-08-21T21:48:17Z,0.2.0,not_published,,engineering_pending,0,100,0,,official,default,false
430748,Llorenç del Penedès,12,Baix Penedès,2025,12,699.5,41.2552,100,municipality,gencat_incasol_qww9-bvhh,,2026-08-21T21:48:17Z,0.2.0,,,complete,41.2552,41.2552,100,,official,default,true
430751,Margalef,29,Priorat,2025,1,,,0,missing,gencat_incasol_qww9-bvhh,,2026-08-21T21:48:17Z,0.2.0,suppressed,,engineering_pending,0,100,0,,official,default,false
430764,Marçà,29,Priorat,2025,6,362.5,0,100,municipality,gencat_incasol_qww9-bvhh,,2026-08-21T21:48:17Z,0.2.0,,,complete,0,0,100,,official,default,true
430770,Mas de Barberans,22,Montsià,2025,,,,0,missing,gencat_incasol_qww9-bvhh,,2026-08-21T21:48:17Z,0.2.0,not_published,,engineering_pending,0,100,0,,official,default,false
430786,Masdenverge,22,Montsià,2025,10,378.5,0,100,municipality,gencat_incasol_qww9-bvhh,,2026-08-21T21:48:17Z,0.2.0,,,complete,0,0,100,,official,default,true
430799,Masllorenç,12,Baix Penedès,2025,7,768.57,51.2161,100,municipality,gencat_incasol_qww9-bvhh,,2026-08-21T21:48:17Z,0.2.0,,,complete,51.2161,51.2161,100,,official,default,true
430803,la Masó,01,Alt Camp,2025,1,,,0,missing,gencat_incasol_qww9-bvhh,,2026-08-21T21:48:17Z,0.2.0,suppressed,,engineering_pending,0,100,0,,official,default,false
430810,Maspujols,08,Baix Camp,2025,5,,,0,missing,gencat_incasol_qww9-bvhh,,2026-08-21T21:48:17Z,0.2.0,suppressed,,engineering_pending,0,100,0,,official,default,false
430825,el Masroig,29,Priorat,2025,4,,,0,missing,gencat_incasol_qww9-bvhh,,2026-08-21T21:48:17Z,0.2.0,suppressed,,engineering_pending,0,100,0,,official,default,false
430831,el Milà,01,Alt Camp,2025,,,,0,missing,gencat_incasol_qww9-bvhh,,2026-08-21T21:48:17Z,0.2.0,not_published,,engineering_pending,0,100,0,,official,default,false
430846,Miravet,30,Ribera d'Ebre,2025,4,,,0,missing,gencat_incasol_qww9-bvhh,,2026-08-21T21:48:17Z,0.2.0,suppressed,,engineering_pending,0,100,0,,official,default,false
430859,el Molar,29,Priorat,2025,,,,0,missing,gencat_incasol_qww9-bvhh,,2026-08-21T21:48:17Z,0.2.0,not_published,,engineering_pending,0,100,0,,official,default,false
430862,Montblanc,16,Conca de Barberà,2025,70,485.09,10.3341,100,municipality,gencat_incasol_qww9-bvhh,,2026-08-21T21:48:17Z,0.2.0,,,complete,10.3341,10.3341,100,,official,default,true
430884,Montbrió del Camp,08,Baix Camp,2025,22,560.48,21.2065,100,municipality,gencat_incasol_qww9-bvhh,,2026-08-21T21:48:17Z,0.2.0,,,complete,21.2065,21.2065,100,,official,default,true
430897,Montferri,01,Alt Camp,2025,2,,,0,missing,gencat_incasol_qww9-bvhh,,2026-08-21T21:48:17Z,0.2.0,suppressed,,engineering_pending,0,100,0,,official,default,false
430901,el Montmell,12,Baix Penedès,2025,6,717.67,43.8756,100,municipality,gencat_incasol_qww9-bvhh,,2026-08-21T21:48:17Z,0.2.0,,,complete,43.8756,43.8756,100,,official,default,true
430918,Mont-ral,01,Alt Camp,2025,3,,,0,missing,gencat_incasol_qww9-bvhh,,2026-08-21T21:48:17Z,0.2.0,suppressed,,engineering_pending,0,100,0,,official,default,false
430923,Mont-roig del Camp,08,Baix Camp,2025,175,663.88,36.1183,100,municipality,gencat_incasol_qww9-bvhh,,2026-08-21T21:48:17Z,0.2.0,,,complete,36.1183,36.1183,100,,official,default,true
430939,Móra d'Ebre,30,Ribera d'Ebre,2025,89,415.07,0.2362,100,municipality,gencat_incasol_qww9-bvhh,,2026-08-21T21:48:17Z,0.2.0,,,complete,0.2362,0.2362,100,,official,default,true
430944,Móra la Nova,30,Ribera d'Ebre,2025,19,400.41,0,100,municipality,gencat_incasol_qww9-bvhh,,2026-08-21T21:48:17Z,0.2.0,,,complete,0,0,100,,official,default,true
430957,el Morell,36,Tarragonès,2025,42,593.91,26.0276,100,municipality,gencat_incasol_qww9-bvhh,,2026-08-21T21:48:17Z,0.2.0,,,complete,26.0276,26.0276,100,,official,default,true
430960,la Morera de Montsant,29,Priorat,2025,1,,,0,missing,gencat_incasol_qww9-bvhh,,2026-08-21T21:48:17Z,0.2.0,suppressed,,engineering_pending,0,100,0,,official,default,false
430976,la Nou de Gaià,36,Tarragonès,2025,4,,,0,missing,gencat_incasol_qww9-bvhh,,2026-08-21T21:48:17Z,0.2.0,suppressed,,engineering_pending,0,100,0,,official,default,false
430982,Nulles,01,Alt Camp,2025,4,,,0,missing,gencat_incasol_qww9-bvhh,,2026-08-21T21:48:17Z,0.2.0,suppressed,,engineering_pending,0,100,0,,official,default,false
430995,la Palma d'Ebre,30,Ribera d'Ebre,2025,1,,,0,missing,gencat_incasol_qww9-bvhh,,2026-08-21T21:48:17Z,0.2.0,suppressed,,engineering_pending,0,100,0,,official,default,false
431009,els Pallaresos,36,Tarragonès,2025,7,782.14,53.1731,100,municipality,gencat_incasol_qww9-bvhh,,2026-08-21T21:48:17Z,0.2.0,,,complete,53.1731,53.1731,100,,official,default,true
431016,Passanant i Belltall,16,Conca de Barberà,2025,,,,0,missing,gencat_incasol_qww9-bvhh,,2026-08-21T21:48:17Z,0.2.0,not_published,,engineering_pending,0,100,0,,official,default,false
431021,Paüls,09,Baix Ebre,2025,4,,,0,missing,gencat_incasol_qww9-bvhh,,2026-08-21T21:48:17Z,0.2.0,suppressed,,engineering_pending,0,100,0,,official,default,false
431037,Perafort,36,Tarragonès,2025,12,692.75,40.2817,100,municipality,gencat_incasol_qww9-bvhh,,2026-08-21T21:48:17Z,0.2.0,,,complete,40.2817,40.2817,100,,official,default,true
431042,el Perelló,09,Baix Ebre,2025,25,473.34,8.6396,100,municipality,gencat_incasol_qww9-bvhh,,2026-08-21T21:48:17Z,0.2.0,,,complete,8.6396,8.6396,100,,official,default,true
431055,les Piles de Gaià,16,Conca de Barberà,2025,1,,,0,missing,gencat_incasol_qww9-bvhh,,2026-08-21T21:48:17Z,0.2.0,suppressed,,engineering_pending,0,100,0,,official,default,false
431068,el Pinell de Brai,37,Terra Alta,2025,4,,,0,missing,gencat_incasol_qww9-bvhh,,2026-08-21T21:48:17Z,0.2.0,suppressed,,engineering_pending,0,100,0,,official,default,false
431074,Pira,16,Conca de Barberà,2025,5,,,0,missing,gencat_incasol_qww9-bvhh,,2026-08-21T21:48:17Z,0.2.0,suppressed,,engineering_pending,0,100,0,,official,default,false
431080,el Pla de Santa Maria,01,Alt Camp,2025,30,540.6,18.3395,100,municipality,gencat_incasol_qww9-bvhh,,2026-08-21T21:48:17Z,0.2.0,,,complete,18.3395,18.3395,100,,official,default,true
431093,la Pobla de Mafumet,36,Tarragonès,2025,73,674.63,37.6686,100,municipality,gencat_incasol_qww9-bvhh,,2026-08-21T21:48:17Z,0.2.0,,,complete,37.6686,37.6686,100,,official,default,true
431107,la Pobla de Massaluca,37,Terra Alta,2025,,,,0,missing,gencat_incasol_qww9-bvhh,,2026-08-21T21:48:17Z,0.2.0,not_published,,engineering_pending,0,100,0,,official,default,false
431114,la Pobla de Montornès,36,Tarragonès,2025,24,630.16,31.2553,100,municipality,gencat_incasol_qww9-bvhh,,2026-08-21T21:48:17Z,0.2.0,,,complete,31.2553,31.2553,100,,official,default,true
431129,Poboleda,29,Priorat,2025,,,,0,missing,gencat_incasol_qww9-bvhh,,2026-08-21T21:48:17Z,0.2.0,not_published,,engineering_pending,0,100,0,,official,default,false
431135,el Pont d'Armentera,01,Alt Camp,2025,6,443.33,4.3117,100,municipality,gencat_incasol_qww9-bvhh,,2026-08-21T21:48:17Z,0.2.0,,,complete,4.3117,4.3117,100,,official,default,true
431140,Porrera,29,Priorat,2025,1,,,0,missing,gencat_incasol_qww9-bvhh,,2026-08-21T21:48:17Z,0.2.0,suppressed,,engineering_pending,0,100,0,,official,default,false
431153,Pradell de la Teixeta,29,Priorat,2025,1,,,0,missing,gencat_incasol_qww9-bvhh,,2026-08-21T21:48:17Z,0.2.0,suppressed,,engineering_pending,0,100,0,,official,default,false
431166,Prades,08,Baix Camp,2025,11,434.09,2.9792,100,municipality,gencat_incasol_qww9-bvhh,,2026-08-21T21:48:17Z,0.2.0,,,complete,2.9792,2.9792,100,,official,default,true
431172,Prat de Comte,37,Terra Alta,2025,,,,0,missing,gencat_incasol_qww9-bvhh,,2026-08-21T21:48:17Z,0.2.0,not_published,,engineering_pending,0,100,0,,official,default,false
431188,Pratdip,08,Baix Camp,2025,5,,,0,missing,gencat_incasol_qww9-bvhh,,2026-08-21T21:48:17Z,0.2.0,suppressed,,engineering_pending,0,100,0,,official,default,false
431191,Puigpelat,01,Alt Camp,2025,9,548.76,19.5163,100,municipality,gencat_incasol_qww9-bvhh,,2026-08-21T21:48:17Z,0.2.0,,,complete,19.5163,19.5163,100,,official,default,true
431205,Querol,01,Alt Camp,2025,3,,,0,missing,gencat_incasol_qww9-bvhh,,2026-08-21T21:48:17Z,0.2.0,suppressed,,engineering_pending,0,100,0,,official,default,false
431212,Rasquera,30,Ribera d'Ebre,2025,5,,,0,missing,gencat_incasol_qww9-bvhh,,2026-08-21T21:48:17Z,0.2.0,suppressed,,engineering_pending,0,100,0,,official,default,false
431227,Renau,36,Tarragonès,2025,,,,0,missing,gencat_incasol_qww9-bvhh,,2026-08-21T21:48:17Z,0.2.0,not_published,,engineering_pending,0,100,0,,official,default,false
431233,Reus,08,Baix Camp,2025,1685,576.27,23.4836,100,municipality,gencat_incasol_qww9-bvhh,,2026-08-21T21:48:17Z,0.2.0,,,complete,23.4836,23.4836,100,,official,default,true
431248,la Riba,01,Alt Camp,2025,4,,,0,missing,gencat_incasol_qww9-bvhh,,2026-08-21T21:48:17Z,0.2.0,suppressed,,engineering_pending,0,100,0,,official,default,false
431251,Riba-roja d'Ebre,30,Ribera d'Ebre,2025,15,369.33,0,100,municipality,gencat_incasol_qww9-bvhh,,2026-08-21T21:48:17Z,0.2.0,,,complete,0,0,100,,official,default,true
431264,la Riera de Gaià,36,Tarragonès,2025,16,627.81,30.9164,100,municipality,gencat_incasol_qww9-bvhh,,2026-08-21T21:48:17Z,0.2.0,,,complete,30.9164,30.9164,100,,official,default,true
431270,Riudecanyes,08,Baix Camp,2025,9,834.44,60.7155,100,municipality,gencat_incasol_qww9-bvhh,,2026-08-21T21:48:17Z,0.2.0,,,complete,60.7155,60.7155,100,,official,default,true
431286,Riudecols,08,Baix Camp,2025,18,488.06,10.7624,100,municipality,gencat_incasol_qww9-bvhh,,2026-08-21T21:48:17Z,0.2.0,,,complete,10.7624,10.7624,100,,official,default,true
431299,Riudoms,08,Baix Camp,2025,80,592.54,25.83,100,municipality,gencat_incasol_qww9-bvhh,,2026-08-21T21:48:17Z,0.2.0,,,complete,25.83,25.83,100,,official,default,true
431303,Rocafort de Queralt,16,Conca de Barberà,2025,3,,,0,missing,gencat_incasol_qww9-bvhh,,2026-08-21T21:48:17Z,0.2.0,suppressed,,engineering_pending,0,100,0,,official,default,false
431310,Roda de Berà,36,Tarragonès,2025,105,685.96,39.3025,100,municipality,gencat_incasol_qww9-bvhh,,2026-08-21T21:48:17Z,0.2.0,,,complete,39.3025,39.3025,100,,official,default,true
431325,Rodonyà,01,Alt Camp,2025,6,432.5,2.7499,100,municipality,gencat_incasol_qww9-bvhh,,2026-08-21T21:48:17Z,0.2.0,,,complete,2.7499,2.7499,100,,official,default,true
431331,Roquetes,09,Baix Ebre,2025,94,466.96,7.7195,100,municipality,gencat_incasol_qww9-bvhh,,2026-08-21T21:48:17Z,0.2.0,,,complete,7.7195,7.7195,100,,official,default,true
431346,el Rourell,01,Alt Camp,2025,4,,,0,missing,gencat_incasol_qww9-bvhh,,2026-08-21T21:48:17Z,0.2.0,suppressed,,engineering_pending,0,100,0,,official,default,false
431359,Salomó,36,Tarragonès,2025,8,431.88,2.6605,100,municipality,gencat_incasol_qww9-bvhh,,2026-08-21T21:48:17Z,0.2.0,,,complete,2.6605,2.6605,100,,official,default,true
431362,la Ràpita,22,Montsià,2025,289,435.36,3.1623,100,municipality,gencat_incasol_qww9-bvhh,,2026-08-21T21:48:17Z,0.2.0,,,complete,3.1623,3.1623,100,,official,default,true
431378,Sant Jaume dels Domenys,12,Baix Penedès,2025,23,564.89,21.8425,100,municipality,gencat_incasol_qww9-bvhh,,2026-08-21T21:48:17Z,0.2.0,,,complete,21.8425,21.8425,100,,official,default,true
431384,Santa Bàrbara,22,Montsià,2025,40,376.76,0,100,municipality,gencat_incasol_qww9-bvhh,,2026-08-21T21:48:17Z,0.2.0,,,complete,0,0,100,,official,default,true
431397,Santa Coloma de Queralt,16,Conca de Barberà,2025,34,458.38,6.4822,100,municipality,gencat_incasol_qww9-bvhh,,2026-08-21T21:48:17Z,0.2.0,,,complete,6.4822,6.4822,100,,official,default,true
431401,Santa Oliva,12,Baix Penedès,2025,16,659.84,35.5356,100,municipality,gencat_incasol_qww9-bvhh,,2026-08-21T21:48:17Z,0.2.0,,,complete,35.5356,35.5356,100,,official,default,true
431418,Pontils,16,Conca de Barberà,2025,,,,0,missing,gencat_incasol_qww9-bvhh,,2026-08-21T21:48:17Z,0.2.0,not_published,,engineering_pending,0,100,0,,official,default,false
431423,Sarral,16,Conca de Barberà,2025,30,507.5,13.566,100,municipality,gencat_incasol_qww9-bvhh,,2026-08-21T21:48:17Z,0.2.0,,,complete,13.566,13.566,100,,official,default,true
431439,Savallà del Comtat,16,Conca de Barberà,2025,,,,0,missing,gencat_incasol_qww9-bvhh,,2026-08-21T21:48:17Z,0.2.0,not_published,,engineering_pending,0,100,0,,official,default,false
431444,la Secuita,36,Tarragonès,2025,12,599.92,26.8943,100,municipality,gencat_incasol_qww9-bvhh,,2026-08-21T21:48:17Z,0.2.0,,,complete,26.8943,26.8943,100,,official,default,true
431457,la Selva del Camp,08,Baix Camp,2025,51,589.81,25.4363,100,municipality,gencat_incasol_qww9-bvhh,,2026-08-21T21:48:17Z,0.2.0,,,complete,25.4363,25.4363,100,,official,default,true
431460,Senan,16,Conca de Barberà,2025,,,,0,missing,gencat_incasol_qww9-bvhh,,2026-08-21T21:48:17Z,0.2.0,not_published,,engineering_pending,0,100,0,,official,default,false
431476,Solivella,16,Conca de Barberà,2025,5,,,0,missing,gencat_incasol_qww9-bvhh,,2026-08-21T21:48:17Z,0.2.0,suppressed,,engineering_pending,0,100,0,,official,default,false
431482,Tarragona,36,Tarragonès,2025,2524,682.68,38.8295,100,municipality,gencat_incasol_qww9-bvhh,,2026-08-21T21:48:17Z,0.2.0,,,complete,38.8295,38.8295,100,,official,default,true
431495,Tivenys,09,Baix Ebre,2025,10,413,0,100,municipality,gencat_incasol_qww9-bvhh,,2026-08-21T21:48:17Z,0.2.0,,,complete,0,0,100,,official,default,true
431508,Tivissa,30,Ribera d'Ebre,2025,9,392.78,0,100,municipality,gencat_incasol_qww9-bvhh,,2026-08-21T21:48:17Z,0.2.0,,,complete,0,0,100,,official,default,true
431515,la Torre de Fontaubella,29,Priorat,2025,1,,,0,missing,gencat_incasol_qww9-bvhh,,2026-08-21T21:48:17Z,0.2.0,suppressed,,engineering_pending,0,100,0,,official,default,false
431520,la Torre de l'Espanyol,30,Ribera d'Ebre,2025,,,,0,missing,gencat_incasol_qww9-bvhh,,2026-08-21T21:48:17Z,0.2.0,not_published,,engineering_pending,0,100,0,,official,default,false
431536,Torredembarra,36,Tarragonès,2025,277,633.14,31.6851,100,municipality,gencat_incasol_qww9-bvhh,,2026-08-21T21:48:17Z,0.2.0,,,complete,31.6851,31.6851,100,,official,default,true
431541,Torroja del Priorat,29,Priorat,2025,1,,,0,missing,gencat_incasol_qww9-bvhh,,2026-08-21T21:48:17Z,0.2.0,suppressed,,engineering_pending,0,100,0,,official,default,false
431554,Tortosa,09,Baix Ebre,2025,838,468.08,7.881,100,municipality,gencat_incasol_qww9-bvhh,,2026-08-21T21:48:17Z,0.2.0,,,complete,7.881,7.881,100,,official,default,true
431567,Ulldecona,22,Montsià,2025,52,377.81,0,100,municipality,gencat_incasol_qww9-bvhh,,2026-08-21T21:48:17Z,0.2.0,,,complete,0,0,100,,official,default,true
431573,Ulldemolins,29,Priorat,2025,3,,,0,missing,gencat_incasol_qww9-bvhh,,2026-08-21T21:48:17Z,0.2.0,suppressed,,engineering_pending,0,100,0,,official,default,false
431589,Vallclara,16,Conca de Barberà,2025,,,,0,missing,gencat_incasol_qww9-bvhh,,2026-08-21T21:48:17Z,0.2.0,not_published,,engineering_pending,0,100,0,,official,default,false
431592,Vallfogona de Riucorb,16,Conca de Barberà,2025,3,,,0,missing,gencat_incasol_qww9-bvhh,,2026-08-21T21:48:17Z,0.2.0,suppressed,,engineering_pending,0,100,0,,official,default,false
431606,Vallmoll,01,Alt Camp,2025,12,667.23,36.6014,100,municipality,gencat_incasol_qww9-bvhh,,2026-08-21T21:48:17Z,0.2.0,,,complete,36.6014,36.6014,100,,official,default,true
431613,Valls,01,Alt Camp,2025,305,535.53,17.6083,100,municipality,gencat_incasol_qww9-bvhh,,2026-08-21T21:48:17Z,0.2.0,,,complete,17.6083,17.6083,100,,official,default,true
431628,Vandellòs i l'Hospitalet de l'Infant,08,Baix Camp,2025,106,596.86,26.453,100,municipality,gencat_incasol_qww9-bvhh,,2026-08-21T21:48:17Z,0.2.0,,,complete,26.453,26.453,100,,official,default,true
431634,el Vendrell,12,Baix Penedès,2025,581,623.6,30.3093,100,municipality,gencat_incasol_qww9-bvhh,,2026-08-21T21:48:17Z,0.2.0,,,complete,30.3093,30.3093,100,,official,default,true
431649,Vespella de Gaià,36,Tarragonès,2025,4,,,0,missing,gencat_incasol_qww9-bvhh,,2026-08-21T21:48:17Z,0.2.0,suppressed,,engineering_pending,0,100,0,,official,default,false
431652,Vilabella,01,Alt Camp,2025,6,421.67,1.188,100,municipality,gencat_incasol_qww9-bvhh,,2026-08-21T21:48:17Z,0.2.0,,,complete,1.188,1.188,100,,official,default,true
431665,Vilallonga del Camp,36,Tarragonès,2025,38,601.94,27.1856,100,municipality,gencat_incasol_qww9-bvhh,,2026-08-21T21:48:17Z,0.2.0,,,complete,27.1856,27.1856,100,,official,default,true
431671,Vilanova d'Escornalbou,08,Baix Camp,2025,8,776.88,52.4145,100,municipality,gencat_incasol_qww9-bvhh,,2026-08-21T21:48:17Z,0.2.0,,,complete,52.4145,52.4145,100,,official,default,true
431687,Vilanova de Prades,16,Conca de Barberà,2025,,,,0,missing,gencat_incasol_qww9-bvhh,,2026-08-21T21:48:17Z,0.2.0,not_published,,engineering_pending,0,100,0,,official,default,false
431690,Vilaplana,08,Baix Camp,2025,2,,,0,missing,gencat_incasol_qww9-bvhh,,2026-08-21T21:48:17Z,0.2.0,suppressed,,engineering_pending,0,100,0,,official,default,false
431704,Vila-rodona,01,Alt Camp,2025,19,453.95,5.8433,100,municipality,gencat_incasol_qww9-bvhh,,2026-08-21T21:48:17Z,0.2.0,,,complete,5.8433,5.8433,100,,official,default,true
431711,Vila-seca,36,Tarragonès,2025,292,626.48,30.7246,100,municipality,gencat_incasol_qww9-bvhh,,2026-08-21T21:48:17Z,0.2.0,,,complete,30.7246,30.7246,100,,official,default,true
431726,Vilaverd,16,Conca de Barberà,2025,2,,,0,missing,gencat_incasol_qww9-bvhh,,2026-08-21T21:48:17Z,0.2.0,suppressed,,engineering_pending,0,100,0,,official,default,false
431732,la Vilella Alta,29,Priorat,2025,,,,0,missing,gencat_incasol_qww9-bvhh,,2026-08-21T21:48:17Z,0.2.0,not_published,,engineering_pending,0,100,0,,official,default,false
431747,la Vilella Baixa,29,Priorat,2025,,,,0,missing,gencat_incasol_qww9-bvhh,,2026-08-21T21:48:17Z,0.2.0,not_published,,engineering_pending,0,100,0,,official,default,false
431750,Vilalba dels Arcs,37,Terra Alta,2025,,,,0,missing,gencat_incasol_qww9-bvhh,,2026-08-21T21:48:17Z,0.2.0,not_published,,engineering_pending,0,100,0,,official,default,false
431763,Vimbodí i Poblet,16,Conca de Barberà,2025,12,405.83,0,100,municipality,gencat_incasol_qww9-bvhh,,2026-08-21T21:48:17Z,0.2.0,,,complete,0,0,100,,official,default,true
431779,Vinebre,30,Ribera d'Ebre,2025,6,415.83,0.3458,100,municipality,gencat_incasol_qww9-bvhh,,2026-08-21T21:48:17Z,0.2.0,,,complete,0.3458,0.3458,100,,official,default,true
431785,Vinyols i els Arcs,08,Baix Camp,2025,28,586.66,24.982,100,municipality,gencat_incasol_qww9-bvhh,,2026-08-21T21:48:17Z,0.2.0,,,complete,24.982,24.982,100,,official,default,true
439018,Deltebre,09,Baix Ebre,2025,221,469.56,8.0945,100,municipality,gencat_incasol_qww9-bvhh,,2026-08-21T21:48:17Z,0.2.0,,,complete,8.0945,8.0945,100,,official,default,true
439023,Sant Jaume d'Enveja,22,Montsià,2025,42,483.28,10.0731,100,municipality,gencat_incasol_qww9-bvhh,,2026-08-21T21:48:17Z,0.2.0,,,complete,10.0731,10.0731,100,,official,default,true
439039,Camarles,09,Baix Ebre,2025,49,513.74,14.4659,100,municipality,gencat_incasol_qww9-bvhh,,2026-08-21T21:48:17Z,0.2.0,,,complete,14.4659,14.4659,100,,official,default,true
439044,l'Aldea,09,Baix Ebre,2025,68,446,4.6968,100,municipality,gencat_incasol_qww9-bvhh,,2026-08-21T21:48:17Z,0.2.0,,,complete,4.6968,4.6968,100,,official,default,true
439057,Salou,36,Tarragonès,2025,544,656.88,35.1088,100,municipality,gencat_incasol_qww9-bvhh,,2026-08-21T21:48:17Z,0.2.0,,,complete,35.1088,35.1088,100,,official,default,true
439060,l'Ampolla,09,Baix Ebre,2025,64,519.35,15.2749,100,municipality,gencat_incasol_qww9-bvhh,,2026-08-21T21:48:17Z,0.2.0,,,complete,15.2749,15.2749,100,,official,default,true
439076,la Canonja,36,Tarragonès,2025,56,549.58,19.6345,100,municipality,gencat_incasol_qww9-bvhh,,2026-08-21T21:48:17Z,0.2.0,,,complete,19.6345,19.6345,100,,official,default,true
