municipality_code,municipality_name,comarca_code,comarca_name,reference_period,population,sales_count,sales_per_1000,rental_contracts,rental_contracts_per_1000,sale_liquidity_score,rental_liquidity_score,score_0_100,confidence_0_100,data_scope,source_id,source_updated_at,retrieved_at,method_version,missing_reason,notes,score_status,score_min_0_100,score_max_0_100,coverage_weight_pct,rank_stability_0_100,source_tier,method_variant,usable_for_composite
080018,Abrera,11,Baix Llobregat,2025 (2025S1),13207,119,9.010373,117,8.858938,21.1574,31.6533,25.3558,90,municipality,idescat_ep;gencat_housing_sales_2025;gencat_incasol_qww9-bvhh,,2026-08-21T21:48:17Z,0.2.0,,,complete,25.3558,25.3558,100,,official,default,true
080023,Aguilar de Segarra,07,Bages,2025 (2025S1),293,,,1,3.412969,,3.0443,,0,missing,idescat_ep;gencat_housing_sales_2025;gencat_incasol_qww9-bvhh,,2026-08-21T21:48:17Z,0.2.0,missing_dependency,,engineering_pending,0,100,0,,official,default,false
080039,Alella,21,Maresme,2025 (2025S1),10251,104,10.145352,94,9.169837,26.8483,33.2865,29.4236,90,municipality,idescat_ep;gencat_housing_sales_2025;gencat_incasol_qww9-bvhh,,2026-08-21T21:48:17Z,0.2.0,,,complete,29.4236,29.4236,100,,official,default,true
080044,Alpens,43,Lluçanès,2025 (2025S1),267,,,4,14.981273,,63.8154,,0,missing,idescat_ep;gencat_housing_sales_2025;gencat_incasol_qww9-bvhh,,2026-08-21T21:48:17Z,0.2.0,missing_dependency,,engineering_pending,0,100,0,,official,default,false
080057,l'Ametlla del Vallès,41,Vallès Oriental,2025 (2025S1),9473,95,10.028502,56,5.911538,26.2624,16.1699,22.2254,90,municipality,idescat_ep;gencat_housing_sales_2025;gencat_incasol_qww9-bvhh,,2026-08-21T21:48:17Z,0.2.0,,,complete,22.2254,22.2254,100,,official,default,true
080060,Arenys de Mar,21,Maresme,2025 (2025S1),16982,192,11.306089,228,13.42598,32.6683,55.6451,41.859,90,municipality,idescat_ep;gencat_housing_sales_2025;gencat_incasol_qww9-bvhh,,2026-08-21T21:48:17Z,0.2.0,,,complete,41.859,41.859,100,,official,default,true
080076,Arenys de Munt,21,Maresme,2025 (2025S1),9527,105,11.021308,119,12.490816,31.2404,50.7324,39.0372,90,municipality,idescat_ep;gencat_housing_sales_2025;gencat_incasol_qww9-bvhh,,2026-08-21T21:48:17Z,0.2.0,,,complete,39.0372,39.0372,100,,official,default,true
080082,Argençola,06,Anoia,2025 (2025S1),245,,,1,4.081633,,6.5569,,0,missing,idescat_ep;gencat_housing_sales_2025;gencat_incasol_qww9-bvhh,,2026-08-21T21:48:17Z,0.2.0,missing_dependency,,engineering_pending,0,100,0,,official,default,false
080095,Argentona,21,Maresme,2025 (2025S1),12891,108,8.377938,119,9.231247,17.9863,33.6091,24.2354,90,municipality,idescat_ep;gencat_housing_sales_2025;gencat_incasol_qww9-bvhh,,2026-08-21T21:48:17Z,0.2.0,,,complete,24.2354,24.2354,100,,official,default,true
080109,Artés,07,Bages,2025 (2025S1),6211,49,7.889229,80,12.880374,15.5359,52.7789,30.4331,90,municipality,idescat_ep;gencat_housing_sales_2025;gencat_incasol_qww9-bvhh,,2026-08-21T21:48:17Z,0.2.0,,,complete,30.4331,30.4331,100,,official,default,true
080116,Avià,14,Berguedà,2025 (2025S1),2263,17,7.512152,37,16.349978,13.6452,71.0056,36.5894,90,municipality,idescat_ep;gencat_housing_sales_2025;gencat_incasol_qww9-bvhh,,2026-08-21T21:48:17Z,0.2.0,,,complete,36.5894,36.5894,100,,official,default,true
080121,Avinyó,07,Bages,2025 (2025S1),2325,18,7.741935,20,8.602151,14.7973,30.3043,21.0001,90,municipality,idescat_ep;gencat_housing_sales_2025;gencat_incasol_qww9-bvhh,,2026-08-21T21:48:17Z,0.2.0,,,complete,21.0001,21.0001,100,,official,default,true
080137,Avinyonet del Penedès,03,Alt Penedès,2025 (2025S1),1787,,,18,10.072748,,38.0297,,0,missing,idescat_ep;gencat_housing_sales_2025;gencat_incasol_qww9-bvhh,,2026-08-21T21:48:17Z,0.2.0,missing_dependency,,engineering_pending,0,100,0,,official,default,false
080142,Aiguafreda,24,Osona,2025 (2025S1),2569,31,12.066952,57,22.187622,36.4834,100,61.89,90,municipality,idescat_ep;gencat_housing_sales_2025;gencat_incasol_qww9-bvhh,,2026-08-21T21:48:17Z,0.2.0,,,complete,61.89,61.89,100,,official,default,true
080155,Badalona,13,Barcelonès,2025 (2025S1),230642,1994,8.645433,2577,11.17316,19.3275,43.8105,29.1207,90,municipality,idescat_ep;gencat_housing_sales_2025;gencat_incasol_qww9-bvhh,,2026-08-21T21:48:17Z,0.2.0,,,complete,29.1207,29.1207,100,,official,default,true
080168,Bagà,14,Berguedà,2025 (2025S1),2167,36,16.612829,19,8.767882,59.2769,31.175,48.0361,90,municipality,idescat_ep;gencat_housing_sales_2025;gencat_incasol_qww9-bvhh,,2026-08-21T21:48:17Z,0.2.0,,,complete,48.0361,48.0361,100,,official,default,true
080174,Balenyà,24,Osona,2025 (2025S1),4007,38,9.483404,43,10.73122,23.5292,41.4888,30.713,90,municipality,idescat_ep;gencat_housing_sales_2025;gencat_incasol_qww9-bvhh,,2026-08-21T21:48:17Z,0.2.0,,,complete,30.713,30.713,100,,official,default,true
080180,Balsareny,07,Bages,2025 (2025S1),3354,31,9.242695,37,11.031604,22.3223,43.0668,30.6201,90,municipality,idescat_ep;gencat_housing_sales_2025;gencat_incasol_qww9-bvhh,,2026-08-21T21:48:17Z,0.2.0,,,complete,30.6201,30.6201,100,,official,default,true
080193,Barcelona,13,Barcelonès,2025 (2025S1),1713247,14515,8.472217,30789,17.971139,18.459,79.5219,42.8842,90,municipality,idescat_ep;gencat_housing_sales_2025;gencat_incasol_qww9-bvhh,,2026-08-21T21:48:17Z,0.2.0,,,complete,42.8842,42.8842,100,,official,default,true
080207,Begues,11,Baix Llobregat,2025 (2025S1),7545,70,9.277667,75,9.940358,22.4976,37.3343,28.4323,90,municipality,idescat_ep;gencat_housing_sales_2025;gencat_incasol_qww9-bvhh,,2026-08-21T21:48:17Z,0.2.0,,,complete,28.4323,28.4323,100,,official,default,true
080214,Bellprat,06,Anoia,2025 (2025S1),69,,,1,14.492754,,61.2491,,0,missing,idescat_ep;gencat_housing_sales_2025;gencat_incasol_qww9-bvhh,,2026-08-21T21:48:17Z,0.2.0,missing_dependency,,engineering_pending,0,100,0,,official,default,false
080229,Berga,14,Berguedà,2025 (2025S1),17539,178,10.148811,324,18.473117,26.8656,82.1589,48.9829,90,municipality,idescat_ep;gencat_housing_sales_2025;gencat_incasol_qww9-bvhh,,2026-08-21T21:48:17Z,0.2.0,,,complete,48.9829,48.9829,100,,official,default,true
080235,Bigues i Riells del Fai,41,Vallès Oriental,2025 (2025S1),10124,112,11.062821,65,6.420387,31.4486,18.843,26.4064,90,municipality,idescat_ep;gencat_housing_sales_2025;gencat_incasol_qww9-bvhh,,2026-08-21T21:48:17Z,0.2.0,,,complete,26.4064,26.4064,100,,official,default,true
080240,Borredà,14,Berguedà,2025 (2025S1),434,,,18,41.474654,,100,,0,missing,idescat_ep;gencat_housing_sales_2025;gencat_incasol_qww9-bvhh,,2026-08-21T21:48:17Z,0.2.0,missing_dependency,,engineering_pending,0,100,0,,official,default,false
080253,el Bruc,06,Anoia,2025 (2025S1),2294,23,10.026155,19,8.282476,26.2506,28.625,27.2004,90,municipality,idescat_ep;gencat_housing_sales_2025;gencat_incasol_qww9-bvhh,,2026-08-21T21:48:17Z,0.2.0,,,complete,27.2004,27.2004,100,,official,default,true
080266,el Brull,24,Osona,2025 (2025S1),297,,,,,,,,0,missing,idescat_ep;gencat_housing_sales_2025;gencat_incasol_qww9-bvhh,,2026-08-21T21:48:17Z,0.2.0,missing_dependency,,engineering_pending,0,100,0,,official,default,false
080272,les Cabanyes,03,Alt Penedès,2025 (2025S1),1064,,,5,4.699248,,9.8014,,0,missing,idescat_ep;gencat_housing_sales_2025;gencat_incasol_qww9-bvhh,,2026-08-21T21:48:17Z,0.2.0,missing_dependency,,engineering_pending,0,100,0,,official,default,false
080288,Cabrera d'Anoia,06,Anoia,2025 (2025S1),1777,,,3,1.688239,,0,,0,missing,idescat_ep;gencat_housing_sales_2025;gencat_incasol_qww9-bvhh,,2026-08-21T21:48:17Z,0.2.0,missing_dependency,,engineering_pending,0,100,0,,official,default,false
080291,Cabrera de Mar,21,Maresme,2025 (2025S1),5053,30,5.937067,78,15.436374,5.7475,66.2062,29.931,90,municipality,idescat_ep;gencat_housing_sales_2025;gencat_incasol_qww9-bvhh,,2026-08-21T21:48:17Z,0.2.0,,,complete,29.931,29.931,100,,official,default,true
080305,Cabrils,21,Maresme,2025 (2025S1),7755,73,9.413282,67,8.639587,23.1776,30.501,26.107,90,municipality,idescat_ep;gencat_housing_sales_2025;gencat_incasol_qww9-bvhh,,2026-08-21T21:48:17Z,0.2.0,,,complete,26.107,26.107,100,,official,default,true
080312,Calaf,06,Anoia,2025 (2025S1),3627,65,17.921147,56,15.439757,65.8369,66.2239,65.9917,90,municipality,idescat_ep;gencat_housing_sales_2025;gencat_incasol_qww9-bvhh,,2026-08-21T21:48:17Z,0.2.0,,,complete,65.9917,65.9917,100,,official,default,true
080327,Caldes d'Estrac,21,Maresme,2025 (2025S1),3348,64,19.11589,41,12.246117,71.8275,49.447,62.8753,90,municipality,idescat_ep;gencat_housing_sales_2025;gencat_incasol_qww9-bvhh,,2026-08-21T21:48:17Z,0.2.0,,,complete,62.8753,62.8753,100,,official,default,true
080333,Caldes de Montbui,41,Vallès Oriental,2025 (2025S1),18554,132,7.114369,292,15.737846,11.6506,67.7899,34.1063,90,municipality,idescat_ep;gencat_housing_sales_2025;gencat_incasol_qww9-bvhh,,2026-08-21T21:48:17Z,0.2.0,,,complete,34.1063,34.1063,100,,official,default,true
080348,Calders,42,Moianès,2025 (2025S1),1121,,,9,8.028546,,27.291,,0,missing,idescat_ep;gencat_housing_sales_2025;gencat_incasol_qww9-bvhh,,2026-08-21T21:48:17Z,0.2.0,missing_dependency,,engineering_pending,0,100,0,,official,default,false
080351,Calella,21,Maresme,2025 (2025S1),20775,256,12.322503,322,15.499398,37.7648,66.5373,49.2738,90,municipality,idescat_ep;gencat_housing_sales_2025;gencat_incasol_qww9-bvhh,,2026-08-21T21:48:17Z,0.2.0,,,complete,49.2738,49.2738,100,,official,default,true
080364,Calonge de Segarra,06,Anoia,2025 (2025S1),179,,,2,11.173184,,43.8106,,0,missing,idescat_ep;gencat_housing_sales_2025;gencat_incasol_qww9-bvhh,,2026-08-21T21:48:17Z,0.2.0,missing_dependency,,engineering_pending,0,100,0,,official,default,false
080370,Calldetenes,24,Osona,2025 (2025S1),2724,9,3.303965,28,10.279001,0,39.1132,15.6453,90,municipality,idescat_ep;gencat_housing_sales_2025;gencat_incasol_qww9-bvhh,,2026-08-21T21:48:17Z,0.2.0,,,complete,15.6453,15.6453,100,,official,default,true
080386,Callús,07,Bages,2025 (2025S1),2193,13,5.927953,33,15.04788,5.7018,64.1653,29.0872,90,municipality,idescat_ep;gencat_housing_sales_2025;gencat_incasol_qww9-bvhh,,2026-08-21T21:48:17Z,0.2.0,,,complete,29.0872,29.0872,100,,official,default,true
080399,Campins,41,Vallès Oriental,2025 (2025S1),588,,,15,25.510204,,100,,0,missing,idescat_ep;gencat_housing_sales_2025;gencat_incasol_qww9-bvhh,,2026-08-21T21:48:17Z,0.2.0,missing_dependency,,engineering_pending,0,100,0,,official,default,false
080403,Canet de Mar,21,Maresme,2025 (2025S1),15191,151,9.940096,230,15.140544,25.8191,64.6521,41.3523,90,municipality,idescat_ep;gencat_housing_sales_2025;gencat_incasol_qww9-bvhh,,2026-08-21T21:48:17Z,0.2.0,,,complete,41.3523,41.3523,100,,official,default,true
080410,Canovelles,41,Vallès Oriental,2025 (2025S1),17445,171,9.802236,112,6.420178,25.1279,18.8419,22.6135,90,municipality,idescat_ep;gencat_housing_sales_2025;gencat_incasol_qww9-bvhh,,2026-08-21T21:48:17Z,0.2.0,,,complete,22.6135,22.6135,100,,official,default,true
080425,Cànoves i Samalús,41,Vallès Oriental,2025 (2025S1),3393,38,11.199528,34,10.020631,32.134,37.7559,34.3828,90,municipality,idescat_ep;gencat_housing_sales_2025;gencat_incasol_qww9-bvhh,,2026-08-21T21:48:17Z,0.2.0,,,complete,34.3828,34.3828,100,,official,default,true
080431,Canyelles,17,Garraf,2025 (2025S1),5494,67,12.195122,18,3.276301,37.1261,2.3263,23.2062,90,municipality,idescat_ep;gencat_housing_sales_2025;gencat_incasol_qww9-bvhh,,2026-08-21T21:48:17Z,0.2.0,,,complete,23.2062,23.2062,100,,official,default,true
080446,Capellades,06,Anoia,2025 (2025S1),5598,61,10.896749,70,12.504466,30.6159,50.8041,38.6912,90,municipality,idescat_ep;gencat_housing_sales_2025;gencat_incasol_qww9-bvhh,,2026-08-21T21:48:17Z,0.2.0,,,complete,38.6912,38.6912,100,,official,default,true
080459,Capolat,14,Berguedà,2025 (2025S1),93,,,,,,,,0,missing,idescat_ep;gencat_housing_sales_2025;gencat_incasol_qww9-bvhh,,2026-08-21T21:48:17Z,0.2.0,missing_dependency,,engineering_pending,0,100,0,,official,default,false
080462,Cardedeu,41,Vallès Oriental,2025 (2025S1),19050,182,9.553806,297,15.590551,23.8822,67.0161,41.1358,90,municipality,idescat_ep;gencat_housing_sales_2025;gencat_incasol_qww9-bvhh,,2026-08-21T21:48:17Z,0.2.0,,,complete,41.1358,41.1358,100,,official,default,true
080478,Cardona,07,Bages,2025 (2025S1),4540,37,8.14978,62,13.656388,16.8423,56.8555,32.8476,90,municipality,idescat_ep;gencat_housing_sales_2025;gencat_incasol_qww9-bvhh,,2026-08-21T21:48:17Z,0.2.0,,,complete,32.8476,32.8476,100,,official,default,true
080484,Carme,06,Anoia,2025 (2025S1),860,,,10,11.627907,,46.1994,,0,missing,idescat_ep;gencat_housing_sales_2025;gencat_incasol_qww9-bvhh,,2026-08-21T21:48:17Z,0.2.0,missing_dependency,,engineering_pending,0,100,0,,official,default,false
080497,Casserres,14,Berguedà,2025 (2025S1),1665,,,33,19.81982,,89.2335,,0,missing,idescat_ep;gencat_housing_sales_2025;gencat_incasol_qww9-bvhh,,2026-08-21T21:48:17Z,0.2.0,missing_dependency,,engineering_pending,0,100,0,,official,default,false
080500,Castellar del Riu,14,Berguedà,2025 (2025S1),151,,,1,6.622517,,19.9048,,0,missing,idescat_ep;gencat_housing_sales_2025;gencat_incasol_qww9-bvhh,,2026-08-21T21:48:17Z,0.2.0,missing_dependency,,engineering_pending,0,100,0,,official,default,false
080517,Castellar del Vallès,40,Vallès Occidental,2025 (2025S1),25395,279,10.986415,187,7.363654,31.0655,23.7982,28.1586,90,municipality,idescat_ep;gencat_housing_sales_2025;gencat_incasol_qww9-bvhh,,2026-08-21T21:48:17Z,0.2.0,,,complete,28.1586,28.1586,100,,official,default,true
080522,Castellar de n'Hug,14,Berguedà,2025 (2025S1),166,,,3,18.072289,,80.0533,,0,missing,idescat_ep;gencat_housing_sales_2025;gencat_incasol_qww9-bvhh,,2026-08-21T21:48:17Z,0.2.0,missing_dependency,,engineering_pending,0,100,0,,official,default,false
080538,Castellbell i el Vilar,07,Bages,2025 (2025S1),4163,54,12.971415,38,9.128033,41.0185,33.0669,37.8379,90,municipality,idescat_ep;gencat_housing_sales_2025;gencat_incasol_qww9-bvhh,,2026-08-21T21:48:17Z,0.2.0,,,complete,37.8379,37.8379,100,,official,default,true
080543,Castellbisbal,40,Vallès Occidental,2025 (2025S1),13058,133,10.185327,109,8.347373,27.0487,28.9659,27.8156,90,municipality,idescat_ep;gencat_housing_sales_2025;gencat_incasol_qww9-bvhh,,2026-08-21T21:48:17Z,0.2.0,,,complete,27.8156,27.8156,100,,official,default,true
080556,Castellcir,42,Moianès,2025 (2025S1),802,,,11,13.715711,,57.1671,,0,missing,idescat_ep;gencat_housing_sales_2025;gencat_incasol_qww9-bvhh,,2026-08-21T21:48:17Z,0.2.0,missing_dependency,,engineering_pending,0,100,0,,official,default,false
080569,Castelldefels,11,Baix Llobregat,2025 (2025S1),69689,672,9.642842,952,13.660693,24.3287,56.8781,37.3485,90,municipality,idescat_ep;gencat_housing_sales_2025;gencat_incasol_qww9-bvhh,,2026-08-21T21:48:17Z,0.2.0,,,complete,37.3485,37.3485,100,,official,default,true
080575,Castell de l'Areny,14,Berguedà,2025 (2025S1),68,,,2,29.411765,,100,,0,missing,idescat_ep;gencat_housing_sales_2025;gencat_incasol_qww9-bvhh,,2026-08-21T21:48:17Z,0.2.0,missing_dependency,,engineering_pending,0,100,0,,official,default,false
080581,Castellet i la Gornal,03,Alt Penedès,2025 (2025S1),2773,16,5.769924,15,5.409304,4.9094,13.5315,8.3582,90,municipality,idescat_ep;gencat_housing_sales_2025;gencat_incasol_qww9-bvhh,,2026-08-21T21:48:17Z,0.2.0,,,complete,8.3582,8.3582,100,,official,default,true
080594,Castellfollit del Boix,07,Bages,2025 (2025S1),469,,,3,6.396588,,18.718,,0,missing,idescat_ep;gencat_housing_sales_2025;gencat_incasol_qww9-bvhh,,2026-08-21T21:48:17Z,0.2.0,missing_dependency,,engineering_pending,0,100,0,,official,default,false
080608,Castellfollit de Riubregós,06,Anoia,2025 (2025S1),153,,,,,,,,0,missing,idescat_ep;gencat_housing_sales_2025;gencat_incasol_qww9-bvhh,,2026-08-21T21:48:17Z,0.2.0,missing_dependency,,engineering_pending,0,100,0,,official,default,false
080615,Castellgalí,07,Bages,2025 (2025S1),2411,25,10.369141,19,7.880547,27.9704,26.5136,27.3877,90,municipality,idescat_ep;gencat_housing_sales_2025;gencat_incasol_qww9-bvhh,,2026-08-21T21:48:17Z,0.2.0,,,complete,27.3877,27.3877,100,,official,default,true
080620,Castellnou de Bages,07,Bages,2025 (2025S1),1471,,,1,0.67981,,0,,0,missing,idescat_ep;gencat_housing_sales_2025;gencat_incasol_qww9-bvhh,,2026-08-21T21:48:17Z,0.2.0,missing_dependency,,engineering_pending,0,100,0,,official,default,false
080636,Castellolí,06,Anoia,2025 (2025S1),670,,,5,7.462687,,24.3184,,0,missing,idescat_ep;gencat_housing_sales_2025;gencat_incasol_qww9-bvhh,,2026-08-21T21:48:17Z,0.2.0,missing_dependency,,engineering_pending,0,100,0,,official,default,false
080641,Castellterçol,42,Moianès,2025 (2025S1),2742,28,10.211524,60,21.881838,27.1801,100,56.3081,90,municipality,idescat_ep;gencat_housing_sales_2025;gencat_incasol_qww9-bvhh,,2026-08-21T21:48:17Z,0.2.0,,,complete,56.3081,56.3081,100,,official,default,true
080654,Castellví de la Marca,03,Alt Penedès,2025 (2025S1),1718,,,14,8.14901,,27.9239,,0,missing,idescat_ep;gencat_housing_sales_2025;gencat_incasol_qww9-bvhh,,2026-08-21T21:48:17Z,0.2.0,missing_dependency,,engineering_pending,0,100,0,,official,default,false
080667,Castellví de Rosanes,11,Baix Llobregat,2025 (2025S1),2166,16,7.386888,15,6.925208,13.0171,21.4949,16.4082,90,municipality,idescat_ep;gencat_housing_sales_2025;gencat_incasol_qww9-bvhh,,2026-08-21T21:48:17Z,0.2.0,,,complete,16.4082,16.4082,100,,official,default,true
080673,Centelles,24,Osona,2025 (2025S1),7860,55,6.997455,104,13.231552,11.0644,54.6237,28.4881,90,municipality,idescat_ep;gencat_housing_sales_2025;gencat_incasol_qww9-bvhh,,2026-08-21T21:48:17Z,0.2.0,,,complete,28.4881,28.4881,100,,official,default,true
080689,Cervelló,11,Baix Llobregat,2025 (2025S1),9726,150,15.422579,64,6.5803,53.3089,19.683,39.8585,90,municipality,idescat_ep;gencat_housing_sales_2025;gencat_incasol_qww9-bvhh,,2026-08-21T21:48:17Z,0.2.0,,,complete,39.8585,39.8585,100,,official,default,true
080692,Collbató,11,Baix Llobregat,2025 (2025S1),4820,47,9.751037,30,6.224066,24.8712,17.8117,22.0474,90,municipality,idescat_ep;gencat_housing_sales_2025;gencat_incasol_qww9-bvhh,,2026-08-21T21:48:17Z,0.2.0,,,complete,22.0474,22.0474,100,,official,default,true
080706,Collsuspina,42,Moianès,2025 (2025S1),390,,,1,2.564103,,0,,0,missing,idescat_ep;gencat_housing_sales_2025;gencat_incasol_qww9-bvhh,,2026-08-21T21:48:17Z,0.2.0,missing_dependency,,engineering_pending,0,100,0,,official,default,false
080713,Copons,06,Anoia,2025 (2025S1),352,,,4,11.363636,,44.8111,,0,missing,idescat_ep;gencat_housing_sales_2025;gencat_incasol_qww9-bvhh,,2026-08-21T21:48:17Z,0.2.0,missing_dependency,,engineering_pending,0,100,0,,official,default,false
080728,Corbera de Llobregat,11,Baix Llobregat,2025 (2025S1),16044,176,10.969833,134,8.352032,30.9823,28.9904,30.1855,90,municipality,idescat_ep;gencat_housing_sales_2025;gencat_incasol_qww9-bvhh,,2026-08-21T21:48:17Z,0.2.0,,,complete,30.1855,30.1855,100,,official,default,true
080734,Cornellà de Llobregat,11,Baix Llobregat,2025 (2025S1),92255,808,8.758333,1105,11.977671,19.8936,48.0368,31.1509,90,municipality,idescat_ep;gencat_housing_sales_2025;gencat_incasol_qww9-bvhh,,2026-08-21T21:48:17Z,0.2.0,,,complete,31.1509,31.1509,100,,official,default,true
080749,Cubelles,17,Garraf,2025 (2025S1),17648,314,17.792384,348,19.718948,65.1913,88.7036,74.5962,90,municipality,idescat_ep;gencat_housing_sales_2025;gencat_incasol_qww9-bvhh,,2026-08-21T21:48:17Z,0.2.0,,,complete,74.5962,74.5962,100,,official,default,true
080752,Dosrius,21,Maresme,2025 (2025S1),6307,80,12.684319,49,7.769145,39.5789,25.9283,34.1187,90,municipality,idescat_ep;gencat_housing_sales_2025;gencat_incasol_qww9-bvhh,,2026-08-21T21:48:17Z,0.2.0,,,complete,34.1187,34.1187,100,,official,default,true
080765,Esparreguera,11,Baix Llobregat,2025 (2025S1),22639,380,16.785194,246,10.866204,60.1412,42.198,52.9639,90,municipality,idescat_ep;gencat_housing_sales_2025;gencat_incasol_qww9-bvhh,,2026-08-21T21:48:17Z,0.2.0,,,complete,52.9639,52.9639,100,,official,default,true
080771,Esplugues de Llobregat,11,Baix Llobregat,2025 (2025S1),48424,363,7.496283,614,12.679663,13.5656,51.7245,28.8292,90,municipality,idescat_ep;gencat_housing_sales_2025;gencat_incasol_qww9-bvhh,,2026-08-21T21:48:17Z,0.2.0,,,complete,28.8292,28.8292,100,,official,default,true
080787,l'Espunyola,14,Berguedà,2025 (2025S1),260,,,4,15.384615,,65.9343,,0,missing,idescat_ep;gencat_housing_sales_2025;gencat_incasol_qww9-bvhh,,2026-08-21T21:48:17Z,0.2.0,missing_dependency,,engineering_pending,0,100,0,,official,default,false
080790,l'Estany,42,Moianès,2025 (2025S1),391,,,4,10.230179,,38.8568,,0,missing,idescat_ep;gencat_housing_sales_2025;gencat_incasol_qww9-bvhh,,2026-08-21T21:48:17Z,0.2.0,missing_dependency,,engineering_pending,0,100,0,,official,default,false
080804,Fígols,14,Berguedà,2025 (2025S1),41,,,,,,,,0,missing,idescat_ep;gencat_housing_sales_2025;gencat_incasol_qww9-bvhh,,2026-08-21T21:48:17Z,0.2.0,missing_dependency,,engineering_pending,0,100,0,,official,default,false
080811,Fogars de Montclús,41,Vallès Oriental,2025 (2025S1),493,,,8,16.227181,,70.3605,,0,missing,idescat_ep;gencat_housing_sales_2025;gencat_incasol_qww9-bvhh,,2026-08-21T21:48:17Z,0.2.0,missing_dependency,,engineering_pending,0,100,0,,official,default,false
080826,Fogars de la Selva,34,Selva,2025 (2025S1),1705,,,1,0.58651,,0,,0,missing,idescat_ep;gencat_housing_sales_2025;gencat_incasol_qww9-bvhh,,2026-08-21T21:48:17Z,0.2.0,missing_dependency,,engineering_pending,0,100,0,,official,default,false
080832,Folgueroles,24,Osona,2025 (2025S1),2262,5,2.210433,42,18.567639,0,82.6555,33.0622,90,municipality,idescat_ep;gencat_housing_sales_2025;gencat_incasol_qww9-bvhh,,2026-08-21T21:48:17Z,0.2.0,,,complete,33.0622,33.0622,100,,official,default,true
080847,Fonollosa,07,Bages,2025 (2025S1),1571,,,5,3.182686,,1.8346,,0,missing,idescat_ep;gencat_housing_sales_2025;gencat_incasol_qww9-bvhh,,2026-08-21T21:48:17Z,0.2.0,missing_dependency,,engineering_pending,0,100,0,,official,default,false
080850,Font-rubí,03,Alt Penedès,2025 (2025S1),1436,,,7,4.874652,,10.7229,,0,missing,idescat_ep;gencat_housing_sales_2025;gencat_incasol_qww9-bvhh,,2026-08-21T21:48:17Z,0.2.0,missing_dependency,,engineering_pending,0,100,0,,official,default,false
080863,les Franqueses del Vallès,41,Vallès Oriental,2025 (2025S1),20855,189,9.062575,240,11.508032,21.4191,45.5696,31.0793,90,municipality,idescat_ep;gencat_housing_sales_2025;gencat_incasol_qww9-bvhh,,2026-08-21T21:48:17Z,0.2.0,,,complete,31.0793,31.0793,100,,official,default,true
080879,Gallifa,40,Vallès Occidental,2025 (2025S1),171,,,,,,,,0,missing,idescat_ep;gencat_housing_sales_2025;gencat_incasol_qww9-bvhh,,2026-08-21T21:48:17Z,0.2.0,missing_dependency,,engineering_pending,0,100,0,,official,default,false
080885,la Garriga,41,Vallès Oriental,2025 (2025S1),17386,112,6.441965,319,18.348096,8.2791,81.5022,37.5683,90,municipality,idescat_ep;gencat_housing_sales_2025;gencat_incasol_qww9-bvhh,,2026-08-21T21:48:17Z,0.2.0,,,complete,37.5683,37.5683,100,,official,default,true
080898,Gavà,11,Baix Llobregat,2025 (2025S1),48181,385,7.990702,458,9.505822,16.0447,35.0515,23.6474,90,municipality,idescat_ep;gencat_housing_sales_2025;gencat_incasol_qww9-bvhh,,2026-08-21T21:48:17Z,0.2.0,,,complete,23.6474,23.6474,100,,official,default,true
080902,Gaià,07,Bages,2025 (2025S1),174,,,,,,,,0,missing,idescat_ep;gencat_housing_sales_2025;gencat_incasol_qww9-bvhh,,2026-08-21T21:48:17Z,0.2.0,missing_dependency,,engineering_pending,0,100,0,,official,default,false
080919,Gelida,03,Alt Penedès,2025 (2025S1),8192,75,9.155273,129,15.74707,21.8839,67.8383,40.2657,90,municipality,idescat_ep;gencat_housing_sales_2025;gencat_incasol_qww9-bvhh,,2026-08-21T21:48:17Z,0.2.0,,,complete,40.2657,40.2657,100,,official,default,true
080924,Gironella,14,Berguedà,2025 (2025S1),5082,68,13.380559,116,22.825659,43.07,100,65.842,90,municipality,idescat_ep;gencat_housing_sales_2025;gencat_incasol_qww9-bvhh,,2026-08-21T21:48:17Z,0.2.0,,,complete,65.842,65.842,100,,official,default,true
080930,Gisclareny,14,Berguedà,2025 (2025S1),28,,,,,,,,0,missing,idescat_ep;gencat_housing_sales_2025;gencat_incasol_qww9-bvhh,,2026-08-21T21:48:17Z,0.2.0,missing_dependency,,engineering_pending,0,100,0,,official,default,false
080945,la Granada,03,Alt Penedès,2025 (2025S1),2281,13,5.699255,19,8.32968,4.5551,28.873,14.2823,90,municipality,idescat_ep;gencat_housing_sales_2025;gencat_incasol_qww9-bvhh,,2026-08-21T21:48:17Z,0.2.0,,,complete,14.2823,14.2823,100,,official,default,true
080958,Granera,42,Moianès,2025 (2025S1),83,,,1,12.048193,,48.4072,,0,missing,idescat_ep;gencat_housing_sales_2025;gencat_incasol_qww9-bvhh,,2026-08-21T21:48:17Z,0.2.0,missing_dependency,,engineering_pending,0,100,0,,official,default,false
080961,Granollers,41,Vallès Oriental,2025 (2025S1),65123,620,9.520446,902,13.850713,23.7149,57.8763,37.3795,90,municipality,idescat_ep;gencat_housing_sales_2025;gencat_incasol_qww9-bvhh,,2026-08-21T21:48:17Z,0.2.0,,,complete,37.3795,37.3795,100,,official,default,true
080977,Gualba,41,Vallès Oriental,2025 (2025S1),1753,,,19,10.838562,,42.0527,,0,missing,idescat_ep;gencat_housing_sales_2025;gencat_incasol_qww9-bvhh,,2026-08-21T21:48:17Z,0.2.0,missing_dependency,,engineering_pending,0,100,0,,official,default,false
080983,Sant Salvador de Guardiola,07,Bages,2025 (2025S1),3596,45,12.513904,5,1.390434,38.7245,0,23.2347,90,municipality,idescat_ep;gencat_housing_sales_2025;gencat_incasol_qww9-bvhh,,2026-08-21T21:48:17Z,0.2.0,,,complete,23.2347,23.2347,100,,official,default,true
080996,Guardiola de Berguedà,14,Berguedà,2025 (2025S1),962,,,16,16.632017,,72.4872,,0,missing,idescat_ep;gencat_housing_sales_2025;gencat_incasol_qww9-bvhh,,2026-08-21T21:48:17Z,0.2.0,missing_dependency,,engineering_pending,0,100,0,,official,default,false
081000,Gurb,24,Osona,2025 (2025S1),2738,8,2.921841,13,4.747991,0,10.0575,4.023,90,municipality,idescat_ep;gencat_housing_sales_2025;gencat_incasol_qww9-bvhh,,2026-08-21T21:48:17Z,0.2.0,,,complete,4.023,4.023,100,,official,default,true
081017,l'Hospitalet de Llobregat,13,Barcelonès,2025 (2025S1),292161,2701,9.244903,3351,11.469703,22.3333,45.3683,31.5473,90,municipality,idescat_ep;gencat_housing_sales_2025;gencat_incasol_qww9-bvhh,,2026-08-21T21:48:17Z,0.2.0,,,complete,31.5473,31.5473,100,,official,default,true
081022,Igualada,06,Anoia,2025 (2025S1),42449,428,10.082687,638,15.0298,26.5341,64.0703,41.5486,90,municipality,idescat_ep;gencat_housing_sales_2025;gencat_incasol_qww9-bvhh,,2026-08-21T21:48:17Z,0.2.0,,,complete,41.5486,41.5486,100,,official,default,true
081038,Jorba,06,Anoia,2025 (2025S1),849,,,7,8.244994,,28.4281,,0,missing,idescat_ep;gencat_housing_sales_2025;gencat_incasol_qww9-bvhh,,2026-08-21T21:48:17Z,0.2.0,missing_dependency,,engineering_pending,0,100,0,,official,default,false
081043,la Llacuna,06,Anoia,2025 (2025S1),961,,,31,32.258065,,100,,0,missing,idescat_ep;gencat_housing_sales_2025;gencat_incasol_qww9-bvhh,,2026-08-21T21:48:17Z,0.2.0,missing_dependency,,engineering_pending,0,100,0,,official,default,false
081056,la Llagosta,41,Vallès Oriental,2025 (2025S1),13254,120,9.053871,123,9.280217,21.3755,33.8664,26.3719,90,municipality,idescat_ep;gencat_housing_sales_2025;gencat_incasol_qww9-bvhh,,2026-08-21T21:48:17Z,0.2.0,,,complete,26.3719,26.3719,100,,official,default,true
081069,Llinars del Vallès,41,Vallès Oriental,2025 (2025S1),10931,121,11.069436,161,14.728753,31.4817,62.4889,43.8846,90,municipality,idescat_ep;gencat_housing_sales_2025;gencat_incasol_qww9-bvhh,,2026-08-21T21:48:17Z,0.2.0,,,complete,43.8846,43.8846,100,,official,default,true
081075,Lliçà d'Amunt,41,Vallès Oriental,2025 (2025S1),16519,160,9.685816,65,3.934863,24.5441,5.7859,17.0408,90,municipality,idescat_ep;gencat_housing_sales_2025;gencat_incasol_qww9-bvhh,,2026-08-21T21:48:17Z,0.2.0,,,complete,17.0408,17.0408,100,,official,default,true
081081,Lliçà de Vall,41,Vallès Oriental,2025 (2025S1),6891,48,6.965607,31,4.498621,10.9047,8.7475,10.0418,90,municipality,idescat_ep;gencat_housing_sales_2025;gencat_incasol_qww9-bvhh,,2026-08-21T21:48:17Z,0.2.0,,,complete,10.0418,10.0418,100,,official,default,true
081094,Lluçà,43,Lluçanès,2025 (2025S1),280,,,3,10.714286,,41.3999,,0,missing,idescat_ep;gencat_housing_sales_2025;gencat_incasol_qww9-bvhh,,2026-08-21T21:48:17Z,0.2.0,missing_dependency,,engineering_pending,0,100,0,,official,default,false
081108,Malgrat de Mar,21,Maresme,2025 (2025S1),19630,249,12.684666,197,10.03566,39.5807,37.8349,38.8824,90,municipality,idescat_ep;gencat_housing_sales_2025;gencat_incasol_qww9-bvhh,,2026-08-21T21:48:17Z,0.2.0,,,complete,38.8824,38.8824,100,,official,default,true
081115,Malla,24,Osona,2025 (2025S1),286,,,2,6.993007,,21.8511,,0,missing,idescat_ep;gencat_housing_sales_2025;gencat_incasol_qww9-bvhh,,2026-08-21T21:48:17Z,0.2.0,missing_dependency,,engineering_pending,0,100,0,,official,default,false
081120,Manlleu,24,Osona,2025 (2025S1),21321,246,11.53792,207,9.708738,33.8308,36.1175,34.7455,90,municipality,idescat_ep;gencat_housing_sales_2025;gencat_incasol_qww9-bvhh,,2026-08-21T21:48:17Z,0.2.0,,,complete,34.7455,34.7455,100,,official,default,true
081136,Manresa,07,Bages,2025 (2025S1),80692,1086,13.458583,1468,18.192634,43.4612,80.6855,58.3509,90,municipality,idescat_ep;gencat_housing_sales_2025;gencat_incasol_qww9-bvhh,,2026-08-21T21:48:17Z,0.2.0,,,complete,58.3509,58.3509,100,,official,default,true
081141,Martorell,11,Baix Llobregat,2025 (2025S1),28989,254,8.761944,316,10.900686,19.9117,42.3791,28.8987,90,municipality,idescat_ep;gencat_housing_sales_2025;gencat_incasol_qww9-bvhh,,2026-08-21T21:48:17Z,0.2.0,,,complete,28.8987,28.8987,100,,official,default,true
081154,Martorelles,41,Vallès Oriental,2025 (2025S1),4987,40,8.020854,48,9.625025,16.1958,35.6777,23.9886,90,municipality,idescat_ep;gencat_housing_sales_2025;gencat_incasol_qww9-bvhh,,2026-08-21T21:48:17Z,0.2.0,,,complete,23.9886,23.9886,100,,official,default,true
081167,les Masies de Roda,24,Osona,2025 (2025S1),758,,,2,2.638522,,0,,0,missing,idescat_ep;gencat_housing_sales_2025;gencat_incasol_qww9-bvhh,,2026-08-21T21:48:17Z,0.2.0,missing_dependency,,engineering_pending,0,100,0,,official,default,false
081173,les Masies de Voltregà,24,Osona,2025 (2025S1),3345,27,8.071749,26,7.772795,16.451,25.9475,20.2496,90,municipality,idescat_ep;gencat_housing_sales_2025;gencat_incasol_qww9-bvhh,,2026-08-21T21:48:17Z,0.2.0,,,complete,20.2496,20.2496,100,,official,default,true
081189,el Masnou,21,Maresme,2025 (2025S1),24727,221,8.937599,364,14.720751,20.7925,62.4468,37.4542,90,municipality,idescat_ep;gencat_housing_sales_2025;gencat_incasol_qww9-bvhh,,2026-08-21T21:48:17Z,0.2.0,,,complete,37.4542,37.4542,100,,official,default,true
081192,Masquefa,06,Anoia,2025 (2025S1),10111,115,11.373751,70,6.923153,33.0076,21.4841,28.3982,90,municipality,idescat_ep;gencat_housing_sales_2025;gencat_incasol_qww9-bvhh,,2026-08-21T21:48:17Z,0.2.0,,,complete,28.3982,28.3982,100,,official,default,true
081206,Matadepera,40,Vallès Occidental,2025 (2025S1),9808,65,6.627243,82,8.360522,9.2081,29.035,17.1389,90,municipality,idescat_ep;gencat_housing_sales_2025;gencat_incasol_qww9-bvhh,,2026-08-21T21:48:17Z,0.2.0,,,complete,17.1389,17.1389,100,,official,default,true
081213,Mataró,21,Maresme,2025 (2025S1),131370,1457,11.090812,1945,14.805511,31.5889,62.8921,44.1102,90,municipality,idescat_ep;gencat_housing_sales_2025;gencat_incasol_qww9-bvhh,,2026-08-21T21:48:17Z,0.2.0,,,complete,44.1102,44.1102,100,,official,default,true
081228,Mediona,03,Alt Penedès,2025 (2025S1),2664,62,23.273273,25,9.384384,92.6731,34.4136,69.3693,90,municipality,idescat_ep;gencat_housing_sales_2025;gencat_incasol_qww9-bvhh,,2026-08-21T21:48:17Z,0.2.0,,,complete,69.3693,69.3693,100,,official,default,true
081234,Molins de Rei,11,Baix Llobregat,2025 (2025S1),27291,182,6.668865,312,11.43234,9.4168,45.172,23.7189,90,municipality,idescat_ep;gencat_housing_sales_2025;gencat_incasol_qww9-bvhh,,2026-08-21T21:48:17Z,0.2.0,,,complete,23.7189,23.7189,100,,official,default,true
081249,Mollet del Vallès,41,Vallès Oriental,2025 (2025S1),52759,576,10.917569,550,10.424762,30.7203,39.8789,34.3837,90,municipality,idescat_ep;gencat_housing_sales_2025;gencat_incasol_qww9-bvhh,,2026-08-21T21:48:17Z,0.2.0,,,complete,34.3837,34.3837,100,,official,default,true
081252,Montcada i Reixac,40,Vallès Occidental,2025 (2025S1),37446,293,7.824601,313,8.358703,15.2118,29.0254,20.7372,90,municipality,idescat_ep;gencat_housing_sales_2025;gencat_incasol_qww9-bvhh,,2026-08-21T21:48:17Z,0.2.0,,,complete,20.7372,20.7372,100,,official,default,true
081265,Montgat,21,Maresme,2025 (2025S1),12835,123,9.583171,127,9.894819,24.0295,37.095,29.2557,90,municipality,idescat_ep;gencat_housing_sales_2025;gencat_incasol_qww9-bvhh,,2026-08-21T21:48:17Z,0.2.0,,,complete,29.2557,29.2557,100,,official,default,true
081271,Monistrol de Montserrat,07,Bages,2025 (2025S1),3233,57,17.630684,39,12.063099,64.3805,48.4855,58.0225,90,municipality,idescat_ep;gencat_housing_sales_2025;gencat_incasol_qww9-bvhh,,2026-08-21T21:48:17Z,0.2.0,,,complete,58.0225,58.0225,100,,official,default,true
081287,Monistrol de Calders,42,Moianès,2025 (2025S1),764,,,16,20.942408,,95.1307,,0,missing,idescat_ep;gencat_housing_sales_2025;gencat_incasol_qww9-bvhh,,2026-08-21T21:48:17Z,0.2.0,missing_dependency,,engineering_pending,0,100,0,,official,default,false
081290,Muntanyola,24,Osona,2025 (2025S1),700,,,2,2.857143,,0.1244,,0,missing,idescat_ep;gencat_housing_sales_2025;gencat_incasol_qww9-bvhh,,2026-08-21T21:48:17Z,0.2.0,missing_dependency,,engineering_pending,0,100,0,,official,default,false
081304,Montclar,14,Berguedà,2025 (2025S1),133,,,,,,,,0,missing,idescat_ep;gencat_housing_sales_2025;gencat_incasol_qww9-bvhh,,2026-08-21T21:48:17Z,0.2.0,missing_dependency,,engineering_pending,0,100,0,,official,default,false
081311,Montesquiu,24,Osona,2025 (2025S1),1133,,,17,15.004413,,63.937,,0,missing,idescat_ep;gencat_housing_sales_2025;gencat_incasol_qww9-bvhh,,2026-08-21T21:48:17Z,0.2.0,missing_dependency,,engineering_pending,0,100,0,,official,default,false
081326,Montmajor,14,Berguedà,2025 (2025S1),471,,,5,10.615711,,40.8821,,0,missing,idescat_ep;gencat_housing_sales_2025;gencat_incasol_qww9-bvhh,,2026-08-21T21:48:17Z,0.2.0,missing_dependency,,engineering_pending,0,100,0,,official,default,false
081332,Montmaneu,06,Anoia,2025 (2025S1),182,,,1,5.494505,,13.9791,,0,missing,idescat_ep;gencat_housing_sales_2025;gencat_incasol_qww9-bvhh,,2026-08-21T21:48:17Z,0.2.0,missing_dependency,,engineering_pending,0,100,0,,official,default,false
081347,Figaró-Montmany,41,Vallès Oriental,2025 (2025S1),1187,,,19,16.00674,,69.2024,,0,missing,idescat_ep;gencat_housing_sales_2025;gencat_incasol_qww9-bvhh,,2026-08-21T21:48:17Z,0.2.0,missing_dependency,,engineering_pending,0,100,0,,official,default,false
081350,Montmeló,41,Vallès Oriental,2025 (2025S1),8868,58,6.54037,79,8.908435,8.7725,31.9133,18.0288,90,municipality,idescat_ep;gencat_housing_sales_2025;gencat_incasol_qww9-bvhh,,2026-08-21T21:48:17Z,0.2.0,,,complete,18.0288,18.0288,100,,official,default,true
081363,Montornès del Vallès,41,Vallès Oriental,2025 (2025S1),17062,183,10.725589,127,7.443442,29.7577,24.2173,27.5415,90,municipality,idescat_ep;gencat_housing_sales_2025;gencat_incasol_qww9-bvhh,,2026-08-21T21:48:17Z,0.2.0,,,complete,27.5415,27.5415,100,,official,default,true
081379,Montseny,41,Vallès Oriental,2025 (2025S1),387,,,10,25.839793,,100,,0,missing,idescat_ep;gencat_housing_sales_2025;gencat_incasol_qww9-bvhh,,2026-08-21T21:48:17Z,0.2.0,missing_dependency,,engineering_pending,0,100,0,,official,default,false
081385,Moià,42,Moianès,2025 (2025S1),6807,69,10.136624,104,15.27839,26.8045,65.3762,42.2332,90,municipality,idescat_ep;gencat_housing_sales_2025;gencat_incasol_qww9-bvhh,,2026-08-21T21:48:17Z,0.2.0,,,complete,42.2332,42.2332,100,,official,default,true
081398,Mura,07,Bages,2025 (2025S1),234,,,2,8.547009,,30.0146,,0,missing,idescat_ep;gencat_housing_sales_2025;gencat_incasol_qww9-bvhh,,2026-08-21T21:48:17Z,0.2.0,missing_dependency,,engineering_pending,0,100,0,,official,default,false
081402,Navarcles,07,Bages,2025 (2025S1),6277,49,7.806277,74,11.789071,15.1199,47.046,27.8903,90,municipality,idescat_ep;gencat_housing_sales_2025;gencat_incasol_qww9-bvhh,,2026-08-21T21:48:17Z,0.2.0,,,complete,27.8903,27.8903,100,,official,default,true
081419,Navàs,07,Bages,2025 (2025S1),6242,63,10.092919,90,14.418456,26.5854,60.8588,40.2948,90,municipality,idescat_ep;gencat_housing_sales_2025;gencat_incasol_qww9-bvhh,,2026-08-21T21:48:17Z,0.2.0,,,complete,40.2948,40.2948,100,,official,default,true
081424,la Nou de Berguedà,14,Berguedà,2025 (2025S1),163,,,1,6.134969,,17.3436,,0,missing,idescat_ep;gencat_housing_sales_2025;gencat_incasol_qww9-bvhh,,2026-08-21T21:48:17Z,0.2.0,missing_dependency,,engineering_pending,0,100,0,,official,default,false
081430,Òdena,06,Anoia,2025 (2025S1),3756,50,13.312034,23,6.123536,42.7264,17.2836,32.5493,90,municipality,idescat_ep;gencat_housing_sales_2025;gencat_incasol_qww9-bvhh,,2026-08-21T21:48:17Z,0.2.0,,,complete,32.5493,32.5493,100,,official,default,true
081445,Olvan,14,Berguedà,2025 (2025S1),926,,,7,7.559395,,24.8265,,0,missing,idescat_ep;gencat_housing_sales_2025;gencat_incasol_qww9-bvhh,,2026-08-21T21:48:17Z,0.2.0,missing_dependency,,engineering_pending,0,100,0,,official,default,false
081458,Olèrdola,03,Alt Penedès,2025 (2025S1),3953,23,5.818366,21,5.312421,5.1523,13.0226,8.3004,90,municipality,idescat_ep;gencat_housing_sales_2025;gencat_incasol_qww9-bvhh,,2026-08-21T21:48:17Z,0.2.0,,,complete,8.3004,8.3004,100,,official,default,true
081461,Olesa de Bonesvalls,03,Alt Penedès,2025 (2025S1),2134,29,13.589503,11,5.154639,44.1176,12.1937,31.348,90,municipality,idescat_ep;gencat_housing_sales_2025;gencat_incasol_qww9-bvhh,,2026-08-21T21:48:17Z,0.2.0,,,complete,31.348,31.348,100,,official,default,true
081477,Olesa de Montserrat,11,Baix Llobregat,2025 (2025S1),25000,329,13.16,219,8.76,41.9641,31.1335,37.6319,90,municipality,idescat_ep;gencat_housing_sales_2025;gencat_incasol_qww9-bvhh,,2026-08-21T21:48:17Z,0.2.0,,,complete,37.6319,37.6319,100,,official,default,true
081483,Olivella,17,Garraf,2025 (2025S1),4473,105,23.474178,16,3.577018,93.6804,3.9061,57.7707,90,municipality,idescat_ep;gencat_housing_sales_2025;gencat_incasol_qww9-bvhh,,2026-08-21T21:48:17Z,0.2.0,,,complete,57.7707,57.7707,100,,official,default,true
081496,Olost,43,Lluçanès,2025 (2025S1),1204,,,9,7.475083,,24.3836,,0,missing,idescat_ep;gencat_housing_sales_2025;gencat_incasol_qww9-bvhh,,2026-08-21T21:48:17Z,0.2.0,missing_dependency,,engineering_pending,0,100,0,,official,default,false
081509,Orís,24,Osona,2025 (2025S1),352,,,2,5.681818,,14.9631,,0,missing,idescat_ep;gencat_housing_sales_2025;gencat_incasol_qww9-bvhh,,2026-08-21T21:48:17Z,0.2.0,missing_dependency,,engineering_pending,0,100,0,,official,default,false
081516,Oristà,43,Lluçanès,2025 (2025S1),556,,,8,14.388489,,60.7014,,0,missing,idescat_ep;gencat_housing_sales_2025;gencat_incasol_qww9-bvhh,,2026-08-21T21:48:17Z,0.2.0,missing_dependency,,engineering_pending,0,100,0,,official,default,false
081521,Orpí,06,Anoia,2025 (2025S1),176,,,1,5.681818,,14.9631,,0,missing,idescat_ep;gencat_housing_sales_2025;gencat_incasol_qww9-bvhh,,2026-08-21T21:48:17Z,0.2.0,missing_dependency,,engineering_pending,0,100,0,,official,default,false
081537,Òrrius,21,Maresme,2025 (2025S1),814,,,10,12.285012,,49.6513,,0,missing,idescat_ep;gencat_housing_sales_2025;gencat_incasol_qww9-bvhh,,2026-08-21T21:48:17Z,0.2.0,missing_dependency,,engineering_pending,0,100,0,,official,default,false
081542,Pacs del Penedès,03,Alt Penedès,2025 (2025S1),934,,,5,5.353319,,13.2374,,0,missing,idescat_ep;gencat_housing_sales_2025;gencat_incasol_qww9-bvhh,,2026-08-21T21:48:17Z,0.2.0,missing_dependency,,engineering_pending,0,100,0,,official,default,false
081555,Palafolls,21,Maresme,2025 (2025S1),10026,141,14.063435,85,8.477957,46.494,29.6519,39.7572,90,municipality,idescat_ep;gencat_housing_sales_2025;gencat_incasol_qww9-bvhh,,2026-08-21T21:48:17Z,0.2.0,,,complete,39.7572,39.7572,100,,official,default,true
081568,Palau-solità i Plegamans,40,Vallès Occidental,2025 (2025S1),15584,136,8.726899,117,7.5077,19.736,24.5549,21.6636,90,municipality,idescat_ep;gencat_housing_sales_2025;gencat_incasol_qww9-bvhh,,2026-08-21T21:48:17Z,0.2.0,,,complete,21.6636,21.6636,100,,official,default,true
081574,Pallejà,11,Baix Llobregat,2025 (2025S1),11976,96,8.016032,102,8.517034,16.1717,29.8572,21.6459,90,municipality,idescat_ep;gencat_housing_sales_2025;gencat_incasol_qww9-bvhh,,2026-08-21T21:48:17Z,0.2.0,,,complete,21.6459,21.6459,100,,official,default,true
081580,el Papiol,11,Baix Llobregat,2025 (2025S1),4404,33,7.493188,33,7.493188,13.5501,24.4787,17.9215,90,municipality,idescat_ep;gencat_housing_sales_2025;gencat_incasol_qww9-bvhh,,2026-08-21T21:48:17Z,0.2.0,,,complete,17.9215,17.9215,100,,official,default,true
081593,Parets del Vallès,41,Vallès Oriental,2025 (2025S1),18899,166,8.783534,160,8.466056,20.02,29.5894,23.8478,90,municipality,idescat_ep;gencat_housing_sales_2025;gencat_incasol_qww9-bvhh,,2026-08-21T21:48:17Z,0.2.0,,,complete,23.8478,23.8478,100,,official,default,true
081607,Perafita,43,Lluçanès,2025 (2025S1),433,,,5,11.547344,,45.7761,,0,missing,idescat_ep;gencat_housing_sales_2025;gencat_incasol_qww9-bvhh,,2026-08-21T21:48:17Z,0.2.0,missing_dependency,,engineering_pending,0,100,0,,official,default,false
081614,Piera,06,Anoia,2025 (2025S1),17884,256,14.314471,108,6.038917,47.7527,16.839,35.3872,90,municipality,idescat_ep;gencat_housing_sales_2025;gencat_incasol_qww9-bvhh,,2026-08-21T21:48:17Z,0.2.0,,,complete,35.3872,35.3872,100,,official,default,true
081629,els Hostalets de Pierola,06,Anoia,2025 (2025S1),3254,37,11.370621,41,12.599877,32.9919,51.3054,40.3173,90,municipality,idescat_ep;gencat_housing_sales_2025;gencat_incasol_qww9-bvhh,,2026-08-21T21:48:17Z,0.2.0,,,complete,40.3173,40.3173,100,,official,default,true
081635,Pineda de Mar,21,Maresme,2025 (2025S1),30071,482,16.028732,375,12.470487,56.3482,50.6256,54.0592,90,municipality,idescat_ep;gencat_housing_sales_2025;gencat_incasol_qww9-bvhh,,2026-08-21T21:48:17Z,0.2.0,,,complete,54.0592,54.0592,100,,official,default,true
081640,el Pla del Penedès,03,Alt Penedès,2025 (2025S1),1392,,,34,24.425287,,100,,0,missing,idescat_ep;gencat_housing_sales_2025;gencat_incasol_qww9-bvhh,,2026-08-21T21:48:17Z,0.2.0,missing_dependency,,engineering_pending,0,100,0,,official,default,false
081653,la Pobla de Claramunt,06,Anoia,2025 (2025S1),2350,24,10.212766,22,9.361702,27.1863,34.2944,30.0295,90,municipality,idescat_ep;gencat_housing_sales_2025;gencat_incasol_qww9-bvhh,,2026-08-21T21:48:17Z,0.2.0,,,complete,30.0295,30.0295,100,,official,default,true
081666,la Pobla de Lillet,14,Berguedà,2025 (2025S1),1106,,,18,16.274864,,70.611,,0,missing,idescat_ep;gencat_housing_sales_2025;gencat_incasol_qww9-bvhh,,2026-08-21T21:48:17Z,0.2.0,missing_dependency,,engineering_pending,0,100,0,,official,default,false
081672,Polinyà,40,Vallès Occidental,2025 (2025S1),8572,81,9.44937,63,7.34951,23.3586,23.7239,23.5047,90,municipality,idescat_ep;gencat_housing_sales_2025;gencat_incasol_qww9-bvhh,,2026-08-21T21:48:17Z,0.2.0,,,complete,23.5047,23.5047,100,,official,default,true
081688,Pontons,03,Alt Penedès,2025 (2025S1),515,,,5,9.708738,,36.1175,,0,missing,idescat_ep;gencat_housing_sales_2025;gencat_incasol_qww9-bvhh,,2026-08-21T21:48:17Z,0.2.0,missing_dependency,,engineering_pending,0,100,0,,official,default,false
081691,el Prat de Llobregat,11,Baix Llobregat,2025 (2025S1),66251,583,8.799867,588,8.875338,20.1019,31.7394,24.7569,90,municipality,idescat_ep;gencat_housing_sales_2025;gencat_incasol_qww9-bvhh,,2026-08-21T21:48:17Z,0.2.0,,,complete,24.7569,24.7569,100,,official,default,true
081705,els Prats de Rei,06,Anoia,2025 (2025S1),553,,,8,14.466546,,61.1114,,0,missing,idescat_ep;gencat_housing_sales_2025;gencat_incasol_qww9-bvhh,,2026-08-21T21:48:17Z,0.2.0,missing_dependency,,engineering_pending,0,100,0,,official,default,false
081712,Prats de Lluçanès,43,Lluçanès,2025 (2025S1),2759,45,16.310257,51,18.484958,57.7598,82.2211,67.5443,90,municipality,idescat_ep;gencat_housing_sales_2025;gencat_incasol_qww9-bvhh,,2026-08-21T21:48:17Z,0.2.0,,,complete,67.5443,67.5443,100,,official,default,true
081727,Premià de Mar,21,Maresme,2025 (2025S1),29348,233,7.939212,312,10.631048,15.7865,40.9626,25.8569,90,municipality,idescat_ep;gencat_housing_sales_2025;gencat_incasol_qww9-bvhh,,2026-08-21T21:48:17Z,0.2.0,,,complete,25.8569,25.8569,100,,official,default,true
081748,Puigdàlber,03,Alt Penedès,2025 (2025S1),621,,,6,9.661836,,35.8711,,0,missing,idescat_ep;gencat_housing_sales_2025;gencat_incasol_qww9-bvhh,,2026-08-21T21:48:17Z,0.2.0,missing_dependency,,engineering_pending,0,100,0,,official,default,false
081751,Puig-reig,14,Berguedà,2025 (2025S1),4558,62,13.602457,87,19.087319,44.1826,85.3855,60.6638,90,municipality,idescat_ep;gencat_housing_sales_2025;gencat_incasol_qww9-bvhh,,2026-08-21T21:48:17Z,0.2.0,,,complete,60.6638,60.6638,100,,official,default,true
081764,Pujalt,06,Anoia,2025 (2025S1),205,,,2,9.756098,,36.3663,,0,missing,idescat_ep;gencat_housing_sales_2025;gencat_incasol_qww9-bvhh,,2026-08-21T21:48:17Z,0.2.0,missing_dependency,,engineering_pending,0,100,0,,official,default,false
081770,la Quar,14,Berguedà,2025 (2025S1),44,,,,,,,,0,missing,idescat_ep;gencat_housing_sales_2025;gencat_incasol_qww9-bvhh,,2026-08-21T21:48:17Z,0.2.0,missing_dependency,,engineering_pending,0,100,0,,official,default,false
081786,Rajadell,07,Bages,2025 (2025S1),598,,,5,8.361204,,29.0386,,0,missing,idescat_ep;gencat_housing_sales_2025;gencat_incasol_qww9-bvhh,,2026-08-21T21:48:17Z,0.2.0,missing_dependency,,engineering_pending,0,100,0,,official,default,false
081799,Rellinars,40,Vallès Occidental,2025 (2025S1),928,,,4,4.310345,,7.7584,,0,missing,idescat_ep;gencat_housing_sales_2025;gencat_incasol_qww9-bvhh,,2026-08-21T21:48:17Z,0.2.0,missing_dependency,,engineering_pending,0,100,0,,official,default,false
081803,Ripollet,40,Vallès Occidental,2025 (2025S1),39773,462,11.61592,292,7.341664,34.2219,23.6827,30.0062,90,municipality,idescat_ep;gencat_housing_sales_2025;gencat_incasol_qww9-bvhh,,2026-08-21T21:48:17Z,0.2.0,,,complete,30.0062,30.0062,100,,official,default,true
081810,la Roca del Vallès,41,Vallès Oriental,2025 (2025S1),11021,137,12.430814,106,9.618002,38.3078,35.6408,37.241,90,municipality,idescat_ep;gencat_housing_sales_2025;gencat_incasol_qww9-bvhh,,2026-08-21T21:48:17Z,0.2.0,,,complete,37.241,37.241,100,,official,default,true
081825,el Pont de Vilomara i Rocafort,07,Bages,2025 (2025S1),4201,42,9.99762,49,11.66389,26.1075,46.3884,34.2199,90,municipality,idescat_ep;gencat_housing_sales_2025;gencat_incasol_qww9-bvhh,,2026-08-21T21:48:17Z,0.2.0,,,complete,34.2199,34.2199,100,,official,default,true
081831,Roda de Ter,24,Osona,2025 (2025S1),6948,73,10.506621,95,13.672999,28.6597,56.9427,39.9729,90,municipality,idescat_ep;gencat_housing_sales_2025;gencat_incasol_qww9-bvhh,,2026-08-21T21:48:17Z,0.2.0,,,complete,39.9729,39.9729,100,,official,default,true
081846,Rubí,40,Vallès Occidental,2025 (2025S1),82825,885,10.68518,869,10.492001,29.555,40.2322,33.8259,90,municipality,idescat_ep;gencat_housing_sales_2025;gencat_incasol_qww9-bvhh,,2026-08-21T21:48:17Z,0.2.0,,,complete,33.8259,33.8259,100,,official,default,true
081859,Rubió,06,Anoia,2025 (2025S1),228,,,2,8.77193,,31.1962,,0,missing,idescat_ep;gencat_housing_sales_2025;gencat_incasol_qww9-bvhh,,2026-08-21T21:48:17Z,0.2.0,missing_dependency,,engineering_pending,0,100,0,,official,default,false
081878,Sabadell,40,Vallès Occidental,2025 (2025S1),224589,2119,9.435012,2738,12.191158,23.2866,49.1583,33.6353,90,municipality,idescat_ep;gencat_housing_sales_2025;gencat_incasol_qww9-bvhh,,2026-08-21T21:48:17Z,0.2.0,,,complete,33.6353,33.6353,100,,official,default,true
081884,Sagàs,14,Berguedà,2025 (2025S1),153,,,,,,,,0,missing,idescat_ep;gencat_housing_sales_2025;gencat_incasol_qww9-bvhh,,2026-08-21T21:48:17Z,0.2.0,missing_dependency,,engineering_pending,0,100,0,,official,default,false
081897,Sant Pere Sallavinera,06,Anoia,2025 (2025S1),177,,,1,5.649718,,14.7945,,0,missing,idescat_ep;gencat_housing_sales_2025;gencat_incasol_qww9-bvhh,,2026-08-21T21:48:17Z,0.2.0,missing_dependency,,engineering_pending,0,100,0,,official,default,false
081901,Saldes,14,Berguedà,2025 (2025S1),301,,,10,33.222591,,100,,0,missing,idescat_ep;gencat_housing_sales_2025;gencat_incasol_qww9-bvhh,,2026-08-21T21:48:17Z,0.2.0,missing_dependency,,engineering_pending,0,100,0,,official,default,false
081918,Sallent,07,Bages,2025 (2025S1),7043,65,9.229022,81,11.500781,22.2537,45.5315,31.5648,90,municipality,idescat_ep;gencat_housing_sales_2025;gencat_incasol_qww9-bvhh,,2026-08-21T21:48:17Z,0.2.0,,,complete,31.5648,31.5648,100,,official,default,true
081923,Santpedor,07,Bages,2025 (2025S1),7739,48,6.202352,82,10.595684,7.0777,40.7768,20.5573,90,municipality,idescat_ep;gencat_housing_sales_2025;gencat_incasol_qww9-bvhh,,2026-08-21T21:48:17Z,0.2.0,,,complete,20.5573,20.5573,100,,official,default,true
081939,Sant Iscle de Vallalta,21,Maresme,2025 (2025S1),1482,,,12,8.097166,,27.6515,,0,missing,idescat_ep;gencat_housing_sales_2025;gencat_incasol_qww9-bvhh,,2026-08-21T21:48:17Z,0.2.0,missing_dependency,,engineering_pending,0,100,0,,official,default,false
081944,Sant Adrià de Besòs,13,Barcelonès,2025 (2025S1),38980,377,9.671626,311,7.97845,24.473,27.0279,25.495,90,municipality,idescat_ep;gencat_housing_sales_2025;gencat_incasol_qww9-bvhh,,2026-08-21T21:48:17Z,0.2.0,,,complete,25.495,25.495,100,,official,default,true
081957,Sant Agustí de Lluçanès,24,Osona,2025 (2025S1),106,,,,,,,,0,missing,idescat_ep;gencat_housing_sales_2025;gencat_incasol_qww9-bvhh,,2026-08-21T21:48:17Z,0.2.0,missing_dependency,,engineering_pending,0,100,0,,official,default,false
081960,Sant Andreu de la Barca,11,Baix Llobregat,2025 (2025S1),27069,238,8.792345,262,9.678969,20.0642,35.9611,26.423,90,municipality,idescat_ep;gencat_housing_sales_2025;gencat_incasol_qww9-bvhh,,2026-08-21T21:48:17Z,0.2.0,,,complete,26.423,26.423,100,,official,default,true
081976,Sant Andreu de Llavaneres,21,Maresme,2025 (2025S1),11910,177,14.861461,173,14.525609,50.4954,61.4217,54.8659,90,municipality,idescat_ep;gencat_housing_sales_2025;gencat_incasol_qww9-bvhh,,2026-08-21T21:48:17Z,0.2.0,,,complete,54.8659,54.8659,100,,official,default,true
081982,Sant Antoni de Vilamajor,41,Vallès Oriental,2025 (2025S1),6722,77,11.454924,65,9.669741,33.4146,35.9126,34.4138,90,municipality,idescat_ep;gencat_housing_sales_2025;gencat_incasol_qww9-bvhh,,2026-08-21T21:48:17Z,0.2.0,,,complete,34.4138,34.4138,100,,official,default,true
081995,Sant Bartomeu del Grau,24,Osona,2025 (2025S1),931,,,5,5.370569,,13.328,,0,missing,idescat_ep;gencat_housing_sales_2025;gencat_incasol_qww9-bvhh,,2026-08-21T21:48:17Z,0.2.0,missing_dependency,,engineering_pending,0,100,0,,official,default,false
082009,Sant Boi de Llobregat,11,Baix Llobregat,2025 (2025S1),85317,854,10.009728,707,8.286742,26.1683,28.6474,27.1599,90,municipality,idescat_ep;gencat_housing_sales_2025;gencat_incasol_qww9-bvhh,,2026-08-21T21:48:17Z,0.2.0,,,complete,27.1599,27.1599,100,,official,default,true
082016,Sant Boi de Lluçanès,24,Osona,2025 (2025S1),600,,,5,8.333333,,28.8922,,0,missing,idescat_ep;gencat_housing_sales_2025;gencat_incasol_qww9-bvhh,,2026-08-21T21:48:17Z,0.2.0,missing_dependency,,engineering_pending,0,100,0,,official,default,false
082021,Sant Celoni,41,Vallès Oriental,2025 (2025S1),18916,148,7.824064,246,13.004864,15.2091,53.4329,30.4986,90,municipality,idescat_ep;gencat_housing_sales_2025;gencat_incasol_qww9-bvhh,,2026-08-21T21:48:17Z,0.2.0,,,complete,30.4986,30.4986,100,,official,default,true
082037,Sant Cebrià de Vallalta,21,Maresme,2025 (2025S1),3855,112,29.053178,34,8.819715,100,31.4472,72.5789,90,municipality,idescat_ep;gencat_housing_sales_2025;gencat_incasol_qww9-bvhh,,2026-08-21T21:48:17Z,0.2.0,,,complete,72.5789,72.5789,100,,official,default,true
082042,Sant Climent de Llobregat,11,Baix Llobregat,2025 (2025S1),4187,47,11.225221,49,11.70289,32.2629,46.5933,37.9951,90,municipality,idescat_ep;gencat_housing_sales_2025;gencat_incasol_qww9-bvhh,,2026-08-21T21:48:17Z,0.2.0,,,complete,37.9951,37.9951,100,,official,default,true
082055,Sant Cugat del Vallès,40,Vallès Occidental,2025 (2025S1),97959,598,6.104595,1318,13.454609,6.5875,55.7955,26.2707,90,municipality,idescat_ep;gencat_housing_sales_2025;gencat_incasol_qww9-bvhh,,2026-08-21T21:48:17Z,0.2.0,,,complete,26.2707,26.2707,100,,official,default,true
082068,Sant Cugat Sesgarrigues,03,Alt Penedès,2025 (2025S1),1037,,,4,3.857281,,5.3784,,0,missing,idescat_ep;gencat_housing_sales_2025;gencat_incasol_qww9-bvhh,,2026-08-21T21:48:17Z,0.2.0,missing_dependency,,engineering_pending,0,100,0,,official,default,false
082074,Sant Esteve de Palautordera,41,Vallès Oriental,2025 (2025S1),3099,18,5.808325,37,11.939335,5.102,47.8354,22.1954,90,municipality,idescat_ep;gencat_housing_sales_2025;gencat_incasol_qww9-bvhh,,2026-08-21T21:48:17Z,0.2.0,,,complete,22.1954,22.1954,100,,official,default,true
082080,Sant Esteve Sesrovires,11,Baix Llobregat,2025 (2025S1),8112,95,11.711045,67,8.259369,34.6988,28.5036,32.2207,90,municipality,idescat_ep;gencat_housing_sales_2025;gencat_incasol_qww9-bvhh,,2026-08-21T21:48:17Z,0.2.0,,,complete,32.2207,32.2207,100,,official,default,true
082093,Sant Fost de Campsentelles,41,Vallès Oriental,2025 (2025S1),9400,88,9.361702,46,4.893617,22.919,10.8225,18.0804,90,municipality,idescat_ep;gencat_housing_sales_2025;gencat_incasol_qww9-bvhh,,2026-08-21T21:48:17Z,0.2.0,,,complete,18.0804,18.0804,100,,official,default,true
082107,Sant Feliu de Codines,41,Vallès Oriental,2025 (2025S1),6821,55,8.063334,173,25.36285,16.4088,100,49.8453,90,municipality,idescat_ep;gencat_housing_sales_2025;gencat_incasol_qww9-bvhh,,2026-08-21T21:48:17Z,0.2.0,,,complete,49.8453,49.8453,100,,official,default,true
082114,Sant Feliu de Llobregat,11,Baix Llobregat,2025 (2025S1),46688,442,9.467101,481,10.302433,23.4475,39.2363,29.763,90,municipality,idescat_ep;gencat_housing_sales_2025;gencat_incasol_qww9-bvhh,,2026-08-21T21:48:17Z,0.2.0,,,complete,29.763,29.763,100,,official,default,true
082129,Sant Feliu Sasserra,07,Bages,2025 (2025S1),634,,,17,26.81388,,100,,0,missing,idescat_ep;gencat_housing_sales_2025;gencat_incasol_qww9-bvhh,,2026-08-21T21:48:17Z,0.2.0,missing_dependency,,engineering_pending,0,100,0,,official,default,false
082135,Sant Fruitós de Bages,07,Bages,2025 (2025S1),9324,75,8.043758,71,7.614758,16.3107,25.1173,19.8333,90,municipality,idescat_ep;gencat_housing_sales_2025;gencat_incasol_qww9-bvhh,,2026-08-21T21:48:17Z,0.2.0,,,complete,19.8333,19.8333,100,,official,default,true
082140,Vilassar de Dalt,21,Maresme,2025 (2025S1),9433,78,8.268843,83,8.798897,17.4393,31.3379,22.9987,90,municipality,idescat_ep;gencat_housing_sales_2025;gencat_incasol_qww9-bvhh,,2026-08-21T21:48:17Z,0.2.0,,,complete,22.9987,22.9987,100,,official,default,true
082153,Sant Hipòlit de Voltregà,24,Osona,2025 (2025S1),3649,43,11.78405,49,13.428337,35.0649,55.6575,43.3019,90,municipality,idescat_ep;gencat_housing_sales_2025;gencat_incasol_qww9-bvhh,,2026-08-21T21:48:17Z,0.2.0,,,complete,43.3019,43.3019,100,,official,default,true
082166,Sant Jaume de Frontanyà,14,Berguedà,2025 (2025S1),25,,,,,,,,0,missing,idescat_ep;gencat_housing_sales_2025;gencat_incasol_qww9-bvhh,,2026-08-21T21:48:17Z,0.2.0,missing_dependency,,engineering_pending,0,100,0,,official,default,false
082172,Sant Joan Despí,11,Baix Llobregat,2025 (2025S1),35811,239,6.673927,434,12.119181,9.4422,48.7801,25.1774,90,municipality,idescat_ep;gencat_housing_sales_2025;gencat_incasol_qww9-bvhh,,2026-08-21T21:48:17Z,0.2.0,,,complete,25.1774,25.1774,100,,official,default,true
082188,Sant Joan de Vilatorrada,07,Bages,2025 (2025S1),11109,97,8.731659,94,8.461608,19.7599,29.566,23.6823,90,municipality,idescat_ep;gencat_housing_sales_2025;gencat_incasol_qww9-bvhh,,2026-08-21T21:48:17Z,0.2.0,,,complete,23.6823,23.6823,100,,official,default,true
082191,Vilassar de Mar,21,Maresme,2025 (2025S1),21234,165,7.770557,319,15.023076,14.9408,64.035,34.5785,90,municipality,idescat_ep;gencat_housing_sales_2025;gencat_incasol_qww9-bvhh,,2026-08-21T21:48:17Z,0.2.0,,,complete,34.5785,34.5785,100,,official,default,true
082205,Sant Julià de Vilatorta,24,Osona,2025 (2025S1),3336,16,4.796163,43,12.889688,0.0269,52.8278,21.1473,90,municipality,idescat_ep;gencat_housing_sales_2025;gencat_incasol_qww9-bvhh,,2026-08-21T21:48:17Z,0.2.0,,,complete,21.1473,21.1473,100,,official,default,true
082212,Sant Just Desvern,11,Baix Llobregat,2025 (2025S1),21045,133,6.319791,299,14.20765,7.6665,59.7514,28.5005,90,municipality,idescat_ep;gencat_housing_sales_2025;gencat_incasol_qww9-bvhh,,2026-08-21T21:48:17Z,0.2.0,,,complete,28.5005,28.5005,100,,official,default,true
082227,Sant Llorenç d'Hortons,03,Alt Penedès,2025 (2025S1),2621,32,12.209081,23,8.775277,37.196,31.2138,34.8031,90,municipality,idescat_ep;gencat_housing_sales_2025;gencat_incasol_qww9-bvhh,,2026-08-21T21:48:17Z,0.2.0,,,complete,34.8031,34.8031,100,,official,default,true
082233,Sant Llorenç Savall,40,Vallès Occidental,2025 (2025S1),2591,34,13.122347,40,15.438055,41.7753,66.215,51.5512,90,municipality,idescat_ep;gencat_housing_sales_2025;gencat_incasol_qww9-bvhh,,2026-08-21T21:48:17Z,0.2.0,,,complete,51.5512,51.5512,100,,official,default,true
082248,Sant Martí de Centelles,24,Osona,2025 (2025S1),1261,,,22,17.446471,,76.7657,,0,missing,idescat_ep;gencat_housing_sales_2025;gencat_incasol_qww9-bvhh,,2026-08-21T21:48:17Z,0.2.0,missing_dependency,,engineering_pending,0,100,0,,official,default,false
082251,Sant Martí d'Albars,43,Lluçanès,2025 (2025S1),135,,,1,7.407407,,24.028,,0,missing,idescat_ep;gencat_housing_sales_2025;gencat_incasol_qww9-bvhh,,2026-08-21T21:48:17Z,0.2.0,missing_dependency,,engineering_pending,0,100,0,,official,default,false
082264,Sant Martí de Tous,06,Anoia,2025 (2025S1),1269,,,21,16.548463,,72.0483,,0,missing,idescat_ep;gencat_housing_sales_2025;gencat_incasol_qww9-bvhh,,2026-08-21T21:48:17Z,0.2.0,missing_dependency,,engineering_pending,0,100,0,,official,default,false
082270,Sant Martí Sarroca,03,Alt Penedès,2025 (2025S1),3476,34,9.781358,47,13.521289,25.0232,56.1458,37.4722,90,municipality,idescat_ep;gencat_housing_sales_2025;gencat_incasol_qww9-bvhh,,2026-08-21T21:48:17Z,0.2.0,,,complete,37.4722,37.4722,100,,official,default,true
082286,Sant Martí Sesgueioles,06,Anoia,2025 (2025S1),353,,,1,2.832861,,0,,0,missing,idescat_ep;gencat_housing_sales_2025;gencat_incasol_qww9-bvhh,,2026-08-21T21:48:17Z,0.2.0,missing_dependency,,engineering_pending,0,100,0,,official,default,false
082299,Sant Mateu de Bages,07,Bages,2025 (2025S1),640,,,7,10.9375,,42.5725,,0,missing,idescat_ep;gencat_housing_sales_2025;gencat_incasol_qww9-bvhh,,2026-08-21T21:48:17Z,0.2.0,missing_dependency,,engineering_pending,0,100,0,,official,default,false
082303,Premià de Dalt,21,Maresme,2025 (2025S1),10601,82,7.735119,86,8.112442,14.7631,27.7318,19.9506,90,municipality,idescat_ep;gencat_housing_sales_2025;gencat_incasol_qww9-bvhh,,2026-08-21T21:48:17Z,0.2.0,,,complete,19.9506,19.9506,100,,official,default,true
082310,Sant Pere de Ribes,17,Garraf,2025 (2025S1),32613,362,11.099868,350,10.731917,31.6343,41.4925,35.5776,90,municipality,idescat_ep;gencat_housing_sales_2025;gencat_incasol_qww9-bvhh,,2026-08-21T21:48:17Z,0.2.0,,,complete,35.5776,35.5776,100,,official,default,true
082325,Sant Pere de Riudebitlles,03,Alt Penedès,2025 (2025S1),2512,25,9.952229,28,11.146497,25.88,43.6704,32.9962,90,municipality,idescat_ep;gencat_housing_sales_2025;gencat_incasol_qww9-bvhh,,2026-08-21T21:48:17Z,0.2.0,,,complete,32.9962,32.9962,100,,official,default,true
082331,Sant Pere de Torelló,24,Osona,2025 (2025S1),2607,36,13.808976,31,11.891063,45.2181,47.5818,46.1636,90,municipality,idescat_ep;gencat_housing_sales_2025;gencat_incasol_qww9-bvhh,,2026-08-21T21:48:17Z,0.2.0,,,complete,46.1636,46.1636,100,,official,default,true
082346,Sant Pere de Vilamajor,41,Vallès Oriental,2025 (2025S1),5069,80,15.782206,33,6.51016,55.1121,19.3146,40.7931,90,municipality,idescat_ep;gencat_housing_sales_2025;gencat_incasol_qww9-bvhh,,2026-08-21T21:48:17Z,0.2.0,,,complete,40.7931,40.7931,100,,official,default,true
082359,Sant Pol de Mar,21,Maresme,2025 (2025S1),5778,83,14.364832,104,17.999308,48.0052,79.6699,60.6711,90,municipality,idescat_ep;gencat_housing_sales_2025;gencat_incasol_qww9-bvhh,,2026-08-21T21:48:17Z,0.2.0,,,complete,60.6711,60.6711,100,,official,default,true
082362,Sant Quintí de Mediona,03,Alt Penedès,2025 (2025S1),2585,33,12.765957,40,15.473888,39.9883,66.4032,50.5543,90,municipality,idescat_ep;gencat_housing_sales_2025;gencat_incasol_qww9-bvhh,,2026-08-21T21:48:17Z,0.2.0,,,complete,50.5543,50.5543,100,,official,default,true
082378,Sant Quirze de Besora,24,Osona,2025 (2025S1),2163,23,10.63338,25,11.558021,29.2953,45.8322,35.9101,90,municipality,idescat_ep;gencat_housing_sales_2025;gencat_incasol_qww9-bvhh,,2026-08-21T21:48:17Z,0.2.0,,,complete,35.9101,35.9101,100,,official,default,true
082384,Sant Quirze del Vallès,40,Vallès Occidental,2025 (2025S1),20175,194,9.615861,156,7.732342,24.1934,25.735,24.81,90,municipality,idescat_ep;gencat_housing_sales_2025;gencat_incasol_qww9-bvhh,,2026-08-21T21:48:17Z,0.2.0,,,complete,24.81,24.81,100,,official,default,true
082397,Sant Quirze Safaja,42,Moianès,2025 (2025S1),664,,,6,9.036145,,32.5842,,0,missing,idescat_ep;gencat_housing_sales_2025;gencat_incasol_qww9-bvhh,,2026-08-21T21:48:17Z,0.2.0,missing_dependency,,engineering_pending,0,100,0,,official,default,false
082401,Sant Sadurní d'Anoia,03,Alt Penedès,2025 (2025S1),12930,108,8.352668,210,16.241299,17.8596,70.4346,38.8896,90,municipality,idescat_ep;gencat_housing_sales_2025;gencat_incasol_qww9-bvhh,,2026-08-21T21:48:17Z,0.2.0,,,complete,38.8896,38.8896,100,,official,default,true
082418,Sant Sadurní d'Osormort,24,Osona,2025 (2025S1),86,,,,,,,,0,missing,idescat_ep;gencat_housing_sales_2025;gencat_incasol_qww9-bvhh,,2026-08-21T21:48:17Z,0.2.0,missing_dependency,,engineering_pending,0,100,0,,official,default,false
082423,Marganell,07,Bages,2025 (2025S1),311,,,2,6.430868,,18.898,,0,missing,idescat_ep;gencat_housing_sales_2025;gencat_incasol_qww9-bvhh,,2026-08-21T21:48:17Z,0.2.0,missing_dependency,,engineering_pending,0,100,0,,official,default,false
082439,Santa Cecília de Voltregà,24,Osona,2025 (2025S1),197,,,2,10.152284,,38.4476,,0,missing,idescat_ep;gencat_housing_sales_2025;gencat_incasol_qww9-bvhh,,2026-08-21T21:48:17Z,0.2.0,missing_dependency,,engineering_pending,0,100,0,,official,default,false
082444,Santa Coloma de Cervelló,11,Baix Llobregat,2025 (2025S1),8275,101,12.205438,52,6.283988,37.1778,18.1264,29.5572,90,municipality,idescat_ep;gencat_housing_sales_2025;gencat_incasol_qww9-bvhh,,2026-08-21T21:48:17Z,0.2.0,,,complete,29.5572,29.5572,100,,official,default,true
082457,Santa Coloma de Gramenet,13,Barcelonès,2025 (2025S1),123250,1303,10.572008,1167,9.46856,28.9876,34.8558,31.3349,90,municipality,idescat_ep;gencat_housing_sales_2025;gencat_incasol_qww9-bvhh,,2026-08-21T21:48:17Z,0.2.0,,,complete,31.3349,31.3349,100,,official,default,true
082460,Santa Eugènia de Berga,24,Osona,2025 (2025S1),2350,8,3.404255,20,8.510638,0,29.8236,11.9294,90,municipality,idescat_ep;gencat_housing_sales_2025;gencat_incasol_qww9-bvhh,,2026-08-21T21:48:17Z,0.2.0,,,complete,11.9294,11.9294,100,,official,default,true
082476,Santa Eulàlia de Riuprimer,24,Osona,2025 (2025S1),1516,,,25,16.490765,,71.7451,,0,missing,idescat_ep;gencat_housing_sales_2025;gencat_incasol_qww9-bvhh,,2026-08-21T21:48:17Z,0.2.0,missing_dependency,,engineering_pending,0,100,0,,official,default,false
082482,Santa Eulàlia de Ronçana,41,Vallès Oriental,2025 (2025S1),7955,80,10.056568,42,5.279698,26.4031,12.8507,20.9821,90,municipality,idescat_ep;gencat_housing_sales_2025;gencat_incasol_qww9-bvhh,,2026-08-21T21:48:17Z,0.2.0,,,complete,20.9821,20.9821,100,,official,default,true
082495,Santa Fe del Penedès,03,Alt Penedès,2025 (2025S1),367,,,1,2.724796,,0,,0,missing,idescat_ep;gencat_housing_sales_2025;gencat_incasol_qww9-bvhh,,2026-08-21T21:48:17Z,0.2.0,missing_dependency,,engineering_pending,0,100,0,,official,default,false
082508,Santa Margarida de Montbui,06,Anoia,2025 (2025S1),10601,127,11.980002,79,7.452127,36.0474,24.263,31.3336,90,municipality,idescat_ep;gencat_housing_sales_2025;gencat_incasol_qww9-bvhh,,2026-08-21T21:48:17Z,0.2.0,,,complete,31.3336,31.3336,100,,official,default,true
082515,Santa Margarida i els Monjos,03,Alt Penedès,2025 (2025S1),7775,65,8.360129,64,8.231511,17.897,28.3573,22.0811,90,municipality,idescat_ep;gencat_housing_sales_2025;gencat_incasol_qww9-bvhh,,2026-08-21T21:48:17Z,0.2.0,,,complete,22.0811,22.0811,100,,official,default,true
082520,Barberà del Vallès,40,Vallès Occidental,2025 (2025S1),34031,401,11.783374,266,7.816403,35.0615,26.1766,31.5075,90,municipality,idescat_ep;gencat_housing_sales_2025;gencat_incasol_qww9-bvhh,,2026-08-21T21:48:17Z,0.2.0,,,complete,31.5075,31.5075,100,,official,default,true
082536,Santa Maria de Besora,24,Osona,2025 (2025S1),164,,,1,6.097561,,17.1471,,0,missing,idescat_ep;gencat_housing_sales_2025;gencat_incasol_qww9-bvhh,,2026-08-21T21:48:17Z,0.2.0,missing_dependency,,engineering_pending,0,100,0,,official,default,false
082541,l'Esquirol,24,Osona,2025 (2025S1),2303,20,8.684325,22,9.552757,19.5226,35.2981,25.8328,90,municipality,idescat_ep;gencat_housing_sales_2025;gencat_incasol_qww9-bvhh,,2026-08-21T21:48:17Z,0.2.0,,,complete,25.8328,25.8328,100,,official,default,true
082554,Santa Maria de Merlès,14,Berguedà,2025 (2025S1),179,,,4,22.346369,,100,,0,missing,idescat_ep;gencat_housing_sales_2025;gencat_incasol_qww9-bvhh,,2026-08-21T21:48:17Z,0.2.0,missing_dependency,,engineering_pending,0,100,0,,official,default,false
082567,Santa Maria de Martorelles,41,Vallès Oriental,2025 (2025S1),867,,,5,5.767013,,15.4107,,0,missing,idescat_ep;gencat_housing_sales_2025;gencat_incasol_qww9-bvhh,,2026-08-21T21:48:17Z,0.2.0,missing_dependency,,engineering_pending,0,100,0,,official,default,false
082573,Santa Maria de Miralles,06,Anoia,2025 (2025S1),144,,,,,,,,0,missing,idescat_ep;gencat_housing_sales_2025;gencat_incasol_qww9-bvhh,,2026-08-21T21:48:17Z,0.2.0,missing_dependency,,engineering_pending,0,100,0,,official,default,false
082589,Santa Maria d'Oló,42,Moianès,2025 (2025S1),1100,,,9,8.181818,,28.0962,,0,missing,idescat_ep;gencat_housing_sales_2025;gencat_incasol_qww9-bvhh,,2026-08-21T21:48:17Z,0.2.0,missing_dependency,,engineering_pending,0,100,0,,official,default,false
082592,Santa Maria de Palautordera,41,Vallès Oriental,2025 (2025S1),10060,74,7.355865,120,11.928429,12.8615,47.7781,26.8281,90,municipality,idescat_ep;gencat_housing_sales_2025;gencat_incasol_qww9-bvhh,,2026-08-21T21:48:17Z,0.2.0,,,complete,26.8281,26.8281,100,,official,default,true
082606,Santa Perpètua de Mogoda,40,Vallès Occidental,2025 (2025S1),26101,221,8.467109,204,7.815792,18.4334,26.1734,21.5294,90,municipality,idescat_ep;gencat_housing_sales_2025;gencat_incasol_qww9-bvhh,,2026-08-21T21:48:17Z,0.2.0,,,complete,21.5294,21.5294,100,,official,default,true
082613,Santa Susanna,21,Maresme,2025 (2025S1),4049,69,17.041245,42,10.372932,61.425,39.6067,52.6977,90,municipality,idescat_ep;gencat_housing_sales_2025;gencat_incasol_qww9-bvhh,,2026-08-21T21:48:17Z,0.2.0,,,complete,52.6977,52.6977,100,,official,default,true
082628,Sant Vicenç de Castellet,07,Bages,2025 (2025S1),10167,118,11.606177,169,16.622406,34.173,72.4367,49.4785,90,municipality,idescat_ep;gencat_housing_sales_2025;gencat_incasol_qww9-bvhh,,2026-08-21T21:48:17Z,0.2.0,,,complete,49.4785,49.4785,100,,official,default,true
082634,Sant Vicenç dels Horts,11,Baix Llobregat,2025 (2025S1),28760,253,8.79694,152,5.285118,20.0872,12.8791,17.204,90,municipality,idescat_ep;gencat_housing_sales_2025;gencat_incasol_qww9-bvhh,,2026-08-21T21:48:17Z,0.2.0,,,complete,17.204,17.204,100,,official,default,true
082649,Sant Vicenç de Montalt,21,Maresme,2025 (2025S1),6829,73,10.689706,79,11.568312,29.5777,45.8863,36.1011,90,municipality,idescat_ep;gencat_housing_sales_2025;gencat_incasol_qww9-bvhh,,2026-08-21T21:48:17Z,0.2.0,,,complete,36.1011,36.1011,100,,official,default,true
082652,Sant Vicenç de Torelló,24,Osona,2025 (2025S1),2118,30,14.164306,16,7.554297,46.9997,24.7997,38.1197,90,municipality,idescat_ep;gencat_housing_sales_2025;gencat_incasol_qww9-bvhh,,2026-08-21T21:48:17Z,0.2.0,,,complete,38.1197,38.1197,100,,official,default,true
082665,Cerdanyola del Vallès,40,Vallès Occidental,2025 (2025S1),58264,555,9.525608,639,10.967321,23.7408,42.7291,31.3361,90,municipality,idescat_ep;gencat_housing_sales_2025;gencat_incasol_qww9-bvhh,,2026-08-21T21:48:17Z,0.2.0,,,complete,31.3361,31.3361,100,,official,default,true
082671,Sentmenat,40,Vallès Occidental,2025 (2025S1),9528,111,11.649874,77,8.081444,34.3921,27.5689,31.6628,90,municipality,idescat_ep;gencat_housing_sales_2025;gencat_incasol_qww9-bvhh,,2026-08-21T21:48:17Z,0.2.0,,,complete,31.6628,31.6628,100,,official,default,true
082687,Cercs,14,Berguedà,2025 (2025S1),1236,,,24,19.417476,,87.1199,,0,missing,idescat_ep;gencat_housing_sales_2025;gencat_incasol_qww9-bvhh,,2026-08-21T21:48:17Z,0.2.0,missing_dependency,,engineering_pending,0,100,0,,official,default,false
082690,Seva,24,Osona,2025 (2025S1),3818,29,7.5956,32,8.381351,14.0636,29.1444,20.0959,90,municipality,idescat_ep;gencat_housing_sales_2025;gencat_incasol_qww9-bvhh,,2026-08-21T21:48:17Z,0.2.0,,,complete,20.0959,20.0959,100,,official,default,true
082704,Sitges,17,Garraf,2025 (2025S1),32690,403,12.327929,554,16.947079,37.792,74.1423,52.3321,90,municipality,idescat_ep;gencat_housing_sales_2025;gencat_incasol_qww9-bvhh,,2026-08-21T21:48:17Z,0.2.0,,,complete,52.3321,52.3321,100,,official,default,true
082711,Sobremunt,43,Lluçanès,2025 (2025S1),89,,,3,33.707865,,100,,0,missing,idescat_ep;gencat_housing_sales_2025;gencat_incasol_qww9-bvhh,,2026-08-21T21:48:17Z,0.2.0,missing_dependency,,engineering_pending,0,100,0,,official,default,false
082726,Sora,24,Osona,2025 (2025S1),225,,,,,,,,0,missing,idescat_ep;gencat_housing_sales_2025;gencat_incasol_qww9-bvhh,,2026-08-21T21:48:17Z,0.2.0,missing_dependency,,engineering_pending,0,100,0,,official,default,false
082732,Subirats,03,Alt Penedès,2025 (2025S1),3287,29,8.822635,22,6.693033,20.2161,20.2753,20.2398,90,municipality,idescat_ep;gencat_housing_sales_2025;gencat_incasol_qww9-bvhh,,2026-08-21T21:48:17Z,0.2.0,,,complete,20.2398,20.2398,100,,official,default,true
082747,Súria,07,Bages,2025 (2025S1),6196,60,9.683667,71,11.459006,24.5334,45.3121,32.8449,90,municipality,idescat_ep;gencat_housing_sales_2025;gencat_incasol_qww9-bvhh,,2026-08-21T21:48:17Z,0.2.0,,,complete,32.8449,32.8449,100,,official,default,true
082750,Tavèrnoles,24,Osona,2025 (2025S1),354,,,,,,,,0,missing,idescat_ep;gencat_housing_sales_2025;gencat_incasol_qww9-bvhh,,2026-08-21T21:48:17Z,0.2.0,missing_dependency,,engineering_pending,0,100,0,,official,default,false
082763,Tagamanent,41,Vallès Oriental,2025 (2025S1),329,,,1,3.039514,,1.0824,,0,missing,idescat_ep;gencat_housing_sales_2025;gencat_incasol_qww9-bvhh,,2026-08-21T21:48:17Z,0.2.0,missing_dependency,,engineering_pending,0,100,0,,official,default,false
082779,Talamanca,07,Bages,2025 (2025S1),209,,,2,9.569378,,35.3854,,0,missing,idescat_ep;gencat_housing_sales_2025;gencat_incasol_qww9-bvhh,,2026-08-21T21:48:17Z,0.2.0,missing_dependency,,engineering_pending,0,100,0,,official,default,false
082785,Taradell,24,Osona,2025 (2025S1),6838,43,6.288388,86,12.576777,7.5091,51.184,24.9791,90,municipality,idescat_ep;gencat_housing_sales_2025;gencat_incasol_qww9-bvhh,,2026-08-21T21:48:17Z,0.2.0,,,complete,24.9791,24.9791,100,,official,default,true
082798,Terrassa,40,Vallès Occidental,2025 (2025S1),232676,3838,16.49504,3017,12.966529,58.6863,53.2315,56.5044,90,municipality,idescat_ep;gencat_housing_sales_2025;gencat_incasol_qww9-bvhh,,2026-08-21T21:48:17Z,0.2.0,,,complete,56.5044,56.5044,100,,official,default,true
082802,Tavertet,24,Osona,2025 (2025S1),128,,,3,23.4375,,100,,0,missing,idescat_ep;gencat_housing_sales_2025;gencat_incasol_qww9-bvhh,,2026-08-21T21:48:17Z,0.2.0,missing_dependency,,engineering_pending,0,100,0,,official,default,false
082819,Teià,21,Maresme,2025 (2025S1),6894,74,10.733972,70,10.153757,29.7997,38.4553,33.2619,90,municipality,idescat_ep;gencat_housing_sales_2025;gencat_incasol_qww9-bvhh,,2026-08-21T21:48:17Z,0.2.0,,,complete,33.2619,33.2619,100,,official,default,true
082824,Tiana,21,Maresme,2025 (2025S1),9362,62,6.622517,95,10.147404,9.1844,38.4219,20.8794,90,municipality,idescat_ep;gencat_housing_sales_2025;gencat_incasol_qww9-bvhh,,2026-08-21T21:48:17Z,0.2.0,,,complete,20.8794,20.8794,100,,official,default,true
082830,Tona,24,Osona,2025 (2025S1),8513,83,9.749794,133,15.623165,24.8649,67.1874,41.7939,90,municipality,idescat_ep;gencat_housing_sales_2025;gencat_incasol_qww9-bvhh,,2026-08-21T21:48:17Z,0.2.0,,,complete,41.7939,41.7939,100,,official,default,true
082845,Tordera,21,Maresme,2025 (2025S1),19047,323,16.958051,169,8.872788,61.0079,31.7261,49.2952,90,municipality,idescat_ep;gencat_housing_sales_2025;gencat_incasol_qww9-bvhh,,2026-08-21T21:48:17Z,0.2.0,,,complete,49.2952,49.2952,100,,official,default,true
082858,Torelló,24,Osona,2025 (2025S1),15334,192,12.521195,178,11.608191,38.761,46.0958,41.6949,90,municipality,idescat_ep;gencat_housing_sales_2025;gencat_incasol_qww9-bvhh,,2026-08-21T21:48:17Z,0.2.0,,,complete,41.6949,41.6949,100,,official,default,true
082861,la Torre de Claramunt,06,Anoia,2025 (2025S1),4154,66,15.8883,9,2.166586,55.644,0,33.3864,90,municipality,idescat_ep;gencat_housing_sales_2025;gencat_incasol_qww9-bvhh,,2026-08-21T21:48:17Z,0.2.0,,,complete,33.3864,33.3864,100,,official,default,true
082877,Torrelavit,03,Alt Penedès,2025 (2025S1),1575,,,20,12.698413,,51.823,,0,missing,idescat_ep;gencat_housing_sales_2025;gencat_incasol_qww9-bvhh,,2026-08-21T21:48:17Z,0.2.0,missing_dependency,,engineering_pending,0,100,0,,official,default,false
082883,Torrelles de Foix,03,Alt Penedès,2025 (2025S1),2751,60,21.810251,25,9.087605,85.3373,32.8545,64.3442,90,municipality,idescat_ep;gencat_housing_sales_2025;gencat_incasol_qww9-bvhh,,2026-08-21T21:48:17Z,0.2.0,,,complete,64.3442,64.3442,100,,official,default,true
082896,Torrelles de Llobregat,11,Baix Llobregat,2025 (2025S1),6162,47,7.627394,52,8.438819,14.223,29.4463,20.3123,90,municipality,idescat_ep;gencat_housing_sales_2025;gencat_incasol_qww9-bvhh,,2026-08-21T21:48:17Z,0.2.0,,,complete,20.3123,20.3123,100,,official,default,true
082900,Ullastrell,40,Vallès Occidental,2025 (2025S1),2170,36,16.589862,16,7.373272,59.1617,23.8487,45.0365,90,municipality,idescat_ep;gencat_housing_sales_2025;gencat_incasol_qww9-bvhh,,2026-08-21T21:48:17Z,0.2.0,,,complete,45.0365,45.0365,100,,official,default,true
082917,Vacarisses,40,Vallès Occidental,2025 (2025S1),7710,115,14.915694,28,3.631647,50.7673,4.1931,32.1376,90,municipality,idescat_ep;gencat_housing_sales_2025;gencat_incasol_qww9-bvhh,,2026-08-21T21:48:17Z,0.2.0,,,complete,32.1376,32.1376,100,,official,default,true
082922,Vallbona d'Anoia,06,Anoia,2025 (2025S1),1420,,,13,9.15493,,33.2082,,0,missing,idescat_ep;gencat_housing_sales_2025;gencat_incasol_qww9-bvhh,,2026-08-21T21:48:17Z,0.2.0,missing_dependency,,engineering_pending,0,100,0,,official,default,false
082938,Vallcebre,14,Berguedà,2025 (2025S1),260,,,2,7.692308,,25.5247,,0,missing,idescat_ep;gencat_housing_sales_2025;gencat_incasol_qww9-bvhh,,2026-08-21T21:48:17Z,0.2.0,missing_dependency,,engineering_pending,0,100,0,,official,default,false
082943,Vallgorguina,41,Vallès Oriental,2025 (2025S1),3273,48,14.665445,11,3.360831,49.5125,2.7704,30.8157,90,municipality,idescat_ep;gencat_housing_sales_2025;gencat_incasol_qww9-bvhh,,2026-08-21T21:48:17Z,0.2.0,,,complete,30.8157,30.8157,100,,official,default,true
082956,Vallirana,11,Baix Llobregat,2025 (2025S1),16239,136,8.3749,103,6.342755,17.9711,18.4352,18.1567,90,municipality,idescat_ep;gencat_housing_sales_2025;gencat_incasol_qww9-bvhh,,2026-08-21T21:48:17Z,0.2.0,,,complete,18.1567,18.1567,100,,official,default,true
082969,Vallromanes,41,Vallès Oriental,2025 (2025S1),2782,29,10.424155,14,5.032351,28.2462,11.5513,21.5682,90,municipality,idescat_ep;gencat_housing_sales_2025;gencat_incasol_qww9-bvhh,,2026-08-21T21:48:17Z,0.2.0,,,complete,21.5682,21.5682,100,,official,default,true
082975,Veciana,06,Anoia,2025 (2025S1),170,,,1,5.882353,,16.0166,,0,missing,idescat_ep;gencat_housing_sales_2025;gencat_incasol_qww9-bvhh,,2026-08-21T21:48:17Z,0.2.0,missing_dependency,,engineering_pending,0,100,0,,official,default,false
082981,Vic,24,Osona,2025 (2025S1),50405,420,8.332507,865,17.160996,17.7585,75.266,40.7615,90,municipality,idescat_ep;gencat_housing_sales_2025;gencat_incasol_qww9-bvhh,,2026-08-21T21:48:17Z,0.2.0,,,complete,40.7615,40.7615,100,,official,default,true
082994,Vilada,14,Berguedà,2025 (2025S1),430,,,4,9.302326,,33.9825,,0,missing,idescat_ep;gencat_housing_sales_2025;gencat_incasol_qww9-bvhh,,2026-08-21T21:48:17Z,0.2.0,missing_dependency,,engineering_pending,0,100,0,,official,default,false
083008,Viladecavalls,40,Vallès Occidental,2025 (2025S1),7816,80,10.235415,41,5.24565,27.2999,12.6718,21.4487,90,municipality,idescat_ep;gencat_housing_sales_2025;gencat_incasol_qww9-bvhh,,2026-08-21T21:48:17Z,0.2.0,,,complete,21.4487,21.4487,100,,official,default,true
083015,Viladecans,11,Baix Llobregat,2025 (2025S1),67536,734,10.868278,548,8.114191,30.4731,27.741,29.3803,90,municipality,idescat_ep;gencat_housing_sales_2025;gencat_incasol_qww9-bvhh,,2026-08-21T21:48:17Z,0.2.0,,,complete,29.3803,29.3803,100,,official,default,true
083020,Vilanova del Camí,06,Anoia,2025 (2025S1),12886,113,8.769207,107,8.303585,19.9482,28.7359,23.4633,90,municipality,idescat_ep;gencat_housing_sales_2025;gencat_incasol_qww9-bvhh,,2026-08-21T21:48:17Z,0.2.0,,,complete,23.4633,23.4633,100,,official,default,true
083036,Vilanova de Sau,24,Osona,2025 (2025S1),325,,,4,12.307692,,49.7704,,0,missing,idescat_ep;gencat_housing_sales_2025;gencat_incasol_qww9-bvhh,,2026-08-21T21:48:17Z,0.2.0,missing_dependency,,engineering_pending,0,100,0,,official,default,false
083041,Vilobí del Penedès,03,Alt Penedès,2025 (2025S1),1157,,,7,6.05013,,16.8979,,0,missing,idescat_ep;gencat_housing_sales_2025;gencat_incasol_qww9-bvhh,,2026-08-21T21:48:17Z,0.2.0,missing_dependency,,engineering_pending,0,100,0,,official,default,false
083054,Vilafranca del Penedès,03,Alt Penedès,2025 (2025S1),42561,370,8.693405,656,15.413172,19.5681,66.0843,38.1746,90,municipality,idescat_ep;gencat_housing_sales_2025;gencat_incasol_qww9-bvhh,,2026-08-21T21:48:17Z,0.2.0,,,complete,38.1746,38.1746,100,,official,default,true
083067,Vilalba Sasserra,41,Vallès Oriental,2025 (2025S1),790,,,15,18.987342,,84.8603,,0,missing,idescat_ep;gencat_housing_sales_2025;gencat_incasol_qww9-bvhh,,2026-08-21T21:48:17Z,0.2.0,missing_dependency,,engineering_pending,0,100,0,,official,default,false
083073,Vilanova i la Geltrú,17,Garraf,2025 (2025S1),71305,890,12.481593,923,12.944394,38.5624,53.1152,44.3835,90,municipality,idescat_ep;gencat_housing_sales_2025;gencat_incasol_qww9-bvhh,,2026-08-21T21:48:17Z,0.2.0,,,complete,44.3835,44.3835,100,,official,default,true
083089,Viver i Serrateix,14,Berguedà,2025 (2025S1),178,,,,,,,,0,missing,idescat_ep;gencat_housing_sales_2025;gencat_incasol_qww9-bvhh,,2026-08-21T21:48:17Z,0.2.0,missing_dependency,,engineering_pending,0,100,0,,official,default,false
089019,Rupit i Pruit,24,Osona,2025 (2025S1),277,,,3,10.830325,,42.0095,,0,missing,idescat_ep;gencat_housing_sales_2025;gencat_incasol_qww9-bvhh,,2026-08-21T21:48:17Z,0.2.0,missing_dependency,,engineering_pending,0,100,0,,official,default,false
089024,Vilanova del Vallès,41,Vallès Oriental,2025 (2025S1),5697,45,7.898894,38,6.670177,15.5843,20.1552,17.4127,90,municipality,idescat_ep;gencat_housing_sales_2025;gencat_incasol_qww9-bvhh,,2026-08-21T21:48:17Z,0.2.0,,,complete,17.4127,17.4127,100,,official,default,true
089030,Sant Julià de Cerdanyola,14,Berguedà,2025 (2025S1),234,,,,,,,,0,missing,idescat_ep;gencat_housing_sales_2025;gencat_incasol_qww9-bvhh,,2026-08-21T21:48:17Z,0.2.0,missing_dependency,,engineering_pending,0,100,0,,official,default,false
089045,Badia del Vallès,40,Vallès Occidental,2025 (2025S1),13058,75,5.743605,47,3.599326,4.7775,4.0233,4.4758,90,municipality,idescat_ep;gencat_housing_sales_2025;gencat_incasol_qww9-bvhh,,2026-08-21T21:48:17Z,0.2.0,,,complete,4.4758,4.4758,100,,official,default,true
089058,la Palma de Cervelló,11,Baix Llobregat,2025 (2025S1),3059,,,48,15.691402,,67.5459,,0,missing,idescat_ep;gencat_housing_sales_2025;gencat_incasol_qww9-bvhh,,2026-08-21T21:48:17Z,0.2.0,missing_dependency,,engineering_pending,0,100,0,,official,default,false
170010,Agullana,02,Alt Empordà,2025 (2025S1),881,,,17,19.296254,,86.4831,,0,missing,idescat_ep;gencat_housing_sales_2025;gencat_incasol_qww9-bvhh,,2026-08-21T21:48:17Z,0.2.0,missing_dependency,,engineering_pending,0,100,0,,official,default,false
170025,Aiguaviva,20,Gironès,2025 (2025S1),805,,,3,3.726708,,4.6924,,0,missing,idescat_ep;gencat_housing_sales_2025;gencat_incasol_qww9-bvhh,,2026-08-21T21:48:17Z,0.2.0,missing_dependency,,engineering_pending,0,100,0,,official,default,false
170031,Albanyà,02,Alt Empordà,2025 (2025S1),158,,,,,,,,0,missing,idescat_ep;gencat_housing_sales_2025;gencat_incasol_qww9-bvhh,,2026-08-21T21:48:17Z,0.2.0,missing_dependency,,engineering_pending,0,100,0,,official,default,false
170046,Albons,10,Baix Empordà,2025 (2025S1),852,,,9,10.56338,,40.6071,,0,missing,idescat_ep;gencat_housing_sales_2025;gencat_incasol_qww9-bvhh,,2026-08-21T21:48:17Z,0.2.0,missing_dependency,,engineering_pending,0,100,0,,official,default,false
170059,el Far d'Empordà,02,Alt Empordà,2025 (2025S1),624,,,1,1.602564,,0,,0,missing,idescat_ep;gencat_housing_sales_2025;gencat_incasol_qww9-bvhh,,2026-08-21T21:48:17Z,0.2.0,missing_dependency,,engineering_pending,0,100,0,,official,default,false
170062,Alp,15,Cerdanya,2025 (2025S1),1724,,,26,15.081206,,64.3404,,0,missing,idescat_ep;gencat_housing_sales_2025;gencat_incasol_qww9-bvhh,,2026-08-21T21:48:17Z,0.2.0,missing_dependency,,engineering_pending,0,100,0,,official,default,false
170078,Amer,34,Selva,2025 (2025S1),2419,10,4.13394,35,14.468789,0,61.1232,24.4493,90,municipality,idescat_ep;gencat_housing_sales_2025;gencat_incasol_qww9-bvhh,,2026-08-21T21:48:17Z,0.2.0,,,complete,24.4493,24.4493,100,,official,default,true
170084,Anglès,34,Selva,2025 (2025S1),5904,53,8.976965,75,12.703252,20.9899,51.8484,33.3333,90,municipality,idescat_ep;gencat_housing_sales_2025;gencat_incasol_qww9-bvhh,,2026-08-21T21:48:17Z,0.2.0,,,complete,33.3333,33.3333,100,,official,default,true
170097,Arbúcies,34,Selva,2025 (2025S1),6635,81,12.207988,137,20.648078,37.1906,93.5845,59.7482,90,municipality,idescat_ep;gencat_housing_sales_2025;gencat_incasol_qww9-bvhh,,2026-08-21T21:48:17Z,0.2.0,,,complete,59.7482,59.7482,100,,official,default,true
170101,Argelaguer,19,Garrotxa,2025 (2025S1),467,,,7,14.989293,,63.8575,,0,missing,idescat_ep;gencat_housing_sales_2025;gencat_incasol_qww9-bvhh,,2026-08-21T21:48:17Z,0.2.0,missing_dependency,,engineering_pending,0,100,0,,official,default,false
170118,l'Armentera,02,Alt Empordà,2025 (2025S1),1076,,,17,15.799257,,68.1125,,0,missing,idescat_ep;gencat_housing_sales_2025;gencat_incasol_qww9-bvhh,,2026-08-21T21:48:17Z,0.2.0,missing_dependency,,engineering_pending,0,100,0,,official,default,false
170123,Avinyonet de Puigventós,02,Alt Empordà,2025 (2025S1),1669,,,9,5.392451,,13.443,,0,missing,idescat_ep;gencat_housing_sales_2025;gencat_incasol_qww9-bvhh,,2026-08-21T21:48:17Z,0.2.0,missing_dependency,,engineering_pending,0,100,0,,official,default,false
170139,Begur,10,Baix Empordà,2025 (2025S1),4286,134,31.264582,19,4.433038,100,8.403,63.3612,90,municipality,idescat_ep;gencat_housing_sales_2025;gencat_incasol_qww9-bvhh,,2026-08-21T21:48:17Z,0.2.0,,,complete,63.3612,63.3612,100,,official,default,true
170144,la Vajol,02,Alt Empordà,2025 (2025S1),110,,,1,9.090909,,32.8719,,0,missing,idescat_ep;gencat_housing_sales_2025;gencat_incasol_qww9-bvhh,,2026-08-21T21:48:17Z,0.2.0,missing_dependency,,engineering_pending,0,100,0,,official,default,false
170157,Banyoles,28,Pla de l'Estany,2025 (2025S1),20887,151,7.229377,316,15.129028,12.2273,64.5916,33.173,90,municipality,idescat_ep;gencat_housing_sales_2025;gencat_incasol_qww9-bvhh,,2026-08-21T21:48:17Z,0.2.0,,,complete,33.173,33.173,100,,official,default,true
170160,Bàscara,02,Alt Empordà,2025 (2025S1),1048,,,14,13.358779,,55.2921,,0,missing,idescat_ep;gencat_housing_sales_2025;gencat_incasol_qww9-bvhh,,2026-08-21T21:48:17Z,0.2.0,missing_dependency,,engineering_pending,0,100,0,,official,default,false
170182,Bellcaire d'Empordà,10,Baix Empordà,2025 (2025S1),722,,,11,15.235457,,65.1507,,0,missing,idescat_ep;gencat_housing_sales_2025;gencat_incasol_qww9-bvhh,,2026-08-21T21:48:17Z,0.2.0,missing_dependency,,engineering_pending,0,100,0,,official,default,false
170195,Besalú,19,Garrotxa,2025 (2025S1),2591,14,5.403319,25,9.648784,3.0712,35.8025,16.1637,90,municipality,idescat_ep;gencat_housing_sales_2025;gencat_incasol_qww9-bvhh,,2026-08-21T21:48:17Z,0.2.0,,,complete,16.1637,16.1637,100,,official,default,true
170209,Bescanó,20,Gironès,2025 (2025S1),5087,13,2.555534,38,7.470022,0,24.357,9.7428,90,municipality,idescat_ep;gencat_housing_sales_2025;gencat_incasol_qww9-bvhh,,2026-08-21T21:48:17Z,0.2.0,,,complete,9.7428,9.7428,100,,official,default,true
170216,Beuda,19,Garrotxa,2025 (2025S1),202,,,,,,,,0,missing,idescat_ep;gencat_housing_sales_2025;gencat_incasol_qww9-bvhh,,2026-08-21T21:48:17Z,0.2.0,missing_dependency,,engineering_pending,0,100,0,,official,default,false
170221,la Bisbal d'Empordà,10,Baix Empordà,2025 (2025S1),11731,71,6.05234,137,11.678459,6.3255,46.4649,22.3813,90,municipality,idescat_ep;gencat_housing_sales_2025;gencat_incasol_qww9-bvhh,,2026-08-21T21:48:17Z,0.2.0,,,complete,22.3813,22.3813,100,,official,default,true
170237,Blanes,34,Selva,2025 (2025S1),42446,636,14.983744,600,14.135608,51.1085,59.3729,54.4143,90,municipality,idescat_ep;gencat_housing_sales_2025;gencat_incasol_qww9-bvhh,,2026-08-21T21:48:17Z,0.2.0,,,complete,54.4143,54.4143,100,,official,default,true
170242,Bolvir,15,Cerdanya,2025 (2025S1),493,,,1,2.028398,,0,,0,missing,idescat_ep;gencat_housing_sales_2025;gencat_incasol_qww9-bvhh,,2026-08-21T21:48:17Z,0.2.0,missing_dependency,,engineering_pending,0,100,0,,official,default,false
170255,Bordils,20,Gironès,2025 (2025S1),1824,,,21,11.513158,,45.5966,,0,missing,idescat_ep;gencat_housing_sales_2025;gencat_incasol_qww9-bvhh,,2026-08-21T21:48:17Z,0.2.0,missing_dependency,,engineering_pending,0,100,0,,official,default,false
170268,Borrassà,02,Alt Empordà,2025 (2025S1),802,,,7,8.72818,,30.9664,,0,missing,idescat_ep;gencat_housing_sales_2025;gencat_incasol_qww9-bvhh,,2026-08-21T21:48:17Z,0.2.0,missing_dependency,,engineering_pending,0,100,0,,official,default,false
170274,Breda,34,Selva,2025 (2025S1),3964,40,10.090817,71,17.911201,26.5749,79.207,47.6277,90,municipality,idescat_ep;gencat_housing_sales_2025;gencat_incasol_qww9-bvhh,,2026-08-21T21:48:17Z,0.2.0,,,complete,47.6277,47.6277,100,,official,default,true
170280,Brunyola i Sant Martí Sapresa,34,Selva,2025 (2025S1),399,,,6,15.037594,,64.1113,,0,missing,idescat_ep;gencat_housing_sales_2025;gencat_incasol_qww9-bvhh,,2026-08-21T21:48:17Z,0.2.0,missing_dependency,,engineering_pending,0,100,0,,official,default,false
170293,Boadella i les Escaules,02,Alt Empordà,2025 (2025S1),264,,,5,18.939394,,84.6084,,0,missing,idescat_ep;gencat_housing_sales_2025;gencat_incasol_qww9-bvhh,,2026-08-21T21:48:17Z,0.2.0,missing_dependency,,engineering_pending,0,100,0,,official,default,false
170307,Cabanes,02,Alt Empordà,2025 (2025S1),998,,,12,12.024048,,48.2804,,0,missing,idescat_ep;gencat_housing_sales_2025;gencat_incasol_qww9-bvhh,,2026-08-21T21:48:17Z,0.2.0,missing_dependency,,engineering_pending,0,100,0,,official,default,false
170314,Cabanelles,02,Alt Empordà,2025 (2025S1),286,,,3,10.48951,,40.2191,,0,missing,idescat_ep;gencat_housing_sales_2025;gencat_incasol_qww9-bvhh,,2026-08-21T21:48:17Z,0.2.0,missing_dependency,,engineering_pending,0,100,0,,official,default,false
170329,Cadaqués,02,Alt Empordà,2025 (2025S1),2906,41,14.108741,17,5.849966,46.7211,15.8464,34.3712,90,municipality,idescat_ep;gencat_housing_sales_2025;gencat_incasol_qww9-bvhh,,2026-08-21T21:48:17Z,0.2.0,,,complete,34.3712,34.3712,100,,official,default,true
170335,Caldes de Malavella,34,Selva,2025 (2025S1),8644,110,12.72559,48,5.552985,39.7859,14.2863,29.5861,90,municipality,idescat_ep;gencat_housing_sales_2025;gencat_incasol_qww9-bvhh,,2026-08-21T21:48:17Z,0.2.0,,,complete,29.5861,29.5861,100,,official,default,true
170340,Calonge i Sant Antoni,10,Baix Empordà,2025 (2025S1),12268,343,27.958918,151,12.308445,100,49.7744,79.9098,90,municipality,idescat_ep;gencat_housing_sales_2025;gencat_incasol_qww9-bvhh,,2026-08-21T21:48:17Z,0.2.0,,,complete,79.9098,79.9098,100,,official,default,true
170353,Camós,28,Pla de l'Estany,2025 (2025S1),700,,,5,7.142857,,22.6383,,0,missing,idescat_ep;gencat_housing_sales_2025;gencat_incasol_qww9-bvhh,,2026-08-21T21:48:17Z,0.2.0,missing_dependency,,engineering_pending,0,100,0,,official,default,false
170366,Campdevànol,31,Ripollès,2025 (2025S1),3240,28,8.641975,25,7.716049,19.3102,25.6494,21.8459,90,municipality,idescat_ep;gencat_housing_sales_2025;gencat_incasol_qww9-bvhh,,2026-08-21T21:48:17Z,0.2.0,,,complete,21.8459,21.8459,100,,official,default,true
170372,Campelles,31,Ripollès,2025 (2025S1),163,,,2,12.269939,,49.5721,,0,missing,idescat_ep;gencat_housing_sales_2025;gencat_incasol_qww9-bvhh,,2026-08-21T21:48:17Z,0.2.0,missing_dependency,,engineering_pending,0,100,0,,official,default,false
170388,Campllong,20,Gironès,2025 (2025S1),534,,,5,9.363296,,34.3028,,0,missing,idescat_ep;gencat_housing_sales_2025;gencat_incasol_qww9-bvhh,,2026-08-21T21:48:17Z,0.2.0,missing_dependency,,engineering_pending,0,100,0,,official,default,false
170391,Camprodon,31,Ripollès,2025 (2025S1),2560,56,21.875,45,17.578125,85.662,77.4573,82.3801,90,municipality,idescat_ep;gencat_housing_sales_2025;gencat_incasol_qww9-bvhh,,2026-08-21T21:48:17Z,0.2.0,,,complete,82.3801,82.3801,100,,official,default,true
170405,Canet d'Adri,20,Gironès,2025 (2025S1),742,,,3,4.043127,,6.3547,,0,missing,idescat_ep;gencat_housing_sales_2025;gencat_incasol_qww9-bvhh,,2026-08-21T21:48:17Z,0.2.0,missing_dependency,,engineering_pending,0,100,0,,official,default,false
170412,Cantallops,02,Alt Empordà,2025 (2025S1),367,,,8,21.798365,,99.6273,,0,missing,idescat_ep;gencat_housing_sales_2025;gencat_incasol_qww9-bvhh,,2026-08-21T21:48:17Z,0.2.0,missing_dependency,,engineering_pending,0,100,0,,official,default,false
170427,Capmany,02,Alt Empordà,2025 (2025S1),677,,,8,11.816839,,47.1919,,0,missing,idescat_ep;gencat_housing_sales_2025;gencat_incasol_qww9-bvhh,,2026-08-21T21:48:17Z,0.2.0,missing_dependency,,engineering_pending,0,100,0,,official,default,false
170433,Queralbs,31,Ripollès,2025 (2025S1),202,,,2,9.90099,,37.1274,,0,missing,idescat_ep;gencat_housing_sales_2025;gencat_incasol_qww9-bvhh,,2026-08-21T21:48:17Z,0.2.0,missing_dependency,,engineering_pending,0,100,0,,official,default,false
170448,Cassà de la Selva,20,Gironès,2025 (2025S1),11167,53,4.746127,104,9.313155,0,34.0394,13.6158,90,municipality,idescat_ep;gencat_housing_sales_2025;gencat_incasol_qww9-bvhh,,2026-08-21T21:48:17Z,0.2.0,,,complete,13.6158,13.6158,100,,official,default,true
170464,Castellfollit de la Roca,19,Garrotxa,2025 (2025S1),960,,,12,12.5,,50.7807,,0,missing,idescat_ep;gencat_housing_sales_2025;gencat_incasol_qww9-bvhh,,2026-08-21T21:48:17Z,0.2.0,missing_dependency,,engineering_pending,0,100,0,,official,default,false
170470,Castelló d'Empúries,02,Alt Empordà,2025 (2025S1),12275,666,54.256619,137,11.160896,100,43.746,77.4984,90,municipality,idescat_ep;gencat_housing_sales_2025;gencat_incasol_qww9-bvhh,,2026-08-21T21:48:17Z,0.2.0,,,complete,77.4984,77.4984,100,,official,default,true
170486,"Castell d'Aro, Platja d'Aro i s'Agaró",10,Baix Empordà,2025 (2025S1),12889,344,26.689425,181,14.042982,100,58.8863,83.5545,90,municipality,idescat_ep;gencat_housing_sales_2025;gencat_incasol_qww9-bvhh,,2026-08-21T21:48:17Z,0.2.0,,,complete,83.5545,83.5545,100,,official,default,true
170499,Celrà,20,Gironès,2025 (2025S1),5613,19,3.384999,56,9.976839,0,37.5259,15.0104,90,municipality,idescat_ep;gencat_housing_sales_2025;gencat_incasol_qww9-bvhh,,2026-08-21T21:48:17Z,0.2.0,,,complete,15.0104,15.0104,100,,official,default,true
170502,Cervià de Ter,20,Gironès,2025 (2025S1),1030,,,8,7.76699,,25.917,,0,missing,idescat_ep;gencat_housing_sales_2025;gencat_incasol_qww9-bvhh,,2026-08-21T21:48:17Z,0.2.0,missing_dependency,,engineering_pending,0,100,0,,official,default,false
170519,Cistella,02,Alt Empordà,2025 (2025S1),285,,,2,7.017544,,21.98,,0,missing,idescat_ep;gencat_housing_sales_2025;gencat_incasol_qww9-bvhh,,2026-08-21T21:48:17Z,0.2.0,missing_dependency,,engineering_pending,0,100,0,,official,default,false
170524,Siurana,02,Alt Empordà,2025 (2025S1),188,,,,,,,,0,missing,idescat_ep;gencat_housing_sales_2025;gencat_incasol_qww9-bvhh,,2026-08-21T21:48:17Z,0.2.0,missing_dependency,,engineering_pending,0,100,0,,official,default,false
170545,Colera,02,Alt Empordà,2025 (2025S1),489,,,3,6.134969,,17.3436,,0,missing,idescat_ep;gencat_housing_sales_2025;gencat_incasol_qww9-bvhh,,2026-08-21T21:48:17Z,0.2.0,missing_dependency,,engineering_pending,0,100,0,,official,default,false
170558,Colomers,10,Baix Empordà,2025 (2025S1),206,,,2,9.708738,,36.1175,,0,missing,idescat_ep;gencat_housing_sales_2025;gencat_incasol_qww9-bvhh,,2026-08-21T21:48:17Z,0.2.0,missing_dependency,,engineering_pending,0,100,0,,official,default,false
170561,Cornellà del Terri,28,Pla de l'Estany,2025 (2025S1),2413,5,2.072109,15,6.216328,0,17.771,7.1084,90,municipality,idescat_ep;gencat_housing_sales_2025;gencat_incasol_qww9-bvhh,,2026-08-21T21:48:17Z,0.2.0,,,complete,7.1084,7.1084,100,,official,default,true
170577,Corçà,10,Baix Empordà,2025 (2025S1),1285,,,7,5.447471,,13.732,,0,missing,idescat_ep;gencat_housing_sales_2025;gencat_incasol_qww9-bvhh,,2026-08-21T21:48:17Z,0.2.0,missing_dependency,,engineering_pending,0,100,0,,official,default,false
170583,Crespià,28,Pla de l'Estany,2025 (2025S1),253,,,,,,,,0,missing,idescat_ep;gencat_housing_sales_2025;gencat_incasol_qww9-bvhh,,2026-08-21T21:48:17Z,0.2.0,missing_dependency,,engineering_pending,0,100,0,,official,default,false
170600,Darnius,02,Alt Empordà,2025 (2025S1),561,,,6,10.695187,,41.2996,,0,missing,idescat_ep;gencat_housing_sales_2025;gencat_incasol_qww9-bvhh,,2026-08-21T21:48:17Z,0.2.0,missing_dependency,,engineering_pending,0,100,0,,official,default,false
170617,Das,15,Cerdanya,2025 (2025S1),261,,,1,3.831418,,5.2425,,0,missing,idescat_ep;gencat_housing_sales_2025;gencat_incasol_qww9-bvhh,,2026-08-21T21:48:17Z,0.2.0,missing_dependency,,engineering_pending,0,100,0,,official,default,false
170622,l'Escala,02,Alt Empordà,2025 (2025S1),10641,372,34.95912,142,13.34461,100,55.2176,82.087,90,municipality,idescat_ep;gencat_housing_sales_2025;gencat_incasol_qww9-bvhh,,2026-08-21T21:48:17Z,0.2.0,,,complete,82.087,82.087,100,,official,default,true
170638,Espinelves,24,Osona,2025 (2025S1),262,,,5,19.083969,,85.3679,,0,missing,idescat_ep;gencat_housing_sales_2025;gencat_incasol_qww9-bvhh,,2026-08-21T21:48:17Z,0.2.0,missing_dependency,,engineering_pending,0,100,0,,official,default,false
170643,Espolla,02,Alt Empordà,2025 (2025S1),399,,,1,2.506266,,0,,0,missing,idescat_ep;gencat_housing_sales_2025;gencat_incasol_qww9-bvhh,,2026-08-21T21:48:17Z,0.2.0,missing_dependency,,engineering_pending,0,100,0,,official,default,false
170656,Esponellà,28,Pla de l'Estany,2025 (2025S1),444,,,1,2.252252,,0,,0,missing,idescat_ep;gencat_housing_sales_2025;gencat_incasol_qww9-bvhh,,2026-08-21T21:48:17Z,0.2.0,missing_dependency,,engineering_pending,0,100,0,,official,default,false
170669,Figueres,02,Alt Empordà,2025 (2025S1),49556,585,11.804827,815,16.446041,35.1691,71.5102,49.7055,90,municipality,idescat_ep;gencat_housing_sales_2025;gencat_incasol_qww9-bvhh,,2026-08-21T21:48:17Z,0.2.0,,,complete,49.7055,49.7055,100,,official,default,true
170675,Flaçà,20,Gironès,2025 (2025S1),1174,,,11,9.369676,,34.3363,,0,missing,idescat_ep;gencat_housing_sales_2025;gencat_incasol_qww9-bvhh,,2026-08-21T21:48:17Z,0.2.0,missing_dependency,,engineering_pending,0,100,0,,official,default,false
170681,Foixà,10,Baix Empordà,2025 (2025S1),298,,,1,3.355705,,2.7435,,0,missing,idescat_ep;gencat_housing_sales_2025;gencat_incasol_qww9-bvhh,,2026-08-21T21:48:17Z,0.2.0,missing_dependency,,engineering_pending,0,100,0,,official,default,false
170694,Fontanals de Cerdanya,15,Cerdanya,2025 (2025S1),516,,,4,7.751938,,25.8379,,0,missing,idescat_ep;gencat_housing_sales_2025;gencat_incasol_qww9-bvhh,,2026-08-21T21:48:17Z,0.2.0,missing_dependency,,engineering_pending,0,100,0,,official,default,false
170708,Fontanilles,10,Baix Empordà,2025 (2025S1),170,,,,,,,,0,missing,idescat_ep;gencat_housing_sales_2025;gencat_incasol_qww9-bvhh,,2026-08-21T21:48:17Z,0.2.0,missing_dependency,,engineering_pending,0,100,0,,official,default,false
170715,Fontcoberta,28,Pla de l'Estany,2025 (2025S1),1482,,,4,2.699055,,0,,0,missing,idescat_ep;gencat_housing_sales_2025;gencat_incasol_qww9-bvhh,,2026-08-21T21:48:17Z,0.2.0,missing_dependency,,engineering_pending,0,100,0,,official,default,false
170736,Fornells de la Selva,20,Gironès,2025 (2025S1),2813,9,3.199431,25,8.887309,0,31.8023,12.7209,90,municipality,idescat_ep;gencat_housing_sales_2025;gencat_incasol_qww9-bvhh,,2026-08-21T21:48:17Z,0.2.0,,,complete,12.7209,12.7209,100,,official,default,true
170741,Fortià,02,Alt Empordà,2025 (2025S1),789,,,2,2.534854,,0,,0,missing,idescat_ep;gencat_housing_sales_2025;gencat_incasol_qww9-bvhh,,2026-08-21T21:48:17Z,0.2.0,missing_dependency,,engineering_pending,0,100,0,,official,default,false
170754,Garrigàs,02,Alt Empordà,2025 (2025S1),479,,,6,12.526096,,50.9178,,0,missing,idescat_ep;gencat_housing_sales_2025;gencat_incasol_qww9-bvhh,,2026-08-21T21:48:17Z,0.2.0,missing_dependency,,engineering_pending,0,100,0,,official,default,false
170767,Garrigoles,10,Baix Empordà,2025 (2025S1),183,,,,,,,,0,missing,idescat_ep;gencat_housing_sales_2025;gencat_incasol_qww9-bvhh,,2026-08-21T21:48:17Z,0.2.0,missing_dependency,,engineering_pending,0,100,0,,official,default,false
170773,Garriguella,02,Alt Empordà,2025 (2025S1),989,,,8,8.088979,,27.6085,,0,missing,idescat_ep;gencat_housing_sales_2025;gencat_incasol_qww9-bvhh,,2026-08-21T21:48:17Z,0.2.0,missing_dependency,,engineering_pending,0,100,0,,official,default,false
170789,Ger,15,Cerdanya,2025 (2025S1),501,,,3,5.988024,,16.5717,,0,missing,idescat_ep;gencat_housing_sales_2025;gencat_incasol_qww9-bvhh,,2026-08-21T21:48:17Z,0.2.0,missing_dependency,,engineering_pending,0,100,0,,official,default,false
170792,Girona,20,Gironès,2025 (2025S1),108352,936,8.638512,2185,20.165756,19.2928,91.0508,47.996,90,municipality,idescat_ep;gencat_housing_sales_2025;gencat_incasol_qww9-bvhh,,2026-08-21T21:48:17Z,0.2.0,,,complete,47.996,47.996,100,,official,default,true
170806,Gombrèn,31,Ripollès,2025 (2025S1),206,,,,,,,,0,missing,idescat_ep;gencat_housing_sales_2025;gencat_incasol_qww9-bvhh,,2026-08-21T21:48:17Z,0.2.0,missing_dependency,,engineering_pending,0,100,0,,official,default,false
170813,Gualta,10,Baix Empordà,2025 (2025S1),437,,,1,2.28833,,0,,0,missing,idescat_ep;gencat_housing_sales_2025;gencat_incasol_qww9-bvhh,,2026-08-21T21:48:17Z,0.2.0,missing_dependency,,engineering_pending,0,100,0,,official,default,false
170828,Guils de Cerdanya,15,Cerdanya,2025 (2025S1),559,,,4,7.155635,,22.7054,,0,missing,idescat_ep;gencat_housing_sales_2025;gencat_incasol_qww9-bvhh,,2026-08-21T21:48:17Z,0.2.0,missing_dependency,,engineering_pending,0,100,0,,official,default,false
170834,Hostalric,34,Selva,2025 (2025S1),4464,40,8.960573,64,14.336918,20.9077,60.4305,36.7168,90,municipality,idescat_ep;gencat_housing_sales_2025;gencat_incasol_qww9-bvhh,,2026-08-21T21:48:17Z,0.2.0,,,complete,36.7168,36.7168,100,,official,default,true
170849,Isòvol,15,Cerdanya,2025 (2025S1),314,,,3,9.55414,,35.3054,,0,missing,idescat_ep;gencat_housing_sales_2025;gencat_incasol_qww9-bvhh,,2026-08-21T21:48:17Z,0.2.0,missing_dependency,,engineering_pending,0,100,0,,official,default,false
170852,Jafre,10,Baix Empordà,2025 (2025S1),384,,,1,2.604167,,0,,0,missing,idescat_ep;gencat_housing_sales_2025;gencat_incasol_qww9-bvhh,,2026-08-21T21:48:17Z,0.2.0,missing_dependency,,engineering_pending,0,100,0,,official,default,false
170865,la Jonquera,02,Alt Empordà,2025 (2025S1),3410,41,12.02346,62,18.181818,36.2653,80.6287,54.0107,90,municipality,idescat_ep;gencat_housing_sales_2025;gencat_incasol_qww9-bvhh,,2026-08-21T21:48:17Z,0.2.0,,,complete,54.0107,54.0107,100,,official,default,true
170871,Juià,20,Gironès,2025 (2025S1),320,,,1,3.125,,1.5315,,0,missing,idescat_ep;gencat_housing_sales_2025;gencat_incasol_qww9-bvhh,,2026-08-21T21:48:17Z,0.2.0,missing_dependency,,engineering_pending,0,100,0,,official,default,false
170887,Lladó,02,Alt Empordà,2025 (2025S1),823,,,6,7.290401,,23.4134,,0,missing,idescat_ep;gencat_housing_sales_2025;gencat_incasol_qww9-bvhh,,2026-08-21T21:48:17Z,0.2.0,missing_dependency,,engineering_pending,0,100,0,,official,default,false
170890,Llagostera,20,Gironès,2025 (2025S1),9579,86,8.977973,115,12.005429,20.9949,48.1826,31.87,90,municipality,idescat_ep;gencat_housing_sales_2025;gencat_incasol_qww9-bvhh,,2026-08-21T21:48:17Z,0.2.0,,,complete,31.87,31.87,100,,official,default,true
170904,Llambilles,20,Gironès,2025 (2025S1),732,,,,,,,,0,missing,idescat_ep;gencat_housing_sales_2025;gencat_incasol_qww9-bvhh,,2026-08-21T21:48:17Z,0.2.0,missing_dependency,,engineering_pending,0,100,0,,official,default,false
170911,Llanars,31,Ripollès,2025 (2025S1),517,,,6,11.605416,,46.0812,,0,missing,idescat_ep;gencat_housing_sales_2025;gencat_incasol_qww9-bvhh,,2026-08-21T21:48:17Z,0.2.0,missing_dependency,,engineering_pending,0,100,0,,official,default,false
170926,Llançà,02,Alt Empordà,2025 (2025S1),5033,168,33.379694,97,19.2728,100,86.3599,94.544,90,municipality,idescat_ep;gencat_housing_sales_2025;gencat_incasol_qww9-bvhh,,2026-08-21T21:48:17Z,0.2.0,,,complete,94.544,94.544,100,,official,default,true
170932,Llers,02,Alt Empordà,2025 (2025S1),1268,,,24,18.927445,,84.5456,,0,missing,idescat_ep;gencat_housing_sales_2025;gencat_incasol_qww9-bvhh,,2026-08-21T21:48:17Z,0.2.0,missing_dependency,,engineering_pending,0,100,0,,official,default,false
170947,Llívia,15,Cerdanya,2025 (2025S1),1572,,,39,24.80916,,100,,0,missing,idescat_ep;gencat_housing_sales_2025;gencat_incasol_qww9-bvhh,,2026-08-21T21:48:17Z,0.2.0,missing_dependency,,engineering_pending,0,100,0,,official,default,false
170950,Lloret de Mar,34,Selva,2025 (2025S1),41944,701,16.71276,473,11.276941,59.778,44.3557,53.6091,90,municipality,idescat_ep;gencat_housing_sales_2025;gencat_incasol_qww9-bvhh,,2026-08-21T21:48:17Z,0.2.0,,,complete,53.6091,53.6091,100,,official,default,true
170963,les Llosses,31,Ripollès,2025 (2025S1),197,,,2,10.152284,,38.4476,,0,missing,idescat_ep;gencat_housing_sales_2025;gencat_incasol_qww9-bvhh,,2026-08-21T21:48:17Z,0.2.0,missing_dependency,,engineering_pending,0,100,0,,official,default,false
170979,Madremanya,20,Gironès,2025 (2025S1),277,,,1,3.610108,,4.0799,,0,missing,idescat_ep;gencat_housing_sales_2025;gencat_incasol_qww9-bvhh,,2026-08-21T21:48:17Z,0.2.0,missing_dependency,,engineering_pending,0,100,0,,official,default,false
170985,Maià de Montcal,19,Garrotxa,2025 (2025S1),498,,,,,,,,0,missing,idescat_ep;gencat_housing_sales_2025;gencat_incasol_qww9-bvhh,,2026-08-21T21:48:17Z,0.2.0,missing_dependency,,engineering_pending,0,100,0,,official,default,false
170998,Meranges,15,Cerdanya,2025 (2025S1),111,,,,,,,,0,missing,idescat_ep;gencat_housing_sales_2025;gencat_incasol_qww9-bvhh,,2026-08-21T21:48:17Z,0.2.0,missing_dependency,,engineering_pending,0,100,0,,official,default,false
171002,Masarac i Vilarnadal,02,Alt Empordà,2025 (2025S1),291,,,2,6.872852,,21.2199,,0,missing,idescat_ep;gencat_housing_sales_2025;gencat_incasol_qww9-bvhh,,2026-08-21T21:48:17Z,0.2.0,missing_dependency,,engineering_pending,0,100,0,,official,default,false
171019,Massanes,34,Selva,2025 (2025S1),881,,,6,6.810443,,20.892,,0,missing,idescat_ep;gencat_housing_sales_2025;gencat_incasol_qww9-bvhh,,2026-08-21T21:48:17Z,0.2.0,missing_dependency,,engineering_pending,0,100,0,,official,default,false
171024,Maçanet de Cabrenys,02,Alt Empordà,2025 (2025S1),768,,,16,20.833333,,94.5577,,0,missing,idescat_ep;gencat_housing_sales_2025;gencat_incasol_qww9-bvhh,,2026-08-21T21:48:17Z,0.2.0,missing_dependency,,engineering_pending,0,100,0,,official,default,false
171030,Maçanet de la Selva,34,Selva,2025 (2025S1),8065,136,16.862988,47,5.82765,60.5312,15.7292,42.6104,90,municipality,idescat_ep;gencat_housing_sales_2025;gencat_incasol_qww9-bvhh,,2026-08-21T21:48:17Z,0.2.0,,,complete,42.6104,42.6104,100,,official,default,true
171058,Mieres,19,Garrotxa,2025 (2025S1),368,,,6,16.304348,,70.7659,,0,missing,idescat_ep;gencat_housing_sales_2025;gencat_incasol_qww9-bvhh,,2026-08-21T21:48:17Z,0.2.0,missing_dependency,,engineering_pending,0,100,0,,official,default,false
171061,Mollet de Peralada,02,Alt Empordà,2025 (2025S1),202,,,,,,,,0,missing,idescat_ep;gencat_housing_sales_2025;gencat_incasol_qww9-bvhh,,2026-08-21T21:48:17Z,0.2.0,missing_dependency,,engineering_pending,0,100,0,,official,default,false
171077,Molló,31,Ripollès,2025 (2025S1),350,,,7,20,,90.18,,0,missing,idescat_ep;gencat_housing_sales_2025;gencat_incasol_qww9-bvhh,,2026-08-21T21:48:17Z,0.2.0,missing_dependency,,engineering_pending,0,100,0,,official,default,false
171096,Montagut i Oix,19,Garrotxa,2025 (2025S1),1014,,,7,6.903353,,21.3801,,0,missing,idescat_ep;gencat_housing_sales_2025;gencat_incasol_qww9-bvhh,,2026-08-21T21:48:17Z,0.2.0,missing_dependency,,engineering_pending,0,100,0,,official,default,false
171100,Mont-ras,10,Baix Empordà,2025 (2025S1),1690,,,4,2.366864,,0,,0,missing,idescat_ep;gencat_housing_sales_2025;gencat_incasol_qww9-bvhh,,2026-08-21T21:48:17Z,0.2.0,missing_dependency,,engineering_pending,0,100,0,,official,default,false
171117,Navata,02,Alt Empordà,2025 (2025S1),1504,,,17,11.303191,,44.4936,,0,missing,idescat_ep;gencat_housing_sales_2025;gencat_incasol_qww9-bvhh,,2026-08-21T21:48:17Z,0.2.0,missing_dependency,,engineering_pending,0,100,0,,official,default,false
171122,Ogassa,31,Ripollès,2025 (2025S1),222,,,3,13.513514,,56.1049,,0,missing,idescat_ep;gencat_housing_sales_2025;gencat_incasol_qww9-bvhh,,2026-08-21T21:48:17Z,0.2.0,missing_dependency,,engineering_pending,0,100,0,,official,default,false
171143,Olot,19,Garrotxa,2025 (2025S1),39516,250,6.326551,633,16.018828,7.7004,69.2659,32.3266,90,municipality,idescat_ep;gencat_housing_sales_2025;gencat_incasol_qww9-bvhh,,2026-08-21T21:48:17Z,0.2.0,,,complete,32.3266,32.3266,100,,official,default,true
171156,Ordis,02,Alt Empordà,2025 (2025S1),411,,,,,,,,0,missing,idescat_ep;gencat_housing_sales_2025;gencat_incasol_qww9-bvhh,,2026-08-21T21:48:17Z,0.2.0,missing_dependency,,engineering_pending,0,100,0,,official,default,false
171169,Osor,34,Selva,2025 (2025S1),429,,,3,6.993007,,21.8511,,0,missing,idescat_ep;gencat_housing_sales_2025;gencat_incasol_qww9-bvhh,,2026-08-21T21:48:17Z,0.2.0,missing_dependency,,engineering_pending,0,100,0,,official,default,false
171175,Palafrugell,10,Baix Empordà,2025 (2025S1),24556,410,16.69653,279,11.361785,59.6966,44.8014,53.7385,90,municipality,idescat_ep;gencat_housing_sales_2025;gencat_incasol_qww9-bvhh,,2026-08-21T21:48:17Z,0.2.0,,,complete,53.7385,53.7385,100,,official,default,true
171181,Palamós,10,Baix Empordà,2025 (2025S1),18921,296,15.643993,265,14.005602,54.4191,58.69,56.1275,90,municipality,idescat_ep;gencat_housing_sales_2025;gencat_incasol_qww9-bvhh,,2026-08-21T21:48:17Z,0.2.0,,,complete,56.1275,56.1275,100,,official,default,true
171194,Palau de Santa Eulàlia,02,Alt Empordà,2025 (2025S1),124,,,,,,,,0,missing,idescat_ep;gencat_housing_sales_2025;gencat_incasol_qww9-bvhh,,2026-08-21T21:48:17Z,0.2.0,missing_dependency,,engineering_pending,0,100,0,,official,default,false
171208,Palau-saverdera,02,Alt Empordà,2025 (2025S1),1524,,,9,5.905512,,16.1382,,0,missing,idescat_ep;gencat_housing_sales_2025;gencat_incasol_qww9-bvhh,,2026-08-21T21:48:17Z,0.2.0,missing_dependency,,engineering_pending,0,100,0,,official,default,false
171215,Palau-sator,10,Baix Empordà,2025 (2025S1),320,,,4,12.5,,50.7807,,0,missing,idescat_ep;gencat_housing_sales_2025;gencat_incasol_qww9-bvhh,,2026-08-21T21:48:17Z,0.2.0,missing_dependency,,engineering_pending,0,100,0,,official,default,false
171236,Palol de Revardit,28,Pla de l'Estany,2025 (2025S1),463,,,3,6.479482,,19.1534,,0,missing,idescat_ep;gencat_housing_sales_2025;gencat_incasol_qww9-bvhh,,2026-08-21T21:48:17Z,0.2.0,missing_dependency,,engineering_pending,0,100,0,,official,default,false
171241,Pals,10,Baix Empordà,2025 (2025S1),2552,63,24.68652,23,9.012539,99.7592,32.4602,72.8396,90,municipality,idescat_ep;gencat_housing_sales_2025;gencat_incasol_qww9-bvhh,,2026-08-21T21:48:17Z,0.2.0,,,complete,72.8396,72.8396,100,,official,default,true
171254,Pardines,31,Ripollès,2025 (2025S1),168,,,3,17.857143,,78.9231,,0,missing,idescat_ep;gencat_housing_sales_2025;gencat_incasol_qww9-bvhh,,2026-08-21T21:48:17Z,0.2.0,missing_dependency,,engineering_pending,0,100,0,,official,default,false
171267,Parlavà,10,Baix Empordà,2025 (2025S1),435,,,1,2.298851,,0,,0,missing,idescat_ep;gencat_housing_sales_2025;gencat_incasol_qww9-bvhh,,2026-08-21T21:48:17Z,0.2.0,missing_dependency,,engineering_pending,0,100,0,,official,default,false
171289,Pau,02,Alt Empordà,2025 (2025S1),558,,,4,7.168459,,22.7728,,0,missing,idescat_ep;gencat_housing_sales_2025;gencat_incasol_qww9-bvhh,,2026-08-21T21:48:17Z,0.2.0,missing_dependency,,engineering_pending,0,100,0,,official,default,false
171292,Pedret i Marzà,02,Alt Empordà,2025 (2025S1),208,,,1,4.807692,,10.3711,,0,missing,idescat_ep;gencat_housing_sales_2025;gencat_incasol_qww9-bvhh,,2026-08-21T21:48:17Z,0.2.0,missing_dependency,,engineering_pending,0,100,0,,official,default,false
171306,la Pera,10,Baix Empordà,2025 (2025S1),449,,,2,4.454343,,8.5149,,0,missing,idescat_ep;gencat_housing_sales_2025;gencat_incasol_qww9-bvhh,,2026-08-21T21:48:17Z,0.2.0,missing_dependency,,engineering_pending,0,100,0,,official,default,false
171328,Peralada,02,Alt Empordà,2025 (2025S1),2087,38,18.207954,38,18.207954,67.275,80.766,72.6714,90,municipality,idescat_ep;gencat_housing_sales_2025;gencat_incasol_qww9-bvhh,,2026-08-21T21:48:17Z,0.2.0,,,complete,72.6714,72.6714,100,,official,default,true
171334,les Planes d'Hostoles,19,Garrotxa,2025 (2025S1),1747,,,24,13.737836,,57.2833,,0,missing,idescat_ep;gencat_housing_sales_2025;gencat_incasol_qww9-bvhh,,2026-08-21T21:48:17Z,0.2.0,missing_dependency,,engineering_pending,0,100,0,,official,default,false
171349,Planoles,31,Ripollès,2025 (2025S1),313,,,7,22.364217,,100,,0,missing,idescat_ep;gencat_housing_sales_2025;gencat_incasol_qww9-bvhh,,2026-08-21T21:48:17Z,0.2.0,missing_dependency,,engineering_pending,0,100,0,,official,default,false
171352,Pont de Molins,02,Alt Empordà,2025 (2025S1),586,,,6,10.238908,,38.9026,,0,missing,idescat_ep;gencat_housing_sales_2025;gencat_incasol_qww9-bvhh,,2026-08-21T21:48:17Z,0.2.0,missing_dependency,,engineering_pending,0,100,0,,official,default,false
171365,Pontós,02,Alt Empordà,2025 (2025S1),295,,,2,6.779661,,20.7303,,0,missing,idescat_ep;gencat_housing_sales_2025;gencat_incasol_qww9-bvhh,,2026-08-21T21:48:17Z,0.2.0,missing_dependency,,engineering_pending,0,100,0,,official,default,false
171371,Porqueres,28,Pla de l'Estany,2025 (2025S1),4804,26,5.412157,22,4.579517,3.1156,9.1724,5.5383,90,municipality,idescat_ep;gencat_housing_sales_2025;gencat_incasol_qww9-bvhh,,2026-08-21T21:48:17Z,0.2.0,,,complete,5.5383,5.5383,100,,official,default,true
171387,Portbou,02,Alt Empordà,2025 (2025S1),1132,,,9,7.95053,,26.8812,,0,missing,idescat_ep;gencat_housing_sales_2025;gencat_incasol_qww9-bvhh,,2026-08-21T21:48:17Z,0.2.0,missing_dependency,,engineering_pending,0,100,0,,official,default,false
171390,les Preses,19,Garrotxa,2025 (2025S1),1946,,,15,7.708119,,25.6078,,0,missing,idescat_ep;gencat_housing_sales_2025;gencat_incasol_qww9-bvhh,,2026-08-21T21:48:17Z,0.2.0,missing_dependency,,engineering_pending,0,100,0,,official,default,false
171404,el Port de la Selva,02,Alt Empordà,2025 (2025S1),1055,,,16,15.165877,,64.7852,,0,missing,idescat_ep;gencat_housing_sales_2025;gencat_incasol_qww9-bvhh,,2026-08-21T21:48:17Z,0.2.0,missing_dependency,,engineering_pending,0,100,0,,official,default,false
171411,Puigcerdà,15,Cerdanya,2025 (2025S1),10053,93,9.25097,183,18.203521,22.3638,80.7427,45.7154,90,municipality,idescat_ep;gencat_housing_sales_2025;gencat_incasol_qww9-bvhh,,2026-08-21T21:48:17Z,0.2.0,,,complete,45.7154,45.7154,100,,official,default,true
171426,Quart,20,Gironès,2025 (2025S1),4161,20,4.806537,32,7.690459,0.0789,25.515,10.2533,90,municipality,idescat_ep;gencat_housing_sales_2025;gencat_incasol_qww9-bvhh,,2026-08-21T21:48:17Z,0.2.0,,,complete,10.2533,10.2533,100,,official,default,true
171432,Rabós,02,Alt Empordà,2025 (2025S1),236,,,4,16.949153,,74.1532,,0,missing,idescat_ep;gencat_housing_sales_2025;gencat_incasol_qww9-bvhh,,2026-08-21T21:48:17Z,0.2.0,missing_dependency,,engineering_pending,0,100,0,,official,default,false
171447,Regencós,10,Baix Empordà,2025 (2025S1),274,,,1,3.649635,,4.2875,,0,missing,idescat_ep;gencat_housing_sales_2025;gencat_incasol_qww9-bvhh,,2026-08-21T21:48:17Z,0.2.0,missing_dependency,,engineering_pending,0,100,0,,official,default,false
171450,Ribes de Freser,31,Ripollès,2025 (2025S1),1839,,,33,17.944535,,79.3822,,0,missing,idescat_ep;gencat_housing_sales_2025;gencat_incasol_qww9-bvhh,,2026-08-21T21:48:17Z,0.2.0,missing_dependency,,engineering_pending,0,100,0,,official,default,false
171463,Riells i Viabrea,34,Selva,2025 (2025S1),4627,82,17.722066,31,6.699805,64.8387,20.3108,47.0275,90,municipality,idescat_ep;gencat_housing_sales_2025;gencat_incasol_qww9-bvhh,,2026-08-21T21:48:17Z,0.2.0,,,complete,47.0275,47.0275,100,,official,default,true
171479,Ripoll,31,Ripollès,2025 (2025S1),10812,103,9.526452,192,17.758047,23.7451,78.4025,45.6081,90,municipality,idescat_ep;gencat_housing_sales_2025;gencat_incasol_qww9-bvhh,,2026-08-21T21:48:17Z,0.2.0,,,complete,45.6081,45.6081,100,,official,default,true
171485,Riudarenes,34,Selva,2025 (2025S1),2524,51,20.206022,25,9.904913,77.2935,37.1481,61.2353,90,municipality,idescat_ep;gencat_housing_sales_2025;gencat_incasol_qww9-bvhh,,2026-08-21T21:48:17Z,0.2.0,,,complete,61.2353,61.2353,100,,official,default,true
171498,Riudaura,19,Garrotxa,2025 (2025S1),526,,,4,7.604563,,25.0638,,0,missing,idescat_ep;gencat_housing_sales_2025;gencat_incasol_qww9-bvhh,,2026-08-21T21:48:17Z,0.2.0,missing_dependency,,engineering_pending,0,100,0,,official,default,false
171501,Riudellots de la Selva,34,Selva,2025 (2025S1),2121,11,5.186233,24,11.315417,1.9828,44.5578,19.0128,90,municipality,idescat_ep;gencat_housing_sales_2025;gencat_incasol_qww9-bvhh,,2026-08-21T21:48:17Z,0.2.0,,,complete,19.0128,19.0128,100,,official,default,true
171518,Riumors,02,Alt Empordà,2025 (2025S1),258,,,1,3.875969,,5.4765,,0,missing,idescat_ep;gencat_housing_sales_2025;gencat_incasol_qww9-bvhh,,2026-08-21T21:48:17Z,0.2.0,missing_dependency,,engineering_pending,0,100,0,,official,default,false
171523,Roses,02,Alt Empordà,2025 (2025S1),20175,958,47.484511,308,15.266419,100,65.3134,86.1254,90,municipality,idescat_ep;gencat_housing_sales_2025;gencat_incasol_qww9-bvhh,,2026-08-21T21:48:17Z,0.2.0,,,complete,86.1254,86.1254,100,,official,default,true
171539,Rupià,10,Baix Empordà,2025 (2025S1),323,,,6,18.575851,,82.6986,,0,missing,idescat_ep;gencat_housing_sales_2025;gencat_incasol_qww9-bvhh,,2026-08-21T21:48:17Z,0.2.0,missing_dependency,,engineering_pending,0,100,0,,official,default,false
171544,Sales de Llierca,19,Garrotxa,2025 (2025S1),164,,,,,,,,0,missing,idescat_ep;gencat_housing_sales_2025;gencat_incasol_qww9-bvhh,,2026-08-21T21:48:17Z,0.2.0,missing_dependency,,engineering_pending,0,100,0,,official,default,false
171557,Salt,20,Gironès,2025 (2025S1),34603,382,11.039505,306,8.843164,31.3317,31.5704,31.4272,90,municipality,idescat_ep;gencat_housing_sales_2025;gencat_incasol_qww9-bvhh,,2026-08-21T21:48:17Z,0.2.0,,,complete,31.4272,31.4272,100,,official,default,true
171576,Sant Andreu Salou,20,Gironès,2025 (2025S1),163,,,,,,,,0,missing,idescat_ep;gencat_housing_sales_2025;gencat_incasol_qww9-bvhh,,2026-08-21T21:48:17Z,0.2.0,missing_dependency,,engineering_pending,0,100,0,,official,default,false
171582,Sant Climent Sescebes,02,Alt Empordà,2025 (2025S1),691,,,8,11.577424,,45.9342,,0,missing,idescat_ep;gencat_housing_sales_2025;gencat_incasol_qww9-bvhh,,2026-08-21T21:48:17Z,0.2.0,missing_dependency,,engineering_pending,0,100,0,,official,default,false
171595,Sant Feliu de Buixalleu,34,Selva,2025 (2025S1),883,,,3,3.397508,,2.9631,,0,missing,idescat_ep;gencat_housing_sales_2025;gencat_incasol_qww9-bvhh,,2026-08-21T21:48:17Z,0.2.0,missing_dependency,,engineering_pending,0,100,0,,official,default,false
171609,Sant Feliu de Guíxols,10,Baix Empordà,2025 (2025S1),23060,322,13.963573,293,12.705984,45.9933,51.8628,48.3411,90,municipality,idescat_ep;gencat_housing_sales_2025;gencat_incasol_qww9-bvhh,,2026-08-21T21:48:17Z,0.2.0,,,complete,48.3411,48.3411,100,,official,default,true
171616,Sant Feliu de Pallerols,19,Garrotxa,2025 (2025S1),1658,,,28,16.887817,,73.831,,0,missing,idescat_ep;gencat_housing_sales_2025;gencat_incasol_qww9-bvhh,,2026-08-21T21:48:17Z,0.2.0,missing_dependency,,engineering_pending,0,100,0,,official,default,false
171621,Sant Ferriol,19,Garrotxa,2025 (2025S1),248,,,,,,,,0,missing,idescat_ep;gencat_housing_sales_2025;gencat_incasol_qww9-bvhh,,2026-08-21T21:48:17Z,0.2.0,missing_dependency,,engineering_pending,0,100,0,,official,default,false
171637,Sant Gregori,20,Gironès,2025 (2025S1),4187,8,1.910676,33,7.881538,0,26.5188,10.6075,90,municipality,idescat_ep;gencat_housing_sales_2025;gencat_incasol_qww9-bvhh,,2026-08-21T21:48:17Z,0.2.0,,,complete,10.6075,10.6075,100,,official,default,true
171642,Sant Hilari Sacalm,34,Selva,2025 (2025S1),6071,70,11.530226,87,14.330423,33.7922,60.3963,44.4338,90,municipality,idescat_ep;gencat_housing_sales_2025;gencat_incasol_qww9-bvhh,,2026-08-21T21:48:17Z,0.2.0,,,complete,44.4338,44.4338,100,,official,default,true
171655,Sant Jaume de Llierca,19,Garrotxa,2025 (2025S1),861,,,7,8.130081,,27.8244,,0,missing,idescat_ep;gencat_housing_sales_2025;gencat_incasol_qww9-bvhh,,2026-08-21T21:48:17Z,0.2.0,missing_dependency,,engineering_pending,0,100,0,,official,default,false
171668,Sant Jordi Desvalls,20,Gironès,2025 (2025S1),881,,,19,21.566402,,98.4087,,0,missing,idescat_ep;gencat_housing_sales_2025;gencat_incasol_qww9-bvhh,,2026-08-21T21:48:17Z,0.2.0,missing_dependency,,engineering_pending,0,100,0,,official,default,false
171674,Sant Joan de les Abadesses,31,Ripollès,2025 (2025S1),3393,31,9.136457,63,18.567639,21.7896,82.6555,46.136,90,municipality,idescat_ep;gencat_housing_sales_2025;gencat_incasol_qww9-bvhh,,2026-08-21T21:48:17Z,0.2.0,,,complete,46.136,46.136,100,,official,default,true
171680,Sant Joan de Mollet,20,Gironès,2025 (2025S1),536,,,11,20.522388,,92.9243,,0,missing,idescat_ep;gencat_housing_sales_2025;gencat_incasol_qww9-bvhh,,2026-08-21T21:48:17Z,0.2.0,missing_dependency,,engineering_pending,0,100,0,,official,default,false
171693,Sant Julià de Ramis,20,Gironès,2025 (2025S1),3702,15,4.051864,22,5.942734,0,16.3338,6.5335,90,municipality,idescat_ep;gencat_housing_sales_2025;gencat_incasol_qww9-bvhh,,2026-08-21T21:48:17Z,0.2.0,,,complete,6.5335,6.5335,100,,official,default,true
171707,Vallfogona de Ripollès,31,Ripollès,2025 (2025S1),223,,,3,13.452915,,55.7866,,0,missing,idescat_ep;gencat_housing_sales_2025;gencat_incasol_qww9-bvhh,,2026-08-21T21:48:17Z,0.2.0,missing_dependency,,engineering_pending,0,100,0,,official,default,false
171714,Sant Llorenç de la Muga,02,Alt Empordà,2025 (2025S1),247,,,8,32.388664,,100,,0,missing,idescat_ep;gencat_housing_sales_2025;gencat_incasol_qww9-bvhh,,2026-08-21T21:48:17Z,0.2.0,missing_dependency,,engineering_pending,0,100,0,,official,default,false
171729,Sant Martí de Llémena,20,Gironès,2025 (2025S1),727,,,4,5.502063,,14.0188,,0,missing,idescat_ep;gencat_housing_sales_2025;gencat_incasol_qww9-bvhh,,2026-08-21T21:48:17Z,0.2.0,missing_dependency,,engineering_pending,0,100,0,,official,default,false
171735,Sant Martí Vell,20,Gironès,2025 (2025S1),270,,,,,,,,0,missing,idescat_ep;gencat_housing_sales_2025;gencat_incasol_qww9-bvhh,,2026-08-21T21:48:17Z,0.2.0,missing_dependency,,engineering_pending,0,100,0,,official,default,false
171740,Sant Miquel de Campmajor,28,Pla de l'Estany,2025 (2025S1),257,,,,,,,,0,missing,idescat_ep;gencat_housing_sales_2025;gencat_incasol_qww9-bvhh,,2026-08-21T21:48:17Z,0.2.0,missing_dependency,,engineering_pending,0,100,0,,official,default,false
171753,Sant Miquel de Fluvià,02,Alt Empordà,2025 (2025S1),858,,,3,3.496503,,3.4831,,0,missing,idescat_ep;gencat_housing_sales_2025;gencat_incasol_qww9-bvhh,,2026-08-21T21:48:17Z,0.2.0,missing_dependency,,engineering_pending,0,100,0,,official,default,false
171766,Sant Mori,02,Alt Empordà,2025 (2025S1),167,,,5,29.94012,,100,,0,missing,idescat_ep;gencat_housing_sales_2025;gencat_incasol_qww9-bvhh,,2026-08-21T21:48:17Z,0.2.0,missing_dependency,,engineering_pending,0,100,0,,official,default,false
171772,Sant Pau de Segúries,31,Ripollès,2025 (2025S1),719,,,12,16.689847,,72.791,,0,missing,idescat_ep;gencat_housing_sales_2025;gencat_incasol_qww9-bvhh,,2026-08-21T21:48:17Z,0.2.0,missing_dependency,,engineering_pending,0,100,0,,official,default,false
171788,Sant Pere Pescador,02,Alt Empordà,2025 (2025S1),2285,38,16.630197,25,10.940919,59.364,42.5904,52.6546,90,municipality,idescat_ep;gencat_housing_sales_2025;gencat_incasol_qww9-bvhh,,2026-08-21T21:48:17Z,0.2.0,,,complete,52.6546,52.6546,100,,official,default,true
171805,Santa Coloma de Farners,34,Selva,2025 (2025S1),14218,142,9.98734,181,12.730342,26.056,51.9907,36.4299,90,municipality,idescat_ep;gencat_housing_sales_2025;gencat_incasol_qww9-bvhh,,2026-08-21T21:48:17Z,0.2.0,,,complete,36.4299,36.4299,100,,official,default,true
171812,Santa Cristina d'Aro,10,Baix Empordà,2025 (2025S1),5972,121,20.261219,42,7.03282,77.5703,22.0602,55.3663,90,municipality,idescat_ep;gencat_housing_sales_2025;gencat_incasol_qww9-bvhh,,2026-08-21T21:48:17Z,0.2.0,,,complete,55.3663,55.3663,100,,official,default,true
171827,Santa Llogaia d'Àlguema,02,Alt Empordà,2025 (2025S1),400,,,3,7.5,,24.5145,,0,missing,idescat_ep;gencat_housing_sales_2025;gencat_incasol_qww9-bvhh,,2026-08-21T21:48:17Z,0.2.0,missing_dependency,,engineering_pending,0,100,0,,official,default,false
171833,Sant Aniol de Finestres,19,Garrotxa,2025 (2025S1),381,,,2,5.249344,,12.6912,,0,missing,idescat_ep;gencat_housing_sales_2025;gencat_incasol_qww9-bvhh,,2026-08-21T21:48:17Z,0.2.0,missing_dependency,,engineering_pending,0,100,0,,official,default,false
171848,Santa Pau,19,Garrotxa,2025 (2025S1),1578,,,6,3.802281,,5.0894,,0,missing,idescat_ep;gencat_housing_sales_2025;gencat_incasol_qww9-bvhh,,2026-08-21T21:48:17Z,0.2.0,missing_dependency,,engineering_pending,0,100,0,,official,default,false
171851,Sant Joan les Fonts,19,Garrotxa,2025 (2025S1),3159,27,8.547009,26,8.230453,18.834,28.3517,22.6411,90,municipality,idescat_ep;gencat_housing_sales_2025;gencat_incasol_qww9-bvhh,,2026-08-21T21:48:17Z,0.2.0,,,complete,22.6411,22.6411,100,,official,default,true
171864,Sarrià de Ter,20,Gironès,2025 (2025S1),5404,34,6.291636,56,10.362694,7.5254,39.5529,20.3364,90,municipality,idescat_ep;gencat_housing_sales_2025;gencat_incasol_qww9-bvhh,,2026-08-21T21:48:17Z,0.2.0,,,complete,20.3364,20.3364,100,,official,default,true
171870,"Saus, Camallera i Llampaies",02,Alt Empordà,2025 (2025S1),908,,,9,9.911894,,37.1847,,0,missing,idescat_ep;gencat_housing_sales_2025;gencat_incasol_qww9-bvhh,,2026-08-21T21:48:17Z,0.2.0,missing_dependency,,engineering_pending,0,100,0,,official,default,false
171886,la Selva de Mar,02,Alt Empordà,2025 (2025S1),223,,,2,8.96861,,32.2294,,0,missing,idescat_ep;gencat_housing_sales_2025;gencat_incasol_qww9-bvhh,,2026-08-21T21:48:17Z,0.2.0,missing_dependency,,engineering_pending,0,100,0,,official,default,false
171899,la Cellera de Ter,34,Selva,2025 (2025S1),2033,14,6.886375,18,8.85391,10.5074,31.6269,18.9552,90,municipality,idescat_ep;gencat_housing_sales_2025;gencat_incasol_qww9-bvhh,,2026-08-21T21:48:17Z,0.2.0,,,complete,18.9552,18.9552,100,,official,default,true
171903,Serinyà,28,Pla de l'Estany,2025 (2025S1),1227,,,15,12.224939,,49.3357,,0,missing,idescat_ep;gencat_housing_sales_2025;gencat_incasol_qww9-bvhh,,2026-08-21T21:48:17Z,0.2.0,missing_dependency,,engineering_pending,0,100,0,,official,default,false
171910,Serra de Daró,10,Baix Empordà,2025 (2025S1),241,,,1,4.149378,,6.9128,,0,missing,idescat_ep;gencat_housing_sales_2025;gencat_incasol_qww9-bvhh,,2026-08-21T21:48:17Z,0.2.0,missing_dependency,,engineering_pending,0,100,0,,official,default,false
171925,Setcases,31,Ripollès,2025 (2025S1),196,,,,,,,,0,missing,idescat_ep;gencat_housing_sales_2025;gencat_incasol_qww9-bvhh,,2026-08-21T21:48:17Z,0.2.0,missing_dependency,,engineering_pending,0,100,0,,official,default,false
171931,Sils,34,Selva,2025 (2025S1),6924,85,12.276141,58,8.376661,37.5323,29.1198,34.1673,90,municipality,idescat_ep;gencat_housing_sales_2025;gencat_incasol_qww9-bvhh,,2026-08-21T21:48:17Z,0.2.0,,,complete,34.1673,34.1673,100,,official,default,true
171946,Susqueda,34,Selva,2025 (2025S1),103,,,2,19.417476,,87.1199,,0,missing,idescat_ep;gencat_housing_sales_2025;gencat_incasol_qww9-bvhh,,2026-08-21T21:48:17Z,0.2.0,missing_dependency,,engineering_pending,0,100,0,,official,default,false
171959,la Tallada d'Empordà,10,Baix Empordà,2025 (2025S1),485,,,4,8.247423,,28.4409,,0,missing,idescat_ep;gencat_housing_sales_2025;gencat_incasol_qww9-bvhh,,2026-08-21T21:48:17Z,0.2.0,missing_dependency,,engineering_pending,0,100,0,,official,default,false
171962,Terrades,02,Alt Empordà,2025 (2025S1),337,,,2,5.934718,,16.2916,,0,missing,idescat_ep;gencat_housing_sales_2025;gencat_incasol_qww9-bvhh,,2026-08-21T21:48:17Z,0.2.0,missing_dependency,,engineering_pending,0,100,0,,official,default,false
171978,Torrent,10,Baix Empordà,2025 (2025S1),181,,,1,5.524862,,14.1386,,0,missing,idescat_ep;gencat_housing_sales_2025;gencat_incasol_qww9-bvhh,,2026-08-21T21:48:17Z,0.2.0,missing_dependency,,engineering_pending,0,100,0,,official,default,false
171984,Torroella de Fluvià,02,Alt Empordà,2025 (2025S1),774,,,13,16.795866,,73.3479,,0,missing,idescat_ep;gencat_housing_sales_2025;gencat_incasol_qww9-bvhh,,2026-08-21T21:48:17Z,0.2.0,missing_dependency,,engineering_pending,0,100,0,,official,default,false
171997,Torroella de Montgrí,10,Baix Empordà,2025 (2025S1),12507,279,22.307508,153,12.233149,87.8306,49.3789,72.4499,90,municipality,idescat_ep;gencat_housing_sales_2025;gencat_incasol_qww9-bvhh,,2026-08-21T21:48:17Z,0.2.0,,,complete,72.4499,72.4499,100,,official,default,true
172001,Tortellà,19,Garrotxa,2025 (2025S1),848,,,10,11.792453,,47.0638,,0,missing,idescat_ep;gencat_housing_sales_2025;gencat_incasol_qww9-bvhh,,2026-08-21T21:48:17Z,0.2.0,missing_dependency,,engineering_pending,0,100,0,,official,default,false
172018,Toses,31,Ripollès,2025 (2025S1),198,,,3,15.151515,,64.7097,,0,missing,idescat_ep;gencat_housing_sales_2025;gencat_incasol_qww9-bvhh,,2026-08-21T21:48:17Z,0.2.0,missing_dependency,,engineering_pending,0,100,0,,official,default,false
172023,Tossa de Mar,34,Selva,2025 (2025S1),6293,178,28.285396,84,13.348165,100,55.2363,82.0945,90,municipality,idescat_ep;gencat_housing_sales_2025;gencat_incasol_qww9-bvhh,,2026-08-21T21:48:17Z,0.2.0,,,complete,82.0945,82.0945,100,,official,default,true
172039,Ultramort,10,Baix Empordà,2025 (2025S1),218,,,6,27.522936,,100,,0,missing,idescat_ep;gencat_housing_sales_2025;gencat_incasol_qww9-bvhh,,2026-08-21T21:48:17Z,0.2.0,missing_dependency,,engineering_pending,0,100,0,,official,default,false
172044,Ullà,10,Baix Empordà,2025 (2025S1),1256,,,8,6.369427,,18.5753,,0,missing,idescat_ep;gencat_housing_sales_2025;gencat_incasol_qww9-bvhh,,2026-08-21T21:48:17Z,0.2.0,missing_dependency,,engineering_pending,0,100,0,,official,default,false
172057,Ullastret,10,Baix Empordà,2025 (2025S1),252,,,6,23.809524,,100,,0,missing,idescat_ep;gencat_housing_sales_2025;gencat_incasol_qww9-bvhh,,2026-08-21T21:48:17Z,0.2.0,missing_dependency,,engineering_pending,0,100,0,,official,default,false
172060,Urús,15,Cerdanya,2025 (2025S1),201,,,1,4.975124,,11.2507,,0,missing,idescat_ep;gencat_housing_sales_2025;gencat_incasol_qww9-bvhh,,2026-08-21T21:48:17Z,0.2.0,missing_dependency,,engineering_pending,0,100,0,,official,default,false
172076,la Vall d'en Bas,19,Garrotxa,2025 (2025S1),3265,14,4.287902,34,10.413476,0,39.8197,15.9279,90,municipality,idescat_ep;gencat_housing_sales_2025;gencat_incasol_qww9-bvhh,,2026-08-21T21:48:17Z,0.2.0,,,complete,15.9279,15.9279,100,,official,default,true
172082,la Vall de Bianya,19,Garrotxa,2025 (2025S1),1342,,,15,11.177347,,43.8325,,0,missing,idescat_ep;gencat_housing_sales_2025;gencat_incasol_qww9-bvhh,,2026-08-21T21:48:17Z,0.2.0,missing_dependency,,engineering_pending,0,100,0,,official,default,false
172095,Vall-llobrega,10,Baix Empordà,2025 (2025S1),902,,,5,5.543237,,14.2351,,0,missing,idescat_ep;gencat_housing_sales_2025;gencat_incasol_qww9-bvhh,,2026-08-21T21:48:17Z,0.2.0,missing_dependency,,engineering_pending,0,100,0,,official,default,false
172109,Ventalló,02,Alt Empordà,2025 (2025S1),922,,,13,14.099783,,59.1847,,0,missing,idescat_ep;gencat_housing_sales_2025;gencat_incasol_qww9-bvhh,,2026-08-21T21:48:17Z,0.2.0,missing_dependency,,engineering_pending,0,100,0,,official,default,false
172116,Verges,10,Baix Empordà,2025 (2025S1),1160,,,29,25,,100,,0,missing,idescat_ep;gencat_housing_sales_2025;gencat_incasol_qww9-bvhh,,2026-08-21T21:48:17Z,0.2.0,missing_dependency,,engineering_pending,0,100,0,,official,default,false
172121,Vidrà,24,Osona,2025 (2025S1),167,,,3,17.964072,,79.4848,,0,missing,idescat_ep;gencat_housing_sales_2025;gencat_incasol_qww9-bvhh,,2026-08-21T21:48:17Z,0.2.0,missing_dependency,,engineering_pending,0,100,0,,official,default,false
172137,Vidreres,34,Selva,2025 (2025S1),8852,103,11.635789,48,5.422503,34.3215,13.6009,26.0333,90,municipality,idescat_ep;gencat_housing_sales_2025;gencat_incasol_qww9-bvhh,,2026-08-21T21:48:17Z,0.2.0,,,complete,26.0333,26.0333,100,,official,default,true
172142,Vilabertran,02,Alt Empordà,2025 (2025S1),962,,,7,7.276507,,23.3404,,0,missing,idescat_ep;gencat_housing_sales_2025;gencat_incasol_qww9-bvhh,,2026-08-21T21:48:17Z,0.2.0,missing_dependency,,engineering_pending,0,100,0,,official,default,false
172155,Vilablareix,20,Gironès,2025 (2025S1),4079,13,3.187056,42,10.296641,0,39.2059,15.6824,90,municipality,idescat_ep;gencat_housing_sales_2025;gencat_incasol_qww9-bvhh,,2026-08-21T21:48:17Z,0.2.0,,,complete,15.6824,15.6824,100,,official,default,true
172168,Viladasens,20,Gironès,2025 (2025S1),205,,,2,9.756098,,36.3663,,0,missing,idescat_ep;gencat_housing_sales_2025;gencat_incasol_qww9-bvhh,,2026-08-21T21:48:17Z,0.2.0,missing_dependency,,engineering_pending,0,100,0,,official,default,false
172174,Viladamat,02,Alt Empordà,2025 (2025S1),499,,,5,10.02004,,37.7528,,0,missing,idescat_ep;gencat_housing_sales_2025;gencat_incasol_qww9-bvhh,,2026-08-21T21:48:17Z,0.2.0,missing_dependency,,engineering_pending,0,100,0,,official,default,false
172180,Vilademuls,28,Pla de l'Estany,2025 (2025S1),898,,,7,7.7951,,26.0647,,0,missing,idescat_ep;gencat_housing_sales_2025;gencat_incasol_qww9-bvhh,,2026-08-21T21:48:17Z,0.2.0,missing_dependency,,engineering_pending,0,100,0,,official,default,false
172207,Viladrau,24,Osona,2025 (2025S1),1182,,,23,19.458545,,87.3356,,0,missing,idescat_ep;gencat_housing_sales_2025;gencat_incasol_qww9-bvhh,,2026-08-21T21:48:17Z,0.2.0,missing_dependency,,engineering_pending,0,100,0,,official,default,false
172214,Vilafant,02,Alt Empordà,2025 (2025S1),5664,26,4.590395,34,6.002825,0,16.6494,6.6598,90,municipality,idescat_ep;gencat_housing_sales_2025;gencat_incasol_qww9-bvhh,,2026-08-21T21:48:17Z,0.2.0,,,complete,6.6598,6.6598,100,,official,default,true
172229,Vilaür,02,Alt Empordà,2025 (2025S1),163,,,2,12.269939,,49.5721,,0,missing,idescat_ep;gencat_housing_sales_2025;gencat_incasol_qww9-bvhh,,2026-08-21T21:48:17Z,0.2.0,missing_dependency,,engineering_pending,0,100,0,,official,default,false
172235,Vilajuïga,02,Alt Empordà,2025 (2025S1),1180,,,11,9.322034,,34.086,,0,missing,idescat_ep;gencat_housing_sales_2025;gencat_incasol_qww9-bvhh,,2026-08-21T21:48:17Z,0.2.0,missing_dependency,,engineering_pending,0,100,0,,official,default,false
172240,Vilallonga de Ter,31,Ripollès,2025 (2025S1),396,,,7,17.676768,,77.9755,,0,missing,idescat_ep;gencat_housing_sales_2025;gencat_incasol_qww9-bvhh,,2026-08-21T21:48:17Z,0.2.0,missing_dependency,,engineering_pending,0,100,0,,official,default,false
172253,Vilamacolum,02,Alt Empordà,2025 (2025S1),401,,,4,9.975062,,37.5166,,0,missing,idescat_ep;gencat_housing_sales_2025;gencat_incasol_qww9-bvhh,,2026-08-21T21:48:17Z,0.2.0,missing_dependency,,engineering_pending,0,100,0,,official,default,false
172266,Vilamalla,02,Alt Empordà,2025 (2025S1),1202,,,6,4.991681,,11.3376,,0,missing,idescat_ep;gencat_housing_sales_2025;gencat_incasol_qww9-bvhh,,2026-08-21T21:48:17Z,0.2.0,missing_dependency,,engineering_pending,0,100,0,,official,default,false
172272,Vilamaniscle,02,Alt Empordà,2025 (2025S1),185,,,2,10.810811,,41.907,,0,missing,idescat_ep;gencat_housing_sales_2025;gencat_incasol_qww9-bvhh,,2026-08-21T21:48:17Z,0.2.0,missing_dependency,,engineering_pending,0,100,0,,official,default,false
172288,Vilanant,02,Alt Empordà,2025 (2025S1),405,,,4,9.876543,,36.999,,0,missing,idescat_ep;gencat_housing_sales_2025;gencat_incasol_qww9-bvhh,,2026-08-21T21:48:17Z,0.2.0,missing_dependency,,engineering_pending,0,100,0,,official,default,false
172305,Vila-sacra,02,Alt Empordà,2025 (2025S1),879,,,7,7.963595,,26.9498,,0,missing,idescat_ep;gencat_housing_sales_2025;gencat_incasol_qww9-bvhh,,2026-08-21T21:48:17Z,0.2.0,missing_dependency,,engineering_pending,0,100,0,,official,default,false
172327,Vilopriu,10,Baix Empordà,2025 (2025S1),220,,,6,27.272727,,100,,0,missing,idescat_ep;gencat_housing_sales_2025;gencat_incasol_qww9-bvhh,,2026-08-21T21:48:17Z,0.2.0,missing_dependency,,engineering_pending,0,100,0,,official,default,false
172333,Vilobí d'Onyar,34,Selva,2025 (2025S1),3298,25,7.580352,41,12.431777,13.9871,50.4223,28.5612,90,municipality,idescat_ep;gencat_housing_sales_2025;gencat_incasol_qww9-bvhh,,2026-08-21T21:48:17Z,0.2.0,,,complete,28.5612,28.5612,100,,official,default,true
172348,Biure,02,Alt Empordà,2025 (2025S1),227,,,1,4.405286,,8.2572,,0,missing,idescat_ep;gencat_housing_sales_2025;gencat_incasol_qww9-bvhh,,2026-08-21T21:48:17Z,0.2.0,missing_dependency,,engineering_pending,0,100,0,,official,default,false
179011,"Cruïlles, Monells i Sant Sadurní de l'Heura",10,Baix Empordà,2025 (2025S1),1347,,,7,5.196733,,12.4148,,0,missing,idescat_ep;gencat_housing_sales_2025;gencat_incasol_qww9-bvhh,,2026-08-21T21:48:17Z,0.2.0,missing_dependency,,engineering_pending,0,100,0,,official,default,false
179026,Forallac,10,Baix Empordà,2025 (2025S1),1786,,,19,10.638298,,41.0007,,0,missing,idescat_ep;gencat_housing_sales_2025;gencat_incasol_qww9-bvhh,,2026-08-21T21:48:17Z,0.2.0,missing_dependency,,engineering_pending,0,100,0,,official,default,false
179032,Sant Julià del Llor i Bonmatí,34,Selva,2025 (2025S1),1462,,,24,16.415869,,71.3517,,0,missing,idescat_ep;gencat_housing_sales_2025;gencat_incasol_qww9-bvhh,,2026-08-21T21:48:17Z,0.2.0,missing_dependency,,engineering_pending,0,100,0,,official,default,false
250019,Abella de la Conca,25,Pallars Jussà,2025 (2025S1),162,,,,,,,,0,missing,idescat_ep;gencat_housing_sales_2025;gencat_incasol_qww9-bvhh,,2026-08-21T21:48:17Z,0.2.0,missing_dependency,,engineering_pending,0,100,0,,official,default,false
250024,Àger,23,Noguera,2025 (2025S1),635,,,7,11.023622,,43.0249,,0,missing,idescat_ep;gencat_housing_sales_2025;gencat_incasol_qww9-bvhh,,2026-08-21T21:48:17Z,0.2.0,missing_dependency,,engineering_pending,0,100,0,,official,default,false
250030,Agramunt,38,Urgell,2025 (2025S1),5638,67,11.883647,104,18.446258,35.5643,82.0178,54.1457,90,municipality,idescat_ep;gencat_housing_sales_2025;gencat_incasol_qww9-bvhh,,2026-08-21T21:48:17Z,0.2.0,,,complete,54.1457,54.1457,100,,official,default,true
250045,els Alamús,33,Segrià,2025 (2025S1),837,,,8,9.557945,,35.3253,,0,missing,idescat_ep;gencat_housing_sales_2025;gencat_incasol_qww9-bvhh,,2026-08-21T21:48:17Z,0.2.0,missing_dependency,,engineering_pending,0,100,0,,official,default,false
250058,Alàs i Cerc,04,Alt Urgell,2025 (2025S1),320,,,4,12.5,,50.7807,,0,missing,idescat_ep;gencat_housing_sales_2025;gencat_incasol_qww9-bvhh,,2026-08-21T21:48:17Z,0.2.0,missing_dependency,,engineering_pending,0,100,0,,official,default,false
250061,l'Albagés,18,Garrigues,2025 (2025S1),339,,,1,2.949853,,0.6114,,0,missing,idescat_ep;gencat_housing_sales_2025;gencat_incasol_qww9-bvhh,,2026-08-21T21:48:17Z,0.2.0,missing_dependency,,engineering_pending,0,100,0,,official,default,false
250077,Albatàrrec,33,Segrià,2025 (2025S1),2312,51,22.058824,13,5.622837,86.5837,14.6533,57.8115,90,municipality,idescat_ep;gencat_housing_sales_2025;gencat_incasol_qww9-bvhh,,2026-08-21T21:48:17Z,0.2.0,,,complete,57.8115,57.8115,100,,official,default,true
250083,Albesa,23,Noguera,2025 (2025S1),1582,,,5,3.160556,,1.7183,,0,missing,idescat_ep;gencat_housing_sales_2025;gencat_incasol_qww9-bvhh,,2026-08-21T21:48:17Z,0.2.0,missing_dependency,,engineering_pending,0,100,0,,official,default,false
250096,l'Albi,18,Garrigues,2025 (2025S1),764,,,3,3.926702,,5.743,,0,missing,idescat_ep;gencat_housing_sales_2025;gencat_incasol_qww9-bvhh,,2026-08-21T21:48:17Z,0.2.0,missing_dependency,,engineering_pending,0,100,0,,official,default,false
250100,Alcanó,33,Segrià,2025 (2025S1),247,,,,,,,,0,missing,idescat_ep;gencat_housing_sales_2025;gencat_incasol_qww9-bvhh,,2026-08-21T21:48:17Z,0.2.0,missing_dependency,,engineering_pending,0,100,0,,official,default,false
250117,Alcarràs,33,Segrià,2025 (2025S1),10556,84,7.95756,125,11.841607,15.8785,47.322,28.4559,90,municipality,idescat_ep;gencat_housing_sales_2025;gencat_incasol_qww9-bvhh,,2026-08-21T21:48:17Z,0.2.0,,,complete,28.4559,28.4559,100,,official,default,true
250122,Alcoletge,33,Segrià,2025 (2025S1),3679,26,7.067138,44,11.959772,11.4138,47.9427,26.0254,90,municipality,idescat_ep;gencat_housing_sales_2025;gencat_incasol_qww9-bvhh,,2026-08-21T21:48:17Z,0.2.0,,,complete,26.0254,26.0254,100,,official,default,true
250138,Alfarràs,33,Segrià,2025 (2025S1),2790,18,6.451613,18,6.451613,8.3275,19.007,12.5993,90,municipality,idescat_ep;gencat_housing_sales_2025;gencat_incasol_qww9-bvhh,,2026-08-21T21:48:17Z,0.2.0,,,complete,12.5993,12.5993,100,,official,default,true
250143,Alfés,33,Segrià,2025 (2025S1),284,,,1,3.521127,,3.6125,,0,missing,idescat_ep;gencat_housing_sales_2025;gencat_incasol_qww9-bvhh,,2026-08-21T21:48:17Z,0.2.0,missing_dependency,,engineering_pending,0,100,0,,official,default,false
250156,Algerri,23,Noguera,2025 (2025S1),424,,,,,,,,0,missing,idescat_ep;gencat_housing_sales_2025;gencat_incasol_qww9-bvhh,,2026-08-21T21:48:17Z,0.2.0,missing_dependency,,engineering_pending,0,100,0,,official,default,false
250169,Alguaire,33,Segrià,2025 (2025S1),3057,25,8.177952,29,9.486425,16.9835,34.9496,24.1699,90,municipality,idescat_ep;gencat_housing_sales_2025;gencat_incasol_qww9-bvhh,,2026-08-21T21:48:17Z,0.2.0,,,complete,24.1699,24.1699,100,,official,default,true
250175,Alins,26,Pallars Sobirà,2025 (2025S1),270,,,1,3.703704,,4.5716,,0,missing,idescat_ep;gencat_housing_sales_2025;gencat_incasol_qww9-bvhh,,2026-08-21T21:48:17Z,0.2.0,missing_dependency,,engineering_pending,0,100,0,,official,default,false
250194,Almacelles,33,Segrià,2025 (2025S1),7197,54,7.503126,72,10.004168,13.5999,37.6695,23.2277,90,municipality,idescat_ep;gencat_housing_sales_2025;gencat_incasol_qww9-bvhh,,2026-08-21T21:48:17Z,0.2.0,,,complete,23.2277,23.2277,100,,official,default,true
250208,Almatret,33,Segrià,2025 (2025S1),292,,,1,3.424658,,3.1057,,0,missing,idescat_ep;gencat_housing_sales_2025;gencat_incasol_qww9-bvhh,,2026-08-21T21:48:17Z,0.2.0,missing_dependency,,engineering_pending,0,100,0,,official,default,false
250215,Almenar,33,Segrià,2025 (2025S1),3357,23,6.851355,16,4.76616,10.3319,10.1529,10.2603,90,municipality,idescat_ep;gencat_housing_sales_2025;gencat_incasol_qww9-bvhh,,2026-08-21T21:48:17Z,0.2.0,,,complete,10.2603,10.2603,100,,official,default,true
250220,Alòs de Balaguer,23,Noguera,2025 (2025S1),117,,,3,25.641026,,100,,0,missing,idescat_ep;gencat_housing_sales_2025;gencat_incasol_qww9-bvhh,,2026-08-21T21:48:17Z,0.2.0,missing_dependency,,engineering_pending,0,100,0,,official,default,false
250236,Alpicat,33,Segrià,2025 (2025S1),6556,61,9.304454,31,4.728493,22.6319,9.9551,17.5612,90,municipality,idescat_ep;gencat_housing_sales_2025;gencat_incasol_qww9-bvhh,,2026-08-21T21:48:17Z,0.2.0,,,complete,17.5612,17.5612,100,,official,default,true
250241,Alt Àneu,26,Pallars Sobirà,2025 (2025S1),456,,,3,6.578947,,19.6759,,0,missing,idescat_ep;gencat_housing_sales_2025;gencat_incasol_qww9-bvhh,,2026-08-21T21:48:17Z,0.2.0,missing_dependency,,engineering_pending,0,100,0,,official,default,false
250254,Naut Aran,39,Val d'Aran,2025 (2025S1),1893,,,9,4.754358,,10.0909,,0,missing,idescat_ep;gencat_housing_sales_2025;gencat_incasol_qww9-bvhh,,2026-08-21T21:48:17Z,0.2.0,missing_dependency,,engineering_pending,0,100,0,,official,default,false
250273,Anglesola,38,Urgell,2025 (2025S1),1395,,,14,10.035842,,37.8359,,0,missing,idescat_ep;gencat_housing_sales_2025;gencat_incasol_qww9-bvhh,,2026-08-21T21:48:17Z,0.2.0,missing_dependency,,engineering_pending,0,100,0,,official,default,false
250292,Arbeca,18,Garrigues,2025 (2025S1),2166,26,12.003693,12,5.540166,36.1662,14.219,27.3873,90,municipality,idescat_ep;gencat_housing_sales_2025;gencat_incasol_qww9-bvhh,,2026-08-21T21:48:17Z,0.2.0,,,complete,27.3873,27.3873,100,,official,default,true
250306,el Pont de Bar,04,Alt Urgell,2025 (2025S1),167,,,1,5.988024,,16.5717,,0,missing,idescat_ep;gencat_housing_sales_2025;gencat_incasol_qww9-bvhh,,2026-08-21T21:48:17Z,0.2.0,missing_dependency,,engineering_pending,0,100,0,,official,default,false
250313,Arres,39,Val d'Aran,2025 (2025S1),58,,,,,,,,0,missing,idescat_ep;gencat_housing_sales_2025;gencat_incasol_qww9-bvhh,,2026-08-21T21:48:17Z,0.2.0,missing_dependency,,engineering_pending,0,100,0,,official,default,false
250328,Arsèguel,04,Alt Urgell,2025 (2025S1),85,,,1,11.764706,,46.918,,0,missing,idescat_ep;gencat_housing_sales_2025;gencat_incasol_qww9-bvhh,,2026-08-21T21:48:17Z,0.2.0,missing_dependency,,engineering_pending,0,100,0,,official,default,false
250334,Artesa de Lleida,33,Segrià,2025 (2025S1),1545,,,8,5.177994,,12.3164,,0,missing,idescat_ep;gencat_housing_sales_2025;gencat_incasol_qww9-bvhh,,2026-08-21T21:48:17Z,0.2.0,missing_dependency,,engineering_pending,0,100,0,,official,default,false
250349,Artesa de Segre,23,Noguera,2025 (2025S1),3594,37,10.294936,85,23.650529,27.5983,100,56.559,90,municipality,idescat_ep;gencat_housing_sales_2025;gencat_incasol_qww9-bvhh,,2026-08-21T21:48:17Z,0.2.0,,,complete,56.559,56.559,100,,official,default,true
250352,la Sentiu de Sió,23,Noguera,2025 (2025S1),448,,,2,4.464286,,8.5671,,0,missing,idescat_ep;gencat_housing_sales_2025;gencat_incasol_qww9-bvhh,,2026-08-21T21:48:17Z,0.2.0,missing_dependency,,engineering_pending,0,100,0,,official,default,false
250365,Aspa,33,Segrià,2025 (2025S1),232,,,1,4.310345,,7.7584,,0,missing,idescat_ep;gencat_housing_sales_2025;gencat_incasol_qww9-bvhh,,2026-08-21T21:48:17Z,0.2.0,missing_dependency,,engineering_pending,0,100,0,,official,default,false
250371,les Avellanes i Santa Linya,23,Noguera,2025 (2025S1),434,,,2,4.608295,,9.3236,,0,missing,idescat_ep;gencat_housing_sales_2025;gencat_incasol_qww9-bvhh,,2026-08-21T21:48:17Z,0.2.0,missing_dependency,,engineering_pending,0,100,0,,official,default,false
250387,Aitona,33,Segrià,2025 (2025S1),2575,15,5.825243,19,7.378641,5.1868,23.8769,12.6628,90,municipality,idescat_ep;gencat_housing_sales_2025;gencat_incasol_qww9-bvhh,,2026-08-21T21:48:17Z,0.2.0,,,complete,12.6628,12.6628,100,,official,default,true
250390,Baix Pallars,26,Pallars Sobirà,2025 (2025S1),350,,,9,25.714286,,100,,0,missing,idescat_ep;gencat_housing_sales_2025;gencat_incasol_qww9-bvhh,,2026-08-21T21:48:17Z,0.2.0,missing_dependency,,engineering_pending,0,100,0,,official,default,false
250404,Balaguer,23,Noguera,2025 (2025S1),17667,270,15.282731,270,15.282731,52.6076,65.399,57.7242,90,municipality,idescat_ep;gencat_housing_sales_2025;gencat_incasol_qww9-bvhh,,2026-08-21T21:48:17Z,0.2.0,,,complete,57.7242,57.7242,100,,official,default,true
250411,Barbens,27,Pla d'Urgell,2025 (2025S1),910,,,5,5.494505,,13.9791,,0,missing,idescat_ep;gencat_housing_sales_2025;gencat_incasol_qww9-bvhh,,2026-08-21T21:48:17Z,0.2.0,missing_dependency,,engineering_pending,0,100,0,,official,default,false
250426,la Baronia de Rialb,23,Noguera,2025 (2025S1),216,,,1,4.62963,,9.4357,,0,missing,idescat_ep;gencat_housing_sales_2025;gencat_incasol_qww9-bvhh,,2026-08-21T21:48:17Z,0.2.0,missing_dependency,,engineering_pending,0,100,0,,official,default,false
250432,la Vall de Boí,05,Alta Ribagorça,2025 (2025S1),1129,,,15,13.286094,,54.9102,,0,missing,idescat_ep;gencat_housing_sales_2025;gencat_incasol_qww9-bvhh,,2026-08-21T21:48:17Z,0.2.0,missing_dependency,,engineering_pending,0,100,0,,official,default,false
250447,Bassella,04,Alt Urgell,2025 (2025S1),215,,,2,9.302326,,33.9825,,0,missing,idescat_ep;gencat_housing_sales_2025;gencat_incasol_qww9-bvhh,,2026-08-21T21:48:17Z,0.2.0,missing_dependency,,engineering_pending,0,100,0,,official,default,false
250450,Bausen,39,Val d'Aran,2025 (2025S1),62,,,,,,,,0,missing,idescat_ep;gencat_housing_sales_2025;gencat_incasol_qww9-bvhh,,2026-08-21T21:48:17Z,0.2.0,missing_dependency,,engineering_pending,0,100,0,,official,default,false
250463,Belianes,38,Urgell,2025 (2025S1),512,,,4,7.8125,,26.1561,,0,missing,idescat_ep;gencat_housing_sales_2025;gencat_incasol_qww9-bvhh,,2026-08-21T21:48:17Z,0.2.0,missing_dependency,,engineering_pending,0,100,0,,official,default,false
250479,Bellcaire d'Urgell,23,Noguera,2025 (2025S1),1272,,,11,8.647799,,30.5441,,0,missing,idescat_ep;gencat_housing_sales_2025;gencat_incasol_qww9-bvhh,,2026-08-21T21:48:17Z,0.2.0,missing_dependency,,engineering_pending,0,100,0,,official,default,false
250485,Bell-lloc d'Urgell,27,Pla d'Urgell,2025 (2025S1),2359,41,17.380246,22,9.325986,63.1248,34.1068,51.5176,90,municipality,idescat_ep;gencat_housing_sales_2025;gencat_incasol_qww9-bvhh,,2026-08-21T21:48:17Z,0.2.0,,,complete,51.5176,51.5176,100,,official,default,true
250498,Bellmunt d'Urgell,23,Noguera,2025 (2025S1),174,,,1,5.747126,,15.3062,,0,missing,idescat_ep;gencat_housing_sales_2025;gencat_incasol_qww9-bvhh,,2026-08-21T21:48:17Z,0.2.0,missing_dependency,,engineering_pending,0,100,0,,official,default,false
250501,Bellpuig,38,Urgell,2025 (2025S1),5531,56,10.124751,66,11.932743,26.745,47.8007,35.1673,90,municipality,idescat_ep;gencat_housing_sales_2025;gencat_incasol_qww9-bvhh,,2026-08-21T21:48:17Z,0.2.0,,,complete,35.1673,35.1673,100,,official,default,true
250518,Bellver de Cerdanya,15,Cerdanya,2025 (2025S1),2289,39,17.038008,39,17.038008,61.4088,74.6199,66.6932,90,municipality,idescat_ep;gencat_housing_sales_2025;gencat_incasol_qww9-bvhh,,2026-08-21T21:48:17Z,0.2.0,,,complete,66.6932,66.6932,100,,official,default,true
250523,Bellvís,27,Pla d'Urgell,2025 (2025S1),2239,14,6.252791,14,6.252791,7.3306,17.9626,11.5834,90,municipality,idescat_ep;gencat_housing_sales_2025;gencat_incasol_qww9-bvhh,,2026-08-21T21:48:17Z,0.2.0,,,complete,11.5834,11.5834,100,,official,default,true
250539,Benavent de Segrià,33,Segrià,2025 (2025S1),1565,,,5,3.194888,,1.8987,,0,missing,idescat_ep;gencat_housing_sales_2025;gencat_incasol_qww9-bvhh,,2026-08-21T21:48:17Z,0.2.0,missing_dependency,,engineering_pending,0,100,0,,official,default,false
250557,Biosca,35,Solsonès,2025 (2025S1),185,,,1,5.405405,,13.511,,0,missing,idescat_ep;gencat_housing_sales_2025;gencat_incasol_qww9-bvhh,,2026-08-21T21:48:17Z,0.2.0,missing_dependency,,engineering_pending,0,100,0,,official,default,false
250560,Bovera,18,Garrigues,2025 (2025S1),252,,,,,,,,0,missing,idescat_ep;gencat_housing_sales_2025;gencat_incasol_qww9-bvhh,,2026-08-21T21:48:17Z,0.2.0,missing_dependency,,engineering_pending,0,100,0,,official,default,false
250576,Es Bòrdes,39,Val d'Aran,2025 (2025S1),281,,,3,10.676157,,41.1996,,0,missing,idescat_ep;gencat_housing_sales_2025;gencat_incasol_qww9-bvhh,,2026-08-21T21:48:17Z,0.2.0,missing_dependency,,engineering_pending,0,100,0,,official,default,false
250582,les Borges Blanques,18,Garrigues,2025 (2025S1),6458,124,19.200991,101,15.639517,72.2542,67.2733,70.2618,90,municipality,idescat_ep;gencat_housing_sales_2025;gencat_incasol_qww9-bvhh,,2026-08-21T21:48:17Z,0.2.0,,,complete,70.2618,70.2618,100,,official,default,true
250595,Bossòst,39,Val d'Aran,2025 (2025S1),1178,,,6,5.093379,,11.8719,,0,missing,idescat_ep;gencat_housing_sales_2025;gencat_incasol_qww9-bvhh,,2026-08-21T21:48:17Z,0.2.0,missing_dependency,,engineering_pending,0,100,0,,official,default,false
250609,Cabanabona,23,Noguera,2025 (2025S1),70,,,,,,,,0,missing,idescat_ep;gencat_housing_sales_2025;gencat_incasol_qww9-bvhh,,2026-08-21T21:48:17Z,0.2.0,missing_dependency,,engineering_pending,0,100,0,,official,default,false
250616,Cabó,04,Alt Urgell,2025 (2025S1),87,,,1,11.494253,,45.4972,,0,missing,idescat_ep;gencat_housing_sales_2025;gencat_incasol_qww9-bvhh,,2026-08-21T21:48:17Z,0.2.0,missing_dependency,,engineering_pending,0,100,0,,official,default,false
250621,Camarasa,23,Noguera,2025 (2025S1),800,,,7,8.75,,31.081,,0,missing,idescat_ep;gencat_housing_sales_2025;gencat_incasol_qww9-bvhh,,2026-08-21T21:48:17Z,0.2.0,missing_dependency,,engineering_pending,0,100,0,,official,default,false
250637,Canejan,39,Val d'Aran,2025 (2025S1),96,,,,,,,,0,missing,idescat_ep;gencat_housing_sales_2025;gencat_incasol_qww9-bvhh,,2026-08-21T21:48:17Z,0.2.0,missing_dependency,,engineering_pending,0,100,0,,official,default,false
250642,Castellar de la Ribera,35,Solsonès,2025 (2025S1),131,,,1,7.633588,,25.2162,,0,missing,idescat_ep;gencat_housing_sales_2025;gencat_incasol_qww9-bvhh,,2026-08-21T21:48:17Z,0.2.0,missing_dependency,,engineering_pending,0,100,0,,official,default,false
250674,Castelldans,18,Garrigues,2025 (2025S1),955,,,3,3.141361,,1.6175,,0,missing,idescat_ep;gencat_housing_sales_2025;gencat_incasol_qww9-bvhh,,2026-08-21T21:48:17Z,0.2.0,missing_dependency,,engineering_pending,0,100,0,,official,default,false
250680,Castellnou de Seana,27,Pla d'Urgell,2025 (2025S1),733,,,5,6.821282,,20.949,,0,missing,idescat_ep;gencat_housing_sales_2025;gencat_incasol_qww9-bvhh,,2026-08-21T21:48:17Z,0.2.0,missing_dependency,,engineering_pending,0,100,0,,official,default,false
250693,Castelló de Farfanya,23,Noguera,2025 (2025S1),548,,,8,14.59854,,61.8048,,0,missing,idescat_ep;gencat_housing_sales_2025;gencat_incasol_qww9-bvhh,,2026-08-21T21:48:17Z,0.2.0,missing_dependency,,engineering_pending,0,100,0,,official,default,false
250707,Castellserà,38,Urgell,2025 (2025S1),987,,,15,15.197568,,64.9517,,0,missing,idescat_ep;gencat_housing_sales_2025;gencat_incasol_qww9-bvhh,,2026-08-21T21:48:17Z,0.2.0,missing_dependency,,engineering_pending,0,100,0,,official,default,false
250714,Cava,04,Alt Urgell,2025 (2025S1),38,,,1,26.315789,,100,,0,missing,idescat_ep;gencat_housing_sales_2025;gencat_incasol_qww9-bvhh,,2026-08-21T21:48:17Z,0.2.0,missing_dependency,,engineering_pending,0,100,0,,official,default,false
250729,Cervera,32,Segarra,2025 (2025S1),9630,61,6.334372,137,14.226376,7.7396,59.8498,28.5837,90,municipality,idescat_ep;gencat_housing_sales_2025;gencat_incasol_qww9-bvhh,,2026-08-21T21:48:17Z,0.2.0,,,complete,28.5837,28.5837,100,,official,default,true
250735,Cervià de les Garrigues,18,Garrigues,2025 (2025S1),637,,,4,6.279435,,18.1025,,0,missing,idescat_ep;gencat_housing_sales_2025;gencat_incasol_qww9-bvhh,,2026-08-21T21:48:17Z,0.2.0,missing_dependency,,engineering_pending,0,100,0,,official,default,false
250740,Ciutadilla,38,Urgell,2025 (2025S1),186,,,1,5.376344,,13.3584,,0,missing,idescat_ep;gencat_housing_sales_2025;gencat_incasol_qww9-bvhh,,2026-08-21T21:48:17Z,0.2.0,missing_dependency,,engineering_pending,0,100,0,,official,default,false
250753,Clariana de Cardener,35,Solsonès,2025 (2025S1),160,,,,,,,,0,missing,idescat_ep;gencat_housing_sales_2025;gencat_incasol_qww9-bvhh,,2026-08-21T21:48:17Z,0.2.0,missing_dependency,,engineering_pending,0,100,0,,official,default,false
250766,el Cogul,18,Garrigues,2025 (2025S1),162,,,,,,,,0,missing,idescat_ep;gencat_housing_sales_2025;gencat_incasol_qww9-bvhh,,2026-08-21T21:48:17Z,0.2.0,missing_dependency,,engineering_pending,0,100,0,,official,default,false
250772,Coll de Nargó,04,Alt Urgell,2025 (2025S1),585,,,7,11.965812,,47.9745,,0,missing,idescat_ep;gencat_housing_sales_2025;gencat_incasol_qww9-bvhh,,2026-08-21T21:48:17Z,0.2.0,missing_dependency,,engineering_pending,0,100,0,,official,default,false
250788,Corbins,33,Segrià,2025 (2025S1),1490,,,4,2.684564,,0,,0,missing,idescat_ep;gencat_housing_sales_2025;gencat_incasol_qww9-bvhh,,2026-08-21T21:48:17Z,0.2.0,missing_dependency,,engineering_pending,0,100,0,,official,default,false
250791,Cubells,23,Noguera,2025 (2025S1),354,,,4,11.299435,,44.4738,,0,missing,idescat_ep;gencat_housing_sales_2025;gencat_incasol_qww9-bvhh,,2026-08-21T21:48:17Z,0.2.0,missing_dependency,,engineering_pending,0,100,0,,official,default,false
250812,l'Espluga Calba,18,Garrigues,2025 (2025S1),324,,,1,3.08642,,1.3288,,0,missing,idescat_ep;gencat_housing_sales_2025;gencat_incasol_qww9-bvhh,,2026-08-21T21:48:17Z,0.2.0,missing_dependency,,engineering_pending,0,100,0,,official,default,false
250827,Espot,26,Pallars Sobirà,2025 (2025S1),377,,,2,5.30504,,12.9838,,0,missing,idescat_ep;gencat_housing_sales_2025;gencat_incasol_qww9-bvhh,,2026-08-21T21:48:17Z,0.2.0,missing_dependency,,engineering_pending,0,100,0,,official,default,false
250851,Estaràs,32,Segarra,2025 (2025S1),161,,,,,,,,0,missing,idescat_ep;gencat_housing_sales_2025;gencat_incasol_qww9-bvhh,,2026-08-21T21:48:17Z,0.2.0,missing_dependency,,engineering_pending,0,100,0,,official,default,false
250864,Esterri d'Àneu,26,Pallars Sobirà,2025 (2025S1),914,,,21,22.97593,,100,,0,missing,idescat_ep;gencat_housing_sales_2025;gencat_incasol_qww9-bvhh,,2026-08-21T21:48:17Z,0.2.0,missing_dependency,,engineering_pending,0,100,0,,official,default,false
250870,Esterri de Cardós,26,Pallars Sobirà,2025 (2025S1),63,,,,,,,,0,missing,idescat_ep;gencat_housing_sales_2025;gencat_incasol_qww9-bvhh,,2026-08-21T21:48:17Z,0.2.0,missing_dependency,,engineering_pending,0,100,0,,official,default,false
250886,Estamariu,04,Alt Urgell,2025 (2025S1),134,,,,,,,,0,missing,idescat_ep;gencat_housing_sales_2025;gencat_incasol_qww9-bvhh,,2026-08-21T21:48:17Z,0.2.0,missing_dependency,,engineering_pending,0,100,0,,official,default,false
250899,Farrera,26,Pallars Sobirà,2025 (2025S1),120,,,2,16.666667,,72.6692,,0,missing,idescat_ep;gencat_housing_sales_2025;gencat_incasol_qww9-bvhh,,2026-08-21T21:48:17Z,0.2.0,missing_dependency,,engineering_pending,0,100,0,,official,default,false
250925,la Floresta,18,Garrigues,2025 (2025S1),159,,,1,6.289308,,18.1544,,0,missing,idescat_ep;gencat_housing_sales_2025;gencat_incasol_qww9-bvhh,,2026-08-21T21:48:17Z,0.2.0,missing_dependency,,engineering_pending,0,100,0,,official,default,false
250931,Fondarella,27,Pla d'Urgell,2025 (2025S1),828,,,2,2.415459,,0,,0,missing,idescat_ep;gencat_housing_sales_2025;gencat_incasol_qww9-bvhh,,2026-08-21T21:48:17Z,0.2.0,missing_dependency,,engineering_pending,0,100,0,,official,default,false
250946,Foradada,23,Noguera,2025 (2025S1),194,,,1,5.154639,,12.1937,,0,missing,idescat_ep;gencat_housing_sales_2025;gencat_incasol_qww9-bvhh,,2026-08-21T21:48:17Z,0.2.0,missing_dependency,,engineering_pending,0,100,0,,official,default,false
250962,la Fuliola,38,Urgell,2025 (2025S1),1277,,,9,7.047768,,22.1388,,0,missing,idescat_ep;gencat_housing_sales_2025;gencat_incasol_qww9-bvhh,,2026-08-21T21:48:17Z,0.2.0,missing_dependency,,engineering_pending,0,100,0,,official,default,false
250978,Fulleda,18,Garrigues,2025 (2025S1),87,,,,,,,,0,missing,idescat_ep;gencat_housing_sales_2025;gencat_incasol_qww9-bvhh,,2026-08-21T21:48:17Z,0.2.0,missing_dependency,,engineering_pending,0,100,0,,official,default,false
250984,Gavet de la Conca,25,Pallars Jussà,2025 (2025S1),257,,,,,,,,0,missing,idescat_ep;gencat_housing_sales_2025;gencat_incasol_qww9-bvhh,,2026-08-21T21:48:17Z,0.2.0,missing_dependency,,engineering_pending,0,100,0,,official,default,false
250997,Golmés,27,Pla d'Urgell,2025 (2025S1),1914,,,14,7.314525,,23.5401,,0,missing,idescat_ep;gencat_housing_sales_2025;gencat_incasol_qww9-bvhh,,2026-08-21T21:48:17Z,0.2.0,missing_dependency,,engineering_pending,0,100,0,,official,default,false
251001,Gósol,14,Berguedà,2025 (2025S1),207,,,3,14.492754,,61.2491,,0,missing,idescat_ep;gencat_housing_sales_2025;gencat_incasol_qww9-bvhh,,2026-08-21T21:48:17Z,0.2.0,missing_dependency,,engineering_pending,0,100,0,,official,default,false
251018,la Granadella,18,Garrigues,2025 (2025S1),751,,,3,3.994674,,6.1001,,0,missing,idescat_ep;gencat_housing_sales_2025;gencat_incasol_qww9-bvhh,,2026-08-21T21:48:17Z,0.2.0,missing_dependency,,engineering_pending,0,100,0,,official,default,false
251023,la Granja d'Escarp,33,Segrià,2025 (2025S1),994,,,5,5.030181,,11.5399,,0,missing,idescat_ep;gencat_housing_sales_2025;gencat_incasol_qww9-bvhh,,2026-08-21T21:48:17Z,0.2.0,missing_dependency,,engineering_pending,0,100,0,,official,default,false
251039,Granyanella,32,Segarra,2025 (2025S1),154,,,1,6.493506,,19.2271,,0,missing,idescat_ep;gencat_housing_sales_2025;gencat_incasol_qww9-bvhh,,2026-08-21T21:48:17Z,0.2.0,missing_dependency,,engineering_pending,0,100,0,,official,default,false
251044,Granyena de Segarra,32,Segarra,2025 (2025S1),149,,,,,,,,0,missing,idescat_ep;gencat_housing_sales_2025;gencat_incasol_qww9-bvhh,,2026-08-21T21:48:17Z,0.2.0,missing_dependency,,engineering_pending,0,100,0,,official,default,false
251057,Granyena de les Garrigues,18,Garrigues,2025 (2025S1),174,,,1,5.747126,,15.3062,,0,missing,idescat_ep;gencat_housing_sales_2025;gencat_incasol_qww9-bvhh,,2026-08-21T21:48:17Z,0.2.0,missing_dependency,,engineering_pending,0,100,0,,official,default,false
251095,Guimerà,38,Urgell,2025 (2025S1),253,,,,,,,,0,missing,idescat_ep;gencat_housing_sales_2025;gencat_incasol_qww9-bvhh,,2026-08-21T21:48:17Z,0.2.0,missing_dependency,,engineering_pending,0,100,0,,official,default,false
251109,Guissona,32,Segarra,2025 (2025S1),7715,27,3.499676,105,13.609851,0,56.611,22.6444,90,municipality,idescat_ep;gencat_housing_sales_2025;gencat_incasol_qww9-bvhh,,2026-08-21T21:48:17Z,0.2.0,,,complete,22.6444,22.6444,100,,official,default,true
251116,Guixers,35,Solsonès,2025 (2025S1),125,,,3,24,,100,,0,missing,idescat_ep;gencat_housing_sales_2025;gencat_incasol_qww9-bvhh,,2026-08-21T21:48:17Z,0.2.0,missing_dependency,,engineering_pending,0,100,0,,official,default,false
251121,Ivars de Noguera,23,Noguera,2025 (2025S1),318,,,1,3.144654,,1.6348,,0,missing,idescat_ep;gencat_housing_sales_2025;gencat_incasol_qww9-bvhh,,2026-08-21T21:48:17Z,0.2.0,missing_dependency,,engineering_pending,0,100,0,,official,default,false
251137,Ivars d'Urgell,27,Pla d'Urgell,2025 (2025S1),1598,,,10,6.257822,,17.989,,0,missing,idescat_ep;gencat_housing_sales_2025;gencat_incasol_qww9-bvhh,,2026-08-21T21:48:17Z,0.2.0,missing_dependency,,engineering_pending,0,100,0,,official,default,false
251142,Ivorra,32,Segarra,2025 (2025S1),101,,,2,19.80198,,89.1398,,0,missing,idescat_ep;gencat_housing_sales_2025;gencat_incasol_qww9-bvhh,,2026-08-21T21:48:17Z,0.2.0,missing_dependency,,engineering_pending,0,100,0,,official,default,false
251155,Isona i Conca Dellà,25,Pallars Jussà,2025 (2025S1),1034,,,8,7.736944,,25.7592,,0,missing,idescat_ep;gencat_housing_sales_2025;gencat_incasol_qww9-bvhh,,2026-08-21T21:48:17Z,0.2.0,missing_dependency,,engineering_pending,0,100,0,,official,default,false
251180,Juncosa,18,Garrigues,2025 (2025S1),379,,,1,2.638522,,0,,0,missing,idescat_ep;gencat_housing_sales_2025;gencat_incasol_qww9-bvhh,,2026-08-21T21:48:17Z,0.2.0,missing_dependency,,engineering_pending,0,100,0,,official,default,false
251193,Juneda,18,Garrigues,2025 (2025S1),3523,26,7.380074,20,5.67698,12.9829,14.9377,13.7648,90,municipality,idescat_ep;gencat_housing_sales_2025;gencat_incasol_qww9-bvhh,,2026-08-21T21:48:17Z,0.2.0,,,complete,13.7648,13.7648,100,,official,default,true
251207,Lleida,33,Segrià,2025 (2025S1),147369,1508,10.232817,2140,14.521372,27.2869,61.3994,40.9319,90,municipality,idescat_ep;gencat_housing_sales_2025;gencat_incasol_qww9-bvhh,,2026-08-21T21:48:17Z,0.2.0,,,complete,40.9319,40.9319,100,,official,default,true
251214,Les,39,Val d'Aran,2025 (2025S1),1052,,,12,11.406844,,45.0381,,0,missing,idescat_ep;gencat_housing_sales_2025;gencat_incasol_qww9-bvhh,,2026-08-21T21:48:17Z,0.2.0,missing_dependency,,engineering_pending,0,100,0,,official,default,false
251229,Linyola,27,Pla d'Urgell,2025 (2025S1),2755,30,10.889292,34,12.341198,30.5785,49.9465,38.3257,90,municipality,idescat_ep;gencat_housing_sales_2025;gencat_incasol_qww9-bvhh,,2026-08-21T21:48:17Z,0.2.0,,,complete,38.3257,38.3257,100,,official,default,true
251235,Lladorre,26,Pallars Sobirà,2025 (2025S1),246,,,,,,,,0,missing,idescat_ep;gencat_housing_sales_2025;gencat_incasol_qww9-bvhh,,2026-08-21T21:48:17Z,0.2.0,missing_dependency,,engineering_pending,0,100,0,,official,default,false
251240,Lladurs,35,Solsonès,2025 (2025S1),186,,,2,10.752688,,41.6016,,0,missing,idescat_ep;gencat_housing_sales_2025;gencat_incasol_qww9-bvhh,,2026-08-21T21:48:17Z,0.2.0,missing_dependency,,engineering_pending,0,100,0,,official,default,false
251253,Llardecans,33,Segrià,2025 (2025S1),444,,,1,2.252252,,0,,0,missing,idescat_ep;gencat_housing_sales_2025;gencat_incasol_qww9-bvhh,,2026-08-21T21:48:17Z,0.2.0,missing_dependency,,engineering_pending,0,100,0,,official,default,false
251266,Llavorsí,26,Pallars Sobirà,2025 (2025S1),343,,,4,11.661808,,46.3775,,0,missing,idescat_ep;gencat_housing_sales_2025;gencat_incasol_qww9-bvhh,,2026-08-21T21:48:17Z,0.2.0,missing_dependency,,engineering_pending,0,100,0,,official,default,false
251272,Lles de Cerdanya,15,Cerdanya,2025 (2025S1),294,,,1,3.401361,,2.9833,,0,missing,idescat_ep;gencat_housing_sales_2025;gencat_incasol_qww9-bvhh,,2026-08-21T21:48:17Z,0.2.0,missing_dependency,,engineering_pending,0,100,0,,official,default,false
251288,Llimiana,25,Pallars Jussà,2025 (2025S1),130,,,1,7.692308,,25.5247,,0,missing,idescat_ep;gencat_housing_sales_2025;gencat_incasol_qww9-bvhh,,2026-08-21T21:48:17Z,0.2.0,missing_dependency,,engineering_pending,0,100,0,,official,default,false
251291,Llobera,35,Solsonès,2025 (2025S1),201,,,1,4.975124,,11.2507,,0,missing,idescat_ep;gencat_housing_sales_2025;gencat_incasol_qww9-bvhh,,2026-08-21T21:48:17Z,0.2.0,missing_dependency,,engineering_pending,0,100,0,,official,default,false
251305,Maldà,38,Urgell,2025 (2025S1),240,,,4,16.666667,,72.6692,,0,missing,idescat_ep;gencat_housing_sales_2025;gencat_incasol_qww9-bvhh,,2026-08-21T21:48:17Z,0.2.0,missing_dependency,,engineering_pending,0,100,0,,official,default,false
251312,Massalcoreig,33,Segrià,2025 (2025S1),589,,,1,1.697793,,0,,0,missing,idescat_ep;gencat_housing_sales_2025;gencat_incasol_qww9-bvhh,,2026-08-21T21:48:17Z,0.2.0,missing_dependency,,engineering_pending,0,100,0,,official,default,false
251327,Massoteres,32,Segarra,2025 (2025S1),226,,,1,4.424779,,8.3596,,0,missing,idescat_ep;gencat_housing_sales_2025;gencat_incasol_qww9-bvhh,,2026-08-21T21:48:17Z,0.2.0,missing_dependency,,engineering_pending,0,100,0,,official,default,false
251333,Maials,33,Segrià,2025 (2025S1),945,,,4,4.232804,,7.3511,,0,missing,idescat_ep;gencat_housing_sales_2025;gencat_incasol_qww9-bvhh,,2026-08-21T21:48:17Z,0.2.0,missing_dependency,,engineering_pending,0,100,0,,official,default,false
251348,Menàrguens,23,Noguera,2025 (2025S1),802,,,5,6.234414,,17.866,,0,missing,idescat_ep;gencat_housing_sales_2025;gencat_incasol_qww9-bvhh,,2026-08-21T21:48:17Z,0.2.0,missing_dependency,,engineering_pending,0,100,0,,official,default,false
251351,Miralcamp,27,Pla d'Urgell,2025 (2025S1),1359,,,6,4.415011,,8.3083,,0,missing,idescat_ep;gencat_housing_sales_2025;gencat_incasol_qww9-bvhh,,2026-08-21T21:48:17Z,0.2.0,missing_dependency,,engineering_pending,0,100,0,,official,default,false
251364,la Molsosa,35,Solsonès,2025 (2025S1),101,,,,,,,,0,missing,idescat_ep;gencat_housing_sales_2025;gencat_incasol_qww9-bvhh,,2026-08-21T21:48:17Z,0.2.0,missing_dependency,,engineering_pending,0,100,0,,official,default,false
251370,Mollerussa,27,Pla d'Urgell,2025 (2025S1),16016,156,9.74026,277,17.295205,24.8171,75.9711,45.2787,90,municipality,idescat_ep;gencat_housing_sales_2025;gencat_incasol_qww9-bvhh,,2026-08-21T21:48:17Z,0.2.0,,,complete,45.2787,45.2787,100,,official,default,true
251386,Montgai,23,Noguera,2025 (2025S1),643,,,2,3.11042,,1.4549,,0,missing,idescat_ep;gencat_housing_sales_2025;gencat_incasol_qww9-bvhh,,2026-08-21T21:48:17Z,0.2.0,missing_dependency,,engineering_pending,0,100,0,,official,default,false
251399,Montellà i Martinet,15,Cerdanya,2025 (2025S1),605,,,19,31.404959,,100,,0,missing,idescat_ep;gencat_housing_sales_2025;gencat_incasol_qww9-bvhh,,2026-08-21T21:48:17Z,0.2.0,missing_dependency,,engineering_pending,0,100,0,,official,default,false
251403,Montferrer i Castellbò,04,Alt Urgell,2025 (2025S1),1161,,,9,7.751938,,25.8379,,0,missing,idescat_ep;gencat_housing_sales_2025;gencat_incasol_qww9-bvhh,,2026-08-21T21:48:17Z,0.2.0,missing_dependency,,engineering_pending,0,100,0,,official,default,false
251410,Montoliu de Segarra,32,Segarra,2025 (2025S1),182,,,1,5.494505,,13.9791,,0,missing,idescat_ep;gencat_housing_sales_2025;gencat_incasol_qww9-bvhh,,2026-08-21T21:48:17Z,0.2.0,missing_dependency,,engineering_pending,0,100,0,,official,default,false
251425,Montoliu de Lleida,33,Segrià,2025 (2025S1),491,,,1,2.03666,,0,,0,missing,idescat_ep;gencat_housing_sales_2025;gencat_incasol_qww9-bvhh,,2026-08-21T21:48:17Z,0.2.0,missing_dependency,,engineering_pending,0,100,0,,official,default,false
251431,Montornès de Segarra,32,Segarra,2025 (2025S1),87,,,1,11.494253,,45.4972,,0,missing,idescat_ep;gencat_housing_sales_2025;gencat_incasol_qww9-bvhh,,2026-08-21T21:48:17Z,0.2.0,missing_dependency,,engineering_pending,0,100,0,,official,default,false
251459,Nalec,38,Urgell,2025 (2025S1),91,,,,,,,,0,missing,idescat_ep;gencat_housing_sales_2025;gencat_incasol_qww9-bvhh,,2026-08-21T21:48:17Z,0.2.0,missing_dependency,,engineering_pending,0,100,0,,official,default,false
251462,Navès,35,Solsonès,2025 (2025S1),297,,,3,10.10101,,38.1782,,0,missing,idescat_ep;gencat_housing_sales_2025;gencat_incasol_qww9-bvhh,,2026-08-21T21:48:17Z,0.2.0,missing_dependency,,engineering_pending,0,100,0,,official,default,false
251484,Odèn,35,Solsonès,2025 (2025S1),230,,,1,4.347826,,7.9553,,0,missing,idescat_ep;gencat_housing_sales_2025;gencat_incasol_qww9-bvhh,,2026-08-21T21:48:17Z,0.2.0,missing_dependency,,engineering_pending,0,100,0,,official,default,false
251497,Oliana,04,Alt Urgell,2025 (2025S1),1869,,,24,12.841091,,52.5725,,0,missing,idescat_ep;gencat_housing_sales_2025;gencat_incasol_qww9-bvhh,,2026-08-21T21:48:17Z,0.2.0,missing_dependency,,engineering_pending,0,100,0,,official,default,false
251500,Oliola,23,Noguera,2025 (2025S1),192,,,,,,,,0,missing,idescat_ep;gencat_housing_sales_2025;gencat_incasol_qww9-bvhh,,2026-08-21T21:48:17Z,0.2.0,missing_dependency,,engineering_pending,0,100,0,,official,default,false
251517,Olius,35,Solsonès,2025 (2025S1),989,,,8,8.088979,,27.6085,,0,missing,idescat_ep;gencat_housing_sales_2025;gencat_incasol_qww9-bvhh,,2026-08-21T21:48:17Z,0.2.0,missing_dependency,,engineering_pending,0,100,0,,official,default,false
251522,les Oluges,32,Segarra,2025 (2025S1),167,,,1,5.988024,,16.5717,,0,missing,idescat_ep;gencat_housing_sales_2025;gencat_incasol_qww9-bvhh,,2026-08-21T21:48:17Z,0.2.0,missing_dependency,,engineering_pending,0,100,0,,official,default,false
251538,els Omellons,18,Garrigues,2025 (2025S1),187,,,2,10.695187,,41.2996,,0,missing,idescat_ep;gencat_housing_sales_2025;gencat_incasol_qww9-bvhh,,2026-08-21T21:48:17Z,0.2.0,missing_dependency,,engineering_pending,0,100,0,,official,default,false
251543,els Omells de na Gaia,38,Urgell,2025 (2025S1),126,,,2,15.873016,,68.5,,0,missing,idescat_ep;gencat_housing_sales_2025;gencat_incasol_qww9-bvhh,,2026-08-21T21:48:17Z,0.2.0,missing_dependency,,engineering_pending,0,100,0,,official,default,false
251556,Organyà,04,Alt Urgell,2025 (2025S1),851,,,23,27.027027,,100,,0,missing,idescat_ep;gencat_housing_sales_2025;gencat_incasol_qww9-bvhh,,2026-08-21T21:48:17Z,0.2.0,missing_dependency,,engineering_pending,0,100,0,,official,default,false
251569,Os de Balaguer,23,Noguera,2025 (2025S1),1094,,,7,6.398537,,18.7282,,0,missing,idescat_ep;gencat_housing_sales_2025;gencat_incasol_qww9-bvhh,,2026-08-21T21:48:17Z,0.2.0,missing_dependency,,engineering_pending,0,100,0,,official,default,false
251575,Ossó de Sió,38,Urgell,2025 (2025S1),200,,,2,10,,37.6476,,0,missing,idescat_ep;gencat_housing_sales_2025;gencat_incasol_qww9-bvhh,,2026-08-21T21:48:17Z,0.2.0,missing_dependency,,engineering_pending,0,100,0,,official,default,false
251581,el Palau d'Anglesola,27,Pla d'Urgell,2025 (2025S1),2225,10,4.494382,17,7.640449,0,25.2523,10.1009,90,municipality,idescat_ep;gencat_housing_sales_2025;gencat_incasol_qww9-bvhh,,2026-08-21T21:48:17Z,0.2.0,,,complete,10.1009,10.1009,100,,official,default,true
251615,Conca de Dalt,25,Pallars Jussà,2025 (2025S1),439,,,4,9.111617,,32.9807,,0,missing,idescat_ep;gencat_housing_sales_2025;gencat_incasol_qww9-bvhh,,2026-08-21T21:48:17Z,0.2.0,missing_dependency,,engineering_pending,0,100,0,,official,default,false
251636,la Coma i la Pedra,35,Solsonès,2025 (2025S1),278,,,,,,,,0,missing,idescat_ep;gencat_housing_sales_2025;gencat_incasol_qww9-bvhh,,2026-08-21T21:48:17Z,0.2.0,missing_dependency,,engineering_pending,0,100,0,,official,default,false
251641,Penelles,23,Noguera,2025 (2025S1),431,,,1,2.320186,,0,,0,missing,idescat_ep;gencat_housing_sales_2025;gencat_incasol_qww9-bvhh,,2026-08-21T21:48:17Z,0.2.0,missing_dependency,,engineering_pending,0,100,0,,official,default,false
251654,Peramola,04,Alt Urgell,2025 (2025S1),339,,,3,8.849558,,31.604,,0,missing,idescat_ep;gencat_housing_sales_2025;gencat_incasol_qww9-bvhh,,2026-08-21T21:48:17Z,0.2.0,missing_dependency,,engineering_pending,0,100,0,,official,default,false
251667,Pinell de Solsonès,35,Solsonès,2025 (2025S1),198,,,,,,,,0,missing,idescat_ep;gencat_housing_sales_2025;gencat_incasol_qww9-bvhh,,2026-08-21T21:48:17Z,0.2.0,missing_dependency,,engineering_pending,0,100,0,,official,default,false
251673,Pinós,35,Solsonès,2025 (2025S1),274,,,4,14.59854,,61.8048,,0,missing,idescat_ep;gencat_housing_sales_2025;gencat_incasol_qww9-bvhh,,2026-08-21T21:48:17Z,0.2.0,missing_dependency,,engineering_pending,0,100,0,,official,default,false
251689,el Poal,27,Pla d'Urgell,2025 (2025S1),648,,,1,1.54321,,0,,0,missing,idescat_ep;gencat_housing_sales_2025;gencat_incasol_qww9-bvhh,,2026-08-21T21:48:17Z,0.2.0,missing_dependency,,engineering_pending,0,100,0,,official,default,false
251692,la Pobla de Cérvoles,18,Garrigues,2025 (2025S1),208,,,,,,,,0,missing,idescat_ep;gencat_housing_sales_2025;gencat_incasol_qww9-bvhh,,2026-08-21T21:48:17Z,0.2.0,missing_dependency,,engineering_pending,0,100,0,,official,default,false
251706,Bellaguarda,18,Garrigues,2025 (2025S1),287,,,,,,,,0,missing,idescat_ep;gencat_housing_sales_2025;gencat_incasol_qww9-bvhh,,2026-08-21T21:48:17Z,0.2.0,missing_dependency,,engineering_pending,0,100,0,,official,default,false
251713,la Pobla de Segur,25,Pallars Jussà,2025 (2025S1),3179,38,11.953444,121,38.062284,35.9143,100,61.5486,90,municipality,idescat_ep;gencat_housing_sales_2025;gencat_incasol_qww9-bvhh,,2026-08-21T21:48:17Z,0.2.0,,,complete,61.5486,61.5486,100,,official,default,true
251728,Ponts,23,Noguera,2025 (2025S1),2639,26,9.852217,37,14.020462,25.3785,58.768,38.7343,90,municipality,idescat_ep;gencat_housing_sales_2025;gencat_incasol_qww9-bvhh,,2026-08-21T21:48:17Z,0.2.0,,,complete,38.7343,38.7343,100,,official,default,true
251734,el Pont de Suert,05,Alta Ribagorça,2025 (2025S1),2425,47,19.381443,28,11.546392,73.159,45.7711,62.2038,90,municipality,idescat_ep;gencat_housing_sales_2025;gencat_incasol_qww9-bvhh,,2026-08-21T21:48:17Z,0.2.0,,,complete,62.2038,62.2038,100,,official,default,true
251749,la Portella,33,Segrià,2025 (2025S1),730,,,3,4.109589,,6.7038,,0,missing,idescat_ep;gencat_housing_sales_2025;gencat_incasol_qww9-bvhh,,2026-08-21T21:48:17Z,0.2.0,missing_dependency,,engineering_pending,0,100,0,,official,default,false
251752,Prats i Sansor,15,Cerdanya,2025 (2025S1),252,,,2,7.936508,,26.8075,,0,missing,idescat_ep;gencat_housing_sales_2025;gencat_incasol_qww9-bvhh,,2026-08-21T21:48:17Z,0.2.0,missing_dependency,,engineering_pending,0,100,0,,official,default,false
251765,Preixana,38,Urgell,2025 (2025S1),400,,,1,2.5,,0,,0,missing,idescat_ep;gencat_housing_sales_2025;gencat_incasol_qww9-bvhh,,2026-08-21T21:48:17Z,0.2.0,missing_dependency,,engineering_pending,0,100,0,,official,default,false
251771,Preixens,23,Noguera,2025 (2025S1),399,,,1,2.506266,,0,,0,missing,idescat_ep;gencat_housing_sales_2025;gencat_incasol_qww9-bvhh,,2026-08-21T21:48:17Z,0.2.0,missing_dependency,,engineering_pending,0,100,0,,official,default,false
251790,Prullans,15,Cerdanya,2025 (2025S1),270,,,5,18.518519,,82.3974,,0,missing,idescat_ep;gencat_housing_sales_2025;gencat_incasol_qww9-bvhh,,2026-08-21T21:48:17Z,0.2.0,missing_dependency,,engineering_pending,0,100,0,,official,default,false
251804,Puiggròs,18,Garrigues,2025 (2025S1),270,,,2,7.407407,,24.028,,0,missing,idescat_ep;gencat_housing_sales_2025;gencat_incasol_qww9-bvhh,,2026-08-21T21:48:17Z,0.2.0,missing_dependency,,engineering_pending,0,100,0,,official,default,false
251811,Puigverd d'Agramunt,38,Urgell,2025 (2025S1),239,,,,,,,,0,missing,idescat_ep;gencat_housing_sales_2025;gencat_incasol_qww9-bvhh,,2026-08-21T21:48:17Z,0.2.0,missing_dependency,,engineering_pending,0,100,0,,official,default,false
251826,Puigverd de Lleida,33,Segrià,2025 (2025S1),1416,,,5,3.531073,,3.6647,,0,missing,idescat_ep;gencat_housing_sales_2025;gencat_incasol_qww9-bvhh,,2026-08-21T21:48:17Z,0.2.0,missing_dependency,,engineering_pending,0,100,0,,official,default,false
251832,Rialp,26,Pallars Sobirà,2025 (2025S1),651,,,23,35.330261,,100,,0,missing,idescat_ep;gencat_housing_sales_2025;gencat_incasol_qww9-bvhh,,2026-08-21T21:48:17Z,0.2.0,missing_dependency,,engineering_pending,0,100,0,,official,default,false
251850,Ribera d'Urgellet,04,Alt Urgell,2025 (2025S1),982,,,8,8.14664,,27.9114,,0,missing,idescat_ep;gencat_housing_sales_2025;gencat_incasol_qww9-bvhh,,2026-08-21T21:48:17Z,0.2.0,missing_dependency,,engineering_pending,0,100,0,,official,default,false
251863,Riner,35,Solsonès,2025 (2025S1),270,,,1,3.703704,,4.5716,,0,missing,idescat_ep;gencat_housing_sales_2025;gencat_incasol_qww9-bvhh,,2026-08-21T21:48:17Z,0.2.0,missing_dependency,,engineering_pending,0,100,0,,official,default,false
251898,Rosselló,33,Segrià,2025 (2025S1),3398,32,9.417304,39,11.47734,23.1978,45.4084,32.082,90,municipality,idescat_ep;gencat_housing_sales_2025;gencat_incasol_qww9-bvhh,,2026-08-21T21:48:17Z,0.2.0,,,complete,32.082,32.082,100,,official,default,true
251902,Salàs de Pallars,25,Pallars Jussà,2025 (2025S1),368,,,2,5.434783,,13.6654,,0,missing,idescat_ep;gencat_housing_sales_2025;gencat_incasol_qww9-bvhh,,2026-08-21T21:48:17Z,0.2.0,missing_dependency,,engineering_pending,0,100,0,,official,default,false
251919,Sanaüja,32,Segarra,2025 (2025S1),388,,,5,12.886598,,52.8116,,0,missing,idescat_ep;gencat_housing_sales_2025;gencat_incasol_qww9-bvhh,,2026-08-21T21:48:17Z,0.2.0,missing_dependency,,engineering_pending,0,100,0,,official,default,false
251924,Sant Guim de Freixenet,32,Segarra,2025 (2025S1),1233,,,18,14.59854,,61.8048,,0,missing,idescat_ep;gencat_housing_sales_2025;gencat_incasol_qww9-bvhh,,2026-08-21T21:48:17Z,0.2.0,missing_dependency,,engineering_pending,0,100,0,,official,default,false
251930,Sant Llorenç de Morunys,35,Solsonès,2025 (2025S1),982,,,18,18.329939,,81.4068,,0,missing,idescat_ep;gencat_housing_sales_2025;gencat_incasol_qww9-bvhh,,2026-08-21T21:48:17Z,0.2.0,missing_dependency,,engineering_pending,0,100,0,,official,default,false
251945,Sant Ramon,32,Segarra,2025 (2025S1),483,,,1,2.070393,,0,,0,missing,idescat_ep;gencat_housing_sales_2025;gencat_incasol_qww9-bvhh,,2026-08-21T21:48:17Z,0.2.0,missing_dependency,,engineering_pending,0,100,0,,official,default,false
251961,Sant Esteve de la Sarga,25,Pallars Jussà,2025 (2025S1),118,,,,,,,,0,missing,idescat_ep;gencat_housing_sales_2025;gencat_incasol_qww9-bvhh,,2026-08-21T21:48:17Z,0.2.0,missing_dependency,,engineering_pending,0,100,0,,official,default,false
251977,Sant Guim de la Plana,32,Segarra,2025 (2025S1),192,,,,,,,,0,missing,idescat_ep;gencat_housing_sales_2025;gencat_incasol_qww9-bvhh,,2026-08-21T21:48:17Z,0.2.0,missing_dependency,,engineering_pending,0,100,0,,official,default,false
252000,Sarroca de Lleida,33,Segrià,2025 (2025S1),383,,,,,,,,0,missing,idescat_ep;gencat_housing_sales_2025;gencat_incasol_qww9-bvhh,,2026-08-21T21:48:17Z,0.2.0,missing_dependency,,engineering_pending,0,100,0,,official,default,false
252017,Sarroca de Bellera,25,Pallars Jussà,2025 (2025S1),111,,,,,,,,0,missing,idescat_ep;gencat_housing_sales_2025;gencat_incasol_qww9-bvhh,,2026-08-21T21:48:17Z,0.2.0,missing_dependency,,engineering_pending,0,100,0,,official,default,false
252022,Senterada,25,Pallars Jussà,2025 (2025S1),161,,,6,37.267081,,100,,0,missing,idescat_ep;gencat_housing_sales_2025;gencat_incasol_qww9-bvhh,,2026-08-21T21:48:17Z,0.2.0,missing_dependency,,engineering_pending,0,100,0,,official,default,false
252038,la Seu d'Urgell,04,Alt Urgell,2025 (2025S1),13003,115,8.844113,342,26.301623,20.3237,100,52.1942,90,municipality,idescat_ep;gencat_housing_sales_2025;gencat_incasol_qww9-bvhh,,2026-08-21T21:48:17Z,0.2.0,,,complete,52.1942,52.1942,100,,official,default,true
252043,Seròs,33,Segrià,2025 (2025S1),1922,,,17,8.844953,,31.5798,,0,missing,idescat_ep;gencat_housing_sales_2025;gencat_incasol_qww9-bvhh,,2026-08-21T21:48:17Z,0.2.0,missing_dependency,,engineering_pending,0,100,0,,official,default,false
252056,Sidamon,27,Pla d'Urgell,2025 (2025S1),757,,,4,5.284016,,12.8733,,0,missing,idescat_ep;gencat_housing_sales_2025;gencat_incasol_qww9-bvhh,,2026-08-21T21:48:17Z,0.2.0,missing_dependency,,engineering_pending,0,100,0,,official,default,false
252069,el Soleràs,18,Garrigues,2025 (2025S1),313,,,3,9.584665,,35.4657,,0,missing,idescat_ep;gencat_housing_sales_2025;gencat_incasol_qww9-bvhh,,2026-08-21T21:48:17Z,0.2.0,missing_dependency,,engineering_pending,0,100,0,,official,default,false
252075,Solsona,35,Solsonès,2025 (2025S1),9741,61,6.262191,178,18.273278,7.3777,81.1091,36.8703,90,municipality,idescat_ep;gencat_housing_sales_2025;gencat_incasol_qww9-bvhh,,2026-08-21T21:48:17Z,0.2.0,,,complete,36.8703,36.8703,100,,official,default,true
252081,Soriguera,26,Pallars Sobirà,2025 (2025S1),449,,,7,15.5902,,67.0143,,0,missing,idescat_ep;gencat_housing_sales_2025;gencat_incasol_qww9-bvhh,,2026-08-21T21:48:17Z,0.2.0,missing_dependency,,engineering_pending,0,100,0,,official,default,false
252094,Sort,26,Pallars Sobirà,2025 (2025S1),2287,47,20.55094,78,34.105815,79.023,100,87.4138,90,municipality,idescat_ep;gencat_housing_sales_2025;gencat_incasol_qww9-bvhh,,2026-08-21T21:48:17Z,0.2.0,,,complete,87.4138,87.4138,100,,official,default,true
252108,Soses,33,Segrià,2025 (2025S1),1884,,,12,6.369427,,18.5753,,0,missing,idescat_ep;gencat_housing_sales_2025;gencat_incasol_qww9-bvhh,,2026-08-21T21:48:17Z,0.2.0,missing_dependency,,engineering_pending,0,100,0,,official,default,false
252115,Sudanell,33,Segrià,2025 (2025S1),920,,,4,4.347826,,7.9553,,0,missing,idescat_ep;gencat_housing_sales_2025;gencat_incasol_qww9-bvhh,,2026-08-21T21:48:17Z,0.2.0,missing_dependency,,engineering_pending,0,100,0,,official,default,false
252120,Sunyer,33,Segrià,2025 (2025S1),310,,,1,3.225806,,2.0611,,0,missing,idescat_ep;gencat_housing_sales_2025;gencat_incasol_qww9-bvhh,,2026-08-21T21:48:17Z,0.2.0,missing_dependency,,engineering_pending,0,100,0,,official,default,false
252154,Talarn,25,Pallars Jussà,2025 (2025S1),559,,,9,16.100179,,69.6933,,0,missing,idescat_ep;gencat_housing_sales_2025;gencat_incasol_qww9-bvhh,,2026-08-21T21:48:17Z,0.2.0,missing_dependency,,engineering_pending,0,100,0,,official,default,false
252167,Talavera,32,Segarra,2025 (2025S1),281,,,2,7.117438,,22.5048,,0,missing,idescat_ep;gencat_housing_sales_2025;gencat_incasol_qww9-bvhh,,2026-08-21T21:48:17Z,0.2.0,missing_dependency,,engineering_pending,0,100,0,,official,default,false
252173,Tàrrega,38,Urgell,2025 (2025S1),18991,231,12.163656,342,18.00853,36.9683,79.7183,54.0683,90,municipality,idescat_ep;gencat_housing_sales_2025;gencat_incasol_qww9-bvhh,,2026-08-21T21:48:17Z,0.2.0,,,complete,54.0683,54.0683,100,,official,default,true
252189,Tarrés,18,Garrigues,2025 (2025S1),125,,,1,8,,27.1411,,0,missing,idescat_ep;gencat_housing_sales_2025;gencat_incasol_qww9-bvhh,,2026-08-21T21:48:17Z,0.2.0,missing_dependency,,engineering_pending,0,100,0,,official,default,false
252192,Tarroja de Segarra,32,Segarra,2025 (2025S1),163,,,1,6.134969,,17.3436,,0,missing,idescat_ep;gencat_housing_sales_2025;gencat_incasol_qww9-bvhh,,2026-08-21T21:48:17Z,0.2.0,missing_dependency,,engineering_pending,0,100,0,,official,default,false
252206,Térmens,23,Noguera,2025 (2025S1),1345,,,1,0.743494,,0,,0,missing,idescat_ep;gencat_housing_sales_2025;gencat_incasol_qww9-bvhh,,2026-08-21T21:48:17Z,0.2.0,missing_dependency,,engineering_pending,0,100,0,,official,default,false
252213,Tírvia,26,Pallars Sobirà,2025 (2025S1),139,,,1,7.194245,,22.9082,,0,missing,idescat_ep;gencat_housing_sales_2025;gencat_incasol_qww9-bvhh,,2026-08-21T21:48:17Z,0.2.0,missing_dependency,,engineering_pending,0,100,0,,official,default,false
252228,Tiurana,23,Noguera,2025 (2025S1),69,,,,,,,,0,missing,idescat_ep;gencat_housing_sales_2025;gencat_incasol_qww9-bvhh,,2026-08-21T21:48:17Z,0.2.0,missing_dependency,,engineering_pending,0,100,0,,official,default,false
252234,Torà,35,Solsonès,2025 (2025S1),1230,,,22,17.886179,,79.0756,,0,missing,idescat_ep;gencat_housing_sales_2025;gencat_incasol_qww9-bvhh,,2026-08-21T21:48:17Z,0.2.0,missing_dependency,,engineering_pending,0,100,0,,official,default,false
252249,els Torms,18,Garrigues,2025 (2025S1),135,,,,,,,,0,missing,idescat_ep;gencat_housing_sales_2025;gencat_incasol_qww9-bvhh,,2026-08-21T21:48:17Z,0.2.0,missing_dependency,,engineering_pending,0,100,0,,official,default,false
252252,Tornabous,38,Urgell,2025 (2025S1),828,,,2,2.415459,,0,,0,missing,idescat_ep;gencat_housing_sales_2025;gencat_incasol_qww9-bvhh,,2026-08-21T21:48:17Z,0.2.0,missing_dependency,,engineering_pending,0,100,0,,official,default,false
252265,Torrebesses,33,Segrià,2025 (2025S1),280,,,,,,,,0,missing,idescat_ep;gencat_housing_sales_2025;gencat_incasol_qww9-bvhh,,2026-08-21T21:48:17Z,0.2.0,missing_dependency,,engineering_pending,0,100,0,,official,default,false
252271,la Torre de Cabdella,25,Pallars Jussà,2025 (2025S1),760,,,7,9.210526,,33.5003,,0,missing,idescat_ep;gencat_housing_sales_2025;gencat_incasol_qww9-bvhh,,2026-08-21T21:48:17Z,0.2.0,missing_dependency,,engineering_pending,0,100,0,,official,default,false
252287,Torrefarrera,33,Segrià,2025 (2025S1),4950,49,9.89899,44,8.888889,25.613,31.8106,28.092,90,municipality,idescat_ep;gencat_housing_sales_2025;gencat_incasol_qww9-bvhh,,2026-08-21T21:48:17Z,0.2.0,,,complete,28.092,28.092,100,,official,default,true
252304,Torregrossa,27,Pla d'Urgell,2025 (2025S1),2285,21,9.190372,15,6.564551,22.0599,19.6003,21.0761,90,municipality,idescat_ep;gencat_housing_sales_2025;gencat_incasol_qww9-bvhh,,2026-08-21T21:48:17Z,0.2.0,,,complete,21.0761,21.0761,100,,official,default,true
252311,Torrelameu,23,Noguera,2025 (2025S1),816,,,3,3.676471,,4.4285,,0,missing,idescat_ep;gencat_housing_sales_2025;gencat_incasol_qww9-bvhh,,2026-08-21T21:48:17Z,0.2.0,missing_dependency,,engineering_pending,0,100,0,,official,default,false
252326,Torres de Segre,33,Segrià,2025 (2025S1),2295,18,7.843137,13,5.664488,15.3047,14.8721,15.1317,90,municipality,idescat_ep;gencat_housing_sales_2025;gencat_incasol_qww9-bvhh,,2026-08-21T21:48:17Z,0.2.0,,,complete,15.1317,15.1317,100,,official,default,true
252332,Torre-serona,33,Segrià,2025 (2025S1),419,,,3,7.159905,,22.7279,,0,missing,idescat_ep;gencat_housing_sales_2025;gencat_incasol_qww9-bvhh,,2026-08-21T21:48:17Z,0.2.0,missing_dependency,,engineering_pending,0,100,0,,official,default,false
252347,Tremp,25,Pallars Jussà,2025 (2025S1),6156,97,15.756985,119,19.330734,54.9856,86.6642,67.657,90,municipality,idescat_ep;gencat_housing_sales_2025;gencat_incasol_qww9-bvhh,,2026-08-21T21:48:17Z,0.2.0,,,complete,67.657,67.657,100,,official,default,true
252385,Vallbona de les Monges,38,Urgell,2025 (2025S1),224,,,4,17.857143,,78.9231,,0,missing,idescat_ep;gencat_housing_sales_2025;gencat_incasol_qww9-bvhh,,2026-08-21T21:48:17Z,0.2.0,missing_dependency,,engineering_pending,0,100,0,,official,default,false
252398,les Valls de Valira,04,Alt Urgell,2025 (2025S1),848,,,17,20.04717,,90.4278,,0,missing,idescat_ep;gencat_housing_sales_2025;gencat_incasol_qww9-bvhh,,2026-08-21T21:48:17Z,0.2.0,missing_dependency,,engineering_pending,0,100,0,,official,default,false
252402,Vallfogona de Balaguer,23,Noguera,2025 (2025S1),2008,72,35.856574,12,5.976096,100,16.509,66.6036,90,municipality,idescat_ep;gencat_housing_sales_2025;gencat_incasol_qww9-bvhh,,2026-08-21T21:48:17Z,0.2.0,,,complete,66.6036,66.6036,100,,official,default,true
252424,Verdú,38,Urgell,2025 (2025S1),874,,,8,9.153318,,33.1997,,0,missing,idescat_ep;gencat_housing_sales_2025;gencat_incasol_qww9-bvhh,,2026-08-21T21:48:17Z,0.2.0,missing_dependency,,engineering_pending,0,100,0,,official,default,false
252430,Vielha e Mijaran,39,Val d'Aran,2025 (2025S1),5857,135,23.049343,81,13.829606,91.5502,57.7654,78.0363,90,municipality,idescat_ep;gencat_housing_sales_2025;gencat_incasol_qww9-bvhh,,2026-08-21T21:48:17Z,0.2.0,,,complete,78.0363,78.0363,100,,official,default,true
252445,Vilagrassa,38,Urgell,2025 (2025S1),627,,,15,23.923445,,100,,0,missing,idescat_ep;gencat_housing_sales_2025;gencat_incasol_qww9-bvhh,,2026-08-21T21:48:17Z,0.2.0,missing_dependency,,engineering_pending,0,100,0,,official,default,false
252458,Vilaller,05,Alta Ribagorça,2025 (2025S1),497,,,1,2.012072,,0,,0,missing,idescat_ep;gencat_housing_sales_2025;gencat_incasol_qww9-bvhh,,2026-08-21T21:48:17Z,0.2.0,missing_dependency,,engineering_pending,0,100,0,,official,default,false
252477,Vilamòs,39,Val d'Aran,2025 (2025S1),174,,,,,,,,0,missing,idescat_ep;gencat_housing_sales_2025;gencat_incasol_qww9-bvhh,,2026-08-21T21:48:17Z,0.2.0,missing_dependency,,engineering_pending,0,100,0,,official,default,false
252483,Vilanova de Bellpuig,27,Pla d'Urgell,2025 (2025S1),1149,,,5,4.35161,,7.9752,,0,missing,idescat_ep;gencat_housing_sales_2025;gencat_incasol_qww9-bvhh,,2026-08-21T21:48:17Z,0.2.0,missing_dependency,,engineering_pending,0,100,0,,official,default,false
252496,Vilanova de l'Aguda,23,Noguera,2025 (2025S1),194,,,,,,,,0,missing,idescat_ep;gencat_housing_sales_2025;gencat_incasol_qww9-bvhh,,2026-08-21T21:48:17Z,0.2.0,missing_dependency,,engineering_pending,0,100,0,,official,default,false
252509,Vilanova de Meià,23,Noguera,2025 (2025S1),478,,,5,10.460251,,40.0654,,0,missing,idescat_ep;gencat_housing_sales_2025;gencat_incasol_qww9-bvhh,,2026-08-21T21:48:17Z,0.2.0,missing_dependency,,engineering_pending,0,100,0,,official,default,false
252516,Vilanova de Segrià,33,Segrià,2025 (2025S1),1088,,,3,2.757353,,0,,0,missing,idescat_ep;gencat_housing_sales_2025;gencat_incasol_qww9-bvhh,,2026-08-21T21:48:17Z,0.2.0,missing_dependency,,engineering_pending,0,100,0,,official,default,false
252521,Vila-sana,27,Pla d'Urgell,2025 (2025S1),754,,,1,1.32626,,0,,0,missing,idescat_ep;gencat_housing_sales_2025;gencat_incasol_qww9-bvhh,,2026-08-21T21:48:17Z,0.2.0,missing_dependency,,engineering_pending,0,100,0,,official,default,false
252537,el Vilosell,18,Garrigues,2025 (2025S1),178,,,5,28.089888,,100,,0,missing,idescat_ep;gencat_housing_sales_2025;gencat_incasol_qww9-bvhh,,2026-08-21T21:48:17Z,0.2.0,missing_dependency,,engineering_pending,0,100,0,,official,default,false
252542,Vilanova de la Barca,33,Segrià,2025 (2025S1),1160,,,6,5.172414,,12.2871,,0,missing,idescat_ep;gencat_housing_sales_2025;gencat_incasol_qww9-bvhh,,2026-08-21T21:48:17Z,0.2.0,missing_dependency,,engineering_pending,0,100,0,,official,default,false
252555,Vinaixa,18,Garrigues,2025 (2025S1),435,,,2,4.597701,,9.268,,0,missing,idescat_ep;gencat_housing_sales_2025;gencat_incasol_qww9-bvhh,,2026-08-21T21:48:17Z,0.2.0,missing_dependency,,engineering_pending,0,100,0,,official,default,false
259010,Vall de Cardós,26,Pallars Sobirà,2025 (2025S1),391,,,12,30.690537,,100,,0,missing,idescat_ep;gencat_housing_sales_2025;gencat_incasol_qww9-bvhh,,2026-08-21T21:48:17Z,0.2.0,missing_dependency,,engineering_pending,0,100,0,,official,default,false
259025,Sant Martí de Riucorb,38,Urgell,2025 (2025S1),675,,,2,2.962963,,0.6803,,0,missing,idescat_ep;gencat_housing_sales_2025;gencat_incasol_qww9-bvhh,,2026-08-21T21:48:17Z,0.2.0,missing_dependency,,engineering_pending,0,100,0,,official,default,false
259031,la Guingueta d'Àneu,26,Pallars Sobirà,2025 (2025S1),276,,,5,18.115942,,80.2826,,0,missing,idescat_ep;gencat_housing_sales_2025;gencat_incasol_qww9-bvhh,,2026-08-21T21:48:17Z,0.2.0,missing_dependency,,engineering_pending,0,100,0,,official,default,false
259046,Castell de Mur,25,Pallars Jussà,2025 (2025S1),159,,,,,,,,0,missing,idescat_ep;gencat_housing_sales_2025;gencat_incasol_qww9-bvhh,,2026-08-21T21:48:17Z,0.2.0,missing_dependency,,engineering_pending,0,100,0,,official,default,false
259059,Ribera d'Ondara,32,Segarra,2025 (2025S1),436,,,6,13.761468,,57.4075,,0,missing,idescat_ep;gencat_housing_sales_2025;gencat_incasol_qww9-bvhh,,2026-08-21T21:48:17Z,0.2.0,missing_dependency,,engineering_pending,0,100,0,,official,default,false
259062,les Valls d'Aguilar,04,Alt Urgell,2025 (2025S1),259,,,,,,,,0,missing,idescat_ep;gencat_housing_sales_2025;gencat_incasol_qww9-bvhh,,2026-08-21T21:48:17Z,0.2.0,missing_dependency,,engineering_pending,0,100,0,,official,default,false
259078,Torrefeta i Florejacs,32,Segarra,2025 (2025S1),593,,,3,5.059022,,11.6914,,0,missing,idescat_ep;gencat_housing_sales_2025;gencat_incasol_qww9-bvhh,,2026-08-21T21:48:17Z,0.2.0,missing_dependency,,engineering_pending,0,100,0,,official,default,false
259084,Fígols i Alinyà,04,Alt Urgell,2025 (2025S1),235,,,3,12.765957,,52.1778,,0,missing,idescat_ep;gencat_housing_sales_2025;gencat_incasol_qww9-bvhh,,2026-08-21T21:48:17Z,0.2.0,missing_dependency,,engineering_pending,0,100,0,,official,default,false
259097,la Vansa i Fórnols,04,Alt Urgell,2025 (2025S1),189,,,2,10.582011,,40.705,,0,missing,idescat_ep;gencat_housing_sales_2025;gencat_incasol_qww9-bvhh,,2026-08-21T21:48:17Z,0.2.0,missing_dependency,,engineering_pending,0,100,0,,official,default,false
259101,Josa i Tuixén,04,Alt Urgell,2025 (2025S1),110,,,2,18.181818,,80.6287,,0,missing,idescat_ep;gencat_housing_sales_2025;gencat_incasol_qww9-bvhh,,2026-08-21T21:48:17Z,0.2.0,missing_dependency,,engineering_pending,0,100,0,,official,default,false
259118,els Plans de Sió,32,Segarra,2025 (2025S1),512,,,2,3.90625,,5.6356,,0,missing,idescat_ep;gencat_housing_sales_2025;gencat_incasol_qww9-bvhh,,2026-08-21T21:48:17Z,0.2.0,missing_dependency,,engineering_pending,0,100,0,,official,default,false
259123,Gimenells i el Pla de la Font,33,Segrià,2025 (2025S1),1072,,,,,,,,0,missing,idescat_ep;gencat_housing_sales_2025;gencat_incasol_qww9-bvhh,,2026-08-21T21:48:17Z,0.2.0,missing_dependency,,engineering_pending,0,100,0,,official,default,false
259139,Riu de Cerdanya,15,Cerdanya,2025 (2025S1),96,,,2,20.833333,,94.5577,,0,missing,idescat_ep;gencat_housing_sales_2025;gencat_incasol_qww9-bvhh,,2026-08-21T21:48:17Z,0.2.0,missing_dependency,,engineering_pending,0,100,0,,official,default,false
430017,Aiguamúrcia,01,Alt Camp,2025 (2025S1),1002,,,2,1.996008,,0,,0,missing,idescat_ep;gencat_housing_sales_2025;gencat_incasol_qww9-bvhh,,2026-08-21T21:48:17Z,0.2.0,missing_dependency,,engineering_pending,0,100,0,,official,default,false
430022,Albinyana,12,Baix Penedès,2025 (2025S1),2718,53,19.499632,14,5.150846,73.7516,12.1738,49.1205,90,municipality,idescat_ep;gencat_housing_sales_2025;gencat_incasol_qww9-bvhh,,2026-08-21T21:48:17Z,0.2.0,,,complete,49.1205,49.1205,100,,official,default,true
430038,l'Albiol,08,Baix Camp,2025 (2025S1),556,,,,,,,,0,missing,idescat_ep;gencat_housing_sales_2025;gencat_incasol_qww9-bvhh,,2026-08-21T21:48:17Z,0.2.0,missing_dependency,,engineering_pending,0,100,0,,official,default,false
430043,Alcanar,22,Montsià,2025 (2025S1),10048,254,25.278662,102,10.151274,100,38.4422,75.3769,90,municipality,idescat_ep;gencat_housing_sales_2025;gencat_incasol_qww9-bvhh,,2026-08-21T21:48:17Z,0.2.0,,,complete,75.3769,75.3769,100,,official,default,true
430056,Alcover,01,Alt Camp,2025 (2025S1),5357,49,9.146911,35,6.533508,21.842,19.4372,20.8801,90,municipality,idescat_ep;gencat_housing_sales_2025;gencat_incasol_qww9-bvhh,,2026-08-21T21:48:17Z,0.2.0,,,complete,20.8801,20.8801,100,,official,default,true
430069,Aldover,09,Baix Ebre,2025 (2025S1),910,,,2,2.197802,,0,,0,missing,idescat_ep;gencat_housing_sales_2025;gencat_incasol_qww9-bvhh,,2026-08-21T21:48:17Z,0.2.0,missing_dependency,,engineering_pending,0,100,0,,official,default,false
430075,l'Aleixar,08,Baix Camp,2025 (2025S1),1026,,,13,12.670565,,51.6767,,0,missing,idescat_ep;gencat_housing_sales_2025;gencat_incasol_qww9-bvhh,,2026-08-21T21:48:17Z,0.2.0,missing_dependency,,engineering_pending,0,100,0,,official,default,false
430081,Alfara de Carles,09,Baix Ebre,2025 (2025S1),355,,,1,2.816901,,0,,0,missing,idescat_ep;gencat_housing_sales_2025;gencat_incasol_qww9-bvhh,,2026-08-21T21:48:17Z,0.2.0,missing_dependency,,engineering_pending,0,100,0,,official,default,false
430094,Alforja,08,Baix Camp,2025 (2025S1),2031,39,19.202363,8,3.938946,72.2611,5.8074,45.6796,90,municipality,idescat_ep;gencat_housing_sales_2025;gencat_incasol_qww9-bvhh,,2026-08-21T21:48:17Z,0.2.0,,,complete,45.6796,45.6796,100,,official,default,true
430108,Alió,01,Alt Camp,2025 (2025S1),499,,,3,6.012024,,16.6978,,0,missing,idescat_ep;gencat_housing_sales_2025;gencat_incasol_qww9-bvhh,,2026-08-21T21:48:17Z,0.2.0,missing_dependency,,engineering_pending,0,100,0,,official,default,false
430115,Almoster,08,Baix Camp,2025 (2025S1),1383,,,4,2.892263,,0.3089,,0,missing,idescat_ep;gencat_housing_sales_2025;gencat_incasol_qww9-bvhh,,2026-08-21T21:48:17Z,0.2.0,missing_dependency,,engineering_pending,0,100,0,,official,default,false
430120,Altafulla,36,Tarragonès,2025 (2025S1),5856,90,15.368852,94,16.051913,53.0395,69.4397,59.5996,90,municipality,idescat_ep;gencat_housing_sales_2025;gencat_incasol_qww9-bvhh,,2026-08-21T21:48:17Z,0.2.0,,,complete,59.5996,59.5996,100,,official,default,true
430136,l'Ametlla de Mar,09,Baix Ebre,2025 (2025S1),7436,216,29.047875,70,9.413663,100,34.5674,73.827,90,municipality,idescat_ep;gencat_housing_sales_2025;gencat_incasol_qww9-bvhh,,2026-08-21T21:48:17Z,0.2.0,,,complete,73.827,73.827,100,,official,default,true
430141,Amposta,22,Montsià,2025 (2025S1),23047,457,19.829045,250,10.847399,75.4033,42.0992,62.0817,90,municipality,idescat_ep;gencat_housing_sales_2025;gencat_incasol_qww9-bvhh,,2026-08-21T21:48:17Z,0.2.0,,,complete,62.0817,62.0817,100,,official,default,true
430154,Arbolí,08,Baix Camp,2025 (2025S1),138,,,3,21.73913,,99.3161,,0,missing,idescat_ep;gencat_housing_sales_2025;gencat_incasol_qww9-bvhh,,2026-08-21T21:48:17Z,0.2.0,missing_dependency,,engineering_pending,0,100,0,,official,default,false
430167,l'Arboç,12,Baix Penedès,2025 (2025S1),5701,64,11.226101,79,13.857218,32.2673,57.9105,42.5246,90,municipality,idescat_ep;gencat_housing_sales_2025;gencat_incasol_qww9-bvhh,,2026-08-21T21:48:17Z,0.2.0,,,complete,42.5246,42.5246,100,,official,default,true
430173,l'Argentera,08,Baix Camp,2025 (2025S1),139,,,,,,,,0,missing,idescat_ep;gencat_housing_sales_2025;gencat_incasol_qww9-bvhh,,2026-08-21T21:48:17Z,0.2.0,missing_dependency,,engineering_pending,0,100,0,,official,default,false
430189,Arnes,37,Terra Alta,2025 (2025S1),460,,,4,8.695652,,30.7955,,0,missing,idescat_ep;gencat_housing_sales_2025;gencat_incasol_qww9-bvhh,,2026-08-21T21:48:17Z,0.2.0,missing_dependency,,engineering_pending,0,100,0,,official,default,false
430192,Ascó,30,Ribera d'Ebre,2025 (2025S1),1594,,,9,5.646173,,14.7759,,0,missing,idescat_ep;gencat_housing_sales_2025;gencat_incasol_qww9-bvhh,,2026-08-21T21:48:17Z,0.2.0,missing_dependency,,engineering_pending,0,100,0,,official,default,false
430206,Banyeres del Penedès,12,Baix Penedès,2025 (2025S1),3392,38,11.20283,21,6.191038,32.1506,17.6382,26.3456,90,municipality,idescat_ep;gencat_housing_sales_2025;gencat_incasol_qww9-bvhh,,2026-08-21T21:48:17Z,0.2.0,,,complete,26.3456,26.3456,100,,official,default,true
430213,Barberà de la Conca,16,Conca de Barberà,2025 (2025S1),486,,,9,18.518519,,82.3974,,0,missing,idescat_ep;gencat_housing_sales_2025;gencat_incasol_qww9-bvhh,,2026-08-21T21:48:17Z,0.2.0,missing_dependency,,engineering_pending,0,100,0,,official,default,false
430228,Batea,37,Terra Alta,2025 (2025S1),1873,,,13,6.940737,,21.5765,,0,missing,idescat_ep;gencat_housing_sales_2025;gencat_incasol_qww9-bvhh,,2026-08-21T21:48:17Z,0.2.0,missing_dependency,,engineering_pending,0,100,0,,official,default,false
430234,Bellmunt del Priorat,29,Priorat,2025 (2025S1),288,,,5,17.361111,,76.3173,,0,missing,idescat_ep;gencat_housing_sales_2025;gencat_incasol_qww9-bvhh,,2026-08-21T21:48:17Z,0.2.0,missing_dependency,,engineering_pending,0,100,0,,official,default,false
430249,Bellvei,12,Baix Penedès,2025 (2025S1),2464,37,15.016234,12,4.87013,51.2714,10.6991,35.0425,90,municipality,idescat_ep;gencat_housing_sales_2025;gencat_incasol_qww9-bvhh,,2026-08-21T21:48:17Z,0.2.0,,,complete,35.0425,35.0425,100,,official,default,true
430252,Benifallet,09,Baix Ebre,2025 (2025S1),708,,,3,4.237288,,7.3746,,0,missing,idescat_ep;gencat_housing_sales_2025;gencat_incasol_qww9-bvhh,,2026-08-21T21:48:17Z,0.2.0,missing_dependency,,engineering_pending,0,100,0,,official,default,false
430265,Benissanet,30,Ribera d'Ebre,2025 (2025S1),1191,,,6,5.037783,,11.5798,,0,missing,idescat_ep;gencat_housing_sales_2025;gencat_incasol_qww9-bvhh,,2026-08-21T21:48:17Z,0.2.0,missing_dependency,,engineering_pending,0,100,0,,official,default,false
430271,la Bisbal de Montsant,29,Priorat,2025 (2025S1),214,,,,,,,,0,missing,idescat_ep;gencat_housing_sales_2025;gencat_incasol_qww9-bvhh,,2026-08-21T21:48:17Z,0.2.0,missing_dependency,,engineering_pending,0,100,0,,official,default,false
430287,la Bisbal del Penedès,12,Baix Penedès,2025 (2025S1),4270,86,20.140515,21,4.918033,76.9651,10.9508,50.5594,90,municipality,idescat_ep;gencat_housing_sales_2025;gencat_incasol_qww9-bvhh,,2026-08-21T21:48:17Z,0.2.0,,,complete,50.5594,50.5594,100,,official,default,true
430290,Blancafort,16,Conca de Barberà,2025 (2025S1),392,,,7,17.857143,,78.9231,,0,missing,idescat_ep;gencat_housing_sales_2025;gencat_incasol_qww9-bvhh,,2026-08-21T21:48:17Z,0.2.0,missing_dependency,,engineering_pending,0,100,0,,official,default,false
430304,Bonastre,12,Baix Penedès,2025 (2025S1),778,,,6,7.712082,,25.6286,,0,missing,idescat_ep;gencat_housing_sales_2025;gencat_incasol_qww9-bvhh,,2026-08-21T21:48:17Z,0.2.0,missing_dependency,,engineering_pending,0,100,0,,official,default,false
430311,les Borges del Camp,08,Baix Camp,2025 (2025S1),2313,22,9.511457,16,6.917423,23.6699,21.454,22.7835,90,municipality,idescat_ep;gencat_housing_sales_2025;gencat_incasol_qww9-bvhh,,2026-08-21T21:48:17Z,0.2.0,,,complete,22.7835,22.7835,100,,official,default,true
430326,Bot,37,Terra Alta,2025 (2025S1),545,,,3,5.504587,,14.0321,,0,missing,idescat_ep;gencat_housing_sales_2025;gencat_incasol_qww9-bvhh,,2026-08-21T21:48:17Z,0.2.0,missing_dependency,,engineering_pending,0,100,0,,official,default,false
430332,Botarell,08,Baix Camp,2025 (2025S1),1156,,,7,6.055363,,16.9254,,0,missing,idescat_ep;gencat_housing_sales_2025;gencat_incasol_qww9-bvhh,,2026-08-21T21:48:17Z,0.2.0,missing_dependency,,engineering_pending,0,100,0,,official,default,false
430347,Bràfim,01,Alt Camp,2025 (2025S1),705,,,2,2.836879,,0.0179,,0,missing,idescat_ep;gencat_housing_sales_2025;gencat_incasol_qww9-bvhh,,2026-08-21T21:48:17Z,0.2.0,missing_dependency,,engineering_pending,0,100,0,,official,default,false
430350,Cabacés,29,Priorat,2025 (2025S1),295,,,,,,,,0,missing,idescat_ep;gencat_housing_sales_2025;gencat_incasol_qww9-bvhh,,2026-08-21T21:48:17Z,0.2.0,missing_dependency,,engineering_pending,0,100,0,,official,default,false
430363,Cabra del Camp,01,Alt Camp,2025 (2025S1),1387,,,10,7.209805,,22.99,,0,missing,idescat_ep;gencat_housing_sales_2025;gencat_incasol_qww9-bvhh,,2026-08-21T21:48:17Z,0.2.0,missing_dependency,,engineering_pending,0,100,0,,official,default,false
430379,Calafell,12,Baix Penedès,2025 (2025S1),32429,718,22.140677,552,17.021801,86.9941,74.5348,82.0104,90,municipality,idescat_ep;gencat_housing_sales_2025;gencat_incasol_qww9-bvhh,,2026-08-21T21:48:17Z,0.2.0,,,complete,82.0104,82.0104,100,,official,default,true
430385,Cambrils,08,Baix Camp,2025 (2025S1),37068,851,22.957807,564,15.21528,91.0913,65.0447,80.6727,90,municipality,idescat_ep;gencat_housing_sales_2025;gencat_incasol_qww9-bvhh,,2026-08-21T21:48:17Z,0.2.0,,,complete,80.6727,80.6727,100,,official,default,true
430398,Capafonts,08,Baix Camp,2025 (2025S1),101,,,,,,,,0,missing,idescat_ep;gencat_housing_sales_2025;gencat_incasol_qww9-bvhh,,2026-08-21T21:48:17Z,0.2.0,missing_dependency,,engineering_pending,0,100,0,,official,default,false
430402,Capçanes,29,Priorat,2025 (2025S1),446,,,1,2.242152,,0,,0,missing,idescat_ep;gencat_housing_sales_2025;gencat_incasol_qww9-bvhh,,2026-08-21T21:48:17Z,0.2.0,missing_dependency,,engineering_pending,0,100,0,,official,default,false
430419,Caseres,37,Terra Alta,2025 (2025S1),250,,,1,4,,6.1281,,0,missing,idescat_ep;gencat_housing_sales_2025;gencat_incasol_qww9-bvhh,,2026-08-21T21:48:17Z,0.2.0,missing_dependency,,engineering_pending,0,100,0,,official,default,false
430424,Castellvell del Camp,08,Baix Camp,2025 (2025S1),3001,31,10.32989,3,0.999667,27.7736,0,16.6642,90,municipality,idescat_ep;gencat_housing_sales_2025;gencat_incasol_qww9-bvhh,,2026-08-21T21:48:17Z,0.2.0,,,complete,16.6642,16.6642,100,,official,default,true
430430,el Catllar,36,Tarragonès,2025 (2025S1),5387,56,10.395396,26,4.826434,28.102,10.4696,21.049,90,municipality,idescat_ep;gencat_housing_sales_2025;gencat_incasol_qww9-bvhh,,2026-08-21T21:48:17Z,0.2.0,,,complete,21.049,21.049,100,,official,default,true
430445,la Sénia,22,Montsià,2025 (2025S1),5605,78,13.916146,35,6.244425,45.7554,17.9186,34.6207,90,municipality,idescat_ep;gencat_housing_sales_2025;gencat_incasol_qww9-bvhh,,2026-08-21T21:48:17Z,0.2.0,,,complete,34.6207,34.6207,100,,official,default,true
430458,Colldejou,08,Baix Camp,2025 (2025S1),157,,,,,,,,0,missing,idescat_ep;gencat_housing_sales_2025;gencat_incasol_qww9-bvhh,,2026-08-21T21:48:17Z,0.2.0,missing_dependency,,engineering_pending,0,100,0,,official,default,false
430461,Conesa,16,Conca de Barberà,2025 (2025S1),113,,,3,26.548673,,100,,0,missing,idescat_ep;gencat_housing_sales_2025;gencat_incasol_qww9-bvhh,,2026-08-21T21:48:17Z,0.2.0,missing_dependency,,engineering_pending,0,100,0,,official,default,false
430477,Constantí,36,Tarragonès,2025 (2025S1),7155,105,14.675052,91,12.718379,49.5607,51.9279,50.5076,90,municipality,idescat_ep;gencat_housing_sales_2025;gencat_incasol_qww9-bvhh,,2026-08-21T21:48:17Z,0.2.0,,,complete,50.5076,50.5076,100,,official,default,true
430483,Corbera d'Ebre,37,Terra Alta,2025 (2025S1),1024,,,5,4.882812,,10.7657,,0,missing,idescat_ep;gencat_housing_sales_2025;gencat_incasol_qww9-bvhh,,2026-08-21T21:48:17Z,0.2.0,missing_dependency,,engineering_pending,0,100,0,,official,default,false
430496,Cornudella de Montsant,29,Priorat,2025 (2025S1),1014,,,9,8.87574,,31.7416,,0,missing,idescat_ep;gencat_housing_sales_2025;gencat_incasol_qww9-bvhh,,2026-08-21T21:48:17Z,0.2.0,missing_dependency,,engineering_pending,0,100,0,,official,default,false
430509,Creixell,36,Tarragonès,2025 (2025S1),4244,104,24.505184,48,11.310085,98.85,44.5298,77.1219,90,municipality,idescat_ep;gencat_housing_sales_2025;gencat_incasol_qww9-bvhh,,2026-08-21T21:48:17Z,0.2.0,,,complete,77.1219,77.1219,100,,official,default,true
430516,Cunit,12,Baix Penedès,2025 (2025S1),16304,434,26.619235,196,12.02159,100,48.2675,79.307,90,municipality,idescat_ep;gencat_housing_sales_2025;gencat_incasol_qww9-bvhh,,2026-08-21T21:48:17Z,0.2.0,,,complete,79.307,79.307,100,,official,default,true
430521,Xerta,09,Baix Ebre,2025 (2025S1),1186,,,9,7.588533,,24.9795,,0,missing,idescat_ep;gencat_housing_sales_2025;gencat_incasol_qww9-bvhh,,2026-08-21T21:48:17Z,0.2.0,missing_dependency,,engineering_pending,0,100,0,,official,default,false
430537,Duesaigües,08,Baix Camp,2025 (2025S1),219,,,6,27.39726,,100,,0,missing,idescat_ep;gencat_housing_sales_2025;gencat_incasol_qww9-bvhh,,2026-08-21T21:48:17Z,0.2.0,missing_dependency,,engineering_pending,0,100,0,,official,default,false
430542,l'Espluga de Francolí,16,Conca de Barberà,2025 (2025S1),3892,36,9.249743,44,11.305242,22.3576,44.5043,31.2163,90,municipality,idescat_ep;gencat_housing_sales_2025;gencat_incasol_qww9-bvhh,,2026-08-21T21:48:17Z,0.2.0,,,complete,31.2163,31.2163,100,,official,default,true
430555,Falset,29,Priorat,2025 (2025S1),2892,32,11.065007,31,10.719225,31.4595,41.4258,35.446,90,municipality,idescat_ep;gencat_housing_sales_2025;gencat_incasol_qww9-bvhh,,2026-08-21T21:48:17Z,0.2.0,,,complete,35.446,35.446,100,,official,default,true
430568,la Fatarella,37,Terra Alta,2025 (2025S1),841,,,1,1.189061,,0,,0,missing,idescat_ep;gencat_housing_sales_2025;gencat_incasol_qww9-bvhh,,2026-08-21T21:48:17Z,0.2.0,missing_dependency,,engineering_pending,0,100,0,,official,default,false
430574,la Febró,08,Baix Camp,2025 (2025S1),35,,,,,,,,0,missing,idescat_ep;gencat_housing_sales_2025;gencat_incasol_qww9-bvhh,,2026-08-21T21:48:17Z,0.2.0,missing_dependency,,engineering_pending,0,100,0,,official,default,false
430580,la Figuera,29,Priorat,2025 (2025S1),116,,,1,8.62069,,30.4017,,0,missing,idescat_ep;gencat_housing_sales_2025;gencat_incasol_qww9-bvhh,,2026-08-21T21:48:17Z,0.2.0,missing_dependency,,engineering_pending,0,100,0,,official,default,false
430593,Figuerola del Camp,01,Alt Camp,2025 (2025S1),343,,,1,2.915452,,0.4307,,0,missing,idescat_ep;gencat_housing_sales_2025;gencat_incasol_qww9-bvhh,,2026-08-21T21:48:17Z,0.2.0,missing_dependency,,engineering_pending,0,100,0,,official,default,false
430607,Flix,30,Ribera d'Ebre,2025 (2025S1),3342,29,8.677439,27,8.078995,19.488,27.5561,22.7152,90,municipality,idescat_ep;gencat_housing_sales_2025;gencat_incasol_qww9-bvhh,,2026-08-21T21:48:17Z,0.2.0,,,complete,22.7152,22.7152,100,,official,default,true
430614,Forès,16,Conca de Barberà,2025 (2025S1),39,,,,,,,,0,missing,idescat_ep;gencat_housing_sales_2025;gencat_incasol_qww9-bvhh,,2026-08-21T21:48:17Z,0.2.0,missing_dependency,,engineering_pending,0,100,0,,official,default,false
430629,Freginals,22,Montsià,2025 (2025S1),445,,,2,4.494382,,8.7252,,0,missing,idescat_ep;gencat_housing_sales_2025;gencat_incasol_qww9-bvhh,,2026-08-21T21:48:17Z,0.2.0,missing_dependency,,engineering_pending,0,100,0,,official,default,false
430635,la Galera,22,Montsià,2025 (2025S1),731,,,4,5.471956,,13.8606,,0,missing,idescat_ep;gencat_housing_sales_2025;gencat_incasol_qww9-bvhh,,2026-08-21T21:48:17Z,0.2.0,missing_dependency,,engineering_pending,0,100,0,,official,default,false
430640,Gandesa,37,Terra Alta,2025 (2025S1),3151,15,4.760394,32,10.155506,0,38.4645,15.3858,90,municipality,idescat_ep;gencat_housing_sales_2025;gencat_incasol_qww9-bvhh,,2026-08-21T21:48:17Z,0.2.0,,,complete,15.3858,15.3858,100,,official,default,true
430653,Garcia,30,Ribera d'Ebre,2025 (2025S1),555,,,2,3.603604,,4.0457,,0,missing,idescat_ep;gencat_housing_sales_2025;gencat_incasol_qww9-bvhh,,2026-08-21T21:48:17Z,0.2.0,missing_dependency,,engineering_pending,0,100,0,,official,default,false
430666,els Garidells,01,Alt Camp,2025 (2025S1),211,,,4,18.957346,,84.7027,,0,missing,idescat_ep;gencat_housing_sales_2025;gencat_incasol_qww9-bvhh,,2026-08-21T21:48:17Z,0.2.0,missing_dependency,,engineering_pending,0,100,0,,official,default,false
430672,Ginestar,30,Ribera d'Ebre,2025 (2025S1),799,,,3,3.754693,,4.8394,,0,missing,idescat_ep;gencat_housing_sales_2025;gencat_incasol_qww9-bvhh,,2026-08-21T21:48:17Z,0.2.0,missing_dependency,,engineering_pending,0,100,0,,official,default,false
430688,Godall,22,Montsià,2025 (2025S1),600,,,,,,,,0,missing,idescat_ep;gencat_housing_sales_2025;gencat_incasol_qww9-bvhh,,2026-08-21T21:48:17Z,0.2.0,missing_dependency,,engineering_pending,0,100,0,,official,default,false
430691,Gratallops,29,Priorat,2025 (2025S1),227,,,1,4.405286,,8.2572,,0,missing,idescat_ep;gencat_housing_sales_2025;gencat_incasol_qww9-bvhh,,2026-08-21T21:48:17Z,0.2.0,missing_dependency,,engineering_pending,0,100,0,,official,default,false
430705,els Guiamets,29,Priorat,2025 (2025S1),253,,,2,7.905138,,26.6427,,0,missing,idescat_ep;gencat_housing_sales_2025;gencat_incasol_qww9-bvhh,,2026-08-21T21:48:17Z,0.2.0,missing_dependency,,engineering_pending,0,100,0,,official,default,false
430712,Horta de Sant Joan,37,Terra Alta,2025 (2025S1),1156,,,7,6.055363,,16.9254,,0,missing,idescat_ep;gencat_housing_sales_2025;gencat_incasol_qww9-bvhh,,2026-08-21T21:48:17Z,0.2.0,missing_dependency,,engineering_pending,0,100,0,,official,default,false
430727,el Lloar,29,Priorat,2025 (2025S1),100,,,,,,,,0,missing,idescat_ep;gencat_housing_sales_2025;gencat_incasol_qww9-bvhh,,2026-08-21T21:48:17Z,0.2.0,missing_dependency,,engineering_pending,0,100,0,,official,default,false
430733,Llorac,16,Conca de Barberà,2025 (2025S1),105,,,,,,,,0,missing,idescat_ep;gencat_housing_sales_2025;gencat_incasol_qww9-bvhh,,2026-08-21T21:48:17Z,0.2.0,missing_dependency,,engineering_pending,0,100,0,,official,default,false
430748,Llorenç del Penedès,12,Baix Penedès,2025 (2025S1),2426,25,10.305029,12,4.946414,27.6489,11.0998,21.0293,90,municipality,idescat_ep;gencat_housing_sales_2025;gencat_incasol_qww9-bvhh,,2026-08-21T21:48:17Z,0.2.0,,,complete,21.0293,21.0293,100,,official,default,true
430751,Margalef,29,Priorat,2025 (2025S1),110,,,1,9.090909,,32.8719,,0,missing,idescat_ep;gencat_housing_sales_2025;gencat_incasol_qww9-bvhh,,2026-08-21T21:48:17Z,0.2.0,missing_dependency,,engineering_pending,0,100,0,,official,default,false
430764,Marçà,29,Priorat,2025 (2025S1),624,,,6,9.615385,,35.6271,,0,missing,idescat_ep;gencat_housing_sales_2025;gencat_incasol_qww9-bvhh,,2026-08-21T21:48:17Z,0.2.0,missing_dependency,,engineering_pending,0,100,0,,official,default,false
430770,Mas de Barberans,22,Montsià,2025 (2025S1),535,,,,,,,,0,missing,idescat_ep;gencat_housing_sales_2025;gencat_incasol_qww9-bvhh,,2026-08-21T21:48:17Z,0.2.0,missing_dependency,,engineering_pending,0,100,0,,official,default,false
430786,Masdenverge,22,Montsià,2025 (2025S1),1145,,,10,8.733624,,30.995,,0,missing,idescat_ep;gencat_housing_sales_2025;gencat_incasol_qww9-bvhh,,2026-08-21T21:48:17Z,0.2.0,missing_dependency,,engineering_pending,0,100,0,,official,default,false
430799,Masllorenç,12,Baix Penedès,2025 (2025S1),568,,,7,12.323944,,49.8558,,0,missing,idescat_ep;gencat_housing_sales_2025;gencat_incasol_qww9-bvhh,,2026-08-21T21:48:17Z,0.2.0,missing_dependency,,engineering_pending,0,100,0,,official,default,false
430803,la Masó,01,Alt Camp,2025 (2025S1),308,,,1,3.246753,,2.1711,,0,missing,idescat_ep;gencat_housing_sales_2025;gencat_incasol_qww9-bvhh,,2026-08-21T21:48:17Z,0.2.0,missing_dependency,,engineering_pending,0,100,0,,official,default,false
430810,Maspujols,08,Baix Camp,2025 (2025S1),917,,,5,5.452563,,13.7588,,0,missing,idescat_ep;gencat_housing_sales_2025;gencat_incasol_qww9-bvhh,,2026-08-21T21:48:17Z,0.2.0,missing_dependency,,engineering_pending,0,100,0,,official,default,false
430825,el Masroig,29,Priorat,2025 (2025S1),477,,,4,8.385744,,29.1675,,0,missing,idescat_ep;gencat_housing_sales_2025;gencat_incasol_qww9-bvhh,,2026-08-21T21:48:17Z,0.2.0,missing_dependency,,engineering_pending,0,100,0,,official,default,false
430831,el Milà,01,Alt Camp,2025 (2025S1),194,,,,,,,,0,missing,idescat_ep;gencat_housing_sales_2025;gencat_incasol_qww9-bvhh,,2026-08-21T21:48:17Z,0.2.0,missing_dependency,,engineering_pending,0,100,0,,official,default,false
430846,Miravet,30,Ribera d'Ebre,2025 (2025S1),701,,,4,5.706134,,15.0908,,0,missing,idescat_ep;gencat_housing_sales_2025;gencat_incasol_qww9-bvhh,,2026-08-21T21:48:17Z,0.2.0,missing_dependency,,engineering_pending,0,100,0,,official,default,false
430859,el Molar,29,Priorat,2025 (2025S1),301,,,,,,,,0,missing,idescat_ep;gencat_housing_sales_2025;gencat_incasol_qww9-bvhh,,2026-08-21T21:48:17Z,0.2.0,missing_dependency,,engineering_pending,0,100,0,,official,default,false
430862,Montblanc,16,Conca de Barberà,2025 (2025S1),7568,57,7.531712,70,9.249471,13.7432,33.7049,21.7279,90,municipality,idescat_ep;gencat_housing_sales_2025;gencat_incasol_qww9-bvhh,,2026-08-21T21:48:17Z,0.2.0,,,complete,21.7279,21.7279,100,,official,default,true
430884,Montbrió del Camp,08,Baix Camp,2025 (2025S1),3167,72,22.734449,22,6.946637,89.9713,21.6075,62.6258,90,municipality,idescat_ep;gencat_housing_sales_2025;gencat_incasol_qww9-bvhh,,2026-08-21T21:48:17Z,0.2.0,,,complete,62.6258,62.6258,100,,official,default,true
430897,Montferri,01,Alt Camp,2025 (2025S1),509,,,2,3.929273,,5.7566,,0,missing,idescat_ep;gencat_housing_sales_2025;gencat_incasol_qww9-bvhh,,2026-08-21T21:48:17Z,0.2.0,missing_dependency,,engineering_pending,0,100,0,,official,default,false
430901,el Montmell,12,Baix Penedès,2025 (2025S1),1945,,,6,3.084833,,1.3205,,0,missing,idescat_ep;gencat_housing_sales_2025;gencat_incasol_qww9-bvhh,,2026-08-21T21:48:17Z,0.2.0,missing_dependency,,engineering_pending,0,100,0,,official,default,false
430918,Mont-ral,01,Alt Camp,2025 (2025S1),176,,,3,17.045455,,74.6591,,0,missing,idescat_ep;gencat_housing_sales_2025;gencat_incasol_qww9-bvhh,,2026-08-21T21:48:17Z,0.2.0,missing_dependency,,engineering_pending,0,100,0,,official,default,false
430923,Mont-roig del Camp,08,Baix Camp,2025 (2025S1),14652,519,35.421785,175,11.943762,100,47.8586,79.1434,90,municipality,idescat_ep;gencat_housing_sales_2025;gencat_incasol_qww9-bvhh,,2026-08-21T21:48:17Z,0.2.0,,,complete,79.1434,79.1434,100,,official,default,true
430939,Móra d'Ebre,30,Ribera d'Ebre,2025 (2025S1),5841,64,10.957028,89,15.237117,30.9181,65.1594,44.6146,90,municipality,idescat_ep;gencat_housing_sales_2025;gencat_incasol_qww9-bvhh,,2026-08-21T21:48:17Z,0.2.0,,,complete,44.6146,44.6146,100,,official,default,true
430944,Móra la Nova,30,Ribera d'Ebre,2025 (2025S1),3365,43,12.778603,19,5.64636,40.0517,14.7768,29.9417,90,municipality,idescat_ep;gencat_housing_sales_2025;gencat_incasol_qww9-bvhh,,2026-08-21T21:48:17Z,0.2.0,,,complete,29.9417,29.9417,100,,official,default,true
430957,el Morell,36,Tarragonès,2025 (2025S1),3811,47,12.332721,42,11.020729,37.816,43.0097,39.8935,90,municipality,idescat_ep;gencat_housing_sales_2025;gencat_incasol_qww9-bvhh,,2026-08-21T21:48:17Z,0.2.0,,,complete,39.8935,39.8935,100,,official,default,true
430960,la Morera de Montsant,29,Priorat,2025 (2025S1),154,,,1,6.493506,,19.2271,,0,missing,idescat_ep;gencat_housing_sales_2025;gencat_incasol_qww9-bvhh,,2026-08-21T21:48:17Z,0.2.0,missing_dependency,,engineering_pending,0,100,0,,official,default,false
430976,la Nou de Gaià,36,Tarragonès,2025 (2025S1),602,,,4,6.644518,,20.0204,,0,missing,idescat_ep;gencat_housing_sales_2025;gencat_incasol_qww9-bvhh,,2026-08-21T21:48:17Z,0.2.0,missing_dependency,,engineering_pending,0,100,0,,official,default,false
430982,Nulles,01,Alt Camp,2025 (2025S1),556,,,4,7.194245,,22.9082,,0,missing,idescat_ep;gencat_housing_sales_2025;gencat_incasol_qww9-bvhh,,2026-08-21T21:48:17Z,0.2.0,missing_dependency,,engineering_pending,0,100,0,,official,default,false
430995,la Palma d'Ebre,30,Ribera d'Ebre,2025 (2025S1),331,,,1,3.021148,,0.986,,0,missing,idescat_ep;gencat_housing_sales_2025;gencat_incasol_qww9-bvhh,,2026-08-21T21:48:17Z,0.2.0,missing_dependency,,engineering_pending,0,100,0,,official,default,false
431009,els Pallaresos,36,Tarragonès,2025 (2025S1),5043,46,9.121555,7,1.388063,21.7149,0,13.0289,90,municipality,idescat_ep;gencat_housing_sales_2025;gencat_incasol_qww9-bvhh,,2026-08-21T21:48:17Z,0.2.0,,,complete,13.0289,13.0289,100,,official,default,true
431016,Passanant i Belltall,16,Conca de Barberà,2025 (2025S1),149,,,,,,,,0,missing,idescat_ep;gencat_housing_sales_2025;gencat_incasol_qww9-bvhh,,2026-08-21T21:48:17Z,0.2.0,missing_dependency,,engineering_pending,0,100,0,,official,default,false
431021,Paüls,09,Baix Ebre,2025 (2025S1),554,,,4,7.220217,,23.0447,,0,missing,idescat_ep;gencat_housing_sales_2025;gencat_incasol_qww9-bvhh,,2026-08-21T21:48:17Z,0.2.0,missing_dependency,,engineering_pending,0,100,0,,official,default,false
431037,Perafort,36,Tarragonès,2025 (2025S1),1353,,,12,8.86918,,31.7071,,0,missing,idescat_ep;gencat_housing_sales_2025;gencat_incasol_qww9-bvhh,,2026-08-21T21:48:17Z,0.2.0,missing_dependency,,engineering_pending,0,100,0,,official,default,false
431042,el Perelló,09,Baix Ebre,2025 (2025S1),3005,60,19.966722,25,8.319468,76.0937,28.8193,57.1839,90,municipality,idescat_ep;gencat_housing_sales_2025;gencat_incasol_qww9-bvhh,,2026-08-21T21:48:17Z,0.2.0,,,complete,57.1839,57.1839,100,,official,default,true
431055,les Piles de Gaià,16,Conca de Barberà,2025 (2025S1),228,,,1,4.385965,,8.1557,,0,missing,idescat_ep;gencat_housing_sales_2025;gencat_incasol_qww9-bvhh,,2026-08-21T21:48:17Z,0.2.0,missing_dependency,,engineering_pending,0,100,0,,official,default,false
431068,el Pinell de Brai,37,Terra Alta,2025 (2025S1),948,,,4,4.219409,,7.2807,,0,missing,idescat_ep;gencat_housing_sales_2025;gencat_incasol_qww9-bvhh,,2026-08-21T21:48:17Z,0.2.0,missing_dependency,,engineering_pending,0,100,0,,official,default,false
431074,Pira,16,Conca de Barberà,2025 (2025S1),512,,,5,9.765625,,36.4163,,0,missing,idescat_ep;gencat_housing_sales_2025;gencat_incasol_qww9-bvhh,,2026-08-21T21:48:17Z,0.2.0,missing_dependency,,engineering_pending,0,100,0,,official,default,false
431080,el Pla de Santa Maria,01,Alt Camp,2025 (2025S1),2412,27,11.19403,30,12.437811,32.1065,50.454,39.4455,90,municipality,idescat_ep;gencat_housing_sales_2025;gencat_incasol_qww9-bvhh,,2026-08-21T21:48:17Z,0.2.0,,,complete,39.4455,39.4455,100,,official,default,true
431093,la Pobla de Mafumet,36,Tarragonès,2025 (2025S1),4187,64,15.285407,73,17.434918,52.6211,76.705,62.2547,90,municipality,idescat_ep;gencat_housing_sales_2025;gencat_incasol_qww9-bvhh,,2026-08-21T21:48:17Z,0.2.0,,,complete,62.2547,62.2547,100,,official,default,true
431107,la Pobla de Massaluca,37,Terra Alta,2025 (2025S1),344,,,,,,,,0,missing,idescat_ep;gencat_housing_sales_2025;gencat_incasol_qww9-bvhh,,2026-08-21T21:48:17Z,0.2.0,missing_dependency,,engineering_pending,0,100,0,,official,default,false
431114,la Pobla de Montornès,36,Tarragonès,2025 (2025S1),3470,79,22.766571,24,6.916427,90.1324,21.4488,62.659,90,municipality,idescat_ep;gencat_housing_sales_2025;gencat_incasol_qww9-bvhh,,2026-08-21T21:48:17Z,0.2.0,,,complete,62.659,62.659,100,,official,default,true
431129,Poboleda,29,Priorat,2025 (2025S1),345,,,,,,,,0,missing,idescat_ep;gencat_housing_sales_2025;gencat_incasol_qww9-bvhh,,2026-08-21T21:48:17Z,0.2.0,missing_dependency,,engineering_pending,0,100,0,,official,default,false
431135,el Pont d'Armentera,01,Alt Camp,2025 (2025S1),507,,,6,11.83432,,47.2837,,0,missing,idescat_ep;gencat_housing_sales_2025;gencat_incasol_qww9-bvhh,,2026-08-21T21:48:17Z,0.2.0,missing_dependency,,engineering_pending,0,100,0,,official,default,false
431140,Porrera,29,Priorat,2025 (2025S1),407,,,1,2.457002,,0,,0,missing,idescat_ep;gencat_housing_sales_2025;gencat_incasol_qww9-bvhh,,2026-08-21T21:48:17Z,0.2.0,missing_dependency,,engineering_pending,0,100,0,,official,default,false
431153,Pradell de la Teixeta,29,Priorat,2025 (2025S1),182,,,1,5.494505,,13.9791,,0,missing,idescat_ep;gencat_housing_sales_2025;gencat_incasol_qww9-bvhh,,2026-08-21T21:48:17Z,0.2.0,missing_dependency,,engineering_pending,0,100,0,,official,default,false
431166,Prades,08,Baix Camp,2025 (2025S1),644,,,11,17.080745,,74.8445,,0,missing,idescat_ep;gencat_housing_sales_2025;gencat_incasol_qww9-bvhh,,2026-08-21T21:48:17Z,0.2.0,missing_dependency,,engineering_pending,0,100,0,,official,default,false
431172,Prat de Comte,37,Terra Alta,2025 (2025S1),180,,,,,,,,0,missing,idescat_ep;gencat_housing_sales_2025;gencat_incasol_qww9-bvhh,,2026-08-21T21:48:17Z,0.2.0,missing_dependency,,engineering_pending,0,100,0,,official,default,false
431188,Pratdip,08,Baix Camp,2025 (2025S1),784,,,5,6.377551,,18.618,,0,missing,idescat_ep;gencat_housing_sales_2025;gencat_incasol_qww9-bvhh,,2026-08-21T21:48:17Z,0.2.0,missing_dependency,,engineering_pending,0,100,0,,official,default,false
431191,Puigpelat,01,Alt Camp,2025 (2025S1),1225,,,9,7.346939,,23.7104,,0,missing,idescat_ep;gencat_housing_sales_2025;gencat_incasol_qww9-bvhh,,2026-08-21T21:48:17Z,0.2.0,missing_dependency,,engineering_pending,0,100,0,,official,default,false
431205,Querol,01,Alt Camp,2025 (2025S1),614,,,3,4.885993,,10.7824,,0,missing,idescat_ep;gencat_housing_sales_2025;gencat_incasol_qww9-bvhh,,2026-08-21T21:48:17Z,0.2.0,missing_dependency,,engineering_pending,0,100,0,,official,default,false
431212,Rasquera,30,Ribera d'Ebre,2025 (2025S1),788,,,5,6.345178,,18.4479,,0,missing,idescat_ep;gencat_housing_sales_2025;gencat_incasol_qww9-bvhh,,2026-08-21T21:48:17Z,0.2.0,missing_dependency,,engineering_pending,0,100,0,,official,default,false
431227,Renau,36,Tarragonès,2025 (2025S1),165,,,,,,,,0,missing,idescat_ep;gencat_housing_sales_2025;gencat_incasol_qww9-bvhh,,2026-08-21T21:48:17Z,0.2.0,missing_dependency,,engineering_pending,0,100,0,,official,default,false
431233,Reus,08,Baix Camp,2025 (2025S1),111911,1484,13.260537,1685,15.056607,42.4682,64.2112,51.1654,90,municipality,idescat_ep;gencat_housing_sales_2025;gencat_incasol_qww9-bvhh,,2026-08-21T21:48:17Z,0.2.0,,,complete,51.1654,51.1654,100,,official,default,true
431248,la Riba,01,Alt Camp,2025 (2025S1),574,,,4,6.968641,,21.7231,,0,missing,idescat_ep;gencat_housing_sales_2025;gencat_incasol_qww9-bvhh,,2026-08-21T21:48:17Z,0.2.0,missing_dependency,,engineering_pending,0,100,0,,official,default,false
431251,Riba-roja d'Ebre,30,Ribera d'Ebre,2025 (2025S1),1127,,,15,13.309672,,55.0341,,0,missing,idescat_ep;gencat_housing_sales_2025;gencat_incasol_qww9-bvhh,,2026-08-21T21:48:17Z,0.2.0,missing_dependency,,engineering_pending,0,100,0,,official,default,false
431264,la Riera de Gaià,36,Tarragonès,2025 (2025S1),1831,,,16,8.738394,,31.02,,0,missing,idescat_ep;gencat_housing_sales_2025;gencat_incasol_qww9-bvhh,,2026-08-21T21:48:17Z,0.2.0,missing_dependency,,engineering_pending,0,100,0,,official,default,false
431270,Riudecanyes,08,Baix Camp,2025 (2025S1),1379,,,9,6.526468,,19.4003,,0,missing,idescat_ep;gencat_housing_sales_2025;gencat_incasol_qww9-bvhh,,2026-08-21T21:48:17Z,0.2.0,missing_dependency,,engineering_pending,0,100,0,,official,default,false
431286,Riudecols,08,Baix Camp,2025 (2025S1),1280,,,18,14.0625,,58.9889,,0,missing,idescat_ep;gencat_housing_sales_2025;gencat_incasol_qww9-bvhh,,2026-08-21T21:48:17Z,0.2.0,missing_dependency,,engineering_pending,0,100,0,,official,default,false
431299,Riudoms,08,Baix Camp,2025 (2025S1),6927,49,7.073769,80,11.549011,11.4471,45.7849,25.1822,90,municipality,idescat_ep;gencat_housing_sales_2025;gencat_incasol_qww9-bvhh,,2026-08-21T21:48:17Z,0.2.0,,,complete,25.1822,25.1822,100,,official,default,true
431303,Rocafort de Queralt,16,Conca de Barberà,2025 (2025S1),246,,,3,12.195122,,49.1791,,0,missing,idescat_ep;gencat_housing_sales_2025;gencat_incasol_qww9-bvhh,,2026-08-21T21:48:17Z,0.2.0,missing_dependency,,engineering_pending,0,100,0,,official,default,false
431310,Roda de Berà,36,Tarragonès,2025 (2025S1),8240,235,28.519417,105,12.742718,100,52.0557,80.8223,90,municipality,idescat_ep;gencat_housing_sales_2025;gencat_incasol_qww9-bvhh,,2026-08-21T21:48:17Z,0.2.0,,,complete,80.8223,80.8223,100,,official,default,true
431325,Rodonyà,01,Alt Camp,2025 (2025S1),518,,,6,11.583012,,45.9635,,0,missing,idescat_ep;gencat_housing_sales_2025;gencat_incasol_qww9-bvhh,,2026-08-21T21:48:17Z,0.2.0,missing_dependency,,engineering_pending,0,100,0,,official,default,false
431331,Roquetes,09,Baix Ebre,2025 (2025S1),8606,80,9.29584,94,10.922612,22.5888,42.4943,30.551,90,municipality,idescat_ep;gencat_housing_sales_2025;gencat_incasol_qww9-bvhh,,2026-08-21T21:48:17Z,0.2.0,,,complete,30.551,30.551,100,,official,default,true
431346,el Rourell,01,Alt Camp,2025 (2025S1),385,,,4,10.38961,,39.6943,,0,missing,idescat_ep;gencat_housing_sales_2025;gencat_incasol_qww9-bvhh,,2026-08-21T21:48:17Z,0.2.0,missing_dependency,,engineering_pending,0,100,0,,official,default,false
431359,Salomó,36,Tarragonès,2025 (2025S1),525,,,8,15.238095,,65.1646,,0,missing,idescat_ep;gencat_housing_sales_2025;gencat_incasol_qww9-bvhh,,2026-08-21T21:48:17Z,0.2.0,missing_dependency,,engineering_pending,0,100,0,,official,default,false
431362,la Ràpita,22,Montsià,2025 (2025S1),16230,383,23.598275,289,17.806531,94.3026,78.6572,88.0444,90,municipality,idescat_ep;gencat_housing_sales_2025;gencat_incasol_qww9-bvhh,,2026-08-21T21:48:17Z,0.2.0,,,complete,88.0444,88.0444,100,,official,default,true
431378,Sant Jaume dels Domenys,12,Baix Penedès,2025 (2025S1),2819,37,13.125222,23,8.158922,41.7897,27.9759,36.2642,90,municipality,idescat_ep;gencat_housing_sales_2025;gencat_incasol_qww9-bvhh,,2026-08-21T21:48:17Z,0.2.0,,,complete,36.2642,36.2642,100,,official,default,true
431384,Santa Bàrbara,22,Montsià,2025 (2025S1),3866,66,17.071909,40,10.346611,61.5788,39.4684,52.7346,90,municipality,idescat_ep;gencat_housing_sales_2025;gencat_incasol_qww9-bvhh,,2026-08-21T21:48:17Z,0.2.0,,,complete,52.7346,52.7346,100,,official,default,true
431397,Santa Coloma de Queralt,16,Conca de Barberà,2025 (2025S1),2832,25,8.827684,34,12.00565,20.2414,48.1837,31.4183,90,municipality,idescat_ep;gencat_housing_sales_2025;gencat_incasol_qww9-bvhh,,2026-08-21T21:48:17Z,0.2.0,,,complete,31.4183,31.4183,100,,official,default,true
431401,Santa Oliva,12,Baix Penedès,2025 (2025S1),3711,49,13.203988,16,4.311506,42.1846,7.7645,28.4166,90,municipality,idescat_ep;gencat_housing_sales_2025;gencat_incasol_qww9-bvhh,,2026-08-21T21:48:17Z,0.2.0,,,complete,28.4166,28.4166,100,,official,default,true
431418,Pontils,16,Conca de Barberà,2025 (2025S1),123,,,,,,,,0,missing,idescat_ep;gencat_housing_sales_2025;gencat_incasol_qww9-bvhh,,2026-08-21T21:48:17Z,0.2.0,missing_dependency,,engineering_pending,0,100,0,,official,default,false
431423,Sarral,16,Conca de Barberà,2025 (2025S1),1647,,,30,18.214936,,80.8026,,0,missing,idescat_ep;gencat_housing_sales_2025;gencat_incasol_qww9-bvhh,,2026-08-21T21:48:17Z,0.2.0,missing_dependency,,engineering_pending,0,100,0,,official,default,false
431439,Savallà del Comtat,16,Conca de Barberà,2025 (2025S1),49,,,,,,,,0,missing,idescat_ep;gencat_housing_sales_2025;gencat_incasol_qww9-bvhh,,2026-08-21T21:48:17Z,0.2.0,missing_dependency,,engineering_pending,0,100,0,,official,default,false
431444,la Secuita,36,Tarragonès,2025 (2025S1),1848,,,12,6.493506,,19.2271,,0,missing,idescat_ep;gencat_housing_sales_2025;gencat_incasol_qww9-bvhh,,2026-08-21T21:48:17Z,0.2.0,missing_dependency,,engineering_pending,0,100,0,,official,default,false
431457,la Selva del Camp,08,Baix Camp,2025 (2025S1),5751,58,10.085203,51,8.868023,26.5467,31.701,28.6084,90,municipality,idescat_ep;gencat_housing_sales_2025;gencat_incasol_qww9-bvhh,,2026-08-21T21:48:17Z,0.2.0,,,complete,28.6084,28.6084,100,,official,default,true
431460,Senan,16,Conca de Barberà,2025 (2025S1),47,,,,,,,,0,missing,idescat_ep;gencat_housing_sales_2025;gencat_incasol_qww9-bvhh,,2026-08-21T21:48:17Z,0.2.0,missing_dependency,,engineering_pending,0,100,0,,official,default,false
431476,Solivella,16,Conca de Barberà,2025 (2025S1),639,,,5,7.824726,,26.2203,,0,missing,idescat_ep;gencat_housing_sales_2025;gencat_incasol_qww9-bvhh,,2026-08-21T21:48:17Z,0.2.0,missing_dependency,,engineering_pending,0,100,0,,official,default,false
431482,Tarragona,36,Tarragonès,2025 (2025S1),143260,1955,13.646517,2524,17.618316,44.4035,77.6685,57.7095,90,municipality,idescat_ep;gencat_housing_sales_2025;gencat_incasol_qww9-bvhh,,2026-08-21T21:48:17Z,0.2.0,,,complete,57.7095,57.7095,100,,official,default,true
431495,Tivenys,09,Baix Ebre,2025 (2025S1),952,,,10,10.504202,,40.2963,,0,missing,idescat_ep;gencat_housing_sales_2025;gencat_incasol_qww9-bvhh,,2026-08-21T21:48:17Z,0.2.0,missing_dependency,,engineering_pending,0,100,0,,official,default,false
431508,Tivissa,30,Ribera d'Ebre,2025 (2025S1),1657,,,9,5.431503,,13.6481,,0,missing,idescat_ep;gencat_housing_sales_2025;gencat_incasol_qww9-bvhh,,2026-08-21T21:48:17Z,0.2.0,missing_dependency,,engineering_pending,0,100,0,,official,default,false
431515,la Torre de Fontaubella,29,Priorat,2025 (2025S1),120,,,1,8.333333,,28.8922,,0,missing,idescat_ep;gencat_housing_sales_2025;gencat_incasol_qww9-bvhh,,2026-08-21T21:48:17Z,0.2.0,missing_dependency,,engineering_pending,0,100,0,,official,default,false
431520,la Torre de l'Espanyol,30,Ribera d'Ebre,2025 (2025S1),642,,,,,,,,0,missing,idescat_ep;gencat_housing_sales_2025;gencat_incasol_qww9-bvhh,,2026-08-21T21:48:17Z,0.2.0,missing_dependency,,engineering_pending,0,100,0,,official,default,false
431536,Torredembarra,36,Tarragonès,2025 (2025S1),18190,365,20.06597,277,15.228147,76.5913,65.1123,71.9997,90,municipality,idescat_ep;gencat_housing_sales_2025;gencat_incasol_qww9-bvhh,,2026-08-21T21:48:17Z,0.2.0,,,complete,71.9997,71.9997,100,,official,default,true
431541,Torroja del Priorat,29,Priorat,2025 (2025S1),128,,,1,7.8125,,26.1561,,0,missing,idescat_ep;gencat_housing_sales_2025;gencat_incasol_qww9-bvhh,,2026-08-21T21:48:17Z,0.2.0,missing_dependency,,engineering_pending,0,100,0,,official,default,false
431554,Tortosa,09,Baix Ebre,2025 (2025S1),36258,447,12.328314,838,23.112141,37.7939,100,62.6763,90,municipality,idescat_ep;gencat_housing_sales_2025;gencat_incasol_qww9-bvhh,,2026-08-21T21:48:17Z,0.2.0,,,complete,62.6763,62.6763,100,,official,default,true
431567,Ulldecona,22,Montsià,2025 (2025S1),6814,149,21.866745,52,7.631347,85.6206,25.2045,61.4542,90,municipality,idescat_ep;gencat_housing_sales_2025;gencat_incasol_qww9-bvhh,,2026-08-21T21:48:17Z,0.2.0,,,complete,61.4542,61.4542,100,,official,default,true
431573,Ulldemolins,29,Priorat,2025 (2025S1),390,,,3,7.692308,,25.5247,,0,missing,idescat_ep;gencat_housing_sales_2025;gencat_incasol_qww9-bvhh,,2026-08-21T21:48:17Z,0.2.0,missing_dependency,,engineering_pending,0,100,0,,official,default,false
431589,Vallclara,16,Conca de Barberà,2025 (2025S1),91,,,,,,,,0,missing,idescat_ep;gencat_housing_sales_2025;gencat_incasol_qww9-bvhh,,2026-08-21T21:48:17Z,0.2.0,missing_dependency,,engineering_pending,0,100,0,,official,default,false
431592,Vallfogona de Riucorb,16,Conca de Barberà,2025 (2025S1),97,,,3,30.927835,,100,,0,missing,idescat_ep;gencat_housing_sales_2025;gencat_incasol_qww9-bvhh,,2026-08-21T21:48:17Z,0.2.0,missing_dependency,,engineering_pending,0,100,0,,official,default,false
431606,Vallmoll,01,Alt Camp,2025 (2025S1),1997,,,12,6.009014,,16.6819,,0,missing,idescat_ep;gencat_housing_sales_2025;gencat_incasol_qww9-bvhh,,2026-08-21T21:48:17Z,0.2.0,missing_dependency,,engineering_pending,0,100,0,,official,default,false
431613,Valls,01,Alt Camp,2025 (2025S1),25540,297,11.628818,305,11.942052,34.2865,47.8496,39.7117,90,municipality,idescat_ep;gencat_housing_sales_2025;gencat_incasol_qww9-bvhh,,2026-08-21T21:48:17Z,0.2.0,,,complete,39.7117,39.7117,100,,official,default,true
431628,Vandellòs i l'Hospitalet de l'Infant,08,Baix Camp,2025 (2025S1),7151,171,23.912739,106,14.823102,95.8794,62.9845,82.7214,90,municipality,idescat_ep;gencat_housing_sales_2025;gencat_incasol_qww9-bvhh,,2026-08-21T21:48:17Z,0.2.0,,,complete,82.7214,82.7214,100,,official,default,true
431634,el Vendrell,12,Baix Penedès,2025 (2025S1),41195,898,21.798762,581,14.103653,85.2797,59.2051,74.8499,90,municipality,idescat_ep;gencat_housing_sales_2025;gencat_incasol_qww9-bvhh,,2026-08-21T21:48:17Z,0.2.0,,,complete,74.8499,74.8499,100,,official,default,true
431649,Vespella de Gaià,36,Tarragonès,2025 (2025S1),502,,,4,7.968127,,26.9736,,0,missing,idescat_ep;gencat_housing_sales_2025;gencat_incasol_qww9-bvhh,,2026-08-21T21:48:17Z,0.2.0,missing_dependency,,engineering_pending,0,100,0,,official,default,false
431652,Vilabella,01,Alt Camp,2025 (2025S1),731,,,6,8.207934,,28.2334,,0,missing,idescat_ep;gencat_housing_sales_2025;gencat_incasol_qww9-bvhh,,2026-08-21T21:48:17Z,0.2.0,missing_dependency,,engineering_pending,0,100,0,,official,default,false
431665,Vilallonga del Camp,36,Tarragonès,2025 (2025S1),2494,33,13.231756,38,15.236568,42.3238,65.1565,51.4569,90,municipality,idescat_ep;gencat_housing_sales_2025;gencat_incasol_qww9-bvhh,,2026-08-21T21:48:17Z,0.2.0,,,complete,51.4569,51.4569,100,,official,default,true
431671,Vilanova d'Escornalbou,08,Baix Camp,2025 (2025S1),615,,,8,13.00813,,53.45,,0,missing,idescat_ep;gencat_housing_sales_2025;gencat_incasol_qww9-bvhh,,2026-08-21T21:48:17Z,0.2.0,missing_dependency,,engineering_pending,0,100,0,,official,default,false
431687,Vilanova de Prades,16,Conca de Barberà,2025 (2025S1),110,,,,,,,,0,missing,idescat_ep;gencat_housing_sales_2025;gencat_incasol_qww9-bvhh,,2026-08-21T21:48:17Z,0.2.0,missing_dependency,,engineering_pending,0,100,0,,official,default,false
431690,Vilaplana,08,Baix Camp,2025 (2025S1),558,,,2,3.584229,,3.944,,0,missing,idescat_ep;gencat_housing_sales_2025;gencat_incasol_qww9-bvhh,,2026-08-21T21:48:17Z,0.2.0,missing_dependency,,engineering_pending,0,100,0,,official,default,false
431704,Vila-rodona,01,Alt Camp,2025 (2025S1),1388,,,19,13.688761,,57.0255,,0,missing,idescat_ep;gencat_housing_sales_2025;gencat_incasol_qww9-bvhh,,2026-08-21T21:48:17Z,0.2.0,missing_dependency,,engineering_pending,0,100,0,,official,default,false
431711,Vila-seca,36,Tarragonès,2025 (2025S1),24158,418,17.302757,292,12.087093,62.7363,48.6116,57.0864,90,municipality,idescat_ep;gencat_housing_sales_2025;gencat_incasol_qww9-bvhh,,2026-08-21T21:48:17Z,0.2.0,,,complete,57.0864,57.0864,100,,official,default,true
431726,Vilaverd,16,Conca de Barberà,2025 (2025S1),494,,,2,4.048583,,6.3833,,0,missing,idescat_ep;gencat_housing_sales_2025;gencat_incasol_qww9-bvhh,,2026-08-21T21:48:17Z,0.2.0,missing_dependency,,engineering_pending,0,100,0,,official,default,false
431732,la Vilella Alta,29,Priorat,2025 (2025S1),130,,,,,,,,0,missing,idescat_ep;gencat_housing_sales_2025;gencat_incasol_qww9-bvhh,,2026-08-21T21:48:17Z,0.2.0,missing_dependency,,engineering_pending,0,100,0,,official,default,false
431747,la Vilella Baixa,29,Priorat,2025 (2025S1),202,,,,,,,,0,missing,idescat_ep;gencat_housing_sales_2025;gencat_incasol_qww9-bvhh,,2026-08-21T21:48:17Z,0.2.0,missing_dependency,,engineering_pending,0,100,0,,official,default,false
431750,Vilalba dels Arcs,37,Terra Alta,2025 (2025S1),613,,,,,,,,0,missing,idescat_ep;gencat_housing_sales_2025;gencat_incasol_qww9-bvhh,,2026-08-21T21:48:17Z,0.2.0,missing_dependency,,engineering_pending,0,100,0,,official,default,false
431763,Vimbodí i Poblet,16,Conca de Barberà,2025 (2025S1),889,,,12,13.498313,,56.0251,,0,missing,idescat_ep;gencat_housing_sales_2025;gencat_incasol_qww9-bvhh,,2026-08-21T21:48:17Z,0.2.0,missing_dependency,,engineering_pending,0,100,0,,official,default,false
431779,Vinebre,30,Ribera d'Ebre,2025 (2025S1),428,,,6,14.018692,,58.7587,,0,missing,idescat_ep;gencat_housing_sales_2025;gencat_incasol_qww9-bvhh,,2026-08-21T21:48:17Z,0.2.0,missing_dependency,,engineering_pending,0,100,0,,official,default,false
431785,Vinyols i els Arcs,08,Baix Camp,2025 (2025S1),2470,34,13.765182,28,11.336032,44.9985,44.6661,44.8655,90,municipality,idescat_ep;gencat_housing_sales_2025;gencat_incasol_qww9-bvhh,,2026-08-21T21:48:17Z,0.2.0,,,complete,44.8655,44.8655,100,,official,default,true
439018,Deltebre,09,Baix Ebre,2025 (2025S1),12074,195,16.150406,221,18.303793,56.9583,81.2694,66.6827,90,municipality,idescat_ep;gencat_housing_sales_2025;gencat_incasol_qww9-bvhh,,2026-08-21T21:48:17Z,0.2.0,,,complete,66.6827,66.6827,100,,official,default,true
439023,Sant Jaume d'Enveja,22,Montsià,2025 (2025S1),3759,94,25.006651,42,11.173184,100,43.8106,77.5242,90,municipality,idescat_ep;gencat_housing_sales_2025;gencat_incasol_qww9-bvhh,,2026-08-21T21:48:17Z,0.2.0,,,complete,77.5242,77.5242,100,,official,default,true
439039,Camarles,09,Baix Ebre,2025 (2025S1),3499,33,9.431266,49,14.004001,23.2678,58.6816,37.4333,90,municipality,idescat_ep;gencat_housing_sales_2025;gencat_incasol_qww9-bvhh,,2026-08-21T21:48:17Z,0.2.0,,,complete,37.4333,37.4333,100,,official,default,true
439044,l'Aldea,09,Baix Ebre,2025 (2025S1),4725,67,14.179894,68,14.391534,47.0779,60.7174,52.5337,90,municipality,idescat_ep;gencat_housing_sales_2025;gencat_incasol_qww9-bvhh,,2026-08-21T21:48:17Z,0.2.0,,,complete,52.5337,52.5337,100,,official,default,true
439057,Salou,36,Tarragonès,2025 (2025S1),31018,919,29.627958,544,17.538204,100,77.2476,90.899,90,municipality,idescat_ep;gencat_housing_sales_2025;gencat_incasol_qww9-bvhh,,2026-08-21T21:48:17Z,0.2.0,,,complete,90.899,90.899,100,,official,default,true
439060,l'Ampolla,09,Baix Ebre,2025 (2025S1),3809,151,39.642951,64,16.80231,100,73.3818,89.3527,90,municipality,idescat_ep;gencat_housing_sales_2025;gencat_incasol_qww9-bvhh,,2026-08-21T21:48:17Z,0.2.0,,,complete,89.3527,89.3527,100,,official,default,true
439076,la Canonja,36,Tarragonès,2025 (2025S1),5993,,,56,9.344235,,34.2027,,0,missing,idescat_ep;gencat_housing_sales_2025;gencat_incasol_qww9-bvhh,,2026-08-21T21:48:17Z,0.2.0,missing_dependency,,engineering_pending,0,100,0,,official,default,false
