municipality_code,municipality_name,comarca_code,comarca_name,reference_period,origin_name,destination_lat,destination_lon,drive_minutes,road_distance_km,routing_engine,routing_profile,routing_date,score_0_100,confidence_0_100,data_scope,source_id,source_updated_at,retrieved_at,method_version,missing_reason,notes,score_status,score_min_0_100,score_max_0_100,coverage_weight_pct,rank_stability_0_100,source_tier,method_variant,usable_for_composite
080018,Abrera,11,Baix Llobregat,2026-08-21,"Plaça de Catalunya, Barcelona",41.516171,1.902602,40.588667,34.54,openrouteservice,driving-car,2026-08-21,100,90,municipality,openrouteservice_osm,,2026-08-21T18:07:52Z,0.2.0,,,complete,100,100,100,,official,default,true
080023,Aguilar de Segarra,07,Bages,2026-08-21,"Plaça de Catalunya, Barcelona",41.739169,1.631966,66.078167,81.98,openrouteservice,driving-car,2026-08-21,88.2899,90,municipality,openrouteservice_osm,,2026-08-21T18:07:52Z,0.2.0,,,complete,88.2899,88.2899,100,,official,default,true
080039,Alella,21,Maresme,2026-08-21,"Plaça de Catalunya, Barcelona",41.493732,2.294957,24.666667,18.08,openrouteservice,driving-car,2026-08-21,100,90,municipality,openrouteservice_osm,,2026-08-21T18:07:52Z,0.2.0,,,complete,100,100,100,,official,default,true
080044,Alpens,43,Lluçanès,2026-08-21,"Plaça de Catalunya, Barcelona",42.119321,2.101273,99.868667,121.29,openrouteservice,driving-car,2026-08-21,70.0657,90,municipality,openrouteservice_osm,,2026-08-21T18:07:52Z,0.2.0,,,complete,70.0657,70.0657,100,,official,default,true
080057,l'Ametlla del Vallès,41,Vallès Oriental,2026-08-21,"Plaça de Catalunya, Barcelona",41.673301,2.259256,43.677833,36.06,openrouteservice,driving-car,2026-08-21,100,90,municipality,openrouteservice_osm,,2026-08-21T18:07:52Z,0.2.0,,,complete,100,100,100,,official,default,true
080060,Arenys de Mar,21,Maresme,2026-08-21,"Plaça de Catalunya, Barcelona",41.579385,2.551498,40.795833,43.2,openrouteservice,driving-car,2026-08-21,100,90,municipality,openrouteservice_osm,,2026-08-21T18:07:52Z,0.2.0,,,complete,100,100,100,,official,default,true
080076,Arenys de Munt,21,Maresme,2026-08-21,"Plaça de Catalunya, Barcelona",41.608993,2.540381,41.6845,44.05,openrouteservice,driving-car,2026-08-21,100,90,municipality,openrouteservice_osm,,2026-08-21T18:07:52Z,0.2.0,,,complete,100,100,100,,official,default,true
080082,Argençola,06,Anoia,2026-08-21,"Plaça de Catalunya, Barcelona",41.597833,1.443555,73.0055,82.92,openrouteservice,driving-car,2026-08-21,84.4414,90,municipality,openrouteservice_osm,,2026-08-21T18:07:52Z,0.2.0,,,complete,84.4414,84.4414,100,,official,default,true
080095,Argentona,21,Maresme,2026-08-21,"Plaça de Catalunya, Barcelona",41.554727,2.400664,35.740167,32.59,openrouteservice,driving-car,2026-08-21,100,90,municipality,openrouteservice_osm,,2026-08-21T18:07:52Z,0.2.0,,,complete,100,100,100,,official,default,true
080109,Artés,07,Bages,2026-08-21,"Plaça de Catalunya, Barcelona",41.798194,1.953516,55.890167,68.93,openrouteservice,driving-car,2026-08-21,93.9499,90,municipality,openrouteservice_osm,,2026-08-21T18:07:52Z,0.2.0,,,complete,93.9499,93.9499,100,,official,default,true
080116,Avià,14,Berguedà,2026-08-21,"Plaça de Catalunya, Barcelona",42.077717,1.825612,77.6535,102.84,openrouteservice,driving-car,2026-08-21,81.8592,90,municipality,openrouteservice_osm,,2026-08-21T18:07:52Z,0.2.0,,,complete,81.8592,81.8592,100,,official,default,true
080121,Avinyó,07,Bages,2026-08-21,"Plaça de Catalunya, Barcelona",41.863753,1.971318,62.084667,76.12,openrouteservice,driving-car,2026-08-21,90.5085,90,municipality,openrouteservice_osm,,2026-08-21T18:07:52Z,0.2.0,,,complete,90.5085,90.5085,100,,official,default,true
080137,Avinyonet del Penedès,03,Alt Penedès,2026-08-21,"Plaça de Catalunya, Barcelona",41.361031,1.777332,53.453833,58.25,openrouteservice,driving-car,2026-08-21,95.3034,90,municipality,openrouteservice_osm,,2026-08-21T18:07:52Z,0.2.0,,,complete,95.3034,95.3034,100,,official,default,true
080142,Aiguafreda,24,Osona,2026-08-21,"Plaça de Catalunya, Barcelona",41.767986,2.250545,54.7455,48.59,openrouteservice,driving-car,2026-08-21,94.5858,90,municipality,openrouteservice_osm,,2026-08-21T18:07:52Z,0.2.0,,,complete,94.5858,94.5858,100,,official,default,true
080155,Badalona,13,Barcelonès,2026-08-21,"Plaça de Catalunya, Barcelona",41.452263,2.245877,18.301667,11.03,openrouteservice,driving-car,2026-08-21,100,90,municipality,openrouteservice_osm,,2026-08-21T18:07:52Z,0.2.0,,,complete,100,100,100,,official,default,true
080168,Bagà,14,Berguedà,2026-08-21,"Plaça de Catalunya, Barcelona",42.252816,1.861926,94.787833,122.61,openrouteservice,driving-car,2026-08-21,72.6061,90,municipality,openrouteservice_osm,,2026-08-21T18:07:52Z,0.2.0,,,complete,72.6061,72.6061,100,,official,default,true
080174,Balenyà,24,Osona,2026-08-21,"Plaça de Catalunya, Barcelona",41.81369,2.235819,60.894333,54.22,openrouteservice,driving-car,2026-08-21,91.1698,90,municipality,openrouteservice_osm,,2026-08-21T18:07:52Z,0.2.0,,,complete,91.1698,91.1698,100,,official,default,true
080180,Balsareny,07,Bages,2026-08-21,"Plaça de Catalunya, Barcelona",41.863115,1.876766,56.814667,72.89,openrouteservice,driving-car,2026-08-21,93.4363,90,municipality,openrouteservice_osm,,2026-08-21T18:07:52Z,0.2.0,,,complete,93.4363,93.4363,100,,official,default,true
080193,Barcelona,13,Barcelonès,2026-08-21,"Plaça de Catalunya, Barcelona",41.382721,2.177033,4.617333,1.45,openrouteservice,driving-car,2026-08-21,100,90,municipality,openrouteservice_osm,,2026-08-21T18:07:52Z,0.2.0,,,complete,100,100,100,,official,default,true
080207,Begues,11,Baix Llobregat,2026-08-21,"Plaça de Catalunya, Barcelona",41.332673,1.921745,45.043667,29.22,openrouteservice,driving-car,2026-08-21,99.9757,90,municipality,openrouteservice_osm,,2026-08-21T18:07:52Z,0.2.0,,,complete,99.9757,99.9757,100,,official,default,true
080214,Bellprat,06,Anoia,2026-08-21,"Plaça de Catalunya, Barcelona",41.517152,1.433983,82.177833,85.51,openrouteservice,driving-car,2026-08-21,79.3456,90,municipality,openrouteservice_osm,,2026-08-21T18:07:52Z,0.2.0,,,complete,79.3456,79.3456,100,,official,default,true
080229,Berga,14,Berguedà,2026-08-21,"Plaça de Catalunya, Barcelona",42.104365,1.846218,75.636333,102.73,openrouteservice,driving-car,2026-08-21,82.9798,90,municipality,openrouteservice_osm,,2026-08-21T18:07:52Z,0.2.0,,,complete,82.9798,82.9798,100,,official,default,true
080235,Bigues i Riells del Fai,41,Vallès Oriental,2026-08-21,"Plaça de Catalunya, Barcelona",41.677289,2.221916,47.496333,41.62,openrouteservice,driving-car,2026-08-21,98.6131,90,municipality,openrouteservice_osm,,2026-08-21T18:07:52Z,0.2.0,,,complete,98.6131,98.6131,100,,official,default,true
080240,Borredà,14,Berguedà,2026-08-21,"Plaça de Catalunya, Barcelona",42.135571,1.99414,89.828167,119.75,openrouteservice,driving-car,2026-08-21,75.0955,90,municipality,openrouteservice_osm,,2026-08-21T18:07:52Z,0.2.0,,,complete,75.0955,75.0955,100,,official,default,true
080253,el Bruc,06,Anoia,2026-08-21,"Plaça de Catalunya, Barcelona",41.57762,1.784023,46.851167,46.09,openrouteservice,driving-car,2026-08-21,98.9716,90,municipality,openrouteservice_osm,,2026-08-21T18:07:52Z,0.2.0,,,complete,98.9716,98.9716,100,,official,default,true
080266,el Brull,24,Osona,2026-08-21,"Plaça de Catalunya, Barcelona",41.816877,2.305248,76.043333,67.39,openrouteservice,driving-car,2026-08-21,82.7537,90,municipality,openrouteservice_osm,,2026-08-21T18:07:52Z,0.2.0,,,complete,82.7537,82.7537,100,,official,default,true
080272,les Cabanyes,03,Alt Penedès,2026-08-21,"Plaça de Catalunya, Barcelona",41.37148,1.689134,52.942833,56.07,openrouteservice,driving-car,2026-08-21,95.5873,90,municipality,openrouteservice_osm,,2026-08-21T18:07:52Z,0.2.0,,,complete,95.5873,95.5873,100,,official,default,true
080288,Cabrera d'Anoia,06,Anoia,2026-08-21,"Plaça de Catalunya, Barcelona",41.477803,1.703906,59.376667,59.71,openrouteservice,driving-car,2026-08-21,92.013,90,municipality,openrouteservice_osm,,2026-08-21T18:07:52Z,0.2.0,,,complete,92.013,92.013,100,,official,default,true
080291,Cabrera de Mar,21,Maresme,2026-08-21,"Plaça de Catalunya, Barcelona",41.525901,2.393297,30.673167,27.14,openrouteservice,driving-car,2026-08-21,100,90,municipality,openrouteservice_osm,,2026-08-21T18:07:52Z,0.2.0,,,complete,100,100,100,,official,default,true
080305,Cabrils,21,Maresme,2026-08-21,"Plaça de Catalunya, Barcelona",41.5256,2.36845,32.3885,26.4,openrouteservice,driving-car,2026-08-21,100,90,municipality,openrouteservice_osm,,2026-08-21T18:07:52Z,0.2.0,,,complete,100,100,100,,official,default,true
080312,Calaf,06,Anoia,2026-08-21,"Plaça de Catalunya, Barcelona",41.734019,1.510944,69.751667,89.95,openrouteservice,driving-car,2026-08-21,86.2491,90,municipality,openrouteservice_osm,,2026-08-21T18:07:52Z,0.2.0,,,complete,86.2491,86.2491,100,,official,default,true
080327,Caldes d'Estrac,21,Maresme,2026-08-21,"Plaça de Catalunya, Barcelona",41.572498,2.527811,40.4465,40.96,openrouteservice,driving-car,2026-08-21,100,90,municipality,openrouteservice_osm,,2026-08-21T18:07:52Z,0.2.0,,,complete,100,100,100,,official,default,true
080333,Caldes de Montbui,41,Vallès Oriental,2026-08-21,"Plaça de Catalunya, Barcelona",41.634459,2.16293,46.071833,35.42,openrouteservice,driving-car,2026-08-21,99.4045,90,municipality,openrouteservice_osm,,2026-08-21T18:07:52Z,0.2.0,,,complete,99.4045,99.4045,100,,official,default,true
080348,Calders,42,Moianès,2026-08-21,"Plaça de Catalunya, Barcelona",41.789382,1.991878,59.584333,70.15,openrouteservice,driving-car,2026-08-21,91.8976,90,municipality,openrouteservice_osm,,2026-08-21T18:07:52Z,0.2.0,,,complete,91.8976,91.8976,100,,official,default,true
080351,Calella,21,Maresme,2026-08-21,"Plaça de Catalunya, Barcelona",41.613379,2.657224,48.342333,55.42,openrouteservice,driving-car,2026-08-21,98.1431,90,municipality,openrouteservice_osm,,2026-08-21T18:07:52Z,0.2.0,,,complete,98.1431,98.1431,100,,official,default,true
080364,Calonge de Segarra,06,Anoia,2026-08-21,"Plaça de Catalunya, Barcelona",41.764086,1.481977,76.832333,95.89,openrouteservice,driving-car,2026-08-21,82.3154,90,municipality,openrouteservice_osm,,2026-08-21T18:07:52Z,0.2.0,,,complete,82.3154,82.3154,100,,official,default,true
080370,Calldetenes,24,Osona,2026-08-21,"Plaça de Catalunya, Barcelona",41.92469,2.28454,77.174333,69.91,openrouteservice,driving-car,2026-08-21,82.1254,90,municipality,openrouteservice_osm,,2026-08-21T18:07:52Z,0.2.0,,,complete,82.1254,82.1254,100,,official,default,true
080386,Callús,07,Bages,2026-08-21,"Plaça de Catalunya, Barcelona",41.781278,1.784135,58.432,67.52,openrouteservice,driving-car,2026-08-21,92.5378,90,municipality,openrouteservice_osm,,2026-08-21T18:07:52Z,0.2.0,,,complete,92.5378,92.5378,100,,official,default,true
080399,Campins,41,Vallès Oriental,2026-08-21,"Plaça de Catalunya, Barcelona",41.724644,2.463431,56.951,54.88,openrouteservice,driving-car,2026-08-21,93.3606,90,municipality,openrouteservice_osm,,2026-08-21T18:07:52Z,0.2.0,,,complete,93.3606,93.3606,100,,official,default,true
080403,Canet de Mar,21,Maresme,2026-08-21,"Plaça de Catalunya, Barcelona",41.589325,2.582697,45.251667,45.9,openrouteservice,driving-car,2026-08-21,99.8602,90,municipality,openrouteservice_osm,,2026-08-21T18:07:52Z,0.2.0,,,complete,99.8602,99.8602,100,,official,default,true
080410,Canovelles,41,Vallès Oriental,2026-08-21,"Plaça de Catalunya, Barcelona",41.621839,2.277179,37.946833,30.8,openrouteservice,driving-car,2026-08-21,100,90,municipality,openrouteservice_osm,,2026-08-21T18:07:52Z,0.2.0,,,complete,100,100,100,,official,default,true
080425,Cànoves i Samalús,41,Vallès Oriental,2026-08-21,"Plaça de Catalunya, Barcelona",41.69354,2.35439,51.423667,43.71,openrouteservice,driving-car,2026-08-21,96.4313,90,municipality,openrouteservice_osm,,2026-08-21T18:07:52Z,0.2.0,,,complete,96.4313,96.4313,100,,official,default,true
080431,Canyelles,17,Garraf,2026-08-21,"Plaça de Catalunya, Barcelona",41.286159,1.722171,50.919167,49.93,openrouteservice,driving-car,2026-08-21,96.7116,90,municipality,openrouteservice_osm,,2026-08-21T18:07:52Z,0.2.0,,,complete,96.7116,96.7116,100,,official,default,true
080446,Capellades,06,Anoia,2026-08-21,"Plaça de Catalunya, Barcelona",41.531162,1.686052,63.111167,64.91,openrouteservice,driving-car,2026-08-21,89.9382,90,municipality,openrouteservice_osm,,2026-08-21T18:07:52Z,0.2.0,,,complete,89.9382,89.9382,100,,official,default,true
080459,Capolat,14,Berguedà,2026-08-21,"Plaça de Catalunya, Barcelona",42.077972,1.753092,97.88,117.35,openrouteservice,driving-car,2026-08-21,71.06,90,municipality,openrouteservice_osm,,2026-08-21T18:07:52Z,0.2.0,,,complete,71.06,71.06,100,,official,default,true
080462,Cardedeu,41,Vallès Oriental,2026-08-21,"Plaça de Catalunya, Barcelona",41.638528,2.355953,42.896667,37.5,openrouteservice,driving-car,2026-08-21,100,90,municipality,openrouteservice_osm,,2026-08-21T18:07:52Z,0.2.0,,,complete,100,100,100,,official,default,true
080478,Cardona,07,Bages,2026-08-21,"Plaça de Catalunya, Barcelona",41.913297,1.681131,81.824833,90.37,openrouteservice,driving-car,2026-08-21,79.5418,90,municipality,openrouteservice_osm,,2026-08-21T18:07:52Z,0.2.0,,,complete,79.5418,79.5418,100,,official,default,true
080484,Carme,06,Anoia,2026-08-21,"Plaça de Catalunya, Barcelona",41.532178,1.620115,68.148,68.24,openrouteservice,driving-car,2026-08-21,87.14,90,municipality,openrouteservice_osm,,2026-08-21T18:07:52Z,0.2.0,,,complete,87.14,87.14,100,,official,default,true
080497,Casserres,14,Berguedà,2026-08-21,"Plaça de Catalunya, Barcelona",42.013712,1.841712,73.878333,97.16,openrouteservice,driving-car,2026-08-21,83.9565,90,municipality,openrouteservice_osm,,2026-08-21T18:07:52Z,0.2.0,,,complete,83.9565,83.9565,100,,official,default,true
080500,Castellar del Riu,14,Berguedà,2026-08-21,"Plaça de Catalunya, Barcelona",42.131042,1.708496,103.029667,122.61,openrouteservice,driving-car,2026-08-21,68.4852,90,municipality,openrouteservice_osm,,2026-08-21T18:07:52Z,0.2.0,,,complete,68.4852,68.4852,100,,official,default,true
080517,Castellar del Vallès,40,Vallès Occidental,2026-08-21,"Plaça de Catalunya, Barcelona",41.617268,2.08723,46.7345,39.68,openrouteservice,driving-car,2026-08-21,99.0364,90,municipality,openrouteservice_osm,,2026-08-21T18:07:52Z,0.2.0,,,complete,99.0364,99.0364,100,,official,default,true
080522,Castellar de n'Hug,14,Berguedà,2026-08-21,"Plaça de Catalunya, Barcelona",42.282879,2.017189,114.295167,138.86,openrouteservice,driving-car,2026-08-21,62.8524,90,municipality,openrouteservice_osm,,2026-08-21T18:07:52Z,0.2.0,,,complete,62.8524,62.8524,100,,official,default,true
080538,Castellbell i el Vilar,07,Bages,2026-08-21,"Plaça de Catalunya, Barcelona",41.629992,1.863881,42.734833,45.21,openrouteservice,driving-car,2026-08-21,100,90,municipality,openrouteservice_osm,,2026-08-21T18:07:52Z,0.2.0,,,complete,100,100,100,,official,default,true
080543,Castellbisbal,40,Vallès Occidental,2026-08-21,"Plaça de Catalunya, Barcelona",41.474905,1.980556,38.757333,28.66,openrouteservice,driving-car,2026-08-21,100,90,municipality,openrouteservice_osm,,2026-08-21T18:07:52Z,0.2.0,,,complete,100,100,100,,official,default,true
080556,Castellcir,42,Moianès,2026-08-21,"Plaça de Catalunya, Barcelona",41.760439,2.149716,67.705833,53.39,openrouteservice,driving-car,2026-08-21,87.3856,90,municipality,openrouteservice_osm,,2026-08-21T18:07:52Z,0.2.0,,,complete,87.3856,87.3856,100,,official,default,true
080569,Castelldefels,11,Baix Llobregat,2026-08-21,"Plaça de Catalunya, Barcelona",41.280472,1.97701,34.089167,22.02,openrouteservice,driving-car,2026-08-21,100,90,municipality,openrouteservice_osm,,2026-08-21T18:07:52Z,0.2.0,,,complete,100,100,100,,official,default,true
080575,Castell de l'Areny,14,Berguedà,2026-08-21,"Plaça de Catalunya, Barcelona",42.173187,1.945379,94.537833,118.19,openrouteservice,driving-car,2026-08-21,72.7311,90,municipality,openrouteservice_osm,,2026-08-21T18:07:52Z,0.2.0,,,complete,72.7311,72.7311,100,,official,default,true
080581,Castellet i la Gornal,03,Alt Penedès,2026-08-21,"Plaça de Catalunya, Barcelona",41.254293,1.590921,61.254333,67.26,openrouteservice,driving-car,2026-08-21,90.9698,90,municipality,openrouteservice_osm,,2026-08-21T18:07:52Z,0.2.0,,,complete,90.9698,90.9698,100,,official,default,true
080594,Castellfollit del Boix,07,Bages,2026-08-21,"Plaça de Catalunya, Barcelona",41.666758,1.683675,67.524833,69.97,openrouteservice,driving-car,2026-08-21,87.4862,90,municipality,openrouteservice_osm,,2026-08-21T18:07:52Z,0.2.0,,,complete,87.4862,87.4862,100,,official,default,true
080608,Castellfollit de Riubregós,06,Anoia,2026-08-21,"Plaça de Catalunya, Barcelona",41.776174,1.438228,76.434167,98.53,openrouteservice,driving-car,2026-08-21,82.5366,90,municipality,openrouteservice_osm,,2026-08-21T18:07:52Z,0.2.0,,,complete,82.5366,82.5366,100,,official,default,true
080615,Castellgalí,07,Bages,2026-08-21,"Plaça de Catalunya, Barcelona",41.676422,1.83972,50.768333,51.42,openrouteservice,driving-car,2026-08-21,96.7954,90,municipality,openrouteservice_osm,,2026-08-21T18:07:52Z,0.2.0,,,complete,96.7954,96.7954,100,,official,default,true
080620,Castellnou de Bages,07,Bages,2026-08-21,"Plaça de Catalunya, Barcelona",41.834282,1.837371,71.706167,72.3,openrouteservice,driving-car,2026-08-21,85.1632,90,municipality,openrouteservice_osm,,2026-08-21T18:07:52Z,0.2.0,,,complete,85.1632,85.1632,100,,official,default,true
080636,Castellolí,06,Anoia,2026-08-21,"Plaça de Catalunya, Barcelona",41.598356,1.700684,53.9445,54.36,openrouteservice,driving-car,2026-08-21,95.0308,90,municipality,openrouteservice_osm,,2026-08-21T18:07:52Z,0.2.0,,,complete,95.0308,95.0308,100,,official,default,true
080641,Castellterçol,42,Moianès,2026-08-21,"Plaça de Catalunya, Barcelona",41.751483,2.120535,64.813667,51.05,openrouteservice,driving-car,2026-08-21,88.9924,90,municipality,openrouteservice_osm,,2026-08-21T18:07:52Z,0.2.0,,,complete,88.9924,88.9924,100,,official,default,true
080654,Castellví de la Marca,03,Alt Penedès,2026-08-21,"Plaça de Catalunya, Barcelona",41.326792,1.619222,55.058,62.42,openrouteservice,driving-car,2026-08-21,94.4122,90,municipality,openrouteservice_osm,,2026-08-21T18:07:52Z,0.2.0,,,complete,94.4122,94.4122,100,,official,default,true
080667,Castellví de Rosanes,11,Baix Llobregat,2026-08-21,"Plaça de Catalunya, Barcelona",41.448785,1.900291,45.949333,40.26,openrouteservice,driving-car,2026-08-21,99.4726,90,municipality,openrouteservice_osm,,2026-08-21T18:07:52Z,0.2.0,,,complete,99.4726,99.4726,100,,official,default,true
080673,Centelles,24,Osona,2026-08-21,"Plaça de Catalunya, Barcelona",41.797509,2.219071,63.803833,53.6,openrouteservice,driving-car,2026-08-21,89.5534,90,municipality,openrouteservice_osm,,2026-08-21T18:07:52Z,0.2.0,,,complete,89.5534,89.5534,100,,official,default,true
080689,Cervelló,11,Baix Llobregat,2026-08-21,"Plaça de Catalunya, Barcelona",41.396107,1.959104,35.342,22.94,openrouteservice,driving-car,2026-08-21,100,90,municipality,openrouteservice_osm,,2026-08-21T18:07:52Z,0.2.0,,,complete,100,100,100,,official,default,true
080692,Collbató,11,Baix Llobregat,2026-08-21,"Plaça de Catalunya, Barcelona",41.570287,1.828168,46.381833,42.5,openrouteservice,driving-car,2026-08-21,99.2323,90,municipality,openrouteservice_osm,,2026-08-21T18:07:52Z,0.2.0,,,complete,99.2323,99.2323,100,,official,default,true
080706,Collsuspina,42,Moianès,2026-08-21,"Plaça de Catalunya, Barcelona",41.825605,2.175213,76.3475,67.53,openrouteservice,driving-car,2026-08-21,82.5847,90,municipality,openrouteservice_osm,,2026-08-21T18:07:52Z,0.2.0,,,complete,82.5847,82.5847,100,,official,default,true
080713,Copons,06,Anoia,2026-08-21,"Plaça de Catalunya, Barcelona",41.637111,1.518708,66.5045,74.23,openrouteservice,driving-car,2026-08-21,88.0531,90,municipality,openrouteservice_osm,,2026-08-21T18:07:52Z,0.2.0,,,complete,88.0531,88.0531,100,,official,default,true
080728,Corbera de Llobregat,11,Baix Llobregat,2026-08-21,"Plaça de Catalunya, Barcelona",41.417799,1.923042,42.8015,27.64,openrouteservice,driving-car,2026-08-21,100,90,municipality,openrouteservice_osm,,2026-08-21T18:07:52Z,0.2.0,,,complete,100,100,100,,official,default,true
080734,Cornellà de Llobregat,11,Baix Llobregat,2026-08-21,"Plaça de Catalunya, Barcelona",41.355747,2.070535,25.391,13.16,openrouteservice,driving-car,2026-08-21,100,90,municipality,openrouteservice_osm,,2026-08-21T18:07:52Z,0.2.0,,,complete,100,100,100,,official,default,true
080749,Cubelles,17,Garraf,2026-08-21,"Plaça de Catalunya, Barcelona",41.208313,1.672373,54.266833,51.39,openrouteservice,driving-car,2026-08-21,94.8518,90,municipality,openrouteservice_osm,,2026-08-21T18:07:52Z,0.2.0,,,complete,94.8518,94.8518,100,,official,default,true
080752,Dosrius,21,Maresme,2026-08-21,"Plaça de Catalunya, Barcelona",41.594342,2.406756,44.282167,40.1,openrouteservice,driving-car,2026-08-21,100,90,municipality,openrouteservice_osm,,2026-08-21T18:07:52Z,0.2.0,,,complete,100,100,100,,official,default,true
080765,Esparreguera,11,Baix Llobregat,2026-08-21,"Plaça de Catalunya, Barcelona",41.539014,1.870412,45.206333,38.43,openrouteservice,driving-car,2026-08-21,99.8854,90,municipality,openrouteservice_osm,,2026-08-21T18:07:52Z,0.2.0,,,complete,99.8854,99.8854,100,,official,default,true
080771,Esplugues de Llobregat,11,Baix Llobregat,2026-08-21,"Plaça de Catalunya, Barcelona",41.377522,2.088005,19.366333,8.08,openrouteservice,driving-car,2026-08-21,100,90,municipality,openrouteservice_osm,,2026-08-21T18:07:52Z,0.2.0,,,complete,100,100,100,,official,default,true
080787,l'Espunyola,14,Berguedà,2026-08-21,"Plaça de Catalunya, Barcelona",42.053127,1.769907,81.526,110.98,openrouteservice,driving-car,2026-08-21,79.7078,90,municipality,openrouteservice_osm,,2026-08-21T18:07:52Z,0.2.0,,,complete,79.7078,79.7078,100,,official,default,true
080790,l'Estany,42,Moianès,2026-08-21,"Plaça de Catalunya, Barcelona",41.868979,2.112308,72.25,92.81,openrouteservice,driving-car,2026-08-21,84.8611,90,municipality,openrouteservice_osm,,2026-08-21T18:07:52Z,0.2.0,,,complete,84.8611,84.8611,100,,official,default,true
080804,Fígols,14,Berguedà,2026-08-21,"Plaça de Catalunya, Barcelona",42.180897,1.836142,91.539833,117.72,openrouteservice,driving-car,2026-08-21,74.2301,90,municipality,openrouteservice_osm,,2026-08-21T18:07:52Z,0.2.0,,,complete,74.2301,74.2301,100,,official,default,true
080811,Fogars de Montclús,41,Vallès Oriental,2026-08-21,"Plaça de Catalunya, Barcelona",41.72792,2.443173,57.167667,55.36,openrouteservice,driving-car,2026-08-21,93.2402,90,municipality,openrouteservice_osm,,2026-08-21T18:07:52Z,0.2.0,,,complete,93.2402,93.2402,100,,official,default,true
080826,Fogars de la Selva,34,Selva,2026-08-21,"Plaça de Catalunya, Barcelona",41.735011,2.671644,56.728833,66.43,openrouteservice,driving-car,2026-08-21,93.484,90,municipality,openrouteservice_osm,,2026-08-21T18:07:52Z,0.2.0,,,complete,93.484,93.484,100,,official,default,true
080832,Folgueroles,24,Osona,2026-08-21,"Plaça de Catalunya, Barcelona",41.938686,2.318939,79.561833,80.77,openrouteservice,driving-car,2026-08-21,80.799,90,municipality,openrouteservice_osm,,2026-08-21T18:07:52Z,0.2.0,,,complete,80.799,80.799,100,,official,default,true
080847,Fonollosa,07,Bages,2026-08-21,"Plaça de Catalunya, Barcelona",41.763393,1.668692,71.3135,80.98,openrouteservice,driving-car,2026-08-21,85.3814,90,municipality,openrouteservice_osm,,2026-08-21T18:07:52Z,0.2.0,,,complete,85.3814,85.3814,100,,official,default,true
080850,Font-rubí,03,Alt Penedès,2026-08-21,"Plaça de Catalunya, Barcelona",41.414214,1.651765,61.302333,62.18,openrouteservice,driving-car,2026-08-21,90.9431,90,municipality,openrouteservice_osm,,2026-08-21T18:07:52Z,0.2.0,,,complete,90.9431,90.9431,100,,official,default,true
080863,les Franqueses del Vallès,41,Vallès Oriental,2026-08-21,"Plaça de Catalunya, Barcelona",41.636278,2.297473,43.454833,34.06,openrouteservice,driving-car,2026-08-21,100,90,municipality,openrouteservice_osm,,2026-08-21T18:07:52Z,0.2.0,,,complete,100,100,100,,official,default,true
080879,Gallifa,40,Vallès Occidental,2026-08-21,"Plaça de Catalunya, Barcelona",41.693235,2.115453,62.421833,48.6,openrouteservice,driving-car,2026-08-21,90.3212,90,municipality,openrouteservice_osm,,2026-08-21T18:07:52Z,0.2.0,,,complete,90.3212,90.3212,100,,official,default,true
080885,la Garriga,41,Vallès Oriental,2026-08-21,"Plaça de Catalunya, Barcelona",41.685175,2.285701,43.663,37.97,openrouteservice,driving-car,2026-08-21,100,90,municipality,openrouteservice_osm,,2026-08-21T18:07:52Z,0.2.0,,,complete,100,100,100,,official,default,true
080898,Gavà,11,Baix Llobregat,2026-08-21,"Plaça de Catalunya, Barcelona",41.303158,2.003336,31.0035,19.98,openrouteservice,driving-car,2026-08-21,100,90,municipality,openrouteservice_osm,,2026-08-21T18:07:52Z,0.2.0,,,complete,100,100,100,,official,default,true
080902,Gaià,07,Bages,2026-08-21,"Plaça de Catalunya, Barcelona",41.916493,1.925645,66.194,83,openrouteservice,driving-car,2026-08-21,88.2256,90,municipality,openrouteservice_osm,,2026-08-21T18:07:52Z,0.2.0,,,complete,88.2256,88.2256,100,,official,default,true
080919,Gelida,03,Alt Penedès,2026-08-21,"Plaça de Catalunya, Barcelona",41.440769,1.863724,39.4035,36.21,openrouteservice,driving-car,2026-08-21,100,90,municipality,openrouteservice_osm,,2026-08-21T18:07:52Z,0.2.0,,,complete,100,100,100,,official,default,true
080924,Gironella,14,Berguedà,2026-08-21,"Plaça de Catalunya, Barcelona",42.033556,1.88283,71.566333,95.17,openrouteservice,driving-car,2026-08-21,85.2409,90,municipality,openrouteservice_osm,,2026-08-21T18:07:52Z,0.2.0,,,complete,85.2409,85.2409,100,,official,default,true
080930,Gisclareny,14,Berguedà,2026-08-21,"Plaça de Catalunya, Barcelona",42.249921,1.786713,118.2155,134.23,openrouteservice,driving-car,2026-08-21,60.8922,90,municipality,openrouteservice_osm,,2026-08-21T18:07:52Z,0.2.0,,,complete,60.8922,60.8922,100,,official,default,true
080945,la Granada,03,Alt Penedès,2026-08-21,"Plaça de Catalunya, Barcelona",41.37842,1.718924,52.887833,57.28,openrouteservice,driving-car,2026-08-21,95.6179,90,municipality,openrouteservice_osm,,2026-08-21T18:07:52Z,0.2.0,,,complete,95.6179,95.6179,100,,official,default,true
080958,Granera,42,Moianès,2026-08-21,"Plaça de Catalunya, Barcelona",41.725441,2.056667,78.247667,60.99,openrouteservice,driving-car,2026-08-21,81.5291,90,municipality,openrouteservice_osm,,2026-08-21T18:07:52Z,0.2.0,,,complete,81.5291,81.5291,100,,official,default,true
080961,Granollers,41,Vallès Oriental,2026-08-21,"Plaça de Catalunya, Barcelona",41.607956,2.28755,38.2005,29.61,openrouteservice,driving-car,2026-08-21,100,90,municipality,openrouteservice_osm,,2026-08-21T18:07:52Z,0.2.0,,,complete,100,100,100,,official,default,true
080977,Gualba,41,Vallès Oriental,2026-08-21,"Plaça de Catalunya, Barcelona",41.731552,2.50189,59.629167,57.04,openrouteservice,driving-car,2026-08-21,91.8727,90,municipality,openrouteservice_osm,,2026-08-21T18:07:52Z,0.2.0,,,complete,91.8727,91.8727,100,,official,default,true
080983,Sant Salvador de Guardiola,07,Bages,2026-08-21,"Plaça de Catalunya, Barcelona",41.679447,1.766947,63.2495,71.62,openrouteservice,driving-car,2026-08-21,89.8614,90,municipality,openrouteservice_osm,,2026-08-21T18:07:52Z,0.2.0,,,complete,89.8614,89.8614,100,,official,default,true
080996,Guardiola de Berguedà,14,Berguedà,2026-08-21,"Plaça de Catalunya, Barcelona",42.233477,1.87918,90.539667,118.81,openrouteservice,driving-car,2026-08-21,74.7302,90,municipality,openrouteservice_osm,,2026-08-21T18:07:52Z,0.2.0,,,complete,74.7302,74.7302,100,,official,default,true
081000,Gurb,24,Osona,2026-08-21,"Plaça de Catalunya, Barcelona",41.955883,2.23449,72.904,71.53,openrouteservice,driving-car,2026-08-21,84.4978,90,municipality,openrouteservice_osm,,2026-08-21T18:07:52Z,0.2.0,,,complete,84.4978,84.4978,100,,official,default,true
081017,l'Hospitalet de Llobregat,13,Barcelonès,2026-08-21,"Plaça de Catalunya, Barcelona",41.359698,2.099725,18.861833,7.6,openrouteservice,driving-car,2026-08-21,100,90,municipality,openrouteservice_osm,,2026-08-21T18:07:52Z,0.2.0,,,complete,100,100,100,,official,default,true
081022,Igualada,06,Anoia,2026-08-21,"Plaça de Catalunya, Barcelona",41.578681,1.617229,62.674167,63.7,openrouteservice,driving-car,2026-08-21,90.181,90,municipality,openrouteservice_osm,,2026-08-21T18:07:52Z,0.2.0,,,complete,90.181,90.181,100,,official,default,true
081038,Jorba,06,Anoia,2026-08-21,"Plaça de Catalunya, Barcelona",41.601899,1.547439,63.823167,69.28,openrouteservice,driving-car,2026-08-21,89.5427,90,municipality,openrouteservice_osm,,2026-08-21T18:07:52Z,0.2.0,,,complete,89.5427,89.5427,100,,official,default,true
081043,la Llacuna,06,Anoia,2026-08-21,"Plaça de Catalunya, Barcelona",41.472571,1.533789,75.6725,77.55,openrouteservice,driving-car,2026-08-21,82.9597,90,municipality,openrouteservice_osm,,2026-08-21T18:07:52Z,0.2.0,,,complete,82.9597,82.9597,100,,official,default,true
081056,la Llagosta,41,Vallès Oriental,2026-08-21,"Plaça de Catalunya, Barcelona",41.512917,2.192967,31.702167,15.95,openrouteservice,driving-car,2026-08-21,100,90,municipality,openrouteservice_osm,,2026-08-21T18:07:52Z,0.2.0,,,complete,100,100,100,,official,default,true
081069,Llinars del Vallès,41,Vallès Oriental,2026-08-21,"Plaça de Catalunya, Barcelona",41.638986,2.404457,42.952167,40.43,openrouteservice,driving-car,2026-08-21,100,90,municipality,openrouteservice_osm,,2026-08-21T18:07:52Z,0.2.0,,,complete,100,100,100,,official,default,true
081075,Lliçà d'Amunt,41,Vallès Oriental,2026-08-21,"Plaça de Catalunya, Barcelona",41.611092,2.23801,39.530333,31.9,openrouteservice,driving-car,2026-08-21,100,90,municipality,openrouteservice_osm,,2026-08-21T18:07:52Z,0.2.0,,,complete,100,100,100,,official,default,true
081081,Lliçà de Vall,41,Vallès Oriental,2026-08-21,"Plaça de Catalunya, Barcelona",41.585998,2.239556,36.396167,27.91,openrouteservice,driving-car,2026-08-21,100,90,municipality,openrouteservice_osm,,2026-08-21T18:07:52Z,0.2.0,,,complete,100,100,100,,official,default,true
081094,Lluçà,43,Lluçanès,2026-08-21,"Plaça de Catalunya, Barcelona",42.068304,2.072504,89.018333,112.97,openrouteservice,driving-car,2026-08-21,75.5454,90,municipality,openrouteservice_osm,,2026-08-21T18:07:52Z,0.2.0,,,complete,75.5454,75.5454,100,,official,default,true
081108,Malgrat de Mar,21,Maresme,2026-08-21,"Plaça de Catalunya, Barcelona",41.646162,2.741868,55.001167,64.7,openrouteservice,driving-car,2026-08-21,94.4438,90,municipality,openrouteservice_osm,,2026-08-21T18:07:52Z,0.2.0,,,complete,94.4438,94.4438,100,,official,default,true
081115,Malla,24,Osona,2026-08-21,"Plaça de Catalunya, Barcelona",41.887066,2.234648,67.405167,63.63,openrouteservice,driving-car,2026-08-21,87.5527,90,municipality,openrouteservice_osm,,2026-08-21T18:07:52Z,0.2.0,,,complete,87.5527,87.5527,100,,official,default,true
081120,Manlleu,24,Osona,2026-08-21,"Plaça de Catalunya, Barcelona",42.001035,2.283959,80.661,78.86,openrouteservice,driving-car,2026-08-21,80.1883,90,municipality,openrouteservice_osm,,2026-08-21T18:07:52Z,0.2.0,,,complete,80.1883,80.1883,100,,official,default,true
081136,Manresa,07,Bages,2026-08-21,"Plaça de Catalunya, Barcelona",41.723264,1.826997,54.686,58.83,openrouteservice,driving-car,2026-08-21,94.6189,90,municipality,openrouteservice_osm,,2026-08-21T18:07:52Z,0.2.0,,,complete,94.6189,94.6189,100,,official,default,true
081141,Martorell,11,Baix Llobregat,2026-08-21,"Plaça de Catalunya, Barcelona",41.47442,1.930625,40.645,29.06,openrouteservice,driving-car,2026-08-21,100,90,municipality,openrouteservice_osm,,2026-08-21T18:07:52Z,0.2.0,,,complete,100,100,100,,official,default,true
081154,Martorelles,41,Vallès Oriental,2026-08-21,"Plaça de Catalunya, Barcelona",41.525525,2.243263,35.888,22.97,openrouteservice,driving-car,2026-08-21,100,90,municipality,openrouteservice_osm,,2026-08-21T18:07:52Z,0.2.0,,,complete,100,100,100,,official,default,true
081167,les Masies de Roda,24,Osona,2026-08-21,"Plaça de Catalunya, Barcelona",41.989967,2.318064,81.923,80.62,openrouteservice,driving-car,2026-08-21,79.4872,90,municipality,openrouteservice_osm,,2026-08-21T18:07:52Z,0.2.0,,,complete,79.4872,79.4872,100,,official,default,true
081173,les Masies de Voltregà,24,Osona,2026-08-21,"Plaça de Catalunya, Barcelona",42.022664,2.232917,79.5235,81.25,openrouteservice,driving-car,2026-08-21,80.8203,90,municipality,openrouteservice_osm,,2026-08-21T18:07:52Z,0.2.0,,,complete,80.8203,80.8203,100,,official,default,true
081189,el Masnou,21,Maresme,2026-08-21,"Plaça de Catalunya, Barcelona",41.479227,2.316344,28.246333,18.28,openrouteservice,driving-car,2026-08-21,100,90,municipality,openrouteservice_osm,,2026-08-21T18:07:52Z,0.2.0,,,complete,100,100,100,,official,default,true
081192,Masquefa,06,Anoia,2026-08-21,"Plaça de Catalunya, Barcelona",41.502196,1.811023,48.138167,41.39,openrouteservice,driving-car,2026-08-21,98.2566,90,municipality,openrouteservice_osm,,2026-08-21T18:07:52Z,0.2.0,,,complete,98.2566,98.2566,100,,official,default,true
081206,Matadepera,40,Vallès Occidental,2026-08-21,"Plaça de Catalunya, Barcelona",41.596819,2.026406,42.026,36.42,openrouteservice,driving-car,2026-08-21,100,90,municipality,openrouteservice_osm,,2026-08-21T18:07:52Z,0.2.0,,,complete,100,100,100,,official,default,true
081213,Mataró,21,Maresme,2026-08-21,"Plaça de Catalunya, Barcelona",41.540826,2.446259,34.8645,31.34,openrouteservice,driving-car,2026-08-21,100,90,municipality,openrouteservice_osm,,2026-08-21T18:07:52Z,0.2.0,,,complete,100,100,100,,official,default,true
081228,Mediona,03,Alt Penedès,2026-08-21,"Plaça de Catalunya, Barcelona",41.47748,1.611264,67.811667,67.81,openrouteservice,driving-car,2026-08-21,87.3269,90,municipality,openrouteservice_osm,,2026-08-21T18:07:52Z,0.2.0,,,complete,87.3269,87.3269,100,,official,default,true
081234,Molins de Rei,11,Baix Llobregat,2026-08-21,"Plaça de Catalunya, Barcelona",41.413902,2.015894,29.139333,17.68,openrouteservice,driving-car,2026-08-21,100,90,municipality,openrouteservice_osm,,2026-08-21T18:07:52Z,0.2.0,,,complete,100,100,100,,official,default,true
081249,Mollet del Vallès,41,Vallès Oriental,2026-08-21,"Plaça de Catalunya, Barcelona",41.536329,2.211046,30.5775,19.56,openrouteservice,driving-car,2026-08-21,100,90,municipality,openrouteservice_osm,,2026-08-21T18:07:52Z,0.2.0,,,complete,100,100,100,,official,default,true
081252,Montcada i Reixac,40,Vallès Occidental,2026-08-21,"Plaça de Catalunya, Barcelona",41.486605,2.187992,26.733167,13.28,openrouteservice,driving-car,2026-08-21,100,90,municipality,openrouteservice_osm,,2026-08-21T18:07:52Z,0.2.0,,,complete,100,100,100,,official,default,true
081265,Montgat,21,Maresme,2026-08-21,"Plaça de Catalunya, Barcelona",41.466604,2.279058,20.596667,13.42,openrouteservice,driving-car,2026-08-21,100,90,municipality,openrouteservice_osm,,2026-08-21T18:07:52Z,0.2.0,,,complete,100,100,100,,official,default,true
081271,Monistrol de Montserrat,07,Bages,2026-08-21,"Plaça de Catalunya, Barcelona",41.609623,1.842495,46.2385,47.24,openrouteservice,driving-car,2026-08-21,99.3119,90,municipality,openrouteservice_osm,,2026-08-21T18:07:52Z,0.2.0,,,complete,99.3119,99.3119,100,,official,default,true
081287,Monistrol de Calders,42,Moianès,2026-08-21,"Plaça de Catalunya, Barcelona",41.759848,2.01387,67.344667,76.17,openrouteservice,driving-car,2026-08-21,87.5863,90,municipality,openrouteservice_osm,,2026-08-21T18:07:52Z,0.2.0,,,complete,87.5863,87.5863,100,,official,default,true
081290,Muntanyola,24,Osona,2026-08-21,"Plaça de Catalunya, Barcelona",41.878288,2.177829,79.556333,71.89,openrouteservice,driving-car,2026-08-21,80.802,90,municipality,openrouteservice_osm,,2026-08-21T18:07:52Z,0.2.0,,,complete,80.802,80.802,100,,official,default,true
081304,Montclar,14,Berguedà,2026-08-21,"Plaça de Catalunya, Barcelona",42.018182,1.76544,83.874167,104.69,openrouteservice,driving-car,2026-08-21,78.4032,90,municipality,openrouteservice_osm,,2026-08-21T18:07:52Z,0.2.0,,,complete,78.4032,78.4032,100,,official,default,true
081311,Montesquiu,24,Osona,2026-08-21,"Plaça de Catalunya, Barcelona",42.109992,2.209748,86.489667,91.47,openrouteservice,driving-car,2026-08-21,76.9502,90,municipality,openrouteservice_osm,,2026-08-21T18:07:52Z,0.2.0,,,complete,76.9502,76.9502,100,,official,default,true
081326,Montmajor,14,Berguedà,2026-08-21,"Plaça de Catalunya, Barcelona",42.017647,1.73514,89.772167,119.26,openrouteservice,driving-car,2026-08-21,75.1266,90,municipality,openrouteservice_osm,,2026-08-21T18:07:52Z,0.2.0,,,complete,75.1266,75.1266,100,,official,default,true
081332,Montmaneu,06,Anoia,2026-08-21,"Plaça de Catalunya, Barcelona",41.625665,1.414612,70.4085,83.2,openrouteservice,driving-car,2026-08-21,85.8842,90,municipality,openrouteservice_osm,,2026-08-21T18:07:52Z,0.2.0,,,complete,85.8842,85.8842,100,,official,default,true
081347,Figaró-Montmany,41,Vallès Oriental,2026-08-21,"Plaça de Catalunya, Barcelona",41.721838,2.273187,46.92,42.17,openrouteservice,driving-car,2026-08-21,98.9333,90,municipality,openrouteservice_osm,,2026-08-21T18:07:52Z,0.2.0,,,complete,98.9333,98.9333,100,,official,default,true
081350,Montmeló,41,Vallès Oriental,2026-08-21,"Plaça de Catalunya, Barcelona",41.551577,2.248069,37.263667,26.54,openrouteservice,driving-car,2026-08-21,100,90,municipality,openrouteservice_osm,,2026-08-21T18:07:52Z,0.2.0,,,complete,100,100,100,,official,default,true
081363,Montornès del Vallès,41,Vallès Oriental,2026-08-21,"Plaça de Catalunya, Barcelona",41.544901,2.266213,38.465833,29.93,openrouteservice,driving-car,2026-08-21,100,90,municipality,openrouteservice_osm,,2026-08-21T18:07:52Z,0.2.0,,,complete,100,100,100,,official,default,true
081379,Montseny,41,Vallès Oriental,2026-08-21,"Plaça de Catalunya, Barcelona",41.759158,2.39491,64.627333,63.07,openrouteservice,driving-car,2026-08-21,89.0959,90,municipality,openrouteservice_osm,,2026-08-21T18:07:52Z,0.2.0,,,complete,89.0959,89.0959,100,,official,default,true
081385,Moià,42,Moianès,2026-08-21,"Plaça de Catalunya, Barcelona",41.813056,2.097144,67.711167,80.35,openrouteservice,driving-car,2026-08-21,87.3827,90,municipality,openrouteservice_osm,,2026-08-21T18:07:52Z,0.2.0,,,complete,87.3827,87.3827,100,,official,default,true
081398,Mura,07,Bages,2026-08-21,"Plaça de Catalunya, Barcelona",41.699573,1.976205,69.274167,67.95,openrouteservice,driving-car,2026-08-21,86.5144,90,municipality,openrouteservice_osm,,2026-08-21T18:07:52Z,0.2.0,,,complete,86.5144,86.5144,100,,official,default,true
081402,Navarcles,07,Bages,2026-08-21,"Plaça de Catalunya, Barcelona",41.751618,1.903757,53.330833,62.18,openrouteservice,driving-car,2026-08-21,95.3718,90,municipality,openrouteservice_osm,,2026-08-21T18:07:52Z,0.2.0,,,complete,95.3718,95.3718,100,,official,default,true
081419,Navàs,07,Bages,2026-08-21,"Plaça de Catalunya, Barcelona",41.899947,1.878918,58.698667,76.87,openrouteservice,driving-car,2026-08-21,92.3896,90,municipality,openrouteservice_osm,,2026-08-21T18:07:52Z,0.2.0,,,complete,92.3896,92.3896,100,,official,default,true
081424,la Nou de Berguedà,14,Berguedà,2026-08-21,"Plaça de Catalunya, Barcelona",42.165761,1.884874,88.941667,116.76,openrouteservice,driving-car,2026-08-21,75.588,90,municipality,openrouteservice_osm,,2026-08-21T18:07:52Z,0.2.0,,,complete,75.588,75.588,100,,official,default,true
081430,Òdena,06,Anoia,2026-08-21,"Plaça de Catalunya, Barcelona",41.60635,1.642397,57.816333,61.56,openrouteservice,driving-car,2026-08-21,92.8798,90,municipality,openrouteservice_osm,,2026-08-21T18:07:52Z,0.2.0,,,complete,92.8798,92.8798,100,,official,default,true
081445,Olvan,14,Berguedà,2026-08-21,"Plaça de Catalunya, Barcelona",42.057078,1.90498,71.307833,97.69,openrouteservice,driving-car,2026-08-21,85.3845,90,municipality,openrouteservice_osm,,2026-08-21T18:07:52Z,0.2.0,,,complete,85.3845,85.3845,100,,official,default,true
081458,Olèrdola,03,Alt Penedès,2026-08-21,"Plaça de Catalunya, Barcelona",41.320164,1.722926,50.536667,57.04,openrouteservice,driving-car,2026-08-21,96.9241,90,municipality,openrouteservice_osm,,2026-08-21T18:07:52Z,0.2.0,,,complete,96.9241,96.9241,100,,official,default,true
081461,Olesa de Bonesvalls,03,Alt Penedès,2026-08-21,"Plaça de Catalunya, Barcelona",41.351795,1.850525,52.732,35.9,openrouteservice,driving-car,2026-08-21,95.7044,90,municipality,openrouteservice_osm,,2026-08-21T18:07:52Z,0.2.0,,,complete,95.7044,95.7044,100,,official,default,true
081477,Olesa de Montserrat,11,Baix Llobregat,2026-08-21,"Plaça de Catalunya, Barcelona",41.545593,1.893095,44.778833,38.11,openrouteservice,driving-car,2026-08-21,100,90,municipality,openrouteservice_osm,,2026-08-21T18:07:52Z,0.2.0,,,complete,100,100,100,,official,default,true
081483,Olivella,17,Garraf,2026-08-21,"Plaça de Catalunya, Barcelona",41.310399,1.81099,56.123667,48.01,openrouteservice,driving-car,2026-08-21,93.8202,90,municipality,openrouteservice_osm,,2026-08-21T18:07:52Z,0.2.0,,,complete,93.8202,93.8202,100,,official,default,true
081496,Olost,43,Lluçanès,2026-08-21,"Plaça de Catalunya, Barcelona",41.986027,2.095915,75.628333,100.59,openrouteservice,driving-car,2026-08-21,82.9843,90,municipality,openrouteservice_osm,,2026-08-21T18:07:52Z,0.2.0,,,complete,82.9843,82.9843,100,,official,default,true
081509,Orís,24,Osona,2026-08-21,"Plaça de Catalunya, Barcelona",42.058103,2.239268,81.988667,84.46,openrouteservice,driving-car,2026-08-21,79.4507,90,municipality,openrouteservice_osm,,2026-08-21T18:07:52Z,0.2.0,,,complete,79.4507,79.4507,100,,official,default,true
081516,Oristà,43,Lluçanès,2026-08-21,"Plaça de Catalunya, Barcelona",41.932248,2.060737,71.768833,92.74,openrouteservice,driving-car,2026-08-21,85.1284,90,municipality,openrouteservice_osm,,2026-08-21T18:07:52Z,0.2.0,,,complete,85.1284,85.1284,100,,official,default,true
081521,Orpí,06,Anoia,2026-08-21,"Plaça de Catalunya, Barcelona",41.528655,1.606865,70.590333,69.78,openrouteservice,driving-car,2026-08-21,85.7831,90,municipality,openrouteservice_osm,,2026-08-21T18:07:52Z,0.2.0,,,complete,85.7831,85.7831,100,,official,default,true
081537,Òrrius,21,Maresme,2026-08-21,"Plaça de Catalunya, Barcelona",41.555105,2.354759,41.070667,40.02,openrouteservice,driving-car,2026-08-21,100,90,municipality,openrouteservice_osm,,2026-08-21T18:07:52Z,0.2.0,,,complete,100,100,100,,official,default,true
081542,Pacs del Penedès,03,Alt Penedès,2026-08-21,"Plaça de Catalunya, Barcelona",41.362004,1.669486,56.259167,58.21,openrouteservice,driving-car,2026-08-21,93.7449,90,municipality,openrouteservice_osm,,2026-08-21T18:07:52Z,0.2.0,,,complete,93.7449,93.7449,100,,official,default,true
081555,Palafolls,21,Maresme,2026-08-21,"Plaça de Catalunya, Barcelona",41.666963,2.749379,55.561,65.02,openrouteservice,driving-car,2026-08-21,94.1328,90,municipality,openrouteservice_osm,,2026-08-21T18:07:52Z,0.2.0,,,complete,94.1328,94.1328,100,,official,default,true
081568,Palau-solità i Plegamans,40,Vallès Occidental,2026-08-21,"Plaça de Catalunya, Barcelona",41.587378,2.17857,41.202167,29.28,openrouteservice,driving-car,2026-08-21,100,90,municipality,openrouteservice_osm,,2026-08-21T18:07:52Z,0.2.0,,,complete,100,100,100,,official,default,true
081574,Pallejà,11,Baix Llobregat,2026-08-21,"Plaça de Catalunya, Barcelona",41.421431,1.996615,32.229167,19.53,openrouteservice,driving-car,2026-08-21,100,90,municipality,openrouteservice_osm,,2026-08-21T18:07:52Z,0.2.0,,,complete,100,100,100,,official,default,true
081580,el Papiol,11,Baix Llobregat,2026-08-21,"Plaça de Catalunya, Barcelona",41.438999,2.01062,36.020833,21.43,openrouteservice,driving-car,2026-08-21,100,90,municipality,openrouteservice_osm,,2026-08-21T18:07:52Z,0.2.0,,,complete,100,100,100,,official,default,true
081593,Parets del Vallès,41,Vallès Oriental,2026-08-21,"Plaça de Catalunya, Barcelona",41.573058,2.234375,34.1855,24.86,openrouteservice,driving-car,2026-08-21,100,90,municipality,openrouteservice_osm,,2026-08-21T18:07:52Z,0.2.0,,,complete,100,100,100,,official,default,true
081607,Perafita,43,Lluçanès,2026-08-21,"Plaça de Catalunya, Barcelona",42.042262,2.106796,82.626333,108.25,openrouteservice,driving-car,2026-08-21,79.0965,90,municipality,openrouteservice_osm,,2026-08-21T18:07:52Z,0.2.0,,,complete,79.0965,79.0965,100,,official,default,true
081614,Piera,06,Anoia,2026-08-21,"Plaça de Catalunya, Barcelona",41.517654,1.742556,57.353167,49.11,openrouteservice,driving-car,2026-08-21,93.1371,90,municipality,openrouteservice_osm,,2026-08-21T18:07:52Z,0.2.0,,,complete,93.1371,93.1371,100,,official,default,true
081629,els Hostalets de Pierola,06,Anoia,2026-08-21,"Plaça de Catalunya, Barcelona",41.534759,1.769372,54.079167,48.05,openrouteservice,driving-car,2026-08-21,94.956,90,municipality,openrouteservice_osm,,2026-08-21T18:07:52Z,0.2.0,,,complete,94.956,94.956,100,,official,default,true
081635,Pineda de Mar,21,Maresme,2026-08-21,"Plaça de Catalunya, Barcelona",41.627442,2.689338,49.255,56.25,openrouteservice,driving-car,2026-08-21,97.6361,90,municipality,openrouteservice_osm,,2026-08-21T18:07:52Z,0.2.0,,,complete,97.6361,97.6361,100,,official,default,true
081640,el Pla del Penedès,03,Alt Penedès,2026-08-21,"Plaça de Catalunya, Barcelona",41.41751,1.712947,55.863667,55.87,openrouteservice,driving-car,2026-08-21,93.9646,90,municipality,openrouteservice_osm,,2026-08-21T18:07:52Z,0.2.0,,,complete,93.9646,93.9646,100,,official,default,true
081653,la Pobla de Claramunt,06,Anoia,2026-08-21,"Plaça de Catalunya, Barcelona",41.554205,1.674781,62.052167,61.98,openrouteservice,driving-car,2026-08-21,90.5266,90,municipality,openrouteservice_osm,,2026-08-21T18:07:52Z,0.2.0,,,complete,90.5266,90.5266,100,,official,default,true
081666,la Pobla de Lillet,14,Berguedà,2026-08-21,"Plaça de Catalunya, Barcelona",42.244149,1.974162,97.2735,127.19,openrouteservice,driving-car,2026-08-21,71.3632,90,municipality,openrouteservice_osm,,2026-08-21T18:07:52Z,0.2.0,,,complete,71.3632,71.3632,100,,official,default,true
081672,Polinyà,40,Vallès Occidental,2026-08-21,"Plaça de Catalunya, Barcelona",41.557633,2.156559,38.583,25.11,openrouteservice,driving-car,2026-08-21,100,90,municipality,openrouteservice_osm,,2026-08-21T18:07:52Z,0.2.0,,,complete,100,100,100,,official,default,true
081688,Pontons,03,Alt Penedès,2026-08-21,"Plaça de Catalunya, Barcelona",41.415632,1.516827,75.314833,73.6,openrouteservice,driving-car,2026-08-21,83.1584,90,municipality,openrouteservice_osm,,2026-08-21T18:07:52Z,0.2.0,,,complete,83.1584,83.1584,100,,official,default,true
081691,el Prat de Llobregat,11,Baix Llobregat,2026-08-21,"Plaça de Catalunya, Barcelona",41.330513,2.093103,23.499667,10.39,openrouteservice,driving-car,2026-08-21,100,90,municipality,openrouteservice_osm,,2026-08-21T18:07:52Z,0.2.0,,,complete,100,100,100,,official,default,true
081705,els Prats de Rei,06,Anoia,2026-08-21,"Plaça de Catalunya, Barcelona",41.705429,1.541727,73.6355,94.09,openrouteservice,driving-car,2026-08-21,84.0914,90,municipality,openrouteservice_osm,,2026-08-21T18:07:52Z,0.2.0,,,complete,84.0914,84.0914,100,,official,default,true
081712,Prats de Lluçanès,43,Lluçanès,2026-08-21,"Plaça de Catalunya, Barcelona",42.008975,2.029558,84.143,112.04,openrouteservice,driving-car,2026-08-21,78.2539,90,municipality,openrouteservice_osm,,2026-08-21T18:07:52Z,0.2.0,,,complete,78.2539,78.2539,100,,official,default,true
081727,Premià de Mar,21,Maresme,2026-08-21,"Plaça de Catalunya, Barcelona",41.492392,2.358107,30.5405,24.63,openrouteservice,driving-car,2026-08-21,100,90,municipality,openrouteservice_osm,,2026-08-21T18:07:52Z,0.2.0,,,complete,100,100,100,,official,default,true
081748,Puigdàlber,03,Alt Penedès,2026-08-21,"Plaça de Catalunya, Barcelona",41.404407,1.700908,54.224667,60.2,openrouteservice,driving-car,2026-08-21,94.8752,90,municipality,openrouteservice_osm,,2026-08-21T18:07:52Z,0.2.0,,,complete,94.8752,94.8752,100,,official,default,true
081751,Puig-reig,14,Berguedà,2026-08-21,"Plaça de Catalunya, Barcelona",41.974739,1.878838,66.6595,88.59,openrouteservice,driving-car,2026-08-21,87.9669,90,municipality,openrouteservice_osm,,2026-08-21T18:07:52Z,0.2.0,,,complete,87.9669,87.9669,100,,official,default,true
081764,Pujalt,06,Anoia,2026-08-21,"Plaça de Catalunya, Barcelona",41.717144,1.420825,82.369667,106.62,openrouteservice,driving-car,2026-08-21,79.2391,90,municipality,openrouteservice_osm,,2026-08-21T18:07:52Z,0.2.0,,,complete,79.2391,79.2391,100,,official,default,true
081770,la Quar,14,Berguedà,2026-08-21,"Plaça de Catalunya, Barcelona",42.081016,1.96165,81.245,107.54,openrouteservice,driving-car,2026-08-21,79.8639,90,municipality,openrouteservice_osm,,2026-08-21T18:07:52Z,0.2.0,,,complete,79.8639,79.8639,100,,official,default,true
081786,Rajadell,07,Bages,2026-08-21,"Plaça de Catalunya, Barcelona",41.728041,1.706016,64.044667,74.12,openrouteservice,driving-car,2026-08-21,89.4196,90,municipality,openrouteservice_osm,,2026-08-21T18:07:52Z,0.2.0,,,complete,89.4196,89.4196,100,,official,default,true
081799,Rellinars,40,Vallès Occidental,2026-08-21,"Plaça de Catalunya, Barcelona",41.637353,1.910811,51.591,46.23,openrouteservice,driving-car,2026-08-21,96.3383,90,municipality,openrouteservice_osm,,2026-08-21T18:07:52Z,0.2.0,,,complete,96.3383,96.3383,100,,official,default,true
081803,Ripollet,40,Vallès Occidental,2026-08-21,"Plaça de Catalunya, Barcelona",41.497105,2.155082,31.3885,15.9,openrouteservice,driving-car,2026-08-21,100,90,municipality,openrouteservice_osm,,2026-08-21T18:07:52Z,0.2.0,,,complete,100,100,100,,official,default,true
081810,la Roca del Vallès,41,Vallès Oriental,2026-08-21,"Plaça de Catalunya, Barcelona",41.587437,2.325707,38.721833,40.04,openrouteservice,driving-car,2026-08-21,100,90,municipality,openrouteservice_osm,,2026-08-21T18:07:52Z,0.2.0,,,complete,100,100,100,,official,default,true
081825,el Pont de Vilomara i Rocafort,07,Bages,2026-08-21,"Plaça de Catalunya, Barcelona",41.699968,1.870648,49.195667,55.79,openrouteservice,driving-car,2026-08-21,97.6691,90,municipality,openrouteservice_osm,,2026-08-21T18:07:52Z,0.2.0,,,complete,97.6691,97.6691,100,,official,default,true
081831,Roda de Ter,24,Osona,2026-08-21,"Plaça de Catalunya, Barcelona",41.981009,2.309407,79.537667,79.13,openrouteservice,driving-car,2026-08-21,80.8124,90,municipality,openrouteservice_osm,,2026-08-21T18:07:52Z,0.2.0,,,complete,80.8124,80.8124,100,,official,default,true
081846,Rubí,40,Vallès Occidental,2026-08-21,"Plaça de Catalunya, Barcelona",41.492308,2.031154,31.3845,23.35,openrouteservice,driving-car,2026-08-21,100,90,municipality,openrouteservice_osm,,2026-08-21T18:07:52Z,0.2.0,,,complete,100,100,100,,official,default,true
081859,Rubió,06,Anoia,2026-08-21,"Plaça de Catalunya, Barcelona",41.644454,1.569969,71.068167,77.48,openrouteservice,driving-car,2026-08-21,85.5177,90,municipality,openrouteservice_osm,,2026-08-21T18:07:52Z,0.2.0,,,complete,85.5177,85.5177,100,,official,default,true
081878,Sabadell,40,Vallès Occidental,2026-08-21,"Plaça de Catalunya, Barcelona",41.54622,2.108276,37.631833,25.21,openrouteservice,driving-car,2026-08-21,100,90,municipality,openrouteservice_osm,,2026-08-21T18:07:52Z,0.2.0,,,complete,100,100,100,,official,default,true
081884,Sagàs,14,Berguedà,2026-08-21,"Plaça de Catalunya, Barcelona",42.051927,1.963009,76.4685,103.86,openrouteservice,driving-car,2026-08-21,82.5175,90,municipality,openrouteservice_osm,,2026-08-21T18:07:52Z,0.2.0,,,complete,82.5175,82.5175,100,,official,default,true
081897,Sant Pere Sallavinera,06,Anoia,2026-08-21,"Plaça de Catalunya, Barcelona",41.736691,1.575372,67.659,86.03,openrouteservice,driving-car,2026-08-21,87.4117,90,municipality,openrouteservice_osm,,2026-08-21T18:07:52Z,0.2.0,,,complete,87.4117,87.4117,100,,official,default,true
081901,Saldes,14,Berguedà,2026-08-21,"Plaça de Catalunya, Barcelona",42.228659,1.735385,106.070333,132.97,openrouteservice,driving-car,2026-08-21,66.9648,90,municipality,openrouteservice_osm,,2026-08-21T18:07:52Z,0.2.0,,,complete,66.9648,66.9648,100,,official,default,true
081918,Sallent,07,Bages,2026-08-21,"Plaça de Catalunya, Barcelona",41.824352,1.896504,55.926333,67.8,openrouteservice,driving-car,2026-08-21,93.9298,90,municipality,openrouteservice_osm,,2026-08-21T18:07:52Z,0.2.0,,,complete,93.9298,93.9298,100,,official,default,true
081923,Santpedor,07,Bages,2026-08-21,"Plaça de Catalunya, Barcelona",41.78307,1.839202,57.8795,66.17,openrouteservice,driving-car,2026-08-21,92.8447,90,municipality,openrouteservice_osm,,2026-08-21T18:07:52Z,0.2.0,,,complete,92.8447,92.8447,100,,official,default,true
081939,Sant Iscle de Vallalta,21,Maresme,2026-08-21,"Plaça de Catalunya, Barcelona",41.624424,2.568723,47.705833,48.06,openrouteservice,driving-car,2026-08-21,98.4968,90,municipality,openrouteservice_osm,,2026-08-21T18:07:52Z,0.2.0,,,complete,98.4968,98.4968,100,,official,default,true
081944,Sant Adrià de Besòs,13,Barcelonès,2026-08-21,"Plaça de Catalunya, Barcelona",41.430585,2.218174,16.877,7.51,openrouteservice,driving-car,2026-08-21,100,90,municipality,openrouteservice_osm,,2026-08-21T18:07:52Z,0.2.0,,,complete,100,100,100,,official,default,true
081957,Sant Agustí de Lluçanès,24,Osona,2026-08-21,"Plaça de Catalunya, Barcelona",42.085002,2.127137,92.652833,115.63,openrouteservice,driving-car,2026-08-21,73.6736,90,municipality,openrouteservice_osm,,2026-08-21T18:07:52Z,0.2.0,,,complete,73.6736,73.6736,100,,official,default,true
081960,Sant Andreu de la Barca,11,Baix Llobregat,2026-08-21,"Plaça de Catalunya, Barcelona",41.446816,1.975557,34.455667,22.58,openrouteservice,driving-car,2026-08-21,100,90,municipality,openrouteservice_osm,,2026-08-21T18:07:52Z,0.2.0,,,complete,100,100,100,,official,default,true
081976,Sant Andreu de Llavaneres,21,Maresme,2026-08-21,"Plaça de Catalunya, Barcelona",41.574421,2.483268,36.531833,38.12,openrouteservice,driving-car,2026-08-21,100,90,municipality,openrouteservice_osm,,2026-08-21T18:07:52Z,0.2.0,,,complete,100,100,100,,official,default,true
081982,Sant Antoni de Vilamajor,41,Vallès Oriental,2026-08-21,"Plaça de Catalunya, Barcelona",41.673531,2.401225,48.983,44.49,openrouteservice,driving-car,2026-08-21,97.7872,90,municipality,openrouteservice_osm,,2026-08-21T18:07:52Z,0.2.0,,,complete,97.7872,97.7872,100,,official,default,true
081995,Sant Bartomeu del Grau,24,Osona,2026-08-21,"Plaça de Catalunya, Barcelona",41.981046,2.174858,78.060833,100.75,openrouteservice,driving-car,2026-08-21,81.6329,90,municipality,openrouteservice_osm,,2026-08-21T18:07:52Z,0.2.0,,,complete,81.6329,81.6329,100,,official,default,true
082009,Sant Boi de Llobregat,11,Baix Llobregat,2026-08-21,"Plaça de Catalunya, Barcelona",41.346778,2.045211,26.944333,14.37,openrouteservice,driving-car,2026-08-21,100,90,municipality,openrouteservice_osm,,2026-08-21T18:07:52Z,0.2.0,,,complete,100,100,100,,official,default,true
082016,Sant Boi de Lluçanès,24,Osona,2026-08-21,"Plaça de Catalunya, Barcelona",42.057126,2.151867,94.433333,116.8,openrouteservice,driving-car,2026-08-21,72.7833,90,municipality,openrouteservice_osm,,2026-08-21T18:07:52Z,0.2.0,,,complete,72.7833,72.7833,100,,official,default,true
082021,Sant Celoni,41,Vallès Oriental,2026-08-21,"Plaça de Catalunya, Barcelona",41.689975,2.49201,49.226833,49.74,openrouteservice,driving-car,2026-08-21,97.6518,90,municipality,openrouteservice_osm,,2026-08-21T18:07:52Z,0.2.0,,,complete,97.6518,97.6518,100,,official,default,true
082037,Sant Cebrià de Vallalta,21,Maresme,2026-08-21,"Plaça de Catalunya, Barcelona",41.619754,2.59966,45.581667,50.62,openrouteservice,driving-car,2026-08-21,99.6769,90,municipality,openrouteservice_osm,,2026-08-21T18:07:52Z,0.2.0,,,complete,99.6769,99.6769,100,,official,default,true
082042,Sant Climent de Llobregat,11,Baix Llobregat,2026-08-21,"Plaça de Catalunya, Barcelona",41.337675,1.996036,34.996333,19.36,openrouteservice,driving-car,2026-08-21,100,90,municipality,openrouteservice_osm,,2026-08-21T18:07:52Z,0.2.0,,,complete,100,100,100,,official,default,true
082055,Sant Cugat del Vallès,40,Vallès Occidental,2026-08-21,"Plaça de Catalunya, Barcelona",41.470805,2.08493,27.485167,18.78,openrouteservice,driving-car,2026-08-21,100,90,municipality,openrouteservice_osm,,2026-08-21T18:07:52Z,0.2.0,,,complete,100,100,100,,official,default,true
082068,Sant Cugat Sesgarrigues,03,Alt Penedès,2026-08-21,"Plaça de Catalunya, Barcelona",41.364372,1.75283,52.185167,56.68,openrouteservice,driving-car,2026-08-21,96.0082,90,municipality,openrouteservice_osm,,2026-08-21T18:07:52Z,0.2.0,,,complete,96.0082,96.0082,100,,official,default,true
082074,Sant Esteve de Palautordera,41,Vallès Oriental,2026-08-21,"Plaça de Catalunya, Barcelona",41.702551,2.436821,52.595667,54.08,openrouteservice,driving-car,2026-08-21,95.7802,90,municipality,openrouteservice_osm,,2026-08-21T18:07:52Z,0.2.0,,,complete,95.7802,95.7802,100,,official,default,true
082080,Sant Esteve Sesrovires,11,Baix Llobregat,2026-08-21,"Plaça de Catalunya, Barcelona",41.493444,1.873842,44.169167,36.34,openrouteservice,driving-car,2026-08-21,100,90,municipality,openrouteservice_osm,,2026-08-21T18:07:52Z,0.2.0,,,complete,100,100,100,,official,default,true
082093,Sant Fost de Campsentelles,41,Vallès Oriental,2026-08-21,"Plaça de Catalunya, Barcelona",41.518798,2.232603,34.621333,21.45,openrouteservice,driving-car,2026-08-21,100,90,municipality,openrouteservice_osm,,2026-08-21T18:07:52Z,0.2.0,,,complete,100,100,100,,official,default,true
082107,Sant Feliu de Codines,41,Vallès Oriental,2026-08-21,"Plaça de Catalunya, Barcelona",41.688845,2.16408,52.285333,41.28,openrouteservice,driving-car,2026-08-21,95.9526,90,municipality,openrouteservice_osm,,2026-08-21T18:07:52Z,0.2.0,,,complete,95.9526,95.9526,100,,official,default,true
082114,Sant Feliu de Llobregat,11,Baix Llobregat,2026-08-21,"Plaça de Catalunya, Barcelona",41.3809,2.045552,25.051167,11.87,openrouteservice,driving-car,2026-08-21,100,90,municipality,openrouteservice_osm,,2026-08-21T18:07:52Z,0.2.0,,,complete,100,100,100,,official,default,true
082129,Sant Feliu Sasserra,07,Bages,2026-08-21,"Plaça de Catalunya, Barcelona",41.944378,2.022429,76.616167,87.14,openrouteservice,driving-car,2026-08-21,82.4355,90,municipality,openrouteservice_osm,,2026-08-21T18:07:52Z,0.2.0,,,complete,82.4355,82.4355,100,,official,default,true
082135,Sant Fruitós de Bages,07,Bages,2026-08-21,"Plaça de Catalunya, Barcelona",41.750831,1.873697,49.6795,60.51,openrouteservice,driving-car,2026-08-21,97.4003,90,municipality,openrouteservice_osm,,2026-08-21T18:07:52Z,0.2.0,,,complete,97.4003,97.4003,100,,official,default,true
082140,Vilassar de Dalt,21,Maresme,2026-08-21,"Plaça de Catalunya, Barcelona",41.517205,2.358406,29.650333,24.52,openrouteservice,driving-car,2026-08-21,100,90,municipality,openrouteservice_osm,,2026-08-21T18:07:52Z,0.2.0,,,complete,100,100,100,,official,default,true
082153,Sant Hipòlit de Voltregà,24,Osona,2026-08-21,"Plaça de Catalunya, Barcelona",42.015333,2.236422,79.1125,78.74,openrouteservice,driving-car,2026-08-21,81.0486,90,municipality,openrouteservice_osm,,2026-08-21T18:07:52Z,0.2.0,,,complete,81.0486,81.0486,100,,official,default,true
082166,Sant Jaume de Frontanyà,14,Berguedà,2026-08-21,"Plaça de Catalunya, Barcelona",42.187287,2.02379,101.355,128.69,openrouteservice,driving-car,2026-08-21,69.3225,90,municipality,openrouteservice_osm,,2026-08-21T18:07:52Z,0.2.0,,,complete,69.3225,69.3225,100,,official,default,true
082172,Sant Joan Despí,11,Baix Llobregat,2026-08-21,"Plaça de Catalunya, Barcelona",41.367027,2.05604,27.001333,13.83,openrouteservice,driving-car,2026-08-21,100,90,municipality,openrouteservice_osm,,2026-08-21T18:07:52Z,0.2.0,,,complete,100,100,100,,official,default,true
082188,Sant Joan de Vilatorrada,07,Bages,2026-08-21,"Plaça de Catalunya, Barcelona",41.745485,1.804859,54.766,62.63,openrouteservice,driving-car,2026-08-21,94.5744,90,municipality,openrouteservice_osm,,2026-08-21T18:07:52Z,0.2.0,,,complete,94.5744,94.5744,100,,official,default,true
082191,Vilassar de Mar,21,Maresme,2026-08-21,"Plaça de Catalunya, Barcelona",41.502293,2.3926,31.394667,27.97,openrouteservice,driving-car,2026-08-21,100,90,municipality,openrouteservice_osm,,2026-08-21T18:07:52Z,0.2.0,,,complete,100,100,100,,official,default,true
082205,Sant Julià de Vilatorta,24,Osona,2026-08-21,"Plaça de Catalunya, Barcelona",41.921926,2.325099,79.321333,81.07,openrouteservice,driving-car,2026-08-21,80.9326,90,municipality,openrouteservice_osm,,2026-08-21T18:07:52Z,0.2.0,,,complete,80.9326,80.9326,100,,official,default,true
082212,Sant Just Desvern,11,Baix Llobregat,2026-08-21,"Plaça de Catalunya, Barcelona",41.385986,2.075766,21.741333,10.86,openrouteservice,driving-car,2026-08-21,100,90,municipality,openrouteservice_osm,,2026-08-21T18:07:52Z,0.2.0,,,complete,100,100,100,,official,default,true
082227,Sant Llorenç d'Hortons,03,Alt Penedès,2026-08-21,"Plaça de Catalunya, Barcelona",41.467115,1.824509,45.0745,40.89,openrouteservice,driving-car,2026-08-21,99.9586,90,municipality,openrouteservice_osm,,2026-08-21T18:07:52Z,0.2.0,,,complete,99.9586,99.9586,100,,official,default,true
082233,Sant Llorenç Savall,40,Vallès Occidental,2026-08-21,"Plaça de Catalunya, Barcelona",41.678725,2.05831,60.823333,50.1,openrouteservice,driving-car,2026-08-21,91.2093,90,municipality,openrouteservice_osm,,2026-08-21T18:07:52Z,0.2.0,,,complete,91.2093,91.2093,100,,official,default,true
082248,Sant Martí de Centelles,24,Osona,2026-08-21,"Plaça de Catalunya, Barcelona",41.765624,2.204583,68.044833,60.01,openrouteservice,driving-car,2026-08-21,87.1973,90,municipality,openrouteservice_osm,,2026-08-21T18:07:52Z,0.2.0,,,complete,87.1973,87.1973,100,,official,default,true
082251,Sant Martí d'Albars,43,Lluçanès,2026-08-21,"Plaça de Catalunya, Barcelona",42.028267,2.073873,83.5395,108.4,openrouteservice,driving-car,2026-08-21,78.5892,90,municipality,openrouteservice_osm,,2026-08-21T18:07:52Z,0.2.0,,,complete,78.5892,78.5892,100,,official,default,true
082264,Sant Martí de Tous,06,Anoia,2026-08-21,"Plaça de Catalunya, Barcelona",41.559869,1.524537,69.750667,75.25,openrouteservice,driving-car,2026-08-21,86.2496,90,municipality,openrouteservice_osm,,2026-08-21T18:07:52Z,0.2.0,,,complete,86.2496,86.2496,100,,official,default,true
082270,Sant Martí Sarroca,03,Alt Penedès,2026-08-21,"Plaça de Catalunya, Barcelona",41.38477,1.611535,63.097833,63.56,openrouteservice,driving-car,2026-08-21,89.9456,90,municipality,openrouteservice_osm,,2026-08-21T18:07:52Z,0.2.0,,,complete,89.9456,89.9456,100,,official,default,true
082286,Sant Martí Sesgueioles,06,Anoia,2026-08-21,"Plaça de Catalunya, Barcelona",41.702306,1.488299,73.166,93.56,openrouteservice,driving-car,2026-08-21,84.3522,90,municipality,openrouteservice_osm,,2026-08-21T18:07:52Z,0.2.0,,,complete,84.3522,84.3522,100,,official,default,true
082299,Sant Mateu de Bages,07,Bages,2026-08-21,"Plaça de Catalunya, Barcelona",41.796653,1.732732,69.206,75.46,openrouteservice,driving-car,2026-08-21,86.5522,90,municipality,openrouteservice_osm,,2026-08-21T18:07:52Z,0.2.0,,,complete,86.5522,86.5522,100,,official,default,true
082303,Premià de Dalt,21,Maresme,2026-08-21,"Plaça de Catalunya, Barcelona",41.507274,2.341978,30.678667,24.82,openrouteservice,driving-car,2026-08-21,100,90,municipality,openrouteservice_osm,,2026-08-21T18:07:52Z,0.2.0,,,complete,100,100,100,,official,default,true
082310,Sant Pere de Ribes,17,Garraf,2026-08-21,"Plaça de Catalunya, Barcelona",41.262268,1.772091,45.076667,42.04,openrouteservice,driving-car,2026-08-21,99.9574,90,municipality,openrouteservice_osm,,2026-08-21T18:07:52Z,0.2.0,,,complete,99.9574,99.9574,100,,official,default,true
082325,Sant Pere de Riudebitlles,03,Alt Penedès,2026-08-21,"Plaça de Catalunya, Barcelona",41.454024,1.702994,54.201167,54.28,openrouteservice,driving-car,2026-08-21,94.8882,90,municipality,openrouteservice_osm,,2026-08-21T18:07:52Z,0.2.0,,,complete,94.8882,94.8882,100,,official,default,true
082331,Sant Pere de Torelló,24,Osona,2026-08-21,"Plaça de Catalunya, Barcelona",42.075015,2.296791,86.932167,88.56,openrouteservice,driving-car,2026-08-21,76.7044,90,municipality,openrouteservice_osm,,2026-08-21T18:07:52Z,0.2.0,,,complete,76.7044,76.7044,100,,official,default,true
082346,Sant Pere de Vilamajor,41,Vallès Oriental,2026-08-21,"Plaça de Catalunya, Barcelona",41.684148,2.388374,52.139333,46.23,openrouteservice,driving-car,2026-08-21,96.0337,90,municipality,openrouteservice_osm,,2026-08-21T18:07:52Z,0.2.0,,,complete,96.0337,96.0337,100,,official,default,true
082359,Sant Pol de Mar,21,Maresme,2026-08-21,"Plaça de Catalunya, Barcelona",41.60021,2.621423,47.226167,51,openrouteservice,driving-car,2026-08-21,98.7632,90,municipality,openrouteservice_osm,,2026-08-21T18:07:52Z,0.2.0,,,complete,98.7632,98.7632,100,,official,default,true
082362,Sant Quintí de Mediona,03,Alt Penedès,2026-08-21,"Plaça de Catalunya, Barcelona",41.462181,1.662972,60.395833,58.17,openrouteservice,driving-car,2026-08-21,91.4468,90,municipality,openrouteservice_osm,,2026-08-21T18:07:52Z,0.2.0,,,complete,91.4468,91.4468,100,,official,default,true
082378,Sant Quirze de Besora,24,Osona,2026-08-21,"Plaça de Catalunya, Barcelona",42.100159,2.222831,87.022667,91.1,openrouteservice,driving-car,2026-08-21,76.6541,90,municipality,openrouteservice_osm,,2026-08-21T18:07:52Z,0.2.0,,,complete,76.6541,76.6541,100,,official,default,true
082384,Sant Quirze del Vallès,40,Vallès Occidental,2026-08-21,"Plaça de Catalunya, Barcelona",41.533104,2.080789,32.907667,24.01,openrouteservice,driving-car,2026-08-21,100,90,municipality,openrouteservice_osm,,2026-08-21T18:07:52Z,0.2.0,,,complete,100,100,100,,official,default,true
082397,Sant Quirze Safaja,42,Moianès,2026-08-21,"Plaça de Catalunya, Barcelona",41.727989,2.155008,63.936667,49.08,openrouteservice,driving-car,2026-08-21,89.4796,90,municipality,openrouteservice_osm,,2026-08-21T18:07:52Z,0.2.0,,,complete,89.4796,89.4796,100,,official,default,true
082401,Sant Sadurní d'Anoia,03,Alt Penedès,2026-08-21,"Plaça de Catalunya, Barcelona",41.424097,1.786539,45.240667,45.36,openrouteservice,driving-car,2026-08-21,99.8663,90,municipality,openrouteservice_osm,,2026-08-21T18:07:52Z,0.2.0,,,complete,99.8663,99.8663,100,,official,default,true
082418,Sant Sadurní d'Osormort,24,Osona,2026-08-21,"Plaça de Catalunya, Barcelona",41.901918,2.381486,82.7785,88.47,openrouteservice,driving-car,2026-08-21,79.0119,90,municipality,openrouteservice_osm,,2026-08-21T18:07:52Z,0.2.0,,,complete,79.0119,79.0119,100,,official,default,true
082423,Marganell,07,Bages,2026-08-21,"Plaça de Catalunya, Barcelona",41.640967,1.789319,53.155,54.74,openrouteservice,driving-car,2026-08-21,95.4694,90,municipality,openrouteservice_osm,,2026-08-21T18:07:52Z,0.2.0,,,complete,95.4694,95.4694,100,,official,default,true
082439,Santa Cecília de Voltregà,24,Osona,2026-08-21,"Plaça de Catalunya, Barcelona",41.993142,2.222287,77.073333,76.92,openrouteservice,driving-car,2026-08-21,82.1815,90,municipality,openrouteservice_osm,,2026-08-21T18:07:52Z,0.2.0,,,complete,82.1815,82.1815,100,,official,default,true
082444,Santa Coloma de Cervelló,11,Baix Llobregat,2026-08-21,"Plaça de Catalunya, Barcelona",41.367404,2.015794,36.0755,18.58,openrouteservice,driving-car,2026-08-21,100,90,municipality,openrouteservice_osm,,2026-08-21T18:07:52Z,0.2.0,,,complete,100,100,100,,official,default,true
082457,Santa Coloma de Gramenet,13,Barcelonès,2026-08-21,"Plaça de Catalunya, Barcelona",41.451786,2.208136,19.479167,10.01,openrouteservice,driving-car,2026-08-21,100,90,municipality,openrouteservice_osm,,2026-08-21T18:07:52Z,0.2.0,,,complete,100,100,100,,official,default,true
082460,Santa Eugènia de Berga,24,Osona,2026-08-21,"Plaça de Catalunya, Barcelona",41.900188,2.283162,72.054,67.21,openrouteservice,driving-car,2026-08-21,84.97,90,municipality,openrouteservice_osm,,2026-08-21T18:07:52Z,0.2.0,,,complete,84.97,84.97,100,,official,default,true
082476,Santa Eulàlia de Riuprimer,24,Osona,2026-08-21,"Plaça de Catalunya, Barcelona",41.911011,2.18812,78.0675,71.18,openrouteservice,driving-car,2026-08-21,81.6292,90,municipality,openrouteservice_osm,,2026-08-21T18:07:52Z,0.2.0,,,complete,81.6292,81.6292,100,,official,default,true
082482,Santa Eulàlia de Ronçana,41,Vallès Oriental,2026-08-21,"Plaça de Catalunya, Barcelona",41.652489,2.22954,44.021667,36.66,openrouteservice,driving-car,2026-08-21,100,90,municipality,openrouteservice_osm,,2026-08-21T18:07:52Z,0.2.0,,,complete,100,100,100,,official,default,true
082495,Santa Fe del Penedès,03,Alt Penedès,2026-08-21,"Plaça de Catalunya, Barcelona",41.384545,1.720947,53.122,57.97,openrouteservice,driving-car,2026-08-21,95.4878,90,municipality,openrouteservice_osm,,2026-08-21T18:07:52Z,0.2.0,,,complete,95.4878,95.4878,100,,official,default,true
082508,Santa Margarida de Montbui,06,Anoia,2026-08-21,"Plaça de Catalunya, Barcelona",41.575157,1.607754,61.919333,64.92,openrouteservice,driving-car,2026-08-21,90.6004,90,municipality,openrouteservice_osm,,2026-08-21T18:07:52Z,0.2.0,,,complete,90.6004,90.6004,100,,official,default,true
082515,Santa Margarida i els Monjos,03,Alt Penedès,2026-08-21,"Plaça de Catalunya, Barcelona",41.322391,1.663444,52.168167,59.56,openrouteservice,driving-car,2026-08-21,96.0177,90,municipality,openrouteservice_osm,,2026-08-21T18:07:52Z,0.2.0,,,complete,96.0177,96.0177,100,,official,default,true
082520,Barberà del Vallès,40,Vallès Occidental,2026-08-21,"Plaça de Catalunya, Barcelona",41.516083,2.124596,29.961667,18.02,openrouteservice,driving-car,2026-08-21,100,90,municipality,openrouteservice_osm,,2026-08-21T18:07:52Z,0.2.0,,,complete,100,100,100,,official,default,true
082536,Santa Maria de Besora,24,Osona,2026-08-21,"Plaça de Catalunya, Barcelona",42.126812,2.257911,93.081667,96.68,openrouteservice,driving-car,2026-08-21,73.4592,90,municipality,openrouteservice_osm,,2026-08-21T18:07:52Z,0.2.0,,,complete,73.4592,73.4592,100,,official,default,true
082541,l'Esquirol,24,Osona,2026-08-21,"Plaça de Catalunya, Barcelona",42.034828,2.370095,94.465167,88.77,openrouteservice,driving-car,2026-08-21,72.7674,90,municipality,openrouteservice_osm,,2026-08-21T18:07:52Z,0.2.0,,,complete,72.7674,72.7674,100,,official,default,true
082554,Santa Maria de Merlès,14,Berguedà,2026-08-21,"Plaça de Catalunya, Barcelona",42.001016,1.978038,79.584,99.31,openrouteservice,driving-car,2026-08-21,80.7867,90,municipality,openrouteservice_osm,,2026-08-21T18:07:52Z,0.2.0,,,complete,80.7867,80.7867,100,,official,default,true
082567,Santa Maria de Martorelles,41,Vallès Oriental,2026-08-21,"Plaça de Catalunya, Barcelona",41.519617,2.25326,38.63,24.36,openrouteservice,driving-car,2026-08-21,100,90,municipality,openrouteservice_osm,,2026-08-21T18:07:52Z,0.2.0,,,complete,100,100,100,,official,default,true
082573,Santa Maria de Miralles,06,Anoia,2026-08-21,"Plaça de Catalunya, Barcelona",41.518079,1.52499,72.6645,74.29,openrouteservice,driving-car,2026-08-21,84.6308,90,municipality,openrouteservice_osm,,2026-08-21T18:07:52Z,0.2.0,,,complete,84.6308,84.6308,100,,official,default,true
082589,Santa Maria d'Oló,42,Moianès,2026-08-21,"Plaça de Catalunya, Barcelona",41.87382,2.035605,63.140333,81.64,openrouteservice,driving-car,2026-08-21,89.922,90,municipality,openrouteservice_osm,,2026-08-21T18:07:52Z,0.2.0,,,complete,89.922,89.922,100,,official,default,true
082592,Santa Maria de Palautordera,41,Vallès Oriental,2026-08-21,"Plaça de Catalunya, Barcelona",41.693238,2.445888,52.197833,52.99,openrouteservice,driving-car,2026-08-21,96.0012,90,municipality,openrouteservice_osm,,2026-08-21T18:07:52Z,0.2.0,,,complete,96.0012,96.0012,100,,official,default,true
082606,Santa Perpètua de Mogoda,40,Vallès Occidental,2026-08-21,"Plaça de Catalunya, Barcelona",41.534919,2.18317,33.152167,20.93,openrouteservice,driving-car,2026-08-21,100,90,municipality,openrouteservice_osm,,2026-08-21T18:07:52Z,0.2.0,,,complete,100,100,100,,official,default,true
082613,Santa Susanna,21,Maresme,2026-08-21,"Plaça de Catalunya, Barcelona",41.635421,2.70755,53.397833,58.07,openrouteservice,driving-car,2026-08-21,95.3345,90,municipality,openrouteservice_osm,,2026-08-21T18:07:52Z,0.2.0,,,complete,95.3345,95.3345,100,,official,default,true
082628,Sant Vicenç de Castellet,07,Bages,2026-08-21,"Plaça de Catalunya, Barcelona",41.665518,1.863883,46.425333,48.88,openrouteservice,driving-car,2026-08-21,99.2081,90,municipality,openrouteservice_osm,,2026-08-21T18:07:52Z,0.2.0,,,complete,99.2081,99.2081,100,,official,default,true
082634,Sant Vicenç dels Horts,11,Baix Llobregat,2026-08-21,"Plaça de Catalunya, Barcelona",41.393392,2.009983,30.7345,16.37,openrouteservice,driving-car,2026-08-21,100,90,municipality,openrouteservice_osm,,2026-08-21T18:07:52Z,0.2.0,,,complete,100,100,100,,official,default,true
082649,Sant Vicenç de Montalt,21,Maresme,2026-08-21,"Plaça de Catalunya, Barcelona",41.578334,2.509331,39.283667,40.48,openrouteservice,driving-car,2026-08-21,100,90,municipality,openrouteservice_osm,,2026-08-21T18:07:52Z,0.2.0,,,complete,100,100,100,,official,default,true
082652,Sant Vicenç de Torelló,24,Osona,2026-08-21,"Plaça de Catalunya, Barcelona",42.061435,2.273774,83.341,86.38,openrouteservice,driving-car,2026-08-21,78.6994,90,municipality,openrouteservice_osm,,2026-08-21T18:07:52Z,0.2.0,,,complete,78.6994,78.6994,100,,official,default,true
082665,Cerdanyola del Vallès,40,Vallès Occidental,2026-08-21,"Plaça de Catalunya, Barcelona",41.491307,2.140572,29.599,15.8,openrouteservice,driving-car,2026-08-21,100,90,municipality,openrouteservice_osm,,2026-08-21T18:07:52Z,0.2.0,,,complete,100,100,100,,official,default,true
082671,Sentmenat,40,Vallès Occidental,2026-08-21,"Plaça de Catalunya, Barcelona",41.608665,2.135428,47.054333,32.57,openrouteservice,driving-car,2026-08-21,98.8587,90,municipality,openrouteservice_osm,,2026-08-21T18:07:52Z,0.2.0,,,complete,98.8587,98.8587,100,,official,default,true
082687,Cercs,14,Berguedà,2026-08-21,"Plaça de Catalunya, Barcelona",42.145985,1.860749,78.8105,107.9,openrouteservice,driving-car,2026-08-21,81.2164,90,municipality,openrouteservice_osm,,2026-08-21T18:07:52Z,0.2.0,,,complete,81.2164,81.2164,100,,official,default,true
082690,Seva,24,Osona,2026-08-21,"Plaça de Catalunya, Barcelona",41.838854,2.279824,72.391833,63.98,openrouteservice,driving-car,2026-08-21,84.7823,90,municipality,openrouteservice_osm,,2026-08-21T18:07:52Z,0.2.0,,,complete,84.7823,84.7823,100,,official,default,true
082704,Sitges,17,Garraf,2026-08-21,"Plaça de Catalunya, Barcelona",41.234907,1.811618,43.669,38.13,openrouteservice,driving-car,2026-08-21,100,90,municipality,openrouteservice_osm,,2026-08-21T18:07:52Z,0.2.0,,,complete,100,100,100,,official,default,true
082711,Sobremunt,43,Lluçanès,2026-08-21,"Plaça de Catalunya, Barcelona",42.036039,2.166952,94.699,110.76,openrouteservice,driving-car,2026-08-21,72.6505,90,municipality,openrouteservice_osm,,2026-08-21T18:07:52Z,0.2.0,,,complete,72.6505,72.6505,100,,official,default,true
082726,Sora,24,Osona,2026-08-21,"Plaça de Catalunya, Barcelona",42.112524,2.160576,92.152167,98.15,openrouteservice,driving-car,2026-08-21,73.9239,90,municipality,openrouteservice_osm,,2026-08-21T18:07:52Z,0.2.0,,,complete,73.9239,73.9239,100,,official,default,true
082732,Subirats,03,Alt Penedès,2026-08-21,"Plaça de Catalunya, Barcelona",41.383509,1.796184,51.0075,50.58,openrouteservice,driving-car,2026-08-21,96.6625,90,municipality,openrouteservice_osm,,2026-08-21T18:07:52Z,0.2.0,,,complete,96.6625,96.6625,100,,official,default,true
082747,Súria,07,Bages,2026-08-21,"Plaça de Catalunya, Barcelona",41.831241,1.754309,65.868333,74.57,openrouteservice,driving-car,2026-08-21,88.4065,90,municipality,openrouteservice_osm,,2026-08-21T18:07:52Z,0.2.0,,,complete,88.4065,88.4065,100,,official,default,true
082750,Tavèrnoles,24,Osona,2026-08-21,"Plaça de Catalunya, Barcelona",41.952072,2.326493,79.495667,79.84,openrouteservice,driving-car,2026-08-21,80.8357,90,municipality,openrouteservice_osm,,2026-08-21T18:07:52Z,0.2.0,,,complete,80.8357,80.8357,100,,official,default,true
082763,Tagamanent,41,Vallès Oriental,2026-08-21,"Plaça de Catalunya, Barcelona",41.737632,2.267121,50.706333,44.7,openrouteservice,driving-car,2026-08-21,96.8298,90,municipality,openrouteservice_osm,,2026-08-21T18:07:52Z,0.2.0,,,complete,96.8298,96.8298,100,,official,default,true
082779,Talamanca,07,Bages,2026-08-21,"Plaça de Catalunya, Barcelona",41.738157,1.97725,66.5645,71.82,openrouteservice,driving-car,2026-08-21,88.0197,90,municipality,openrouteservice_osm,,2026-08-21T18:07:52Z,0.2.0,,,complete,88.0197,88.0197,100,,official,default,true
082785,Taradell,24,Osona,2026-08-21,"Plaça de Catalunya, Barcelona",41.874139,2.28757,73.279167,67.16,openrouteservice,driving-car,2026-08-21,84.2894,90,municipality,openrouteservice_osm,,2026-08-21T18:07:52Z,0.2.0,,,complete,84.2894,84.2894,100,,official,default,true
082798,Terrassa,40,Vallès Occidental,2026-08-21,"Plaça de Catalunya, Barcelona",41.563415,2.010333,35.449667,28.15,openrouteservice,driving-car,2026-08-21,100,90,municipality,openrouteservice_osm,,2026-08-21T18:07:52Z,0.2.0,,,complete,100,100,100,,official,default,true
082802,Tavertet,24,Osona,2026-08-21,"Plaça de Catalunya, Barcelona",41.99573,2.419269,110.287667,101.92,openrouteservice,driving-car,2026-08-21,64.8562,90,municipality,openrouteservice_osm,,2026-08-21T18:07:52Z,0.2.0,,,complete,64.8562,64.8562,100,,official,default,true
082819,Teià,21,Maresme,2026-08-21,"Plaça de Catalunya, Barcelona",41.499634,2.319523,34.163,21.27,openrouteservice,driving-car,2026-08-21,100,90,municipality,openrouteservice_osm,,2026-08-21T18:07:52Z,0.2.0,,,complete,100,100,100,,official,default,true
082824,Tiana,21,Maresme,2026-08-21,"Plaça de Catalunya, Barcelona",41.48189,2.268903,26.7265,16.02,openrouteservice,driving-car,2026-08-21,100,90,municipality,openrouteservice_osm,,2026-08-21T18:07:52Z,0.2.0,,,complete,100,100,100,,official,default,true
082830,Tona,24,Osona,2026-08-21,"Plaça de Catalunya, Barcelona",41.850312,2.228561,64.767333,58.74,openrouteservice,driving-car,2026-08-21,89.0181,90,municipality,openrouteservice_osm,,2026-08-21T18:07:52Z,0.2.0,,,complete,89.0181,89.0181,100,,official,default,true
082845,Tordera,21,Maresme,2026-08-21,"Plaça de Catalunya, Barcelona",41.701603,2.718242,55.264333,65.31,openrouteservice,driving-car,2026-08-21,94.2976,90,municipality,openrouteservice_osm,,2026-08-21T18:07:52Z,0.2.0,,,complete,94.2976,94.2976,100,,official,default,true
082858,Torelló,24,Osona,2026-08-21,"Plaça de Catalunya, Barcelona",42.046726,2.262806,85.375667,86.55,openrouteservice,driving-car,2026-08-21,77.5691,90,municipality,openrouteservice_osm,,2026-08-21T18:07:52Z,0.2.0,,,complete,77.5691,77.5691,100,,official,default,true
082861,la Torre de Claramunt,06,Anoia,2026-08-21,"Plaça de Catalunya, Barcelona",41.533523,1.658337,66.5415,66.56,openrouteservice,driving-car,2026-08-21,88.0325,90,municipality,openrouteservice_osm,,2026-08-21T18:07:52Z,0.2.0,,,complete,88.0325,88.0325,100,,official,default,true
082877,Torrelavit,03,Alt Penedès,2026-08-21,"Plaça de Catalunya, Barcelona",41.446417,1.729599,52.392833,52.55,openrouteservice,driving-car,2026-08-21,95.8929,90,municipality,openrouteservice_osm,,2026-08-21T18:07:52Z,0.2.0,,,complete,95.8929,95.8929,100,,official,default,true
082883,Torrelles de Foix,03,Alt Penedès,2026-08-21,"Plaça de Catalunya, Barcelona",41.388311,1.568746,67.538,67.48,openrouteservice,driving-car,2026-08-21,87.4789,90,municipality,openrouteservice_osm,,2026-08-21T18:07:52Z,0.2.0,,,complete,87.4789,87.4789,100,,official,default,true
082896,Torrelles de Llobregat,11,Baix Llobregat,2026-08-21,"Plaça de Catalunya, Barcelona",41.358939,1.981156,38.126,20.54,openrouteservice,driving-car,2026-08-21,100,90,municipality,openrouteservice_osm,,2026-08-21T18:07:52Z,0.2.0,,,complete,100,100,100,,official,default,true
082900,Ullastrell,40,Vallès Occidental,2026-08-21,"Plaça de Catalunya, Barcelona",41.528666,1.959822,40.059333,32.61,openrouteservice,driving-car,2026-08-21,100,90,municipality,openrouteservice_osm,,2026-08-21T18:07:52Z,0.2.0,,,complete,100,100,100,,official,default,true
082917,Vacarisses,40,Vallès Occidental,2026-08-21,"Plaça de Catalunya, Barcelona",41.607228,1.917909,44.162333,48.04,openrouteservice,driving-car,2026-08-21,100,90,municipality,openrouteservice_osm,,2026-08-21T18:07:52Z,0.2.0,,,complete,100,100,100,,official,default,true
082922,Vallbona d'Anoia,06,Anoia,2026-08-21,"Plaça de Catalunya, Barcelona",41.518727,1.707672,60.384167,53.32,openrouteservice,driving-car,2026-08-21,91.4532,90,municipality,openrouteservice_osm,,2026-08-21T18:07:52Z,0.2.0,,,complete,91.4532,91.4532,100,,official,default,true
082938,Vallcebre,14,Berguedà,2026-08-21,"Plaça de Catalunya, Barcelona",42.203939,1.818215,99.301,126.14,openrouteservice,driving-car,2026-08-21,70.3495,90,municipality,openrouteservice_osm,,2026-08-21T18:07:52Z,0.2.0,,,complete,70.3495,70.3495,100,,official,default,true
082943,Vallgorguina,41,Vallès Oriental,2026-08-21,"Plaça de Catalunya, Barcelona",41.647413,2.510551,48.811333,52.54,openrouteservice,driving-car,2026-08-21,97.8826,90,municipality,openrouteservice_osm,,2026-08-21T18:07:52Z,0.2.0,,,complete,97.8826,97.8826,100,,official,default,true
082956,Vallirana,11,Baix Llobregat,2026-08-21,"Plaça de Catalunya, Barcelona",41.388007,1.931889,38.309667,26.11,openrouteservice,driving-car,2026-08-21,100,90,municipality,openrouteservice_osm,,2026-08-21T18:07:52Z,0.2.0,,,complete,100,100,100,,official,default,true
082969,Vallromanes,41,Vallès Oriental,2026-08-21,"Plaça de Catalunya, Barcelona",41.531563,2.297941,32.283667,24.62,openrouteservice,driving-car,2026-08-21,100,90,municipality,openrouteservice_osm,,2026-08-21T18:07:52Z,0.2.0,,,complete,100,100,100,,official,default,true
082975,Veciana,06,Anoia,2026-08-21,"Plaça de Catalunya, Barcelona",41.65613,1.488401,72.481167,79.44,openrouteservice,driving-car,2026-08-21,84.7327,90,municipality,openrouteservice_osm,,2026-08-21T18:07:52Z,0.2.0,,,complete,84.7327,84.7327,100,,official,default,true
082981,Vic,24,Osona,2026-08-21,"Plaça de Catalunya, Barcelona",41.93049,2.25434,73.389,68.47,openrouteservice,driving-car,2026-08-21,84.2283,90,municipality,openrouteservice_osm,,2026-08-21T18:07:52Z,0.2.0,,,complete,84.2283,84.2283,100,,official,default,true
082994,Vilada,14,Berguedà,2026-08-21,"Plaça de Catalunya, Barcelona",42.137111,1.931538,81.909,111.78,openrouteservice,driving-car,2026-08-21,79.495,90,municipality,openrouteservice_osm,,2026-08-21T18:07:52Z,0.2.0,,,complete,79.495,79.495,100,,official,default,true
083008,Viladecavalls,40,Vallès Occidental,2026-08-21,"Plaça de Catalunya, Barcelona",41.554859,1.953784,37.691,32.04,openrouteservice,driving-car,2026-08-21,100,90,municipality,openrouteservice_osm,,2026-08-21T18:07:52Z,0.2.0,,,complete,100,100,100,,official,default,true
083015,Viladecans,11,Baix Llobregat,2026-08-21,"Plaça de Catalunya, Barcelona",41.31579,2.020401,29.197833,18.02,openrouteservice,driving-car,2026-08-21,100,90,municipality,openrouteservice_osm,,2026-08-21T18:07:52Z,0.2.0,,,complete,100,100,100,,official,default,true
083020,Vilanova del Camí,06,Anoia,2026-08-21,"Plaça de Catalunya, Barcelona",41.571941,1.635338,61.857333,62.72,openrouteservice,driving-car,2026-08-21,90.6348,90,municipality,openrouteservice_osm,,2026-08-21T18:07:52Z,0.2.0,,,complete,90.6348,90.6348,100,,official,default,true
083036,Vilanova de Sau,24,Osona,2026-08-21,"Plaça de Catalunya, Barcelona",41.948381,2.386964,91.273833,90.13,openrouteservice,driving-car,2026-08-21,74.3631,90,municipality,openrouteservice_osm,,2026-08-21T18:07:52Z,0.2.0,,,complete,74.3631,74.3631,100,,official,default,true
083041,Vilobí del Penedès,03,Alt Penedès,2026-08-21,"Plaça de Catalunya, Barcelona",41.38917,1.661514,57.236667,59.34,openrouteservice,driving-car,2026-08-21,93.2019,90,municipality,openrouteservice_osm,,2026-08-21T18:07:52Z,0.2.0,,,complete,93.2019,93.2019,100,,official,default,true
083054,Vilafranca del Penedès,03,Alt Penedès,2026-08-21,"Plaça de Catalunya, Barcelona",41.346408,1.698173,49.703,54.25,openrouteservice,driving-car,2026-08-21,97.3872,90,municipality,openrouteservice_osm,,2026-08-21T18:07:52Z,0.2.0,,,complete,97.3872,97.3872,100,,official,default,true
083067,Vilalba Sasserra,41,Vallès Oriental,2026-08-21,"Plaça de Catalunya, Barcelona",41.652725,2.441078,43.396833,43.11,openrouteservice,driving-car,2026-08-21,100,90,municipality,openrouteservice_osm,,2026-08-21T18:07:52Z,0.2.0,,,complete,100,100,100,,official,default,true
083073,Vilanova i la Geltrú,17,Garraf,2026-08-21,"Plaça de Catalunya, Barcelona",41.224267,1.72592,54.2385,46.82,openrouteservice,driving-car,2026-08-21,94.8675,90,municipality,openrouteservice_osm,,2026-08-21T18:07:52Z,0.2.0,,,complete,94.8675,94.8675,100,,official,default,true
083089,Viver i Serrateix,14,Berguedà,2026-08-21,"Plaça de Catalunya, Barcelona",41.94607,1.776308,77.745167,92.46,openrouteservice,driving-car,2026-08-21,81.8082,90,municipality,openrouteservice_osm,,2026-08-21T18:07:52Z,0.2.0,,,complete,81.8082,81.8082,100,,official,default,true
089019,Rupit i Pruit,24,Osona,2026-08-21,"Plaça de Catalunya, Barcelona",42.02356,2.464781,133.298,109.07,openrouteservice,driving-car,2026-08-21,54.4592,90,municipality,openrouteservice_osm,,2026-08-21T18:07:52Z,0.2.0,,,complete,54.4592,54.4592,100,,official,default,true
089024,Vilanova del Vallès,41,Vallès Oriental,2026-08-21,"Plaça de Catalunya, Barcelona",41.554177,2.28915,36.068333,28.21,openrouteservice,driving-car,2026-08-21,100,90,municipality,openrouteservice_osm,,2026-08-21T18:07:52Z,0.2.0,,,complete,100,100,100,,official,default,true
089030,Sant Julià de Cerdanyola,14,Berguedà,2026-08-21,"Plaça de Catalunya, Barcelona",42.223669,1.892847,95.7805,122.9,openrouteservice,driving-car,2026-08-21,72.1097,90,municipality,openrouteservice_osm,,2026-08-21T18:07:52Z,0.2.0,,,complete,72.1097,72.1097,100,,official,default,true
089045,Badia del Vallès,40,Vallès Occidental,2026-08-21,"Plaça de Catalunya, Barcelona",41.509071,2.113347,30.113167,20.61,openrouteservice,driving-car,2026-08-21,100,90,municipality,openrouteservice_osm,,2026-08-21T18:07:52Z,0.2.0,,,complete,100,100,100,,official,default,true
089058,la Palma de Cervelló,11,Baix Llobregat,2026-08-21,"Plaça de Catalunya, Barcelona",41.411896,1.970124,35.658333,22.74,openrouteservice,driving-car,2026-08-21,100,90,municipality,openrouteservice_osm,,2026-08-21T18:07:52Z,0.2.0,,,complete,100,100,100,,official,default,true
170010,Agullana,02,Alt Empordà,2026-08-21,"Plaça de Catalunya, Barcelona",42.393805,2.84667,106.052167,155.95,openrouteservice,driving-car,2026-08-21,66.9739,90,municipality,openrouteservice_osm,,2026-08-21T18:07:52Z,0.2.0,,,complete,66.9739,66.9739,100,,official,default,true
170025,Aiguaviva,20,Gironès,2026-08-21,"Plaça de Catalunya, Barcelona",41.938318,2.761759,73.817333,93.1,openrouteservice,driving-car,2026-08-21,83.9904,90,municipality,openrouteservice_osm,,2026-08-21T18:07:52Z,0.2.0,,,complete,83.9904,83.9904,100,,official,default,true
170031,Albanyà,02,Alt Empordà,2026-08-21,"Plaça de Catalunya, Barcelona",42.30428,2.719863,116.406167,159.41,openrouteservice,driving-car,2026-08-21,61.7969,90,municipality,openrouteservice_osm,,2026-08-21T18:07:52Z,0.2.0,,,complete,61.7969,61.7969,100,,official,default,true
170046,Albons,10,Baix Empordà,2026-08-21,"Plaça de Catalunya, Barcelona",42.104398,3.085289,101.142833,137.27,openrouteservice,driving-car,2026-08-21,69.4286,90,municipality,openrouteservice_osm,,2026-08-21T18:07:52Z,0.2.0,,,complete,69.4286,69.4286,100,,official,default,true
170059,el Far d'Empordà,02,Alt Empordà,2026-08-21,"Plaça de Catalunya, Barcelona",42.25168,2.996235,97.261167,136.26,openrouteservice,driving-car,2026-08-21,71.3694,90,municipality,openrouteservice_osm,,2026-08-21T18:07:52Z,0.2.0,,,complete,71.3694,71.3694,100,,official,default,true
170062,Alp,15,Cerdanya,2026-08-21,"Plaça de Catalunya, Barcelona",42.372563,1.885389,112.378167,140.82,openrouteservice,driving-car,2026-08-21,63.8109,90,municipality,openrouteservice_osm,,2026-08-21T18:07:52Z,0.2.0,,,complete,63.8109,63.8109,100,,official,default,true
170078,Amer,34,Selva,2026-08-21,"Plaça de Catalunya, Barcelona",42.009245,2.603019,91.317333,112.24,openrouteservice,driving-car,2026-08-21,74.3413,90,municipality,openrouteservice_osm,,2026-08-21T18:07:52Z,0.2.0,,,complete,74.3413,74.3413,100,,official,default,true
170084,Anglès,34,Selva,2026-08-21,"Plaça de Catalunya, Barcelona",41.957446,2.640059,81.776333,104.75,openrouteservice,driving-car,2026-08-21,79.5687,90,municipality,openrouteservice_osm,,2026-08-21T18:07:52Z,0.2.0,,,complete,79.5687,79.5687,100,,official,default,true
170097,Arbúcies,34,Selva,2026-08-21,"Plaça de Catalunya, Barcelona",41.816081,2.514168,70.717833,80.46,openrouteservice,driving-car,2026-08-21,85.7123,90,municipality,openrouteservice_osm,,2026-08-21T18:07:52Z,0.2.0,,,complete,85.7123,85.7123,100,,official,default,true
170101,Argelaguer,19,Garrotxa,2026-08-21,"Plaça de Catalunya, Barcelona",42.213178,2.641584,107.008333,134.79,openrouteservice,driving-car,2026-08-21,66.4958,90,municipality,openrouteservice_osm,,2026-08-21T18:07:52Z,0.2.0,,,complete,66.4958,66.4958,100,,official,default,true
170118,l'Armentera,02,Alt Empordà,2026-08-21,"Plaça de Catalunya, Barcelona",42.172101,3.074524,101.198333,135.93,openrouteservice,driving-car,2026-08-21,69.4008,90,municipality,openrouteservice_osm,,2026-08-21T18:07:52Z,0.2.0,,,complete,69.4008,69.4008,100,,official,default,true
170123,Avinyonet de Puigventós,02,Alt Empordà,2026-08-21,"Plaça de Catalunya, Barcelona",42.249535,2.914702,101.149167,137.79,openrouteservice,driving-car,2026-08-21,69.4254,90,municipality,openrouteservice_osm,,2026-08-21T18:07:52Z,0.2.0,,,complete,69.4254,69.4254,100,,official,default,true
170139,Begur,10,Baix Empordà,2026-08-21,"Plaça de Catalunya, Barcelona",41.954338,3.207073,111.1645,129.59,openrouteservice,driving-car,2026-08-21,64.4177,90,municipality,openrouteservice_osm,,2026-08-21T18:07:52Z,0.2.0,,,complete,64.4177,64.4177,100,,official,default,true
170144,la Vajol,02,Alt Empordà,2026-08-21,"Plaça de Catalunya, Barcelona",42.403802,2.800194,113.8955,162.35,openrouteservice,driving-car,2026-08-21,63.0523,90,municipality,openrouteservice_osm,,2026-08-21T18:07:52Z,0.2.0,,,complete,63.0523,63.0523,100,,official,default,true
170157,Banyoles,28,Pla de l'Estany,2026-08-21,"Plaça de Catalunya, Barcelona",42.118106,2.765371,89.6185,116.74,openrouteservice,driving-car,2026-08-21,75.2119,90,municipality,openrouteservice_osm,,2026-08-21T18:07:52Z,0.2.0,,,complete,75.2119,75.2119,100,,official,default,true
170160,Bàscara,02,Alt Empordà,2026-08-21,"Plaça de Catalunya, Barcelona",42.159736,2.910445,85.882667,121.02,openrouteservice,driving-car,2026-08-21,77.2874,90,municipality,openrouteservice_osm,,2026-08-21T18:07:52Z,0.2.0,,,complete,77.2874,77.2874,100,,official,default,true
170182,Bellcaire d'Empordà,10,Baix Empordà,2026-08-21,"Plaça de Catalunya, Barcelona",42.08076,3.094271,104.577,140.17,openrouteservice,driving-car,2026-08-21,67.7115,90,municipality,openrouteservice_osm,,2026-08-21T18:07:52Z,0.2.0,,,complete,67.7115,67.7115,100,,official,default,true
170195,Besalú,19,Garrotxa,2026-08-21,"Plaça de Catalunya, Barcelona",42.198892,2.699512,101.532667,129.35,openrouteservice,driving-car,2026-08-21,69.2337,90,municipality,openrouteservice_osm,,2026-08-21T18:07:52Z,0.2.0,,,complete,69.2337,69.2337,100,,official,default,true
170209,Bescanó,20,Gironès,2026-08-21,"Plaça de Catalunya, Barcelona",41.9656,2.742169,79.2905,99.98,openrouteservice,driving-car,2026-08-21,80.9497,90,municipality,openrouteservice_osm,,2026-08-21T18:07:52Z,0.2.0,,,complete,80.9497,80.9497,100,,official,default,true
170216,Beuda,19,Garrotxa,2026-08-21,"Plaça de Catalunya, Barcelona",42.237053,2.709516,106.184333,133.19,openrouteservice,driving-car,2026-08-21,66.9078,90,municipality,openrouteservice_osm,,2026-08-21T18:07:52Z,0.2.0,,,complete,66.9078,66.9078,100,,official,default,true
170221,la Bisbal d'Empordà,10,Baix Empordà,2026-08-21,"Plaça de Catalunya, Barcelona",41.959697,3.03855,107.588,128.06,openrouteservice,driving-car,2026-08-21,66.206,90,municipality,openrouteservice_osm,,2026-08-21T18:07:52Z,0.2.0,,,complete,66.206,66.206,100,,official,default,true
170237,Blanes,34,Selva,2026-08-21,"Plaça de Catalunya, Barcelona",41.675766,2.792407,62.049167,71.08,openrouteservice,driving-car,2026-08-21,90.5282,90,municipality,openrouteservice_osm,,2026-08-21T18:07:52Z,0.2.0,,,complete,90.5282,90.5282,100,,official,default,true
170242,Bolvir,15,Cerdanya,2026-08-21,"Plaça de Catalunya, Barcelona",42.41782,1.879891,119.521667,149.93,openrouteservice,driving-car,2026-08-21,60.2392,90,municipality,openrouteservice_osm,,2026-08-21T18:07:52Z,0.2.0,,,complete,60.2392,60.2392,100,,official,default,true
170255,Bordils,20,Gironès,2026-08-21,"Plaça de Catalunya, Barcelona",42.040898,2.913191,90.455167,112.47,openrouteservice,driving-car,2026-08-21,74.7724,90,municipality,openrouteservice_osm,,2026-08-21T18:07:52Z,0.2.0,,,complete,74.7724,74.7724,100,,official,default,true
170268,Borrassà,02,Alt Empordà,2026-08-21,"Plaça de Catalunya, Barcelona",42.222795,2.926309,93.465667,132.86,openrouteservice,driving-car,2026-08-21,73.2672,90,municipality,openrouteservice_osm,,2026-08-21T18:07:52Z,0.2.0,,,complete,73.2672,73.2672,100,,official,default,true
170274,Breda,34,Selva,2026-08-21,"Plaça de Catalunya, Barcelona",41.748539,2.556952,63.497167,59.29,openrouteservice,driving-car,2026-08-21,89.7238,90,municipality,openrouteservice_osm,,2026-08-21T18:07:52Z,0.2.0,,,complete,89.7238,89.7238,100,,official,default,true
170280,Brunyola i Sant Martí Sapresa,34,Selva,2026-08-21,"Plaça de Catalunya, Barcelona",41.904551,2.684297,75.9455,100.48,openrouteservice,driving-car,2026-08-21,82.8081,90,municipality,openrouteservice_osm,,2026-08-21T18:07:52Z,0.2.0,,,complete,82.8081,82.8081,100,,official,default,true
170293,Boadella i les Escaules,02,Alt Empordà,2026-08-21,"Plaça de Catalunya, Barcelona",42.329914,2.856271,107.8525,147.27,openrouteservice,driving-car,2026-08-21,66.0738,90,municipality,openrouteservice_osm,,2026-08-21T18:07:52Z,0.2.0,,,complete,66.0738,66.0738,100,,official,default,true
170307,Cabanes,02,Alt Empordà,2026-08-21,"Plaça de Catalunya, Barcelona",42.307,2.978283,102.403667,144.72,openrouteservice,driving-car,2026-08-21,68.7982,90,municipality,openrouteservice_osm,,2026-08-21T18:07:52Z,0.2.0,,,complete,68.7982,68.7982,100,,official,default,true
170314,Cabanelles,02,Alt Empordà,2026-08-21,"Plaça de Catalunya, Barcelona",42.230848,2.819698,104.842333,143.85,openrouteservice,driving-car,2026-08-21,67.5788,90,municipality,openrouteservice_osm,,2026-08-21T18:07:52Z,0.2.0,,,complete,67.5788,67.5788,100,,official,default,true
170329,Cadaqués,02,Alt Empordà,2026-08-21,"Plaça de Catalunya, Barcelona",42.288087,3.27587,134.203667,167.13,openrouteservice,driving-car,2026-08-21,54.0818,90,municipality,openrouteservice_osm,,2026-08-21T18:07:52Z,0.2.0,,,complete,54.0818,54.0818,100,,official,default,true
170335,Caldes de Malavella,34,Selva,2026-08-21,"Plaça de Catalunya, Barcelona",41.8389,2.809537,68.892,86.91,openrouteservice,driving-car,2026-08-21,86.7267,90,municipality,openrouteservice_osm,,2026-08-21T18:07:52Z,0.2.0,,,complete,86.7267,86.7267,100,,official,default,true
170340,Calonge i Sant Antoni,10,Baix Empordà,2026-08-21,"Plaça de Catalunya, Barcelona",41.862665,3.073652,88.2005,109.7,openrouteservice,driving-car,2026-08-21,75.9997,90,municipality,openrouteservice_osm,,2026-08-21T18:07:52Z,0.2.0,,,complete,75.9997,75.9997,100,,official,default,true
170353,Camós,28,Pla de l'Estany,2026-08-21,"Plaça de Catalunya, Barcelona",42.094171,2.767199,88.525,115.68,openrouteservice,driving-car,2026-08-21,75.8194,90,municipality,openrouteservice_osm,,2026-08-21T18:07:52Z,0.2.0,,,complete,75.8194,75.8194,100,,official,default,true
170366,Campdevànol,31,Ripollès,2026-08-21,"Plaça de Catalunya, Barcelona",42.224468,2.167213,104.458333,107.55,openrouteservice,driving-car,2026-08-21,67.7708,90,municipality,openrouteservice_osm,,2026-08-21T18:07:52Z,0.2.0,,,complete,67.7708,67.7708,100,,official,default,true
170372,Campelles,31,Ripollès,2026-08-21,"Plaça de Catalunya, Barcelona",42.29423,2.140128,121.924833,122.94,openrouteservice,driving-car,2026-08-21,59.198,90,municipality,openrouteservice_osm,,2026-08-21T18:07:52Z,0.2.0,,,complete,59.198,59.198,100,,official,default,true
170388,Campllong,20,Gironès,2026-08-21,"Plaça de Catalunya, Barcelona",41.890756,2.830076,75.0695,93.09,openrouteservice,driving-car,2026-08-21,83.2947,90,municipality,openrouteservice_osm,,2026-08-21T18:07:52Z,0.2.0,,,complete,83.2947,83.2947,100,,official,default,true
170391,Camprodon,31,Ripollès,2026-08-21,"Plaça de Catalunya, Barcelona",42.311742,2.365078,132.641,127.68,openrouteservice,driving-car,2026-08-21,54.7329,90,municipality,openrouteservice_osm,,2026-08-21T18:07:52Z,0.2.0,,,complete,54.7329,54.7329,100,,official,default,true
170405,Canet d'Adri,20,Gironès,2026-08-21,"Plaça de Catalunya, Barcelona",42.033424,2.737025,81.563333,107.68,openrouteservice,driving-car,2026-08-21,79.687,90,municipality,openrouteservice_osm,,2026-08-21T18:07:52Z,0.2.0,,,complete,79.687,79.687,100,,official,default,true
170412,Cantallops,02,Alt Empordà,2026-08-21,"Plaça de Catalunya, Barcelona",42.422008,2.925319,109.018333,158.46,openrouteservice,driving-car,2026-08-21,65.4908,90,municipality,openrouteservice_osm,,2026-08-21T18:07:52Z,0.2.0,,,complete,65.4908,65.4908,100,,official,default,true
170427,Capmany,02,Alt Empordà,2026-08-21,"Plaça de Catalunya, Barcelona",42.372493,2.921023,104.479833,148.41,openrouteservice,driving-car,2026-08-21,67.7601,90,municipality,openrouteservice_osm,,2026-08-21T18:07:52Z,0.2.0,,,complete,67.7601,67.7601,100,,official,default,true
170433,Queralbs,31,Ripollès,2026-08-21,"Plaça de Catalunya, Barcelona",42.348583,2.162746,126.142667,124.83,openrouteservice,driving-car,2026-08-21,57.4406,90,municipality,openrouteservice_osm,,2026-08-21T18:07:52Z,0.2.0,,,complete,57.4406,57.4406,100,,official,default,true
170448,Cassà de la Selva,20,Gironès,2026-08-21,"Plaça de Catalunya, Barcelona",41.887382,2.874239,78.770333,95.37,openrouteservice,driving-car,2026-08-21,81.2387,90,municipality,openrouteservice_osm,,2026-08-21T18:07:52Z,0.2.0,,,complete,81.2387,81.2387,100,,official,default,true
170464,Castellfollit de la Roca,19,Garrotxa,2026-08-21,"Plaça de Catalunya, Barcelona",42.219268,2.550076,111.1925,143.09,openrouteservice,driving-car,2026-08-21,64.4038,90,municipality,openrouteservice_osm,,2026-08-21T18:07:52Z,0.2.0,,,complete,64.4038,64.4038,100,,official,default,true
170470,Castelló d'Empúries,02,Alt Empordà,2026-08-21,"Plaça de Catalunya, Barcelona",42.258324,3.074434,107.5605,144.1,openrouteservice,driving-car,2026-08-21,66.2198,90,municipality,openrouteservice_osm,,2026-08-21T18:07:52Z,0.2.0,,,complete,66.2198,66.2198,100,,official,default,true
170486,"Castell d'Aro, Platja d'Aro i s'Agaró",10,Baix Empordà,2026-08-21,"Plaça de Catalunya, Barcelona",41.817468,3.068418,83.627,103.46,openrouteservice,driving-car,2026-08-21,78.5406,90,municipality,openrouteservice_osm,,2026-08-21T18:07:52Z,0.2.0,,,complete,78.5406,78.5406,100,,official,default,true
170499,Celrà,20,Gironès,2026-08-21,"Plaça de Catalunya, Barcelona",42.024691,2.878947,84.638667,109.58,openrouteservice,driving-car,2026-08-21,77.9785,90,municipality,openrouteservice_osm,,2026-08-21T18:07:52Z,0.2.0,,,complete,77.9785,77.9785,100,,official,default,true
170502,Cervià de Ter,20,Gironès,2026-08-21,"Plaça de Catalunya, Barcelona",42.067712,2.90965,87.870833,113.27,openrouteservice,driving-car,2026-08-21,76.1829,90,municipality,openrouteservice_osm,,2026-08-21T18:07:52Z,0.2.0,,,complete,76.1829,76.1829,100,,official,default,true
170519,Cistella,02,Alt Empordà,2026-08-21,"Plaça de Catalunya, Barcelona",42.268681,2.847275,107.436333,144.03,openrouteservice,driving-car,2026-08-21,66.2818,90,municipality,openrouteservice_osm,,2026-08-21T18:07:52Z,0.2.0,,,complete,66.2818,66.2818,100,,official,default,true
170524,Siurana,02,Alt Empordà,2026-08-21,"Plaça de Catalunya, Barcelona",42.209474,2.99411,97.3125,135.4,openrouteservice,driving-car,2026-08-21,71.3438,90,municipality,openrouteservice_osm,,2026-08-21T18:07:52Z,0.2.0,,,complete,71.3438,71.3438,100,,official,default,true
170545,Colera,02,Alt Empordà,2026-08-21,"Plaça de Catalunya, Barcelona",42.403849,3.150766,127.217,163.16,openrouteservice,driving-car,2026-08-21,56.9929,90,municipality,openrouteservice_osm,,2026-08-21T18:07:52Z,0.2.0,,,complete,56.9929,56.9929,100,,official,default,true
170558,Colomers,10,Baix Empordà,2026-08-21,"Plaça de Catalunya, Barcelona",42.084172,2.987595,95.167667,120.27,openrouteservice,driving-car,2026-08-21,72.4162,90,municipality,openrouteservice_osm,,2026-08-21T18:07:52Z,0.2.0,,,complete,72.4162,72.4162,100,,official,default,true
170561,Cornellà del Terri,28,Pla de l'Estany,2026-08-21,"Plaça de Catalunya, Barcelona",42.090026,2.816021,83.066833,111.74,openrouteservice,driving-car,2026-08-21,78.8518,90,municipality,openrouteservice_osm,,2026-08-21T18:07:52Z,0.2.0,,,complete,78.8518,78.8518,100,,official,default,true
170577,Corçà,10,Baix Empordà,2026-08-21,"Plaça de Catalunya, Barcelona",41.989412,3.017835,100.297167,124.45,openrouteservice,driving-car,2026-08-21,69.8514,90,municipality,openrouteservice_osm,,2026-08-21T18:07:52Z,0.2.0,,,complete,69.8514,69.8514,100,,official,default,true
170583,Crespià,28,Pla de l'Estany,2026-08-21,"Plaça de Catalunya, Barcelona",42.187122,2.79848,100.692333,126.45,openrouteservice,driving-car,2026-08-21,69.6538,90,municipality,openrouteservice_osm,,2026-08-21T18:07:52Z,0.2.0,,,complete,69.6538,69.6538,100,,official,default,true
170600,Darnius,02,Alt Empordà,2026-08-21,"Plaça de Catalunya, Barcelona",42.368553,2.831958,108.104833,152.07,openrouteservice,driving-car,2026-08-21,65.9476,90,municipality,openrouteservice_osm,,2026-08-21T18:07:52Z,0.2.0,,,complete,65.9476,65.9476,100,,official,default,true
170617,Das,15,Cerdanya,2026-08-21,"Plaça de Catalunya, Barcelona",42.361092,1.870125,109.502833,139.03,openrouteservice,driving-car,2026-08-21,65.2486,90,municipality,openrouteservice_osm,,2026-08-21T18:07:52Z,0.2.0,,,complete,65.2486,65.2486,100,,official,default,true
170622,l'Escala,02,Alt Empordà,2026-08-21,"Plaça de Catalunya, Barcelona",42.12479,3.132502,106.8895,138.76,openrouteservice,driving-car,2026-08-21,66.5553,90,municipality,openrouteservice_osm,,2026-08-21T18:07:52Z,0.2.0,,,complete,66.5553,66.5553,100,,official,default,true
170638,Espinelves,24,Osona,2026-08-21,"Plaça de Catalunya, Barcelona",41.868981,2.417266,84.727,92.2,openrouteservice,driving-car,2026-08-21,77.9294,90,municipality,openrouteservice_osm,,2026-08-21T18:07:52Z,0.2.0,,,complete,77.9294,77.9294,100,,official,default,true
170643,Espolla,02,Alt Empordà,2026-08-21,"Plaça de Catalunya, Barcelona",42.391085,3.000866,108.323333,151.67,openrouteservice,driving-car,2026-08-21,65.8383,90,municipality,openrouteservice_osm,,2026-08-21T18:07:52Z,0.2.0,,,complete,65.8383,65.8383,100,,official,default,true
170656,Esponellà,28,Pla de l'Estany,2026-08-21,"Plaça de Catalunya, Barcelona",42.178934,2.795073,95.427167,124.25,openrouteservice,driving-car,2026-08-21,72.2864,90,municipality,openrouteservice_osm,,2026-08-21T18:07:52Z,0.2.0,,,complete,72.2864,72.2864,100,,official,default,true
170669,Figueres,02,Alt Empordà,2026-08-21,"Plaça de Catalunya, Barcelona",42.267253,2.960797,102.72,136.44,openrouteservice,driving-car,2026-08-21,68.64,90,municipality,openrouteservice_osm,,2026-08-21T18:07:52Z,0.2.0,,,complete,68.64,68.64,100,,official,default,true
170675,Flaçà,20,Gironès,2026-08-21,"Plaça de Catalunya, Barcelona",42.047074,2.957735,93.385833,116.27,openrouteservice,driving-car,2026-08-21,73.3071,90,municipality,openrouteservice_osm,,2026-08-21T18:07:52Z,0.2.0,,,complete,73.3071,73.3071,100,,official,default,true
170681,Foixà,10,Baix Empordà,2026-08-21,"Plaça de Catalunya, Barcelona",42.039661,2.996546,100.375,121.65,openrouteservice,driving-car,2026-08-21,69.8125,90,municipality,openrouteservice_osm,,2026-08-21T18:07:52Z,0.2.0,,,complete,69.8125,69.8125,100,,official,default,true
170694,Fontanals de Cerdanya,15,Cerdanya,2026-08-21,"Plaça de Catalunya, Barcelona",42.384929,1.899374,117.041,144.35,openrouteservice,driving-car,2026-08-21,61.4795,90,municipality,openrouteservice_osm,,2026-08-21T18:07:52Z,0.2.0,,,complete,61.4795,61.4795,100,,official,default,true
170708,Fontanilles,10,Baix Empordà,2026-08-21,"Plaça de Catalunya, Barcelona",42.009948,3.107097,112.9,134.31,openrouteservice,driving-car,2026-08-21,63.55,90,municipality,openrouteservice_osm,,2026-08-21T18:07:52Z,0.2.0,,,complete,63.55,63.55,100,,official,default,true
170715,Fontcoberta,28,Pla de l'Estany,2026-08-21,"Plaça de Catalunya, Barcelona",42.142955,2.789083,90.398667,119.36,openrouteservice,driving-car,2026-08-21,74.8007,90,municipality,openrouteservice_osm,,2026-08-21T18:07:52Z,0.2.0,,,complete,74.8007,74.8007,100,,official,default,true
170736,Fornells de la Selva,20,Gironès,2026-08-21,"Plaça de Catalunya, Barcelona",41.93092,2.812238,75.9165,95.38,openrouteservice,driving-car,2026-08-21,82.8242,90,municipality,openrouteservice_osm,,2026-08-21T18:07:52Z,0.2.0,,,complete,82.8242,82.8242,100,,official,default,true
170741,Fortià,02,Alt Empordà,2026-08-21,"Plaça de Catalunya, Barcelona",42.242008,3.040705,101.469167,139.5,openrouteservice,driving-car,2026-08-21,69.2654,90,municipality,openrouteservice_osm,,2026-08-21T18:07:52Z,0.2.0,,,complete,69.2654,69.2654,100,,official,default,true
170754,Garrigàs,02,Alt Empordà,2026-08-21,"Plaça de Catalunya, Barcelona",42.193424,2.954079,94.3275,129.32,openrouteservice,driving-car,2026-08-21,72.8363,90,municipality,openrouteservice_osm,,2026-08-21T18:07:52Z,0.2.0,,,complete,72.8363,72.8363,100,,official,default,true
170767,Garrigoles,10,Baix Empordà,2026-08-21,"Plaça de Catalunya, Barcelona",42.107574,3.030873,95.459833,130.94,openrouteservice,driving-car,2026-08-21,72.2701,90,municipality,openrouteservice_osm,,2026-08-21T18:07:52Z,0.2.0,,,complete,72.2701,72.2701,100,,official,default,true
170773,Garriguella,02,Alt Empordà,2026-08-21,"Plaça de Catalunya, Barcelona",42.34228,3.064274,110.992833,150.19,openrouteservice,driving-car,2026-08-21,64.5036,90,municipality,openrouteservice_osm,,2026-08-21T18:07:52Z,0.2.0,,,complete,64.5036,64.5036,100,,official,default,true
170789,Ger,15,Cerdanya,2026-08-21,"Plaça de Catalunya, Barcelona",42.410766,1.844214,116.172333,146.48,openrouteservice,driving-car,2026-08-21,61.9138,90,municipality,openrouteservice_osm,,2026-08-21T18:07:52Z,0.2.0,,,complete,61.9138,61.9138,100,,official,default,true
170792,Girona,20,Gironès,2026-08-21,"Plaça de Catalunya, Barcelona",41.983191,2.824666,81.458167,99.62,openrouteservice,driving-car,2026-08-21,79.7455,90,municipality,openrouteservice_osm,,2026-08-21T18:07:52Z,0.2.0,,,complete,79.7455,79.7455,100,,official,default,true
170806,Gombrèn,31,Ripollès,2026-08-21,"Plaça de Catalunya, Barcelona",42.248327,2.090997,113.499333,115.3,openrouteservice,driving-car,2026-08-21,63.2503,90,municipality,openrouteservice_osm,,2026-08-21T18:07:52Z,0.2.0,,,complete,63.2503,63.2503,100,,official,default,true
170813,Gualta,10,Baix Empordà,2026-08-21,"Plaça de Catalunya, Barcelona",42.028501,3.103552,110.469167,130.39,openrouteservice,driving-car,2026-08-21,64.7654,90,municipality,openrouteservice_osm,,2026-08-21T18:07:52Z,0.2.0,,,complete,64.7654,64.7654,100,,official,default,true
170828,Guils de Cerdanya,15,Cerdanya,2026-08-21,"Plaça de Catalunya, Barcelona",42.448538,1.879406,129.436,154.09,openrouteservice,driving-car,2026-08-21,56.0683,90,municipality,openrouteservice_osm,,2026-08-21T18:07:52Z,0.2.0,,,complete,56.0683,56.0683,100,,official,default,true
170834,Hostalric,34,Selva,2026-08-21,"Plaça de Catalunya, Barcelona",41.745993,2.636837,55.806667,65.13,openrouteservice,driving-car,2026-08-21,93.9963,90,municipality,openrouteservice_osm,,2026-08-21T18:07:52Z,0.2.0,,,complete,93.9963,93.9963,100,,official,default,true
170849,Isòvol,15,Cerdanya,2026-08-21,"Plaça de Catalunya, Barcelona",42.397593,1.837361,114.693833,144.61,openrouteservice,driving-car,2026-08-21,62.6531,90,municipality,openrouteservice_osm,,2026-08-21T18:07:52Z,0.2.0,,,complete,62.6531,62.6531,100,,official,default,true
170852,Jafre,10,Baix Empordà,2026-08-21,"Plaça de Catalunya, Barcelona",42.071976,3.010617,97.428,122.71,openrouteservice,driving-car,2026-08-21,71.286,90,municipality,openrouteservice_osm,,2026-08-21T18:07:52Z,0.2.0,,,complete,71.286,71.286,100,,official,default,true
170865,la Jonquera,02,Alt Empordà,2026-08-21,"Plaça de Catalunya, Barcelona",42.417416,2.874256,105.684,153.79,openrouteservice,driving-car,2026-08-21,67.158,90,municipality,openrouteservice_osm,,2026-08-21T18:07:52Z,0.2.0,,,complete,67.158,67.158,100,,official,default,true
170871,Juià,20,Gironès,2026-08-21,"Plaça de Catalunya, Barcelona",42.017117,2.906799,89.614167,112.21,openrouteservice,driving-car,2026-08-21,75.2144,90,municipality,openrouteservice_osm,,2026-08-21T18:07:52Z,0.2.0,,,complete,75.2144,75.2144,100,,official,default,true
170887,Lladó,02,Alt Empordà,2026-08-21,"Plaça de Catalunya, Barcelona",42.247606,2.813803,105.693667,144.32,openrouteservice,driving-car,2026-08-21,67.1532,90,municipality,openrouteservice_osm,,2026-08-21T18:07:52Z,0.2.0,,,complete,67.1532,67.1532,100,,official,default,true
170890,Llagostera,20,Gironès,2026-08-21,"Plaça de Catalunya, Barcelona",41.828913,2.892017,71.926667,88.06,openrouteservice,driving-car,2026-08-21,85.0407,90,municipality,openrouteservice_osm,,2026-08-21T18:07:52Z,0.2.0,,,complete,85.0407,85.0407,100,,official,default,true
170904,Llambilles,20,Gironès,2026-08-21,"Plaça de Catalunya, Barcelona",41.921103,2.859511,77.176167,99.07,openrouteservice,driving-car,2026-08-21,82.1244,90,municipality,openrouteservice_osm,,2026-08-21T18:07:52Z,0.2.0,,,complete,82.1244,82.1244,100,,official,default,true
170911,Llanars,31,Ripollès,2026-08-21,"Plaça de Catalunya, Barcelona",42.320443,2.343989,135.793833,129.75,openrouteservice,driving-car,2026-08-21,53.4192,90,municipality,openrouteservice_osm,,2026-08-21T18:07:52Z,0.2.0,,,complete,53.4192,53.4192,100,,official,default,true
170926,Llançà,02,Alt Empordà,2026-08-21,"Plaça de Catalunya, Barcelona",42.36326,3.152032,115.914333,156.47,openrouteservice,driving-car,2026-08-21,62.0428,90,municipality,openrouteservice_osm,,2026-08-21T18:07:52Z,0.2.0,,,complete,62.0428,62.0428,100,,official,default,true
170932,Llers,02,Alt Empordà,2026-08-21,"Plaça de Catalunya, Barcelona",42.295409,2.912353,98.185667,141.5,openrouteservice,driving-car,2026-08-21,70.9072,90,municipality,openrouteservice_osm,,2026-08-21T18:07:52Z,0.2.0,,,complete,70.9072,70.9072,100,,official,default,true
170947,Llívia,15,Cerdanya,2026-08-21,"Plaça de Catalunya, Barcelona",42.464475,1.980855,131.975333,155.31,openrouteservice,driving-car,2026-08-21,55.0103,90,municipality,openrouteservice_osm,,2026-08-21T18:07:52Z,0.2.0,,,complete,55.0103,55.0103,100,,official,default,true
170950,Lloret de Mar,34,Selva,2026-08-21,"Plaça de Catalunya, Barcelona",41.699466,2.847167,68.182,74.95,openrouteservice,driving-car,2026-08-21,87.1211,90,municipality,openrouteservice_osm,,2026-08-21T18:07:52Z,0.2.0,,,complete,87.1211,87.1211,100,,official,default,true
170963,les Llosses,31,Ripollès,2026-08-21,"Plaça de Catalunya, Barcelona",42.150546,2.116808,99.9465,109.2,openrouteservice,driving-car,2026-08-21,70.0267,90,municipality,openrouteservice_osm,,2026-08-21T18:07:52Z,0.2.0,,,complete,70.0267,70.0267,100,,official,default,true
170979,Madremanya,20,Gironès,2026-08-21,"Plaça de Catalunya, Barcelona",41.990074,2.95724,98.497833,114.38,openrouteservice,driving-car,2026-08-21,70.7511,90,municipality,openrouteservice_osm,,2026-08-21T18:07:52Z,0.2.0,,,complete,70.7511,70.7511,100,,official,default,true
170985,Maià de Montcal,19,Garrotxa,2026-08-21,"Plaça de Catalunya, Barcelona",42.222323,2.742129,106.522833,133.02,openrouteservice,driving-car,2026-08-21,66.7386,90,municipality,openrouteservice_osm,,2026-08-21T18:07:52Z,0.2.0,,,complete,66.7386,66.7386,100,,official,default,true
170998,Meranges,15,Cerdanya,2026-08-21,"Plaça de Catalunya, Barcelona",42.446185,1.786869,125.736333,151.93,openrouteservice,driving-car,2026-08-21,57.6099,90,municipality,openrouteservice_osm,,2026-08-21T18:07:52Z,0.2.0,,,complete,57.6099,57.6099,100,,official,default,true
171002,Masarac i Vilarnadal,02,Alt Empordà,2026-08-21,"Plaça de Catalunya, Barcelona",42.350722,2.972776,102.134333,146.23,openrouteservice,driving-car,2026-08-21,68.9328,90,municipality,openrouteservice_osm,,2026-08-21T18:07:52Z,0.2.0,,,complete,68.9328,68.9328,100,,official,default,true
171019,Massanes,34,Selva,2026-08-21,"Plaça de Catalunya, Barcelona",41.765902,2.651779,59.9845,67.8,openrouteservice,driving-car,2026-08-21,91.6753,90,municipality,openrouteservice_osm,,2026-08-21T18:07:52Z,0.2.0,,,complete,91.6753,91.6753,100,,official,default,true
171024,Maçanet de Cabrenys,02,Alt Empordà,2026-08-21,"Plaça de Catalunya, Barcelona",42.385936,2.748068,117.155167,161.52,openrouteservice,driving-car,2026-08-21,61.4224,90,municipality,openrouteservice_osm,,2026-08-21T18:07:52Z,0.2.0,,,complete,61.4224,61.4224,100,,official,default,true
171030,Maçanet de la Selva,34,Selva,2026-08-21,"Plaça de Catalunya, Barcelona",41.777449,2.730836,61.907167,75.87,openrouteservice,driving-car,2026-08-21,90.6071,90,municipality,openrouteservice_osm,,2026-08-21T18:07:52Z,0.2.0,,,complete,90.6071,90.6071,100,,official,default,true
171058,Mieres,19,Garrotxa,2026-08-21,"Plaça de Catalunya, Barcelona",42.123056,2.638125,106.6245,131,openrouteservice,driving-car,2026-08-21,66.6877,90,municipality,openrouteservice_osm,,2026-08-21T18:07:52Z,0.2.0,,,complete,66.6877,66.6877,100,,official,default,true
171061,Mollet de Peralada,02,Alt Empordà,2026-08-21,"Plaça de Catalunya, Barcelona",42.35981,2.999774,105.867333,148.52,openrouteservice,driving-car,2026-08-21,67.0663,90,municipality,openrouteservice_osm,,2026-08-21T18:07:52Z,0.2.0,,,complete,67.0663,67.0663,100,,official,default,true
171077,Molló,31,Ripollès,2026-08-21,"Plaça de Catalunya, Barcelona",42.346775,2.404611,141.633,135.58,openrouteservice,driving-car,2026-08-21,50.9863,90,municipality,openrouteservice_osm,,2026-08-21T18:07:52Z,0.2.0,,,complete,50.9863,50.9863,100,,official,default,true
171096,Montagut i Oix,19,Garrotxa,2026-08-21,"Plaça de Catalunya, Barcelona",42.231338,2.596321,110.213333,141.73,openrouteservice,driving-car,2026-08-21,64.8933,90,municipality,openrouteservice_osm,,2026-08-21T18:07:52Z,0.2.0,,,complete,64.8933,64.8933,100,,official,default,true
171100,Mont-ras,10,Baix Empordà,2026-08-21,"Plaça de Catalunya, Barcelona",41.909154,3.14323,93.9305,118.61,openrouteservice,driving-car,2026-08-21,73.0348,90,municipality,openrouteservice_osm,,2026-08-21T18:07:52Z,0.2.0,,,complete,73.0348,73.0348,100,,official,default,true
171117,Navata,02,Alt Empordà,2026-08-21,"Plaça de Catalunya, Barcelona",42.223773,2.860683,102.388333,139.72,openrouteservice,driving-car,2026-08-21,68.8058,90,municipality,openrouteservice_osm,,2026-08-21T18:07:52Z,0.2.0,,,complete,68.8058,68.8058,100,,official,default,true
171122,Ogassa,31,Ripollès,2026-08-21,"Plaça de Catalunya, Barcelona",42.26595,2.276852,117.037167,117.5,openrouteservice,driving-car,2026-08-21,61.4814,90,municipality,openrouteservice_osm,,2026-08-21T18:07:52Z,0.2.0,,,complete,61.4814,61.4814,100,,official,default,true
171143,Olot,19,Garrotxa,2026-08-21,"Plaça de Catalunya, Barcelona",42.182577,2.489741,112.508667,108.92,openrouteservice,driving-car,2026-08-21,63.7457,90,municipality,openrouteservice_osm,,2026-08-21T18:07:52Z,0.2.0,,,complete,63.7457,63.7457,100,,official,default,true
171156,Ordis,02,Alt Empordà,2026-08-21,"Plaça de Catalunya, Barcelona",42.218617,2.90674,96.1325,134.8,openrouteservice,driving-car,2026-08-21,71.9338,90,municipality,openrouteservice_osm,,2026-08-21T18:07:52Z,0.2.0,,,complete,71.9338,71.9338,100,,official,default,true
171169,Osor,34,Selva,2026-08-21,"Plaça de Catalunya, Barcelona",41.94547,2.557488,89.414333,113.71,openrouteservice,driving-car,2026-08-21,75.3254,90,municipality,openrouteservice_osm,,2026-08-21T18:07:52Z,0.2.0,,,complete,75.3254,75.3254,100,,official,default,true
171175,Palafrugell,10,Baix Empordà,2026-08-21,"Plaça de Catalunya, Barcelona",41.91484,3.164039,97.314333,120.18,openrouteservice,driving-car,2026-08-21,71.3428,90,municipality,openrouteservice_osm,,2026-08-21T18:07:52Z,0.2.0,,,complete,71.3428,71.3428,100,,official,default,true
171181,Palamós,10,Baix Empordà,2026-08-21,"Plaça de Catalunya, Barcelona",41.846788,3.129378,94.4015,113.89,openrouteservice,driving-car,2026-08-21,72.7993,90,municipality,openrouteservice_osm,,2026-08-21T18:07:52Z,0.2.0,,,complete,72.7993,72.7993,100,,official,default,true
171194,Palau de Santa Eulàlia,02,Alt Empordà,2026-08-21,"Plaça de Catalunya, Barcelona",42.173311,2.964614,94.860667,129.38,openrouteservice,driving-car,2026-08-21,72.5697,90,municipality,openrouteservice_osm,,2026-08-21T18:07:52Z,0.2.0,,,complete,72.5697,72.5697,100,,official,default,true
171208,Palau-saverdera,02,Alt Empordà,2026-08-21,"Plaça de Catalunya, Barcelona",42.308042,3.150017,118.762833,153.78,openrouteservice,driving-car,2026-08-21,60.6186,90,municipality,openrouteservice_osm,,2026-08-21T18:07:52Z,0.2.0,,,complete,60.6186,60.6186,100,,official,default,true
171215,Palau-sator,10,Baix Empordà,2026-08-21,"Plaça de Catalunya, Barcelona",41.989367,3.110516,112.403,128.54,openrouteservice,driving-car,2026-08-21,63.7985,90,municipality,openrouteservice_osm,,2026-08-21T18:07:52Z,0.2.0,,,complete,63.7985,63.7985,100,,official,default,true
171236,Palol de Revardit,28,Pla de l'Estany,2026-08-21,"Plaça de Catalunya, Barcelona",42.069884,2.796199,83.657833,111.39,openrouteservice,driving-car,2026-08-21,78.5234,90,municipality,openrouteservice_osm,,2026-08-21T18:07:52Z,0.2.0,,,complete,78.5234,78.5234,100,,official,default,true
171241,Pals,10,Baix Empordà,2026-08-21,"Plaça de Catalunya, Barcelona",41.970993,3.144941,104.958667,127.21,openrouteservice,driving-car,2026-08-21,67.5207,90,municipality,openrouteservice_osm,,2026-08-21T18:07:52Z,0.2.0,,,complete,67.5207,67.5207,100,,official,default,true
171254,Pardines,31,Ripollès,2026-08-21,"Plaça de Catalunya, Barcelona",42.31222,2.213526,123.626,123.47,openrouteservice,driving-car,2026-08-21,58.4892,90,municipality,openrouteservice_osm,,2026-08-21T18:07:52Z,0.2.0,,,complete,58.4892,58.4892,100,,official,default,true
171267,Parlavà,10,Baix Empordà,2026-08-21,"Plaça de Catalunya, Barcelona",42.022145,3.029928,101.326167,123.64,openrouteservice,driving-car,2026-08-21,69.3369,90,municipality,openrouteservice_osm,,2026-08-21T18:07:52Z,0.2.0,,,complete,69.3369,69.3369,100,,official,default,true
171289,Pau,02,Alt Empordà,2026-08-21,"Plaça de Catalunya, Barcelona",42.315816,3.116169,113.467333,152,openrouteservice,driving-car,2026-08-21,63.2663,90,municipality,openrouteservice_osm,,2026-08-21T18:07:52Z,0.2.0,,,complete,63.2663,63.2663,100,,official,default,true
171292,Pedret i Marzà,02,Alt Empordà,2026-08-21,"Plaça de Catalunya, Barcelona",42.310801,3.067522,108.022333,146.27,openrouteservice,driving-car,2026-08-21,65.9888,90,municipality,openrouteservice_osm,,2026-08-21T18:07:52Z,0.2.0,,,complete,65.9888,65.9888,100,,official,default,true
171306,la Pera,10,Baix Empordà,2026-08-21,"Plaça de Catalunya, Barcelona",42.020413,2.973315,96.410167,119.37,openrouteservice,driving-car,2026-08-21,71.7949,90,municipality,openrouteservice_osm,,2026-08-21T18:07:52Z,0.2.0,,,complete,71.7949,71.7949,100,,official,default,true
171328,Peralada,02,Alt Empordà,2026-08-21,"Plaça de Catalunya, Barcelona",42.308241,3.008139,106.616333,142.6,openrouteservice,driving-car,2026-08-21,66.6918,90,municipality,openrouteservice_osm,,2026-08-21T18:07:52Z,0.2.0,,,complete,66.6918,66.6918,100,,official,default,true
171334,les Planes d'Hostoles,19,Garrotxa,2026-08-21,"Plaça de Catalunya, Barcelona",42.055535,2.537176,100.3225,120.4,openrouteservice,driving-car,2026-08-21,69.8388,90,municipality,openrouteservice_osm,,2026-08-21T18:07:52Z,0.2.0,,,complete,69.8388,69.8388,100,,official,default,true
171349,Planoles,31,Ripollès,2026-08-21,"Plaça de Catalunya, Barcelona",42.316283,2.103769,123.081,124.3,openrouteservice,driving-car,2026-08-21,58.7163,90,municipality,openrouteservice_osm,,2026-08-21T18:07:52Z,0.2.0,,,complete,58.7163,58.7163,100,,official,default,true
171352,Pont de Molins,02,Alt Empordà,2026-08-21,"Plaça de Catalunya, Barcelona",42.314591,2.925691,96.782833,140.33,openrouteservice,driving-car,2026-08-21,71.6086,90,municipality,openrouteservice_osm,,2026-08-21T18:07:52Z,0.2.0,,,complete,71.6086,71.6086,100,,official,default,true
171365,Pontós,02,Alt Empordà,2026-08-21,"Plaça de Catalunya, Barcelona",42.186656,2.916567,90.820667,125.8,openrouteservice,driving-car,2026-08-21,74.5897,90,municipality,openrouteservice_osm,,2026-08-21T18:07:52Z,0.2.0,,,complete,74.5897,74.5897,100,,official,default,true
171371,Porqueres,28,Pla de l'Estany,2026-08-21,"Plaça de Catalunya, Barcelona",42.107232,2.783509,85.6155,114.9,openrouteservice,driving-car,2026-08-21,77.4358,90,municipality,openrouteservice_osm,,2026-08-21T18:07:52Z,0.2.0,,,complete,77.4358,77.4358,100,,official,default,true
171387,Portbou,02,Alt Empordà,2026-08-21,"Plaça de Catalunya, Barcelona",42.425863,3.158606,135.7415,168.1,openrouteservice,driving-car,2026-08-21,53.441,90,municipality,openrouteservice_osm,,2026-08-21T18:07:52Z,0.2.0,,,complete,53.441,53.441,100,,official,default,true
171390,les Preses,19,Garrotxa,2026-08-21,"Plaça de Catalunya, Barcelona",42.141183,2.461175,102.665167,103.02,openrouteservice,driving-car,2026-08-21,68.6674,90,municipality,openrouteservice_osm,,2026-08-21T18:07:52Z,0.2.0,,,complete,68.6674,68.6674,100,,official,default,true
171404,el Port de la Selva,02,Alt Empordà,2026-08-21,"Plaça de Catalunya, Barcelona",42.338431,3.204722,126.974167,164.96,openrouteservice,driving-car,2026-08-21,57.0941,90,municipality,openrouteservice_osm,,2026-08-21T18:07:52Z,0.2.0,,,complete,57.0941,57.0941,100,,official,default,true
171411,Puigcerdà,15,Cerdanya,2026-08-21,"Plaça de Catalunya, Barcelona",42.431239,1.927165,125.741333,150.25,openrouteservice,driving-car,2026-08-21,57.6078,90,municipality,openrouteservice_osm,,2026-08-21T18:07:52Z,0.2.0,,,complete,57.6078,57.6078,100,,official,default,true
171426,Quart,20,Gironès,2026-08-21,"Plaça de Catalunya, Barcelona",41.939793,2.839872,74.785833,96.82,openrouteservice,driving-car,2026-08-21,83.4523,90,municipality,openrouteservice_osm,,2026-08-21T18:07:52Z,0.2.0,,,complete,83.4523,83.4523,100,,official,default,true
171432,Rabós,02,Alt Empordà,2026-08-21,"Plaça de Catalunya, Barcelona",42.379064,3.028525,111.082167,152.51,openrouteservice,driving-car,2026-08-21,64.4589,90,municipality,openrouteservice_osm,,2026-08-21T18:07:52Z,0.2.0,,,complete,64.4589,64.4589,100,,official,default,true
171447,Regencós,10,Baix Empordà,2026-08-21,"Plaça de Catalunya, Barcelona",41.952446,3.16989,101.257833,124.69,openrouteservice,driving-car,2026-08-21,69.3711,90,municipality,openrouteservice_osm,,2026-08-21T18:07:52Z,0.2.0,,,complete,69.3711,69.3711,100,,official,default,true
171450,Ribes de Freser,31,Ripollès,2026-08-21,"Plaça de Catalunya, Barcelona",42.306166,2.167638,114.777833,117.27,openrouteservice,driving-car,2026-08-21,62.6111,90,municipality,openrouteservice_osm,,2026-08-21T18:07:52Z,0.2.0,,,complete,62.6111,62.6111,100,,official,default,true
171463,Riells i Viabrea,34,Selva,2026-08-21,"Plaça de Catalunya, Barcelona",41.725202,2.558162,57.8455,55.94,openrouteservice,driving-car,2026-08-21,92.8636,90,municipality,openrouteservice_osm,,2026-08-21T18:07:52Z,0.2.0,,,complete,92.8636,92.8636,100,,official,default,true
171479,Ripoll,31,Ripollès,2026-08-21,"Plaça de Catalunya, Barcelona",42.200867,2.190587,101.302333,103.98,openrouteservice,driving-car,2026-08-21,69.3488,90,municipality,openrouteservice_osm,,2026-08-21T18:07:52Z,0.2.0,,,complete,69.3488,69.3488,100,,official,default,true
171485,Riudarenes,34,Selva,2026-08-21,"Plaça de Catalunya, Barcelona",41.822587,2.717045,68.107833,85.41,openrouteservice,driving-car,2026-08-21,87.1623,90,municipality,openrouteservice_osm,,2026-08-21T18:07:52Z,0.2.0,,,complete,87.1623,87.1623,100,,official,default,true
171498,Riudaura,19,Garrotxa,2026-08-21,"Plaça de Catalunya, Barcelona",42.188572,2.406803,115.441667,113.07,openrouteservice,driving-car,2026-08-21,62.2792,90,municipality,openrouteservice_osm,,2026-08-21T18:07:52Z,0.2.0,,,complete,62.2792,62.2792,100,,official,default,true
171501,Riudellots de la Selva,34,Selva,2026-08-21,"Plaça de Catalunya, Barcelona",41.892818,2.803296,69.069833,89.14,openrouteservice,driving-car,2026-08-21,86.6279,90,municipality,openrouteservice_osm,,2026-08-21T18:07:52Z,0.2.0,,,complete,86.6279,86.6279,100,,official,default,true
171518,Riumors,02,Alt Empordà,2026-08-21,"Plaça de Catalunya, Barcelona",42.2273,3.042124,99.652667,139.75,openrouteservice,driving-car,2026-08-21,70.1737,90,municipality,openrouteservice_osm,,2026-08-21T18:07:52Z,0.2.0,,,complete,70.1737,70.1737,100,,official,default,true
171523,Roses,02,Alt Empordà,2026-08-21,"Plaça de Catalunya, Barcelona",42.262191,3.177887,117.337167,152.62,openrouteservice,driving-car,2026-08-21,61.3314,90,municipality,openrouteservice_osm,,2026-08-21T18:07:52Z,0.2.0,,,complete,61.3314,61.3314,100,,official,default,true
171539,Rupià,10,Baix Empordà,2026-08-21,"Plaça de Catalunya, Barcelona",42.020417,3.010859,100.016167,122.08,openrouteservice,driving-car,2026-08-21,69.9919,90,municipality,openrouteservice_osm,,2026-08-21T18:07:52Z,0.2.0,,,complete,69.9919,69.9919,100,,official,default,true
171544,Sales de Llierca,19,Garrotxa,2026-08-21,"Plaça de Catalunya, Barcelona",42.235622,2.649819,109.552333,138.11,openrouteservice,driving-car,2026-08-21,65.2238,90,municipality,openrouteservice_osm,,2026-08-21T18:07:52Z,0.2.0,,,complete,65.2238,65.2238,100,,official,default,true
171557,Salt,20,Gironès,2026-08-21,"Plaça de Catalunya, Barcelona",41.974483,2.793078,74.1515,96.67,openrouteservice,driving-car,2026-08-21,83.8047,90,municipality,openrouteservice_osm,,2026-08-21T18:07:52Z,0.2.0,,,complete,83.8047,83.8047,100,,official,default,true
171576,Sant Andreu Salou,20,Gironès,2026-08-21,"Plaça de Catalunya, Barcelona",41.873535,2.825403,74.951833,91.7,openrouteservice,driving-car,2026-08-21,83.3601,90,municipality,openrouteservice_osm,,2026-08-21T18:07:52Z,0.2.0,,,complete,83.3601,83.3601,100,,official,default,true
171582,Sant Climent Sescebes,02,Alt Empordà,2026-08-21,"Plaça de Catalunya, Barcelona",42.368782,2.980503,104.165667,148.51,openrouteservice,driving-car,2026-08-21,67.9172,90,municipality,openrouteservice_osm,,2026-08-21T18:07:52Z,0.2.0,,,complete,67.9172,67.9172,100,,official,default,true
171595,Sant Feliu de Buixalleu,34,Selva,2026-08-21,"Plaça de Catalunya, Barcelona",41.791148,2.586467,70.262167,79.52,openrouteservice,driving-car,2026-08-21,85.9655,90,municipality,openrouteservice_osm,,2026-08-21T18:07:52Z,0.2.0,,,complete,85.9655,85.9655,100,,official,default,true
171609,Sant Feliu de Guíxols,10,Baix Empordà,2026-08-21,"Plaça de Catalunya, Barcelona",41.780386,3.028607,83.818333,101.76,openrouteservice,driving-car,2026-08-21,78.4343,90,municipality,openrouteservice_osm,,2026-08-21T18:07:52Z,0.2.0,,,complete,78.4343,78.4343,100,,official,default,true
171616,Sant Feliu de Pallerols,19,Garrotxa,2026-08-21,"Plaça de Catalunya, Barcelona",42.075579,2.507024,104.766,124.21,openrouteservice,driving-car,2026-08-21,67.617,90,municipality,openrouteservice_osm,,2026-08-21T18:07:52Z,0.2.0,,,complete,67.617,67.617,100,,official,default,true
171621,Sant Ferriol,19,Garrotxa,2026-08-21,"Plaça de Catalunya, Barcelona",42.197815,2.668523,113.352,135.41,openrouteservice,driving-car,2026-08-21,63.324,90,municipality,openrouteservice_osm,,2026-08-21T18:07:52Z,0.2.0,,,complete,63.324,63.324,100,,official,default,true
171637,Sant Gregori,20,Gironès,2026-08-21,"Plaça de Catalunya, Barcelona",41.9907,2.760172,75.0235,101.37,openrouteservice,driving-car,2026-08-21,83.3203,90,municipality,openrouteservice_osm,,2026-08-21T18:07:52Z,0.2.0,,,complete,83.3203,83.3203,100,,official,default,true
171642,Sant Hilari Sacalm,34,Selva,2026-08-21,"Plaça de Catalunya, Barcelona",41.879178,2.508764,83.409833,91.66,openrouteservice,driving-car,2026-08-21,78.6612,90,municipality,openrouteservice_osm,,2026-08-21T18:07:52Z,0.2.0,,,complete,78.6612,78.6612,100,,official,default,true
171655,Sant Jaume de Llierca,19,Garrotxa,2026-08-21,"Plaça de Catalunya, Barcelona",42.212863,2.608585,108.377167,137.86,openrouteservice,driving-car,2026-08-21,65.8114,90,municipality,openrouteservice_osm,,2026-08-21T18:07:52Z,0.2.0,,,complete,65.8114,65.8114,100,,official,default,true
171668,Sant Jordi Desvalls,20,Gironès,2026-08-21,"Plaça de Catalunya, Barcelona",42.072064,2.953833,91.773833,116.94,openrouteservice,driving-car,2026-08-21,74.1131,90,municipality,openrouteservice_osm,,2026-08-21T18:07:52Z,0.2.0,,,complete,74.1131,74.1131,100,,official,default,true
171674,Sant Joan de les Abadesses,31,Ripollès,2026-08-21,"Plaça de Catalunya, Barcelona",42.232779,2.284822,112.564,113.67,openrouteservice,driving-car,2026-08-21,63.718,90,municipality,openrouteservice_osm,,2026-08-21T18:07:52Z,0.2.0,,,complete,63.718,63.718,100,,official,default,true
171680,Sant Joan de Mollet,20,Gironès,2026-08-21,"Plaça de Catalunya, Barcelona",42.04567,2.942719,92.698,114.96,openrouteservice,driving-car,2026-08-21,73.651,90,municipality,openrouteservice_osm,,2026-08-21T18:07:52Z,0.2.0,,,complete,73.651,73.651,100,,official,default,true
171693,Sant Julià de Ramis,20,Gironès,2026-08-21,"Plaça de Catalunya, Barcelona",42.034541,2.839586,77.863833,105.66,openrouteservice,driving-car,2026-08-21,81.7423,90,municipality,openrouteservice_osm,,2026-08-21T18:07:52Z,0.2.0,,,complete,81.7423,81.7423,100,,official,default,true
171707,Vallfogona de Ripollès,31,Ripollès,2026-08-21,"Plaça de Catalunya, Barcelona",42.195386,2.303633,115.9875,115.36,openrouteservice,driving-car,2026-08-21,62.0063,90,municipality,openrouteservice_osm,,2026-08-21T18:07:52Z,0.2.0,,,complete,62.0063,62.0063,100,,official,default,true
171714,Sant Llorenç de la Muga,02,Alt Empordà,2026-08-21,"Plaça de Catalunya, Barcelona",42.319986,2.789555,110.832667,152.97,openrouteservice,driving-car,2026-08-21,64.5837,90,municipality,openrouteservice_osm,,2026-08-21T18:07:52Z,0.2.0,,,complete,64.5837,64.5837,100,,official,default,true
171729,Sant Martí de Llémena,20,Gironès,2026-08-21,"Plaça de Catalunya, Barcelona",42.036396,2.647533,90.767,114.95,openrouteservice,driving-car,2026-08-21,74.6165,90,municipality,openrouteservice_osm,,2026-08-21T18:07:52Z,0.2.0,,,complete,74.6165,74.6165,100,,official,default,true
171735,Sant Martí Vell,20,Gironès,2026-08-21,"Plaça de Catalunya, Barcelona",42.019778,2.931088,91.937167,114.1,openrouteservice,driving-car,2026-08-21,74.0314,90,municipality,openrouteservice_osm,,2026-08-21T18:07:52Z,0.2.0,,,complete,74.0314,74.0314,100,,official,default,true
171740,Sant Miquel de Campmajor,28,Pla de l'Estany,2026-08-21,"Plaça de Catalunya, Barcelona",42.135918,2.679208,102.637167,126.73,openrouteservice,driving-car,2026-08-21,68.6814,90,municipality,openrouteservice_osm,,2026-08-21T18:07:52Z,0.2.0,,,complete,68.6814,68.6814,100,,official,default,true
171753,Sant Miquel de Fluvià,02,Alt Empordà,2026-08-21,"Plaça de Catalunya, Barcelona",42.171968,2.991704,94.559,130.09,openrouteservice,driving-car,2026-08-21,72.7205,90,municipality,openrouteservice_osm,,2026-08-21T18:07:52Z,0.2.0,,,complete,72.7205,72.7205,100,,official,default,true
171766,Sant Mori,02,Alt Empordà,2026-08-21,"Plaça de Catalunya, Barcelona",42.153776,2.990767,92.091833,128.21,openrouteservice,driving-car,2026-08-21,73.9541,90,municipality,openrouteservice_osm,,2026-08-21T18:07:52Z,0.2.0,,,complete,73.9541,73.9541,100,,official,default,true
171772,Sant Pau de Segúries,31,Ripollès,2026-08-21,"Plaça de Catalunya, Barcelona",42.260861,2.364922,123.4125,121.36,openrouteservice,driving-car,2026-08-21,58.5781,90,municipality,openrouteservice_osm,,2026-08-21T18:07:52Z,0.2.0,,,complete,58.5781,58.5781,100,,official,default,true
171788,Sant Pere Pescador,02,Alt Empordà,2026-08-21,"Plaça de Catalunya, Barcelona",42.188157,3.08196,103.0115,137.93,openrouteservice,driving-car,2026-08-21,68.4942,90,municipality,openrouteservice_osm,,2026-08-21T18:07:52Z,0.2.0,,,complete,68.4942,68.4942,100,,official,default,true
171805,Santa Coloma de Farners,34,Selva,2026-08-21,"Plaça de Catalunya, Barcelona",41.864077,2.662652,76.8275,91.8,openrouteservice,driving-car,2026-08-21,82.3181,90,municipality,openrouteservice_osm,,2026-08-21T18:07:52Z,0.2.0,,,complete,82.3181,82.3181,100,,official,default,true
171812,Santa Cristina d'Aro,10,Baix Empordà,2026-08-21,"Plaça de Catalunya, Barcelona",41.812686,2.996348,76.9895,96.81,openrouteservice,driving-car,2026-08-21,82.2281,90,municipality,openrouteservice_osm,,2026-08-21T18:07:52Z,0.2.0,,,complete,82.2281,82.2281,100,,official,default,true
171827,Santa Llogaia d'Àlguema,02,Alt Empordà,2026-08-21,"Plaça de Catalunya, Barcelona",42.233329,2.95202,93.845333,131.87,openrouteservice,driving-car,2026-08-21,73.0773,90,municipality,openrouteservice_osm,,2026-08-21T18:07:52Z,0.2.0,,,complete,73.0773,73.0773,100,,official,default,true
171833,Sant Aniol de Finestres,19,Garrotxa,2026-08-21,"Plaça de Catalunya, Barcelona",42.063501,2.614794,96.710667,119.36,openrouteservice,driving-car,2026-08-21,71.6447,90,municipality,openrouteservice_osm,,2026-08-21T18:07:52Z,0.2.0,,,complete,71.6447,71.6447,100,,official,default,true
171848,Santa Pau,19,Garrotxa,2026-08-21,"Plaça de Catalunya, Barcelona",42.144269,2.571364,115.548667,139.77,openrouteservice,driving-car,2026-08-21,62.2257,90,municipality,openrouteservice_osm,,2026-08-21T18:07:52Z,0.2.0,,,complete,62.2257,62.2257,100,,official,default,true
171851,Sant Joan les Fonts,19,Garrotxa,2026-08-21,"Plaça de Catalunya, Barcelona",42.212645,2.51178,115.0345,147.28,openrouteservice,driving-car,2026-08-21,62.4828,90,municipality,openrouteservice_osm,,2026-08-21T18:07:52Z,0.2.0,,,complete,62.4828,62.4828,100,,official,default,true
171864,Sarrià de Ter,20,Gironès,2026-08-21,"Plaça de Catalunya, Barcelona",42.018476,2.825438,81.714667,108.21,openrouteservice,driving-car,2026-08-21,79.603,90,municipality,openrouteservice_osm,,2026-08-21T18:07:52Z,0.2.0,,,complete,79.603,79.603,100,,official,default,true
171870,"Saus, Camallera i Llampaies",02,Alt Empordà,2026-08-21,"Plaça de Catalunya, Barcelona",42.123133,2.963759,87.437167,122.61,openrouteservice,driving-car,2026-08-21,76.4238,90,municipality,openrouteservice_osm,,2026-08-21T18:07:52Z,0.2.0,,,complete,76.4238,76.4238,100,,official,default,true
171886,la Selva de Mar,02,Alt Empordà,2026-08-21,"Plaça de Catalunya, Barcelona",42.324488,3.186473,126.704333,165.62,openrouteservice,driving-car,2026-08-21,57.2065,90,municipality,openrouteservice_osm,,2026-08-21T18:07:52Z,0.2.0,,,complete,57.2065,57.2065,100,,official,default,true
171899,la Cellera de Ter,34,Selva,2026-08-21,"Plaça de Catalunya, Barcelona",41.968304,2.620737,85.102667,106.69,openrouteservice,driving-car,2026-08-21,77.7207,90,municipality,openrouteservice_osm,,2026-08-21T18:07:52Z,0.2.0,,,complete,77.7207,77.7207,100,,official,default,true
171903,Serinyà,28,Pla de l'Estany,2026-08-21,"Plaça de Catalunya, Barcelona",42.169063,2.744393,93.391667,122.54,openrouteservice,driving-car,2026-08-21,73.3042,90,municipality,openrouteservice_osm,,2026-08-21T18:07:52Z,0.2.0,,,complete,73.3042,73.3042,100,,official,default,true
171910,Serra de Daró,10,Baix Empordà,2026-08-21,"Plaça de Catalunya, Barcelona",42.028334,3.072067,106.0105,127.26,openrouteservice,driving-car,2026-08-21,66.9947,90,municipality,openrouteservice_osm,,2026-08-21T18:07:52Z,0.2.0,,,complete,66.9947,66.9947,100,,official,default,true
171925,Setcases,31,Ripollès,2026-08-21,"Plaça de Catalunya, Barcelona",42.375371,2.30118,146.692833,138.76,openrouteservice,driving-car,2026-08-21,48.878,90,municipality,openrouteservice_osm,,2026-08-21T18:07:52Z,0.2.0,,,complete,48.878,48.878,100,,official,default,true
171931,Sils,34,Selva,2026-08-21,"Plaça de Catalunya, Barcelona",41.81083,2.742934,65.812167,79.61,openrouteservice,driving-car,2026-08-21,88.4377,90,municipality,openrouteservice_osm,,2026-08-21T18:07:52Z,0.2.0,,,complete,88.4377,88.4377,100,,official,default,true
171946,Susqueda,34,Selva,2026-08-21,"Plaça de Catalunya, Barcelona",42.014545,2.546978,101.7045,121.49,openrouteservice,driving-car,2026-08-21,69.1478,90,municipality,openrouteservice_osm,,2026-08-21T18:07:52Z,0.2.0,,,complete,69.1478,69.1478,100,,official,default,true
171959,la Tallada d'Empordà,10,Baix Empordà,2026-08-21,"Plaça de Catalunya, Barcelona",42.080607,3.055232,102.076167,139.59,openrouteservice,driving-car,2026-08-21,68.9619,90,municipality,openrouteservice_osm,,2026-08-21T18:07:52Z,0.2.0,,,complete,68.9619,68.9619,100,,official,default,true
171962,Terrades,02,Alt Empordà,2026-08-21,"Plaça de Catalunya, Barcelona",42.310393,2.839785,104.832167,147.9,openrouteservice,driving-car,2026-08-21,67.5839,90,municipality,openrouteservice_osm,,2026-08-21T18:07:52Z,0.2.0,,,complete,67.5839,67.5839,100,,official,default,true
171978,Torrent,10,Baix Empordà,2026-08-21,"Plaça de Catalunya, Barcelona",41.952011,3.127693,100.168667,123.9,openrouteservice,driving-car,2026-08-21,69.9157,90,municipality,openrouteservice_osm,,2026-08-21T18:07:52Z,0.2.0,,,complete,69.9157,69.9157,100,,official,default,true
171984,Torroella de Fluvià,02,Alt Empordà,2026-08-21,"Plaça de Catalunya, Barcelona",42.174879,3.040969,98.388,133.59,openrouteservice,driving-car,2026-08-21,70.806,90,municipality,openrouteservice_osm,,2026-08-21T18:07:52Z,0.2.0,,,complete,70.806,70.806,100,,official,default,true
171997,Torroella de Montgrí,10,Baix Empordà,2026-08-21,"Plaça de Catalunya, Barcelona",42.041071,3.126103,111.369833,133.41,openrouteservice,driving-car,2026-08-21,64.3151,90,municipality,openrouteservice_osm,,2026-08-21T18:07:52Z,0.2.0,,,complete,64.3151,64.3151,100,,official,default,true
172001,Tortellà,19,Garrotxa,2026-08-21,"Plaça de Catalunya, Barcelona",42.232882,2.630001,109.173833,137.04,openrouteservice,driving-car,2026-08-21,65.4131,90,municipality,openrouteservice_osm,,2026-08-21T18:07:52Z,0.2.0,,,complete,65.4131,65.4131,100,,official,default,true
172018,Toses,31,Ripollès,2026-08-21,"Plaça de Catalunya, Barcelona",42.321644,2.016986,139.5265,159.29,openrouteservice,driving-car,2026-08-21,51.864,90,municipality,openrouteservice_osm,,2026-08-21T18:07:52Z,0.2.0,,,complete,51.864,51.864,100,,official,default,true
172023,Tossa de Mar,34,Selva,2026-08-21,"Plaça de Catalunya, Barcelona",41.718008,2.93123,82.690167,100.75,openrouteservice,driving-car,2026-08-21,79.061,90,municipality,openrouteservice_osm,,2026-08-21T18:07:52Z,0.2.0,,,complete,79.061,79.061,100,,official,default,true
172039,Ultramort,10,Baix Empordà,2026-08-21,"Plaça de Catalunya, Barcelona",42.036679,3.034478,103.637667,125.28,openrouteservice,driving-car,2026-08-21,68.1812,90,municipality,openrouteservice_osm,,2026-08-21T18:07:52Z,0.2.0,,,complete,68.1812,68.1812,100,,official,default,true
172044,Ullà,10,Baix Empordà,2026-08-21,"Plaça de Catalunya, Barcelona",42.050702,3.107679,107.598833,131.36,openrouteservice,driving-car,2026-08-21,66.2006,90,municipality,openrouteservice_osm,,2026-08-21T18:07:52Z,0.2.0,,,complete,66.2006,66.2006,100,,official,default,true
172057,Ullastret,10,Baix Empordà,2026-08-21,"Plaça de Catalunya, Barcelona",42.000437,3.068546,109.8025,130.39,openrouteservice,driving-car,2026-08-21,65.0987,90,municipality,openrouteservice_osm,,2026-08-21T18:07:52Z,0.2.0,,,complete,65.0987,65.0987,100,,official,default,true
172060,Urús,15,Cerdanya,2026-08-21,"Plaça de Catalunya, Barcelona",42.35007,1.854021,108.1855,138.03,openrouteservice,driving-car,2026-08-21,65.9073,90,municipality,openrouteservice_osm,,2026-08-21T18:07:52Z,0.2.0,,,complete,65.9073,65.9073,100,,official,default,true
172076,la Vall d'en Bas,19,Garrotxa,2026-08-21,"Plaça de Catalunya, Barcelona",42.118256,2.459063,101.579833,102.82,openrouteservice,driving-car,2026-08-21,69.2101,90,municipality,openrouteservice_osm,,2026-08-21T18:07:52Z,0.2.0,,,complete,69.2101,69.2101,100,,official,default,true
172082,la Vall de Bianya,19,Garrotxa,2026-08-21,"Plaça de Catalunya, Barcelona",42.210973,2.453614,121.780833,115.08,openrouteservice,driving-car,2026-08-21,59.258,90,municipality,openrouteservice_osm,,2026-08-21T18:07:52Z,0.2.0,,,complete,59.258,59.258,100,,official,default,true
172095,Vall-llobrega,10,Baix Empordà,2026-08-21,"Plaça de Catalunya, Barcelona",41.879186,3.126424,93.316333,116.24,openrouteservice,driving-car,2026-08-21,73.3418,90,municipality,openrouteservice_osm,,2026-08-21T18:07:52Z,0.2.0,,,complete,73.3418,73.3418,100,,official,default,true
172109,Ventalló,02,Alt Empordà,2026-08-21,"Plaça de Catalunya, Barcelona",42.148875,3.026877,92.987833,129.1,openrouteservice,driving-car,2026-08-21,73.5061,90,municipality,openrouteservice_osm,,2026-08-21T18:07:52Z,0.2.0,,,complete,73.5061,73.5061,100,,official,default,true
172116,Verges,10,Baix Empordà,2026-08-21,"Plaça de Catalunya, Barcelona",42.060403,3.046577,101.773,126.14,openrouteservice,driving-car,2026-08-21,69.1135,90,municipality,openrouteservice_osm,,2026-08-21T18:07:52Z,0.2.0,,,complete,69.1135,69.1135,100,,official,default,true
172121,Vidrà,24,Osona,2026-08-21,"Plaça de Catalunya, Barcelona",42.122472,2.309885,100.6275,102.7,openrouteservice,driving-car,2026-08-21,69.6863,90,municipality,openrouteservice_osm,,2026-08-21T18:07:52Z,0.2.0,,,complete,69.6863,69.6863,100,,official,default,true
172137,Vidreres,34,Selva,2026-08-21,"Plaça de Catalunya, Barcelona",41.788884,2.779223,61.6565,77.26,openrouteservice,driving-car,2026-08-21,90.7464,90,municipality,openrouteservice_osm,,2026-08-21T18:07:52Z,0.2.0,,,complete,90.7464,90.7464,100,,official,default,true
172142,Vilabertran,02,Alt Empordà,2026-08-21,"Plaça de Catalunya, Barcelona",42.282695,2.98156,103.027333,139.17,openrouteservice,driving-car,2026-08-21,68.4863,90,municipality,openrouteservice_osm,,2026-08-21T18:07:52Z,0.2.0,,,complete,68.4863,68.4863,100,,official,default,true
172155,Vilablareix,20,Gironès,2026-08-21,"Plaça de Catalunya, Barcelona",41.956881,2.772984,74.032,97.22,openrouteservice,driving-car,2026-08-21,83.8711,90,municipality,openrouteservice_osm,,2026-08-21T18:07:52Z,0.2.0,,,complete,83.8711,83.8711,100,,official,default,true
172168,Viladasens,20,Gironès,2026-08-21,"Plaça de Catalunya, Barcelona",42.095723,2.930171,86.138,118.34,openrouteservice,driving-car,2026-08-21,77.1456,90,municipality,openrouteservice_osm,,2026-08-21T18:07:52Z,0.2.0,,,complete,77.1456,77.1456,100,,official,default,true
172174,Viladamat,02,Alt Empordà,2026-08-21,"Plaça de Catalunya, Barcelona",42.133457,3.074771,97.317833,133.57,openrouteservice,driving-car,2026-08-21,71.3411,90,municipality,openrouteservice_osm,,2026-08-21T18:07:52Z,0.2.0,,,complete,71.3411,71.3411,100,,official,default,true
172180,Vilademuls,28,Pla de l'Estany,2026-08-21,"Plaça de Catalunya, Barcelona",42.13869,2.887874,87.0895,119.37,openrouteservice,driving-car,2026-08-21,76.6169,90,municipality,openrouteservice_osm,,2026-08-21T18:07:52Z,0.2.0,,,complete,76.6169,76.6169,100,,official,default,true
172207,Viladrau,24,Osona,2026-08-21,"Plaça de Catalunya, Barcelona",41.847516,2.389982,87.502,76.98,openrouteservice,driving-car,2026-08-21,76.3878,90,municipality,openrouteservice_osm,,2026-08-21T18:07:52Z,0.2.0,,,complete,76.3878,76.3878,100,,official,default,true
172214,Vilafant,02,Alt Empordà,2026-08-21,"Plaça de Catalunya, Barcelona",42.246983,2.937576,96.5895,135.54,openrouteservice,driving-car,2026-08-21,71.7053,90,municipality,openrouteservice_osm,,2026-08-21T18:07:52Z,0.2.0,,,complete,71.7053,71.7053,100,,official,default,true
172229,Vilaür,02,Alt Empordà,2026-08-21,"Plaça de Catalunya, Barcelona",42.14361,2.955087,88.177,124.49,openrouteservice,driving-car,2026-08-21,76.0128,90,municipality,openrouteservice_osm,,2026-08-21T18:07:52Z,0.2.0,,,complete,76.0128,76.0128,100,,official,default,true
172235,Vilajuïga,02,Alt Empordà,2026-08-21,"Plaça de Catalunya, Barcelona",42.32551,3.09296,111.034667,149.89,openrouteservice,driving-car,2026-08-21,64.4827,90,municipality,openrouteservice_osm,,2026-08-21T18:07:52Z,0.2.0,,,complete,64.4827,64.4827,100,,official,default,true
172240,Vilallonga de Ter,31,Ripollès,2026-08-21,"Plaça de Catalunya, Barcelona",42.331156,2.31214,139.900667,132.85,openrouteservice,driving-car,2026-08-21,51.7081,90,municipality,openrouteservice_osm,,2026-08-21T18:07:52Z,0.2.0,,,complete,51.7081,51.7081,100,,official,default,true
172253,Vilamacolum,02,Alt Empordà,2026-08-21,"Plaça de Catalunya, Barcelona",42.196432,3.056801,102.229667,137.43,openrouteservice,driving-car,2026-08-21,68.8852,90,municipality,openrouteservice_osm,,2026-08-21T18:07:52Z,0.2.0,,,complete,68.8852,68.8852,100,,official,default,true
172266,Vilamalla,02,Alt Empordà,2026-08-21,"Plaça de Catalunya, Barcelona",42.217684,2.970474,92.689333,132.74,openrouteservice,driving-car,2026-08-21,73.6553,90,municipality,openrouteservice_osm,,2026-08-21T18:07:52Z,0.2.0,,,complete,73.6553,73.6553,100,,official,default,true
172272,Vilamaniscle,02,Alt Empordà,2026-08-21,"Plaça de Catalunya, Barcelona",42.37516,3.067774,115.949333,154.41,openrouteservice,driving-car,2026-08-21,62.0253,90,municipality,openrouteservice_osm,,2026-08-21T18:07:52Z,0.2.0,,,complete,62.0253,62.0253,100,,official,default,true
172288,Vilanant,02,Alt Empordà,2026-08-21,"Plaça de Catalunya, Barcelona",42.254596,2.888685,104.6175,140.11,openrouteservice,driving-car,2026-08-21,67.6912,90,municipality,openrouteservice_osm,,2026-08-21T18:07:52Z,0.2.0,,,complete,67.6912,67.6912,100,,official,default,true
172305,Vila-sacra,02,Alt Empordà,2026-08-21,"Plaça de Catalunya, Barcelona",42.265499,3.018132,101.9075,138.81,openrouteservice,driving-car,2026-08-21,69.0463,90,municipality,openrouteservice_osm,,2026-08-21T18:07:52Z,0.2.0,,,complete,69.0463,69.0463,100,,official,default,true
172327,Vilopriu,10,Baix Empordà,2026-08-21,"Plaça de Catalunya, Barcelona",42.104199,2.992003,92.797833,128.95,openrouteservice,driving-car,2026-08-21,73.6011,90,municipality,openrouteservice_osm,,2026-08-21T18:07:52Z,0.2.0,,,complete,73.6011,73.6011,100,,official,default,true
172333,Vilobí d'Onyar,34,Selva,2026-08-21,"Plaça de Catalunya, Barcelona",41.888506,2.742548,71.413333,91.18,openrouteservice,driving-car,2026-08-21,85.3259,90,municipality,openrouteservice_osm,,2026-08-21T18:07:52Z,0.2.0,,,complete,85.3259,85.3259,100,,official,default,true
172348,Biure,02,Alt Empordà,2026-08-21,"Plaça de Catalunya, Barcelona",42.337658,2.894999,101.756333,144.94,openrouteservice,driving-car,2026-08-21,69.1218,90,municipality,openrouteservice_osm,,2026-08-21T18:07:52Z,0.2.0,,,complete,69.1218,69.1218,100,,official,default,true
179011,"Cruïlles, Monells i Sant Sadurní de l'Heura",10,Baix Empordà,2026-08-21,"Plaça de Catalunya, Barcelona",41.956528,2.990801,101.370667,113.28,openrouteservice,driving-car,2026-08-21,69.3147,90,municipality,openrouteservice_osm,,2026-08-21T18:07:52Z,0.2.0,,,complete,69.3147,69.3147,100,,official,default,true
179026,Forallac,10,Baix Empordà,2026-08-21,"Plaça de Catalunya, Barcelona",41.960101,3.054249,106.748333,129.04,openrouteservice,driving-car,2026-08-21,66.6258,90,municipality,openrouteservice_osm,,2026-08-21T18:07:52Z,0.2.0,,,complete,66.6258,66.6258,100,,official,default,true
179032,Sant Julià del Llor i Bonmatí,34,Selva,2026-08-21,"Plaça de Catalunya, Barcelona",41.97041,2.66411,86.745833,108.32,openrouteservice,driving-car,2026-08-21,76.8079,90,municipality,openrouteservice_osm,,2026-08-21T18:07:52Z,0.2.0,,,complete,76.8079,76.8079,100,,official,default,true
250019,Abella de la Conca,25,Pallars Jussà,2026-08-21,"Plaça de Catalunya, Barcelona",42.161442,1.092472,159.145167,174.69,openrouteservice,driving-car,2026-08-21,43.6895,90,municipality,openrouteservice_osm,,2026-08-21T18:07:52Z,0.2.0,,,complete,43.6895,43.6895,100,,official,default,true
250024,Àger,23,Noguera,2026-08-21,"Plaça de Catalunya, Barcelona",41.999565,0.763679,152.291667,175.51,openrouteservice,driving-car,2026-08-21,46.5451,90,municipality,openrouteservice_osm,,2026-08-21T18:07:52Z,0.2.0,,,complete,46.5451,46.5451,100,,official,default,true
250030,Agramunt,38,Urgell,2026-08-21,"Plaça de Catalunya, Barcelona",41.787239,1.098859,96.822167,116.53,openrouteservice,driving-car,2026-08-21,71.5889,90,municipality,openrouteservice_osm,,2026-08-21T18:07:52Z,0.2.0,,,complete,71.5889,71.5889,100,,official,default,true
250045,els Alamús,33,Segrià,2026-08-21,"Plaça de Catalunya, Barcelona",41.615889,0.739536,106.752167,147.35,openrouteservice,driving-car,2026-08-21,66.6239,90,municipality,openrouteservice_osm,,2026-08-21T18:07:52Z,0.2.0,,,complete,66.6239,66.6239,100,,official,default,true
250058,Alàs i Cerc,04,Alt Urgell,2026-08-21,"Plaça de Catalunya, Barcelona",42.351404,1.508278,143.21,169.86,openrouteservice,driving-car,2026-08-21,50.3292,90,municipality,openrouteservice_osm,,2026-08-21T18:07:52Z,0.2.0,,,complete,50.3292,50.3292,100,,official,default,true
250061,l'Albagés,18,Garrigues,2026-08-21,"Plaça de Catalunya, Barcelona",41.449114,0.739023,114.161833,150.89,openrouteservice,driving-car,2026-08-21,62.9191,90,municipality,openrouteservice_osm,,2026-08-21T18:07:52Z,0.2.0,,,complete,62.9191,62.9191,100,,official,default,true
250077,Albatàrrec,33,Segrià,2026-08-21,"Plaça de Catalunya, Barcelona",41.573076,0.604159,112.043167,167.45,openrouteservice,driving-car,2026-08-21,63.9784,90,municipality,openrouteservice_osm,,2026-08-21T18:07:52Z,0.2.0,,,complete,63.9784,63.9784,100,,official,default,true
250083,Albesa,23,Noguera,2026-08-21,"Plaça de Catalunya, Barcelona",41.751364,0.660408,124.164333,164.95,openrouteservice,driving-car,2026-08-21,58.2649,90,municipality,openrouteservice_osm,,2026-08-21T18:07:52Z,0.2.0,,,complete,58.2649,58.2649,100,,official,default,true
250096,l'Albi,18,Garrigues,2026-08-21,"Plaça de Catalunya, Barcelona",41.422896,0.93658,91.597833,132.25,openrouteservice,driving-car,2026-08-21,74.2011,90,municipality,openrouteservice_osm,,2026-08-21T18:07:52Z,0.2.0,,,complete,74.2011,74.2011,100,,official,default,true
250100,Alcanó,33,Segrià,2026-08-21,"Plaça de Catalunya, Barcelona",41.481245,0.616777,117.383833,174.56,openrouteservice,driving-car,2026-08-21,61.3081,90,municipality,openrouteservice_osm,,2026-08-21T18:07:52Z,0.2.0,,,complete,61.3081,61.3081,100,,official,default,true
250117,Alcarràs,33,Segrià,2026-08-21,"Plaça de Catalunya, Barcelona",41.563128,0.525201,123.141667,172.18,openrouteservice,driving-car,2026-08-21,58.691,90,municipality,openrouteservice_osm,,2026-08-21T18:07:52Z,0.2.0,,,complete,58.691,58.691,100,,official,default,true
250122,Alcoletge,33,Segrià,2026-08-21,"Plaça de Catalunya, Barcelona",41.647304,0.694162,108.9625,150.75,openrouteservice,driving-car,2026-08-21,65.5187,90,municipality,openrouteservice_osm,,2026-08-21T18:07:52Z,0.2.0,,,complete,65.5187,65.5187,100,,official,default,true
250138,Alfarràs,33,Segrià,2026-08-21,"Plaça de Catalunya, Barcelona",41.829516,0.57045,124.831833,178.66,openrouteservice,driving-car,2026-08-21,57.9867,90,municipality,openrouteservice_osm,,2026-08-21T18:07:52Z,0.2.0,,,complete,57.9867,57.9867,100,,official,default,true
250143,Alfés,33,Segrià,2026-08-21,"Plaça de Catalunya, Barcelona",41.521618,0.621001,113.606333,170.25,openrouteservice,driving-car,2026-08-21,63.1968,90,municipality,openrouteservice_osm,,2026-08-21T18:07:52Z,0.2.0,,,complete,63.1968,63.1968,100,,official,default,true
250156,Algerri,23,Noguera,2026-08-21,"Plaça de Catalunya, Barcelona",41.816083,0.638538,132.0455,158.15,openrouteservice,driving-car,2026-08-21,54.981,90,municipality,openrouteservice_osm,,2026-08-21T18:07:52Z,0.2.0,,,complete,54.981,54.981,100,,official,default,true
250169,Alguaire,33,Segrià,2026-08-21,"Plaça de Catalunya, Barcelona",41.736354,0.58383,118.714667,169.11,openrouteservice,driving-car,2026-08-21,60.6427,90,municipality,openrouteservice_osm,,2026-08-21T18:07:52Z,0.2.0,,,complete,60.6427,60.6427,100,,official,default,true
250175,Alins,26,Pallars Sobirà,2026-08-21,"Plaça de Catalunya, Barcelona",42.548795,1.317473,224.962333,250.37,openrouteservice,driving-car,2026-08-21,20.0126,90,municipality,openrouteservice_osm,,2026-08-21T18:07:52Z,0.2.0,,,complete,20.0126,20.0126,100,,official,default,true
250194,Almacelles,33,Segrià,2026-08-21,"Plaça de Catalunya, Barcelona",41.731744,0.437095,127.435,174.98,openrouteservice,driving-car,2026-08-21,56.9021,90,municipality,openrouteservice_osm,,2026-08-21T18:07:52Z,0.2.0,,,complete,56.9021,56.9021,100,,official,default,true
250208,Almatret,33,Segrià,2026-08-21,"Plaça de Catalunya, Barcelona",41.305329,0.424136,156.638833,218.03,openrouteservice,driving-car,2026-08-21,44.7338,90,municipality,openrouteservice_osm,,2026-08-21T18:07:52Z,0.2.0,,,complete,44.7338,44.7338,100,,official,default,true
250215,Almenar,33,Segrià,2026-08-21,"Plaça de Catalunya, Barcelona",41.797844,0.567895,122.945833,174.93,openrouteservice,driving-car,2026-08-21,58.7726,90,municipality,openrouteservice_osm,,2026-08-21T18:07:52Z,0.2.0,,,complete,58.7726,58.7726,100,,official,default,true
250220,Alòs de Balaguer,23,Noguera,2026-08-21,"Plaça de Catalunya, Barcelona",41.912258,0.961095,129.821,141.25,openrouteservice,driving-car,2026-08-21,55.9079,90,municipality,openrouteservice_osm,,2026-08-21T18:07:52Z,0.2.0,,,complete,55.9079,55.9079,100,,official,default,true
250236,Alpicat,33,Segrià,2026-08-21,"Plaça de Catalunya, Barcelona",41.666634,0.555198,117.687667,162.95,openrouteservice,driving-car,2026-08-21,61.1562,90,municipality,openrouteservice_osm,,2026-08-21T18:07:52Z,0.2.0,,,complete,61.1562,61.1562,100,,official,default,true
250241,Alt Àneu,26,Pallars Sobirà,2026-08-21,"Plaça de Catalunya, Barcelona",42.633162,1.109955,235.237833,258.07,openrouteservice,driving-car,2026-08-21,16.5874,90,municipality,openrouteservice_osm,,2026-08-21T18:07:52Z,0.2.0,,,complete,16.5874,16.5874,100,,official,default,true
250254,Naut Aran,39,Val d'Aran,2026-08-21,"Plaça de Catalunya, Barcelona",42.706712,0.90117,260.992833,322.58,openrouteservice,driving-car,2026-08-21,9.7518,90,municipality,openrouteservice_osm,,2026-08-21T18:07:52Z,0.2.0,,,complete,9.7518,9.7518,100,,official,default,true
250273,Anglesola,38,Urgell,2026-08-21,"Plaça de Catalunya, Barcelona",41.658868,1.081379,88.229667,114,openrouteservice,driving-car,2026-08-21,75.9835,90,municipality,openrouteservice_osm,,2026-08-21T18:07:52Z,0.2.0,,,complete,75.9835,75.9835,100,,official,default,true
250292,Arbeca,18,Garrigues,2026-08-21,"Plaça de Catalunya, Barcelona",41.541652,0.924154,105.263667,136.94,openrouteservice,driving-car,2026-08-21,67.3682,90,municipality,openrouteservice_osm,,2026-08-21T18:07:52Z,0.2.0,,,complete,67.3682,67.3682,100,,official,default,true
250306,el Pont de Bar,04,Alt Urgell,2026-08-21,"Plaça de Catalunya, Barcelona",42.372336,1.60517,131.877667,159.21,openrouteservice,driving-car,2026-08-21,55.051,90,municipality,openrouteservice_osm,,2026-08-21T18:07:52Z,0.2.0,,,complete,55.051,55.051,100,,official,default,true
250313,Arres,39,Val d'Aran,2026-08-21,"Plaça de Catalunya, Barcelona",42.754901,0.711383,266.434,326.5,openrouteservice,driving-car,2026-08-21,8.3915,90,municipality,openrouteservice_osm,,2026-08-21T18:07:52Z,0.2.0,,,complete,8.3915,8.3915,100,,official,default,true
250328,Arsèguel,04,Alt Urgell,2026-08-21,"Plaça de Catalunya, Barcelona",42.350194,1.58263,137.102333,162.89,openrouteservice,driving-car,2026-08-21,52.874,90,municipality,openrouteservice_osm,,2026-08-21T18:07:52Z,0.2.0,,,complete,52.874,52.874,100,,official,default,true
250334,Artesa de Lleida,33,Segrià,2026-08-21,"Plaça de Catalunya, Barcelona",41.551791,0.703671,113.866667,160.27,openrouteservice,driving-car,2026-08-21,63.0667,90,municipality,openrouteservice_osm,,2026-08-21T18:07:52Z,0.2.0,,,complete,63.0667,63.0667,100,,official,default,true
250349,Artesa de Segre,23,Noguera,2026-08-21,"Plaça de Catalunya, Barcelona",41.895692,1.045329,113.027,130.7,openrouteservice,driving-car,2026-08-21,63.4865,90,municipality,openrouteservice_osm,,2026-08-21T18:07:52Z,0.2.0,,,complete,63.4865,63.4865,100,,official,default,true
250352,la Sentiu de Sió,23,Noguera,2026-08-21,"Plaça de Catalunya, Barcelona",41.804805,0.878457,120.266333,142.4,openrouteservice,driving-car,2026-08-21,59.889,90,municipality,openrouteservice_osm,,2026-08-21T18:07:52Z,0.2.0,,,complete,59.889,59.889,100,,official,default,true
250365,Aspa,33,Segrià,2026-08-21,"Plaça de Catalunya, Barcelona",41.495592,0.672325,122.325167,160.17,openrouteservice,driving-car,2026-08-21,59.0312,90,municipality,openrouteservice_osm,,2026-08-21T18:07:52Z,0.2.0,,,complete,59.0312,59.0312,100,,official,default,true
250371,les Avellanes i Santa Linya,23,Noguera,2026-08-21,"Plaça de Catalunya, Barcelona",41.907897,0.764,135.988667,160.78,openrouteservice,driving-car,2026-08-21,53.3381,90,municipality,openrouteservice_osm,,2026-08-21T18:07:52Z,0.2.0,,,complete,53.3381,53.3381,100,,official,default,true
250387,Aitona,33,Segrià,2026-08-21,"Plaça de Catalunya, Barcelona",41.494156,0.458875,123.668167,184.85,openrouteservice,driving-car,2026-08-21,58.4716,90,municipality,openrouteservice_osm,,2026-08-21T18:07:52Z,0.2.0,,,complete,58.4716,58.4716,100,,official,default,true
250390,Baix Pallars,26,Pallars Sobirà,2026-08-21,"Plaça de Catalunya, Barcelona",42.323393,1.064277,197.4,223.04,openrouteservice,driving-car,2026-08-21,29.2,90,municipality,openrouteservice_osm,,2026-08-21T18:07:52Z,0.2.0,,,complete,29.2,29.2,100,,official,default,true
250404,Balaguer,23,Noguera,2026-08-21,"Plaça de Catalunya, Barcelona",41.789738,0.805297,116.591167,142.67,openrouteservice,driving-car,2026-08-21,61.7044,90,municipality,openrouteservice_osm,,2026-08-21T18:07:52Z,0.2.0,,,complete,61.7044,61.7044,100,,official,default,true
250411,Barbens,27,Pla d'Urgell,2026-08-21,"Plaça de Catalunya, Barcelona",41.679015,1.018357,94.524167,125.52,openrouteservice,driving-car,2026-08-21,72.7379,90,municipality,openrouteservice_osm,,2026-08-21T18:07:52Z,0.2.0,,,complete,72.7379,72.7379,100,,official,default,true
250426,la Baronia de Rialb,23,Noguera,2026-08-21,"Plaça de Catalunya, Barcelona",41.932385,1.196218,107.236,129.34,openrouteservice,driving-car,2026-08-21,66.382,90,municipality,openrouteservice_osm,,2026-08-21T18:07:52Z,0.2.0,,,complete,66.382,66.382,100,,official,default,true
250432,la Vall de Boí,05,Alta Ribagorça,2026-08-21,"Plaça de Catalunya, Barcelona",42.505378,0.801125,221.352,286.64,openrouteservice,driving-car,2026-08-21,21.216,90,municipality,openrouteservice_osm,,2026-08-21T18:07:52Z,0.2.0,,,complete,21.216,21.216,100,,official,default,true
250447,Bassella,04,Alt Urgell,2026-08-21,"Plaça de Catalunya, Barcelona",42.006042,1.295229,117.564167,129.82,openrouteservice,driving-car,2026-08-21,61.2179,90,municipality,openrouteservice_osm,,2026-08-21T18:07:52Z,0.2.0,,,complete,61.2179,61.2179,100,,official,default,true
250450,Bausen,39,Val d'Aran,2026-08-21,"Plaça de Catalunya, Barcelona",42.83467,0.716881,281.502167,337.65,openrouteservice,driving-car,2026-08-21,4.6245,90,municipality,openrouteservice_osm,,2026-08-21T18:07:52Z,0.2.0,,,complete,4.6245,4.6245,100,,official,default,true
250463,Belianes,38,Urgell,2026-08-21,"Plaça de Catalunya, Barcelona",41.561728,1.017511,103.914,129.5,openrouteservice,driving-car,2026-08-21,68.043,90,municipality,openrouteservice_osm,,2026-08-21T18:07:52Z,0.2.0,,,complete,68.043,68.043,100,,official,default,true
250479,Bellcaire d'Urgell,23,Noguera,2026-08-21,"Plaça de Catalunya, Barcelona",41.759371,0.906225,107.696833,133.03,openrouteservice,driving-car,2026-08-21,66.1516,90,municipality,openrouteservice_osm,,2026-08-21T18:07:52Z,0.2.0,,,complete,66.1516,66.1516,100,,official,default,true
250485,Bell-lloc d'Urgell,27,Pla d'Urgell,2026-08-21,"Plaça de Catalunya, Barcelona",41.629639,0.779432,103.1975,140.35,openrouteservice,driving-car,2026-08-21,68.4013,90,municipality,openrouteservice_osm,,2026-08-21T18:07:52Z,0.2.0,,,complete,68.4013,68.4013,100,,official,default,true
250498,Bellmunt d'Urgell,23,Noguera,2026-08-21,"Plaça de Catalunya, Barcelona",41.774327,0.952097,111.2475,133.42,openrouteservice,driving-car,2026-08-21,64.3762,90,municipality,openrouteservice_osm,,2026-08-21T18:07:52Z,0.2.0,,,complete,64.3762,64.3762,100,,official,default,true
250501,Bellpuig,38,Urgell,2026-08-21,"Plaça de Catalunya, Barcelona",41.62598,1.011154,94.294833,120.72,openrouteservice,driving-car,2026-08-21,72.8526,90,municipality,openrouteservice_osm,,2026-08-21T18:07:52Z,0.2.0,,,complete,72.8526,72.8526,100,,official,default,true
250518,Bellver de Cerdanya,15,Cerdanya,2026-08-21,"Plaça de Catalunya, Barcelona",42.370654,1.774353,116.295667,141.93,openrouteservice,driving-car,2026-08-21,61.8522,90,municipality,openrouteservice_osm,,2026-08-21T18:07:52Z,0.2.0,,,complete,61.8522,61.8522,100,,official,default,true
250523,Bellvís,27,Pla d'Urgell,2026-08-21,"Plaça de Catalunya, Barcelona",41.671828,0.817478,107.579333,143.59,openrouteservice,driving-car,2026-08-21,66.2103,90,municipality,openrouteservice_osm,,2026-08-21T18:07:52Z,0.2.0,,,complete,66.2103,66.2103,100,,official,default,true
250539,Benavent de Segrià,33,Segrià,2026-08-21,"Plaça de Catalunya, Barcelona",41.695926,0.633032,114.866,157.79,openrouteservice,driving-car,2026-08-21,62.567,90,municipality,openrouteservice_osm,,2026-08-21T18:07:52Z,0.2.0,,,complete,62.567,62.567,100,,official,default,true
250557,Biosca,35,Solsonès,2026-08-21,"Plaça de Catalunya, Barcelona",41.842278,1.358749,87.121,108.99,openrouteservice,driving-car,2026-08-21,76.5994,90,municipality,openrouteservice_osm,,2026-08-21T18:07:52Z,0.2.0,,,complete,76.5994,76.5994,100,,official,default,true
250560,Bovera,18,Garrigues,2026-08-21,"Plaça de Catalunya, Barcelona",41.326472,0.638866,146.2795,176.69,openrouteservice,driving-car,2026-08-21,49.0502,90,municipality,openrouteservice_osm,,2026-08-21T18:07:52Z,0.2.0,,,complete,49.0502,49.0502,100,,official,default,true
250576,Es Bòrdes,39,Val d'Aran,2026-08-21,"Plaça de Catalunya, Barcelona",42.738019,0.719253,257.484667,321.96,openrouteservice,driving-car,2026-08-21,10.6288,90,municipality,openrouteservice_osm,,2026-08-21T18:07:52Z,0.2.0,,,complete,10.6288,10.6288,100,,official,default,true
250582,les Borges Blanques,18,Garrigues,2026-08-21,"Plaça de Catalunya, Barcelona",41.521251,0.867717,100.900667,146.19,openrouteservice,driving-car,2026-08-21,69.5497,90,municipality,openrouteservice_osm,,2026-08-21T18:07:52Z,0.2.0,,,complete,69.5497,69.5497,100,,official,default,true
250595,Bossòst,39,Val d'Aran,2026-08-21,"Plaça de Catalunya, Barcelona",42.785594,0.692016,264.141167,328.6,openrouteservice,driving-car,2026-08-21,8.9647,90,municipality,openrouteservice_osm,,2026-08-21T18:07:52Z,0.2.0,,,complete,8.9647,8.9647,100,,official,default,true
250609,Cabanabona,23,Noguera,2026-08-21,"Plaça de Catalunya, Barcelona",41.851634,1.216449,97.515667,118.7,openrouteservice,driving-car,2026-08-21,71.2422,90,municipality,openrouteservice_osm,,2026-08-21T18:07:52Z,0.2.0,,,complete,71.2422,71.2422,100,,official,default,true
250616,Cabó,04,Alt Urgell,2026-08-21,"Plaça de Catalunya, Barcelona",42.238892,1.247172,160.880333,163.04,openrouteservice,driving-car,2026-08-21,42.9665,90,municipality,openrouteservice_osm,,2026-08-21T18:07:52Z,0.2.0,,,complete,42.9665,42.9665,100,,official,default,true
250621,Camarasa,23,Noguera,2026-08-21,"Plaça de Catalunya, Barcelona",41.875131,0.877882,128.572667,151.96,openrouteservice,driving-car,2026-08-21,56.4281,90,municipality,openrouteservice_osm,,2026-08-21T18:07:52Z,0.2.0,,,complete,56.4281,56.4281,100,,official,default,true
250637,Canejan,39,Val d'Aran,2026-08-21,"Plaça de Catalunya, Barcelona",42.838178,0.739804,288.110667,341.27,openrouteservice,driving-car,2026-08-21,2.9723,90,municipality,openrouteservice_osm,,2026-08-21T18:07:52Z,0.2.0,,,complete,2.9723,2.9723,100,,official,default,true
250642,Castellar de la Ribera,35,Solsonès,2026-08-21,"Plaça de Catalunya, Barcelona",42.022693,1.415999,107.1375,117.66,openrouteservice,driving-car,2026-08-21,66.4313,90,municipality,openrouteservice_osm,,2026-08-21T18:07:52Z,0.2.0,,,complete,66.4313,66.4313,100,,official,default,true
250674,Castelldans,18,Garrigues,2026-08-21,"Plaça de Catalunya, Barcelona",41.497744,0.765324,104.732833,151.21,openrouteservice,driving-car,2026-08-21,67.6336,90,municipality,openrouteservice_osm,,2026-08-21T18:07:52Z,0.2.0,,,complete,67.6336,67.6336,100,,official,default,true
250680,Castellnou de Seana,27,Pla d'Urgell,2026-08-21,"Plaça de Catalunya, Barcelona",41.648318,0.970907,93.614833,124.71,openrouteservice,driving-car,2026-08-21,73.1926,90,municipality,openrouteservice_osm,,2026-08-21T18:07:52Z,0.2.0,,,complete,73.1926,73.1926,100,,official,default,true
250693,Castelló de Farfanya,23,Noguera,2026-08-21,"Plaça de Catalunya, Barcelona",41.82037,0.72755,124.322833,150.25,openrouteservice,driving-car,2026-08-21,58.1988,90,municipality,openrouteservice_osm,,2026-08-21T18:07:52Z,0.2.0,,,complete,58.1988,58.1988,100,,official,default,true
250707,Castellserà,38,Urgell,2026-08-21,"Plaça de Catalunya, Barcelona",41.7469,0.986959,104.033333,127.68,openrouteservice,driving-car,2026-08-21,67.9833,90,municipality,openrouteservice_osm,,2026-08-21T18:07:52Z,0.2.0,,,complete,67.9833,67.9833,100,,official,default,true
250714,Cava,04,Alt Urgell,2026-08-21,"Plaça de Catalunya, Barcelona",42.325362,1.584346,153.318667,170.94,openrouteservice,driving-car,2026-08-21,46.1172,90,municipality,openrouteservice_osm,,2026-08-21T18:07:52Z,0.2.0,,,complete,46.1172,46.1172,100,,official,default,true
250729,Cervera,32,Segarra,2026-08-21,"Plaça de Catalunya, Barcelona",41.665742,1.27102,79.927667,95.85,openrouteservice,driving-car,2026-08-21,80.5957,90,municipality,openrouteservice_osm,,2026-08-21T18:07:52Z,0.2.0,,,complete,80.5957,80.5957,100,,official,default,true
250735,Cervià de les Garrigues,18,Garrigues,2026-08-21,"Plaça de Catalunya, Barcelona",41.424953,0.858969,95.472667,138.45,openrouteservice,driving-car,2026-08-21,72.2637,90,municipality,openrouteservice_osm,,2026-08-21T18:07:52Z,0.2.0,,,complete,72.2637,72.2637,100,,official,default,true
250740,Ciutadilla,38,Urgell,2026-08-21,"Plaça de Catalunya, Barcelona",41.561636,1.139285,104.583167,121.61,openrouteservice,driving-car,2026-08-21,67.7084,90,municipality,openrouteservice_osm,,2026-08-21T18:07:52Z,0.2.0,,,complete,67.7084,67.7084,100,,official,default,true
250753,Clariana de Cardener,35,Solsonès,2026-08-21,"Plaça de Catalunya, Barcelona",41.933846,1.625028,81.965333,94.8,openrouteservice,driving-car,2026-08-21,79.4637,90,municipality,openrouteservice_osm,,2026-08-21T18:07:52Z,0.2.0,,,complete,79.4637,79.4637,100,,official,default,true
250766,el Cogul,18,Garrigues,2026-08-21,"Plaça de Catalunya, Barcelona",41.46702,0.689455,118.204167,158.97,openrouteservice,driving-car,2026-08-21,60.8979,90,municipality,openrouteservice_osm,,2026-08-21T18:07:52Z,0.2.0,,,complete,60.8979,60.8979,100,,official,default,true
250772,Coll de Nargó,04,Alt Urgell,2026-08-21,"Plaça de Catalunya, Barcelona",42.17471,1.31577,135.475667,148.16,openrouteservice,driving-car,2026-08-21,53.5518,90,municipality,openrouteservice_osm,,2026-08-21T18:07:52Z,0.2.0,,,complete,53.5518,53.5518,100,,official,default,true
250788,Corbins,33,Segrià,2026-08-21,"Plaça de Catalunya, Barcelona",41.690622,0.69299,112.957,156.51,openrouteservice,driving-car,2026-08-21,63.5215,90,municipality,openrouteservice_osm,,2026-08-21T18:07:52Z,0.2.0,,,complete,63.5215,63.5215,100,,official,default,true
250791,Cubells,23,Noguera,2026-08-21,"Plaça de Catalunya, Barcelona",41.851591,0.958899,118.693333,136.9,openrouteservice,driving-car,2026-08-21,60.6533,90,municipality,openrouteservice_osm,,2026-08-21T18:07:52Z,0.2.0,,,complete,60.6533,60.6533,100,,official,default,true
250812,l'Espluga Calba,18,Garrigues,2026-08-21,"Plaça de Catalunya, Barcelona",41.495013,1.003651,106.409667,137.37,openrouteservice,driving-car,2026-08-21,66.7952,90,municipality,openrouteservice_osm,,2026-08-21T18:07:52Z,0.2.0,,,complete,66.7952,66.7952,100,,official,default,true
250827,Espot,26,Pallars Sobirà,2026-08-21,"Plaça de Catalunya, Barcelona",42.57582,1.088961,228.4625,257.21,openrouteservice,driving-car,2026-08-21,18.8458,90,municipality,openrouteservice_osm,,2026-08-21T18:07:52Z,0.2.0,,,complete,18.8458,18.8458,100,,official,default,true
250851,Estaràs,32,Segarra,2026-08-21,"Plaça de Catalunya, Barcelona",41.691586,1.378254,80.717,93.04,openrouteservice,driving-car,2026-08-21,80.1572,90,municipality,openrouteservice_osm,,2026-08-21T18:07:52Z,0.2.0,,,complete,80.1572,80.1572,100,,official,default,true
250864,Esterri d'Àneu,26,Pallars Sobirà,2026-08-21,"Plaça de Catalunya, Barcelona",42.628642,1.122276,233.012833,256.61,openrouteservice,driving-car,2026-08-21,17.3291,90,municipality,openrouteservice_osm,,2026-08-21T18:07:52Z,0.2.0,,,complete,17.3291,17.3291,100,,official,default,true
250870,Esterri de Cardós,26,Pallars Sobirà,2026-08-21,"Plaça de Catalunya, Barcelona",42.592668,1.26172,232.624167,254.25,openrouteservice,driving-car,2026-08-21,17.4586,90,municipality,openrouteservice_osm,,2026-08-21T18:07:52Z,0.2.0,,,complete,17.4586,17.4586,100,,official,default,true
250886,Estamariu,04,Alt Urgell,2026-08-21,"Plaça de Catalunya, Barcelona",42.373064,1.522677,149.477833,172.44,openrouteservice,driving-car,2026-08-21,47.7176,90,municipality,openrouteservice_osm,,2026-08-21T18:07:52Z,0.2.0,,,complete,47.7176,47.7176,100,,official,default,true
250899,Farrera,26,Pallars Sobirà,2026-08-21,"Plaça de Catalunya, Barcelona",42.503711,1.273562,226.982333,247.93,openrouteservice,driving-car,2026-08-21,19.3392,90,municipality,openrouteservice_osm,,2026-08-21T18:07:52Z,0.2.0,,,complete,19.3392,19.3392,100,,official,default,true
250925,la Floresta,18,Garrigues,2026-08-21,"Plaça de Catalunya, Barcelona",41.510385,0.919589,105.771333,145.57,openrouteservice,driving-car,2026-08-21,67.1143,90,municipality,openrouteservice_osm,,2026-08-21T18:07:52Z,0.2.0,,,complete,67.1143,67.1143,100,,official,default,true
250931,Fondarella,27,Pla d'Urgell,2026-08-21,"Plaça de Catalunya, Barcelona",41.634683,0.874474,99.365333,132.61,openrouteservice,driving-car,2026-08-21,70.3173,90,municipality,openrouteservice_osm,,2026-08-21T18:07:52Z,0.2.0,,,complete,70.3173,70.3173,100,,official,default,true
250946,Foradada,23,Noguera,2026-08-21,"Plaça de Catalunya, Barcelona",41.876775,1.012446,113.975167,131.93,openrouteservice,driving-car,2026-08-21,63.0124,90,municipality,openrouteservice_osm,,2026-08-21T18:07:52Z,0.2.0,,,complete,63.0124,63.0124,100,,official,default,true
250962,la Fuliola,38,Urgell,2026-08-21,"Plaça de Catalunya, Barcelona",41.713011,1.018525,97.434,122.41,openrouteservice,driving-car,2026-08-21,71.283,90,municipality,openrouteservice_osm,,2026-08-21T18:07:52Z,0.2.0,,,complete,71.283,71.283,100,,official,default,true
250978,Fulleda,18,Garrigues,2026-08-21,"Plaça de Catalunya, Barcelona",41.463615,1.024332,100.283167,132.87,openrouteservice,driving-car,2026-08-21,69.8584,90,municipality,openrouteservice_osm,,2026-08-21T18:07:52Z,0.2.0,,,complete,69.8584,69.8584,100,,official,default,true
250984,Gavet de la Conca,25,Pallars Jussà,2026-08-21,"Plaça de Catalunya, Barcelona",42.123367,0.92041,164.792167,181.46,openrouteservice,driving-car,2026-08-21,41.3366,90,municipality,openrouteservice_osm,,2026-08-21T18:07:52Z,0.2.0,,,complete,41.3366,41.3366,100,,official,default,true
250997,Golmés,27,Pla d'Urgell,2026-08-21,"Plaça de Catalunya, Barcelona",41.632536,0.932518,97.4035,128.72,openrouteservice,driving-car,2026-08-21,71.2982,90,municipality,openrouteservice_osm,,2026-08-21T18:07:52Z,0.2.0,,,complete,71.2982,71.2982,100,,official,default,true
251001,Gósol,14,Berguedà,2026-08-21,"Plaça de Catalunya, Barcelona",42.236957,1.660203,115.884833,141.43,openrouteservice,driving-car,2026-08-21,62.0576,90,municipality,openrouteservice_osm,,2026-08-21T18:07:52Z,0.2.0,,,complete,62.0576,62.0576,100,,official,default,true
251018,la Granadella,18,Garrigues,2026-08-21,"Plaça de Catalunya, Barcelona",41.35552,0.664842,138.2175,172,openrouteservice,driving-car,2026-08-21,52.4094,90,municipality,openrouteservice_osm,,2026-08-21T18:07:52Z,0.2.0,,,complete,52.4094,52.4094,100,,official,default,true
251023,la Granja d'Escarp,33,Segrià,2026-08-21,"Plaça de Catalunya, Barcelona",41.418439,0.352225,137.033833,201.39,openrouteservice,driving-car,2026-08-21,52.9026,90,municipality,openrouteservice_osm,,2026-08-21T18:07:52Z,0.2.0,,,complete,52.9026,52.9026,100,,official,default,true
251039,Granyanella,32,Segarra,2026-08-21,"Plaça de Catalunya, Barcelona",41.665734,1.228048,83.397333,105.45,openrouteservice,driving-car,2026-08-21,78.6681,90,municipality,openrouteservice_osm,,2026-08-21T18:07:52Z,0.2.0,,,complete,78.6681,78.6681,100,,official,default,true
251044,Granyena de Segarra,32,Segarra,2026-08-21,"Plaça de Catalunya, Barcelona",41.623511,1.246857,86.866833,103.02,openrouteservice,driving-car,2026-08-21,76.7406,90,municipality,openrouteservice_osm,,2026-08-21T18:07:52Z,0.2.0,,,complete,76.7406,76.7406,100,,official,default,true
251057,Granyena de les Garrigues,18,Garrigues,2026-08-21,"Plaça de Catalunya, Barcelona",41.432844,0.649207,124.056667,181.04,openrouteservice,driving-car,2026-08-21,58.3097,90,municipality,openrouteservice_osm,,2026-08-21T18:07:52Z,0.2.0,,,complete,58.3097,58.3097,100,,official,default,true
251095,Guimerà,38,Urgell,2026-08-21,"Plaça de Catalunya, Barcelona",41.564301,1.185197,100.1665,113.35,openrouteservice,driving-car,2026-08-21,69.9168,90,municipality,openrouteservice_osm,,2026-08-21T18:07:52Z,0.2.0,,,complete,69.9168,69.9168,100,,official,default,true
251109,Guissona,32,Segarra,2026-08-21,"Plaça de Catalunya, Barcelona",41.785191,1.288706,90.133333,108.57,openrouteservice,driving-car,2026-08-21,74.9333,90,municipality,openrouteservice_osm,,2026-08-21T18:07:52Z,0.2.0,,,complete,74.9333,74.9333,100,,official,default,true
251116,Guixers,35,Solsonès,2026-08-21,"Plaça de Catalunya, Barcelona",42.13257,1.666658,105.419333,125.72,openrouteservice,driving-car,2026-08-21,67.2903,90,municipality,openrouteservice_osm,,2026-08-21T18:07:52Z,0.2.0,,,complete,67.2903,67.2903,100,,official,default,true
251121,Ivars de Noguera,23,Noguera,2026-08-21,"Plaça de Catalunya, Barcelona",41.850179,0.58588,130.731667,182.2,openrouteservice,driving-car,2026-08-21,55.5285,90,municipality,openrouteservice_osm,,2026-08-21T18:07:52Z,0.2.0,,,complete,55.5285,55.5285,100,,official,default,true
251137,Ivars d'Urgell,27,Pla d'Urgell,2026-08-21,"Plaça de Catalunya, Barcelona",41.682913,0.985676,99.548167,127.28,openrouteservice,driving-car,2026-08-21,70.2259,90,municipality,openrouteservice_osm,,2026-08-21T18:07:52Z,0.2.0,,,complete,70.2259,70.2259,100,,official,default,true
251142,Ivorra,32,Segarra,2026-08-21,"Plaça de Catalunya, Barcelona",41.772024,1.395657,85.095167,108.92,openrouteservice,driving-car,2026-08-21,77.7249,90,municipality,openrouteservice_osm,,2026-08-21T18:07:52Z,0.2.0,,,complete,77.7249,77.7249,100,,official,default,true
251155,Isona i Conca Dellà,25,Pallars Jussà,2026-08-21,"Plaça de Catalunya, Barcelona",42.116926,1.043619,148.554333,166.7,openrouteservice,driving-car,2026-08-21,48.1024,90,municipality,openrouteservice_osm,,2026-08-21T18:07:52Z,0.2.0,,,complete,48.1024,48.1024,100,,official,default,true
251180,Juncosa,18,Garrigues,2026-08-21,"Plaça de Catalunya, Barcelona",41.371562,0.77537,128.586333,161.63,openrouteservice,driving-car,2026-08-21,56.4224,90,municipality,openrouteservice_osm,,2026-08-21T18:07:52Z,0.2.0,,,complete,56.4224,56.4224,100,,official,default,true
251193,Juneda,18,Garrigues,2026-08-21,"Plaça de Catalunya, Barcelona",41.549447,0.825094,107.885667,150.87,openrouteservice,driving-car,2026-08-21,66.0572,90,municipality,openrouteservice_osm,,2026-08-21T18:07:52Z,0.2.0,,,complete,66.0572,66.0572,100,,official,default,true
251207,Lleida,33,Segrià,2026-08-21,"Plaça de Catalunya, Barcelona",41.614814,0.626649,114.926333,171.86,openrouteservice,driving-car,2026-08-21,62.5368,90,municipality,openrouteservice_osm,,2026-08-21T18:07:52Z,0.2.0,,,complete,62.5368,62.5368,100,,official,default,true
251214,Les,39,Val d'Aran,2026-08-21,"Plaça de Catalunya, Barcelona",42.810089,0.710457,268.332667,331.79,openrouteservice,driving-car,2026-08-21,7.9168,90,municipality,openrouteservice_osm,,2026-08-21T18:07:52Z,0.2.0,,,complete,7.9168,7.9168,100,,official,default,true
251229,Linyola,27,Pla d'Urgell,2026-08-21,"Plaça de Catalunya, Barcelona",41.710719,0.904673,102.703667,137.57,openrouteservice,driving-car,2026-08-21,68.6482,90,municipality,openrouteservice_osm,,2026-08-21T18:07:52Z,0.2.0,,,complete,68.6482,68.6482,100,,official,default,true
251235,Lladorre,26,Pallars Sobirà,2026-08-21,"Plaça de Catalunya, Barcelona",42.621103,1.249503,229.381,254.62,openrouteservice,driving-car,2026-08-21,18.5397,90,municipality,openrouteservice_osm,,2026-08-21T18:07:52Z,0.2.0,,,complete,18.5397,18.5397,100,,official,default,true
251240,Lladurs,35,Solsonès,2026-08-21,"Plaça de Catalunya, Barcelona",42.044667,1.508251,103.51,113.9,openrouteservice,driving-car,2026-08-21,68.245,90,municipality,openrouteservice_osm,,2026-08-21T18:07:52Z,0.2.0,,,complete,68.245,68.245,100,,official,default,true
251253,Llardecans,33,Segrià,2026-08-21,"Plaça de Catalunya, Barcelona",41.374033,0.550052,136.735833,190.55,openrouteservice,driving-car,2026-08-21,53.0267,90,municipality,openrouteservice_osm,,2026-08-21T18:07:52Z,0.2.0,,,complete,53.0267,53.0267,100,,official,default,true
251266,Llavorsí,26,Pallars Sobirà,2026-08-21,"Plaça de Catalunya, Barcelona",42.495682,1.211167,210.952333,238.16,openrouteservice,driving-car,2026-08-21,24.6826,90,municipality,openrouteservice_osm,,2026-08-21T18:07:52Z,0.2.0,,,complete,24.6826,24.6826,100,,official,default,true
251272,Lles de Cerdanya,15,Cerdanya,2026-08-21,"Plaça de Catalunya, Barcelona",42.390337,1.687552,137.839333,159.22,openrouteservice,driving-car,2026-08-21,52.5669,90,municipality,openrouteservice_osm,,2026-08-21T18:07:52Z,0.2.0,,,complete,52.5669,52.5669,100,,official,default,true
251288,Llimiana,25,Pallars Jussà,2026-08-21,"Plaça de Catalunya, Barcelona",42.074966,0.916154,162.021333,189.76,openrouteservice,driving-car,2026-08-21,42.4911,90,municipality,openrouteservice_osm,,2026-08-21T18:07:52Z,0.2.0,,,complete,42.4911,42.4911,100,,official,default,true
251291,Llobera,35,Solsonès,2026-08-21,"Plaça de Catalunya, Barcelona",41.950968,1.472518,102.721667,127.99,openrouteservice,driving-car,2026-08-21,68.6392,90,municipality,openrouteservice_osm,,2026-08-21T18:07:52Z,0.2.0,,,complete,68.6392,68.6392,100,,official,default,true
251305,Maldà,38,Urgell,2026-08-21,"Plaça de Catalunya, Barcelona",41.55094,1.040077,106.5,127.14,openrouteservice,driving-car,2026-08-21,66.75,90,municipality,openrouteservice_osm,,2026-08-21T18:07:52Z,0.2.0,,,complete,66.75,66.75,100,,official,default,true
251312,Massalcoreig,33,Segrià,2026-08-21,"Plaça de Catalunya, Barcelona",41.459165,0.359063,129.669833,195.2,openrouteservice,driving-car,2026-08-21,55.9709,90,municipality,openrouteservice_osm,,2026-08-21T18:07:52Z,0.2.0,,,complete,55.9709,55.9709,100,,official,default,true
251327,Massoteres,32,Segarra,2026-08-21,"Plaça de Catalunya, Barcelona",41.797486,1.310738,92.505333,115.52,openrouteservice,driving-car,2026-08-21,73.7473,90,municipality,openrouteservice_osm,,2026-08-21T18:07:52Z,0.2.0,,,complete,73.7473,73.7473,100,,official,default,true
251333,Maials,33,Segrià,2026-08-21,"Plaça de Catalunya, Barcelona",41.364814,0.504374,143.28,194.08,openrouteservice,driving-car,2026-08-21,50.3,90,municipality,openrouteservice_osm,,2026-08-21T18:07:52Z,0.2.0,,,complete,50.3,50.3,100,,official,default,true
251348,Menàrguens,23,Noguera,2026-08-21,"Plaça de Catalunya, Barcelona",41.729598,0.743556,116.944167,152.6,openrouteservice,driving-car,2026-08-21,61.5279,90,municipality,openrouteservice_osm,,2026-08-21T18:07:52Z,0.2.0,,,complete,61.5279,61.5279,100,,official,default,true
251351,Miralcamp,27,Pla d'Urgell,2026-08-21,"Plaça de Catalunya, Barcelona",41.605282,0.878954,105.501167,135.71,openrouteservice,driving-car,2026-08-21,67.2494,90,municipality,openrouteservice_osm,,2026-08-21T18:07:52Z,0.2.0,,,complete,67.2494,67.2494,100,,official,default,true
251364,la Molsosa,35,Solsonès,2026-08-21,"Plaça de Catalunya, Barcelona",41.785706,1.544244,83.4825,98.36,openrouteservice,driving-car,2026-08-21,78.6208,90,municipality,openrouteservice_osm,,2026-08-21T18:07:52Z,0.2.0,,,complete,78.6208,78.6208,100,,official,default,true
251370,Mollerussa,27,Pla d'Urgell,2026-08-21,"Plaça de Catalunya, Barcelona",41.629835,0.893697,100.357,132.06,openrouteservice,driving-car,2026-08-21,69.8215,90,municipality,openrouteservice_osm,,2026-08-21T18:07:52Z,0.2.0,,,complete,69.8215,69.8215,100,,official,default,true
251386,Montgai,23,Noguera,2026-08-21,"Plaça de Catalunya, Barcelona",41.79986,0.961008,114.590833,128.88,openrouteservice,driving-car,2026-08-21,62.7046,90,municipality,openrouteservice_osm,,2026-08-21T18:07:52Z,0.2.0,,,complete,62.7046,62.7046,100,,official,default,true
251399,Montellà i Martinet,15,Cerdanya,2026-08-21,"Plaça de Catalunya, Barcelona",42.35997,1.695029,119.278833,149.35,openrouteservice,driving-car,2026-08-21,60.3606,90,municipality,openrouteservice_osm,,2026-08-21T18:07:52Z,0.2.0,,,complete,60.3606,60.3606,100,,official,default,true
251403,Montferrer i Castellbò,04,Alt Urgell,2026-08-21,"Plaça de Catalunya, Barcelona",42.341705,1.428255,156.6005,176.41,openrouteservice,driving-car,2026-08-21,44.7498,90,municipality,openrouteservice_osm,,2026-08-21T18:07:52Z,0.2.0,,,complete,44.7498,44.7498,100,,official,default,true
251410,Montoliu de Segarra,32,Segarra,2026-08-21,"Plaça de Catalunya, Barcelona",41.590098,1.270112,91.655333,100.31,openrouteservice,driving-car,2026-08-21,74.1723,90,municipality,openrouteservice_osm,,2026-08-21T18:07:52Z,0.2.0,,,complete,74.1723,74.1723,100,,official,default,true
251425,Montoliu de Lleida,33,Segrià,2026-08-21,"Plaça de Catalunya, Barcelona",41.560567,0.588903,114.266,168.36,openrouteservice,driving-car,2026-08-21,62.867,90,municipality,openrouteservice_osm,,2026-08-21T18:07:52Z,0.2.0,,,complete,62.867,62.867,100,,official,default,true
251431,Montornès de Segarra,32,Segarra,2026-08-21,"Plaça de Catalunya, Barcelona",41.600745,1.229568,98.705833,107.47,openrouteservice,driving-car,2026-08-21,70.6471,90,municipality,openrouteservice_osm,,2026-08-21T18:07:52Z,0.2.0,,,complete,70.6471,70.6471,100,,official,default,true
251459,Nalec,38,Urgell,2026-08-21,"Plaça de Catalunya, Barcelona",41.560181,1.115168,104.778,122.29,openrouteservice,driving-car,2026-08-21,67.611,90,municipality,openrouteservice_osm,,2026-08-21T18:07:52Z,0.2.0,,,complete,67.611,67.611,100,,official,default,true
251462,Navès,35,Solsonès,2026-08-21,"Plaça de Catalunya, Barcelona",41.990797,1.640112,98.729167,101.01,openrouteservice,driving-car,2026-08-21,70.6354,90,municipality,openrouteservice_osm,,2026-08-21T18:07:52Z,0.2.0,,,complete,70.6354,70.6354,100,,official,default,true
251484,Odèn,35,Solsonès,2026-08-21,"Plaça de Catalunya, Barcelona",42.133295,1.387288,141.576833,135.95,openrouteservice,driving-car,2026-08-21,51.0097,90,municipality,openrouteservice_osm,,2026-08-21T18:07:52Z,0.2.0,,,complete,51.0097,51.0097,100,,official,default,true
251497,Oliana,04,Alt Urgell,2026-08-21,"Plaça de Catalunya, Barcelona",42.064901,1.314701,121.749333,134.5,openrouteservice,driving-car,2026-08-21,59.2711,90,municipality,openrouteservice_osm,,2026-08-21T18:07:52Z,0.2.0,,,complete,59.2711,59.2711,100,,official,default,true
251500,Oliola,23,Noguera,2026-08-21,"Plaça de Catalunya, Barcelona",41.875658,1.173709,109.623667,125.81,openrouteservice,driving-car,2026-08-21,65.1882,90,municipality,openrouteservice_osm,,2026-08-21T18:07:52Z,0.2.0,,,complete,65.1882,65.1882,100,,official,default,true
251517,Olius,35,Solsonès,2026-08-21,"Plaça de Catalunya, Barcelona",41.977528,1.555209,89.941,102.79,openrouteservice,driving-car,2026-08-21,75.0328,90,municipality,openrouteservice_osm,,2026-08-21T18:07:52Z,0.2.0,,,complete,75.0328,75.0328,100,,official,default,true
251522,les Oluges,32,Segarra,2026-08-21,"Plaça de Catalunya, Barcelona",41.697221,1.318928,81.348,108.7,openrouteservice,driving-car,2026-08-21,79.8067,90,municipality,openrouteservice_osm,,2026-08-21T18:07:52Z,0.2.0,,,complete,79.8067,79.8067,100,,official,default,true
251538,els Omellons,18,Garrigues,2026-08-21,"Plaça de Catalunya, Barcelona",41.50148,0.959479,109.086667,148.67,openrouteservice,driving-car,2026-08-21,65.4567,90,municipality,openrouteservice_osm,,2026-08-21T18:07:52Z,0.2.0,,,complete,65.4567,65.4567,100,,official,default,true
251543,els Omells de na Gaia,38,Urgell,2026-08-21,"Plaça de Catalunya, Barcelona",41.499871,1.074888,105.423333,133.21,openrouteservice,driving-car,2026-08-21,67.2883,90,municipality,openrouteservice_osm,,2026-08-21T18:07:52Z,0.2.0,,,complete,67.2883,67.2883,100,,official,default,true
251556,Organyà,04,Alt Urgell,2026-08-21,"Plaça de Catalunya, Barcelona",42.211096,1.328553,140.602333,153.34,openrouteservice,driving-car,2026-08-21,51.4157,90,municipality,openrouteservice_osm,,2026-08-21T18:07:52Z,0.2.0,,,complete,51.4157,51.4157,100,,official,default,true
251569,Os de Balaguer,23,Noguera,2026-08-21,"Plaça de Catalunya, Barcelona",41.87132,0.718616,133.706333,157.18,openrouteservice,driving-car,2026-08-21,54.289,90,municipality,openrouteservice_osm,,2026-08-21T18:07:52Z,0.2.0,,,complete,54.289,54.289,100,,official,default,true
251575,Ossó de Sió,38,Urgell,2026-08-21,"Plaça de Catalunya, Barcelona",41.75488,1.159434,89.269833,110.7,openrouteservice,driving-car,2026-08-21,75.4056,90,municipality,openrouteservice_osm,,2026-08-21T18:07:52Z,0.2.0,,,complete,75.4056,75.4056,100,,official,default,true
251581,el Palau d'Anglesola,27,Pla d'Urgell,2026-08-21,"Plaça de Catalunya, Barcelona",41.651723,0.880179,99.014167,131.82,openrouteservice,driving-car,2026-08-21,70.4929,90,municipality,openrouteservice_osm,,2026-08-21T18:07:52Z,0.2.0,,,complete,70.4929,70.4929,100,,official,default,true
251615,Conca de Dalt,25,Pallars Jussà,2026-08-21,"Plaça de Catalunya, Barcelona",42.244759,0.971517,183.607667,209.29,openrouteservice,driving-car,2026-08-21,33.7974,90,municipality,openrouteservice_osm,,2026-08-21T18:07:52Z,0.2.0,,,complete,33.7974,33.7974,100,,official,default,true
251636,la Coma i la Pedra,35,Solsonès,2026-08-21,"Plaça de Catalunya, Barcelona",42.176048,1.589749,123.8285,138.77,openrouteservice,driving-car,2026-08-21,58.4048,90,municipality,openrouteservice_osm,,2026-08-21T18:07:52Z,0.2.0,,,complete,58.4048,58.4048,100,,official,default,true
251641,Penelles,23,Noguera,2026-08-21,"Plaça de Catalunya, Barcelona",41.757602,0.965576,106.754833,131.28,openrouteservice,driving-car,2026-08-21,66.6226,90,municipality,openrouteservice_osm,,2026-08-21T18:07:52Z,0.2.0,,,complete,66.6226,66.6226,100,,official,default,true
251654,Peramola,04,Alt Urgell,2026-08-21,"Plaça de Catalunya, Barcelona",42.057173,1.267801,127.927,135.45,openrouteservice,driving-car,2026-08-21,56.6971,90,municipality,openrouteservice_osm,,2026-08-21T18:07:52Z,0.2.0,,,complete,56.6971,56.6971,100,,official,default,true
251667,Pinell de Solsonès,35,Solsonès,2026-08-21,"Plaça de Catalunya, Barcelona",41.950276,1.418709,111.776833,118.84,openrouteservice,driving-car,2026-08-21,64.1116,90,municipality,openrouteservice_osm,,2026-08-21T18:07:52Z,0.2.0,,,complete,64.1116,64.1116,100,,official,default,true
251673,Pinós,35,Solsonès,2026-08-21,"Plaça de Catalunya, Barcelona",41.837957,1.539932,95.01,107.39,openrouteservice,driving-car,2026-08-21,72.495,90,municipality,openrouteservice_osm,,2026-08-21T18:07:52Z,0.2.0,,,complete,72.495,72.495,100,,official,default,true
251689,el Poal,27,Pla d'Urgell,2026-08-21,"Plaça de Catalunya, Barcelona",41.678169,0.856747,106.430833,136.84,openrouteservice,driving-car,2026-08-21,66.7846,90,municipality,openrouteservice_osm,,2026-08-21T18:07:52Z,0.2.0,,,complete,66.7846,66.7846,100,,official,default,true
251692,la Pobla de Cérvoles,18,Garrigues,2026-08-21,"Plaça de Catalunya, Barcelona",41.367709,0.915523,104.088333,142.47,openrouteservice,driving-car,2026-08-21,67.9558,90,municipality,openrouteservice_osm,,2026-08-21T18:07:52Z,0.2.0,,,complete,67.9558,67.9558,100,,official,default,true
251706,Bellaguarda,18,Garrigues,2026-08-21,"Plaça de Catalunya, Barcelona",41.337646,0.735958,130.715167,164.38,openrouteservice,driving-car,2026-08-21,55.5353,90,municipality,openrouteservice_osm,,2026-08-21T18:07:52Z,0.2.0,,,complete,55.5353,55.5353,100,,official,default,true
251713,la Pobla de Segur,25,Pallars Jussà,2026-08-21,"Plaça de Catalunya, Barcelona",42.249829,0.968855,183.401167,209.09,openrouteservice,driving-car,2026-08-21,33.8663,90,municipality,openrouteservice_osm,,2026-08-21T18:07:52Z,0.2.0,,,complete,33.8663,33.8663,100,,official,default,true
251728,Ponts,23,Noguera,2026-08-21,"Plaça de Catalunya, Barcelona",41.915679,1.186197,103.066833,126.73,openrouteservice,driving-car,2026-08-21,68.4666,90,municipality,openrouteservice_osm,,2026-08-21T18:07:52Z,0.2.0,,,complete,68.4666,68.4666,100,,official,default,true
251734,el Pont de Suert,05,Alta Ribagorça,2026-08-21,"Plaça de Catalunya, Barcelona",42.407655,0.740243,205.9145,272.94,openrouteservice,driving-car,2026-08-21,26.3618,90,municipality,openrouteservice_osm,,2026-08-21T18:07:52Z,0.2.0,,,complete,26.3618,26.3618,100,,official,default,true
251749,la Portella,33,Segrià,2026-08-21,"Plaça de Catalunya, Barcelona",41.739889,0.639321,121.738667,163.15,openrouteservice,driving-car,2026-08-21,59.2756,90,municipality,openrouteservice_osm,,2026-08-21T18:07:52Z,0.2.0,,,complete,59.2756,59.2756,100,,official,default,true
251752,Prats i Sansor,15,Cerdanya,2026-08-21,"Plaça de Catalunya, Barcelona",42.364982,1.836921,109.471667,139.95,openrouteservice,driving-car,2026-08-21,65.2642,90,municipality,openrouteservice_osm,,2026-08-21T18:07:52Z,0.2.0,,,complete,65.2642,65.2642,100,,official,default,true
251765,Preixana,38,Urgell,2026-08-21,"Plaça de Catalunya, Barcelona",41.607781,1.037645,95.744333,123.09,openrouteservice,driving-car,2026-08-21,72.1278,90,municipality,openrouteservice_osm,,2026-08-21T18:07:52Z,0.2.0,,,complete,72.1278,72.1278,100,,official,default,true
251771,Preixens,23,Noguera,2026-08-21,"Plaça de Catalunya, Barcelona",41.794052,1.050648,102.149167,120.82,openrouteservice,driving-car,2026-08-21,68.9254,90,municipality,openrouteservice_osm,,2026-08-21T18:07:52Z,0.2.0,,,complete,68.9254,68.9254,100,,official,default,true
251790,Prullans,15,Cerdanya,2026-08-21,"Plaça de Catalunya, Barcelona",42.378873,1.736749,118.288167,146.35,openrouteservice,driving-car,2026-08-21,60.8559,90,municipality,openrouteservice_osm,,2026-08-21T18:07:52Z,0.2.0,,,complete,60.8559,60.8559,100,,official,default,true
251804,Puiggròs,18,Garrigues,2026-08-21,"Plaça de Catalunya, Barcelona",41.550534,0.889996,107.8775,151.32,openrouteservice,driving-car,2026-08-21,66.0613,90,municipality,openrouteservice_osm,,2026-08-21T18:07:52Z,0.2.0,,,complete,66.0613,66.0613,100,,official,default,true
251811,Puigverd d'Agramunt,38,Urgell,2026-08-21,"Plaça de Catalunya, Barcelona",41.777278,1.122035,94.040167,114.47,openrouteservice,driving-car,2026-08-21,72.9799,90,municipality,openrouteservice_osm,,2026-08-21T18:07:52Z,0.2.0,,,complete,72.9799,72.9799,100,,official,default,true
251826,Puigverd de Lleida,33,Segrià,2026-08-21,"Plaça de Catalunya, Barcelona",41.543303,0.73303,111.269,157.52,openrouteservice,driving-car,2026-08-21,64.3655,90,municipality,openrouteservice_osm,,2026-08-21T18:07:52Z,0.2.0,,,complete,64.3655,64.3655,100,,official,default,true
251832,Rialp,26,Pallars Sobirà,2026-08-21,"Plaça de Catalunya, Barcelona",42.444132,1.134766,200.558167,228.07,openrouteservice,driving-car,2026-08-21,28.1473,90,municipality,openrouteservice_osm,,2026-08-21T18:07:52Z,0.2.0,,,complete,28.1473,28.1473,100,,official,default,true
251850,Ribera d'Urgellet,04,Alt Urgell,2026-08-21,"Plaça de Catalunya, Barcelona",42.312356,1.383366,156.3995,166.63,openrouteservice,driving-car,2026-08-21,44.8335,90,municipality,openrouteservice_osm,,2026-08-21T18:07:52Z,0.2.0,,,complete,44.8335,44.8335,100,,official,default,true
251863,Riner,35,Solsonès,2026-08-21,"Plaça de Catalunya, Barcelona",41.914499,1.524971,101.145,107.15,openrouteservice,driving-car,2026-08-21,69.4275,90,municipality,openrouteservice_osm,,2026-08-21T18:07:52Z,0.2.0,,,complete,69.4275,69.4275,100,,official,default,true
251898,Rosselló,33,Segrià,2026-08-21,"Plaça de Catalunya, Barcelona",41.693288,0.595234,115.791833,160.02,openrouteservice,driving-car,2026-08-21,62.1041,90,municipality,openrouteservice_osm,,2026-08-21T18:07:52Z,0.2.0,,,complete,62.1041,62.1041,100,,official,default,true
251902,Salàs de Pallars,25,Pallars Jussà,2026-08-21,"Plaça de Catalunya, Barcelona",42.21276,0.93148,178.629667,204.17,openrouteservice,driving-car,2026-08-21,35.571,90,municipality,openrouteservice_osm,,2026-08-21T18:07:52Z,0.2.0,,,complete,35.571,35.571,100,,official,default,true
251919,Sanaüja,32,Segarra,2026-08-21,"Plaça de Catalunya, Barcelona",41.876296,1.310802,93.4245,114.67,openrouteservice,driving-car,2026-08-21,73.2877,90,municipality,openrouteservice_osm,,2026-08-21T18:07:52Z,0.2.0,,,complete,73.2877,73.2877,100,,official,default,true
251924,Sant Guim de Freixenet,32,Segarra,2026-08-21,"Plaça de Catalunya, Barcelona",41.655668,1.418591,73.456833,86.75,openrouteservice,driving-car,2026-08-21,84.1906,90,municipality,openrouteservice_osm,,2026-08-21T18:07:52Z,0.2.0,,,complete,84.1906,84.1906,100,,official,default,true
251930,Sant Llorenç de Morunys,35,Solsonès,2026-08-21,"Plaça de Catalunya, Barcelona",42.137035,1.591893,115.978667,132.83,openrouteservice,driving-car,2026-08-21,62.0107,90,municipality,openrouteservice_osm,,2026-08-21T18:07:52Z,0.2.0,,,complete,62.0107,62.0107,100,,official,default,true
251945,Sant Ramon,32,Segarra,2026-08-21,"Plaça de Catalunya, Barcelona",41.724533,1.357903,77.425833,103.28,openrouteservice,driving-car,2026-08-21,81.9856,90,municipality,openrouteservice_osm,,2026-08-21T18:07:52Z,0.2.0,,,complete,81.9856,81.9856,100,,official,default,true
251961,Sant Esteve de la Sarga,25,Pallars Jussà,2026-08-21,"Plaça de Catalunya, Barcelona",42.079635,0.76369,182.021333,205.13,openrouteservice,driving-car,2026-08-21,34.3262,90,municipality,openrouteservice_osm,,2026-08-21T18:07:52Z,0.2.0,,,complete,34.3262,34.3262,100,,official,default,true
251977,Sant Guim de la Plana,32,Segarra,2026-08-21,"Plaça de Catalunya, Barcelona",41.762941,1.324077,88.301167,111.51,openrouteservice,driving-car,2026-08-21,75.9438,90,municipality,openrouteservice_osm,,2026-08-21T18:07:52Z,0.2.0,,,complete,75.9438,75.9438,100,,official,default,true
252000,Sarroca de Lleida,33,Segrià,2026-08-21,"Plaça de Catalunya, Barcelona",41.458434,0.562054,122.535667,179.44,openrouteservice,driving-car,2026-08-21,58.9435,90,municipality,openrouteservice_osm,,2026-08-21T18:07:52Z,0.2.0,,,complete,58.9435,58.9435,100,,official,default,true
252017,Sarroca de Bellera,25,Pallars Jussà,2026-08-21,"Plaça de Catalunya, Barcelona",42.35972,0.881273,198.851167,225.33,openrouteservice,driving-car,2026-08-21,28.7163,90,municipality,openrouteservice_osm,,2026-08-21T18:07:52Z,0.2.0,,,complete,28.7163,28.7163,100,,official,default,true
252022,Senterada,25,Pallars Jussà,2026-08-21,"Plaça de Catalunya, Barcelona",42.324939,0.937451,192.8055,218.13,openrouteservice,driving-car,2026-08-21,30.7315,90,municipality,openrouteservice_osm,,2026-08-21T18:07:52Z,0.2.0,,,complete,30.7315,30.7315,100,,official,default,true
252038,la Seu d'Urgell,04,Alt Urgell,2026-08-21,"Plaça de Catalunya, Barcelona",42.358163,1.462013,148.871333,172.26,openrouteservice,driving-car,2026-08-21,47.9703,90,municipality,openrouteservice_osm,,2026-08-21T18:07:52Z,0.2.0,,,complete,47.9703,47.9703,100,,official,default,true
252043,Seròs,33,Segrià,2026-08-21,"Plaça de Catalunya, Barcelona",41.463292,0.409552,128.986833,194.5,openrouteservice,driving-car,2026-08-21,56.2555,90,municipality,openrouteservice_osm,,2026-08-21T18:07:52Z,0.2.0,,,complete,56.2555,56.2555,100,,official,default,true
252056,Sidamon,27,Pla d'Urgell,2026-08-21,"Plaça de Catalunya, Barcelona",41.62929,0.832005,101.361,137.95,openrouteservice,driving-car,2026-08-21,69.3195,90,municipality,openrouteservice_osm,,2026-08-21T18:07:52Z,0.2.0,,,complete,69.3195,69.3195,100,,official,default,true
252069,el Soleràs,18,Garrigues,2026-08-21,"Plaça de Catalunya, Barcelona",41.413035,0.681659,124.435333,160.37,openrouteservice,driving-car,2026-08-21,58.1519,90,municipality,openrouteservice_osm,,2026-08-21T18:07:52Z,0.2.0,,,complete,58.1519,58.1519,100,,official,default,true
252075,Solsona,35,Solsonès,2026-08-21,"Plaça de Catalunya, Barcelona",41.994348,1.518178,98.588833,107.03,openrouteservice,driving-car,2026-08-21,70.7056,90,municipality,openrouteservice_osm,,2026-08-21T18:07:52Z,0.2.0,,,complete,70.7056,70.7056,100,,official,default,true
252081,Soriguera,26,Pallars Sobirà,2026-08-21,"Plaça de Catalunya, Barcelona",42.379677,1.161413,187.424167,214.6,openrouteservice,driving-car,2026-08-21,32.5253,90,municipality,openrouteservice_osm,,2026-08-21T18:07:52Z,0.2.0,,,complete,32.5253,32.5253,100,,official,default,true
252094,Sort,26,Pallars Sobirà,2026-08-21,"Plaça de Catalunya, Barcelona",42.411135,1.129822,194.638167,223.88,openrouteservice,driving-car,2026-08-21,30.1206,90,municipality,openrouteservice_osm,,2026-08-21T18:07:52Z,0.2.0,,,complete,30.1206,30.1206,100,,official,default,true
252108,Soses,33,Segrià,2026-08-21,"Plaça de Catalunya, Barcelona",41.533146,0.487489,119.6995,179.85,openrouteservice,driving-car,2026-08-21,60.1502,90,municipality,openrouteservice_osm,,2026-08-21T18:07:52Z,0.2.0,,,complete,60.1502,60.1502,100,,official,default,true
252115,Sudanell,33,Segrià,2026-08-21,"Plaça de Catalunya, Barcelona",41.557613,0.567232,119.027333,171.21,openrouteservice,driving-car,2026-08-21,60.4863,90,municipality,openrouteservice_osm,,2026-08-21T18:07:52Z,0.2.0,,,complete,60.4863,60.4863,100,,official,default,true
252120,Sunyer,33,Segrià,2026-08-21,"Plaça de Catalunya, Barcelona",41.523258,0.593018,118.721333,172.47,openrouteservice,driving-car,2026-08-21,60.6393,90,municipality,openrouteservice_osm,,2026-08-21T18:07:52Z,0.2.0,,,complete,60.6393,60.6393,100,,official,default,true
252154,Talarn,25,Pallars Jussà,2026-08-21,"Plaça de Catalunya, Barcelona",42.185549,0.900185,173.044,197.95,openrouteservice,driving-car,2026-08-21,37.8983,90,municipality,openrouteservice_osm,,2026-08-21T18:07:52Z,0.2.0,,,complete,37.8983,37.8983,100,,official,default,true
252167,Talavera,32,Segarra,2026-08-21,"Plaça de Catalunya, Barcelona",41.582054,1.338204,82.971,95.35,openrouteservice,driving-car,2026-08-21,78.905,90,municipality,openrouteservice_osm,,2026-08-21T18:07:52Z,0.2.0,,,complete,78.905,78.905,100,,official,default,true
252173,Tàrrega,38,Urgell,2026-08-21,"Plaça de Catalunya, Barcelona",41.646404,1.139369,88.977667,111.2,openrouteservice,driving-car,2026-08-21,75.568,90,municipality,openrouteservice_osm,,2026-08-21T18:07:52Z,0.2.0,,,complete,75.568,75.568,100,,official,default,true
252189,Tarrés,18,Garrigues,2026-08-21,"Plaça de Catalunya, Barcelona",41.42257,1.019648,93.391,127.02,openrouteservice,driving-car,2026-08-21,73.3045,90,municipality,openrouteservice_osm,,2026-08-21T18:07:52Z,0.2.0,,,complete,73.3045,73.3045,100,,official,default,true
252192,Tarroja de Segarra,32,Segarra,2026-08-21,"Plaça de Catalunya, Barcelona",41.730448,1.274248,82.6605,101.74,openrouteservice,driving-car,2026-08-21,79.0775,90,municipality,openrouteservice_osm,,2026-08-21T18:07:52Z,0.2.0,,,complete,79.0775,79.0775,100,,official,default,true
252206,Térmens,23,Noguera,2026-08-21,"Plaça de Catalunya, Barcelona",41.717465,0.760563,114.005667,150.44,openrouteservice,driving-car,2026-08-21,62.9972,90,municipality,openrouteservice_osm,,2026-08-21T18:07:52Z,0.2.0,,,complete,62.9972,62.9972,100,,official,default,true
252213,Tírvia,26,Pallars Sobirà,2026-08-21,"Plaça de Catalunya, Barcelona",42.515091,1.242971,221.0825,244.68,openrouteservice,driving-car,2026-08-21,21.3058,90,municipality,openrouteservice_osm,,2026-08-21T18:07:52Z,0.2.0,,,complete,21.3058,21.3058,100,,official,default,true
252228,Tiurana,23,Noguera,2026-08-21,"Plaça de Catalunya, Barcelona",41.975825,1.255582,121.124333,141.17,openrouteservice,driving-car,2026-08-21,59.5315,90,municipality,openrouteservice_osm,,2026-08-21T18:07:52Z,0.2.0,,,complete,59.5315,59.5315,100,,official,default,true
252234,Torà,35,Solsonès,2026-08-21,"Plaça de Catalunya, Barcelona",41.812767,1.402777,81.220167,103.67,openrouteservice,driving-car,2026-08-21,79.8777,90,municipality,openrouteservice_osm,,2026-08-21T18:07:52Z,0.2.0,,,complete,79.8777,79.8777,100,,official,default,true
252249,els Torms,18,Garrigues,2026-08-21,"Plaça de Catalunya, Barcelona",41.394169,0.719725,126.091833,159.21,openrouteservice,driving-car,2026-08-21,57.4617,90,municipality,openrouteservice_osm,,2026-08-21T18:07:52Z,0.2.0,,,complete,57.4617,57.4617,100,,official,default,true
252252,Tornabous,38,Urgell,2026-08-21,"Plaça de Catalunya, Barcelona",41.70166,1.05308,92.775333,119.37,openrouteservice,driving-car,2026-08-21,73.6123,90,municipality,openrouteservice_osm,,2026-08-21T18:07:52Z,0.2.0,,,complete,73.6123,73.6123,100,,official,default,true
252265,Torrebesses,33,Segrià,2026-08-21,"Plaça de Catalunya, Barcelona",41.426648,0.595094,127.408333,182.85,openrouteservice,driving-car,2026-08-21,56.9132,90,municipality,openrouteservice_osm,,2026-08-21T18:07:52Z,0.2.0,,,complete,56.9132,56.9132,100,,official,default,true
252271,la Torre de Cabdella,25,Pallars Jussà,2026-08-21,"Plaça de Catalunya, Barcelona",42.421907,0.982531,210.1695,231.48,openrouteservice,driving-car,2026-08-21,24.9435,90,municipality,openrouteservice_osm,,2026-08-21T18:07:52Z,0.2.0,,,complete,24.9435,24.9435,100,,official,default,true
252287,Torrefarrera,33,Segrià,2026-08-21,"Plaça de Catalunya, Barcelona",41.673216,0.606639,112.005833,157.1,openrouteservice,driving-car,2026-08-21,63.9971,90,municipality,openrouteservice_osm,,2026-08-21T18:07:52Z,0.2.0,,,complete,63.9971,63.9971,100,,official,default,true
252304,Torregrossa,27,Pla d'Urgell,2026-08-21,"Plaça de Catalunya, Barcelona",41.581072,0.831863,108.6025,140.02,openrouteservice,driving-car,2026-08-21,65.6988,90,municipality,openrouteservice_osm,,2026-08-21T18:07:52Z,0.2.0,,,complete,65.6988,65.6988,100,,official,default,true
252311,Torrelameu,23,Noguera,2026-08-21,"Plaça de Catalunya, Barcelona",41.704691,0.702083,116.033167,159.78,openrouteservice,driving-car,2026-08-21,61.9834,90,municipality,openrouteservice_osm,,2026-08-21T18:07:52Z,0.2.0,,,complete,61.9834,61.9834,100,,official,default,true
252326,Torres de Segre,33,Segrià,2026-08-21,"Plaça de Catalunya, Barcelona",41.535264,0.513577,121.980333,183.8,openrouteservice,driving-car,2026-08-21,59.1749,90,municipality,openrouteservice_osm,,2026-08-21T18:07:52Z,0.2.0,,,complete,59.1749,59.1749,100,,official,default,true
252332,Torre-serona,33,Segrià,2026-08-21,"Plaça de Catalunya, Barcelona",41.671862,0.629325,109.601667,154.93,openrouteservice,driving-car,2026-08-21,65.1992,90,municipality,openrouteservice_osm,,2026-08-21T18:07:52Z,0.2.0,,,complete,65.1992,65.1992,100,,official,default,true
252347,Tremp,25,Pallars Jussà,2026-08-21,"Plaça de Catalunya, Barcelona",42.16741,0.895259,167.656833,195.74,openrouteservice,driving-car,2026-08-21,40.143,90,municipality,openrouteservice_osm,,2026-08-21T18:07:52Z,0.2.0,,,complete,40.143,40.143,100,,official,default,true
252385,Vallbona de les Monges,38,Urgell,2026-08-21,"Plaça de Catalunya, Barcelona",41.525016,1.088563,106.480833,135.32,openrouteservice,driving-car,2026-08-21,66.7596,90,municipality,openrouteservice_osm,,2026-08-21T18:07:52Z,0.2.0,,,complete,66.7596,66.7596,100,,official,default,true
252398,les Valls de Valira,04,Alt Urgell,2026-08-21,"Plaça de Catalunya, Barcelona",42.379017,1.456523,151.049,174.9,openrouteservice,driving-car,2026-08-21,47.0629,90,municipality,openrouteservice_osm,,2026-08-21T18:07:52Z,0.2.0,,,complete,47.0629,47.0629,100,,official,default,true
252402,Vallfogona de Balaguer,23,Noguera,2026-08-21,"Plaça de Catalunya, Barcelona",41.752469,0.813743,118.578,143.9,openrouteservice,driving-car,2026-08-21,60.711,90,municipality,openrouteservice_osm,,2026-08-21T18:07:52Z,0.2.0,,,complete,60.711,60.711,100,,official,default,true
252424,Verdú,38,Urgell,2026-08-21,"Plaça de Catalunya, Barcelona",41.610183,1.143638,97.440333,116.55,openrouteservice,driving-car,2026-08-21,71.2798,90,municipality,openrouteservice_osm,,2026-08-21T18:07:52Z,0.2.0,,,complete,71.2798,71.2798,100,,official,default,true
252430,Vielha e Mijaran,39,Val d'Aran,2026-08-21,"Plaça de Catalunya, Barcelona",42.70197,0.795651,244.73,313.03,openrouteservice,driving-car,2026-08-21,13.8175,90,municipality,openrouteservice_osm,,2026-08-21T18:07:52Z,0.2.0,,,complete,13.8175,13.8175,100,,official,default,true
252445,Vilagrassa,38,Urgell,2026-08-21,"Plaça de Catalunya, Barcelona",41.648558,1.105763,88.277667,113.49,openrouteservice,driving-car,2026-08-21,75.9569,90,municipality,openrouteservice_osm,,2026-08-21T18:07:52Z,0.2.0,,,complete,75.9569,75.9569,100,,official,default,true
252458,Vilaller,05,Alta Ribagorça,2026-08-21,"Plaça de Catalunya, Barcelona",42.476703,0.715792,214.766,282.11,openrouteservice,driving-car,2026-08-21,23.4113,90,municipality,openrouteservice_osm,,2026-08-21T18:07:52Z,0.2.0,,,complete,23.4113,23.4113,100,,official,default,true
252477,Vilamòs,39,Val d'Aran,2026-08-21,"Plaça de Catalunya, Barcelona",42.747442,0.726887,261.581833,324.79,openrouteservice,driving-car,2026-08-21,9.6045,90,municipality,openrouteservice_osm,,2026-08-21T18:07:52Z,0.2.0,,,complete,9.6045,9.6045,100,,official,default,true
252483,Vilanova de Bellpuig,27,Pla d'Urgell,2026-08-21,"Plaça de Catalunya, Barcelona",41.61476,0.960765,97.564,128.23,openrouteservice,driving-car,2026-08-21,71.218,90,municipality,openrouteservice_osm,,2026-08-21T18:07:52Z,0.2.0,,,complete,71.218,71.218,100,,official,default,true
252496,Vilanova de l'Aguda,23,Noguera,2026-08-21,"Plaça de Catalunya, Barcelona",41.911939,1.252605,100.247667,122.43,openrouteservice,driving-car,2026-08-21,69.8762,90,municipality,openrouteservice_osm,,2026-08-21T18:07:52Z,0.2.0,,,complete,69.8762,69.8762,100,,official,default,true
252509,Vilanova de Meià,23,Noguera,2026-08-21,"Plaça de Catalunya, Barcelona",41.995265,1.022675,133.754333,147.35,openrouteservice,driving-car,2026-08-21,54.269,90,municipality,openrouteservice_osm,,2026-08-21T18:07:52Z,0.2.0,,,complete,54.269,54.269,100,,official,default,true
252516,Vilanova de Segrià,33,Segrià,2026-08-21,"Plaça de Catalunya, Barcelona",41.712645,0.618835,117.877833,160.56,openrouteservice,driving-car,2026-08-21,61.0611,90,municipality,openrouteservice_osm,,2026-08-21T18:07:52Z,0.2.0,,,complete,61.0611,61.0611,100,,official,default,true
252521,Vila-sana,27,Pla d'Urgell,2026-08-21,"Plaça de Catalunya, Barcelona",41.663298,0.927562,99.637167,129.83,openrouteservice,driving-car,2026-08-21,70.1814,90,municipality,openrouteservice_osm,,2026-08-21T18:07:52Z,0.2.0,,,complete,70.1814,70.1814,100,,official,default,true
252537,el Vilosell,18,Garrigues,2026-08-21,"Plaça de Catalunya, Barcelona",41.383948,0.946624,98.135667,138.31,openrouteservice,driving-car,2026-08-21,70.9322,90,municipality,openrouteservice_osm,,2026-08-21T18:07:52Z,0.2.0,,,complete,70.9322,70.9322,100,,official,default,true
252542,Vilanova de la Barca,33,Segrià,2026-08-21,"Plaça de Catalunya, Barcelona",41.691058,0.729043,116.566333,156.28,openrouteservice,driving-car,2026-08-21,61.7168,90,municipality,openrouteservice_osm,,2026-08-21T18:07:52Z,0.2.0,,,complete,61.7168,61.7168,100,,official,default,true
252555,Vinaixa,18,Garrigues,2026-08-21,"Plaça de Catalunya, Barcelona",41.428557,0.9753,95.331833,129.68,openrouteservice,driving-car,2026-08-21,72.3341,90,municipality,openrouteservice_osm,,2026-08-21T18:07:52Z,0.2.0,,,complete,72.3341,72.3341,100,,official,default,true
259010,Vall de Cardós,26,Pallars Sobirà,2026-08-21,"Plaça de Catalunya, Barcelona",42.563505,1.224936,221.417667,247.32,openrouteservice,driving-car,2026-08-21,21.1941,90,municipality,openrouteservice_osm,,2026-08-21T18:07:52Z,0.2.0,,,complete,21.1941,21.1941,100,,official,default,true
259025,Sant Martí de Riucorb,38,Urgell,2026-08-21,"Plaça de Catalunya, Barcelona",41.559144,1.054532,101.631667,124.38,openrouteservice,driving-car,2026-08-21,69.1842,90,municipality,openrouteservice_osm,,2026-08-21T18:07:52Z,0.2.0,,,complete,69.1842,69.1842,100,,official,default,true
259031,la Guingueta d'Àneu,26,Pallars Sobirà,2026-08-21,"Plaça de Catalunya, Barcelona",42.594945,1.131331,225.774333,252.21,openrouteservice,driving-car,2026-08-21,19.7419,90,municipality,openrouteservice_osm,,2026-08-21T18:07:52Z,0.2.0,,,complete,19.7419,19.7419,100,,official,default,true
259046,Castell de Mur,25,Pallars Jussà,2026-08-21,"Plaça de Catalunya, Barcelona",42.091888,0.877257,161.184833,189.9,openrouteservice,driving-car,2026-08-21,42.8397,90,municipality,openrouteservice_osm,,2026-08-21T18:07:52Z,0.2.0,,,complete,42.8397,42.8397,100,,official,default,true
259059,Ribera d'Ondara,32,Segarra,2026-08-21,"Plaça de Catalunya, Barcelona",41.625585,1.340968,75.802,89.91,openrouteservice,driving-car,2026-08-21,82.8878,90,municipality,openrouteservice_osm,,2026-08-21T18:07:52Z,0.2.0,,,complete,82.8878,82.8878,100,,official,default,true
259062,les Valls d'Aguilar,04,Alt Urgell,2026-08-21,"Plaça de Catalunya, Barcelona",42.294211,1.341775,156.626833,165.81,openrouteservice,driving-car,2026-08-21,44.7388,90,municipality,openrouteservice_osm,,2026-08-21T18:07:52Z,0.2.0,,,complete,44.7388,44.7388,100,,official,default,true
259078,Torrefeta i Florejacs,32,Segarra,2026-08-21,"Plaça de Catalunya, Barcelona",41.754011,1.2737,86.583,105.41,openrouteservice,driving-car,2026-08-21,76.8983,90,municipality,openrouteservice_osm,,2026-08-21T18:07:52Z,0.2.0,,,complete,76.8983,76.8983,100,,official,default,true
259084,Fígols i Alinyà,04,Alt Urgell,2026-08-21,"Plaça de Catalunya, Barcelona",42.202862,1.339563,141.865167,152.66,openrouteservice,driving-car,2026-08-21,50.8895,90,municipality,openrouteservice_osm,,2026-08-21T18:07:52Z,0.2.0,,,complete,50.8895,50.8895,100,,official,default,true
259097,la Vansa i Fórnols,04,Alt Urgell,2026-08-21,"Plaça de Catalunya, Barcelona",42.233585,1.480407,151.452667,163.95,openrouteservice,driving-car,2026-08-21,46.8947,90,municipality,openrouteservice_osm,,2026-08-21T18:07:52Z,0.2.0,,,complete,46.8947,46.8947,100,,official,default,true
259101,Josa i Tuixén,04,Alt Urgell,2026-08-21,"Plaça de Catalunya, Barcelona",42.23083,1.565836,136.6695,155.97,openrouteservice,driving-car,2026-08-21,53.0544,90,municipality,openrouteservice_osm,,2026-08-21T18:07:52Z,0.2.0,,,complete,53.0544,53.0544,100,,official,default,true
259118,els Plans de Sió,32,Segarra,2026-08-21,"Plaça de Catalunya, Barcelona",41.762059,1.197178,88.189333,110.24,openrouteservice,driving-car,2026-08-21,76.0059,90,municipality,openrouteservice_osm,,2026-08-21T18:07:52Z,0.2.0,,,complete,76.0059,76.0059,100,,official,default,true
259123,Gimenells i el Pla de la Font,33,Segrià,2026-08-21,"Plaça de Catalunya, Barcelona",41.652321,0.38954,135.135,183.74,openrouteservice,driving-car,2026-08-21,53.6937,90,municipality,openrouteservice_osm,,2026-08-21T18:07:52Z,0.2.0,,,complete,53.6937,53.6937,100,,official,default,true
259139,Riu de Cerdanya,15,Cerdanya,2026-08-21,"Plaça de Catalunya, Barcelona",42.345221,1.826031,106.7445,135.61,openrouteservice,driving-car,2026-08-21,66.6277,90,municipality,openrouteservice_osm,,2026-08-21T18:07:52Z,0.2.0,,,complete,66.6277,66.6277,100,,official,default,true
430017,Aiguamúrcia,01,Alt Camp,2026-08-21,"Plaça de Catalunya, Barcelona",41.346471,1.363265,78.262833,98.31,openrouteservice,driving-car,2026-08-21,81.5206,90,municipality,openrouteservice_osm,,2026-08-21T18:07:52Z,0.2.0,,,complete,81.5206,81.5206,100,,official,default,true
430022,Albinyana,12,Baix Penedès,2026-08-21,"Plaça de Catalunya, Barcelona",41.245745,1.486364,70.0975,76.96,openrouteservice,driving-car,2026-08-21,86.0569,90,municipality,openrouteservice_osm,,2026-08-21T18:07:52Z,0.2.0,,,complete,86.0569,86.0569,100,,official,default,true
430038,l'Albiol,08,Baix Camp,2026-08-21,"Plaça de Catalunya, Barcelona",41.252051,1.089127,101.749,124.49,openrouteservice,driving-car,2026-08-21,69.1255,90,municipality,openrouteservice_osm,,2026-08-21T18:07:52Z,0.2.0,,,complete,69.1255,69.1255,100,,official,default,true
430043,Alcanar,22,Montsià,2026-08-21,"Plaça de Catalunya, Barcelona",40.543244,0.480771,141.878,201.29,openrouteservice,driving-car,2026-08-21,50.8842,90,municipality,openrouteservice_osm,,2026-08-21T18:07:52Z,0.2.0,,,complete,50.8842,50.8842,100,,official,default,true
430056,Alcover,01,Alt Camp,2026-08-21,"Plaça de Catalunya, Barcelona",41.262911,1.168858,89.409667,118.28,openrouteservice,driving-car,2026-08-21,75.328,90,municipality,openrouteservice_osm,,2026-08-21T18:07:52Z,0.2.0,,,complete,75.328,75.328,100,,official,default,true
430069,Aldover,09,Baix Ebre,2026-08-21,"Plaça de Catalunya, Barcelona",40.8799,0.500058,140.118833,186.22,openrouteservice,driving-car,2026-08-21,51.6172,90,municipality,openrouteservice_osm,,2026-08-21T18:07:52Z,0.2.0,,,complete,51.6172,51.6172,100,,official,default,true
430075,l'Aleixar,08,Baix Camp,2026-08-21,"Plaça de Catalunya, Barcelona",41.201632,1.046193,92.317667,115.44,openrouteservice,driving-car,2026-08-21,73.8412,90,municipality,openrouteservice_osm,,2026-08-21T18:07:52Z,0.2.0,,,complete,73.8412,73.8412,100,,official,default,true
430081,Alfara de Carles,09,Baix Ebre,2026-08-21,"Plaça de Catalunya, Barcelona",40.873345,0.400565,153.0275,195.88,openrouteservice,driving-car,2026-08-21,46.2385,90,municipality,openrouteservice_osm,,2026-08-21T18:07:52Z,0.2.0,,,complete,46.2385,46.2385,100,,official,default,true
430094,Alforja,08,Baix Camp,2026-08-21,"Plaça de Catalunya, Barcelona",41.210359,0.975413,98.870167,120.31,openrouteservice,driving-car,2026-08-21,70.5649,90,municipality,openrouteservice_osm,,2026-08-21T18:07:52Z,0.2.0,,,complete,70.5649,70.5649,100,,official,default,true
430108,Alió,01,Alt Camp,2026-08-21,"Plaça de Catalunya, Barcelona",41.294664,1.306341,71.050667,93.21,openrouteservice,driving-car,2026-08-21,85.5274,90,municipality,openrouteservice_osm,,2026-08-21T18:07:52Z,0.2.0,,,complete,85.5274,85.5274,100,,official,default,true
430115,Almoster,08,Baix Camp,2026-08-21,"Plaça de Catalunya, Barcelona",41.197744,1.113598,89.989167,113.81,openrouteservice,driving-car,2026-08-21,75.006,90,municipality,openrouteservice_osm,,2026-08-21T18:07:52Z,0.2.0,,,complete,75.006,75.006,100,,official,default,true
430120,Altafulla,36,Tarragonès,2026-08-21,"Plaça de Catalunya, Barcelona",41.14275,1.37605,73.786,82.78,openrouteservice,driving-car,2026-08-21,84.0078,90,municipality,openrouteservice_osm,,2026-08-21T18:07:52Z,0.2.0,,,complete,84.0078,84.0078,100,,official,default,true
430136,l'Ametlla de Mar,09,Baix Ebre,2026-08-21,"Plaça de Catalunya, Barcelona",40.883958,0.803166,104.489333,144.97,openrouteservice,driving-car,2026-08-21,67.7553,90,municipality,openrouteservice_osm,,2026-08-21T18:07:52Z,0.2.0,,,complete,67.7553,67.7553,100,,official,default,true
430141,Amposta,22,Montsià,2026-08-21,"Plaça de Catalunya, Barcelona",40.713302,0.581082,123.835,171.99,openrouteservice,driving-car,2026-08-21,58.4021,90,municipality,openrouteservice_osm,,2026-08-21T18:07:52Z,0.2.0,,,complete,58.4021,58.4021,100,,official,default,true
430154,Arbolí,08,Baix Camp,2026-08-21,"Plaça de Catalunya, Barcelona",41.242347,0.948725,110.733167,130.01,openrouteservice,driving-car,2026-08-21,64.6334,90,municipality,openrouteservice_osm,,2026-08-21T18:07:52Z,0.2.0,,,complete,64.6334,64.6334,100,,official,default,true
430167,l'Arboç,12,Baix Penedès,2026-08-21,"Plaça de Catalunya, Barcelona",41.267638,1.603522,59.949833,67.41,openrouteservice,driving-car,2026-08-21,91.6945,90,municipality,openrouteservice_osm,,2026-08-21T18:07:52Z,0.2.0,,,complete,91.6945,91.6945,100,,official,default,true
430173,l'Argentera,08,Baix Camp,2026-08-21,"Plaça de Catalunya, Barcelona",41.137501,0.909283,108.8725,129.7,openrouteservice,driving-car,2026-08-21,65.5637,90,municipality,openrouteservice_osm,,2026-08-21T18:07:52Z,0.2.0,,,complete,65.5637,65.5637,100,,official,default,true
430189,Arnes,37,Terra Alta,2026-08-21,"Plaça de Catalunya, Barcelona",40.910005,0.260883,183.071,220.37,openrouteservice,driving-car,2026-08-21,33.9763,90,municipality,openrouteservice_osm,,2026-08-21T18:07:52Z,0.2.0,,,complete,33.9763,33.9763,100,,official,default,true
430192,Ascó,30,Ribera d'Ebre,2026-08-21,"Plaça de Catalunya, Barcelona",41.180631,0.567443,149.949167,161.49,openrouteservice,driving-car,2026-08-21,47.5212,90,municipality,openrouteservice_osm,,2026-08-21T18:07:52Z,0.2.0,,,complete,47.5212,47.5212,100,,official,default,true
430206,Banyeres del Penedès,12,Baix Penedès,2026-08-21,"Plaça de Catalunya, Barcelona",41.279507,1.580949,62.943,69.59,openrouteservice,driving-car,2026-08-21,90.0317,90,municipality,openrouteservice_osm,,2026-08-21T18:07:52Z,0.2.0,,,complete,90.0317,90.0317,100,,official,default,true
430213,Barberà de la Conca,16,Conca de Barberà,2026-08-21,"Plaça de Catalunya, Barcelona",41.410916,1.228324,86.702,109.35,openrouteservice,driving-car,2026-08-21,76.8322,90,municipality,openrouteservice_osm,,2026-08-21T18:07:52Z,0.2.0,,,complete,76.8322,76.8322,100,,official,default,true
430228,Batea,37,Terra Alta,2026-08-21,"Plaça de Catalunya, Barcelona",41.094462,0.311414,168.943333,191.71,openrouteservice,driving-car,2026-08-21,39.6069,90,municipality,openrouteservice_osm,,2026-08-21T18:07:52Z,0.2.0,,,complete,39.6069,39.6069,100,,official,default,true
430234,Bellmunt del Priorat,29,Priorat,2026-08-21,"Plaça de Catalunya, Barcelona",41.165253,0.766749,120.851,139.51,openrouteservice,driving-car,2026-08-21,59.6454,90,municipality,openrouteservice_osm,,2026-08-21T18:07:52Z,0.2.0,,,complete,59.6454,59.6454,100,,official,default,true
430249,Bellvei,12,Baix Penedès,2026-08-21,"Plaça de Catalunya, Barcelona",41.241297,1.576592,61.068167,65.57,openrouteservice,driving-car,2026-08-21,91.0732,90,municipality,openrouteservice_osm,,2026-08-21T18:07:52Z,0.2.0,,,complete,91.0732,91.0732,100,,official,default,true
430252,Benifallet,09,Baix Ebre,2026-08-21,"Plaça de Catalunya, Barcelona",40.973903,0.517808,148.562667,181.78,openrouteservice,driving-car,2026-08-21,48.0989,90,municipality,openrouteservice_osm,,2026-08-21T18:07:52Z,0.2.0,,,complete,48.0989,48.0989,100,,official,default,true
430265,Benissanet,30,Ribera d'Ebre,2026-08-21,"Plaça de Catalunya, Barcelona",41.056706,0.634595,134.976167,160.8,openrouteservice,driving-car,2026-08-21,53.7599,90,municipality,openrouteservice_osm,,2026-08-21T18:07:52Z,0.2.0,,,complete,53.7599,53.7599,100,,official,default,true
430271,la Bisbal de Montsant,29,Priorat,2026-08-21,"Plaça de Catalunya, Barcelona",41.28027,0.723362,142.0345,171.87,openrouteservice,driving-car,2026-08-21,50.819,90,municipality,openrouteservice_osm,,2026-08-21T18:07:52Z,0.2.0,,,complete,50.819,50.819,100,,official,default,true
430287,la Bisbal del Penedès,12,Baix Penedès,2026-08-21,"Plaça de Catalunya, Barcelona",41.280897,1.487856,62.324667,77.65,openrouteservice,driving-car,2026-08-21,90.3752,90,municipality,openrouteservice_osm,,2026-08-21T18:07:52Z,0.2.0,,,complete,90.3752,90.3752,100,,official,default,true
430290,Blancafort,16,Conca de Barberà,2026-08-21,"Plaça de Catalunya, Barcelona",41.437858,1.159257,90.6345,119.66,openrouteservice,driving-car,2026-08-21,74.6827,90,municipality,openrouteservice_osm,,2026-08-21T18:07:52Z,0.2.0,,,complete,74.6827,74.6827,100,,official,default,true
430304,Bonastre,12,Baix Penedès,2026-08-21,"Plaça de Catalunya, Barcelona",41.22081,1.439896,73.860167,79.15,openrouteservice,driving-car,2026-08-21,83.9666,90,municipality,openrouteservice_osm,,2026-08-21T18:07:52Z,0.2.0,,,complete,83.9666,83.9666,100,,official,default,true
430311,les Borges del Camp,08,Baix Camp,2026-08-21,"Plaça de Catalunya, Barcelona",41.172018,1.019367,90.240167,114.31,openrouteservice,driving-car,2026-08-21,74.8799,90,municipality,openrouteservice_osm,,2026-08-21T18:07:52Z,0.2.0,,,complete,74.8799,74.8799,100,,official,default,true
430326,Bot,37,Terra Alta,2026-08-21,"Plaça de Catalunya, Barcelona",41.009157,0.384818,164.684167,187.02,openrouteservice,driving-car,2026-08-21,41.3816,90,municipality,openrouteservice_osm,,2026-08-21T18:07:52Z,0.2.0,,,complete,41.3816,41.3816,100,,official,default,true
430332,Botarell,08,Baix Camp,2026-08-21,"Plaça de Catalunya, Barcelona",41.136052,0.989015,95.117167,120.41,openrouteservice,driving-car,2026-08-21,72.4414,90,municipality,openrouteservice_osm,,2026-08-21T18:07:52Z,0.2.0,,,complete,72.4414,72.4414,100,,official,default,true
430347,Bràfim,01,Alt Camp,2026-08-21,"Plaça de Catalunya, Barcelona",41.268749,1.34129,77.262167,94.09,openrouteservice,driving-car,2026-08-21,82.0766,90,municipality,openrouteservice_osm,,2026-08-21T18:07:52Z,0.2.0,,,complete,82.0766,82.0766,100,,official,default,true
430350,Cabacés,29,Priorat,2026-08-21,"Plaça de Catalunya, Barcelona",41.247445,0.733649,139.702,154.6,openrouteservice,driving-car,2026-08-21,51.7908,90,municipality,openrouteservice_osm,,2026-08-21T18:07:52Z,0.2.0,,,complete,51.7908,51.7908,100,,official,default,true
430363,Cabra del Camp,01,Alt Camp,2026-08-21,"Plaça de Catalunya, Barcelona",41.395294,1.276943,80.136833,104.2,openrouteservice,driving-car,2026-08-21,80.4795,90,municipality,openrouteservice_osm,,2026-08-21T18:07:52Z,0.2.0,,,complete,80.4795,80.4795,100,,official,default,true
430379,Calafell,12,Baix Penedès,2026-08-21,"Plaça de Catalunya, Barcelona",41.201159,1.568642,58.54,62.77,openrouteservice,driving-car,2026-08-21,92.4778,90,municipality,openrouteservice_osm,,2026-08-21T18:07:52Z,0.2.0,,,complete,92.4778,92.4778,100,,official,default,true
430385,Cambrils,08,Baix Camp,2026-08-21,"Plaça de Catalunya, Barcelona",41.074327,1.051688,88.611,114.46,openrouteservice,driving-car,2026-08-21,75.7717,90,municipality,openrouteservice_osm,,2026-08-21T18:07:52Z,0.2.0,,,complete,75.7717,75.7717,100,,official,default,true
430398,Capafonts,08,Baix Camp,2026-08-21,"Plaça de Catalunya, Barcelona",41.294972,1.027527,117.749667,139.96,openrouteservice,driving-car,2026-08-21,61.1252,90,municipality,openrouteservice_osm,,2026-08-21T18:07:52Z,0.2.0,,,complete,61.1252,61.1252,100,,official,default,true
430402,Capçanes,29,Priorat,2026-08-21,"Plaça de Catalunya, Barcelona",41.09986,0.781537,120.925167,140.87,openrouteservice,driving-car,2026-08-21,59.6145,90,municipality,openrouteservice_osm,,2026-08-21T18:07:52Z,0.2.0,,,complete,59.6145,59.6145,100,,official,default,true
430419,Caseres,37,Terra Alta,2026-08-21,"Plaça de Catalunya, Barcelona",41.038539,0.250766,173.2285,195.47,openrouteservice,driving-car,2026-08-21,37.8215,90,municipality,openrouteservice_osm,,2026-08-21T18:07:52Z,0.2.0,,,complete,37.8215,37.8215,100,,official,default,true
430424,Castellvell del Camp,08,Baix Camp,2026-08-21,"Plaça de Catalunya, Barcelona",41.181177,1.096269,92.793667,116,openrouteservice,driving-car,2026-08-21,73.6032,90,municipality,openrouteservice_osm,,2026-08-21T18:07:52Z,0.2.0,,,complete,73.6032,73.6032,100,,official,default,true
430430,el Catllar,36,Tarragonès,2026-08-21,"Plaça de Catalunya, Barcelona",41.175381,1.326251,74.382833,85.65,openrouteservice,driving-car,2026-08-21,83.6762,90,municipality,openrouteservice_osm,,2026-08-21T18:07:52Z,0.2.0,,,complete,83.6762,83.6762,100,,official,default,true
430445,la Sénia,22,Montsià,2026-08-21,"Plaça de Catalunya, Barcelona",40.633081,0.286093,154.758667,211.54,openrouteservice,driving-car,2026-08-21,45.5172,90,municipality,openrouteservice_osm,,2026-08-21T18:07:52Z,0.2.0,,,complete,45.5172,45.5172,100,,official,default,true
430458,Colldejou,08,Baix Camp,2026-08-21,"Plaça de Catalunya, Barcelona",41.099504,0.887521,106.807333,131.63,openrouteservice,driving-car,2026-08-21,66.5963,90,municipality,openrouteservice_osm,,2026-08-21T18:07:52Z,0.2.0,,,complete,66.5963,66.5963,100,,official,default,true
430461,Conesa,16,Conca de Barberà,2026-08-21,"Plaça de Catalunya, Barcelona",41.518583,1.291207,90.940167,104.69,openrouteservice,driving-car,2026-08-21,74.5299,90,municipality,openrouteservice_osm,,2026-08-21T18:07:52Z,0.2.0,,,complete,74.5299,74.5299,100,,official,default,true
430477,Constantí,36,Tarragonès,2026-08-21,"Plaça de Catalunya, Barcelona",41.153854,1.212592,79.536833,97.16,openrouteservice,driving-car,2026-08-21,80.8129,90,municipality,openrouteservice_osm,,2026-08-21T18:07:52Z,0.2.0,,,complete,80.8129,80.8129,100,,official,default,true
430483,Corbera d'Ebre,37,Terra Alta,2026-08-21,"Plaça de Catalunya, Barcelona",41.07766,0.477948,148.099,173.04,openrouteservice,driving-car,2026-08-21,48.2921,90,municipality,openrouteservice_osm,,2026-08-21T18:07:52Z,0.2.0,,,complete,48.2921,48.2921,100,,official,default,true
430496,Cornudella de Montsant,29,Priorat,2026-08-21,"Plaça de Catalunya, Barcelona",41.265646,0.905807,115.919667,134.51,openrouteservice,driving-car,2026-08-21,62.0402,90,municipality,openrouteservice_osm,,2026-08-21T18:07:52Z,0.2.0,,,complete,62.0402,62.0402,100,,official,default,true
430509,Creixell,36,Tarragonès,2026-08-21,"Plaça de Catalunya, Barcelona",41.167743,1.440693,70.474167,74.47,openrouteservice,driving-car,2026-08-21,85.8477,90,municipality,openrouteservice_osm,,2026-08-21T18:07:52Z,0.2.0,,,complete,85.8477,85.8477,100,,official,default,true
430516,Cunit,12,Baix Penedès,2026-08-21,"Plaça de Catalunya, Barcelona",41.198446,1.634466,55.556333,56.84,openrouteservice,driving-car,2026-08-21,94.1354,90,municipality,openrouteservice_osm,,2026-08-21T18:07:52Z,0.2.0,,,complete,94.1354,94.1354,100,,official,default,true
430521,Xerta,09,Baix Ebre,2026-08-21,"Plaça de Catalunya, Barcelona",40.906435,0.490609,146.245833,189.78,openrouteservice,driving-car,2026-08-21,49.0642,90,municipality,openrouteservice_osm,,2026-08-21T18:07:52Z,0.2.0,,,complete,49.0642,49.0642,100,,official,default,true
430537,Duesaigües,08,Baix Camp,2026-08-21,"Plaça de Catalunya, Barcelona",41.146113,0.9308,105.191167,127.24,openrouteservice,driving-car,2026-08-21,67.4044,90,municipality,openrouteservice_osm,,2026-08-21T18:07:52Z,0.2.0,,,complete,67.4044,67.4044,100,,official,default,true
430542,l'Espluga de Francolí,16,Conca de Barberà,2026-08-21,"Plaça de Catalunya, Barcelona",41.396639,1.104443,87.924833,117.91,openrouteservice,driving-car,2026-08-21,76.1529,90,municipality,openrouteservice_osm,,2026-08-21T18:07:52Z,0.2.0,,,complete,76.1529,76.1529,100,,official,default,true
430555,Falset,29,Priorat,2026-08-21,"Plaça de Catalunya, Barcelona",41.14598,0.820118,113.853667,133.61,openrouteservice,driving-car,2026-08-21,63.0732,90,municipality,openrouteservice_osm,,2026-08-21T18:07:52Z,0.2.0,,,complete,63.0732,63.0732,100,,official,default,true
430568,la Fatarella,37,Terra Alta,2026-08-21,"Plaça de Catalunya, Barcelona",41.162369,0.47325,153.545667,176.13,openrouteservice,driving-car,2026-08-21,46.0226,90,municipality,openrouteservice_osm,,2026-08-21T18:07:52Z,0.2.0,,,complete,46.0226,46.0226,100,,official,default,true
430574,la Febró,08,Baix Camp,2026-08-21,"Plaça de Catalunya, Barcelona",41.277288,1.003976,123.548167,150.92,openrouteservice,driving-car,2026-08-21,58.5216,90,municipality,openrouteservice_osm,,2026-08-21T18:07:52Z,0.2.0,,,complete,58.5216,58.5216,100,,official,default,true
430580,la Figuera,29,Priorat,2026-08-21,"Plaça de Catalunya, Barcelona",41.216173,0.731469,138.797,155.54,openrouteservice,driving-car,2026-08-21,52.1679,90,municipality,openrouteservice_osm,,2026-08-21T18:07:52Z,0.2.0,,,complete,52.1679,52.1679,100,,official,default,true
430593,Figuerola del Camp,01,Alt Camp,2026-08-21,"Plaça de Catalunya, Barcelona",41.371441,1.264965,79.477333,103.25,openrouteservice,driving-car,2026-08-21,80.8459,90,municipality,openrouteservice_osm,,2026-08-21T18:07:52Z,0.2.0,,,complete,80.8459,80.8459,100,,official,default,true
430607,Flix,30,Ribera d'Ebre,2026-08-21,"Plaça de Catalunya, Barcelona",41.231902,0.55017,156.865167,166.73,openrouteservice,driving-car,2026-08-21,44.6395,90,municipality,openrouteservice_osm,,2026-08-21T18:07:52Z,0.2.0,,,complete,44.6395,44.6395,100,,official,default,true
430614,Forès,16,Conca de Barberà,2026-08-21,"Plaça de Catalunya, Barcelona",41.494461,1.238109,101.992167,120.78,openrouteservice,driving-car,2026-08-21,69.0039,90,municipality,openrouteservice_osm,,2026-08-21T18:07:52Z,0.2.0,,,complete,69.0039,69.0039,100,,official,default,true
430629,Freginals,22,Montsià,2026-08-21,"Plaça de Catalunya, Barcelona",40.671727,0.520036,135.463167,181.98,openrouteservice,driving-car,2026-08-21,53.557,90,municipality,openrouteservice_osm,,2026-08-21T18:07:52Z,0.2.0,,,complete,53.557,53.557,100,,official,default,true
430635,la Galera,22,Montsià,2026-08-21,"Plaça de Catalunya, Barcelona",40.681639,0.463374,145.484667,188.29,openrouteservice,driving-car,2026-08-21,49.3814,90,municipality,openrouteservice_osm,,2026-08-21T18:07:52Z,0.2.0,,,complete,49.3814,49.3814,100,,official,default,true
430640,Gandesa,37,Terra Alta,2026-08-21,"Plaça de Catalunya, Barcelona",41.052136,0.439214,154.2355,177.95,openrouteservice,driving-car,2026-08-21,45.7352,90,municipality,openrouteservice_osm,,2026-08-21T18:07:52Z,0.2.0,,,complete,45.7352,45.7352,100,,official,default,true
430653,Garcia,30,Ribera d'Ebre,2026-08-21,"Plaça de Catalunya, Barcelona",41.136986,0.650125,133.547333,150.86,openrouteservice,driving-car,2026-08-21,54.3553,90,municipality,openrouteservice_osm,,2026-08-21T18:07:52Z,0.2.0,,,complete,54.3553,54.3553,100,,official,default,true
430666,els Garidells,01,Alt Camp,2026-08-21,"Plaça de Catalunya, Barcelona",41.207366,1.246729,84.523333,102.78,openrouteservice,driving-car,2026-08-21,78.0426,90,municipality,openrouteservice_osm,,2026-08-21T18:07:52Z,0.2.0,,,complete,78.0426,78.0426,100,,official,default,true
430672,Ginestar,30,Ribera d'Ebre,2026-08-21,"Plaça de Catalunya, Barcelona",41.041843,0.634356,129.840333,157.12,openrouteservice,driving-car,2026-08-21,55.8999,90,municipality,openrouteservice_osm,,2026-08-21T18:07:52Z,0.2.0,,,complete,55.8999,55.8999,100,,official,default,true
430688,Godall,22,Montsià,2026-08-21,"Plaça de Catalunya, Barcelona",40.65507,0.469734,150.2425,191.24,openrouteservice,driving-car,2026-08-21,47.399,90,municipality,openrouteservice_osm,,2026-08-21T18:07:52Z,0.2.0,,,complete,47.399,47.399,100,,official,default,true
430691,Gratallops,29,Priorat,2026-08-21,"Plaça de Catalunya, Barcelona",41.193333,0.776798,124.611667,143.04,openrouteservice,driving-car,2026-08-21,58.0785,90,municipality,openrouteservice_osm,,2026-08-21T18:07:52Z,0.2.0,,,complete,58.0785,58.0785,100,,official,default,true
430705,els Guiamets,29,Priorat,2026-08-21,"Plaça de Catalunya, Barcelona",41.101987,0.752004,121.748167,141.57,openrouteservice,driving-car,2026-08-21,59.2716,90,municipality,openrouteservice_osm,,2026-08-21T18:07:52Z,0.2.0,,,complete,59.2716,59.2716,100,,official,default,true
430712,Horta de Sant Joan,37,Terra Alta,2026-08-21,"Plaça de Catalunya, Barcelona",40.953905,0.3168,179.6225,216.46,openrouteservice,driving-car,2026-08-21,35.1573,90,municipality,openrouteservice_osm,,2026-08-21T18:07:52Z,0.2.0,,,complete,35.1573,35.1573,100,,official,default,true
430727,el Lloar,29,Priorat,2026-08-21,"Plaça de Catalunya, Barcelona",41.185932,0.75091,129.560667,146.91,openrouteservice,driving-car,2026-08-21,56.0164,90,municipality,openrouteservice_osm,,2026-08-21T18:07:52Z,0.2.0,,,complete,56.0164,56.0164,100,,official,default,true
430733,Llorac,16,Conca de Barberà,2026-08-21,"Plaça de Catalunya, Barcelona",41.556561,1.307519,87.697167,102.25,openrouteservice,driving-car,2026-08-21,76.2794,90,municipality,openrouteservice_osm,,2026-08-21T18:07:52Z,0.2.0,,,complete,76.2794,76.2794,100,,official,default,true
430748,Llorenç del Penedès,12,Baix Penedès,2026-08-21,"Plaça de Catalunya, Barcelona",41.282918,1.553135,64.785167,72.3,openrouteservice,driving-car,2026-08-21,89.0082,90,municipality,openrouteservice_osm,,2026-08-21T18:07:52Z,0.2.0,,,complete,89.0082,89.0082,100,,official,default,true
430751,Margalef,29,Priorat,2026-08-21,"Plaça de Catalunya, Barcelona",41.284419,0.753992,136.767,167.86,openrouteservice,driving-car,2026-08-21,53.0138,90,municipality,openrouteservice_osm,,2026-08-21T18:07:52Z,0.2.0,,,complete,53.0138,53.0138,100,,official,default,true
430764,Marçà,29,Priorat,2026-08-21,"Plaça de Catalunya, Barcelona",41.126096,0.800249,116.223,136.11,openrouteservice,driving-car,2026-08-21,61.8885,90,municipality,openrouteservice_osm,,2026-08-21T18:07:52Z,0.2.0,,,complete,61.8885,61.8885,100,,official,default,true
430770,Mas de Barberans,22,Montsià,2026-08-21,"Plaça de Catalunya, Barcelona",40.734689,0.373914,148.759,192.82,openrouteservice,driving-car,2026-08-21,48.0171,90,municipality,openrouteservice_osm,,2026-08-21T18:07:52Z,0.2.0,,,complete,48.0171,48.0171,100,,official,default,true
430786,Masdenverge,22,Montsià,2026-08-21,"Plaça de Catalunya, Barcelona",40.715805,0.531035,133.950333,179.9,openrouteservice,driving-car,2026-08-21,54.1874,90,municipality,openrouteservice_osm,,2026-08-21T18:07:52Z,0.2.0,,,complete,54.1874,54.1874,100,,official,default,true
430799,Masllorenç,12,Baix Penedès,2026-08-21,"Plaça de Catalunya, Barcelona",41.269276,1.414428,71.152167,85.83,openrouteservice,driving-car,2026-08-21,85.471,90,municipality,openrouteservice_osm,,2026-08-21T18:07:52Z,0.2.0,,,complete,85.471,85.471,100,,official,default,true
430803,la Masó,01,Alt Camp,2026-08-21,"Plaça de Catalunya, Barcelona",41.234886,1.222803,83.622833,107.26,openrouteservice,driving-car,2026-08-21,78.5429,90,municipality,openrouteservice_osm,,2026-08-21T18:07:52Z,0.2.0,,,complete,78.5429,78.5429,100,,official,default,true
430810,Maspujols,08,Baix Camp,2026-08-21,"Plaça de Catalunya, Barcelona",41.181793,1.045809,88.691167,113.08,openrouteservice,driving-car,2026-08-21,75.7271,90,municipality,openrouteservice_osm,,2026-08-21T18:07:52Z,0.2.0,,,complete,75.7271,75.7271,100,,official,default,true
430825,el Masroig,29,Priorat,2026-08-21,"Plaça de Catalunya, Barcelona",41.126544,0.731473,121.238,141.62,openrouteservice,driving-car,2026-08-21,59.4842,90,municipality,openrouteservice_osm,,2026-08-21T18:07:52Z,0.2.0,,,complete,59.4842,59.4842,100,,official,default,true
430831,el Milà,01,Alt Camp,2026-08-21,"Plaça de Catalunya, Barcelona",41.247907,1.20663,85.495,107.85,openrouteservice,driving-car,2026-08-21,77.5028,90,municipality,openrouteservice_osm,,2026-08-21T18:07:52Z,0.2.0,,,complete,77.5028,77.5028,100,,official,default,true
430846,Miravet,30,Ribera d'Ebre,2026-08-21,"Plaça de Catalunya, Barcelona",41.03792,0.597571,136.9785,161.31,openrouteservice,driving-car,2026-08-21,52.9256,90,municipality,openrouteservice_osm,,2026-08-21T18:07:52Z,0.2.0,,,complete,52.9256,52.9256,100,,official,default,true
430859,el Molar,29,Priorat,2026-08-21,"Plaça de Catalunya, Barcelona",41.16493,0.705852,129.594833,148.02,openrouteservice,driving-car,2026-08-21,56.0022,90,municipality,openrouteservice_osm,,2026-08-21T18:07:52Z,0.2.0,,,complete,56.0022,56.0022,100,,official,default,true
430862,Montblanc,16,Conca de Barberà,2026-08-21,"Plaça de Catalunya, Barcelona",41.376562,1.161499,84.691667,113.95,openrouteservice,driving-car,2026-08-21,77.9491,90,municipality,openrouteservice_osm,,2026-08-21T18:07:52Z,0.2.0,,,complete,77.9491,77.9491,100,,official,default,true
430884,Montbrió del Camp,08,Baix Camp,2026-08-21,"Plaça de Catalunya, Barcelona",41.120724,1.003519,91.8695,118.22,openrouteservice,driving-car,2026-08-21,74.0652,90,municipality,openrouteservice_osm,,2026-08-21T18:07:52Z,0.2.0,,,complete,74.0652,74.0652,100,,official,default,true
430897,Montferri,01,Alt Camp,2026-08-21,"Plaça de Catalunya, Barcelona",41.265659,1.36578,74.1635,94.79,openrouteservice,driving-car,2026-08-21,83.7981,90,municipality,openrouteservice_osm,,2026-08-21T18:07:52Z,0.2.0,,,complete,83.7981,83.7981,100,,official,default,true
430901,el Montmell,12,Baix Penedès,2026-08-21,"Plaça de Catalunya, Barcelona",41.314821,1.452485,68.5525,83.1,openrouteservice,driving-car,2026-08-21,86.9153,90,municipality,openrouteservice_osm,,2026-08-21T18:07:52Z,0.2.0,,,complete,86.9153,86.9153,100,,official,default,true
430918,Mont-ral,01,Alt Camp,2026-08-21,"Plaça de Catalunya, Barcelona",41.286833,1.096937,105.319833,130.65,openrouteservice,driving-car,2026-08-21,67.3401,90,municipality,openrouteservice_osm,,2026-08-21T18:07:52Z,0.2.0,,,complete,67.3401,67.3401,100,,official,default,true
430923,Mont-roig del Camp,08,Baix Camp,2026-08-21,"Plaça de Catalunya, Barcelona",41.088251,0.95777,97.509167,123.56,openrouteservice,driving-car,2026-08-21,71.2454,90,municipality,openrouteservice_osm,,2026-08-21T18:07:52Z,0.2.0,,,complete,71.2454,71.2454,100,,official,default,true
430939,Móra d'Ebre,30,Ribera d'Ebre,2026-08-21,"Plaça de Catalunya, Barcelona",41.092511,0.641124,131.194167,156.43,openrouteservice,driving-car,2026-08-21,55.3358,90,municipality,openrouteservice_osm,,2026-08-21T18:07:52Z,0.2.0,,,complete,55.3358,55.3358,100,,official,default,true
430944,Móra la Nova,30,Ribera d'Ebre,2026-08-21,"Plaça de Catalunya, Barcelona",41.099944,0.650853,129.7,149.29,openrouteservice,driving-car,2026-08-21,55.9583,90,municipality,openrouteservice_osm,,2026-08-21T18:07:52Z,0.2.0,,,complete,55.9583,55.9583,100,,official,default,true
430957,el Morell,36,Tarragonès,2026-08-21,"Plaça de Catalunya, Barcelona",41.192192,1.208876,80.791333,101.39,openrouteservice,driving-car,2026-08-21,80.1159,90,municipality,openrouteservice_osm,,2026-08-21T18:07:52Z,0.2.0,,,complete,80.1159,80.1159,100,,official,default,true
430960,la Morera de Montsant,29,Priorat,2026-08-21,"Plaça de Catalunya, Barcelona",41.264958,0.841819,126.183333,142.45,openrouteservice,driving-car,2026-08-21,57.4236,90,municipality,openrouteservice_osm,,2026-08-21T18:07:52Z,0.2.0,,,complete,57.4236,57.4236,100,,official,default,true
430976,la Nou de Gaià,36,Tarragonès,2026-08-21,"Plaça de Catalunya, Barcelona",41.182986,1.37376,71.493,83.64,openrouteservice,driving-car,2026-08-21,85.2817,90,municipality,openrouteservice_osm,,2026-08-21T18:07:52Z,0.2.0,,,complete,85.2817,85.2817,100,,official,default,true
430982,Nulles,01,Alt Camp,2026-08-21,"Plaça de Catalunya, Barcelona",41.249312,1.2952,82.908833,101.89,openrouteservice,driving-car,2026-08-21,78.9395,90,municipality,openrouteservice_osm,,2026-08-21T18:07:52Z,0.2.0,,,complete,78.9395,78.9395,100,,official,default,true
430995,la Palma d'Ebre,30,Ribera d'Ebre,2026-08-21,"Plaça de Catalunya, Barcelona",41.282872,0.666168,152.042167,175.06,openrouteservice,driving-car,2026-08-21,46.6491,90,municipality,openrouteservice_osm,,2026-08-21T18:07:52Z,0.2.0,,,complete,46.6491,46.6491,100,,official,default,true
431009,els Pallaresos,36,Tarragonès,2026-08-21,"Plaça de Catalunya, Barcelona",41.17517,1.269528,83.223167,100.51,openrouteservice,driving-car,2026-08-21,78.7649,90,municipality,openrouteservice_osm,,2026-08-21T18:07:52Z,0.2.0,,,complete,78.7649,78.7649,100,,official,default,true
431016,Passanant i Belltall,16,Conca de Barberà,2026-08-21,"Plaça de Catalunya, Barcelona",41.531716,1.196982,106.176333,125.64,openrouteservice,driving-car,2026-08-21,66.9118,90,municipality,openrouteservice_osm,,2026-08-21T18:07:52Z,0.2.0,,,complete,66.9118,66.9118,100,,official,default,true
431021,Paüls,09,Baix Ebre,2026-08-21,"Plaça de Catalunya, Barcelona",40.92244,0.400362,159.232167,199.65,openrouteservice,driving-car,2026-08-21,43.6533,90,municipality,openrouteservice_osm,,2026-08-21T18:07:52Z,0.2.0,,,complete,43.6533,43.6533,100,,official,default,true
431037,Perafort,36,Tarragonès,2026-08-21,"Plaça de Catalunya, Barcelona",41.191073,1.25532,83.928,102.08,openrouteservice,driving-car,2026-08-21,78.3733,90,municipality,openrouteservice_osm,,2026-08-21T18:07:52Z,0.2.0,,,complete,78.3733,78.3733,100,,official,default,true
431042,el Perelló,09,Baix Ebre,2026-08-21,"Plaça de Catalunya, Barcelona",40.87548,0.712376,115.616,153.59,openrouteservice,driving-car,2026-08-21,62.192,90,municipality,openrouteservice_osm,,2026-08-21T18:07:52Z,0.2.0,,,complete,62.192,62.192,100,,official,default,true
431055,les Piles de Gaià,16,Conca de Barberà,2026-08-21,"Plaça de Catalunya, Barcelona",41.503865,1.34195,84.513667,99.77,openrouteservice,driving-car,2026-08-21,78.048,90,municipality,openrouteservice_osm,,2026-08-21T18:07:52Z,0.2.0,,,complete,78.048,78.048,100,,official,default,true
431068,el Pinell de Brai,37,Terra Alta,2026-08-21,"Plaça de Catalunya, Barcelona",41.015469,0.514395,154.343,174.62,openrouteservice,driving-car,2026-08-21,45.6904,90,municipality,openrouteservice_osm,,2026-08-21T18:07:52Z,0.2.0,,,complete,45.6904,45.6904,100,,official,default,true
431074,Pira,16,Conca de Barberà,2026-08-21,"Plaça de Catalunya, Barcelona",41.423951,1.201947,87.5775,118.38,openrouteservice,driving-car,2026-08-21,76.3458,90,municipality,openrouteservice_osm,,2026-08-21T18:07:52Z,0.2.0,,,complete,76.3458,76.3458,100,,official,default,true
431080,el Pla de Santa Maria,01,Alt Camp,2026-08-21,"Plaça de Catalunya, Barcelona",41.365625,1.288853,76.870167,100.39,openrouteservice,driving-car,2026-08-21,82.2944,90,municipality,openrouteservice_osm,,2026-08-21T18:07:52Z,0.2.0,,,complete,82.2944,82.2944,100,,official,default,true
431093,la Pobla de Mafumet,36,Tarragonès,2026-08-21,"Plaça de Catalunya, Barcelona",41.187578,1.209706,80.0445,100.96,openrouteservice,driving-car,2026-08-21,80.5308,90,municipality,openrouteservice_osm,,2026-08-21T18:07:52Z,0.2.0,,,complete,80.5308,80.5308,100,,official,default,true
431107,la Pobla de Massaluca,37,Terra Alta,2026-08-21,"Plaça de Catalunya, Barcelona",41.180258,0.353762,171.579667,237.76,openrouteservice,driving-car,2026-08-21,38.5085,90,municipality,openrouteservice_osm,,2026-08-21T18:07:52Z,0.2.0,,,complete,38.5085,38.5085,100,,official,default,true
431114,la Pobla de Montornès,36,Tarragonès,2026-08-21,"Plaça de Catalunya, Barcelona",41.176764,1.414837,71.932333,84.2,openrouteservice,driving-car,2026-08-21,85.0376,90,municipality,openrouteservice_osm,,2026-08-21T18:07:52Z,0.2.0,,,complete,85.0376,85.0376,100,,official,default,true
431129,Poboleda,29,Priorat,2026-08-21,"Plaça de Catalunya, Barcelona",41.23341,0.844885,117.6375,136.4,openrouteservice,driving-car,2026-08-21,61.1812,90,municipality,openrouteservice_osm,,2026-08-21T18:07:52Z,0.2.0,,,complete,61.1812,61.1812,100,,official,default,true
431135,el Pont d'Armentera,01,Alt Camp,2026-08-21,"Plaça de Catalunya, Barcelona",41.383674,1.362805,80.273167,105.17,openrouteservice,driving-car,2026-08-21,80.4038,90,municipality,openrouteservice_osm,,2026-08-21T18:07:52Z,0.2.0,,,complete,80.4038,80.4038,100,,official,default,true
431140,Porrera,29,Priorat,2026-08-21,"Plaça de Catalunya, Barcelona",41.188959,0.856047,109.337833,130.3,openrouteservice,driving-car,2026-08-21,65.3311,90,municipality,openrouteservice_osm,,2026-08-21T18:07:52Z,0.2.0,,,complete,65.3311,65.3311,100,,official,default,true
431153,Pradell de la Teixeta,29,Priorat,2026-08-21,"Plaça de Catalunya, Barcelona",41.156962,0.875893,105.136833,127.53,openrouteservice,driving-car,2026-08-21,67.4316,90,municipality,openrouteservice_osm,,2026-08-21T18:07:52Z,0.2.0,,,complete,67.4316,67.4316,100,,official,default,true
431166,Prades,08,Baix Camp,2026-08-21,"Plaça de Catalunya, Barcelona",41.309622,0.987925,114.8165,144.23,openrouteservice,driving-car,2026-08-21,62.5918,90,municipality,openrouteservice_osm,,2026-08-21T18:07:52Z,0.2.0,,,complete,62.5918,62.5918,100,,official,default,true
431172,Prat de Comte,37,Terra Alta,2026-08-21,"Plaça de Catalunya, Barcelona",40.983775,0.405235,165.4265,205.45,openrouteservice,driving-car,2026-08-21,41.0723,90,municipality,openrouteservice_osm,,2026-08-21T18:07:52Z,0.2.0,,,complete,41.0723,41.0723,100,,official,default,true
431188,Pratdip,08,Baix Camp,2026-08-21,"Plaça de Catalunya, Barcelona",41.050819,0.870945,104.013167,131.65,openrouteservice,driving-car,2026-08-21,67.9934,90,municipality,openrouteservice_osm,,2026-08-21T18:07:52Z,0.2.0,,,complete,67.9934,67.9934,100,,official,default,true
431191,Puigpelat,01,Alt Camp,2026-08-21,"Plaça de Catalunya, Barcelona",41.279887,1.296915,76.576833,96.4,openrouteservice,driving-car,2026-08-21,82.4573,90,municipality,openrouteservice_osm,,2026-08-21T18:07:52Z,0.2.0,,,complete,82.4573,82.4573,100,,official,default,true
431205,Querol,01,Alt Camp,2026-08-21,"Plaça de Catalunya, Barcelona",41.422933,1.397025,89.3065,112.72,openrouteservice,driving-car,2026-08-21,75.3853,90,municipality,openrouteservice_osm,,2026-08-21T18:07:52Z,0.2.0,,,complete,75.3853,75.3853,100,,official,default,true
431212,Rasquera,30,Ribera d'Ebre,2026-08-21,"Plaça de Catalunya, Barcelona",41.001478,0.597487,135.5565,172.64,openrouteservice,driving-car,2026-08-21,53.5181,90,municipality,openrouteservice_osm,,2026-08-21T18:07:52Z,0.2.0,,,complete,53.5181,53.5181,100,,official,default,true
431227,Renau,36,Tarragonès,2026-08-21,"Plaça de Catalunya, Barcelona",41.224758,1.311193,87.432167,104.97,openrouteservice,driving-car,2026-08-21,76.4266,90,municipality,openrouteservice_osm,,2026-08-21T18:07:52Z,0.2.0,,,complete,76.4266,76.4266,100,,official,default,true
431233,Reus,08,Baix Camp,2026-08-21,"Plaça de Catalunya, Barcelona",41.155105,1.108763,87.009,105.72,openrouteservice,driving-car,2026-08-21,76.6617,90,municipality,openrouteservice_osm,,2026-08-21T18:07:52Z,0.2.0,,,complete,76.6617,76.6617,100,,official,default,true
431248,la Riba,01,Alt Camp,2026-08-21,"Plaça de Catalunya, Barcelona",41.318251,1.178032,91.255833,122.91,openrouteservice,driving-car,2026-08-21,74.3721,90,municipality,openrouteservice_osm,,2026-08-21T18:07:52Z,0.2.0,,,complete,74.3721,74.3721,100,,official,default,true
431251,Riba-roja d'Ebre,30,Ribera d'Ebre,2026-08-21,"Plaça de Catalunya, Barcelona",41.250705,0.487613,162.495167,171.57,openrouteservice,driving-car,2026-08-21,42.2937,90,municipality,openrouteservice_osm,,2026-08-21T18:07:52Z,0.2.0,,,complete,42.2937,42.2937,100,,official,default,true
431264,la Riera de Gaià,36,Tarragonès,2026-08-21,"Plaça de Catalunya, Barcelona",41.164856,1.361682,70.393167,82.18,openrouteservice,driving-car,2026-08-21,85.8927,90,municipality,openrouteservice_osm,,2026-08-21T18:07:52Z,0.2.0,,,complete,85.8927,85.8927,100,,official,default,true
431270,Riudecanyes,08,Baix Camp,2026-08-21,"Plaça de Catalunya, Barcelona",41.130167,0.960676,99.260333,122.53,openrouteservice,driving-car,2026-08-21,70.3698,90,municipality,openrouteservice_osm,,2026-08-21T18:07:52Z,0.2.0,,,complete,70.3698,70.3698,100,,official,default,true
431286,Riudecols,08,Baix Camp,2026-08-21,"Plaça de Catalunya, Barcelona",41.168515,0.976047,95.135833,117.72,openrouteservice,driving-car,2026-08-21,72.4321,90,municipality,openrouteservice_osm,,2026-08-21T18:07:52Z,0.2.0,,,complete,72.4321,72.4321,100,,official,default,true
431299,Riudoms,08,Baix Camp,2026-08-21,"Plaça de Catalunya, Barcelona",41.138892,1.051519,88.793,110.7,openrouteservice,driving-car,2026-08-21,75.6706,90,municipality,openrouteservice_osm,,2026-08-21T18:07:52Z,0.2.0,,,complete,75.6706,75.6706,100,,official,default,true
431303,Rocafort de Queralt,16,Conca de Barberà,2026-08-21,"Plaça de Catalunya, Barcelona",41.478031,1.281495,89.883167,106.83,openrouteservice,driving-car,2026-08-21,75.0649,90,municipality,openrouteservice_osm,,2026-08-21T18:07:52Z,0.2.0,,,complete,75.0649,75.0649,100,,official,default,true
431310,Roda de Berà,36,Tarragonès,2026-08-21,"Plaça de Catalunya, Barcelona",41.185979,1.4544,68.175333,72.83,openrouteservice,driving-car,2026-08-21,87.1248,90,municipality,openrouteservice_osm,,2026-08-21T18:07:52Z,0.2.0,,,complete,87.1248,87.1248,100,,official,default,true
431325,Rodonyà,01,Alt Camp,2026-08-21,"Plaça de Catalunya, Barcelona",41.279829,1.399062,72.318,86.23,openrouteservice,driving-car,2026-08-21,84.8233,90,municipality,openrouteservice_osm,,2026-08-21T18:07:52Z,0.2.0,,,complete,84.8233,84.8233,100,,official,default,true
431331,Roquetes,09,Baix Ebre,2026-08-21,"Plaça de Catalunya, Barcelona",40.820393,0.502987,131.594667,179.72,openrouteservice,driving-car,2026-08-21,55.1689,90,municipality,openrouteservice_osm,,2026-08-21T18:07:52Z,0.2.0,,,complete,55.1689,55.1689,100,,official,default,true
431346,el Rourell,01,Alt Camp,2026-08-21,"Plaça de Catalunya, Barcelona",41.224012,1.218295,81.443167,104.62,openrouteservice,driving-car,2026-08-21,79.7538,90,municipality,openrouteservice_osm,,2026-08-21T18:07:52Z,0.2.0,,,complete,79.7538,79.7538,100,,official,default,true
431359,Salomó,36,Tarragonès,2026-08-21,"Plaça de Catalunya, Barcelona",41.229425,1.374589,76.3605,90.07,openrouteservice,driving-car,2026-08-21,82.5775,90,municipality,openrouteservice_osm,,2026-08-21T18:07:52Z,0.2.0,,,complete,82.5775,82.5775,100,,official,default,true
431362,la Ràpita,22,Montsià,2026-08-21,"Plaça de Catalunya, Barcelona",40.620052,0.592817,137.0915,184.75,openrouteservice,driving-car,2026-08-21,52.8785,90,municipality,openrouteservice_osm,,2026-08-21T18:07:52Z,0.2.0,,,complete,52.8785,52.8785,100,,official,default,true
431378,Sant Jaume dels Domenys,12,Baix Penedès,2026-08-21,"Plaça de Catalunya, Barcelona",41.299281,1.558929,61.422333,69.15,openrouteservice,driving-car,2026-08-21,90.8765,90,municipality,openrouteservice_osm,,2026-08-21T18:07:52Z,0.2.0,,,complete,90.8765,90.8765,100,,official,default,true
431384,Santa Bàrbara,22,Montsià,2026-08-21,"Plaça de Catalunya, Barcelona",40.71452,0.492413,139.500167,183.64,openrouteservice,driving-car,2026-08-21,51.8749,90,municipality,openrouteservice_osm,,2026-08-21T18:07:52Z,0.2.0,,,complete,51.8749,51.8749,100,,official,default,true
431397,Santa Coloma de Queralt,16,Conca de Barberà,2026-08-21,"Plaça de Catalunya, Barcelona",41.532422,1.383889,79.853167,94.56,openrouteservice,driving-car,2026-08-21,80.6371,90,municipality,openrouteservice_osm,,2026-08-21T18:07:52Z,0.2.0,,,complete,80.6371,80.6371,100,,official,default,true
431401,Santa Oliva,12,Baix Penedès,2026-08-21,"Plaça de Catalunya, Barcelona",41.253118,1.5507,66.926333,73.96,openrouteservice,driving-car,2026-08-21,87.8187,90,municipality,openrouteservice_osm,,2026-08-21T18:07:52Z,0.2.0,,,complete,87.8187,87.8187,100,,official,default,true
431418,Pontils,16,Conca de Barberà,2026-08-21,"Plaça de Catalunya, Barcelona",41.477266,1.387809,89.5675,101.84,openrouteservice,driving-car,2026-08-21,75.2403,90,municipality,openrouteservice_osm,,2026-08-21T18:07:52Z,0.2.0,,,complete,75.2403,75.2403,100,,official,default,true
431423,Sarral,16,Conca de Barberà,2026-08-21,"Plaça de Catalunya, Barcelona",41.444603,1.248579,88.995167,111.24,openrouteservice,driving-car,2026-08-21,75.5582,90,municipality,openrouteservice_osm,,2026-08-21T18:07:52Z,0.2.0,,,complete,75.5582,75.5582,100,,official,default,true
431439,Savallà del Comtat,16,Conca de Barberà,2026-08-21,"Plaça de Catalunya, Barcelona",41.543117,1.298932,89.362167,103.19,openrouteservice,driving-car,2026-08-21,75.3544,90,municipality,openrouteservice_osm,,2026-08-21T18:07:52Z,0.2.0,,,complete,75.3544,75.3544,100,,official,default,true
431444,la Secuita,36,Tarragonès,2026-08-21,"Plaça de Catalunya, Barcelona",41.204646,1.279594,84.4065,92.72,openrouteservice,driving-car,2026-08-21,78.1075,90,municipality,openrouteservice_osm,,2026-08-21T18:07:52Z,0.2.0,,,complete,78.1075,78.1075,100,,official,default,true
431457,la Selva del Camp,08,Baix Camp,2026-08-21,"Plaça de Catalunya, Barcelona",41.215349,1.137083,87.529167,111.34,openrouteservice,driving-car,2026-08-21,76.3727,90,municipality,openrouteservice_osm,,2026-08-21T18:07:52Z,0.2.0,,,complete,76.3727,76.3727,100,,official,default,true
431460,Senan,16,Conca de Barberà,2026-08-21,"Plaça de Catalunya, Barcelona",41.469951,1.088426,98.142167,127.88,openrouteservice,driving-car,2026-08-21,70.9289,90,municipality,openrouteservice_osm,,2026-08-21T18:07:52Z,0.2.0,,,complete,70.9289,70.9289,100,,official,default,true
431476,Solivella,16,Conca de Barberà,2026-08-21,"Plaça de Catalunya, Barcelona",41.456004,1.177611,90.795,121.08,openrouteservice,driving-car,2026-08-21,74.6025,90,municipality,openrouteservice_osm,,2026-08-21T18:07:52Z,0.2.0,,,complete,74.6025,74.6025,100,,official,default,true
431482,Tarragona,36,Tarragonès,2026-08-21,"Plaça de Catalunya, Barcelona",41.116928,1.25533,82.555333,95.44,openrouteservice,driving-car,2026-08-21,79.1359,90,municipality,openrouteservice_osm,,2026-08-21T18:07:52Z,0.2.0,,,complete,79.1359,79.1359,100,,official,default,true
431495,Tivenys,09,Baix Ebre,2026-08-21,"Plaça de Catalunya, Barcelona",40.907334,0.512449,144.956333,189.81,openrouteservice,driving-car,2026-08-21,49.6015,90,municipality,openrouteservice_osm,,2026-08-21T18:07:52Z,0.2.0,,,complete,49.6015,49.6015,100,,official,default,true
431508,Tivissa,30,Ribera d'Ebre,2026-08-21,"Plaça de Catalunya, Barcelona",41.043307,0.73199,118.688667,146.15,openrouteservice,driving-car,2026-08-21,60.6557,90,municipality,openrouteservice_osm,,2026-08-21T18:07:52Z,0.2.0,,,complete,60.6557,60.6557,100,,official,default,true
431515,la Torre de Fontaubella,29,Priorat,2026-08-21,"Plaça de Catalunya, Barcelona",41.124365,0.864296,112.426667,132.78,openrouteservice,driving-car,2026-08-21,63.7867,90,municipality,openrouteservice_osm,,2026-08-21T18:07:52Z,0.2.0,,,complete,63.7867,63.7867,100,,official,default,true
431520,la Torre de l'Espanyol,30,Ribera d'Ebre,2026-08-21,"Plaça de Catalunya, Barcelona",41.19181,0.625099,149.062333,161.58,openrouteservice,driving-car,2026-08-21,47.8907,90,municipality,openrouteservice_osm,,2026-08-21T18:07:52Z,0.2.0,,,complete,47.8907,47.8907,100,,official,default,true
431536,Torredembarra,36,Tarragonès,2026-08-21,"Plaça de Catalunya, Barcelona",41.145662,1.395631,71.7465,81.07,openrouteservice,driving-car,2026-08-21,85.1408,90,municipality,openrouteservice_osm,,2026-08-21T18:07:52Z,0.2.0,,,complete,85.1408,85.1408,100,,official,default,true
431541,Torroja del Priorat,29,Priorat,2026-08-21,"Plaça de Catalunya, Barcelona",41.213379,0.810642,118.775167,137.87,openrouteservice,driving-car,2026-08-21,60.6124,90,municipality,openrouteservice_osm,,2026-08-21T18:07:52Z,0.2.0,,,complete,60.6124,60.6124,100,,official,default,true
431554,Tortosa,09,Baix Ebre,2026-08-21,"Plaça de Catalunya, Barcelona",40.811008,0.520643,128.056333,177.19,openrouteservice,driving-car,2026-08-21,56.6432,90,municipality,openrouteservice_osm,,2026-08-21T18:07:52Z,0.2.0,,,complete,56.6432,56.6432,100,,official,default,true
431567,Ulldecona,22,Montsià,2026-08-21,"Plaça de Catalunya, Barcelona",40.598239,0.448875,142.929833,200.51,openrouteservice,driving-car,2026-08-21,50.4459,90,municipality,openrouteservice_osm,,2026-08-21T18:07:52Z,0.2.0,,,complete,50.4459,50.4459,100,,official,default,true
431573,Ulldemolins,29,Priorat,2026-08-21,"Plaça de Catalunya, Barcelona",41.322591,0.876395,117.553833,147.09,openrouteservice,driving-car,2026-08-21,61.2231,90,municipality,openrouteservice_osm,,2026-08-21T18:07:52Z,0.2.0,,,complete,61.2231,61.2231,100,,official,default,true
431589,Vallclara,16,Conca de Barberà,2026-08-21,"Plaça de Catalunya, Barcelona",41.377367,0.982252,98.246833,130.52,openrouteservice,driving-car,2026-08-21,70.8766,90,municipality,openrouteservice_osm,,2026-08-21T18:07:52Z,0.2.0,,,complete,70.8766,70.8766,100,,official,default,true
431592,Vallfogona de Riucorb,16,Conca de Barberà,2026-08-21,"Plaça de Catalunya, Barcelona",41.562917,1.235967,95.020667,108.81,openrouteservice,driving-car,2026-08-21,72.4897,90,municipality,openrouteservice_osm,,2026-08-21T18:07:52Z,0.2.0,,,complete,72.4897,72.4897,100,,official,default,true
431606,Vallmoll,01,Alt Camp,2026-08-21,"Plaça de Catalunya, Barcelona",41.242444,1.249025,84.605,102.68,openrouteservice,driving-car,2026-08-21,77.9972,90,municipality,openrouteservice_osm,,2026-08-21T18:07:52Z,0.2.0,,,complete,77.9972,77.9972,100,,official,default,true
431613,Valls,01,Alt Camp,2026-08-21,"Plaça de Catalunya, Barcelona",41.284176,1.247753,84.073667,100.68,openrouteservice,driving-car,2026-08-21,78.2924,90,municipality,openrouteservice_osm,,2026-08-21T18:07:52Z,0.2.0,,,complete,78.2924,78.2924,100,,official,default,true
431628,Vandellòs i l'Hospitalet de l'Infant,08,Baix Camp,2026-08-21,"Plaça de Catalunya, Barcelona",41.019894,0.83128,103.908667,135.09,openrouteservice,driving-car,2026-08-21,68.0457,90,municipality,openrouteservice_osm,,2026-08-21T18:07:52Z,0.2.0,,,complete,68.0457,68.0457,100,,official,default,true
431634,el Vendrell,12,Baix Penedès,2026-08-21,"Plaça de Catalunya, Barcelona",41.220214,1.534929,61.013833,67.62,openrouteservice,driving-car,2026-08-21,91.1034,90,municipality,openrouteservice_osm,,2026-08-21T18:07:52Z,0.2.0,,,complete,91.1034,91.1034,100,,official,default,true
431649,Vespella de Gaià,36,Tarragonès,2026-08-21,"Plaça de Catalunya, Barcelona",41.20403,1.359974,76.333833,87.12,openrouteservice,driving-car,2026-08-21,82.5923,90,municipality,openrouteservice_osm,,2026-08-21T18:07:52Z,0.2.0,,,complete,82.5923,82.5923,100,,official,default,true
431652,Vilabella,01,Alt Camp,2026-08-21,"Plaça de Catalunya, Barcelona",41.246836,1.329941,82.485167,101.42,openrouteservice,driving-car,2026-08-21,79.1749,90,municipality,openrouteservice_osm,,2026-08-21T18:07:52Z,0.2.0,,,complete,79.1749,79.1749,100,,official,default,true
431665,Vilallonga del Camp,36,Tarragonès,2026-08-21,"Plaça de Catalunya, Barcelona",41.211429,1.205744,84.186167,103.66,openrouteservice,driving-car,2026-08-21,78.2299,90,municipality,openrouteservice_osm,,2026-08-21T18:07:52Z,0.2.0,,,complete,78.2299,78.2299,100,,official,default,true
431671,Vilanova d'Escornalbou,08,Baix Camp,2026-08-21,"Plaça de Catalunya, Barcelona",41.112872,0.936627,102.254667,125.42,openrouteservice,driving-car,2026-08-21,68.8727,90,municipality,openrouteservice_osm,,2026-08-21T18:07:52Z,0.2.0,,,complete,68.8727,68.8727,100,,official,default,true
431687,Vilanova de Prades,16,Conca de Barberà,2026-08-21,"Plaça de Catalunya, Barcelona",41.348046,0.955454,103.940333,136.4,openrouteservice,driving-car,2026-08-21,68.0298,90,municipality,openrouteservice_osm,,2026-08-21T18:07:52Z,0.2.0,,,complete,68.0298,68.0298,100,,official,default,true
431690,Vilaplana,08,Baix Camp,2026-08-21,"Plaça de Catalunya, Barcelona",41.228562,1.033187,97.400333,118.62,openrouteservice,driving-car,2026-08-21,71.2998,90,municipality,openrouteservice_osm,,2026-08-21T18:07:52Z,0.2.0,,,complete,71.2998,71.2998,100,,official,default,true
431704,Vila-rodona,01,Alt Camp,2026-08-21,"Plaça de Catalunya, Barcelona",41.310837,1.358117,73.6535,93.51,openrouteservice,driving-car,2026-08-21,84.0814,90,municipality,openrouteservice_osm,,2026-08-21T18:07:52Z,0.2.0,,,complete,84.0814,84.0814,100,,official,default,true
431711,Vila-seca,36,Tarragonès,2026-08-21,"Plaça de Catalunya, Barcelona",41.110972,1.145039,84.145833,106.22,openrouteservice,driving-car,2026-08-21,78.2523,90,municipality,openrouteservice_osm,,2026-08-21T18:07:52Z,0.2.0,,,complete,78.2523,78.2523,100,,official,default,true
431726,Vilaverd,16,Conca de Barberà,2026-08-21,"Plaça de Catalunya, Barcelona",41.334248,1.177348,87.9745,119.58,openrouteservice,driving-car,2026-08-21,76.1253,90,municipality,openrouteservice_osm,,2026-08-21T18:07:52Z,0.2.0,,,complete,76.1253,76.1253,100,,official,default,true
431732,la Vilella Alta,29,Priorat,2026-08-21,"Plaça de Catalunya, Barcelona",41.225413,0.780465,128.713333,145.87,openrouteservice,driving-car,2026-08-21,56.3694,90,municipality,openrouteservice_osm,,2026-08-21T18:07:52Z,0.2.0,,,complete,56.3694,56.3694,100,,official,default,true
431747,la Vilella Baixa,29,Priorat,2026-08-21,"Plaça de Catalunya, Barcelona",41.220666,0.761806,130.358667,146.94,openrouteservice,driving-car,2026-08-21,55.6839,90,municipality,openrouteservice_osm,,2026-08-21T18:07:52Z,0.2.0,,,complete,55.6839,55.6839,100,,official,default,true
431750,Vilalba dels Arcs,37,Terra Alta,2026-08-21,"Plaça de Catalunya, Barcelona",41.121014,0.410181,162.490333,182.94,openrouteservice,driving-car,2026-08-21,42.2957,90,municipality,openrouteservice_osm,,2026-08-21T18:07:52Z,0.2.0,,,complete,42.2957,42.2957,100,,official,default,true
431763,Vimbodí i Poblet,16,Conca de Barberà,2026-08-21,"Plaça de Catalunya, Barcelona",41.400142,1.050959,90.814,123.07,openrouteservice,driving-car,2026-08-21,74.593,90,municipality,openrouteservice_osm,,2026-08-21T18:07:52Z,0.2.0,,,complete,74.593,74.593,100,,official,default,true
431779,Vinebre,30,Ribera d'Ebre,2026-08-21,"Plaça de Catalunya, Barcelona",41.184068,0.590806,145.425333,158.66,openrouteservice,driving-car,2026-08-21,49.4061,90,municipality,openrouteservice_osm,,2026-08-21T18:07:52Z,0.2.0,,,complete,49.4061,49.4061,100,,official,default,true
431785,Vinyols i els Arcs,08,Baix Camp,2026-08-21,"Plaça de Catalunya, Barcelona",41.113771,1.039472,91.4975,112.98,openrouteservice,driving-car,2026-08-21,74.2512,90,municipality,openrouteservice_osm,,2026-08-21T18:07:52Z,0.2.0,,,complete,74.2512,74.2512,100,,official,default,true
439018,Deltebre,09,Baix Ebre,2026-08-21,"Plaça de Catalunya, Barcelona",40.718222,0.735259,130.454667,169.9,openrouteservice,driving-car,2026-08-21,55.6439,90,municipality,openrouteservice_osm,,2026-08-21T18:07:52Z,0.2.0,,,complete,55.6439,55.6439,100,,official,default,true
439023,Sant Jaume d'Enveja,22,Montsià,2026-08-21,"Plaça de Catalunya, Barcelona",40.707051,0.71947,133.103667,170.95,openrouteservice,driving-car,2026-08-21,54.5401,90,municipality,openrouteservice_osm,,2026-08-21T18:07:52Z,0.2.0,,,complete,54.5401,54.5401,100,,official,default,true
439039,Camarles,09,Baix Ebre,2026-08-21,"Plaça de Catalunya, Barcelona",40.772141,0.669673,117.856833,162.35,openrouteservice,driving-car,2026-08-21,61.0716,90,municipality,openrouteservice_osm,,2026-08-21T18:07:52Z,0.2.0,,,complete,61.0716,61.0716,100,,official,default,true
439044,l'Aldea,09,Baix Ebre,2026-08-21,"Plaça de Catalunya, Barcelona",40.747268,0.622371,121.042833,168.68,openrouteservice,driving-car,2026-08-21,59.5655,90,municipality,openrouteservice_osm,,2026-08-21T18:07:52Z,0.2.0,,,complete,59.5655,59.5655,100,,official,default,true
439057,Salou,36,Tarragonès,2026-08-21,"Plaça de Catalunya, Barcelona",41.081472,1.134227,84.903667,107.66,openrouteservice,driving-car,2026-08-21,77.8313,90,municipality,openrouteservice_osm,,2026-08-21T18:07:52Z,0.2.0,,,complete,77.8313,77.8313,100,,official,default,true
439060,l'Ampolla,09,Baix Ebre,2026-08-21,"Plaça de Catalunya, Barcelona",40.812251,0.710141,112.964667,156.68,openrouteservice,driving-car,2026-08-21,63.5177,90,municipality,openrouteservice_osm,,2026-08-21T18:07:52Z,0.2.0,,,complete,63.5177,63.5177,100,,official,default,true
439076,la Canonja,36,Tarragonès,2026-08-21,"Plaça de Catalunya, Barcelona",41.123414,1.179099,82.257333,101.21,openrouteservice,driving-car,2026-08-21,79.3015,90,municipality,openrouteservice_osm,,2026-08-21T18:07:52Z,0.2.0,,,complete,79.3015,79.3015,100,,official,default,true
