municipality_code,municipality_name,comarca_code,comarca_name,reference_period,nearest_station,nearest_station_minutes,nearest_station_km,best_station,best_station_minutes,best_station_skiable_km,second_station,second_station_minutes,third_station,third_station_minutes,ski_raw,score_0_100,confidence_0_100,data_scope,source_id,source_updated_at,retrieved_at,method_version,missing_reason,notes,score_status,score_min_0_100,score_max_0_100,coverage_weight_pct,rank_stability_0_100,source_tier,method_variant,usable_for_composite
080018,Abrera,11,Baix Llobregat,2026-08-21,Masella,99.192833,118.63,Masella,99.192833,74,La Molina,105.463167,Port del Comte,105.673,0.320611,33.4841,65,municipality,curated_ski_catalogue;openrouteservice,,2026-08-21T19:58:41Z,0.2.0,,"No snow, traffic, parking capacity, or season duration is modelled.",complete,33.4841,33.4841,100,,curated,access_variety_no_tier,true
080023,Aguilar de Segarra,07,Bages,2026-08-21,Port del Comte,77.334333,85.76,Port del Comte,77.334333,,Masella,88.860833,La Molina,95.131,0.440486,49.7429,65,municipality,curated_ski_catalogue;openrouteservice,,2026-08-21T19:58:41Z,0.2.0,,"No snow, traffic, parking capacity, or season duration is modelled.",complete,49.7429,49.7429,100,,curated,access_variety_no_tier,true
080039,Alella,21,Maresme,2026-08-21,Masella,116.738167,152.13,Masella,116.738167,74,La Molina,123.008333,Port del Comte,123.218333,0.239322,22.4587,65,municipality,curated_ski_catalogue;openrouteservice,,2026-08-21T19:58:41Z,0.2.0,,"No snow, traffic, parking capacity, or season duration is modelled.",complete,22.4587,22.4587,100,,curated,access_variety_no_tier,true
080044,Alpens,43,Lluçanès,2026-08-21,Masella,79.132833,72.76,Masella,79.132833,74,Vall de Núria,81.2835,La Molina,85.403,0.456668,51.9376,65,municipality,curated_ski_catalogue;openrouteservice,,2026-08-21T19:58:41Z,0.2.0,,"No snow, traffic, parking capacity, or season duration is modelled.",complete,51.9376,51.9376,100,,curated,access_variety_no_tier,true
080057,l'Ametlla del Vallès,41,Vallès Oriental,2026-08-21,Vall de Núria,114.351667,91.32,Vall de Núria,114.351667,7.614,La Molina,120.0315,Masella,121.196167,0.249493,23.8382,65,municipality,curated_ski_catalogue;openrouteservice,,2026-08-21T19:58:41Z,0.2.0,,"No snow, traffic, parking capacity, or season duration is modelled.",complete,23.8382,23.8382,100,,curated,access_variety_no_tier,true
080060,Arenys de Mar,21,Maresme,2026-08-21,Masella,133.509833,178.24,Masella,133.509833,74,La Molina,139.78,Port del Comte,139.99,0.180961,14.5431,65,municipality,curated_ski_catalogue;openrouteservice,,2026-08-21T19:58:41Z,0.2.0,,"No snow, traffic, parking capacity, or season duration is modelled.",complete,14.5431,14.5431,100,,curated,access_variety_no_tier,true
080076,Arenys de Munt,21,Maresme,2026-08-21,Masella,133.3945,178.18,Masella,133.3945,74,La Molina,139.664667,Port del Comte,139.8745,0.181309,14.5904,65,municipality,curated_ski_catalogue;openrouteservice,,2026-08-21T19:58:41Z,0.2.0,,"No snow, traffic, parking capacity, or season duration is modelled.",complete,14.5904,14.5904,100,,curated,access_variety_no_tier,true
080082,Argençola,06,Anoia,2026-08-21,Port del Comte,88.918167,98.52,Port del Comte,88.918167,,Masella,111.113333,La Molina,117.383667,0.341002,36.2497,65,municipality,curated_ski_catalogue;openrouteservice,,2026-08-21T19:58:41Z,0.2.0,,"No snow, traffic, parking capacity, or season duration is modelled.",complete,36.2497,36.2497,100,,curated,access_variety_no_tier,true
080095,Argentona,21,Maresme,2026-08-21,Masella,126.019667,162.98,Masella,126.019667,74,La Molina,132.29,Port del Comte,132.499833,0.205022,17.8065,65,municipality,curated_ski_catalogue;openrouteservice,,2026-08-21T19:58:41Z,0.2.0,,"No snow, traffic, parking capacity, or season duration is modelled.",complete,17.8065,17.8065,100,,curated,access_variety_no_tier,true
080109,Artés,07,Bages,2026-08-21,Masella,75.688333,85.19,Masella,75.688333,74,La Molina,81.958667,Port del Comte,84.431333,0.47201,54.0185,65,municipality,curated_ski_catalogue;openrouteservice,,2026-08-21T19:58:41Z,0.2.0,,"No snow, traffic, parking capacity, or season duration is modelled.",complete,54.0185,54.0185,100,,curated,access_variety_no_tier,true
080116,Avià,14,Berguedà,2026-08-21,Masella,54.545833,49.08,Masella,54.545833,74,La Molina,60.816,Port del Comte,62.7235,0.672231,81.1748,65,municipality,curated_ski_catalogue;openrouteservice,,2026-08-21T19:58:41Z,0.2.0,,"No snow, traffic, parking capacity, or season duration is modelled.",complete,81.1748,81.1748,100,,curated,access_variety_no_tier,true
080121,Avinyó,07,Bages,2026-08-21,Masella,80.5955,79.78,Masella,80.5955,74,La Molina,86.865667,Port del Comte,89.359667,0.434923,48.9883,65,municipality,curated_ski_catalogue;openrouteservice,,2026-08-21T19:58:41Z,0.2.0,,"No snow, traffic, parking capacity, or season duration is modelled.",complete,48.9883,48.9883,100,,curated,access_variety_no_tier,true
080137,Avinyonet del Penedès,03,Alt Penedès,2026-08-21,Port del Comte,121.429667,134.61,Port del Comte,121.429667,,Masella,122.949167,La Molina,129.219333,0.225585,20.5956,65,municipality,curated_ski_catalogue;openrouteservice,,2026-08-21T19:58:41Z,0.2.0,,"No snow, traffic, parking capacity, or season duration is modelled.",complete,20.5956,20.5956,100,,curated,access_variety_no_tier,true
080142,Aiguafreda,24,Osona,2026-08-21,Vall de Núria,95.639167,76.75,Vall de Núria,95.639167,7.614,La Molina,101.319167,Masella,103.748,0.339858,36.0946,65,municipality,curated_ski_catalogue;openrouteservice,,2026-08-21T19:58:41Z,0.2.0,,"No snow, traffic, parking capacity, or season duration is modelled.",complete,36.0946,36.0946,100,,curated,access_variety_no_tier,true
080155,Badalona,13,Barcelonès,2026-08-21,Masella,115.188833,146.73,Masella,115.188833,74,La Molina,121.459,Port del Comte,121.669,0.245582,23.3078,65,municipality,curated_ski_catalogue;openrouteservice,,2026-08-21T19:58:41Z,0.2.0,,"No snow, traffic, parking capacity, or season duration is modelled.",complete,23.3078,23.3078,100,,curated,access_variety_no_tier,true
080168,Bagà,14,Berguedà,2026-08-21,Masella,28.337833,23.79,Masella,28.337833,74,La Molina,34.608167,Port del Comte,80.708333,0.96954,100,65,municipality,curated_ski_catalogue;openrouteservice,,2026-08-21T19:58:41Z,0.2.0,,"No snow, traffic, parking capacity, or season duration is modelled.",complete,100,100,100,,curated,access_variety_no_tier,true
080174,Balenyà,24,Osona,2026-08-21,Vall de Núria,91.051,72.58,Vall de Núria,91.051,7.614,La Molina,96.731,Masella,99.159833,0.366866,39.7577,65,municipality,curated_ski_catalogue;openrouteservice,,2026-08-21T19:58:41Z,0.2.0,,"No snow, traffic, parking capacity, or season duration is modelled.",complete,39.7577,39.7577,100,,curated,access_variety_no_tier,true
080180,Balsareny,07,Bages,2026-08-21,Masella,65.678667,72.18,Masella,65.678667,74,La Molina,71.948833,Port del Comte,81.152667,0.55003,64.6004,65,municipality,curated_ski_catalogue;openrouteservice,,2026-08-21T19:58:41Z,0.2.0,,"No snow, traffic, parking capacity, or season duration is modelled.",complete,64.6004,64.6004,100,,curated,access_variety_no_tier,true
080193,Barcelona,13,Barcelonès,2026-08-21,Masella,122.715,151.23,Masella,122.715,74,La Molina,128.985333,Port del Comte,129.195167,0.216631,19.3811,65,municipality,curated_ski_catalogue;openrouteservice,,2026-08-21T19:58:41Z,0.2.0,,"No snow, traffic, parking capacity, or season duration is modelled.",complete,19.3811,19.3811,100,,curated,access_variety_no_tier,true
080207,Begues,11,Baix Llobregat,2026-08-21,Masella,137.771167,157.96,Masella,137.771167,74,La Molina,144.0415,Port del Comte,144.251333,0.168554,12.8604,65,municipality,curated_ski_catalogue;openrouteservice,,2026-08-21T19:58:41Z,0.2.0,,"No snow, traffic, parking capacity, or season duration is modelled.",complete,12.8604,12.8604,100,,curated,access_variety_no_tier,true
080214,Bellprat,06,Anoia,2026-08-21,Port del Comte,96.880167,107.78,Port del Comte,96.880167,,Masella,119.769167,La Molina,126.0395,0.297479,30.3466,65,municipality,curated_ski_catalogue;openrouteservice,,2026-08-21T19:58:41Z,0.2.0,,"No snow, traffic, parking capacity, or season duration is modelled.",complete,30.3466,30.3466,100,,curated,access_variety_no_tier,true
080229,Berga,14,Berguedà,2026-08-21,Masella,48.321833,43.81,Masella,48.321833,74,La Molina,54.592167,Port del Comte,61.616167,0.737739,90.0597,65,municipality,curated_ski_catalogue;openrouteservice,,2026-08-21T19:58:41Z,0.2.0,,"No snow, traffic, parking capacity, or season duration is modelled.",complete,90.0597,90.0597,100,,curated,access_variety_no_tier,true
080235,Bigues i Riells del Fai,41,Vallès Oriental,2026-08-21,Vall de Núria,118.33,98.08,Vall de Núria,118.33,7.614,Masella,123.745667,La Molina,124.009833,0.234374,21.7876,65,municipality,curated_ski_catalogue;openrouteservice,,2026-08-21T19:58:41Z,0.2.0,,"No snow, traffic, parking capacity, or season duration is modelled.",complete,21.7876,21.7876,100,,curated,access_variety_no_tier,true
080240,Borredà,14,Berguedà,2026-08-21,Masella,59.7415,57.95,Masella,59.7415,74,La Molina,66.011667,Vall de Núria,74.341667,0.608287,72.502,65,municipality,curated_ski_catalogue;openrouteservice,,2026-08-21T19:58:41Z,0.2.0,,"No snow, traffic, parking capacity, or season duration is modelled.",complete,72.502,72.502,100,,curated,access_variety_no_tier,true
080253,el Bruc,06,Anoia,2026-08-21,Port del Comte,101.449333,100.06,Port del Comte,101.449333,,Masella,101.596333,La Molina,107.866667,0.317743,33.0951,65,municipality,curated_ski_catalogue;openrouteservice,,2026-08-21T19:58:41Z,0.2.0,,"No snow, traffic, parking capacity, or season duration is modelled.",complete,33.0951,33.0951,100,,curated,access_variety_no_tier,true
080266,el Brull,24,Osona,2026-08-21,Vall de Núria,100.436,76.58,Vall de Núria,100.436,7.614,La Molina,106.116,Masella,108.544833,0.313745,32.5528,65,municipality,curated_ski_catalogue;openrouteservice,,2026-08-21T19:58:41Z,0.2.0,,"No snow, traffic, parking capacity, or season duration is modelled.",complete,32.5528,32.5528,100,,curated,access_variety_no_tier,true
080272,les Cabanyes,03,Alt Penedès,2026-08-21,Port del Comte,119.895333,128.94,Port del Comte,119.895333,,Masella,121.414833,La Molina,127.685,0.231429,21.3881,65,municipality,curated_ski_catalogue;openrouteservice,,2026-08-21T19:58:41Z,0.2.0,,"No snow, traffic, parking capacity, or season duration is modelled.",complete,21.3881,21.3881,100,,curated,access_variety_no_tier,true
080288,Cabrera d'Anoia,06,Anoia,2026-08-21,Port del Comte,105.3845,114.48,Port del Comte,105.3845,,Masella,106.904,La Molina,113.174333,0.294747,29.9761,65,municipality,curated_ski_catalogue;openrouteservice,,2026-08-21T19:58:41Z,0.2.0,,"No snow, traffic, parking capacity, or season duration is modelled.",complete,29.9761,29.9761,100,,curated,access_variety_no_tier,true
080291,Cabrera de Mar,21,Maresme,2026-08-21,Masella,121.7765,161.46,Masella,121.7765,74,La Molina,128.046667,Port del Comte,128.2565,0.220046,19.8443,65,municipality,curated_ski_catalogue;openrouteservice,,2026-08-21T19:58:41Z,0.2.0,,"No snow, traffic, parking capacity, or season duration is modelled.",complete,19.8443,19.8443,100,,curated,access_variety_no_tier,true
080305,Cabrils,21,Maresme,2026-08-21,Masella,128.300667,161.85,Masella,128.300667,74,La Molina,134.571,Port del Comte,134.780833,0.197374,16.7692,65,municipality,curated_ski_catalogue;openrouteservice,,2026-08-21T19:58:41Z,0.2.0,,"No snow, traffic, parking capacity, or season duration is modelled.",complete,16.7692,16.7692,100,,curated,access_variety_no_tier,true
080312,Calaf,06,Anoia,2026-08-21,Port del Comte,69.7805,74.48,Port del Comte,69.7805,,Masella,91.350833,La Molina,97.621167,0.470755,53.8482,65,municipality,curated_ski_catalogue;openrouteservice,,2026-08-21T19:58:41Z,0.2.0,,"No snow, traffic, parking capacity, or season duration is modelled.",complete,53.8482,53.8482,100,,curated,access_variety_no_tier,true
080327,Caldes d'Estrac,21,Maresme,2026-08-21,Masella,132.863833,174.77,Masella,132.863833,74,La Molina,139.134,Port del Comte,139.343833,0.18292,14.8088,65,municipality,curated_ski_catalogue;openrouteservice,,2026-08-21T19:58:41Z,0.2.0,,"No snow, traffic, parking capacity, or season duration is modelled.",complete,14.8088,14.8088,100,,curated,access_variety_no_tier,true
080333,Caldes de Montbui,41,Vallès Oriental,2026-08-21,Masella,116.961833,149.69,Masella,116.961833,74,La Molina,123.232,Port del Comte,123.442,0.238431,22.3379,65,municipality,curated_ski_catalogue;openrouteservice,,2026-08-21T19:58:41Z,0.2.0,,"No snow, traffic, parking capacity, or season duration is modelled.",complete,22.3379,22.3379,100,,curated,access_variety_no_tier,true
080348,Calders,42,Moianès,2026-08-21,Masella,81.759667,96.58,Masella,81.759667,74,La Molina,88.03,Port del Comte,91.0715,0.426063,47.7866,65,municipality,curated_ski_catalogue;openrouteservice,,2026-08-21T19:58:41Z,0.2.0,,"No snow, traffic, parking capacity, or season duration is modelled.",complete,47.7866,47.7866,100,,curated,access_variety_no_tier,true
080351,Calella,21,Maresme,2026-08-21,Masella,141.218667,189.91,Masella,141.218667,74,Vall de Núria,144.565833,La Molina,147.488833,0.161354,11.8838,65,municipality,curated_ski_catalogue;openrouteservice,,2026-08-21T19:58:41Z,0.2.0,,"No snow, traffic, parking capacity, or season duration is modelled.",complete,11.8838,11.8838,100,,curated,access_variety_no_tier,true
080364,Calonge de Segarra,06,Anoia,2026-08-21,Port del Comte,68.0235,71.22,Port del Comte,68.0235,,Masella,99.839667,La Molina,106.109833,0.45917,52.277,65,municipality,curated_ski_catalogue;openrouteservice,,2026-08-21T19:58:41Z,0.2.0,,"No snow, traffic, parking capacity, or season duration is modelled.",complete,52.277,52.277,100,,curated,access_variety_no_tier,true
080370,Calldetenes,24,Osona,2026-08-21,Vall de Núria,84.950833,61.12,Vall de Núria,84.950833,7.614,La Molina,90.630667,Masella,95.756667,0.403798,44.7668,65,municipality,curated_ski_catalogue;openrouteservice,,2026-08-21T19:58:41Z,0.2.0,,"No snow, traffic, parking capacity, or season duration is modelled.",complete,44.7668,44.7668,100,,curated,access_variety_no_tier,true
080386,Callús,07,Bages,2026-08-21,Port del Comte,67.587667,69.47,Port del Comte,67.587667,,Masella,81.261333,La Molina,87.531667,0.51136,59.3556,65,municipality,curated_ski_catalogue;openrouteservice,,2026-08-21T19:58:41Z,0.2.0,,"No snow, traffic, parking capacity, or season duration is modelled.",complete,59.3556,59.3556,100,,curated,access_variety_no_tier,true
080399,Campins,41,Vallès Oriental,2026-08-21,Masella,132.893667,175.77,Masella,132.893667,74,Vall de Núria,134.105667,La Molina,139.163833,0.187239,15.3947,65,municipality,curated_ski_catalogue;openrouteservice,,2026-08-21T19:58:41Z,0.2.0,,"No snow, traffic, parking capacity, or season duration is modelled.",complete,15.3947,15.3947,100,,curated,access_variety_no_tier,true
080403,Canet de Mar,21,Maresme,2026-08-21,Masella,138.538,180.64,Masella,138.538,74,La Molina,144.808167,Port del Comte,145.018167,0.166414,12.5701,65,municipality,curated_ski_catalogue;openrouteservice,,2026-08-21T19:58:41Z,0.2.0,,"No snow, traffic, parking capacity, or season duration is modelled.",complete,12.5701,12.5701,100,,curated,access_variety_no_tier,true
080410,Canovelles,41,Vallès Oriental,2026-08-21,Vall de Núria,113.991667,95.56,Vall de Núria,113.991667,7.614,Masella,114.852333,La Molina,119.6715,0.257338,24.9023,65,municipality,curated_ski_catalogue;openrouteservice,,2026-08-21T19:58:41Z,0.2.0,,"No snow, traffic, parking capacity, or season duration is modelled.",complete,24.9023,24.9023,100,,curated,access_variety_no_tier,true
080425,Cànoves i Samalús,41,Vallès Oriental,2026-08-21,Vall de Núria,122.823,95.64,Vall de Núria,122.823,7.614,La Molina,128.502833,Masella,130.16,0.216405,19.3505,65,municipality,curated_ski_catalogue;openrouteservice,,2026-08-21T19:58:41Z,0.2.0,,"No snow, traffic, parking capacity, or season duration is modelled.",complete,19.3505,19.3505,100,,curated,access_variety_no_tier,true
080431,Canyelles,17,Garraf,2026-08-21,Port del Comte,125.02,138.74,Port del Comte,125.02,,Masella,126.5395,La Molina,132.809667,0.212483,18.8185,65,municipality,curated_ski_catalogue;openrouteservice,,2026-08-21T19:58:41Z,0.2.0,,"No snow, traffic, parking capacity, or season duration is modelled.",complete,18.8185,18.8185,100,,curated,access_variety_no_tier,true
080446,Capellades,06,Anoia,2026-08-21,Port del Comte,99.677,107.88,Port del Comte,99.677,,Masella,101.1965,La Molina,107.466833,0.324162,33.9657,65,municipality,curated_ski_catalogue;openrouteservice,,2026-08-21T19:58:41Z,0.2.0,,"No snow, traffic, parking capacity, or season duration is modelled.",complete,33.9657,33.9657,100,,curated,access_variety_no_tier,true
080459,Capolat,14,Berguedà,2026-08-21,Port del Comte,53.0335,40.28,Port del Comte,53.0335,,Masella,68.930667,La Molina,75.201,0.64306,77.2182,65,municipality,curated_ski_catalogue;openrouteservice,,2026-08-21T19:58:41Z,0.2.0,,"No snow, traffic, parking capacity, or season duration is modelled.",complete,77.2182,77.2182,100,,curated,access_variety_no_tier,true
080462,Cardedeu,41,Vallès Oriental,2026-08-21,Masella,120.043833,159.03,Masella,120.043833,74,Vall de Núria,125.844833,La Molina,126.314167,0.227077,20.798,65,municipality,curated_ski_catalogue;openrouteservice,,2026-08-21T19:58:41Z,0.2.0,,"No snow, traffic, parking capacity, or season duration is modelled.",complete,20.798,20.798,100,,curated,access_variety_no_tier,true
080478,Cardona,07,Bages,2026-08-21,Port del Comte,51.745,49.5,Port del Comte,51.745,,Masella,86.214167,La Molina,92.484333,0.594492,70.6309,65,municipality,curated_ski_catalogue;openrouteservice,,2026-08-21T19:58:41Z,0.2.0,,"No snow, traffic, parking capacity, or season duration is modelled.",complete,70.6309,70.6309,100,,curated,access_variety_no_tier,true
080484,Carme,06,Anoia,2026-08-21,Port del Comte,104.777,111.17,Port del Comte,104.777,,Masella,106.2965,La Molina,112.566667,0.297747,30.383,65,municipality,curated_ski_catalogue;openrouteservice,,2026-08-21T19:58:41Z,0.2.0,,"No snow, traffic, parking capacity, or season duration is modelled.",complete,30.383,30.383,100,,curated,access_variety_no_tier,true
080497,Casserres,14,Berguedà,2026-08-21,Masella,59.486333,56.22,Masella,59.486333,74,La Molina,65.7565,Port del Comte,68.214,0.618358,73.8678,65,municipality,curated_ski_catalogue;openrouteservice,,2026-08-21T19:58:41Z,0.2.0,,"No snow, traffic, parking capacity, or season duration is modelled.",complete,73.8678,73.8678,100,,curated,access_variety_no_tier,true
080500,Castellar del Riu,14,Berguedà,2026-08-21,Port del Comte,38.842667,30.14,Port del Comte,38.842667,,Masella,74.080333,La Molina,80.350667,0.734397,89.6063,65,municipality,curated_ski_catalogue;openrouteservice,,2026-08-21T19:58:41Z,0.2.0,,"No snow, traffic, parking capacity, or season duration is modelled.",complete,89.6063,89.6063,100,,curated,access_variety_no_tier,true
080517,Castellar del Vallès,40,Vallès Occidental,2026-08-21,Masella,106.352833,132.35,Masella,106.352833,74,La Molina,112.623,Port del Comte,112.832833,0.284547,28.5926,65,municipality,curated_ski_catalogue;openrouteservice,,2026-08-21T19:58:41Z,0.2.0,,"No snow, traffic, parking capacity, or season duration is modelled.",complete,28.5926,28.5926,100,,curated,access_variety_no_tier,true
080522,Castellar de n'Hug,14,Berguedà,2026-08-21,La Molina,24.545333,18.66,La Molina,24.545333,70.644,Masella,32.562333,Vall de Núria,78.354,1.022574,100,65,municipality,curated_ski_catalogue;openrouteservice,,2026-08-21T19:58:41Z,0.2.0,,"No snow, traffic, parking capacity, or season duration is modelled.",complete,100,100,100,,curated,access_variety_no_tier,true
080538,Castellbell i el Vilar,07,Bages,2026-08-21,Masella,84.283667,103.04,Masella,84.283667,74,La Molina,90.553833,Port del Comte,90.763833,0.411051,45.7505,65,municipality,curated_ski_catalogue;openrouteservice,,2026-08-21T19:58:41Z,0.2.0,,"No snow, traffic, parking capacity, or season duration is modelled.",complete,45.7505,45.7505,100,,curated,access_variety_no_tier,true
080543,Castellbisbal,40,Vallès Occidental,2026-08-21,Masella,109.140167,129.66,Masella,109.140167,74,La Molina,115.4105,Port del Comte,115.620333,0.27163,26.8407,65,municipality,curated_ski_catalogue;openrouteservice,,2026-08-21T19:58:41Z,0.2.0,,"No snow, traffic, parking capacity, or season duration is modelled.",complete,26.8407,26.8407,100,,curated,access_variety_no_tier,true
080556,Castellcir,42,Moianès,2026-08-21,Masella,103.913333,116.41,Masella,103.913333,74,La Molina,110.1835,Port del Comte,113.225,0.294524,29.9458,65,municipality,curated_ski_catalogue;openrouteservice,,2026-08-21T19:58:41Z,0.2.0,,"No snow, traffic, parking capacity, or season duration is modelled.",complete,29.9458,29.9458,100,,curated,access_variety_no_tier,true
080569,Castelldefels,11,Baix Llobregat,2026-08-21,Masella,129.386333,161.31,Masella,129.386333,74,La Molina,135.6565,Port del Comte,135.866333,0.193835,16.2892,65,municipality,curated_ski_catalogue;openrouteservice,,2026-08-21T19:58:41Z,0.2.0,,"No snow, traffic, parking capacity, or season duration is modelled.",complete,16.2892,16.2892,100,,curated,access_variety_no_tier,true
080575,Castell de l'Areny,14,Berguedà,2026-08-21,Masella,64.560333,56.41,Masella,64.560333,74,La Molina,70.8305,Port del Comte,80.869333,0.559467,65.8804,65,municipality,curated_ski_catalogue;openrouteservice,,2026-08-21T19:58:41Z,0.2.0,,"No snow, traffic, parking capacity, or season duration is modelled.",complete,65.8804,65.8804,100,,curated,access_variety_no_tier,true
080581,Castellet i la Gornal,03,Alt Penedès,2026-08-21,Port del Comte,133.3725,147.21,Port del Comte,133.3725,,Masella,133.632167,La Molina,139.9025,0.186495,15.2937,65,municipality,curated_ski_catalogue;openrouteservice,,2026-08-21T19:58:41Z,0.2.0,,"No snow, traffic, parking capacity, or season duration is modelled.",complete,15.2937,15.2937,100,,curated,access_variety_no_tier,true
080594,Castellfollit del Boix,07,Bages,2026-08-21,Port del Comte,92.231333,94.28,Port del Comte,92.231333,,Masella,93.751,La Molina,100.021167,0.366991,39.7746,65,municipality,curated_ski_catalogue;openrouteservice,,2026-08-21T19:58:41Z,0.2.0,,"No snow, traffic, parking capacity, or season duration is modelled.",complete,39.7746,39.7746,100,,curated,access_variety_no_tier,true
080608,Castellfollit de Riubregós,06,Anoia,2026-08-21,Port del Comte,61.593833,65.54,Port del Comte,61.593833,,Masella,99.384167,La Molina,105.6545,0.49662,57.3564,65,municipality,curated_ski_catalogue;openrouteservice,,2026-08-21T19:58:41Z,0.2.0,,"No snow, traffic, parking capacity, or season duration is modelled.",complete,57.3564,57.3564,100,,curated,access_variety_no_tier,true
080615,Castellgalí,07,Bages,2026-08-21,Masella,88.042,104.44,Masella,88.042,74,Port del Comte,89.875167,La Molina,94.312167,0.394243,43.4709,65,municipality,curated_ski_catalogue;openrouteservice,,2026-08-21T19:58:41Z,0.2.0,,"No snow, traffic, parking capacity, or season duration is modelled.",complete,43.4709,43.4709,100,,curated,access_variety_no_tier,true
080620,Castellnou de Bages,07,Bages,2026-08-21,Masella,81.524333,81.57,Masella,81.524333,74,Port del Comte,85.914333,La Molina,87.7945,0.434282,48.9015,65,municipality,curated_ski_catalogue;openrouteservice,,2026-08-21T19:58:41Z,0.2.0,,"No snow, traffic, parking capacity, or season duration is modelled.",complete,48.9015,48.9015,100,,curated,access_variety_no_tier,true
080636,Castellolí,06,Anoia,2026-08-21,Port del Comte,95.4355,106.83,Port del Comte,95.4355,,Masella,97.4005,La Molina,103.670667,0.346841,37.0417,65,municipality,curated_ski_catalogue;openrouteservice,,2026-08-21T19:58:41Z,0.2.0,,"No snow, traffic, parking capacity, or season duration is modelled.",complete,37.0417,37.0417,100,,curated,access_variety_no_tier,true
080641,Castellterçol,42,Moianès,2026-08-21,Masella,99.8995,113.94,Masella,99.8995,74,La Molina,106.169833,Port del Comte,109.211167,0.3149,32.7095,65,municipality,curated_ski_catalogue;openrouteservice,,2026-08-21T19:58:41Z,0.2.0,,"No snow, traffic, parking capacity, or season duration is modelled.",complete,32.7095,32.7095,100,,curated,access_variety_no_tier,true
080654,Castellví de la Marca,03,Alt Penedès,2026-08-21,Port del Comte,125.751667,140.34,Port del Comte,125.751667,,Masella,126.011333,La Molina,132.2815,0.211752,18.7194,65,municipality,curated_ski_catalogue;openrouteservice,,2026-08-21T19:58:41Z,0.2.0,,"No snow, traffic, parking capacity, or season duration is modelled.",complete,18.7194,18.7194,100,,curated,access_variety_no_tier,true
080667,Castellví de Rosanes,11,Baix Llobregat,2026-08-21,Masella,111.859667,136.68,Masella,111.859667,74,La Molina,118.129833,Port del Comte,118.339667,0.259594,25.2082,65,municipality,curated_ski_catalogue;openrouteservice,,2026-08-21T19:58:41Z,0.2.0,,"No snow, traffic, parking capacity, or season duration is modelled.",complete,25.2082,25.2082,100,,curated,access_variety_no_tier,true
080673,Centelles,24,Osona,2026-08-21,Vall de Núria,94.206333,73.49,Vall de Núria,94.206333,7.614,La Molina,99.886333,Masella,102.315167,0.348072,37.2086,65,municipality,curated_ski_catalogue;openrouteservice,,2026-08-21T19:58:41Z,0.2.0,,"No snow, traffic, parking capacity, or season duration is modelled.",complete,37.2086,37.2086,100,,curated,access_variety_no_tier,true
080689,Cervelló,11,Baix Llobregat,2026-08-21,Masella,115.1075,146.26,Masella,115.1075,74,La Molina,121.377667,Port del Comte,121.5875,0.245915,23.353,65,municipality,curated_ski_catalogue;openrouteservice,,2026-08-21T19:58:41Z,0.2.0,,"No snow, traffic, parking capacity, or season duration is modelled.",complete,23.353,23.353,100,,curated,access_variety_no_tier,true
080692,Collbató,11,Baix Llobregat,2026-08-21,Masella,97.378833,113.21,Masella,97.378833,74,La Molina,103.649,Port del Comte,103.859,0.330453,34.8189,65,municipality,curated_ski_catalogue;openrouteservice,,2026-08-21T19:58:41Z,0.2.0,,"No snow, traffic, parking capacity, or season duration is modelled.",complete,34.8189,34.8189,100,,curated,access_variety_no_tier,true
080706,Collsuspina,42,Moianès,2026-08-21,Vall de Núria,98.5575,75.77,Vall de Núria,98.5575,7.614,Masella,99.632,La Molina,104.237333,0.33249,35.0952,65,municipality,curated_ski_catalogue;openrouteservice,,2026-08-21T19:58:41Z,0.2.0,,"No snow, traffic, parking capacity, or season duration is modelled.",complete,35.0952,35.0952,100,,curated,access_variety_no_tier,true
080713,Copons,06,Anoia,2026-08-21,Port del Comte,81.063833,87.03,Port del Comte,81.063833,,Masella,101.749667,La Molina,108.02,0.391999,43.1665,65,municipality,curated_ski_catalogue;openrouteservice,,2026-08-21T19:58:41Z,0.2.0,,"No snow, traffic, parking capacity, or season duration is modelled.",complete,43.1665,43.1665,100,,curated,access_variety_no_tier,true
080728,Corbera de Llobregat,11,Baix Llobregat,2026-08-21,Masella,124.0075,150.36,Masella,124.0075,74,La Molina,130.277833,Port del Comte,130.487667,0.212014,18.7549,65,municipality,curated_ski_catalogue;openrouteservice,,2026-08-21T19:58:41Z,0.2.0,,"No snow, traffic, parking capacity, or season duration is modelled.",complete,18.7549,18.7549,100,,curated,access_variety_no_tier,true
080734,Cornellà de Llobregat,11,Baix Llobregat,2026-08-21,Masella,114.834,148.35,Masella,114.834,74,La Molina,121.104333,Port del Comte,121.314167,0.247038,23.5053,65,municipality,curated_ski_catalogue;openrouteservice,,2026-08-21T19:58:41Z,0.2.0,,"No snow, traffic, parking capacity, or season duration is modelled.",complete,23.5053,23.5053,100,,curated,access_variety_no_tier,true
080749,Cubelles,17,Garraf,2026-08-21,Port del Comte,136.148667,151.71,Port del Comte,136.148667,,Masella,137.668167,La Molina,143.9385,0.176511,13.9396,65,municipality,curated_ski_catalogue;openrouteservice,,2026-08-21T19:58:41Z,0.2.0,,"No snow, traffic, parking capacity, or season duration is modelled.",complete,13.9396,13.9396,100,,curated,access_variety_no_tier,true
080752,Dosrius,21,Maresme,2026-08-21,Masella,124.1585,163.53,Masella,124.1585,74,La Molina,130.428833,Port del Comte,130.638667,0.211481,18.6826,65,municipality,curated_ski_catalogue;openrouteservice,,2026-08-21T19:58:41Z,0.2.0,,"No snow, traffic, parking capacity, or season duration is modelled.",complete,18.6826,18.6826,100,,curated,access_variety_no_tier,true
080765,Esparreguera,11,Baix Llobregat,2026-08-21,Masella,102.221833,119,Masella,102.221833,74,La Molina,108.492,Port del Comte,108.701833,0.304828,31.3434,65,municipality,curated_ski_catalogue;openrouteservice,,2026-08-21T19:58:41Z,0.2.0,,"No snow, traffic, parking capacity, or season duration is modelled.",complete,31.3434,31.3434,100,,curated,access_variety_no_tier,true
080771,Esplugues de Llobregat,11,Baix Llobregat,2026-08-21,Masella,115.184833,143.42,Masella,115.184833,74,La Molina,121.455167,Port del Comte,121.665,0.245598,23.31,65,municipality,curated_ski_catalogue;openrouteservice,,2026-08-21T19:58:41Z,0.2.0,,"No snow, traffic, parking capacity, or season duration is modelled.",complete,23.31,23.31,100,,curated,access_variety_no_tier,true
080787,l'Espunyola,14,Berguedà,2026-08-21,Port del Comte,56.728667,62.1,Port del Comte,56.728667,,Masella,58.141833,La Molina,64.412,0.663669,80.0134,65,municipality,curated_ski_catalogue;openrouteservice,,2026-08-21T19:58:41Z,0.2.0,,"No snow, traffic, parking capacity, or season duration is modelled.",complete,80.0134,80.0134,100,,curated,access_variety_no_tier,true
080790,l'Estany,42,Moianès,2026-08-21,Masella,91.824333,113.18,Masella,91.824333,74,Vall de Núria,96.025333,La Molina,98.0945,0.366096,39.6533,65,municipality,curated_ski_catalogue;openrouteservice,,2026-08-21T19:58:41Z,0.2.0,,"No snow, traffic, parking capacity, or season duration is modelled.",complete,39.6533,39.6533,100,,curated,access_variety_no_tier,true
080804,Fígols,14,Berguedà,2026-08-21,Masella,44.895167,39.46,Masella,44.895167,74,La Molina,51.165333,Port del Comte,78.664333,0.753695,92.2237,65,municipality,curated_ski_catalogue;openrouteservice,,2026-08-21T19:58:41Z,0.2.0,,"No snow, traffic, parking capacity, or season duration is modelled.",complete,92.2237,92.2237,100,,curated,access_variety_no_tier,true
080811,Fogars de Montclús,41,Vallès Oriental,2026-08-21,Vall de Núria,132.445167,103.7,Vall de Núria,132.445167,7.614,Masella,132.7935,La Molina,138.125167,0.18967,15.7244,65,municipality,curated_ski_catalogue;openrouteservice,,2026-08-21T19:58:41Z,0.2.0,,"No snow, traffic, parking capacity, or season duration is modelled.",complete,15.7244,15.7244,100,,curated,access_variety_no_tier,true
080826,Fogars de la Selva,34,Selva,2026-08-21,Vall de Núria,121.021667,106.6,Vall de Núria,121.021667,7.614,La Molina,126.701667,Masella,131.827667,0.221347,20.0208,65,municipality,curated_ski_catalogue;openrouteservice,,2026-08-21T19:58:41Z,0.2.0,,"No snow, traffic, parking capacity, or season duration is modelled.",complete,20.0208,20.0208,100,,curated,access_variety_no_tier,true
080832,Folgueroles,24,Osona,2026-08-21,Vall de Núria,85.238167,61.32,Vall de Núria,85.238167,7.614,La Molina,90.918,Masella,96.044167,0.401868,44.5051,65,municipality,curated_ski_catalogue;openrouteservice,,2026-08-21T19:58:41Z,0.2.0,,"No snow, traffic, parking capacity, or season duration is modelled.",complete,44.5051,44.5051,100,,curated,access_variety_no_tier,true
080847,Fonollosa,07,Bages,2026-08-21,Port del Comte,85.0645,92.15,Port del Comte,85.0645,,Masella,93.181667,La Molina,99.452,0.395716,43.6706,65,municipality,curated_ski_catalogue;openrouteservice,,2026-08-21T19:58:41Z,0.2.0,,"No snow, traffic, parking capacity, or season duration is modelled.",complete,43.6706,43.6706,100,,curated,access_variety_no_tier,true
080850,Font-rubí,03,Alt Penedès,2026-08-21,Port del Comte,116.683167,124.15,Port del Comte,116.683167,,Masella,118.202667,La Molina,124.473,0.244156,23.1144,65,municipality,curated_ski_catalogue;openrouteservice,,2026-08-21T19:58:41Z,0.2.0,,"No snow, traffic, parking capacity, or season duration is modelled.",complete,23.1144,23.1144,100,,curated,access_variety_no_tier,true
080863,les Franqueses del Vallès,41,Vallès Oriental,2026-08-21,Vall de Núria,116.067667,95.25,Vall de Núria,116.067667,7.614,Masella,119.812167,La Molina,121.7475,0.245245,23.262,65,municipality,curated_ski_catalogue;openrouteservice,,2026-08-21T19:58:41Z,0.2.0,,"No snow, traffic, parking capacity, or season duration is modelled.",complete,23.262,23.262,100,,curated,access_variety_no_tier,true
080879,Gallifa,40,Vallès Occidental,2026-08-21,Masella,120.759,125.24,Masella,120.759,74,La Molina,127.029167,Vall de Núria,127.9545,0.223454,20.3065,65,municipality,curated_ski_catalogue;openrouteservice,,2026-08-21T19:58:41Z,0.2.0,,"No snow, traffic, parking capacity, or season duration is modelled.",complete,20.3065,20.3065,100,,curated,access_variety_no_tier,true
080885,la Garriga,41,Vallès Oriental,2026-08-21,Vall de Núria,108.735,87.42,Vall de Núria,108.735,7.614,La Molina,114.414833,Masella,116.843833,0.273217,27.0559,65,municipality,curated_ski_catalogue;openrouteservice,,2026-08-21T19:58:41Z,0.2.0,,"No snow, traffic, parking capacity, or season duration is modelled.",complete,27.0559,27.0559,100,,curated,access_variety_no_tier,true
080898,Gavà,11,Baix Llobregat,2026-08-21,Masella,127.936333,158.33,Masella,127.936333,74,La Molina,134.2065,Port del Comte,134.4165,0.198576,16.9323,65,municipality,curated_ski_catalogue;openrouteservice,,2026-08-21T19:58:41Z,0.2.0,,"No snow, traffic, parking capacity, or season duration is modelled.",complete,16.9323,16.9323,100,,curated,access_variety_no_tier,true
080902,Gaià,07,Bages,2026-08-21,Masella,68.748833,72.89,Masella,68.748833,74,La Molina,75.019167,Port del Comte,84.223,0.522592,60.879,65,municipality,curated_ski_catalogue;openrouteservice,,2026-08-21T19:58:41Z,0.2.0,,"No snow, traffic, parking capacity, or season duration is modelled.",complete,60.879,60.879,100,,curated,access_variety_no_tier,true
080919,Gelida,03,Alt Penedès,2026-08-21,Masella,111.367,138.97,Masella,111.367,74,La Molina,117.637333,Port del Comte,117.847167,0.261734,25.4984,65,municipality,curated_ski_catalogue;openrouteservice,,2026-08-21T19:58:41Z,0.2.0,,"No snow, traffic, parking capacity, or season duration is modelled.",complete,25.4984,25.4984,100,,curated,access_variety_no_tier,true
080924,Gironella,14,Berguedà,2026-08-21,Masella,56.469167,52.24,Masella,56.469167,74,La Molina,62.7395,Port del Comte,71.943333,0.641278,76.9765,65,municipality,curated_ski_catalogue;openrouteservice,,2026-08-21T19:58:41Z,0.2.0,,"No snow, traffic, parking capacity, or season duration is modelled.",complete,76.9765,76.9765,100,,curated,access_variety_no_tier,true
080930,Gisclareny,14,Berguedà,2026-08-21,Masella,49.283833,33.76,Masella,49.283833,74,La Molina,55.554167,Port del Comte,98.718,0.686142,83.0615,65,municipality,curated_ski_catalogue;openrouteservice,,2026-08-21T19:58:41Z,0.2.0,,"No snow, traffic, parking capacity, or season duration is modelled.",complete,83.0615,83.0615,100,,curated,access_variety_no_tier,true
080945,la Granada,03,Alt Penedès,2026-08-21,Port del Comte,115.925667,126.95,Port del Comte,115.925667,,Masella,117.445167,La Molina,123.7155,0.247258,23.5351,65,municipality,curated_ski_catalogue;openrouteservice,,2026-08-21T19:58:41Z,0.2.0,,"No snow, traffic, parking capacity, or season duration is modelled.",complete,23.5351,23.5351,100,,curated,access_variety_no_tier,true
080958,Granera,42,Moianès,2026-08-21,Masella,109.997,110.47,Masella,109.997,74,La Molina,116.267333,Port del Comte,119.308667,0.266125,26.094,65,municipality,curated_ski_catalogue;openrouteservice,,2026-08-21T19:58:41Z,0.2.0,,"No snow, traffic, parking capacity, or season duration is modelled.",complete,26.094,26.094,100,,curated,access_variety_no_tier,true
080961,Granollers,41,Vallès Oriental,2026-08-21,Masella,114.417167,150.21,Masella,114.417167,74,Vall de Núria,117.625667,La Molina,120.6875,0.25238,24.2298,65,municipality,curated_ski_catalogue;openrouteservice,,2026-08-21T19:58:41Z,0.2.0,,"No snow, traffic, parking capacity, or season duration is modelled.",complete,24.2298,24.2298,100,,curated,access_variety_no_tier,true
080977,Gualba,41,Vallès Oriental,2026-08-21,Vall de Núria,129.607833,109.34,Vall de Núria,129.607833,7.614,La Molina,135.287667,Masella,136.087667,0.193634,16.262,65,municipality,curated_ski_catalogue;openrouteservice,,2026-08-21T19:58:41Z,0.2.0,,"No snow, traffic, parking capacity, or season duration is modelled.",complete,16.262,16.262,100,,curated,access_variety_no_tier,true
080983,Sant Salvador de Guardiola,07,Bages,2026-08-21,Port del Comte,83.846833,85.61,Port del Comte,83.846833,,Masella,85.366333,La Molina,91.636667,0.422031,47.2398,65,municipality,curated_ski_catalogue;openrouteservice,,2026-08-21T19:58:41Z,0.2.0,,"No snow, traffic, parking capacity, or season duration is modelled.",complete,47.2398,47.2398,100,,curated,access_variety_no_tier,true
080996,Guardiola de Berguedà,14,Berguedà,2026-08-21,Masella,29.8765,25.63,Masella,29.8765,74,La Molina,36.146667,Port del Comte,76.378833,0.951515,100,65,municipality,curated_ski_catalogue;openrouteservice,,2026-08-21T19:58:41Z,0.2.0,,"No snow, traffic, parking capacity, or season duration is modelled.",complete,100,100,100,,curated,access_variety_no_tier,true
081000,Gurb,24,Osona,2026-08-21,Vall de Núria,80.422833,54.98,Vall de Núria,80.422833,7.614,La Molina,86.102667,Masella,87.636667,0.438822,49.5172,65,municipality,curated_ski_catalogue;openrouteservice,,2026-08-21T19:58:41Z,0.2.0,,"No snow, traffic, parking capacity, or season duration is modelled.",complete,49.5172,49.5172,100,,curated,access_variety_no_tier,true
081017,l'Hospitalet de Llobregat,13,Barcelonès,2026-08-21,Masella,117.977167,145.33,Masella,117.977167,74,La Molina,124.2475,Port del Comte,124.457333,0.23443,21.7952,65,municipality,curated_ski_catalogue;openrouteservice,,2026-08-21T19:58:41Z,0.2.0,,"No snow, traffic, parking capacity, or season duration is modelled.",complete,21.7952,21.7952,100,,curated,access_variety_no_tier,true
081022,Igualada,06,Anoia,2026-08-21,Port del Comte,94.701167,99.19,Port del Comte,94.701167,,Masella,102.0405,La Molina,108.310667,0.338706,35.9383,65,municipality,curated_ski_catalogue;openrouteservice,,2026-08-21T19:58:41Z,0.2.0,,"No snow, traffic, parking capacity, or season duration is modelled.",complete,35.9383,35.9383,100,,curated,access_variety_no_tier,true
081038,Jorba,06,Anoia,2026-08-21,Port del Comte,86.654,92.09,Port del Comte,86.654,,Masella,103.483,La Molina,109.753167,0.365173,39.5281,65,municipality,curated_ski_catalogue;openrouteservice,,2026-08-21T19:58:41Z,0.2.0,,"No snow, traffic, parking capacity, or season duration is modelled.",complete,39.5281,39.5281,100,,curated,access_variety_no_tier,true
081043,la Llacuna,06,Anoia,2026-08-21,Port del Comte,109.105167,120.1,Port del Comte,109.105167,,Masella,120.137,La Molina,126.407333,0.260202,25.2908,65,municipality,curated_ski_catalogue;openrouteservice,,2026-08-21T19:58:41Z,0.2.0,,"No snow, traffic, parking capacity, or season duration is modelled.",complete,25.2908,25.2908,100,,curated,access_variety_no_tier,true
081056,la Llagosta,41,Vallès Oriental,2026-08-21,Masella,110.253833,140.46,Masella,110.253833,74,La Molina,116.524,Port del Comte,116.734,0.266635,26.1632,65,municipality,curated_ski_catalogue;openrouteservice,,2026-08-21T19:58:41Z,0.2.0,,"No snow, traffic, parking capacity, or season duration is modelled.",complete,26.1632,26.1632,100,,curated,access_variety_no_tier,true
081069,Llinars del Vallès,41,Vallès Oriental,2026-08-21,Masella,119.911,161.52,Masella,119.911,74,La Molina,126.181333,Port del Comte,126.391167,0.226995,20.7868,65,municipality,curated_ski_catalogue;openrouteservice,,2026-08-21T19:58:41Z,0.2.0,,"No snow, traffic, parking capacity, or season duration is modelled.",complete,20.7868,20.7868,100,,curated,access_variety_no_tier,true
081075,Lliçà d'Amunt,41,Vallès Oriental,2026-08-21,Masella,115.498333,151.83,Masella,115.498333,74,Vall de Núria,117.528333,La Molina,121.7685,0.249244,23.8045,65,municipality,curated_ski_catalogue;openrouteservice,,2026-08-21T19:58:41Z,0.2.0,,"No snow, traffic, parking capacity, or season duration is modelled.",complete,23.8045,23.8045,100,,curated,access_variety_no_tier,true
081081,Lliçà de Vall,41,Vallès Oriental,2026-08-21,Masella,112.120833,148.39,Masella,112.120833,74,La Molina,118.391167,Port del Comte,118.601,0.258466,25.0552,65,municipality,curated_ski_catalogue;openrouteservice,,2026-08-21T19:58:41Z,0.2.0,,"No snow, traffic, parking capacity, or season duration is modelled.",complete,25.0552,25.0552,100,,curated,access_variety_no_tier,true
081094,Lluçà,43,Lluçanès,2026-08-21,Masella,76.384667,74.84,Masella,76.384667,74,La Molina,82.654833,Vall de Núria,87.156333,0.464553,53.007,65,municipality,curated_ski_catalogue;openrouteservice,,2026-08-21T19:58:41Z,0.2.0,,"No snow, traffic, parking capacity, or season duration is modelled.",complete,53.007,53.007,100,,curated,access_variety_no_tier,true
081108,Malgrat de Mar,21,Maresme,2026-08-21,Vall de Núria,141.697,136.02,Vall de Núria,141.697,7.614,La Molina,147.376833,Masella,148.2555,0.158271,11.4657,65,municipality,curated_ski_catalogue;openrouteservice,,2026-08-21T19:58:41Z,0.2.0,,"No snow, traffic, parking capacity, or season duration is modelled.",complete,11.4657,11.4657,100,,curated,access_variety_no_tier,true
081115,Malla,24,Osona,2026-08-21,Vall de Núria,85.996167,64.33,Vall de Núria,85.996167,7.614,La Molina,91.676167,Masella,94.105,0.399113,44.1314,65,municipality,curated_ski_catalogue;openrouteservice,,2026-08-21T19:58:41Z,0.2.0,,"No snow, traffic, parking capacity, or season duration is modelled.",complete,44.1314,44.1314,100,,curated,access_variety_no_tier,true
081120,Manlleu,24,Osona,2026-08-21,Vall de Núria,79.359,51.53,Vall de Núria,79.359,7.614,La Molina,85.039,Masella,93.056,0.440623,49.7614,65,municipality,curated_ski_catalogue;openrouteservice,,2026-08-21T19:58:41Z,0.2.0,,"No snow, traffic, parking capacity, or season duration is modelled.",complete,49.7614,49.7614,100,,curated,access_variety_no_tier,true
081136,Manresa,07,Bages,2026-08-21,Port del Comte,80.407167,79.25,Port del Comte,80.407167,,Masella,82.711667,La Molina,88.982,0.444526,50.2908,65,municipality,curated_ski_catalogue;openrouteservice,,2026-08-21T19:58:41Z,0.2.0,,"No snow, traffic, parking capacity, or season duration is modelled.",complete,50.2908,50.2908,100,,curated,access_variety_no_tier,true
081141,Martorell,11,Baix Llobregat,2026-08-21,Masella,107.4685,133.17,Masella,107.4685,74,La Molina,113.738833,Port del Comte,113.948667,0.279304,27.8816,65,municipality,curated_ski_catalogue;openrouteservice,,2026-08-21T19:58:41Z,0.2.0,,"No snow, traffic, parking capacity, or season duration is modelled.",complete,27.8816,27.8816,100,,curated,access_variety_no_tier,true
081154,Martorelles,41,Vallès Oriental,2026-08-21,Masella,113.760667,145.19,Masella,113.760667,74,La Molina,120.031,Port del Comte,120.240833,0.251497,24.1101,65,municipality,curated_ski_catalogue;openrouteservice,,2026-08-21T19:58:41Z,0.2.0,,"No snow, traffic, parking capacity, or season duration is modelled.",complete,24.1101,24.1101,100,,curated,access_variety_no_tier,true
081167,les Masies de Roda,24,Osona,2026-08-21,Vall de Núria,86.011,55.77,Vall de Núria,86.011,7.614,La Molina,91.690833,Masella,98.0725,0.395694,43.6677,65,municipality,curated_ski_catalogue;openrouteservice,,2026-08-21T19:58:41Z,0.2.0,,"No snow, traffic, parking capacity, or season duration is modelled.",complete,43.6677,43.6677,100,,curated,access_variety_no_tier,true
081173,les Masies de Voltregà,24,Osona,2026-08-21,Vall de Núria,73.6085,45.18,Vall de Núria,73.6085,7.614,La Molina,79.288333,Masella,87.3055,0.484943,55.7726,65,municipality,curated_ski_catalogue;openrouteservice,,2026-08-21T19:58:41Z,0.2.0,,"No snow, traffic, parking capacity, or season duration is modelled.",complete,55.7726,55.7726,100,,curated,access_variety_no_tier,true
081189,el Masnou,21,Maresme,2026-08-21,Masella,121.718667,152.99,Masella,121.718667,74,La Molina,127.989,Port del Comte,128.198833,0.220258,19.873,65,municipality,curated_ski_catalogue;openrouteservice,,2026-08-21T19:58:41Z,0.2.0,,"No snow, traffic, parking capacity, or season duration is modelled.",complete,19.873,19.873,100,,curated,access_variety_no_tier,true
081192,Masquefa,06,Anoia,2026-08-21,Masella,114.649333,141.52,Masella,114.649333,74,Port del Comte,115.200333,La Molina,120.919667,0.254581,24.5283,65,municipality,curated_ski_catalogue;openrouteservice,,2026-08-21T19:58:41Z,0.2.0,,"No snow, traffic, parking capacity, or season duration is modelled.",complete,24.5283,24.5283,100,,curated,access_variety_no_tier,true
081206,Matadepera,40,Vallès Occidental,2026-08-21,Masella,98.588833,123.11,Masella,98.588833,74,La Molina,104.859,Port del Comte,105.069,0.323855,33.9241,65,municipality,curated_ski_catalogue;openrouteservice,,2026-08-21T19:58:41Z,0.2.0,,"No snow, traffic, parking capacity, or season duration is modelled.",complete,33.9241,33.9241,100,,curated,access_variety_no_tier,true
081213,Mataró,21,Maresme,2026-08-21,Masella,128.2905,169.85,Masella,128.2905,74,La Molina,134.560833,Port del Comte,134.770667,0.197407,16.7738,65,municipality,curated_ski_catalogue;openrouteservice,,2026-08-21T19:58:41Z,0.2.0,,"No snow, traffic, parking capacity, or season duration is modelled.",complete,16.7738,16.7738,100,,curated,access_variety_no_tier,true
081228,Mediona,03,Alt Penedès,2026-08-21,Port del Comte,110.567,119.9,Port del Comte,110.567,,Masella,112.0865,La Molina,118.356667,0.270357,26.6681,65,municipality,curated_ski_catalogue;openrouteservice,,2026-08-21T19:58:41Z,0.2.0,,"No snow, traffic, parking capacity, or season duration is modelled.",complete,26.6681,26.6681,100,,curated,access_variety_no_tier,true
081234,Molins de Rei,11,Baix Llobregat,2026-08-21,Masella,106.743167,140.12,Masella,106.743167,74,La Molina,113.0135,Port del Comte,113.223333,0.282701,28.3423,65,municipality,curated_ski_catalogue;openrouteservice,,2026-08-21T19:58:41Z,0.2.0,,"No snow, traffic, parking capacity, or season duration is modelled.",complete,28.3423,28.3423,100,,curated,access_variety_no_tier,true
081249,Mollet del Vallès,41,Vallès Oriental,2026-08-21,Masella,107.849333,143.15,Masella,107.849333,74,La Molina,114.1195,Port del Comte,114.3295,0.277537,27.6419,65,municipality,curated_ski_catalogue;openrouteservice,,2026-08-21T19:58:41Z,0.2.0,,"No snow, traffic, parking capacity, or season duration is modelled.",complete,27.6419,27.6419,100,,curated,access_variety_no_tier,true
081252,Montcada i Reixac,40,Vallès Occidental,2026-08-21,Masella,104.3225,137.4,Masella,104.3225,74,La Molina,110.592833,Port del Comte,110.802667,0.29434,29.9209,65,municipality,curated_ski_catalogue;openrouteservice,,2026-08-21T19:58:41Z,0.2.0,,"No snow, traffic, parking capacity, or season duration is modelled.",complete,29.9209,29.9209,100,,curated,access_variety_no_tier,true
081265,Montgat,21,Maresme,2026-08-21,Masella,115.872,148.85,Masella,115.872,74,La Molina,122.142333,Port del Comte,122.352167,0.242801,22.9306,65,municipality,curated_ski_catalogue;openrouteservice,,2026-08-21T19:58:41Z,0.2.0,,"No snow, traffic, parking capacity, or season duration is modelled.",complete,22.9306,22.9306,100,,curated,access_variety_no_tier,true
081271,Monistrol de Montserrat,07,Bages,2026-08-21,Masella,85.703,105.04,Masella,85.703,74,La Molina,91.973167,Port del Comte,92.183,0.401441,44.4472,65,municipality,curated_ski_catalogue;openrouteservice,,2026-08-21T19:58:41Z,0.2.0,,"No snow, traffic, parking capacity, or season duration is modelled.",complete,44.4472,44.4472,100,,curated,access_variety_no_tier,true
081287,Monistrol de Calders,42,Moianès,2026-08-21,Masella,90.197667,102.72,Masella,90.197667,74,La Molina,96.468,Port del Comte,99.509333,0.370167,40.2054,65,municipality,curated_ski_catalogue;openrouteservice,,2026-08-21T19:58:41Z,0.2.0,,"No snow, traffic, parking capacity, or season duration is modelled.",complete,40.2054,40.2054,100,,curated,access_variety_no_tier,true
081290,Muntanyola,24,Osona,2026-08-21,Vall de Núria,97.8165,68.73,Vall de Núria,97.8165,7.614,Masella,98.467,La Molina,103.4965,0.337303,35.7481,65,municipality,curated_ski_catalogue;openrouteservice,,2026-08-21T19:58:41Z,0.2.0,,"No snow, traffic, parking capacity, or season duration is modelled.",complete,35.7481,35.7481,100,,curated,access_variety_no_tier,true
081304,Montclar,14,Berguedà,2026-08-21,Port del Comte,63.0715,61.51,Port del Comte,63.0715,,Masella,65.863167,La Molina,72.133333,0.591468,70.2207,65,municipality,curated_ski_catalogue;openrouteservice,,2026-08-21T19:58:41Z,0.2.0,,"No snow, traffic, parking capacity, or season duration is modelled.",complete,70.2207,70.2207,100,,curated,access_variety_no_tier,true
081311,Montesquiu,24,Osona,2026-08-21,Vall de Núria,65.1915,33.75,Vall de Núria,65.1915,7.614,La Molina,70.871333,Masella,78.8885,0.557975,65.678,65,municipality,curated_ski_catalogue;openrouteservice,,2026-08-21T19:58:41Z,0.2.0,,"No snow, traffic, parking capacity, or season duration is modelled.",complete,65.678,65.678,100,,curated,access_variety_no_tier,true
081326,Montmajor,14,Berguedà,2026-08-21,Port del Comte,54.340667,57.11,Port del Comte,54.340667,,Masella,65.968667,La Molina,72.238833,0.64579,77.5884,65,municipality,curated_ski_catalogue;openrouteservice,,2026-08-21T19:58:41Z,0.2.0,,"No snow, traffic, parking capacity, or season duration is modelled.",complete,77.5884,77.5884,100,,curated,access_variety_no_tier,true
081332,Montmaneu,06,Anoia,2026-08-21,Port del Comte,81.606833,92.03,Port del Comte,81.606833,,Masella,105.386833,La Molina,111.657,0.381841,41.7888,65,municipality,curated_ski_catalogue;openrouteservice,,2026-08-21T19:58:41Z,0.2.0,,"No snow, traffic, parking capacity, or season duration is modelled.",complete,41.7888,41.7888,100,,curated,access_variety_no_tier,true
081347,Figaró-Montmany,41,Vallès Oriental,2026-08-21,Vall de Núria,101.406833,82.84,Vall de Núria,101.406833,7.614,La Molina,107.086833,Masella,109.515667,0.308709,31.8698,65,municipality,curated_ski_catalogue;openrouteservice,,2026-08-21T19:58:41Z,0.2.0,,"No snow, traffic, parking capacity, or season duration is modelled.",complete,31.8698,31.8698,100,,curated,access_variety_no_tier,true
081350,Montmeló,41,Vallès Oriental,2026-08-21,Masella,114.913,147.46,Masella,114.913,74,La Molina,121.183167,Port del Comte,121.393167,0.246714,23.4613,65,municipality,curated_ski_catalogue;openrouteservice,,2026-08-21T19:58:41Z,0.2.0,,"No snow, traffic, parking capacity, or season duration is modelled.",complete,23.4613,23.4613,100,,curated,access_variety_no_tier,true
081363,Montornès del Vallès,41,Vallès Oriental,2026-08-21,Masella,115.084667,151.47,Masella,115.084667,74,La Molina,121.355,Port del Comte,121.564833,0.246008,23.3656,65,municipality,curated_ski_catalogue;openrouteservice,,2026-08-21T19:58:41Z,0.2.0,,"No snow, traffic, parking capacity, or season duration is modelled.",complete,23.3656,23.3656,100,,curated,access_variety_no_tier,true
081379,Montseny,41,Vallès Oriental,2026-08-21,Vall de Núria,122.6055,94.98,Vall de Núria,122.6055,7.614,La Molina,128.285333,Masella,131.481667,0.216465,19.3586,65,municipality,curated_ski_catalogue;openrouteservice,,2026-08-21T19:58:41Z,0.2.0,,"No snow, traffic, parking capacity, or season duration is modelled.",complete,19.3586,19.3586,100,,curated,access_variety_no_tier,true
081385,Moià,42,Moianès,2026-08-21,Masella,90.349667,106.85,Masella,90.349667,74,La Molina,96.62,Port del Comte,99.6615,0.36923,40.0783,65,municipality,curated_ski_catalogue;openrouteservice,,2026-08-21T19:58:41Z,0.2.0,,"No snow, traffic, parking capacity, or season duration is modelled.",complete,40.0783,40.0783,100,,curated,access_variety_no_tier,true
081398,Mura,07,Bages,2026-08-21,Masella,99.961,105.39,Masella,99.961,74,Port del Comte,105.800333,La Molina,106.231333,0.317295,33.0343,65,municipality,curated_ski_catalogue;openrouteservice,,2026-08-21T19:58:41Z,0.2.0,,"No snow, traffic, parking capacity, or season duration is modelled.",complete,33.0343,33.0343,100,,curated,access_variety_no_tier,true
081402,Navarcles,07,Bages,2026-08-21,Masella,75.976667,88.64,Masella,75.976667,74,La Molina,82.246833,Port del Comte,85.288333,0.469173,53.6337,65,municipality,curated_ski_catalogue;openrouteservice,,2026-08-21T19:58:41Z,0.2.0,,"No snow, traffic, parking capacity, or season duration is modelled.",complete,53.6337,53.6337,100,,curated,access_variety_no_tier,true
081419,Navàs,07,Bages,2026-08-21,Masella,62.3245,68.11,Masella,62.3245,74,La Molina,68.594667,Port del Comte,77.7985,0.581653,68.8896,65,municipality,curated_ski_catalogue;openrouteservice,,2026-08-21T19:58:41Z,0.2.0,,"No snow, traffic, parking capacity, or season duration is modelled.",complete,68.8896,68.8896,100,,curated,access_variety_no_tier,true
081424,la Nou de Berguedà,14,Berguedà,2026-08-21,Masella,41.388833,38.07,Masella,41.388833,74,La Molina,47.659,Port del Comte,76.434667,0.797548,98.1716,65,municipality,curated_ski_catalogue;openrouteservice,,2026-08-21T19:58:41Z,0.2.0,,"No snow, traffic, parking capacity, or season duration is modelled.",complete,98.1716,98.1716,100,,curated,access_variety_no_tier,true
081430,Òdena,06,Anoia,2026-08-21,Port del Comte,94.152667,101.52,Port del Comte,94.152667,,Masella,98.057833,La Molina,104.328167,0.349687,37.4276,65,municipality,curated_ski_catalogue;openrouteservice,,2026-08-21T19:58:41Z,0.2.0,,"No snow, traffic, parking capacity, or season duration is modelled.",complete,37.4276,37.4276,100,,curated,access_variety_no_tier,true
081445,Olvan,14,Berguedà,2026-08-21,Masella,55.393833,53.31,Masella,55.393833,74,La Molina,61.664,Port del Comte,70.868,0.652875,78.5494,65,municipality,curated_ski_catalogue;openrouteservice,,2026-08-21T19:58:41Z,0.2.0,,"No snow, traffic, parking capacity, or season duration is modelled.",complete,78.5494,78.5494,100,,curated,access_variety_no_tier,true
081458,Olèrdola,03,Alt Penedès,2026-08-21,Port del Comte,120.937833,134.53,Port del Comte,120.937833,,Masella,122.457333,La Molina,128.727667,0.227442,20.8475,65,municipality,curated_ski_catalogue;openrouteservice,,2026-08-21T19:58:41Z,0.2.0,,"No snow, traffic, parking capacity, or season duration is modelled.",complete,20.8475,20.8475,100,,curated,access_variety_no_tier,true
081461,Olesa de Bonesvalls,03,Alt Penedès,2026-08-21,Masella,132.8625,159.24,Masella,132.8625,74,Port del Comte,133.774167,La Molina,139.132833,0.187605,15.4443,65,municipality,curated_ski_catalogue;openrouteservice,,2026-08-21T19:58:41Z,0.2.0,,"No snow, traffic, parking capacity, or season duration is modelled.",complete,15.4443,15.4443,100,,curated,access_variety_no_tier,true
081477,Olesa de Montserrat,11,Baix Llobregat,2026-08-21,Masella,97.917333,116.17,Masella,97.917333,74,La Molina,104.187667,Port del Comte,104.3975,0.3275,34.4184,65,municipality,curated_ski_catalogue;openrouteservice,,2026-08-21T19:58:41Z,0.2.0,,"No snow, traffic, parking capacity, or season duration is modelled.",complete,34.4184,34.4184,100,,curated,access_variety_no_tier,true
081483,Olivella,17,Garraf,2026-08-21,Port del Comte,134.6415,143.01,Port del Comte,134.6415,,Masella,136.161,La Molina,142.431333,0.181001,14.5486,65,municipality,curated_ski_catalogue;openrouteservice,,2026-08-21T19:58:41Z,0.2.0,,"No snow, traffic, parking capacity, or season duration is modelled.",complete,14.5486,14.5486,100,,curated,access_variety_no_tier,true
081496,Olost,43,Lluçanès,2026-08-21,Masella,73.642333,74.57,Masella,73.642333,74,La Molina,79.9125,Port del Comte,89.116333,0.481663,55.3277,65,municipality,curated_ski_catalogue;openrouteservice,,2026-08-21T19:58:41Z,0.2.0,,"No snow, traffic, parking capacity, or season duration is modelled.",complete,55.3277,55.3277,100,,curated,access_variety_no_tier,true
081509,Orís,24,Osona,2026-08-21,Vall de Núria,69.177,41.26,Vall de Núria,69.177,7.614,La Molina,74.856833,Masella,82.874,0.522116,60.8144,65,municipality,curated_ski_catalogue;openrouteservice,,2026-08-21T19:58:41Z,0.2.0,,"No snow, traffic, parking capacity, or season duration is modelled.",complete,60.8144,60.8144,100,,curated,access_variety_no_tier,true
081516,Oristà,43,Lluçanès,2026-08-21,Masella,85.520333,81.2,Masella,85.520333,74,La Molina,91.790667,Vall de Núria,95.775,0.399375,44.167,65,municipality,curated_ski_catalogue;openrouteservice,,2026-08-21T19:58:41Z,0.2.0,,"No snow, traffic, parking capacity, or season duration is modelled.",complete,44.167,44.167,100,,curated,access_variety_no_tier,true
081521,Orpí,06,Anoia,2026-08-21,Port del Comte,107.219333,112.72,Port del Comte,107.219333,,Masella,108.738833,La Molina,115.009,0.28587,28.7721,65,municipality,curated_ski_catalogue;openrouteservice,,2026-08-21T19:58:41Z,0.2.0,,"No snow, traffic, parking capacity, or season duration is modelled.",complete,28.7721,28.7721,100,,curated,access_variety_no_tier,true
081537,Òrrius,21,Maresme,2026-08-21,Masella,125.752167,165.03,Masella,125.752167,74,La Molina,132.0225,Port del Comte,132.232333,0.205938,17.9308,65,municipality,curated_ski_catalogue;openrouteservice,,2026-08-21T19:58:41Z,0.2.0,,"No snow, traffic, parking capacity, or season duration is modelled.",complete,17.9308,17.9308,100,,curated,access_variety_no_tier,true
081542,Pacs del Penedès,03,Alt Penedès,2026-08-21,Port del Comte,124.485833,131.24,Port del Comte,124.485833,,Masella,126.005333,La Molina,132.2755,0.214383,19.0762,65,municipality,curated_ski_catalogue;openrouteservice,,2026-08-21T19:58:41Z,0.2.0,,"No snow, traffic, parking capacity, or season duration is modelled.",complete,19.0762,19.0762,100,,curated,access_variety_no_tier,true
081555,Palafolls,21,Maresme,2026-08-21,Vall de Núria,139.814833,135.89,Vall de Núria,139.814833,7.614,La Molina,145.494667,Masella,146.373333,0.163315,12.1498,65,municipality,curated_ski_catalogue;openrouteservice,,2026-08-21T19:58:41Z,0.2.0,,"No snow, traffic, parking capacity, or season duration is modelled.",complete,12.1498,12.1498,100,,curated,access_variety_no_tier,true
081568,Palau-solità i Plegamans,40,Vallès Occidental,2026-08-21,Masella,111.4615,145.97,Masella,111.4615,74,La Molina,117.731667,Port del Comte,117.941667,0.261322,25.4426,65,municipality,curated_ski_catalogue;openrouteservice,,2026-08-21T19:58:41Z,0.2.0,,"No snow, traffic, parking capacity, or season duration is modelled.",complete,25.4426,25.4426,100,,curated,access_variety_no_tier,true
081574,Pallejà,11,Baix Llobregat,2026-08-21,Masella,110.954167,141.91,Masella,110.954167,74,La Molina,117.2245,Port del Comte,117.434333,0.263541,25.7435,65,municipality,curated_ski_catalogue;openrouteservice,,2026-08-21T19:58:41Z,0.2.0,,"No snow, traffic, parking capacity, or season duration is modelled.",complete,25.7435,25.7435,100,,curated,access_variety_no_tier,true
081580,el Papiol,11,Baix Llobregat,2026-08-21,Masella,112.054833,139.92,Masella,112.054833,74,La Molina,118.325167,Port del Comte,118.535,0.25875,25.0938,65,municipality,curated_ski_catalogue;openrouteservice,,2026-08-21T19:58:41Z,0.2.0,,"No snow, traffic, parking capacity, or season duration is modelled.",complete,25.0938,25.0938,100,,curated,access_variety_no_tier,true
081593,Parets del Vallès,41,Vallès Oriental,2026-08-21,Masella,110.944833,144.3,Masella,110.944833,74,La Molina,117.215167,Port del Comte,117.425,0.263582,25.7491,65,municipality,curated_ski_catalogue;openrouteservice,,2026-08-21T19:58:41Z,0.2.0,,"No snow, traffic, parking capacity, or season duration is modelled.",complete,25.7491,25.7491,100,,curated,access_variety_no_tier,true
081607,Perafita,43,Lluçanès,2026-08-21,Masella,75.274,75.43,Masella,75.274,74,La Molina,81.544167,Vall de Núria,81.8295,0.47757,54.7725,65,municipality,curated_ski_catalogue;openrouteservice,,2026-08-21T19:58:41Z,0.2.0,,"No snow, traffic, parking capacity, or season duration is modelled.",complete,54.7725,54.7725,100,,curated,access_variety_no_tier,true
081614,Piera,06,Anoia,2026-08-21,Port del Comte,112.548333,117.93,Port del Comte,112.548333,,Masella,114.067833,La Molina,120.338,0.261575,25.4769,65,municipality,curated_ski_catalogue;openrouteservice,,2026-08-21T19:58:41Z,0.2.0,,"No snow, traffic, parking capacity, or season duration is modelled.",complete,25.4769,25.4769,100,,curated,access_variety_no_tier,true
081629,els Hostalets de Pierola,06,Anoia,2026-08-21,Port del Comte,110.1345,116.78,Port del Comte,110.1345,,Masella,111.654,La Molina,117.924333,0.272313,26.9333,65,municipality,curated_ski_catalogue;openrouteservice,,2026-08-21T19:58:41Z,0.2.0,,"No snow, traffic, parking capacity, or season duration is modelled.",complete,26.9333,26.9333,100,,curated,access_variety_no_tier,true
081635,Pineda de Mar,21,Maresme,2026-08-21,Masella,142.076167,190.81,Masella,142.076167,74,Vall de Núria,143.959333,La Molina,148.346333,0.160158,11.7217,65,municipality,curated_ski_catalogue;openrouteservice,,2026-08-21T19:58:41Z,0.2.0,,"No snow, traffic, parking capacity, or season duration is modelled.",complete,11.7217,11.7217,100,,curated,access_variety_no_tier,true
081640,el Pla del Penedès,03,Alt Penedès,2026-08-21,Port del Comte,112.961833,123.37,Port del Comte,112.961833,,Masella,114.481333,La Molina,120.751667,0.259778,25.2333,65,municipality,curated_ski_catalogue;openrouteservice,,2026-08-21T19:58:41Z,0.2.0,,"No snow, traffic, parking capacity, or season duration is modelled.",complete,25.2333,25.2333,100,,curated,access_variety_no_tier,true
081653,la Pobla de Claramunt,06,Anoia,2026-08-21,Port del Comte,98.681167,104.91,Port del Comte,98.681167,,Masella,100.200667,La Molina,106.471,0.329587,34.7015,65,municipality,curated_ski_catalogue;openrouteservice,,2026-08-21T19:58:41Z,0.2.0,,"No snow, traffic, parking capacity, or season duration is modelled.",complete,34.7015,34.7015,100,,curated,access_variety_no_tier,true
081666,la Pobla de Lillet,14,Berguedà,2026-08-21,Masella,37.0375,34.14,Masella,37.0375,74,La Molina,39.228833,Vall de Núria,73.177167,0.873268,100,65,municipality,curated_ski_catalogue;openrouteservice,,2026-08-21T19:58:41Z,0.2.0,,"No snow, traffic, parking capacity, or season duration is modelled.",complete,100,100,100,,curated,access_variety_no_tier,true
081672,Polinyà,40,Vallès Occidental,2026-08-21,Masella,108.3915,139.58,Masella,108.3915,74,La Molina,114.661667,Port del Comte,114.871667,0.275041,27.3033,65,municipality,curated_ski_catalogue;openrouteservice,,2026-08-21T19:58:41Z,0.2.0,,"No snow, traffic, parking capacity, or season duration is modelled.",complete,27.3033,27.3033,100,,curated,access_variety_no_tier,true
081688,Pontons,03,Alt Penedès,2026-08-21,Port del Comte,125.6435,132.44,Port del Comte,125.6435,,Masella,136.675333,La Molina,142.945667,0.197516,16.7886,65,municipality,curated_ski_catalogue;openrouteservice,,2026-08-21T19:58:41Z,0.2.0,,"No snow, traffic, parking capacity, or season duration is modelled.",complete,16.7886,16.7886,100,,curated,access_variety_no_tier,true
081691,el Prat de Llobregat,11,Baix Llobregat,2026-08-21,Masella,123.246333,153.52,Masella,123.246333,74,La Molina,129.5165,Port del Comte,129.726333,0.214721,19.1221,65,municipality,curated_ski_catalogue;openrouteservice,,2026-08-21T19:58:41Z,0.2.0,,"No snow, traffic, parking capacity, or season duration is modelled.",complete,19.1221,19.1221,100,,curated,access_variety_no_tier,true
081705,els Prats de Rei,06,Anoia,2026-08-21,Port del Comte,74.020833,78.76,Port del Comte,74.020833,,Masella,94.706667,La Molina,100.977,0.440823,49.7885,65,municipality,curated_ski_catalogue;openrouteservice,,2026-08-21T19:58:41Z,0.2.0,,"No snow, traffic, parking capacity, or season duration is modelled.",complete,49.7885,49.7885,100,,curated,access_variety_no_tier,true
081712,Prats de Lluçanès,43,Lluçanès,2026-08-21,Masella,67.576167,67.68,Masella,67.576167,74,La Molina,73.8465,Port del Comte,83.050333,0.532906,62.278,65,municipality,curated_ski_catalogue;openrouteservice,,2026-08-21T19:58:41Z,0.2.0,,"No snow, traffic, parking capacity, or season duration is modelled.",complete,62.278,62.278,100,,curated,access_variety_no_tier,true
081727,Premià de Mar,21,Maresme,2026-08-21,Masella,123.345167,159.27,Masella,123.345167,74,La Molina,129.615333,Port del Comte,129.825333,0.214367,19.0741,65,municipality,curated_ski_catalogue;openrouteservice,,2026-08-21T19:58:41Z,0.2.0,,"No snow, traffic, parking capacity, or season duration is modelled.",complete,19.0741,19.0741,100,,curated,access_variety_no_tier,true
081748,Puigdàlber,03,Alt Penedès,2026-08-21,Port del Comte,112.2525,123.68,Port del Comte,112.2525,,Masella,113.772,La Molina,120.042167,0.262868,25.6523,65,municipality,curated_ski_catalogue;openrouteservice,,2026-08-21T19:58:41Z,0.2.0,,"No snow, traffic, parking capacity, or season duration is modelled.",complete,25.6523,25.6523,100,,curated,access_variety_no_tier,true
081751,Puig-reig,14,Berguedà,2026-08-21,Masella,58.965,58.98,Masella,58.965,74,La Molina,65.235333,Port del Comte,74.439167,0.615149,73.4327,65,municipality,curated_ski_catalogue;openrouteservice,,2026-08-21T19:58:41Z,0.2.0,,"No snow, traffic, parking capacity, or season duration is modelled.",complete,73.4327,73.4327,100,,curated,access_variety_no_tier,true
081764,Pujalt,06,Anoia,2026-08-21,Port del Comte,76.857667,75.77,Port del Comte,76.857667,,Masella,103.4485,La Molina,109.718667,0.407091,45.2135,65,municipality,curated_ski_catalogue;openrouteservice,,2026-08-21T19:58:41Z,0.2.0,,"No snow, traffic, parking capacity, or season duration is modelled.",complete,45.2135,45.2135,100,,curated,access_variety_no_tier,true
081770,la Quar,14,Berguedà,2026-08-21,Masella,65.173667,63.13,Masella,65.173667,74,La Molina,71.444,Port del Comte,80.647833,0.554678,65.2308,65,municipality,curated_ski_catalogue;openrouteservice,,2026-08-21T19:58:41Z,0.2.0,,"No snow, traffic, parking capacity, or season duration is modelled.",complete,65.2308,65.2308,100,,curated,access_variety_no_tier,true
081786,Rajadell,07,Bages,2026-08-21,Port del Comte,82.367333,93.02,Port del Comte,82.367333,,Masella,85.386667,La Molina,91.656833,0.428144,48.0689,65,municipality,curated_ski_catalogue;openrouteservice,,2026-08-21T19:58:41Z,0.2.0,,"No snow, traffic, parking capacity, or season duration is modelled.",complete,48.0689,48.0689,100,,curated,access_variety_no_tier,true
081799,Rellinars,40,Vallès Occidental,2026-08-21,Masella,90.161,107.56,Masella,90.161,74,La Molina,96.431167,Port del Comte,96.641167,0.372695,40.5483,65,municipality,curated_ski_catalogue;openrouteservice,,2026-08-21T19:58:41Z,0.2.0,,"No snow, traffic, parking capacity, or season duration is modelled.",complete,40.5483,40.5483,100,,curated,access_variety_no_tier,true
081803,Ripollet,40,Vallès Occidental,2026-08-21,Masella,106.706,137.74,Masella,106.706,74,La Molina,112.976333,Port del Comte,113.186167,0.282877,28.3661,65,municipality,curated_ski_catalogue;openrouteservice,,2026-08-21T19:58:41Z,0.2.0,,"No snow, traffic, parking capacity, or season duration is modelled.",complete,28.3661,28.3661,100,,curated,access_variety_no_tier,true
081810,la Roca del Vallès,41,Vallès Oriental,2026-08-21,Masella,116.8605,156.87,Masella,116.8605,74,La Molina,123.130833,Vall de Núria,123.206667,0.238906,22.4022,65,municipality,curated_ski_catalogue;openrouteservice,,2026-08-21T19:58:41Z,0.2.0,,"No snow, traffic, parking capacity, or season duration is modelled.",complete,22.4022,22.4022,100,,curated,access_variety_no_tier,true
081825,el Pont de Vilomara i Rocafort,07,Bages,2026-08-21,Port del Comte,86.033333,85.88,Port del Comte,86.033333,,Masella,86.508833,La Molina,92.779,0.409887,45.5927,65,municipality,curated_ski_catalogue;openrouteservice,,2026-08-21T19:58:41Z,0.2.0,,"No snow, traffic, parking capacity, or season duration is modelled.",complete,45.5927,45.5927,100,,curated,access_variety_no_tier,true
081831,Roda de Ter,24,Osona,2026-08-21,Vall de Núria,86.0155,60.09,Vall de Núria,86.0155,7.614,La Molina,91.695333,Masella,96.8215,0.396696,43.8035,65,municipality,curated_ski_catalogue;openrouteservice,,2026-08-21T19:58:41Z,0.2.0,,"No snow, traffic, parking capacity, or season duration is modelled.",complete,43.8035,43.8035,100,,curated,access_variety_no_tier,true
081846,Rubí,40,Vallès Occidental,2026-08-21,Masella,102.662167,126.47,Masella,102.662167,74,La Molina,108.932333,Port del Comte,109.142333,0.302599,31.0411,65,municipality,curated_ski_catalogue;openrouteservice,,2026-08-21T19:58:41Z,0.2.0,,"No snow, traffic, parking capacity, or season duration is modelled.",complete,31.0411,31.0411,100,,curated,access_variety_no_tier,true
081859,Rubió,06,Anoia,2026-08-21,Port del Comte,90.7455,95.43,Port del Comte,90.7455,,Masella,110.3265,La Molina,116.596833,0.335689,35.5291,65,municipality,curated_ski_catalogue;openrouteservice,,2026-08-21T19:58:41Z,0.2.0,,"No snow, traffic, parking capacity, or season duration is modelled.",complete,35.5291,35.5291,100,,curated,access_variety_no_tier,true
081878,Sabadell,40,Vallès Occidental,2026-08-21,Masella,102.386,129.26,Masella,102.386,74,La Molina,108.656333,Port del Comte,108.866167,0.303995,31.2304,65,municipality,curated_ski_catalogue;openrouteservice,,2026-08-21T19:58:41Z,0.2.0,,"No snow, traffic, parking capacity, or season duration is modelled.",complete,31.2304,31.2304,100,,curated,access_variety_no_tier,true
081884,Sagàs,14,Berguedà,2026-08-21,Masella,60.397333,59.45,Masella,60.397333,74,La Molina,66.6675,Port del Comte,75.871333,0.600639,71.4646,65,municipality,curated_ski_catalogue;openrouteservice,,2026-08-21T19:58:41Z,0.2.0,,"No snow, traffic, parking capacity, or season duration is modelled.",complete,71.4646,71.4646,100,,curated,access_variety_no_tier,true
081897,Sant Pere Sallavinera,06,Anoia,2026-08-21,Port del Comte,75.874,80.37,Port del Comte,75.874,,Masella,89.0735,La Molina,95.343833,0.446692,50.5846,65,municipality,curated_ski_catalogue;openrouteservice,,2026-08-21T19:58:41Z,0.2.0,,"No snow, traffic, parking capacity, or season duration is modelled.",complete,50.5846,50.5846,100,,curated,access_variety_no_tier,true
081901,Saldes,14,Berguedà,2026-08-21,Masella,48.521167,44.09,Masella,48.521167,74,La Molina,54.7915,Port del Comte,56.311667,0.743865,90.8905,65,municipality,curated_ski_catalogue;openrouteservice,,2026-08-21T19:58:41Z,0.2.0,,"No snow, traffic, parking capacity, or season duration is modelled.",complete,90.8905,90.8905,100,,curated,access_variety_no_tier,true
081918,Sallent,07,Bages,2026-08-21,Masella,69.1755,77.78,Masella,69.1755,74,La Molina,75.445833,Port del Comte,84.649667,0.518889,60.3768,65,municipality,curated_ski_catalogue;openrouteservice,,2026-08-21T19:58:41Z,0.2.0,,"No snow, traffic, parking capacity, or season duration is modelled.",complete,60.3768,60.3768,100,,curated,access_variety_no_tier,true
081923,Santpedor,07,Bages,2026-08-21,Port del Comte,72.927,74.68,Port del Comte,72.927,,Masella,77.785,La Molina,84.055333,0.494924,57.1263,65,municipality,curated_ski_catalogue;openrouteservice,,2026-08-21T19:58:41Z,0.2.0,,"No snow, traffic, parking capacity, or season duration is modelled.",complete,57.1263,57.1263,100,,curated,access_variety_no_tier,true
081939,Sant Iscle de Vallalta,21,Maresme,2026-08-21,Masella,137.670167,183.18,Masella,137.670167,74,La Molina,143.9405,Port del Comte,144.150333,0.168838,12.8989,65,municipality,curated_ski_catalogue;openrouteservice,,2026-08-21T19:58:41Z,0.2.0,,"No snow, traffic, parking capacity, or season duration is modelled.",complete,12.8989,12.8989,100,,curated,access_variety_no_tier,true
081944,Sant Adrià de Besòs,13,Barcelonès,2026-08-21,Masella,111.804167,144.49,Masella,111.804167,74,La Molina,118.074333,Port del Comte,118.284333,0.259834,25.2408,65,municipality,curated_ski_catalogue;openrouteservice,,2026-08-21T19:58:41Z,0.2.0,,"No snow, traffic, parking capacity, or season duration is modelled.",complete,25.2408,25.2408,100,,curated,access_variety_no_tier,true
081957,Sant Agustí de Lluçanès,24,Osona,2026-08-21,Vall de Núria,75.522,43.09,Vall de Núria,75.522,7.614,La Molina,81.202,Masella,85.333667,0.473502,54.2208,65,municipality,curated_ski_catalogue;openrouteservice,,2026-08-21T19:58:41Z,0.2.0,,"No snow, traffic, parking capacity, or season duration is modelled.",complete,54.2208,54.2208,100,,curated,access_variety_no_tier,true
081960,Sant Andreu de la Barca,11,Baix Llobregat,2026-08-21,Masella,108.301167,139.78,Masella,108.301167,74,La Molina,114.5715,Port del Comte,114.781333,0.275455,27.3595,65,municipality,curated_ski_catalogue;openrouteservice,,2026-08-21T19:58:41Z,0.2.0,,"No snow, traffic, parking capacity, or season duration is modelled.",complete,27.3595,27.3595,100,,curated,access_variety_no_tier,true
081976,Sant Andreu de Llavaneres,21,Maresme,2026-08-21,Masella,127.99,172.31,Masella,127.99,74,La Molina,134.260333,Port del Comte,134.470167,0.198398,16.9082,65,municipality,curated_ski_catalogue;openrouteservice,,2026-08-21T19:58:41Z,0.2.0,,"No snow, traffic, parking capacity, or season duration is modelled.",complete,16.9082,16.9082,100,,curated,access_variety_no_tier,true
081982,Sant Antoni de Vilamajor,41,Vallès Oriental,2026-08-21,Masella,125.985,165.59,Masella,125.985,74,Vall de Núria,128.697667,La Molina,132.255167,0.208607,18.2928,65,municipality,curated_ski_catalogue;openrouteservice,,2026-08-21T19:58:41Z,0.2.0,,"No snow, traffic, parking capacity, or season duration is modelled.",complete,18.2928,18.2928,100,,curated,access_variety_no_tier,true
081995,Sant Bartomeu del Grau,24,Osona,2026-08-21,Masella,84.174833,83.78,Masella,84.174833,74,La Molina,90.445,Vall de Núria,91.260333,0.411243,45.7766,65,municipality,curated_ski_catalogue;openrouteservice,,2026-08-21T19:58:41Z,0.2.0,,"No snow, traffic, parking capacity, or season duration is modelled.",complete,45.7766,45.7766,100,,curated,access_variety_no_tier,true
082009,Sant Boi de Llobregat,11,Baix Llobregat,2026-08-21,Masella,118.0315,149.58,Masella,118.0315,74,La Molina,124.301667,Port del Comte,124.511667,0.234218,21.7665,65,municipality,curated_ski_catalogue;openrouteservice,,2026-08-21T19:58:41Z,0.2.0,,"No snow, traffic, parking capacity, or season duration is modelled.",complete,21.7665,21.7665,100,,curated,access_variety_no_tier,true
082016,Sant Boi de Lluçanès,24,Osona,2026-08-21,Vall de Núria,79.991667,46.46,Vall de Núria,79.991667,7.614,La Molina,85.6715,Masella,87.114167,0.442076,49.9585,65,municipality,curated_ski_catalogue;openrouteservice,,2026-08-21T19:58:41Z,0.2.0,,"No snow, traffic, parking capacity, or season duration is modelled.",complete,49.9585,49.9585,100,,curated,access_variety_no_tier,true
082021,Sant Celoni,41,Vallès Oriental,2026-08-21,Masella,125.0355,170.29,Masella,125.0355,74,Vall de Núria,131.022167,La Molina,131.305833,0.208776,18.3157,65,municipality,curated_ski_catalogue;openrouteservice,,2026-08-21T19:58:41Z,0.2.0,,"No snow, traffic, parking capacity, or season duration is modelled.",complete,18.3157,18.3157,100,,curated,access_variety_no_tier,true
082037,Sant Cebrià de Vallalta,21,Maresme,2026-08-21,Masella,137.705333,184.89,Masella,137.705333,74,La Molina,143.9755,Port del Comte,144.1855,0.168739,12.8855,65,municipality,curated_ski_catalogue;openrouteservice,,2026-08-21T19:58:41Z,0.2.0,,"No snow, traffic, parking capacity, or season duration is modelled.",complete,12.8855,12.8855,100,,curated,access_variety_no_tier,true
082042,Sant Climent de Llobregat,11,Baix Llobregat,2026-08-21,Masella,128.753333,151.32,Masella,128.753333,74,La Molina,135.0235,Port del Comte,135.233333,0.195891,16.5681,65,municipality,curated_ski_catalogue;openrouteservice,,2026-08-21T19:58:41Z,0.2.0,,"No snow, traffic, parking capacity, or season duration is modelled.",complete,16.5681,16.5681,100,,curated,access_variety_no_tier,true
082055,Sant Cugat del Vallès,40,Vallès Occidental,2026-08-21,Masella,101.088,130.41,Masella,101.088,74,La Molina,107.358167,Port del Comte,107.568,0.310643,32.1321,65,municipality,curated_ski_catalogue;openrouteservice,,2026-08-21T19:58:41Z,0.2.0,,"No snow, traffic, parking capacity, or season duration is modelled.",complete,32.1321,32.1321,100,,curated,access_variety_no_tier,true
082068,Sant Cugat Sesgarrigues,03,Alt Penedès,2026-08-21,Port del Comte,120.219833,133.04,Port del Comte,120.219833,,Masella,121.739333,La Molina,128.009667,0.23018,21.2188,65,municipality,curated_ski_catalogue;openrouteservice,,2026-08-21T19:58:41Z,0.2.0,,"No snow, traffic, parking capacity, or season duration is modelled.",complete,21.2188,21.2188,100,,curated,access_variety_no_tier,true
082074,Sant Esteve de Palautordera,41,Vallès Oriental,2026-08-21,Masella,128.048167,175.01,Masella,128.048167,74,Vall de Núria,133.6475,La Molina,134.3185,0.198899,16.9761,65,municipality,curated_ski_catalogue;openrouteservice,,2026-08-21T19:58:41Z,0.2.0,,"No snow, traffic, parking capacity, or season duration is modelled.",complete,16.9761,16.9761,100,,curated,access_variety_no_tier,true
082080,Sant Esteve Sesrovires,11,Baix Llobregat,2026-08-21,Masella,109.783667,135.58,Masella,109.783667,74,La Molina,116.054,Port del Comte,116.263833,0.268732,26.4477,65,municipality,curated_ski_catalogue;openrouteservice,,2026-08-21T19:58:41Z,0.2.0,,"No snow, traffic, parking capacity, or season duration is modelled.",complete,26.4477,26.4477,100,,curated,access_variety_no_tier,true
082093,Sant Fost de Campsentelles,41,Vallès Oriental,2026-08-21,Masella,113.470333,144.64,Masella,113.470333,74,La Molina,119.740667,Port del Comte,119.9505,0.252717,24.2756,65,municipality,curated_ski_catalogue;openrouteservice,,2026-08-21T19:58:41Z,0.2.0,,"No snow, traffic, parking capacity, or season duration is modelled.",complete,24.2756,24.2756,100,,curated,access_variety_no_tier,true
082107,Sant Feliu de Codines,41,Vallès Oriental,2026-08-21,Masella,111.604,123.45,Masella,111.604,74,Vall de Núria,117.7,La Molina,117.874167,0.261028,25.4028,65,municipality,curated_ski_catalogue;openrouteservice,,2026-08-21T19:58:41Z,0.2.0,,"No snow, traffic, parking capacity, or season duration is modelled.",complete,25.4028,25.4028,100,,curated,access_variety_no_tier,true
082114,Sant Feliu de Llobregat,11,Baix Llobregat,2026-08-21,Masella,113.833,144.54,Masella,113.833,74,La Molina,120.103333,Port del Comte,120.313167,0.251194,24.069,65,municipality,curated_ski_catalogue;openrouteservice,,2026-08-21T19:58:41Z,0.2.0,,"No snow, traffic, parking capacity, or season duration is modelled.",complete,24.069,24.069,100,,curated,access_variety_no_tier,true
082129,Sant Feliu Sasserra,07,Bages,2026-08-21,Masella,80.258833,76.69,Masella,80.258833,74,La Molina,86.529,Port del Comte,95.732833,0.431371,48.5066,65,municipality,curated_ski_catalogue;openrouteservice,,2026-08-21T19:58:41Z,0.2.0,,"No snow, traffic, parking capacity, or season duration is modelled.",complete,48.5066,48.5066,100,,curated,access_variety_no_tier,true
082135,Sant Fruitós de Bages,07,Bages,2026-08-21,Masella,72.471167,87.07,Masella,72.471167,74,Port del Comte,78.446167,La Molina,78.741333,0.501391,58.0035,65,municipality,curated_ski_catalogue;openrouteservice,,2026-08-21T19:58:41Z,0.2.0,,"No snow, traffic, parking capacity, or season duration is modelled.",complete,58.0035,58.0035,100,,curated,access_variety_no_tier,true
082140,Vilassar de Dalt,21,Maresme,2026-08-21,Masella,126.841833,159.98,Masella,126.841833,74,La Molina,133.112167,Port del Comte,133.322,0.202232,17.4281,65,municipality,curated_ski_catalogue;openrouteservice,,2026-08-21T19:58:41Z,0.2.0,,"No snow, traffic, parking capacity, or season duration is modelled.",complete,17.4281,17.4281,100,,curated,access_variety_no_tier,true
082153,Sant Hipòlit de Voltregà,24,Osona,2026-08-21,Vall de Núria,75.178333,45.88,Vall de Núria,75.178333,7.614,La Molina,80.858167,Masella,88.875333,0.472419,54.074,65,municipality,curated_ski_catalogue;openrouteservice,,2026-08-21T19:58:41Z,0.2.0,,"No snow, traffic, parking capacity, or season duration is modelled.",complete,54.074,54.074,100,,curated,access_variety_no_tier,true
082166,Sant Jaume de Frontanyà,14,Berguedà,2026-08-21,La Molina,59.930667,41.21,La Molina,59.930667,70.644,Masella,60.364833,Vall de Núria,83.8355,0.612948,73.1341,65,municipality,curated_ski_catalogue;openrouteservice,,2026-08-21T19:58:41Z,0.2.0,,"No snow, traffic, parking capacity, or season duration is modelled.",complete,73.1341,73.1341,100,,curated,access_variety_no_tier,true
082172,Sant Joan Despí,11,Baix Llobregat,2026-08-21,Masella,116.261167,147.48,Masella,116.261167,74,La Molina,122.531333,Port del Comte,122.741167,0.241232,22.7178,65,municipality,curated_ski_catalogue;openrouteservice,,2026-08-21T19:58:41Z,0.2.0,,"No snow, traffic, parking capacity, or season duration is modelled.",complete,22.7178,22.7178,100,,curated,access_variety_no_tier,true
082188,Sant Joan de Vilatorrada,07,Bages,2026-08-21,Port del Comte,72.856333,74.98,Port del Comte,72.856333,,Masella,77.354,La Molina,83.624167,0.496704,57.3677,65,municipality,curated_ski_catalogue;openrouteservice,,2026-08-21T19:58:41Z,0.2.0,,"No snow, traffic, parking capacity, or season duration is modelled.",complete,57.3677,57.3677,100,,curated,access_variety_no_tier,true
082191,Vilassar de Mar,21,Maresme,2026-08-21,Masella,126.1685,163.75,Masella,126.1685,74,La Molina,132.438667,Port del Comte,132.6485,0.204514,17.7377,65,municipality,curated_ski_catalogue;openrouteservice,,2026-08-21T19:58:41Z,0.2.0,,"No snow, traffic, parking capacity, or season duration is modelled.",complete,17.7377,17.7377,100,,curated,access_variety_no_tier,true
082205,Sant Julià de Vilatorta,24,Osona,2026-08-21,Vall de Núria,85.047167,61.7,Vall de Núria,85.047167,7.614,La Molina,90.727,Masella,95.853,0.40315,44.6789,65,municipality,curated_ski_catalogue;openrouteservice,,2026-08-21T19:58:41Z,0.2.0,,"No snow, traffic, parking capacity, or season duration is modelled.",complete,44.6789,44.6789,100,,curated,access_variety_no_tier,true
082212,Sant Just Desvern,11,Baix Llobregat,2026-08-21,Masella,116.028833,148.69,Masella,116.028833,74,La Molina,122.299,Port del Comte,122.509,0.242168,22.8447,65,municipality,curated_ski_catalogue;openrouteservice,,2026-08-21T19:58:41Z,0.2.0,,"No snow, traffic, parking capacity, or season duration is modelled.",complete,22.8447,22.8447,100,,curated,access_variety_no_tier,true
082227,Sant Llorenç d'Hortons,03,Alt Penedès,2026-08-21,Masella,115.5035,143.38,Masella,115.5035,74,Port del Comte,120.4145,La Molina,121.773833,0.245917,23.3533,65,municipality,curated_ski_catalogue;openrouteservice,,2026-08-21T19:58:41Z,0.2.0,,"No snow, traffic, parking capacity, or season duration is modelled.",complete,23.3533,23.3533,100,,curated,access_variety_no_tier,true
082233,Sant Llorenç Savall,40,Vallès Occidental,2026-08-21,Masella,107.877833,116.4,Masella,107.877833,74,La Molina,114.148,Port del Comte,117.1895,0.275692,27.3917,65,municipality,curated_ski_catalogue;openrouteservice,,2026-08-21T19:58:41Z,0.2.0,,"No snow, traffic, parking capacity, or season duration is modelled.",complete,27.3917,27.3917,100,,curated,access_variety_no_tier,true
082248,Sant Martí de Centelles,24,Osona,2026-08-21,Vall de Núria,97.727833,77.85,Vall de Núria,97.727833,7.614,La Molina,103.407667,Masella,105.836667,0.328231,34.5176,65,municipality,curated_ski_catalogue;openrouteservice,,2026-08-21T19:58:41Z,0.2.0,,"No snow, traffic, parking capacity, or season duration is modelled.",complete,34.5176,34.5176,100,,curated,access_variety_no_tier,true
082251,Sant Martí d'Albars,43,Lluçanès,2026-08-21,Masella,72.861,72.81,Masella,72.861,74,La Molina,79.131167,Port del Comte,88.335,0.487976,56.184,65,municipality,curated_ski_catalogue;openrouteservice,,2026-08-21T19:58:41Z,0.2.0,,"No snow, traffic, parking capacity, or season duration is modelled.",complete,56.184,56.184,100,,curated,access_variety_no_tier,true
082264,Sant Martí de Tous,06,Anoia,2026-08-21,Port del Comte,93.842,98.62,Port del Comte,93.842,,Masella,107.342,La Molina,113.612333,0.330486,34.8234,65,municipality,curated_ski_catalogue;openrouteservice,,2026-08-21T19:58:41Z,0.2.0,,"No snow, traffic, parking capacity, or season duration is modelled.",complete,34.8234,34.8234,100,,curated,access_variety_no_tier,true
082270,Sant Martí Sarroca,03,Alt Penedès,2026-08-21,Port del Comte,124.691,140,Port del Comte,124.691,,Masella,127.569167,La Molina,133.8395,0.211669,18.7082,65,municipality,curated_ski_catalogue;openrouteservice,,2026-08-21T19:58:41Z,0.2.0,,"No snow, traffic, parking capacity, or season duration is modelled.",complete,18.7082,18.7082,100,,curated,access_variety_no_tier,true
082286,Sant Martí Sesgueioles,06,Anoia,2026-08-21,Port del Comte,74.5815,78.9,Port del Comte,74.5815,,Masella,94.633333,La Molina,100.903667,0.438297,49.446,65,municipality,curated_ski_catalogue;openrouteservice,,2026-08-21T19:58:41Z,0.2.0,,"No snow, traffic, parking capacity, or season duration is modelled.",complete,49.446,49.446,100,,curated,access_variety_no_tier,true
082299,Sant Mateu de Bages,07,Bages,2026-08-21,Port del Comte,76.697167,76.49,Port del Comte,76.697167,,Masella,92.035333,La Molina,98.305667,0.43493,48.9892,65,municipality,curated_ski_catalogue;openrouteservice,,2026-08-21T19:58:41Z,0.2.0,,"No snow, traffic, parking capacity, or season duration is modelled.",complete,48.9892,48.9892,100,,curated,access_variety_no_tier,true
082303,Premià de Dalt,21,Maresme,2026-08-21,Masella,125.8055,160.29,Masella,125.8055,74,La Molina,132.075667,Port del Comte,132.2855,0.205755,17.906,65,municipality,curated_ski_catalogue;openrouteservice,,2026-08-21T19:58:41Z,0.2.0,,"No snow, traffic, parking capacity, or season duration is modelled.",complete,17.906,17.906,100,,curated,access_variety_no_tier,true
082310,Sant Pere de Ribes,17,Garraf,2026-08-21,Port del Comte,130.712667,145.6,Port del Comte,130.712667,,Masella,132.232167,La Molina,138.5025,0.193249,16.2099,65,municipality,curated_ski_catalogue;openrouteservice,,2026-08-21T19:58:41Z,0.2.0,,"No snow, traffic, parking capacity, or season duration is modelled.",complete,16.2099,16.2099,100,,curated,access_variety_no_tier,true
082325,Sant Pere de Riudebitlles,03,Alt Penedès,2026-08-21,Port del Comte,111.045833,119.27,Port del Comte,111.045833,,Masella,112.565333,La Molina,118.8355,0.268208,26.3766,65,municipality,curated_ski_catalogue;openrouteservice,,2026-08-21T19:58:41Z,0.2.0,,"No snow, traffic, parking capacity, or season duration is modelled.",complete,26.3766,26.3766,100,,curated,access_variety_no_tier,true
082331,Sant Pere de Torelló,24,Osona,2026-08-21,Vall de Núria,80.8235,49.26,Vall de Núria,80.8235,7.614,La Molina,86.5035,Masella,94.5205,0.429998,48.3203,65,municipality,curated_ski_catalogue;openrouteservice,,2026-08-21T19:58:41Z,0.2.0,,"No snow, traffic, parking capacity, or season duration is modelled.",complete,48.3203,48.3203,100,,curated,access_variety_no_tier,true
082346,Sant Pere de Vilamajor,41,Vallès Oriental,2026-08-21,Masella,128.896,167.22,Masella,128.896,74,Vall de Núria,130.067167,La Molina,135.166167,0.200179,17.1497,65,municipality,curated_ski_catalogue;openrouteservice,,2026-08-21T19:58:41Z,0.2.0,,"No snow, traffic, parking capacity, or season duration is modelled.",complete,17.1497,17.1497,100,,curated,access_variety_no_tier,true
082359,Sant Pol de Mar,21,Maresme,2026-08-21,Masella,135.920333,183.84,Masella,135.920333,74,La Molina,142.190667,Port del Comte,142.4005,0.173835,13.5766,65,municipality,curated_ski_catalogue;openrouteservice,,2026-08-21T19:58:41Z,0.2.0,,"No snow, traffic, parking capacity, or season duration is modelled.",complete,13.5766,13.5766,100,,curated,access_variety_no_tier,true
082362,Sant Quintí de Mediona,03,Alt Penedès,2026-08-21,Port del Comte,111.772833,119.4,Port del Comte,111.772833,,Masella,113.292333,La Molina,119.562667,0.264978,25.9385,65,municipality,curated_ski_catalogue;openrouteservice,,2026-08-21T19:58:41Z,0.2.0,,"No snow, traffic, parking capacity, or season duration is modelled.",complete,25.9385,25.9385,100,,curated,access_variety_no_tier,true
082378,Sant Quirze de Besora,24,Osona,2026-08-21,Vall de Núria,67.76,35.4,Vall de Núria,67.76,7.614,La Molina,73.44,Masella,81.457,0.534593,62.5067,65,municipality,curated_ski_catalogue;openrouteservice,,2026-08-21T19:58:41Z,0.2.0,,"No snow, traffic, parking capacity, or season duration is modelled.",complete,62.5067,62.5067,100,,curated,access_variety_no_tier,true
082384,Sant Quirze del Vallès,40,Vallès Occidental,2026-08-21,Masella,96.916667,125.83,Masella,96.916667,74,La Molina,103.187,Port del Comte,103.396833,0.333008,35.1655,65,municipality,curated_ski_catalogue;openrouteservice,,2026-08-21T19:58:41Z,0.2.0,,"No snow, traffic, parking capacity, or season duration is modelled.",complete,35.1655,35.1655,100,,curated,access_variety_no_tier,true
082397,Sant Quirze Safaja,42,Moianès,2026-08-21,Masella,106.364333,118,Masella,106.364333,74,Vall de Núria,111.441167,La Molina,112.634667,0.286163,28.8118,65,municipality,curated_ski_catalogue;openrouteservice,,2026-08-21T19:58:41Z,0.2.0,,"No snow, traffic, parking capacity, or season duration is modelled.",complete,28.8118,28.8118,100,,curated,access_variety_no_tier,true
082401,Sant Sadurní d'Anoia,03,Alt Penedès,2026-08-21,Masella,116.527333,147.87,Masella,116.527333,74,Port del Comte,120.266833,La Molina,122.797667,0.243059,22.9656,65,municipality,curated_ski_catalogue;openrouteservice,,2026-08-21T19:58:41Z,0.2.0,,"No snow, traffic, parking capacity, or season duration is modelled.",complete,22.9656,22.9656,100,,curated,access_variety_no_tier,true
082418,Sant Sadurní d'Osormort,24,Osona,2026-08-21,Vall de Núria,89.032,69.18,Vall de Núria,89.032,7.614,La Molina,94.711833,Masella,99.838,0.377245,41.1654,65,municipality,curated_ski_catalogue;openrouteservice,,2026-08-21T19:58:41Z,0.2.0,,"No snow, traffic, parking capacity, or season duration is modelled.",complete,41.1654,41.1654,100,,curated,access_variety_no_tier,true
082423,Marganell,07,Bages,2026-08-21,Masella,90.174667,107.63,Masella,90.174667,74,Port del Comte,90.3715,La Molina,96.444833,0.383459,42.0082,65,municipality,curated_ski_catalogue;openrouteservice,,2026-08-21T19:58:41Z,0.2.0,,"No snow, traffic, parking capacity, or season duration is modelled.",complete,42.0082,42.0082,100,,curated,access_variety_no_tier,true
082439,Santa Cecília de Voltregà,24,Osona,2026-08-21,Vall de Núria,81.900333,52.38,Vall de Núria,81.900333,7.614,La Molina,87.580167,Masella,93.371667,0.42427,47.5435,65,municipality,curated_ski_catalogue;openrouteservice,,2026-08-21T19:58:41Z,0.2.0,,"No snow, traffic, parking capacity, or season duration is modelled.",complete,47.5435,47.5435,100,,curated,access_variety_no_tier,true
082444,Santa Coloma de Cervelló,11,Baix Llobregat,2026-08-21,Masella,117.236667,146.12,Masella,117.236667,74,La Molina,123.506833,Port del Comte,123.716833,0.237342,22.1901,65,municipality,curated_ski_catalogue;openrouteservice,,2026-08-21T19:58:41Z,0.2.0,,"No snow, traffic, parking capacity, or season duration is modelled.",complete,22.1901,22.1901,100,,curated,access_variety_no_tier,true
082457,Santa Coloma de Gramenet,13,Barcelonès,2026-08-21,Masella,107.5245,142.13,Masella,107.5245,74,La Molina,113.794833,Port del Comte,114.004667,0.279044,27.8462,65,municipality,curated_ski_catalogue;openrouteservice,,2026-08-21T19:58:41Z,0.2.0,,"No snow, traffic, parking capacity, or season duration is modelled.",complete,27.8462,27.8462,100,,curated,access_variety_no_tier,true
082460,Santa Eugènia de Berga,24,Osona,2026-08-21,Vall de Núria,90.4615,67.96,Vall de Núria,90.4615,7.614,La Molina,96.1415,Masella,98.5705,0.370488,40.249,65,municipality,curated_ski_catalogue;openrouteservice,,2026-08-21T19:58:41Z,0.2.0,,"No snow, traffic, parking capacity, or season duration is modelled.",complete,40.249,40.249,100,,curated,access_variety_no_tier,true
082476,Santa Eulàlia de Riuprimer,24,Osona,2026-08-21,Vall de Núria,88.800833,62.34,Vall de Núria,88.800833,7.614,Masella,94.265333,La Molina,94.480833,0.383312,41.9883,65,municipality,curated_ski_catalogue;openrouteservice,,2026-08-21T19:58:41Z,0.2.0,,"No snow, traffic, parking capacity, or season duration is modelled.",complete,41.9883,41.9883,100,,curated,access_variety_no_tier,true
082482,Santa Eulàlia de Ronçana,41,Vallès Oriental,2026-08-21,Vall de Núria,116.581833,96.13,Vall de Núria,116.581833,7.614,Masella,120.849167,La Molina,122.261833,0.242568,22.899,65,municipality,curated_ski_catalogue;openrouteservice,,2026-08-21T19:58:41Z,0.2.0,,"No snow, traffic, parking capacity, or season duration is modelled.",complete,22.899,22.899,100,,curated,access_variety_no_tier,true
082495,Santa Fe del Penedès,03,Alt Penedès,2026-08-21,Port del Comte,115.5355,127.04,Port del Comte,115.5355,,Masella,117.055,La Molina,123.325167,0.248871,23.7539,65,municipality,curated_ski_catalogue;openrouteservice,,2026-08-21T19:58:41Z,0.2.0,,"No snow, traffic, parking capacity, or season duration is modelled.",complete,23.7539,23.7539,100,,curated,access_variety_no_tier,true
082508,Santa Margarida de Montbui,06,Anoia,2026-08-21,Port del Comte,94.5995,99.13,Port del Comte,94.5995,,Masella,100.832333,La Molina,107.1025,0.341749,36.351,65,municipality,curated_ski_catalogue;openrouteservice,,2026-08-21T19:58:41Z,0.2.0,,"No snow, traffic, parking capacity, or season duration is modelled.",complete,36.351,36.351,100,,curated,access_variety_no_tier,true
082515,Santa Margarida i els Monjos,03,Alt Penedès,2026-08-21,Masella,121.4875,160.94,Masella,121.4875,74,Port del Comte,125.600833,La Molina,127.757667,0.223389,20.2977,65,municipality,curated_ski_catalogue;openrouteservice,,2026-08-21T19:58:41Z,0.2.0,,"No snow, traffic, parking capacity, or season duration is modelled.",complete,20.2977,20.2977,100,,curated,access_variety_no_tier,true
082520,Barberà del Vallès,40,Vallès Occidental,2026-08-21,Masella,100.628167,132.89,Masella,100.628167,74,La Molina,106.8985,Port del Comte,107.108333,0.313033,32.4562,65,municipality,curated_ski_catalogue;openrouteservice,,2026-08-21T19:58:41Z,0.2.0,,"No snow, traffic, parking capacity, or season duration is modelled.",complete,32.4562,32.4562,100,,curated,access_variety_no_tier,true
082536,Santa Maria de Besora,24,Osona,2026-08-21,Vall de Núria,73.819167,40.98,Vall de Núria,73.819167,7.614,La Molina,79.499,Masella,87.516167,0.483243,55.5421,65,municipality,curated_ski_catalogue;openrouteservice,,2026-08-21T19:58:41Z,0.2.0,,"No snow, traffic, parking capacity, or season duration is modelled.",complete,55.5421,55.5421,100,,curated,access_variety_no_tier,true
082541,l'Esquirol,24,Osona,2026-08-21,Vall de Núria,95.427833,61.67,Vall de Núria,95.427833,7.614,La Molina,101.107667,Masella,109.124833,0.337099,35.7203,65,municipality,curated_ski_catalogue;openrouteservice,,2026-08-21T19:58:41Z,0.2.0,,"No snow, traffic, parking capacity, or season duration is modelled.",complete,35.7203,35.7203,100,,curated,access_variety_no_tier,true
082554,Santa Maria de Merlès,14,Berguedà,2026-08-21,Masella,64.6995,64.49,Masella,64.6995,74,La Molina,70.969667,Port del Comte,80.1735,0.559079,65.8278,65,municipality,curated_ski_catalogue;openrouteservice,,2026-08-21T19:58:41Z,0.2.0,,"No snow, traffic, parking capacity, or season duration is modelled.",complete,65.8278,65.8278,100,,curated,access_variety_no_tier,true
082567,Santa Maria de Martorelles,41,Vallès Oriental,2026-08-21,Masella,116.321833,146.56,Masella,116.321833,74,La Molina,122.592167,Port del Comte,122.802,0.240988,22.6847,65,municipality,curated_ski_catalogue;openrouteservice,,2026-08-21T19:58:41Z,0.2.0,,"No snow, traffic, parking capacity, or season duration is modelled.",complete,22.6847,22.6847,100,,curated,access_variety_no_tier,true
082573,Santa Maria de Miralles,06,Anoia,2026-08-21,Port del Comte,108.0875,105.57,Port del Comte,108.0875,,Masella,110.804333,La Molina,117.074667,0.279458,27.9024,65,municipality,curated_ski_catalogue;openrouteservice,,2026-08-21T19:58:41Z,0.2.0,,"No snow, traffic, parking capacity, or season duration is modelled.",complete,27.9024,27.9024,100,,curated,access_variety_no_tier,true
082589,Santa Maria d'Oló,42,Moianès,2026-08-21,Masella,83.101,102.04,Masella,83.101,74,La Molina,89.371167,Port del Comte,91.146333,0.417787,46.6642,65,municipality,curated_ski_catalogue;openrouteservice,,2026-08-21T19:58:41Z,0.2.0,,"No snow, traffic, parking capacity, or season duration is modelled.",complete,46.6642,46.6642,100,,curated,access_variety_no_tier,true
082592,Santa Maria de Palautordera,41,Vallès Oriental,2026-08-21,Masella,127.451833,173.98,Masella,127.451833,74,La Molina,133.722167,Port del Comte,133.932,0.200186,17.1507,65,municipality,curated_ski_catalogue;openrouteservice,,2026-08-21T19:58:41Z,0.2.0,,"No snow, traffic, parking capacity, or season duration is modelled.",complete,17.1507,17.1507,100,,curated,access_variety_no_tier,true
082606,Santa Perpètua de Mogoda,40,Vallès Occidental,2026-08-21,Masella,107.082333,138.09,Masella,107.082333,74,La Molina,113.352667,Port del Comte,113.5625,0.281108,28.1262,65,municipality,curated_ski_catalogue;openrouteservice,,2026-08-21T19:58:41Z,0.2.0,,"No snow, traffic, parking capacity, or season duration is modelled.",complete,28.1262,28.1262,100,,curated,access_variety_no_tier,true
082613,Santa Susanna,21,Maresme,2026-08-21,Vall de Núria,142.8535,137.86,Vall de Núria,142.8535,7.614,Masella,144.869,La Molina,148.533333,0.158204,11.4566,65,municipality,curated_ski_catalogue;openrouteservice,,2026-08-21T19:58:41Z,0.2.0,,"No snow, traffic, parking capacity, or season duration is modelled.",complete,11.4566,11.4566,100,,curated,access_variety_no_tier,true
082628,Sant Vicenç de Castellet,07,Bages,2026-08-21,Masella,85.265333,103.23,Masella,85.265333,74,Port del Comte,89.867333,La Molina,91.535667,0.407636,45.2874,65,municipality,curated_ski_catalogue;openrouteservice,,2026-08-21T19:58:41Z,0.2.0,,"No snow, traffic, parking capacity, or season duration is modelled.",complete,45.2874,45.2874,100,,curated,access_variety_no_tier,true
082634,Sant Vicenç dels Horts,11,Baix Llobregat,2026-08-21,Masella,111.8375,142.25,Masella,111.8375,74,La Molina,118.107833,Port del Comte,118.317667,0.259689,25.2212,65,municipality,curated_ski_catalogue;openrouteservice,,2026-08-21T19:58:41Z,0.2.0,,"No snow, traffic, parking capacity, or season duration is modelled.",complete,25.2212,25.2212,100,,curated,access_variety_no_tier,true
082649,Sant Vicenç de Montalt,21,Maresme,2026-08-21,Masella,130.777833,174.49,Masella,130.777833,74,La Molina,137.048167,Port del Comte,137.258,0.189391,15.6865,65,municipality,curated_ski_catalogue;openrouteservice,,2026-08-21T19:58:41Z,0.2.0,,"No snow, traffic, parking capacity, or season duration is modelled.",complete,15.6865,15.6865,100,,curated,access_variety_no_tier,true
082652,Sant Vicenç de Torelló,24,Osona,2026-08-21,Vall de Núria,76.007667,43.6,Vall de Núria,76.007667,7.614,La Molina,81.6875,Masella,89.704667,0.465934,53.1945,65,municipality,curated_ski_catalogue;openrouteservice,,2026-08-21T19:58:41Z,0.2.0,,"No snow, traffic, parking capacity, or season duration is modelled.",complete,53.1945,53.1945,100,,curated,access_variety_no_tier,true
082665,Cerdanyola del Vallès,40,Vallès Occidental,2026-08-21,Masella,105.3845,137.39,Masella,105.3845,74,La Molina,111.654833,Port del Comte,111.864667,0.289176,29.2205,65,municipality,curated_ski_catalogue;openrouteservice,,2026-08-21T19:58:41Z,0.2.0,,"No snow, traffic, parking capacity, or season duration is modelled.",complete,29.2205,29.2205,100,,curated,access_variety_no_tier,true
082671,Sentmenat,40,Vallès Occidental,2026-08-21,Masella,115.059833,137.8,Masella,115.059833,74,La Molina,121.330167,Port del Comte,121.54,0.24611,23.3794,65,municipality,curated_ski_catalogue;openrouteservice,,2026-08-21T19:58:41Z,0.2.0,,"No snow, traffic, parking capacity, or season duration is modelled.",complete,23.3794,23.3794,100,,curated,access_variety_no_tier,true
082687,Cercs,14,Berguedà,2026-08-21,Masella,41.438,37.7,Masella,41.438,74,La Molina,47.708333,Port del Comte,66.200333,0.809958,99.8548,65,municipality,curated_ski_catalogue;openrouteservice,,2026-08-21T19:58:41Z,0.2.0,,"No snow, traffic, parking capacity, or season duration is modelled.",complete,99.8548,99.8548,100,,curated,access_variety_no_tier,true
082690,Seva,24,Osona,2026-08-21,Vall de Núria,96.9025,73.18,Vall de Núria,96.9025,7.614,La Molina,102.582333,Masella,105.011333,0.332777,35.1342,65,municipality,curated_ski_catalogue;openrouteservice,,2026-08-21T19:58:41Z,0.2.0,,"No snow, traffic, parking capacity, or season duration is modelled.",complete,35.1342,35.1342,100,,curated,access_variety_no_tier,true
082704,Sitges,17,Garraf,2026-08-21,Port del Comte,137.415,150.52,Port del Comte,137.415,,Masella,138.9345,La Molina,145.204833,0.172824,13.4396,65,municipality,curated_ski_catalogue;openrouteservice,,2026-08-21T19:58:41Z,0.2.0,,"No snow, traffic, parking capacity, or season duration is modelled.",complete,13.4396,13.4396,100,,curated,access_variety_no_tier,true
082711,Sobremunt,43,Lluçanès,2026-08-21,Vall de Núria,86.014833,49.94,Vall de Núria,86.014833,7.614,La Molina,91.694667,Masella,93.137333,0.399852,44.2317,65,municipality,curated_ski_catalogue;openrouteservice,,2026-08-21T19:58:41Z,0.2.0,,"No snow, traffic, parking capacity, or season duration is modelled.",complete,44.2317,44.2317,100,,curated,access_variety_no_tier,true
082726,Sora,24,Osona,2026-08-21,Vall de Núria,68.9105,37.06,Vall de Núria,68.9105,7.614,La Molina,74.590333,Masella,82.6075,0.52444,61.1296,65,municipality,curated_ski_catalogue;openrouteservice,,2026-08-21T19:58:41Z,0.2.0,,"No snow, traffic, parking capacity, or season duration is modelled.",complete,61.1296,61.1296,100,,curated,access_variety_no_tier,true
082732,Subirats,03,Alt Penedès,2026-08-21,Masella,120.946833,152.31,Masella,120.946833,74,Port del Comte,123.626167,La Molina,127.217167,0.226915,20.7759,65,municipality,curated_ski_catalogue;openrouteservice,,2026-08-21T19:58:41Z,0.2.0,,"No snow, traffic, parking capacity, or season duration is modelled.",complete,20.7759,20.7759,100,,curated,access_variety_no_tier,true
082747,Súria,07,Bages,2026-08-21,Port del Comte,66.236333,65.28,Port del Comte,66.236333,,Masella,82.694167,La Molina,88.9645,0.514327,59.7581,65,municipality,curated_ski_catalogue;openrouteservice,,2026-08-21T19:58:41Z,0.2.0,,"No snow, traffic, parking capacity, or season duration is modelled.",complete,59.7581,59.7581,100,,curated,access_variety_no_tier,true
082750,Tavèrnoles,24,Osona,2026-08-21,Vall de Núria,85.425,60.37,Vall de Núria,85.425,7.614,La Molina,91.105,Masella,96.231,0.400619,44.3356,65,municipality,curated_ski_catalogue;openrouteservice,,2026-08-21T19:58:41Z,0.2.0,,"No snow, traffic, parking capacity, or season duration is modelled.",complete,44.3356,44.3356,100,,curated,access_variety_no_tier,true
082763,Tagamanent,41,Vallès Oriental,2026-08-21,Vall de Núria,104.1305,82.84,Vall de Núria,104.1305,7.614,La Molina,109.810333,Masella,112.239333,0.295009,30.0117,65,municipality,curated_ski_catalogue;openrouteservice,,2026-08-21T19:58:41Z,0.2.0,,"No snow, traffic, parking capacity, or season duration is modelled.",complete,30.0117,30.0117,100,,curated,access_variety_no_tier,true
082779,Talamanca,07,Bages,2026-08-21,Masella,89.5835,98.3,Masella,89.5835,74,La Molina,95.853667,Port del Comte,98.895167,0.373976,40.722,65,municipality,curated_ski_catalogue;openrouteservice,,2026-08-21T19:58:41Z,0.2.0,,"No snow, traffic, parking capacity, or season duration is modelled.",complete,40.722,40.722,100,,curated,access_variety_no_tier,true
082785,Taradell,24,Osona,2026-08-21,Vall de Núria,91.923333,67.79,Vall de Núria,91.923333,7.614,La Molina,97.603167,Masella,100.032167,0.361571,39.0396,65,municipality,curated_ski_catalogue;openrouteservice,,2026-08-21T19:58:41Z,0.2.0,,"No snow, traffic, parking capacity, or season duration is modelled.",complete,39.0396,39.0396,100,,curated,access_variety_no_tier,true
082798,Terrassa,40,Vallès Occidental,2026-08-21,Masella,98.2375,121.32,Masella,98.2375,74,La Molina,104.507667,Port del Comte,104.717667,0.325757,34.1821,65,municipality,curated_ski_catalogue;openrouteservice,,2026-08-21T19:58:41Z,0.2.0,,"No snow, traffic, parking capacity, or season duration is modelled.",complete,34.1821,34.1821,100,,curated,access_variety_no_tier,true
082802,Tavertet,24,Osona,2026-08-21,Vall de Núria,111.207167,74.8,Vall de Núria,111.207167,7.614,La Molina,116.887,Masella,124.904167,0.259145,25.1473,65,municipality,curated_ski_catalogue;openrouteservice,,2026-08-21T19:58:41Z,0.2.0,,"No snow, traffic, parking capacity, or season duration is modelled.",complete,25.1473,25.1473,100,,curated,access_variety_no_tier,true
082819,Teià,21,Maresme,2026-08-21,Masella,127.076667,155.5,Masella,127.076667,74,La Molina,133.346833,Port del Comte,133.556667,0.201442,17.321,65,municipality,curated_ski_catalogue;openrouteservice,,2026-08-21T19:58:41Z,0.2.0,,"No snow, traffic, parking capacity, or season duration is modelled.",complete,17.321,17.321,100,,curated,access_variety_no_tier,true
082824,Tiana,21,Maresme,2026-08-21,Masella,114.6655,148.47,Masella,114.6655,74,La Molina,120.935667,Port del Comte,121.1455,0.247733,23.5996,65,municipality,curated_ski_catalogue;openrouteservice,,2026-08-21T19:58:41Z,0.2.0,,"No snow, traffic, parking capacity, or season duration is modelled.",complete,23.5996,23.5996,100,,curated,access_variety_no_tier,true
082830,Tona,24,Osona,2026-08-21,Vall de Núria,89.002833,67.84,Vall de Núria,89.002833,7.614,La Molina,94.682833,Masella,97.111833,0.379606,41.4856,65,municipality,curated_ski_catalogue;openrouteservice,,2026-08-21T19:58:41Z,0.2.0,,"No snow, traffic, parking capacity, or season duration is modelled.",complete,41.4856,41.4856,100,,curated,access_variety_no_tier,true
082845,Tordera,21,Maresme,2026-08-21,Vall de Núria,129.371333,112.78,Vall de Núria,129.371333,7.614,La Molina,135.051333,Masella,140.177333,0.192591,16.1206,65,municipality,curated_ski_catalogue;openrouteservice,,2026-08-21T19:58:41Z,0.2.0,,"No snow, traffic, parking capacity, or season duration is modelled.",complete,16.1206,16.1206,100,,curated,access_variety_no_tier,true
082858,Torelló,24,Osona,2026-08-21,Vall de Núria,74.638167,44.8,Vall de Núria,74.638167,7.614,La Molina,80.318167,Masella,88.335167,0.476691,54.6534,65,municipality,curated_ski_catalogue;openrouteservice,,2026-08-21T19:58:41Z,0.2.0,,"No snow, traffic, parking capacity, or season duration is modelled.",complete,54.6534,54.6534,100,,curated,access_variety_no_tier,true
082861,la Torre de Claramunt,06,Anoia,2026-08-21,Port del Comte,103.112833,109.57,Port del Comte,103.112833,,Masella,104.632333,La Molina,110.9025,0.306121,31.5187,65,municipality,curated_ski_catalogue;openrouteservice,,2026-08-21T19:58:41Z,0.2.0,,"No snow, traffic, parking capacity, or season duration is modelled.",complete,31.5187,31.5187,100,,curated,access_variety_no_tier,true
082877,Torrelavit,03,Alt Penedès,2026-08-21,Port del Comte,112.989,121.92,Port del Comte,112.989,,Masella,114.5085,La Molina,120.778667,0.259661,25.2173,65,municipality,curated_ski_catalogue;openrouteservice,,2026-08-21T19:58:41Z,0.2.0,,"No snow, traffic, parking capacity, or season duration is modelled.",complete,25.2173,25.2173,100,,curated,access_variety_no_tier,true
082883,Torrelles de Foix,03,Alt Penedès,2026-08-21,Port del Comte,126.800333,141.95,Port del Comte,126.800333,,Masella,132.431333,La Molina,138.7015,0.200612,17.2084,65,municipality,curated_ski_catalogue;openrouteservice,,2026-08-21T19:58:41Z,0.2.0,,"No snow, traffic, parking capacity, or season duration is modelled.",complete,17.2084,17.2084,100,,curated,access_variety_no_tier,true
082896,Torrelles de Llobregat,11,Baix Llobregat,2026-08-21,Masella,122.112833,148.35,Masella,122.112833,74,La Molina,128.383167,Port del Comte,128.593,0.218816,19.6774,65,municipality,curated_ski_catalogue;openrouteservice,,2026-08-21T19:58:41Z,0.2.0,,"No snow, traffic, parking capacity, or season duration is modelled.",complete,19.6774,19.6774,100,,curated,access_variety_no_tier,true
082900,Ullastrell,40,Vallès Occidental,2026-08-21,Masella,100.378167,124.88,Masella,100.378167,74,La Molina,106.648333,Port del Comte,106.858333,0.31434,32.6335,65,municipality,curated_ski_catalogue;openrouteservice,,2026-08-21T19:58:41Z,0.2.0,,"No snow, traffic, parking capacity, or season duration is modelled.",complete,32.6335,32.6335,100,,curated,access_variety_no_tier,true
082917,Vacarisses,40,Vallès Occidental,2026-08-21,Masella,87.9225,109.79,Masella,87.9225,74,La Molina,94.192667,Port del Comte,94.402667,0.386863,42.4698,65,municipality,curated_ski_catalogue;openrouteservice,,2026-08-21T19:58:41Z,0.2.0,,"No snow, traffic, parking capacity, or season duration is modelled.",complete,42.4698,42.4698,100,,curated,access_variety_no_tier,true
082922,Vallbona d'Anoia,06,Anoia,2026-08-21,Port del Comte,102.673167,110.46,Port del Comte,102.673167,,Masella,104.192667,La Molina,110.462833,0.308372,31.8241,65,municipality,curated_ski_catalogue;openrouteservice,,2026-08-21T19:58:41Z,0.2.0,,"No snow, traffic, parking capacity, or season duration is modelled.",complete,31.8241,31.8241,100,,curated,access_variety_no_tier,true
082938,Vallcebre,14,Berguedà,2026-08-21,Masella,41.869333,37.29,Masella,41.869333,74,La Molina,48.139667,Port del Comte,69.328333,0.800537,98.577,65,municipality,curated_ski_catalogue;openrouteservice,,2026-08-21T19:58:41Z,0.2.0,,"No snow, traffic, parking capacity, or season duration is modelled.",complete,98.577,98.577,100,,curated,access_variety_no_tier,true
082943,Vallgorguina,41,Vallès Oriental,2026-08-21,Masella,125.189667,173.71,Masella,125.189667,74,La Molina,131.46,Port del Comte,131.669833,0.207878,18.1939,65,municipality,curated_ski_catalogue;openrouteservice,,2026-08-21T19:58:41Z,0.2.0,,"No snow, traffic, parking capacity, or season duration is modelled.",complete,18.1939,18.1939,100,,curated,access_variety_no_tier,true
082956,Vallirana,11,Baix Llobregat,2026-08-21,Masella,119.050667,149.51,Masella,119.050667,74,La Molina,125.320833,Port del Comte,125.530833,0.230273,21.2314,65,municipality,curated_ski_catalogue;openrouteservice,,2026-08-21T19:58:41Z,0.2.0,,"No snow, traffic, parking capacity, or season duration is modelled.",complete,21.2314,21.2314,100,,curated,access_variety_no_tier,true
082969,Vallromanes,41,Vallès Oriental,2026-08-21,Masella,116.6445,152.63,Masella,116.6445,74,La Molina,122.914667,Port del Comte,123.124667,0.239696,22.5094,65,municipality,curated_ski_catalogue;openrouteservice,,2026-08-21T19:58:41Z,0.2.0,,"No snow, traffic, parking capacity, or season duration is modelled.",complete,22.5094,22.5094,100,,curated,access_variety_no_tier,true
082975,Veciana,06,Anoia,2026-08-21,Port del Comte,80.630333,87.1,Port del Comte,80.630333,,Masella,100.682167,La Molina,106.9525,0.396265,43.7451,65,municipality,curated_ski_catalogue;openrouteservice,,2026-08-21T19:58:41Z,0.2.0,,"No snow, traffic, parking capacity, or season duration is modelled.",complete,43.7451,43.7451,100,,curated,access_variety_no_tier,true
082981,Vic,24,Osona,2026-08-21,Vall de Núria,84.528,59.28,Vall de Núria,84.528,7.614,La Molina,90.208,Masella,92.1935,0.409395,45.526,65,municipality,curated_ski_catalogue;openrouteservice,,2026-08-21T19:58:41Z,0.2.0,,"No snow, traffic, parking capacity, or season duration is modelled.",complete,45.526,45.526,100,,curated,access_variety_no_tier,true
082994,Vilada,14,Berguedà,2026-08-21,Masella,51.9315,50,Masella,51.9315,74,La Molina,58.201667,Port del Comte,68.2405,0.690534,83.6572,65,municipality,curated_ski_catalogue;openrouteservice,,2026-08-21T19:58:41Z,0.2.0,,"No snow, traffic, parking capacity, or season duration is modelled.",complete,83.6572,83.6572,100,,curated,access_variety_no_tier,true
083008,Viladecavalls,40,Vallès Occidental,2026-08-21,Masella,93.698167,116.36,Masella,93.698167,74,La Molina,99.968333,Port del Comte,100.178333,0.351359,37.6544,65,municipality,curated_ski_catalogue;openrouteservice,,2026-08-21T19:58:41Z,0.2.0,,"No snow, traffic, parking capacity, or season duration is modelled.",complete,37.6544,37.6544,100,,curated,access_variety_no_tier,true
083015,Viladecans,11,Baix Llobregat,2026-08-21,Masella,125.7885,156.34,Masella,125.7885,74,La Molina,132.058667,Port del Comte,132.268667,0.205813,17.9139,65,municipality,curated_ski_catalogue;openrouteservice,,2026-08-21T19:58:41Z,0.2.0,,"No snow, traffic, parking capacity, or season duration is modelled.",complete,17.9139,17.9139,100,,curated,access_variety_no_tier,true
083020,Vilanova del Camí,06,Anoia,2026-08-21,Port del Comte,97.708167,104.83,Port del Comte,97.708167,,Masella,101.065667,La Molina,107.335833,0.33079,34.8646,65,municipality,curated_ski_catalogue;openrouteservice,,2026-08-21T19:58:41Z,0.2.0,,"No snow, traffic, parking capacity, or season duration is modelled.",complete,34.8646,34.8646,100,,curated,access_variety_no_tier,true
083036,Vilanova de Sau,24,Osona,2026-08-21,Vall de Núria,97.4275,70.78,Vall de Núria,97.4275,7.614,La Molina,103.107333,Masella,108.2335,0.327985,34.4843,65,municipality,curated_ski_catalogue;openrouteservice,,2026-08-21T19:58:41Z,0.2.0,,"No snow, traffic, parking capacity, or season duration is modelled.",complete,34.4843,34.4843,100,,curated,access_variety_no_tier,true
083041,Vilobí del Penedès,03,Alt Penedès,2026-08-21,Port del Comte,121.8845,128.05,Port del Comte,121.8845,,Masella,123.404,La Molina,129.674333,0.223882,20.3646,65,municipality,curated_ski_catalogue;openrouteservice,,2026-08-21T19:58:41Z,0.2.0,,"No snow, traffic, parking capacity, or season duration is modelled.",complete,20.3646,20.3646,100,,curated,access_variety_no_tier,true
083054,Vilafranca del Penedès,03,Alt Penedès,2026-08-21,Port del Comte,120.342333,131.21,Port del Comte,120.342333,,Masella,120.635167,La Molina,126.905333,0.231676,21.4217,65,municipality,curated_ski_catalogue;openrouteservice,,2026-08-21T19:58:41Z,0.2.0,,"No snow, traffic, parking capacity, or season duration is modelled.",complete,21.4217,21.4217,100,,curated,access_variety_no_tier,true
083067,Vilalba Sasserra,41,Vallès Oriental,2026-08-21,Masella,120.672,164.69,Masella,120.672,74,La Molina,126.942333,Port del Comte,127.152167,0.224134,20.3988,65,municipality,curated_ski_catalogue;openrouteservice,,2026-08-21T19:58:41Z,0.2.0,,"No snow, traffic, parking capacity, or season duration is modelled.",complete,20.3988,20.3988,100,,curated,access_variety_no_tier,true
083073,Vilanova i la Geltrú,17,Garraf,2026-08-21,Port del Comte,138.467833,146.92,Port del Comte,138.467833,,Masella,139.987333,La Molina,146.257667,0.169818,13.0319,65,municipality,curated_ski_catalogue;openrouteservice,,2026-08-21T19:58:41Z,0.2.0,,"No snow, traffic, parking capacity, or season duration is modelled.",complete,13.0319,13.0319,100,,curated,access_variety_no_tier,true
083089,Viver i Serrateix,14,Berguedà,2026-08-21,Port del Comte,71.6975,61.44,Port del Comte,71.6975,,Masella,80.072833,La Molina,86.343167,0.493643,56.9526,65,municipality,curated_ski_catalogue;openrouteservice,,2026-08-21T19:58:41Z,0.2.0,,"No snow, traffic, parking capacity, or season duration is modelled.",complete,56.9526,56.9526,100,,curated,access_variety_no_tier,true
089019,Rupit i Pruit,24,Osona,2026-08-21,Vallter,128.858333,86.04,Vallter,128.858333,13.58,Vall de Núria,134.183167,La Molina,139.863,0.19448,16.3767,65,municipality,curated_ski_catalogue;openrouteservice,,2026-08-21T19:58:41Z,0.2.0,,"No snow, traffic, parking capacity, or season duration is modelled.",complete,16.3767,16.3767,100,,curated,access_variety_no_tier,true
089024,Vilanova del Vallès,41,Vallès Oriental,2026-08-21,Masella,111.994833,149.65,Masella,111.994833,74,La Molina,118.265,Port del Comte,118.475,0.259009,25.1289,65,municipality,curated_ski_catalogue;openrouteservice,,2026-08-21T19:58:41Z,0.2.0,,"No snow, traffic, parking capacity, or season duration is modelled.",complete,25.1289,25.1289,100,,curated,access_variety_no_tier,true
089030,Sant Julià de Cerdanyola,14,Berguedà,2026-08-21,Masella,35.943,30.52,Masella,35.943,74,La Molina,42.213167,Port del Comte,81.7215,0.860781,100,65,municipality,curated_ski_catalogue;openrouteservice,,2026-08-21T19:58:41Z,0.2.0,,"No snow, traffic, parking capacity, or season duration is modelled.",complete,100,100,100,,curated,access_variety_no_tier,true
089045,Badia del Vallès,40,Vallès Occidental,2026-08-21,Masella,104.1885,134.22,Masella,104.1885,74,La Molina,110.458833,Port del Comte,110.668667,0.294998,30.0101,65,municipality,curated_ski_catalogue;openrouteservice,,2026-08-21T19:58:41Z,0.2.0,,"No snow, traffic, parking capacity, or season duration is modelled.",complete,30.0101,30.0101,100,,curated,access_variety_no_tier,true
089058,la Palma de Cervelló,11,Baix Llobregat,2026-08-21,Masella,118.113167,146.96,Masella,118.113167,74,La Molina,124.3835,Port del Comte,124.593333,0.233899,21.7233,65,municipality,curated_ski_catalogue;openrouteservice,,2026-08-21T19:58:41Z,0.2.0,,"No snow, traffic, parking capacity, or season duration is modelled.",complete,21.7233,21.7233,100,,curated,access_variety_no_tier,true
170010,Agullana,02,Alt Empordà,2026-08-21,Vallter,127.258,121.88,Vallter,127.258,13.58,Vall de Núria,147.302667,La Molina,152.9825,0.182371,14.7345,65,municipality,curated_ski_catalogue;openrouteservice,,2026-08-21T19:58:41Z,0.2.0,,"No snow, traffic, parking capacity, or season duration is modelled.",complete,14.7345,14.7345,100,,curated,access_variety_no_tier,true
170025,Aiguaviva,20,Gironès,2026-08-21,Vall de Núria,115.973333,111.36,Vall de Núria,115.973333,7.614,La Molina,121.653333,Vallter,126.281667,0.241029,22.6902,65,municipality,curated_ski_catalogue;openrouteservice,,2026-08-21T19:58:41Z,0.2.0,,"No snow, traffic, parking capacity, or season duration is modelled.",complete,22.6902,22.6902,100,,curated,access_variety_no_tier,true
170031,Albanyà,02,Alt Empordà,2026-08-21,Vallter,127.931,113.19,Vallter,127.931,13.58,Vall de Núria,147.975667,La Molina,153.6555,0.180337,14.4586,65,municipality,curated_ski_catalogue;openrouteservice,,2026-08-21T19:58:41Z,0.2.0,,"No snow, traffic, parking capacity, or season duration is modelled.",complete,14.4586,14.4586,100,,curated,access_variety_no_tier,true
170046,Albons,10,Baix Empordà,2026-08-21,Vallter,126.830667,115.4,Vallter,126.830667,13.58,Vall de Núria,146.875333,La Molina,152.555333,0.183675,14.9113,65,municipality,curated_ski_catalogue;openrouteservice,,2026-08-21T19:58:41Z,0.2.0,,"No snow, traffic, parking capacity, or season duration is modelled.",complete,14.9113,14.9113,100,,curated,access_variety_no_tier,true
170059,el Far d'Empordà,02,Alt Empordà,2026-08-21,Vallter,113.143667,99.24,Vallter,113.143667,13.58,Vall de Núria,133.188333,La Molina,138.868333,0.230738,21.2945,65,municipality,curated_ski_catalogue;openrouteservice,,2026-08-21T19:58:41Z,0.2.0,,"No snow, traffic, parking capacity, or season duration is modelled.",complete,21.2945,21.2945,100,,curated,access_variety_no_tier,true
170062,Alp,15,Cerdanya,2026-08-21,Masella,11.167333,7.44,Masella,11.167333,74,La Molina,16.358833,Vall de Núria,84.584667,1.271904,100,65,municipality,curated_ski_catalogue;openrouteservice,,2026-08-21T19:58:41Z,0.2.0,,"No snow, traffic, parking capacity, or season duration is modelled.",complete,100,100,100,,curated,access_variety_no_tier,true
170078,Amer,34,Selva,2026-08-21,Vallter,106.164167,81.66,Vallter,106.164167,13.58,Vall de Núria,121.208833,La Molina,126.888833,0.266917,26.2014,65,municipality,curated_ski_catalogue;openrouteservice,,2026-08-21T19:58:41Z,0.2.0,,"No snow, traffic, parking capacity, or season duration is modelled.",complete,26.2014,26.2014,100,,curated,access_variety_no_tier,true
170084,Anglès,34,Selva,2026-08-21,Vall de Núria,114.135,105.92,Vall de Núria,114.135,7.614,Vallter,115.172,La Molina,119.814833,0.256509,24.7898,65,municipality,curated_ski_catalogue;openrouteservice,,2026-08-21T19:58:41Z,0.2.0,,"No snow, traffic, parking capacity, or season duration is modelled.",complete,24.7898,24.7898,100,,curated,access_variety_no_tier,true
170097,Arbúcies,34,Selva,2026-08-21,Vall de Núria,101.710167,88.41,Vall de Núria,101.710167,7.614,La Molina,107.39,Masella,112.516,0.305391,31.4197,65,municipality,curated_ski_catalogue;openrouteservice,,2026-08-21T19:58:41Z,0.2.0,,"No snow, traffic, parking capacity, or season duration is modelled.",complete,31.4197,31.4197,100,,curated,access_variety_no_tier,true
170101,Argelaguer,19,Garrotxa,2026-08-21,Vallter,81.813333,66.05,Vallter,81.813333,13.58,Vall de Núria,101.858,La Molina,107.537833,0.388952,42.7533,65,municipality,curated_ski_catalogue;openrouteservice,,2026-08-21T19:58:41Z,0.2.0,,"No snow, traffic, parking capacity, or season duration is modelled.",complete,42.7533,42.7533,100,,curated,access_variety_no_tier,true
170118,l'Armentera,02,Alt Empordà,2026-08-21,Vallter,124.018833,110.83,Vallter,124.018833,13.58,Vall de Núria,144.063667,La Molina,149.7435,0.192487,16.1065,65,municipality,curated_ski_catalogue;openrouteservice,,2026-08-21T19:58:41Z,0.2.0,,"No snow, traffic, parking capacity, or season duration is modelled.",complete,16.1065,16.1065,100,,curated,access_variety_no_tier,true
170123,Avinyonet de Puigventós,02,Alt Empordà,2026-08-21,Vallter,102.323833,90.55,Vallter,102.323833,13.58,Vall de Núria,122.368667,La Molina,128.0485,0.276335,27.4789,65,municipality,curated_ski_catalogue;openrouteservice,,2026-08-21T19:58:41Z,0.2.0,,"No snow, traffic, parking capacity, or season duration is modelled.",complete,27.4789,27.4789,100,,curated,access_variety_no_tier,true
170139,Begur,10,Baix Empordà,2026-08-21,Vallter,158.021333,142.41,Vallter,158.021333,13.58,Vall de Núria,163.889333,La Molina,169.569333,0.119184,6.1643,65,municipality,curated_ski_catalogue;openrouteservice,,2026-08-21T19:58:41Z,0.2.0,,"No snow, traffic, parking capacity, or season duration is modelled.",complete,6.1643,6.1643,100,,curated,access_variety_no_tier,true
170144,la Vajol,02,Alt Empordà,2026-08-21,Vallter,127.34,98.17,Vallter,127.34,13.58,Vall de Núria,154.724167,La Molina,160.404,0.174941,13.7267,65,municipality,curated_ski_catalogue;openrouteservice,,2026-08-21T19:58:41Z,0.2.0,,"No snow, traffic, parking capacity, or season duration is modelled.",complete,13.7267,13.7267,100,,curated,access_variety_no_tier,true
170157,Banyoles,28,Pla de l'Estany,2026-08-21,Vallter,98.878833,83.43,Vallter,98.878833,13.58,Vall de Núria,118.923667,La Molina,124.6035,0.292666,29.6938,65,municipality,curated_ski_catalogue;openrouteservice,,2026-08-21T19:58:41Z,0.2.0,,"No snow, traffic, parking capacity, or season duration is modelled.",complete,29.6938,29.6938,100,,curated,access_variety_no_tier,true
170160,Bàscara,02,Alt Empordà,2026-08-21,Vallter,112.071833,93.73,Vallter,112.071833,13.58,Vall de Núria,132.1165,La Molina,137.796333,0.234897,21.8586,65,municipality,curated_ski_catalogue;openrouteservice,,2026-08-21T19:58:41Z,0.2.0,,"No snow, traffic, parking capacity, or season duration is modelled.",complete,21.8586,21.8586,100,,curated,access_variety_no_tier,true
170182,Bellcaire d'Empordà,10,Baix Empordà,2026-08-21,Vallter,130.217167,118.29,Vallter,130.217167,13.58,Vall de Núria,150.261833,La Molina,155.941667,0.173595,13.5441,65,municipality,curated_ski_catalogue;openrouteservice,,2026-08-21T19:58:41Z,0.2.0,,"No snow, traffic, parking capacity, or season duration is modelled.",complete,13.5441,13.5441,100,,curated,access_variety_no_tier,true
170195,Besalú,19,Garrotxa,2026-08-21,Vallter,85.1535,70.48,Vallter,85.1535,13.58,Vall de Núria,105.198167,La Molina,110.878,0.367891,39.8967,65,municipality,curated_ski_catalogue;openrouteservice,,2026-08-21T19:58:41Z,0.2.0,,"No snow, traffic, parking capacity, or season duration is modelled.",complete,39.8967,39.8967,100,,curated,access_variety_no_tier,true
170209,Bescanó,20,Gironès,2026-08-21,Vall de Núria,123.991333,115.38,Vall de Núria,123.991333,7.614,Vallter,124.519167,La Molina,129.671167,0.218181,19.5913,65,municipality,curated_ski_catalogue;openrouteservice,,2026-08-21T19:58:41Z,0.2.0,,"No snow, traffic, parking capacity, or season duration is modelled.",complete,19.5913,19.5913,100,,curated,access_variety_no_tier,true
170216,Beuda,19,Garrotxa,2026-08-21,Vallter,88.014833,75.2,Vallter,88.014833,13.58,Vall de Núria,108.0595,La Molina,113.739333,0.350759,37.573,65,municipality,curated_ski_catalogue;openrouteservice,,2026-08-21T19:58:41Z,0.2.0,,"No snow, traffic, parking capacity, or season duration is modelled.",complete,37.573,37.573,100,,curated,access_variety_no_tier,true
170221,la Bisbal d'Empordà,10,Baix Empordà,2026-08-21,Vallter,140.3865,119.34,Vallter,140.3865,13.58,Vall de Núria,155.882833,La Molina,161.562667,0.150483,10.4094,65,municipality,curated_ski_catalogue;openrouteservice,,2026-08-21T19:58:41Z,0.2.0,,"No snow, traffic, parking capacity, or season duration is modelled.",complete,10.4094,10.4094,100,,curated,access_variety_no_tier,true
170237,Blanes,34,Selva,2026-08-21,Vall de Núria,139.927167,134.96,Vall de Núria,139.927167,7.614,La Molina,145.607,Vallter,149.8095,0.161836,11.9493,65,municipality,curated_ski_catalogue;openrouteservice,,2026-08-21T19:58:41Z,0.2.0,,"No snow, traffic, parking capacity, or season duration is modelled.",complete,11.9493,11.9493,100,,curated,access_variety_no_tier,true
170242,Bolvir,15,Cerdanya,2026-08-21,Masella,24.983667,14.99,Masella,24.983667,74,La Molina,26.278833,Vall de Núria,94.504667,1.033837,100,65,municipality,curated_ski_catalogue;openrouteservice,,2026-08-21T19:58:41Z,0.2.0,,"No snow, traffic, parking capacity, or season duration is modelled.",complete,100,100,100,,curated,access_variety_no_tier,true
170255,Bordils,20,Gironès,2026-08-21,Vallter,121.598,103.56,Vallter,121.598,13.58,Vall de Núria,137.094167,La Molina,142.774,0.205818,17.9146,65,municipality,curated_ski_catalogue;openrouteservice,,2026-08-21T19:58:41Z,0.2.0,,"No snow, traffic, parking capacity, or season duration is modelled.",complete,17.9146,17.9146,100,,curated,access_variety_no_tier,true
170268,Borrassà,02,Alt Empordà,2026-08-21,Vallter,102.0735,90.6,Vallter,102.0735,13.58,Vall de Núria,122.118167,La Molina,127.798,0.277491,27.6356,65,municipality,curated_ski_catalogue;openrouteservice,,2026-08-21T19:58:41Z,0.2.0,,"No snow, traffic, parking capacity, or season duration is modelled.",complete,27.6356,27.6356,100,,curated,access_variety_no_tier,true
170274,Breda,34,Selva,2026-08-21,Vall de Núria,114.085833,99.68,Vall de Núria,114.085833,7.614,La Molina,119.765667,Masella,124.891833,0.248472,23.6998,65,municipality,curated_ski_catalogue;openrouteservice,,2026-08-21T19:58:41Z,0.2.0,,"No snow, traffic, parking capacity, or season duration is modelled.",complete,23.6998,23.6998,100,,curated,access_variety_no_tier,true
170280,Brunyola i Sant Martí Sapresa,34,Selva,2026-08-21,Vall de Núria,108.535333,101.71,Vall de Núria,108.535333,7.614,La Molina,114.215333,Masella,119.341333,0.272554,26.9661,65,municipality,curated_ski_catalogue;openrouteservice,,2026-08-21T19:58:41Z,0.2.0,,"No snow, traffic, parking capacity, or season duration is modelled.",complete,26.9661,26.9661,100,,curated,access_variety_no_tier,true
170293,Boadella i les Escaules,02,Alt Empordà,2026-08-21,Vallter,124.929833,107.73,Vallter,124.929833,13.58,Vall de Núria,144.9745,La Molina,150.6545,0.189587,15.7131,65,municipality,curated_ski_catalogue;openrouteservice,,2026-08-21T19:58:41Z,0.2.0,,"No snow, traffic, parking capacity, or season duration is modelled.",complete,15.7131,15.7131,100,,curated,access_variety_no_tier,true
170307,Cabanes,02,Alt Empordà,2026-08-21,Vallter,119.783667,100.16,Vallter,119.783667,13.58,Vall de Núria,139.8285,La Molina,145.508333,0.206565,18.0159,65,municipality,curated_ski_catalogue;openrouteservice,,2026-08-21T19:58:41Z,0.2.0,,"No snow, traffic, parking capacity, or season duration is modelled.",complete,18.0159,18.0159,100,,curated,access_variety_no_tier,true
170314,Cabanelles,02,Alt Empordà,2026-08-21,Vallter,91.778667,82.19,Vallter,91.778667,13.58,Vall de Núria,111.823333,La Molina,117.503333,0.329431,34.6804,65,municipality,curated_ski_catalogue;openrouteservice,,2026-08-21T19:58:41Z,0.2.0,,"No snow, traffic, parking capacity, or season duration is modelled.",complete,34.6804,34.6804,100,,curated,access_variety_no_tier,true
170329,Cadaqués,02,Alt Empordà,2026-08-21,Vallter,152.652,129.87,Vallter,152.652,13.58,Vall de Núria,172.696667,La Molina,178.376667,0.11944,6.199,65,municipality,curated_ski_catalogue;openrouteservice,,2026-08-21T19:58:41Z,0.2.0,,"No snow, traffic, parking capacity, or season duration is modelled.",complete,6.199,6.199,100,,curated,access_variety_no_tier,true
170335,Caldes de Malavella,34,Selva,2026-08-21,Vall de Núria,117.179167,114.11,Vall de Núria,117.179167,7.614,La Molina,122.859,Vallter,127.0615,0.236446,22.0687,65,municipality,curated_ski_catalogue;openrouteservice,,2026-08-21T19:58:41Z,0.2.0,,"No snow, traffic, parking capacity, or season duration is modelled.",complete,22.0687,22.0687,100,,curated,access_variety_no_tier,true
170340,Calonge i Sant Antoni,10,Baix Empordà,2026-08-21,Vall de Núria,146.123333,153.27,Vall de Núria,146.123333,7.614,La Molina,151.803167,Vallter,155.053333,0.146255,9.8359,65,municipality,curated_ski_catalogue;openrouteservice,,2026-08-21T19:58:41Z,0.2.0,,"No snow, traffic, parking capacity, or season duration is modelled.",complete,9.8359,9.8359,100,,curated,access_variety_no_tier,true
170353,Camós,28,Pla de l'Estany,2026-08-21,Vallter,106.194333,86.54,Vallter,106.194333,13.58,Vall de Núria,126.239,La Molina,131.919,0.259072,25.1375,65,municipality,curated_ski_catalogue;openrouteservice,,2026-08-21T19:58:41Z,0.2.0,,"No snow, traffic, parking capacity, or season duration is modelled.",complete,25.1375,25.1375,100,,curated,access_variety_no_tier,true
170366,Campdevànol,31,Ripollès,2026-08-21,Vall de Núria,44.345833,17.84,Vall de Núria,44.345833,7.614,La Molina,50.025667,Masella,58.042833,0.78977,97.1167,65,municipality,curated_ski_catalogue;openrouteservice,,2026-08-21T19:58:41Z,0.2.0,,"No snow, traffic, parking capacity, or season duration is modelled.",complete,97.1167,97.1167,100,,curated,access_variety_no_tier,true
170372,Campelles,31,Ripollès,2026-08-21,Vall de Núria,41.614167,14.72,Vall de Núria,41.614167,7.614,La Molina,47.294,Masella,55.311167,0.826558,100,65,municipality,curated_ski_catalogue;openrouteservice,,2026-08-21T19:58:41Z,0.2.0,,"No snow, traffic, parking capacity, or season duration is modelled.",complete,100,100,100,,curated,access_variety_no_tier,true
170388,Campllong,20,Gironès,2026-08-21,Vall de Núria,121.0595,116.13,Vall de Núria,121.0595,7.614,La Molina,126.739333,Vallter,128.157667,0.222978,20.2419,65,municipality,curated_ski_catalogue;openrouteservice,,2026-08-21T19:58:41Z,0.2.0,,"No snow, traffic, parking capacity, or season duration is modelled.",complete,20.2419,20.2419,100,,curated,access_variety_no_tier,true
170391,Camprodon,31,Ripollès,2026-08-21,Vallter,34.649667,23.06,Vallter,34.649667,13.58,Vall de Núria,80.408833,La Molina,86.088667,0.751747,91.9595,65,municipality,curated_ski_catalogue;openrouteservice,,2026-08-21T19:58:41Z,0.2.0,,"No snow, traffic, parking capacity, or season duration is modelled.",complete,91.9595,91.9595,100,,curated,access_variety_no_tier,true
170405,Canet d'Adri,20,Gironès,2026-08-21,Vallter,123.2535,110.91,Vallter,123.2535,13.58,Vall de Núria,130.4215,La Molina,136.101333,0.210941,18.6094,65,municipality,curated_ski_catalogue;openrouteservice,,2026-08-21T19:58:41Z,0.2.0,,"No snow, traffic, parking capacity, or season duration is modelled.",complete,18.6094,18.6094,100,,curated,access_variety_no_tier,true
170412,Cantallops,02,Alt Empordà,2026-08-21,Vallter,129.196167,124.19,Vallter,129.196167,13.58,Vall de Núria,149.240833,La Molina,154.920667,0.176574,13.9482,65,municipality,curated_ski_catalogue;openrouteservice,,2026-08-21T19:58:41Z,0.2.0,,"No snow, traffic, parking capacity, or season duration is modelled.",complete,13.9482,13.9482,100,,curated,access_variety_no_tier,true
170427,Capmany,02,Alt Empordà,2026-08-21,Vallter,123.7915,113.5,Vallter,123.7915,13.58,Vall de Núria,143.836167,La Molina,149.516,0.193218,16.2056,65,municipality,curated_ski_catalogue;openrouteservice,,2026-08-21T19:58:41Z,0.2.0,,"No snow, traffic, parking capacity, or season duration is modelled.",complete,16.2056,16.2056,100,,curated,access_variety_no_tier,true
170433,Queralbs,31,Ripollès,2026-08-21,Vall de Núria,21.878667,0.47,Vall de Núria,21.878667,7.614,La Molina,50.530667,Masella,58.547833,1.004052,100,65,municipality,curated_ski_catalogue;openrouteservice,,2026-08-21T19:58:41Z,0.2.0,,"No snow, traffic, parking capacity, or season duration is modelled.",complete,100,100,100,,curated,access_variety_no_tier,true
170448,Cassà de la Selva,20,Gironès,2026-08-21,Vall de Núria,126.117833,118.85,Vall de Núria,126.117833,7.614,Vallter,130.579167,La Molina,131.797667,0.20674,18.0396,65,municipality,curated_ski_catalogue;openrouteservice,,2026-08-21T19:58:41Z,0.2.0,,"No snow, traffic, parking capacity, or season duration is modelled.",complete,18.0396,18.0396,100,,curated,access_variety_no_tier,true
170464,Castellfollit de la Roca,19,Garrotxa,2026-08-21,Vallter,71.125,54.74,Vallter,71.125,13.58,Vall de Núria,91.169667,La Molina,96.8495,0.464795,53.0399,65,municipality,curated_ski_catalogue;openrouteservice,,2026-08-21T19:58:41Z,0.2.0,,"No snow, traffic, parking capacity, or season duration is modelled.",complete,53.0399,53.0399,100,,curated,access_variety_no_tier,true
170470,Castelló d'Empúries,02,Alt Empordà,2026-08-21,Vallter,121.8705,105.73,Vallter,121.8705,13.58,Vall de Núria,141.915333,La Molina,147.595167,0.199504,17.0582,65,municipality,curated_ski_catalogue;openrouteservice,,2026-08-21T19:58:41Z,0.2.0,,"No snow, traffic, parking capacity, or season duration is modelled.",complete,17.0582,17.0582,100,,curated,access_variety_no_tier,true
170486,"Castell d'Aro, Platja d'Aro i s'Agaró",10,Baix Empordà,2026-08-21,Vall de Núria,143.073167,147.58,Vall de Núria,143.073167,7.614,La Molina,148.753,Vallter,152.003167,0.153882,10.8704,65,municipality,curated_ski_catalogue;openrouteservice,,2026-08-21T19:58:41Z,0.2.0,,"No snow, traffic, parking capacity, or season duration is modelled.",complete,10.8704,10.8704,100,,curated,access_variety_no_tier,true
170499,Celrà,20,Gironès,2026-08-21,Vallter,115.967833,100.44,Vallter,115.967833,13.58,Vall de Núria,131.464167,La Molina,137.144,0.226066,20.6608,65,municipality,curated_ski_catalogue;openrouteservice,,2026-08-21T19:58:41Z,0.2.0,,"No snow, traffic, parking capacity, or season duration is modelled.",complete,20.6608,20.6608,100,,curated,access_variety_no_tier,true
170502,Cervià de Ter,20,Gironès,2026-08-21,Vallter,115.795833,101.14,Vallter,115.795833,13.58,Vall de Núria,134.363333,La Molina,140.043167,0.222646,20.1969,65,municipality,curated_ski_catalogue;openrouteservice,,2026-08-21T19:58:41Z,0.2.0,,"No snow, traffic, parking capacity, or season duration is modelled.",complete,20.1969,20.1969,100,,curated,access_variety_no_tier,true
170519,Cistella,02,Alt Empordà,2026-08-21,Vallter,107.6255,89.56,Vallter,107.6255,13.58,Vall de Núria,127.670333,La Molina,133.350167,0.252965,24.3092,65,municipality,curated_ski_catalogue;openrouteservice,,2026-08-21T19:58:41Z,0.2.0,,"No snow, traffic, parking capacity, or season duration is modelled.",complete,24.3092,24.3092,100,,curated,access_variety_no_tier,true
170524,Siurana,02,Alt Empordà,2026-08-21,Vallter,113.404,98.31,Vallter,113.404,13.58,Vall de Núria,133.448667,La Molina,139.128667,0.229739,21.159,65,municipality,curated_ski_catalogue;openrouteservice,,2026-08-21T19:58:41Z,0.2.0,,"No snow, traffic, parking capacity, or season duration is modelled.",complete,21.159,21.159,100,,curated,access_variety_no_tier,true
170545,Colera,02,Alt Empordà,2026-08-21,Vallter,143.836833,126.7,Vallter,143.836833,13.58,Vall de Núria,163.8815,La Molina,169.561333,0.138342,8.7627,65,municipality,curated_ski_catalogue;openrouteservice,,2026-08-21T19:58:41Z,0.2.0,,"No snow, traffic, parking capacity, or season duration is modelled.",complete,8.7627,8.7627,100,,curated,access_variety_no_tier,true
170558,Colomers,10,Baix Empordà,2026-08-21,Vallter,122.809333,108.1,Vallter,122.809333,13.58,Vall de Núria,141.376833,La Molina,147.056667,0.198084,16.8655,65,municipality,curated_ski_catalogue;openrouteservice,,2026-08-21T19:58:41Z,0.2.0,,"No snow, traffic, parking capacity, or season duration is modelled.",complete,16.8655,16.8655,100,,curated,access_variety_no_tier,true
170561,Cornellà del Terri,28,Pla de l'Estany,2026-08-21,Vallter,103.884333,88.73,Vallter,103.884333,13.58,Vall de Núria,123.929,La Molina,129.608833,0.269241,26.5167,65,municipality,curated_ski_catalogue;openrouteservice,,2026-08-21T19:58:41Z,0.2.0,,"No snow, traffic, parking capacity, or season duration is modelled.",complete,26.5167,26.5167,100,,curated,access_variety_no_tier,true
170577,Corçà,10,Baix Empordà,2026-08-21,Vallter,131.2875,115.37,Vallter,131.2875,13.58,Vall de Núria,146.783667,La Molina,152.4635,0.175125,13.7516,65,municipality,curated_ski_catalogue;openrouteservice,,2026-08-21T19:58:41Z,0.2.0,,"No snow, traffic, parking capacity, or season duration is modelled.",complete,13.7516,13.7516,100,,curated,access_variety_no_tier,true
170583,Crespià,28,Pla de l'Estany,2026-08-21,Vallter,95.237667,80.13,Vallter,95.237667,13.58,Vall de Núria,115.282333,La Molina,120.962167,0.310977,32.1773,65,municipality,curated_ski_catalogue;openrouteservice,,2026-08-21T19:58:41Z,0.2.0,,"No snow, traffic, parking capacity, or season duration is modelled.",complete,32.1773,32.1773,100,,curated,access_variety_no_tier,true
170600,Darnius,02,Alt Empordà,2026-08-21,Vallter,122.270833,101.17,Vallter,122.270833,13.58,Vall de Núria,147.195,La Molina,152.874833,0.192877,16.1593,65,municipality,curated_ski_catalogue;openrouteservice,,2026-08-21T19:58:41Z,0.2.0,,"No snow, traffic, parking capacity, or season duration is modelled.",complete,16.1593,16.1593,100,,curated,access_variety_no_tier,true
170617,Das,15,Cerdanya,2026-08-21,Masella,9.76,6.07,Masella,9.76,74,La Molina,16.030333,Vall de Núria,85.478667,1.292794,100,65,municipality,curated_ski_catalogue;openrouteservice,,2026-08-21T19:58:41Z,0.2.0,,"No snow, traffic, parking capacity, or season duration is modelled.",complete,100,100,100,,curated,access_variety_no_tier,true
170622,l'Escala,02,Alt Empordà,2026-08-21,Vallter,132.046,116.87,Vallter,132.046,13.58,Vall de Núria,152.090833,La Molina,157.770667,0.168384,12.8373,65,municipality,curated_ski_catalogue;openrouteservice,,2026-08-21T19:58:41Z,0.2.0,,"No snow, traffic, parking capacity, or season duration is modelled.",complete,12.8373,12.8373,100,,curated,access_variety_no_tier,true
170638,Espinelves,24,Osona,2026-08-21,Vall de Núria,91.008333,72.91,Vall de Núria,91.008333,7.614,La Molina,96.688333,Masella,101.814333,0.365021,39.5074,65,municipality,curated_ski_catalogue;openrouteservice,,2026-08-21T19:58:41Z,0.2.0,,"No snow, traffic, parking capacity, or season duration is modelled.",complete,39.5074,39.5074,100,,curated,access_variety_no_tier,true
170643,Espolla,02,Alt Empordà,2026-08-21,Vallter,127.549,116.8,Vallter,127.549,13.58,Vall de Núria,147.593667,La Molina,153.273667,0.181489,14.6148,65,municipality,curated_ski_catalogue;openrouteservice,,2026-08-21T19:58:41Z,0.2.0,,"No snow, traffic, parking capacity, or season duration is modelled.",complete,14.6148,14.6148,100,,curated,access_variety_no_tier,true
170656,Esponellà,28,Pla de l'Estany,2026-08-21,Vallter,100.4575,82.32,Vallter,100.4575,13.58,Vall de Núria,120.502333,La Molina,126.182167,0.285066,28.663,65,municipality,curated_ski_catalogue;openrouteservice,,2026-08-21T19:58:41Z,0.2.0,,"No snow, traffic, parking capacity, or season duration is modelled.",complete,28.663,28.663,100,,curated,access_variety_no_tier,true
170669,Figueres,02,Alt Empordà,2026-08-21,Vallter,112.281833,94.59,Vallter,112.281833,13.58,Vall de Núria,132.3265,La Molina,138.0065,0.234077,21.7473,65,municipality,curated_ski_catalogue;openrouteservice,,2026-08-21T19:58:41Z,0.2.0,,"No snow, traffic, parking capacity, or season duration is modelled.",complete,21.7473,21.7473,100,,curated,access_variety_no_tier,true
170675,Flaçà,20,Gironès,2026-08-21,Vallter,125.205667,107.35,Vallter,125.205667,13.58,Vall de Núria,140.701833,La Molina,146.381667,0.193807,16.2855,65,municipality,curated_ski_catalogue;openrouteservice,,2026-08-21T19:58:41Z,0.2.0,,"No snow, traffic, parking capacity, or season duration is modelled.",complete,16.2855,16.2855,100,,curated,access_variety_no_tier,true
170681,Foixà,10,Baix Empordà,2026-08-21,Vallter,131.6455,112.67,Vallter,131.6455,13.58,Vall de Núria,147.141833,La Molina,152.821667,0.174083,13.6103,65,municipality,curated_ski_catalogue;openrouteservice,,2026-08-21T19:58:41Z,0.2.0,,"No snow, traffic, parking capacity, or season duration is modelled.",complete,13.6103,13.6103,100,,curated,access_variety_no_tier,true
170694,Fontanals de Cerdanya,15,Cerdanya,2026-08-21,Masella,15.4495,9.93,Masella,15.4495,74,La Molina,16.581333,Vall de Núria,84.259167,1.213643,100,65,municipality,curated_ski_catalogue;openrouteservice,,2026-08-21T19:58:41Z,0.2.0,,"No snow, traffic, parking capacity, or season duration is modelled.",complete,100,100,100,,curated,access_variety_no_tier,true
170708,Fontanilles,10,Baix Empordà,2026-08-21,Vallter,147.2045,123.67,Vallter,147.2045,13.58,Vall de Núria,162.700667,La Molina,168.380667,0.134319,8.217,65,municipality,curated_ski_catalogue;openrouteservice,,2026-08-21T19:58:41Z,0.2.0,,"No snow, traffic, parking capacity, or season duration is modelled.",complete,8.217,8.217,100,,curated,access_variety_no_tier,true
170715,Fontcoberta,28,Pla de l'Estany,2026-08-21,Vallter,102.388667,84.63,Vallter,102.388667,13.58,Vall de Núria,122.433333,La Molina,128.113167,0.276037,27.4384,65,municipality,curated_ski_catalogue;openrouteservice,,2026-08-21T19:58:41Z,0.2.0,,"No snow, traffic, parking capacity, or season duration is modelled.",complete,27.4384,27.4384,100,,curated,access_variety_no_tier,true
170736,Fornells de la Selva,20,Gironès,2026-08-21,Vall de Núria,122.445667,117.44,Vall de Núria,122.445667,7.614,Vallter,125.091,La Molina,128.1255,0.221641,20.0607,65,municipality,curated_ski_catalogue;openrouteservice,,2026-08-21T19:58:41Z,0.2.0,,"No snow, traffic, parking capacity, or season duration is modelled.",complete,20.0607,20.0607,100,,curated,access_variety_no_tier,true
170741,Fortià,02,Alt Empordà,2026-08-21,Vallter,117.009333,101.91,Vallter,117.009333,13.58,Vall de Núria,137.054,La Molina,142.733833,0.216341,19.3418,65,municipality,curated_ski_catalogue;openrouteservice,,2026-08-21T19:58:41Z,0.2.0,,"No snow, traffic, parking capacity, or season duration is modelled.",complete,19.3418,19.3418,100,,curated,access_variety_no_tier,true
170754,Garrigàs,02,Alt Empordà,2026-08-21,Vallter,109.476,94.51,Vallter,109.476,13.58,Vall de Núria,129.520667,La Molina,135.200667,0.245283,23.2672,65,municipality,curated_ski_catalogue;openrouteservice,,2026-08-21T19:58:41Z,0.2.0,,"No snow, traffic, parking capacity, or season duration is modelled.",complete,23.2672,23.2672,100,,curated,access_variety_no_tier,true
170767,Garrigoles,10,Baix Empordà,2026-08-21,Vallter,127.216667,118.39,Vallter,127.216667,13.58,Vall de Núria,143.660167,La Molina,149.34,0.186363,15.2759,65,municipality,curated_ski_catalogue;openrouteservice,,2026-08-21T19:58:41Z,0.2.0,,"No snow, traffic, parking capacity, or season duration is modelled.",complete,15.2759,15.2759,100,,curated,access_variety_no_tier,true
170773,Garriguella,02,Alt Empordà,2026-08-21,Vallter,127.794333,113.73,Vallter,127.794333,13.58,Vall de Núria,147.839,La Molina,153.519,0.180748,14.5143,65,municipality,curated_ski_catalogue;openrouteservice,,2026-08-21T19:58:41Z,0.2.0,,"No snow, traffic, parking capacity, or season duration is modelled.",complete,14.5143,14.5143,100,,curated,access_variety_no_tier,true
170789,Ger,15,Cerdanya,2026-08-21,Masella,25.42,21.69,Masella,25.42,74,La Molina,30.0615,Vall de Núria,98.287333,1.006183,100,65,municipality,curated_ski_catalogue;openrouteservice,,2026-08-21T19:58:41Z,0.2.0,,"No snow, traffic, parking capacity, or season duration is modelled.",complete,100,100,100,,curated,access_variety_no_tier,true
170792,Girona,20,Gironès,2026-08-21,Vallter,122.539833,102.94,Vallter,122.539833,13.58,Vall de Núria,128.8455,La Molina,134.525333,0.214677,19.1161,65,municipality,curated_ski_catalogue;openrouteservice,,2026-08-21T19:58:41Z,0.2.0,,"No snow, traffic, parking capacity, or season duration is modelled.",complete,19.1161,19.1161,100,,curated,access_variety_no_tier,true
170806,Gombrèn,31,Ripollès,2026-08-21,La Molina,44.239167,30.52,La Molina,44.239167,70.644,Masella,52.256333,Vall de Núria,54.608333,0.788291,96.9161,65,municipality,curated_ski_catalogue;openrouteservice,,2026-08-21T19:58:41Z,0.2.0,,"No snow, traffic, parking capacity, or season duration is modelled.",complete,96.9161,96.9161,100,,curated,access_variety_no_tier,true
170813,Gualta,10,Baix Empordà,2026-08-21,Vallter,141.359833,121.14,Vallter,141.359833,13.58,Vall de Núria,156.856,La Molina,162.535833,0.148062,10.081,65,municipality,curated_ski_catalogue;openrouteservice,,2026-08-21T19:58:41Z,0.2.0,,"No snow, traffic, parking capacity, or season duration is modelled.",complete,10.081,10.081,100,,curated,access_variety_no_tier,true
170828,Guils de Cerdanya,15,Cerdanya,2026-08-21,Masella,29.317667,20.85,Masella,29.317667,74,La Molina,30.612833,Vall de Núria,97.746333,0.962677,100,65,municipality,curated_ski_catalogue;openrouteservice,,2026-08-21T19:58:41Z,0.2.0,,"No snow, traffic, parking capacity, or season duration is modelled.",complete,100,100,100,,curated,access_variety_no_tier,true
170834,Hostalric,34,Selva,2026-08-21,Vall de Núria,118.926,103.09,Vall de Núria,118.926,7.614,La Molina,124.605833,Masella,129.732,0.229215,21.0879,65,municipality,curated_ski_catalogue;openrouteservice,,2026-08-21T19:58:41Z,0.2.0,,"No snow, traffic, parking capacity, or season duration is modelled.",complete,21.0879,21.0879,100,,curated,access_variety_no_tier,true
170849,Isòvol,15,Cerdanya,2026-08-21,Masella,23.815167,19.82,Masella,23.815167,74,La Molina,30.085333,Vall de Núria,99.533667,1.02281,100,65,municipality,curated_ski_catalogue;openrouteservice,,2026-08-21T19:58:41Z,0.2.0,,"No snow, traffic, parking capacity, or season duration is modelled.",complete,100,100,100,,curated,access_variety_no_tier,true
170852,Jafre,10,Baix Empordà,2026-08-21,Vallter,125.14,110.54,Vallter,125.14,13.58,Vall de Núria,143.707333,La Molina,149.387333,0.190537,15.8419,65,municipality,curated_ski_catalogue;openrouteservice,,2026-08-21T19:58:41Z,0.2.0,,"No snow, traffic, parking capacity, or season duration is modelled.",complete,15.8419,15.8419,100,,curated,access_variety_no_tier,true
170865,la Jonquera,02,Alt Empordà,2026-08-21,Vallter,124.2525,119.01,Vallter,124.2525,13.58,Vall de Núria,144.297167,La Molina,149.977167,0.191739,16.005,65,municipality,curated_ski_catalogue;openrouteservice,,2026-08-21T19:58:41Z,0.2.0,,"No snow, traffic, parking capacity, or season duration is modelled.",complete,16.005,16.005,100,,curated,access_variety_no_tier,true
170871,Juià,20,Gironès,2026-08-21,Vallter,121.084333,103.1,Vallter,121.084333,13.58,Vall de Núria,136.5805,La Molina,142.260333,0.207588,18.1546,65,municipality,curated_ski_catalogue;openrouteservice,,2026-08-21T19:58:41Z,0.2.0,,"No snow, traffic, parking capacity, or season duration is modelled.",complete,18.1546,18.1546,100,,curated,access_variety_no_tier,true
170887,Lladó,02,Alt Empordà,2026-08-21,Vallter,94.35,84.09,Vallter,94.35,13.58,Vall de Núria,114.394667,La Molina,120.074667,0.315611,32.806,65,municipality,curated_ski_catalogue;openrouteservice,,2026-08-21T19:58:41Z,0.2.0,,"No snow, traffic, parking capacity, or season duration is modelled.",complete,32.806,32.806,100,,curated,access_variety_no_tier,true
170890,Llagostera,20,Gironès,2026-08-21,Vall de Núria,126.3705,121.67,Vall de Núria,126.3705,7.614,La Molina,132.050333,Vallter,136.252833,0.202863,17.5138,65,municipality,curated_ski_catalogue;openrouteservice,,2026-08-21T19:58:41Z,0.2.0,,"No snow, traffic, parking capacity, or season duration is modelled.",complete,17.5138,17.5138,100,,curated,access_variety_no_tier,true
170904,Llambilles,20,Gironès,2026-08-21,Vall de Núria,123.179,122.48,Vall de Núria,123.179,7.614,Vallter,125.771167,La Molina,128.859,0.219003,19.7029,65,municipality,curated_ski_catalogue;openrouteservice,,2026-08-21T19:58:41Z,0.2.0,,"No snow, traffic, parking capacity, or season duration is modelled.",complete,19.7029,19.7029,100,,curated,access_variety_no_tier,true
170911,Llanars,31,Ripollès,2026-08-21,Vallter,29.364,20.81,Vallter,29.364,13.58,Vall de Núria,78.632167,La Molina,86.983,0.806491,99.3846,65,municipality,curated_ski_catalogue;openrouteservice,,2026-08-21T19:58:41Z,0.2.0,,"No snow, traffic, parking capacity, or season duration is modelled.",complete,99.3846,99.3846,100,,curated,access_variety_no_tier,true
170926,Llançà,02,Alt Empordà,2026-08-21,Vallter,132.876833,119.91,Vallter,132.876833,13.58,Vall de Núria,152.9215,La Molina,158.601333,0.166068,12.5232,65,municipality,curated_ski_catalogue;openrouteservice,,2026-08-21T19:58:41Z,0.2.0,,"No snow, traffic, parking capacity, or season duration is modelled.",complete,12.5232,12.5232,100,,curated,access_variety_no_tier,true
170932,Llers,02,Alt Empordà,2026-08-21,Vallter,111.262,96.99,Vallter,111.262,13.58,Vall de Núria,131.306833,La Molina,136.986667,0.238089,22.2915,65,municipality,curated_ski_catalogue;openrouteservice,,2026-08-21T19:58:41Z,0.2.0,,"No snow, traffic, parking capacity, or season duration is modelled.",complete,22.2915,22.2915,100,,curated,access_variety_no_tier,true
170947,Llívia,15,Cerdanya,2026-08-21,Masella,31.317667,21.91,Masella,31.317667,74,La Molina,32.612833,Vall de Núria,99.746167,0.931117,100,65,municipality,curated_ski_catalogue;openrouteservice,,2026-08-21T19:58:41Z,0.2.0,,"No snow, traffic, parking capacity, or season duration is modelled.",complete,100,100,100,,curated,access_variety_no_tier,true
170950,Lloret de Mar,34,Selva,2026-08-21,Vall de Núria,139.0525,133.34,Vall de Núria,139.0525,7.614,La Molina,144.732333,Vallter,148.934667,0.164213,12.2716,65,municipality,curated_ski_catalogue;openrouteservice,,2026-08-21T19:58:41Z,0.2.0,,"No snow, traffic, parking capacity, or season duration is modelled.",complete,12.2716,12.2716,100,,curated,access_variety_no_tier,true
170963,les Llosses,31,Ripollès,2026-08-21,Vall de Núria,59.820167,32.43,Vall de Núria,59.820167,7.614,La Molina,65.5,Masella,71.137667,0.613201,73.1683,65,municipality,curated_ski_catalogue;openrouteservice,,2026-08-21T19:58:41Z,0.2.0,,"No snow, traffic, parking capacity, or season duration is modelled.",complete,73.1683,73.1683,100,,curated,access_variety_no_tier,true
170979,Madremanya,20,Gironès,2026-08-21,Vallter,130.291333,109.77,Vallter,130.291333,13.58,Vall de Núria,144.487,La Molina,150.166833,0.179461,14.3396,65,municipality,curated_ski_catalogue;openrouteservice,,2026-08-21T19:58:41Z,0.2.0,,"No snow, traffic, parking capacity, or season duration is modelled.",complete,14.3396,14.3396,100,,curated,access_variety_no_tier,true
170985,Maià de Montcal,19,Garrotxa,2026-08-21,Vallter,90.216333,76.89,Vallter,90.216333,13.58,Vall de Núria,110.261167,La Molina,115.941,0.338122,35.859,65,municipality,curated_ski_catalogue;openrouteservice,,2026-08-21T19:58:41Z,0.2.0,,"No snow, traffic, parking capacity, or season duration is modelled.",complete,35.859,35.859,100,,curated,access_variety_no_tier,true
170998,Meranges,15,Cerdanya,2026-08-21,Masella,34.883667,27.12,Masella,34.883667,74,La Molina,41.154,Vall de Núria,110.602167,0.850507,100,65,municipality,curated_ski_catalogue;openrouteservice,,2026-08-21T19:58:41Z,0.2.0,,"No snow, traffic, parking capacity, or season duration is modelled.",complete,100,100,100,,curated,access_variety_no_tier,true
171002,Masarac i Vilarnadal,02,Alt Empordà,2026-08-21,Vallter,121.492333,111.33,Vallter,121.492333,13.58,Vall de Núria,141.537,La Molina,147.216833,0.200766,17.2293,65,municipality,curated_ski_catalogue;openrouteservice,,2026-08-21T19:58:41Z,0.2.0,,"No snow, traffic, parking capacity, or season duration is modelled.",complete,17.2293,17.2293,100,,curated,access_variety_no_tier,true
171019,Massanes,34,Selva,2026-08-21,Vall de Núria,122.727667,107.68,Vall de Núria,122.727667,7.614,La Molina,128.4075,Masella,133.533667,0.215142,19.1792,65,municipality,curated_ski_catalogue;openrouteservice,,2026-08-21T19:58:41Z,0.2.0,,"No snow, traffic, parking capacity, or season duration is modelled.",complete,19.1792,19.1792,100,,curated,access_variety_no_tier,true
171024,Maçanet de Cabrenys,02,Alt Empordà,2026-08-21,Vallter,114.477167,92,Vallter,114.477167,13.58,Vall de Núria,156.1465,La Molina,161.826333,0.20228,17.4347,65,municipality,curated_ski_catalogue;openrouteservice,,2026-08-21T19:58:41Z,0.2.0,,"No snow, traffic, parking capacity, or season duration is modelled.",complete,17.4347,17.4347,100,,curated,access_variety_no_tier,true
171030,Maçanet de la Selva,34,Selva,2026-08-21,Vall de Núria,123.051,121.95,Vall de Núria,123.051,7.614,La Molina,128.731,Vallter,131.347333,0.215133,19.178,65,municipality,curated_ski_catalogue;openrouteservice,,2026-08-21T19:58:41Z,0.2.0,,"No snow, traffic, parking capacity, or season duration is modelled.",complete,19.178,19.178,100,,curated,access_variety_no_tier,true
171058,Mieres,19,Garrotxa,2026-08-21,Vallter,95.873833,72.2,Vallter,95.873833,13.58,Vall de Núria,113.2525,La Molina,118.932333,0.312485,32.3819,65,municipality,curated_ski_catalogue;openrouteservice,,2026-08-21T19:58:41Z,0.2.0,,"No snow, traffic, parking capacity, or season duration is modelled.",complete,32.3819,32.3819,100,,curated,access_variety_no_tier,true
171061,Mollet de Peralada,02,Alt Empordà,2026-08-21,Vallter,125.211,113.62,Vallter,125.211,13.58,Vall de Núria,145.255833,La Molina,150.935667,0.188701,15.5929,65,municipality,curated_ski_catalogue;openrouteservice,,2026-08-21T19:58:41Z,0.2.0,,"No snow, traffic, parking capacity, or season duration is modelled.",complete,15.5929,15.5929,100,,curated,access_variety_no_tier,true
171077,Molló,31,Ripollès,2026-08-21,Vallter,45.917,31.95,Vallter,45.917,13.58,Vall de Núria,89.499833,La Molina,95.179833,0.62887,75.2936,65,municipality,curated_ski_catalogue;openrouteservice,,2026-08-21T19:58:41Z,0.2.0,,"No snow, traffic, parking capacity, or season duration is modelled.",complete,75.2936,75.2936,100,,curated,access_variety_no_tier,true
171096,Montagut i Oix,19,Garrotxa,2026-08-21,Vallter,76.8175,60.01,Vallter,76.8175,13.58,Vall de Núria,96.862167,La Molina,102.542167,0.422724,47.3338,65,municipality,curated_ski_catalogue;openrouteservice,,2026-08-21T19:58:41Z,0.2.0,,"No snow, traffic, parking capacity, or season duration is modelled.",complete,47.3338,47.3338,100,,curated,access_variety_no_tier,true
171100,Mont-ras,10,Baix Empordà,2026-08-21,Vall de Núria,151.314,162.23,Vall de Núria,151.314,7.614,La Molina,156.994,Vallter,158.226333,0.134726,8.2722,65,municipality,curated_ski_catalogue;openrouteservice,,2026-08-21T19:58:41Z,0.2.0,,"No snow, traffic, parking capacity, or season duration is modelled.",complete,8.2722,8.2722,100,,curated,access_variety_no_tier,true
171117,Navata,02,Alt Empordà,2026-08-21,Vallter,95.495167,84.64,Vallter,95.495167,13.58,Vall de Núria,115.539833,La Molina,121.219833,0.309645,31.9967,65,municipality,curated_ski_catalogue;openrouteservice,,2026-08-21T19:58:41Z,0.2.0,,"No snow, traffic, parking capacity, or season duration is modelled.",complete,31.9967,31.9967,100,,curated,access_variety_no_tier,true
171122,Ogassa,31,Ripollès,2026-08-21,Vallter,59.371833,41.55,Vallter,59.371833,13.58,Vall de Núria,65.116167,La Molina,70.796167,0.617481,73.7489,65,municipality,curated_ski_catalogue;openrouteservice,,2026-08-21T19:58:41Z,0.2.0,,"No snow, traffic, parking capacity, or season duration is modelled.",complete,73.7489,73.7489,100,,curated,access_variety_no_tier,true
171143,Olot,19,Garrotxa,2026-08-21,Vallter,75.100667,52.87,Vallter,75.100667,13.58,Vall de Núria,91.983167,La Molina,97.663,0.443057,50.0915,65,municipality,curated_ski_catalogue;openrouteservice,,2026-08-21T19:58:41Z,0.2.0,,"No snow, traffic, parking capacity, or season duration is modelled.",complete,50.0915,50.0915,100,,curated,access_variety_no_tier,true
171156,Ordis,02,Alt Empordà,2026-08-21,Vallter,99.464333,89.29,Vallter,99.464333,13.58,Vall de Núria,119.509,La Molina,125.188833,0.289824,29.3084,65,municipality,curated_ski_catalogue;openrouteservice,,2026-08-21T19:58:41Z,0.2.0,,"No snow, traffic, parking capacity, or season duration is modelled.",complete,29.3084,29.3084,100,,curated,access_variety_no_tier,true
171169,Osor,34,Selva,2026-08-21,Vall de Núria,115.626333,102.53,Vall de Núria,115.626333,7.614,La Molina,121.306167,Vallter,121.811667,0.244607,23.1755,65,municipality,curated_ski_catalogue;openrouteservice,,2026-08-21T19:58:41Z,0.2.0,,"No snow, traffic, parking capacity, or season duration is modelled.",complete,23.1755,23.1755,100,,curated,access_variety_no_tier,true
171175,Palafrugell,10,Baix Empordà,2026-08-21,Vall de Núria,154.8865,163.9,Vall de Núria,154.8865,7.614,Vallter,159.9265,La Molina,160.566333,0.127657,7.3134,65,municipality,curated_ski_catalogue;openrouteservice,,2026-08-21T19:58:41Z,0.2.0,,"No snow, traffic, parking capacity, or season duration is modelled.",complete,7.3134,7.3134,100,,curated,access_variety_no_tier,true
171181,Palamós,10,Baix Empordà,2026-08-21,Vall de Núria,153.64,159.28,Vall de Núria,153.64,7.614,La Molina,159.32,Vallter,162.57,0.129033,7.5002,65,municipality,curated_ski_catalogue;openrouteservice,,2026-08-21T19:58:41Z,0.2.0,,"No snow, traffic, parking capacity, or season duration is modelled.",complete,7.5002,7.5002,100,,curated,access_variety_no_tier,true
171194,Palau de Santa Eulàlia,02,Alt Empordà,2026-08-21,Vallter,111.729333,97.5,Vallter,111.729333,13.58,Vall de Núria,131.774,La Molina,137.453833,0.236242,22.041,65,municipality,curated_ski_catalogue;openrouteservice,,2026-08-21T19:58:41Z,0.2.0,,"No snow, traffic, parking capacity, or season duration is modelled.",complete,22.041,22.041,100,,curated,access_variety_no_tier,true
171208,Palau-saverdera,02,Alt Empordà,2026-08-21,Vallter,134.2745,116.31,Vallter,134.2745,13.58,Vall de Núria,154.319167,La Molina,159.999,0.162244,12.0046,65,municipality,curated_ski_catalogue;openrouteservice,,2026-08-21T19:58:41Z,0.2.0,,"No snow, traffic, parking capacity, or season duration is modelled.",complete,12.0046,12.0046,100,,curated,access_variety_no_tier,true
171215,Palau-sator,10,Baix Empordà,2026-08-21,Vallter,149.585333,124.99,Vallter,149.585333,13.58,Vall de Núria,165.0815,La Molina,170.7615,0.129093,7.5083,65,municipality,curated_ski_catalogue;openrouteservice,,2026-08-21T19:58:41Z,0.2.0,,"No snow, traffic, parking capacity, or season duration is modelled.",complete,7.5083,7.5083,100,,curated,access_variety_no_tier,true
171236,Palol de Revardit,28,Pla de l'Estany,2026-08-21,Vallter,106.876333,92.34,Vallter,106.876333,13.58,Vall de Núria,126.921,La Molina,132.600833,0.256144,24.7403,65,municipality,curated_ski_catalogue;openrouteservice,,2026-08-21T19:58:41Z,0.2.0,,"No snow, traffic, parking capacity, or season duration is modelled.",complete,24.7403,24.7403,100,,curated,access_variety_no_tier,true
171241,Pals,10,Baix Empordà,2026-08-21,Vallter,150.517,136.71,Vallter,150.517,13.58,Vall de Núria,162.478833,La Molina,168.158667,0.129879,7.6148,65,municipality,curated_ski_catalogue;openrouteservice,,2026-08-21T19:58:41Z,0.2.0,,"No snow, traffic, parking capacity, or season duration is modelled.",complete,7.6148,7.6148,100,,curated,access_variety_no_tier,true
171254,Pardines,31,Ripollès,2026-08-21,Vall de Núria,39.2535,13.08,Vall de Núria,39.2535,7.614,La Molina,47.604333,Masella,55.6215,0.844928,100,65,municipality,curated_ski_catalogue;openrouteservice,,2026-08-21T19:58:41Z,0.2.0,,"No snow, traffic, parking capacity, or season duration is modelled.",complete,100,100,100,,curated,access_variety_no_tier,true
171267,Parlavà,10,Baix Empordà,2026-08-21,Vallter,132.464,114.43,Vallter,132.464,13.58,Vall de Núria,147.960167,La Molina,153.64,0.171725,13.2904,65,municipality,curated_ski_catalogue;openrouteservice,,2026-08-21T19:58:41Z,0.2.0,,"No snow, traffic, parking capacity, or season duration is modelled.",complete,13.2904,13.2904,100,,curated,access_variety_no_tier,true
171289,Pau,02,Alt Empordà,2026-08-21,Vallter,130.36,115.91,Vallter,130.36,13.58,Vall de Núria,150.404667,La Molina,156.0845,0.173182,13.4881,65,municipality,curated_ski_catalogue;openrouteservice,,2026-08-21T19:58:41Z,0.2.0,,"No snow, traffic, parking capacity, or season duration is modelled.",complete,13.4881,13.4881,100,,curated,access_variety_no_tier,true
171292,Pedret i Marzà,02,Alt Empordà,2026-08-21,Vallter,124.415333,110.01,Vallter,124.415333,13.58,Vall de Núria,144.46,La Molina,150.14,0.19122,15.9346,65,municipality,curated_ski_catalogue;openrouteservice,,2026-08-21T19:58:41Z,0.2.0,,"No snow, traffic, parking capacity, or season duration is modelled.",complete,15.9346,15.9346,100,,curated,access_variety_no_tier,true
171306,la Pera,10,Baix Empordà,2026-08-21,Vallter,127.919,110.39,Vallter,127.919,13.58,Vall de Núria,143.415333,La Molina,149.095167,0.185238,15.1233,65,municipality,curated_ski_catalogue;openrouteservice,,2026-08-21T19:58:41Z,0.2.0,,"No snow, traffic, parking capacity, or season duration is modelled.",complete,15.1233,15.1233,100,,curated,access_variety_no_tier,true
171328,Peralada,02,Alt Empordà,2026-08-21,Vallter,122.750333,101.69,Vallter,122.750333,13.58,Vall de Núria,142.795,La Molina,148.474833,0.1966,16.6644,65,municipality,curated_ski_catalogue;openrouteservice,,2026-08-21T19:58:41Z,0.2.0,,"No snow, traffic, parking capacity, or season duration is modelled.",complete,16.6644,16.6644,100,,curated,access_variety_no_tier,true
171334,les Planes d'Hostoles,19,Garrotxa,2026-08-21,Vallter,96.7615,73.77,Vallter,96.7615,13.58,Vall de Núria,111.806333,La Molina,117.486167,0.312201,32.3434,65,municipality,curated_ski_catalogue;openrouteservice,,2026-08-21T19:58:41Z,0.2.0,,"No snow, traffic, parking capacity, or season duration is modelled.",complete,32.3434,32.3434,100,,curated,access_variety_no_tier,true
171349,Planoles,31,Ripollès,2026-08-21,La Molina,30.5015,24.27,La Molina,30.5015,70.644,Masella,38.5185,Vall de Núria,41.513833,0.989765,100,65,municipality,curated_ski_catalogue;openrouteservice,,2026-08-21T19:58:41Z,0.2.0,,"No snow, traffic, parking capacity, or season duration is modelled.",complete,100,100,100,,curated,access_variety_no_tier,true
171352,Pont de Molins,02,Alt Empordà,2026-08-21,Vallter,115.691,105.36,Vallter,115.691,13.58,Vall de Núria,135.735833,La Molina,141.415667,0.221147,19.9936,65,municipality,curated_ski_catalogue;openrouteservice,,2026-08-21T19:58:41Z,0.2.0,,"No snow, traffic, parking capacity, or season duration is modelled.",complete,19.9936,19.9936,100,,curated,access_variety_no_tier,true
171365,Pontós,02,Alt Empordà,2026-08-21,Vallter,109.201333,93.93,Vallter,109.201333,13.58,Vall de Núria,129.246,La Molina,134.925833,0.246408,23.4199,65,municipality,curated_ski_catalogue;openrouteservice,,2026-08-21T19:58:41Z,0.2.0,,"No snow, traffic, parking capacity, or season duration is modelled.",complete,23.4199,23.4199,100,,curated,access_variety_no_tier,true
171371,Porqueres,28,Pla de l'Estany,2026-08-21,Vallter,102.7925,87.77,Vallter,102.7925,13.58,Vall de Núria,122.837167,La Molina,128.517167,0.274185,27.1873,65,municipality,curated_ski_catalogue;openrouteservice,,2026-08-21T19:58:41Z,0.2.0,,"No snow, traffic, parking capacity, or season duration is modelled.",complete,27.1873,27.1873,100,,curated,access_variety_no_tier,true
171387,Portbou,02,Alt Empordà,2026-08-21,Vallter,152.398833,131.64,Vallter,152.398833,13.58,Vall de Núria,172.4435,La Molina,178.123333,0.119945,6.2675,65,municipality,curated_ski_catalogue;openrouteservice,,2026-08-21T19:58:41Z,0.2.0,,"No snow, traffic, parking capacity, or season duration is modelled.",complete,6.2675,6.2675,100,,curated,access_variety_no_tier,true
171390,les Preses,19,Garrotxa,2026-08-21,Vallter,81.818833,58.91,Vallter,81.818833,13.58,Vall de Núria,96.863667,La Molina,102.5435,0.400491,44.3183,65,municipality,curated_ski_catalogue;openrouteservice,,2026-08-21T19:58:41Z,0.2.0,,"No snow, traffic, parking capacity, or season duration is modelled.",complete,44.3183,44.3183,100,,curated,access_variety_no_tier,true
171404,el Port de la Selva,02,Alt Empordà,2026-08-21,Vallter,144.054,128.61,Vallter,144.054,13.58,Vall de Núria,164.098667,La Molina,169.778667,0.137843,8.6949,65,municipality,curated_ski_catalogue;openrouteservice,,2026-08-21T19:58:41Z,0.2.0,,"No snow, traffic, parking capacity, or season duration is modelled.",complete,8.6949,8.6949,100,,curated,access_variety_no_tier,true
171411,Puigcerdà,15,Cerdanya,2026-08-21,Masella,26.555,17.47,Masella,26.555,74,La Molina,27.850167,Vall de Núria,94.983667,1.00804,100,65,municipality,curated_ski_catalogue;openrouteservice,,2026-08-21T19:58:41Z,0.2.0,,"No snow, traffic, parking capacity, or season duration is modelled.",complete,100,100,100,,curated,access_variety_no_tier,true
171426,Quart,20,Gironès,2026-08-21,Vall de Núria,120.508,120.81,Vall de Núria,120.508,7.614,Vallter,122.638333,La Molina,126.187833,0.229469,21.1224,65,municipality,curated_ski_catalogue;openrouteservice,,2026-08-21T19:58:41Z,0.2.0,,"No snow, traffic, parking capacity, or season duration is modelled.",complete,21.1224,21.1224,100,,curated,access_variety_no_tier,true
171432,Rabós,02,Alt Empordà,2026-08-21,Vallter,130.306667,117.44,Vallter,130.306667,13.58,Vall de Núria,150.351333,La Molina,156.031167,0.173336,13.509,65,municipality,curated_ski_catalogue;openrouteservice,,2026-08-21T19:58:41Z,0.2.0,,"No snow, traffic, parking capacity, or season duration is modelled.",complete,13.509,13.509,100,,curated,access_variety_no_tier,true
171447,Regencós,10,Baix Empordà,2026-08-21,Vallter,152.728833,139.12,Vallter,152.728833,13.58,Vall de Núria,158.955333,La Molina,164.635333,0.129867,7.6132,65,municipality,curated_ski_catalogue;openrouteservice,,2026-08-21T19:58:41Z,0.2.0,,"No snow, traffic, parking capacity, or season duration is modelled.",complete,7.6132,7.6132,100,,curated,access_variety_no_tier,true
171450,Ribes de Freser,31,Ripollès,2026-08-21,Vall de Núria,32.255167,7.63,Vall de Núria,32.255167,7.614,La Molina,41.403833,Masella,49.420833,0.944632,100,65,municipality,curated_ski_catalogue;openrouteservice,,2026-08-21T19:58:41Z,0.2.0,,"No snow, traffic, parking capacity, or season duration is modelled.",complete,100,100,100,,curated,access_variety_no_tier,true
171463,Riells i Viabrea,34,Selva,2026-08-21,Vall de Núria,117.790333,102.88,Vall de Núria,117.790333,7.614,La Molina,123.470167,Masella,128.596333,0.233595,21.682,65,municipality,curated_ski_catalogue;openrouteservice,,2026-08-21T19:58:41Z,0.2.0,,"No snow, traffic, parking capacity, or season duration is modelled.",complete,21.682,21.682,100,,curated,access_variety_no_tier,true
171479,Ripoll,31,Ripollès,2026-08-21,Vall de Núria,48.766333,21.44,Vall de Núria,48.766333,7.614,La Molina,54.446333,Masella,62.463333,0.733675,89.5085,65,municipality,curated_ski_catalogue;openrouteservice,,2026-08-21T19:58:41Z,0.2.0,,"No snow, traffic, parking capacity, or season duration is modelled.",complete,89.5085,89.5085,100,,curated,access_variety_no_tier,true
171485,Riudarenes,34,Selva,2026-08-21,Vall de Núria,115.7385,107.05,Vall de Núria,115.7385,7.614,La Molina,121.418333,Masella,126.544333,0.241721,22.7842,65,municipality,curated_ski_catalogue;openrouteservice,,2026-08-21T19:58:41Z,0.2.0,,"No snow, traffic, parking capacity, or season duration is modelled.",complete,22.7842,22.7842,100,,curated,access_variety_no_tier,true
171498,Riudaura,19,Garrotxa,2026-08-21,Vallter,80.006,55.42,Vallter,80.006,13.58,Vall de Núria,88.167333,La Molina,93.847333,0.430914,48.4446,65,municipality,curated_ski_catalogue;openrouteservice,,2026-08-21T19:58:41Z,0.2.0,,"No snow, traffic, parking capacity, or season duration is modelled.",complete,48.4446,48.4446,100,,curated,access_variety_no_tier,true
171501,Riudellots de la Selva,34,Selva,2026-08-21,Vall de Núria,114.785833,112.15,Vall de Núria,114.785833,7.614,La Molina,120.465667,Vallter,121.884,0.247555,23.5754,65,municipality,curated_ski_catalogue;openrouteservice,,2026-08-21T19:58:41Z,0.2.0,,"No snow, traffic, parking capacity, or season duration is modelled.",complete,23.5754,23.5754,100,,curated,access_variety_no_tier,true
171518,Riumors,02,Alt Empordà,2026-08-21,Vallter,115.444833,102.81,Vallter,115.444833,13.58,Vall de Núria,135.4895,La Molina,141.1695,0.222056,20.117,65,municipality,curated_ski_catalogue;openrouteservice,,2026-08-21T19:58:41Z,0.2.0,,"No snow, traffic, parking capacity, or season duration is modelled.",complete,20.117,20.117,100,,curated,access_variety_no_tier,true
171523,Roses,02,Alt Empordà,2026-08-21,Vallter,133.500167,115.26,Vallter,133.500167,13.58,Vall de Núria,153.544833,La Molina,159.224833,0.164352,12.2904,65,municipality,curated_ski_catalogue;openrouteservice,,2026-08-21T19:58:41Z,0.2.0,,"No snow, traffic, parking capacity, or season duration is modelled.",complete,12.2904,12.2904,100,,curated,access_variety_no_tier,true
171539,Rupià,10,Baix Empordà,2026-08-21,Vallter,131.066667,112.86,Vallter,131.066667,13.58,Vall de Núria,146.562833,La Molina,152.242833,0.175771,13.8392,65,municipality,curated_ski_catalogue;openrouteservice,,2026-08-21T19:58:41Z,0.2.0,,"No snow, traffic, parking capacity, or season duration is modelled.",complete,13.8392,13.8392,100,,curated,access_variety_no_tier,true
171544,Sales de Llierca,19,Garrotxa,2026-08-21,Vallter,82.417833,68.38,Vallter,82.417833,13.58,Vall de Núria,102.4625,La Molina,108.1425,0.385053,42.2244,65,municipality,curated_ski_catalogue;openrouteservice,,2026-08-21T19:58:41Z,0.2.0,,"No snow, traffic, parking capacity, or season duration is modelled.",complete,42.2244,42.2244,100,,curated,access_variety_no_tier,true
171557,Salt,20,Gironès,2026-08-21,Vallter,119.434833,107.9,Vallter,119.434833,13.58,Vall de Núria,121.826167,La Molina,127.506,0.23211,21.4806,65,municipality,curated_ski_catalogue;openrouteservice,,2026-08-21T19:58:41Z,0.2.0,,"No snow, traffic, parking capacity, or season duration is modelled.",complete,21.4806,21.4806,100,,curated,access_variety_no_tier,true
171576,Sant Andreu Salou,20,Gironès,2026-08-21,Vall de Núria,122.282167,118.82,Vall de Núria,122.282167,7.614,La Molina,127.962,Vallter,129.929833,0.218216,19.5961,65,municipality,curated_ski_catalogue;openrouteservice,,2026-08-21T19:58:41Z,0.2.0,,"No snow, traffic, parking capacity, or season duration is modelled.",complete,19.5961,19.5961,100,,curated,access_variety_no_tier,true
171582,Sant Climent Sescebes,02,Alt Empordà,2026-08-21,Vallter,123.572,113.62,Vallter,123.572,13.58,Vall de Núria,143.616667,La Molina,149.296667,0.193926,16.3017,65,municipality,curated_ski_catalogue;openrouteservice,,2026-08-21T19:58:41Z,0.2.0,,"No snow, traffic, parking capacity, or season duration is modelled.",complete,16.3017,16.3017,100,,curated,access_variety_no_tier,true
171595,Sant Feliu de Buixalleu,34,Selva,2026-08-21,Vall de Núria,111.062833,97.72,Vall de Núria,111.062833,7.614,La Molina,116.742667,Masella,121.868667,0.261312,25.4412,65,municipality,curated_ski_catalogue;openrouteservice,,2026-08-21T19:58:41Z,0.2.0,,"No snow, traffic, parking capacity, or season duration is modelled.",complete,25.4412,25.4412,100,,curated,access_variety_no_tier,true
171609,Sant Feliu de Guíxols,10,Baix Empordà,2026-08-21,Vall de Núria,143.051667,146.11,Vall de Núria,143.051667,7.614,La Molina,148.7315,Vallter,151.981667,0.153937,10.8779,65,municipality,curated_ski_catalogue;openrouteservice,,2026-08-21T19:58:41Z,0.2.0,,"No snow, traffic, parking capacity, or season duration is modelled.",complete,10.8779,10.8779,100,,curated,access_variety_no_tier,true
171616,Sant Feliu de Pallerols,19,Garrotxa,2026-08-21,Vallter,93.022167,70.09,Vallter,93.022167,13.58,Vall de Núria,108.066833,La Molina,113.746833,0.332277,35.0664,65,municipality,curated_ski_catalogue;openrouteservice,,2026-08-21T19:58:41Z,0.2.0,,"No snow, traffic, parking capacity, or season duration is modelled.",complete,35.0664,35.0664,100,,curated,access_variety_no_tier,true
171621,Sant Ferriol,19,Garrotxa,2026-08-21,Vallter,93.989667,72.52,Vallter,93.989667,13.58,Vall de Núria,114.034333,La Molina,119.714333,0.317513,33.0638,65,municipality,curated_ski_catalogue;openrouteservice,,2026-08-21T19:58:41Z,0.2.0,,"No snow, traffic, parking capacity, or season duration is modelled.",complete,33.0638,33.0638,100,,curated,access_variety_no_tier,true
171637,Sant Gregori,20,Gironès,2026-08-21,Vallter,116.7365,104.59,Vallter,116.7365,13.58,Vall de Núria,123.9045,La Molina,129.584333,0.235143,21.892,65,municipality,curated_ski_catalogue;openrouteservice,,2026-08-21T19:58:41Z,0.2.0,,"No snow, traffic, parking capacity, or season duration is modelled.",complete,21.892,21.892,100,,curated,access_variety_no_tier,true
171642,Sant Hilari Sacalm,34,Selva,2026-08-21,Vall de Núria,102.108833,87.63,Vall de Núria,102.108833,7.614,La Molina,107.788833,Masella,112.914833,0.303368,31.1454,65,municipality,curated_ski_catalogue;openrouteservice,,2026-08-21T19:58:41Z,0.2.0,,"No snow, traffic, parking capacity, or season duration is modelled.",complete,31.1454,31.1454,100,,curated,access_variety_no_tier,true
171655,Sant Jaume de Llierca,19,Garrotxa,2026-08-21,Vallter,79.402667,62.49,Vallter,79.402667,13.58,Vall de Núria,99.447333,La Molina,105.127167,0.404898,44.916,65,municipality,curated_ski_catalogue;openrouteservice,,2026-08-21T19:58:41Z,0.2.0,,"No snow, traffic, parking capacity, or season duration is modelled.",complete,44.916,44.916,100,,curated,access_variety_no_tier,true
171668,Sant Jordi Desvalls,20,Gironès,2026-08-21,Vallter,119.798333,104.82,Vallter,119.798333,13.58,Vall de Núria,138.365833,La Molina,144.045667,0.208278,18.2482,65,municipality,curated_ski_catalogue;openrouteservice,,2026-08-21T19:58:41Z,0.2.0,,"No snow, traffic, parking capacity, or season duration is modelled.",complete,18.2482,18.2482,100,,curated,access_variety_no_tier,true
171674,Sant Joan de les Abadesses,31,Ripollès,2026-08-21,Vallter,54.687667,37.28,Vallter,54.687667,13.58,Vall de Núria,61.356667,La Molina,67.036667,0.663556,79.9981,65,municipality,curated_ski_catalogue;openrouteservice,,2026-08-21T19:58:41Z,0.2.0,,"No snow, traffic, parking capacity, or season duration is modelled.",complete,79.9981,79.9981,100,,curated,access_variety_no_tier,true
171680,Sant Joan de Mollet,20,Gironès,2026-08-21,Vallter,124.045833,105.76,Vallter,124.045833,13.58,Vall de Núria,139.542,La Molina,145.222,0.19759,16.7986,65,municipality,curated_ski_catalogue;openrouteservice,,2026-08-21T19:58:41Z,0.2.0,,"No snow, traffic, parking capacity, or season duration is modelled.",complete,16.7986,16.7986,100,,curated,access_variety_no_tier,true
171693,Sant Julià de Ramis,20,Gironès,2026-08-21,Vallter,109.605167,96.84,Vallter,109.605167,13.58,Vall de Núria,125.1015,La Molina,130.781333,0.251356,24.091,65,municipality,curated_ski_catalogue;openrouteservice,,2026-08-21T19:58:41Z,0.2.0,,"No snow, traffic, parking capacity, or season duration is modelled.",complete,24.091,24.091,100,,curated,access_variety_no_tier,true
171707,Vallfogona de Ripollès,31,Ripollès,2026-08-21,Vall de Núria,65.960833,33.68,Vall de Núria,65.960833,7.614,La Molina,71.640667,Vallter,76.082333,0.554936,65.2658,65,municipality,curated_ski_catalogue;openrouteservice,,2026-08-21T19:58:41Z,0.2.0,,"No snow, traffic, parking capacity, or season duration is modelled.",complete,65.2658,65.2658,100,,curated,access_variety_no_tier,true
171714,Sant Llorenç de la Muga,02,Alt Empordà,2026-08-21,Vallter,122.357333,106.75,Vallter,122.357333,13.58,Vall de Núria,142.402167,La Molina,148.082,0.197892,16.8396,65,municipality,curated_ski_catalogue;openrouteservice,,2026-08-21T19:58:41Z,0.2.0,,"No snow, traffic, parking capacity, or season duration is modelled.",complete,16.8396,16.8396,100,,curated,access_variety_no_tier,true
171729,Sant Martí de Llémena,20,Gironès,2026-08-21,Vallter,114.204167,87.99,Vallter,114.204167,13.58,Vall de Núria,129.249,La Molina,134.928833,0.233442,21.6613,65,municipality,curated_ski_catalogue;openrouteservice,,2026-08-21T19:58:41Z,0.2.0,,"No snow, traffic, parking capacity, or season duration is modelled.",complete,21.6613,21.6613,100,,curated,access_variety_no_tier,true
171735,Sant Martí Vell,20,Gironès,2026-08-21,Vallter,123.222833,104.95,Vallter,123.222833,13.58,Vall de Núria,138.719,La Molina,144.398833,0.200319,17.1687,65,municipality,curated_ski_catalogue;openrouteservice,,2026-08-21T19:58:41Z,0.2.0,,"No snow, traffic, parking capacity, or season duration is modelled.",complete,17.1687,17.1687,100,,curated,access_variety_no_tier,true
171740,Sant Miquel de Campmajor,28,Pla de l'Estany,2026-08-21,Vallter,101.885167,78.4,Vallter,101.885167,13.58,Vall de Núria,119.263833,La Molina,124.943833,0.282694,28.3414,65,municipality,curated_ski_catalogue;openrouteservice,,2026-08-21T19:58:41Z,0.2.0,,"No snow, traffic, parking capacity, or season duration is modelled.",complete,28.3414,28.3414,100,,curated,access_variety_no_tier,true
171753,Sant Miquel de Fluvià,02,Alt Empordà,2026-08-21,Vallter,119.1665,99.59,Vallter,119.1665,13.58,Vall de Núria,139.211167,La Molina,144.891,0.208701,18.3056,65,municipality,curated_ski_catalogue;openrouteservice,,2026-08-21T19:58:41Z,0.2.0,,"No snow, traffic, parking capacity, or season duration is modelled.",complete,18.3056,18.3056,100,,curated,access_variety_no_tier,true
171766,Sant Mori,02,Alt Empordà,2026-08-21,Vallter,119.468333,104.1,Vallter,119.468333,13.58,Vall de Núria,139.342333,La Molina,145.022167,0.207857,18.191,65,municipality,curated_ski_catalogue;openrouteservice,,2026-08-21T19:58:41Z,0.2.0,,"No snow, traffic, parking capacity, or season duration is modelled.",complete,18.191,18.191,100,,curated,access_variety_no_tier,true
171772,Sant Pau de Segúries,31,Ripollès,2026-08-21,Vallter,42.361667,29.24,Vallter,42.361667,13.58,Vall de Núria,71.357667,La Molina,77.0375,0.715054,86.9828,65,municipality,curated_ski_catalogue;openrouteservice,,2026-08-21T19:58:41Z,0.2.0,,"No snow, traffic, parking capacity, or season duration is modelled.",complete,86.9828,86.9828,100,,curated,access_variety_no_tier,true
171788,Sant Pere Pescador,02,Alt Empordà,2026-08-21,Vallter,122.8715,110.38,Vallter,122.8715,13.58,Vall de Núria,142.916167,La Molina,148.596,0.196204,16.6106,65,municipality,curated_ski_catalogue;openrouteservice,,2026-08-21T19:58:41Z,0.2.0,,"No snow, traffic, parking capacity, or season duration is modelled.",complete,16.6106,16.6106,100,,curated,access_variety_no_tier,true
171805,Santa Coloma de Farners,34,Selva,2026-08-21,Vall de Núria,109.877333,100.73,Vall de Núria,109.877333,7.614,La Molina,115.557167,Masella,120.683333,0.266526,26.1484,65,municipality,curated_ski_catalogue;openrouteservice,,2026-08-21T19:58:41Z,0.2.0,,"No snow, traffic, parking capacity, or season duration is modelled.",complete,26.1484,26.1484,100,,curated,access_variety_no_tier,true
171812,Santa Cristina d'Aro,10,Baix Empordà,2026-08-21,Vall de Núria,134.212,141.87,Vall de Núria,134.212,7.614,La Molina,139.892,Vallter,143.142,0.178372,14.192,65,municipality,curated_ski_catalogue;openrouteservice,,2026-08-21T19:58:41Z,0.2.0,,"No snow, traffic, parking capacity, or season duration is modelled.",complete,14.192,14.192,100,,curated,access_variety_no_tier,true
171827,Santa Llogaia d'Àlguema,02,Alt Empordà,2026-08-21,Vallter,108.364833,93.87,Vallter,108.364833,13.58,Vall de Núria,128.409667,La Molina,134.0895,0.249867,23.889,65,municipality,curated_ski_catalogue;openrouteservice,,2026-08-21T19:58:41Z,0.2.0,,"No snow, traffic, parking capacity, or season duration is modelled.",complete,23.889,23.889,100,,curated,access_variety_no_tier,true
171833,Sant Aniol de Finestres,19,Garrotxa,2026-08-21,Vallter,109.0405,83.77,Vallter,109.0405,13.58,Vall de Núria,124.085333,La Molina,129.765167,0.254423,24.5069,65,municipality,curated_ski_catalogue;openrouteservice,,2026-08-21T19:58:41Z,0.2.0,,"No snow, traffic, parking capacity, or season duration is modelled.",complete,24.5069,24.5069,100,,curated,access_variety_no_tier,true
171848,Santa Pau,19,Garrotxa,2026-08-21,Vallter,87.064833,62.81,Vallter,87.064833,13.58,Vall de Núria,104.4435,La Molina,110.123333,0.361901,39.0843,65,municipality,curated_ski_catalogue;openrouteservice,,2026-08-21T19:58:41Z,0.2.0,,"No snow, traffic, parking capacity, or season duration is modelled.",complete,39.0843,39.0843,100,,curated,access_variety_no_tier,true
171851,Sant Joan les Fonts,19,Garrotxa,2026-08-21,Vallter,67.096667,51.34,Vallter,67.096667,13.58,Vall de Núria,87.1415,La Molina,92.821333,0.497071,57.4176,65,municipality,curated_ski_catalogue;openrouteservice,,2026-08-21T19:58:41Z,0.2.0,,"No snow, traffic, parking capacity, or season duration is modelled.",complete,57.4176,57.4176,100,,curated,access_variety_no_tier,true
171864,Sarrià de Ter,20,Gironès,2026-08-21,Vallter,111.735833,97.41,Vallter,111.735833,13.58,Vall de Núria,127.232,La Molina,132.912,0.242587,22.9016,65,municipality,curated_ski_catalogue;openrouteservice,,2026-08-21T19:58:41Z,0.2.0,,"No snow, traffic, parking capacity, or season duration is modelled.",complete,22.9016,22.9016,100,,curated,access_variety_no_tier,true
171870,"Saus, Camallera i Llampaies",02,Alt Empordà,2026-08-21,Vallter,118.855167,110.15,Vallter,118.855167,13.58,Vall de Núria,135.298667,La Molina,140.9785,0.214231,19.0556,65,municipality,curated_ski_catalogue;openrouteservice,,2026-08-21T19:58:41Z,0.2.0,,"No snow, traffic, parking capacity, or season duration is modelled.",complete,19.0556,19.0556,100,,curated,access_variety_no_tier,true
171886,la Selva de Mar,02,Alt Empordà,2026-08-21,Vallter,143.8265,129.29,Vallter,143.8265,13.58,Vall de Núria,163.871333,La Molina,169.551167,0.138366,8.766,65,municipality,curated_ski_catalogue;openrouteservice,,2026-08-21T19:58:41Z,0.2.0,,"No snow, traffic, parking capacity, or season duration is modelled.",complete,8.766,8.766,100,,curated,access_variety_no_tier,true
171899,la Cellera de Ter,34,Selva,2026-08-21,Vallter,113.171167,87.15,Vallter,113.171167,13.58,Vall de Núria,117.771,La Molina,123.450833,0.253821,24.4252,65,municipality,curated_ski_catalogue;openrouteservice,,2026-08-21T19:58:41Z,0.2.0,,"No snow, traffic, parking capacity, or season duration is modelled.",complete,24.4252,24.4252,100,,curated,access_variety_no_tier,true
171903,Serinyà,28,Pla de l'Estany,2026-08-21,Vallter,90.591667,77.47,Vallter,90.591667,13.58,Vall de Núria,110.6365,La Molina,116.316333,0.336013,35.5731,65,municipality,curated_ski_catalogue;openrouteservice,,2026-08-21T19:58:41Z,0.2.0,,"No snow, traffic, parking capacity, or season duration is modelled.",complete,35.5731,35.5731,100,,curated,access_variety_no_tier,true
171910,Serra de Daró,10,Baix Empordà,2026-08-21,Vallter,136.910833,118.04,Vallter,136.910833,13.58,Vall de Núria,152.407,La Molina,158.086833,0.159458,11.6266,65,municipality,curated_ski_catalogue;openrouteservice,,2026-08-21T19:58:41Z,0.2.0,,"No snow, traffic, parking capacity, or season duration is modelled.",complete,11.6266,11.6266,100,,curated,access_variety_no_tier,true
171925,Setcases,31,Ripollès,2026-08-21,Vallter,19.913333,11.97,Vallter,19.913333,13.58,Vall de Núria,86.168833,La Molina,94.519667,0.888223,100,65,municipality,curated_ski_catalogue;openrouteservice,,2026-08-21T19:58:41Z,0.2.0,,"No snow, traffic, parking capacity, or season duration is modelled.",complete,100,100,100,,curated,access_variety_no_tier,true
171931,Sils,34,Selva,2026-08-21,Vall de Núria,118.7725,117.05,Vall de Núria,118.7725,7.614,La Molina,124.4525,Vallter,128.654833,0.23025,21.2282,65,municipality,curated_ski_catalogue;openrouteservice,,2026-08-21T19:58:41Z,0.2.0,,"No snow, traffic, parking capacity, or season duration is modelled.",complete,21.2282,21.2282,100,,curated,access_variety_no_tier,true
171946,Susqueda,34,Selva,2026-08-21,Vallter,115.080333,89.96,Vallter,115.080333,13.58,Vall de Núria,130.125167,La Molina,135.805,0.230058,21.2023,65,municipality,curated_ski_catalogue;openrouteservice,,2026-08-21T19:58:41Z,0.2.0,,"No snow, traffic, parking capacity, or season duration is modelled.",complete,21.2023,21.2023,100,,curated,access_variety_no_tier,true
171959,la Tallada d'Empordà,10,Baix Empordà,2026-08-21,Vallter,127.716167,118.62,Vallter,127.716167,13.58,Vall de Núria,147.760833,La Molina,153.440833,0.180984,14.5463,65,municipality,curated_ski_catalogue;openrouteservice,,2026-08-21T19:58:41Z,0.2.0,,"No snow, traffic, parking capacity, or season duration is modelled.",complete,14.5463,14.5463,100,,curated,access_variety_no_tier,true
171962,Terrades,02,Alt Empordà,2026-08-21,Vallter,116.053667,101.63,Vallter,116.053667,13.58,Vall de Núria,136.098333,La Molina,141.778333,0.219815,19.8129,65,municipality,curated_ski_catalogue;openrouteservice,,2026-08-21T19:58:41Z,0.2.0,,"No snow, traffic, parking capacity, or season duration is modelled.",complete,19.8129,19.8129,100,,curated,access_variety_no_tier,true
171978,Torrent,10,Baix Empordà,2026-08-21,Vallter,151.134833,127.58,Vallter,151.134833,13.58,Vall de Núria,157.520833,La Molina,163.200667,0.133223,8.0684,65,municipality,curated_ski_catalogue;openrouteservice,,2026-08-21T19:58:41Z,0.2.0,,"No snow, traffic, parking capacity, or season duration is modelled.",complete,8.0684,8.0684,100,,curated,access_variety_no_tier,true
171984,Torroella de Fluvià,02,Alt Empordà,2026-08-21,Vallter,118.156167,106.26,Vallter,118.156167,13.58,Vall de Núria,138.201,La Molina,143.880833,0.212245,18.7863,65,municipality,curated_ski_catalogue;openrouteservice,,2026-08-21T19:58:41Z,0.2.0,,"No snow, traffic, parking capacity, or season duration is modelled.",complete,18.7863,18.7863,100,,curated,access_variety_no_tier,true
171997,Torroella de Montgrí,10,Baix Empordà,2026-08-21,Vallter,138.792167,127.26,Vallter,138.792167,13.58,Vall de Núria,157.827833,La Molina,163.507667,0.151351,10.5271,65,municipality,curated_ski_catalogue;openrouteservice,,2026-08-21T19:58:41Z,0.2.0,,"No snow, traffic, parking capacity, or season duration is modelled.",complete,10.5271,10.5271,100,,curated,access_variety_no_tier,true
172001,Tortellà,19,Garrotxa,2026-08-21,Vallter,81.976667,67.3,Vallter,81.976667,13.58,Vall de Núria,102.021333,La Molina,107.701333,0.387895,42.6098,65,municipality,curated_ski_catalogue;openrouteservice,,2026-08-21T19:58:41Z,0.2.0,,"No snow, traffic, parking capacity, or season duration is modelled.",complete,42.6098,42.6098,100,,curated,access_variety_no_tier,true
172018,Toses,31,Ripollès,2026-08-21,La Molina,16.456833,9.29,La Molina,16.456833,70.644,Masella,24.474,Vall de Núria,57.9405,1.187823,100,65,municipality,curated_ski_catalogue;openrouteservice,,2026-08-21T19:58:41Z,0.2.0,,"No snow, traffic, parking capacity, or season duration is modelled.",complete,100,100,100,,curated,access_variety_no_tier,true
172023,Tossa de Mar,34,Selva,2026-08-21,Vall de Núria,141.1855,144.56,Vall de Núria,141.1855,7.614,La Molina,146.8655,Vallter,151.067833,0.158478,11.4937,65,municipality,curated_ski_catalogue;openrouteservice,,2026-08-21T19:58:41Z,0.2.0,,"No snow, traffic, parking capacity, or season duration is modelled.",complete,11.4937,11.4937,100,,curated,access_variety_no_tier,true
172039,Ultramort,10,Baix Empordà,2026-08-21,Vallter,132.462,123.02,Vallter,132.462,13.58,Vall de Núria,150.296833,La Molina,155.976667,0.169369,12.9709,65,municipality,curated_ski_catalogue;openrouteservice,,2026-08-21T19:58:41Z,0.2.0,,"No snow, traffic, parking capacity, or season duration is modelled.",complete,12.9709,12.9709,100,,curated,access_variety_no_tier,true
172044,Ullà,10,Baix Empordà,2026-08-21,Vallter,134.7275,125.03,Vallter,134.7275,13.58,Vall de Núria,153.763,La Molina,159.443,0.161959,11.9659,65,municipality,curated_ski_catalogue;openrouteservice,,2026-08-21T19:58:41Z,0.2.0,,"No snow, traffic, parking capacity, or season duration is modelled.",complete,11.9659,11.9659,100,,curated,access_variety_no_tier,true
172057,Ullastret,10,Baix Empordà,2026-08-21,Vallter,141.130667,121.41,Vallter,141.130667,13.58,Vall de Núria,156.626833,La Molina,162.306833,0.148628,10.1578,65,municipality,curated_ski_catalogue;openrouteservice,,2026-08-21T19:58:41Z,0.2.0,,"No snow, traffic, parking capacity, or season duration is modelled.",complete,10.1578,10.1578,100,,curated,access_variety_no_tier,true
172060,Urús,15,Cerdanya,2026-08-21,Masella,12.053,7.85,Masella,12.053,74,La Molina,18.323167,Vall de Núria,87.7715,1.244321,100,65,municipality,curated_ski_catalogue;openrouteservice,,2026-08-21T19:58:41Z,0.2.0,,"No snow, traffic, parking capacity, or season duration is modelled.",complete,100,100,100,,curated,access_variety_no_tier,true
172076,la Vall d'en Bas,19,Garrotxa,2026-08-21,Vallter,85.2125,62.33,Vallter,85.2125,13.58,Vall de Núria,100.257333,La Molina,105.937167,0.378467,41.3312,65,municipality,curated_ski_catalogue;openrouteservice,,2026-08-21T19:58:41Z,0.2.0,,"No snow, traffic, parking capacity, or season duration is modelled.",complete,41.3312,41.3312,100,,curated,access_variety_no_tier,true
172082,la Vall de Bianya,19,Garrotxa,2026-08-21,Vallter,60.146167,46.35,Vallter,60.146167,13.58,Vall de Núria,80.190833,La Molina,85.870833,0.558121,65.6978,65,municipality,curated_ski_catalogue;openrouteservice,,2026-08-21T19:58:41Z,0.2.0,,"No snow, traffic, parking capacity, or season duration is modelled.",complete,65.6978,65.6978,100,,curated,access_variety_no_tier,true
172095,Vall-llobrega,10,Baix Empordà,2026-08-21,Vall de Núria,149.6975,158.99,Vall de Núria,149.6975,7.614,La Molina,155.3775,Vallter,158.627667,0.137797,8.6887,65,municipality,curated_ski_catalogue;openrouteservice,,2026-08-21T19:58:41Z,0.2.0,,"No snow, traffic, parking capacity, or season duration is modelled.",complete,8.6887,8.6887,100,,curated,access_variety_no_tier,true
172109,Ventalló,02,Alt Empordà,2026-08-21,Vallter,121.830333,110.03,Vallter,121.830333,13.58,Vall de Núria,140.64,La Molina,146.319833,0.20106,17.2692,65,municipality,curated_ski_catalogue;openrouteservice,,2026-08-21T19:58:41Z,0.2.0,,"No snow, traffic, parking capacity, or season duration is modelled.",complete,17.2692,17.2692,100,,curated,access_variety_no_tier,true
172116,Verges,10,Baix Empordà,2026-08-21,Vallter,129.411333,120.3,Vallter,129.411333,13.58,Vall de Núria,148.302667,La Molina,153.9825,0.177112,14.0211,65,municipality,curated_ski_catalogue;openrouteservice,,2026-08-21T19:58:41Z,0.2.0,,"No snow, traffic, parking capacity, or season duration is modelled.",complete,14.0211,14.0211,100,,curated,access_variety_no_tier,true
172121,Vidrà,24,Osona,2026-08-21,Vall de Núria,81.364833,47,Vall de Núria,81.364833,7.614,La Molina,87.044667,Masella,95.061833,0.426136,47.7966,65,municipality,curated_ski_catalogue;openrouteservice,,2026-08-21T19:58:41Z,0.2.0,,"No snow, traffic, parking capacity, or season duration is modelled.",complete,47.7966,47.7966,100,,curated,access_variety_no_tier,true
172137,Vidreres,34,Selva,2026-08-21,Vall de Núria,118.869333,118.5,Vall de Núria,118.869333,7.614,La Molina,124.549167,Vallter,128.7515,0.229878,21.1779,65,municipality,curated_ski_catalogue;openrouteservice,,2026-08-21T19:58:41Z,0.2.0,,"No snow, traffic, parking capacity, or season duration is modelled.",complete,21.1779,21.1779,100,,curated,access_variety_no_tier,true
172142,Vilabertran,02,Alt Empordà,2026-08-21,Vallter,118.692167,98.08,Vallter,118.692167,13.58,Vall de Núria,138.736833,La Molina,144.416667,0.210358,18.5303,65,municipality,curated_ski_catalogue;openrouteservice,,2026-08-21T19:58:41Z,0.2.0,,"No snow, traffic, parking capacity, or season duration is modelled.",complete,18.5303,18.5303,100,,curated,access_variety_no_tier,true
172155,Vilablareix,20,Gironès,2026-08-21,Vallter,119.178833,108.42,Vallter,119.178833,13.58,Vall de Núria,121.570167,La Molina,127.25,0.233103,21.6152,65,municipality,curated_ski_catalogue;openrouteservice,,2026-08-21T19:58:41Z,0.2.0,,"No snow, traffic, parking capacity, or season duration is modelled.",complete,21.6152,21.6152,100,,curated,access_variety_no_tier,true
172168,Viladasens,20,Gironès,2026-08-21,Vallter,119.293833,110.58,Vallter,119.293833,13.58,Vall de Núria,134.684667,La Molina,140.364667,0.214011,19.0258,65,municipality,curated_ski_catalogue;openrouteservice,,2026-08-21T19:58:41Z,0.2.0,,"No snow, traffic, parking capacity, or season duration is modelled.",complete,19.0258,19.0258,100,,curated,access_variety_no_tier,true
172174,Viladamat,02,Alt Empordà,2026-08-21,Vallter,122.863333,111.48,Vallter,122.863333,13.58,Vall de Núria,142.908,La Molina,148.587833,0.196231,16.6142,65,municipality,curated_ski_catalogue;openrouteservice,,2026-08-21T19:58:41Z,0.2.0,,"No snow, traffic, parking capacity, or season duration is modelled.",complete,16.6142,16.6142,100,,curated,access_variety_no_tier,true
172180,Vilademuls,28,Pla de l'Estany,2026-08-21,Vallter,112.922833,93.61,Vallter,112.922833,13.58,Vall de Núria,132.9675,La Molina,138.6475,0.231589,21.4099,65,municipality,curated_ski_catalogue;openrouteservice,,2026-08-21T19:58:41Z,0.2.0,,"No snow, traffic, parking capacity, or season duration is modelled.",complete,21.4099,21.4099,100,,curated,access_variety_no_tier,true
172207,Viladrau,24,Osona,2026-08-21,Vall de Núria,98.361833,76.02,Vall de Núria,98.361833,7.614,La Molina,104.041833,Masella,109.167833,0.322917,33.7969,65,municipality,curated_ski_catalogue;openrouteservice,,2026-08-21T19:58:41Z,0.2.0,,"No snow, traffic, parking capacity, or season duration is modelled.",complete,33.7969,33.7969,100,,curated,access_variety_no_tier,true
172214,Vilafant,02,Alt Empordà,2026-08-21,Vallter,104.215,91.36,Vallter,104.215,13.58,Vall de Núria,124.259667,La Molina,129.939667,0.267761,26.316,65,municipality,curated_ski_catalogue;openrouteservice,,2026-08-21T19:58:41Z,0.2.0,,"No snow, traffic, parking capacity, or season duration is modelled.",complete,26.316,26.316,100,,curated,access_variety_no_tier,true
172229,Vilaür,02,Alt Empordà,2026-08-21,Vallter,115.720833,100.63,Vallter,115.720833,13.58,Vall de Núria,135.632,La Molina,141.311833,0.221206,20.0016,65,municipality,curated_ski_catalogue;openrouteservice,,2026-08-21T19:58:41Z,0.2.0,,"No snow, traffic, parking capacity, or season duration is modelled.",complete,20.0016,20.0016,100,,curated,access_variety_no_tier,true
172235,Vilajuïga,02,Alt Empordà,2026-08-21,Vallter,127.817167,113.75,Vallter,127.817167,13.58,Vall de Núria,147.861833,La Molina,153.541833,0.18068,14.505,65,municipality,curated_ski_catalogue;openrouteservice,,2026-08-21T19:58:41Z,0.2.0,,"No snow, traffic, parking capacity, or season duration is modelled.",complete,14.505,14.505,100,,curated,access_variety_no_tier,true
172240,Vilallonga de Ter,31,Ripollès,2026-08-21,Vallter,26.063667,17.8,Vallter,26.063667,13.58,Vall de Núria,79.331333,La Molina,87.682167,0.838912,100,65,municipality,curated_ski_catalogue;openrouteservice,,2026-08-21T19:58:41Z,0.2.0,,"No snow, traffic, parking capacity, or season duration is modelled.",complete,100,100,100,,curated,access_variety_no_tier,true
172253,Vilamacolum,02,Alt Empordà,2026-08-21,Vallter,118.31,104.56,Vallter,118.31,13.58,Vall de Núria,138.354667,La Molina,144.034667,0.211702,18.7126,65,municipality,curated_ski_catalogue;openrouteservice,,2026-08-21T19:58:41Z,0.2.0,,"No snow, traffic, parking capacity, or season duration is modelled.",complete,18.7126,18.7126,100,,curated,access_variety_no_tier,true
172266,Vilamalla,02,Alt Empordà,2026-08-21,Vallter,108.642,95.6,Vallter,108.642,13.58,Vall de Núria,128.686667,La Molina,134.366667,0.248716,23.7329,65,municipality,curated_ski_catalogue;openrouteservice,,2026-08-21T19:58:41Z,0.2.0,,"No snow, traffic, parking capacity, or season duration is modelled.",complete,23.7329,23.7329,100,,curated,access_variety_no_tier,true
172272,Vilamaniscle,02,Alt Empordà,2026-08-21,Vallter,132.660167,117.95,Vallter,132.660167,13.58,Vall de Núria,152.704833,La Molina,158.384833,0.166669,12.6047,65,municipality,curated_ski_catalogue;openrouteservice,,2026-08-21T19:58:41Z,0.2.0,,"No snow, traffic, parking capacity, or season duration is modelled.",complete,12.6047,12.6047,100,,curated,access_variety_no_tier,true
172288,Vilanant,02,Alt Empordà,2026-08-21,Vallter,103.029833,90.22,Vallter,103.029833,13.58,Vall de Núria,123.0745,La Molina,128.7545,0.273103,27.0405,65,municipality,curated_ski_catalogue;openrouteservice,,2026-08-21T19:58:41Z,0.2.0,,"No snow, traffic, parking capacity, or season duration is modelled.",complete,27.0405,27.0405,100,,curated,access_variety_no_tier,true
172305,Vila-sacra,02,Alt Empordà,2026-08-21,Vallter,117.6325,101.77,Vallter,117.6325,13.58,Vall de Núria,137.677167,La Molina,143.357,0.214106,19.0386,65,municipality,curated_ski_catalogue;openrouteservice,,2026-08-21T19:58:41Z,0.2.0,,"No snow, traffic, parking capacity, or season duration is modelled.",complete,19.0386,19.0386,100,,curated,access_variety_no_tier,true
172327,Vilopriu,10,Baix Empordà,2026-08-21,Vallter,123.789167,110.13,Vallter,123.789167,13.58,Vall de Núria,140.998167,La Molina,146.678,0.196428,16.641,65,municipality,curated_ski_catalogue;openrouteservice,,2026-08-21T19:58:41Z,0.2.0,,"No snow, traffic, parking capacity, or season duration is modelled.",complete,16.641,16.641,100,,curated,access_variety_no_tier,true
172333,Vilobí d'Onyar,34,Selva,2026-08-21,Vall de Núria,111.93,105.36,Vall de Núria,111.93,7.614,La Molina,117.61,Masella,122.736,0.257562,24.9326,65,municipality,curated_ski_catalogue;openrouteservice,,2026-08-21T19:58:41Z,0.2.0,,"No snow, traffic, parking capacity, or season duration is modelled.",complete,24.9326,24.9326,100,,curated,access_variety_no_tier,true
172348,Biure,02,Alt Empordà,2026-08-21,Vallter,120.801,110,Vallter,120.801,13.58,Vall de Núria,140.845833,La Molina,146.525667,0.203092,17.5449,65,municipality,curated_ski_catalogue;openrouteservice,,2026-08-21T19:58:41Z,0.2.0,,"No snow, traffic, parking capacity, or season duration is modelled.",complete,17.5449,17.5449,100,,curated,access_variety_no_tier,true
179011,"Cruïlles, Monells i Sant Sadurní de l'Heura",10,Baix Empordà,2026-08-21,Vallter,139.339167,119.99,Vallter,139.339167,13.58,Vall de Núria,147.899,La Molina,153.579,0.159884,11.6845,65,municipality,curated_ski_catalogue;openrouteservice,,2026-08-21T19:58:41Z,0.2.0,,"No snow, traffic, parking capacity, or season duration is modelled.",complete,11.6845,11.6845,100,,curated,access_variety_no_tier,true
179026,Forallac,10,Baix Empordà,2026-08-21,Vallter,142.042333,120.46,Vallter,142.042333,13.58,Vall de Núria,157.5385,La Molina,163.218333,0.146387,9.8538,65,municipality,curated_ski_catalogue;openrouteservice,,2026-08-21T19:58:41Z,0.2.0,,"No snow, traffic, parking capacity, or season duration is modelled.",complete,9.8538,9.8538,100,,curated,access_variety_no_tier,true
179032,Sant Julià del Llor i Bonmatí,34,Selva,2026-08-21,Vallter,118.981333,92.57,Vallter,118.981333,13.58,Vall de Núria,119.922833,La Molina,125.602667,0.236225,22.0387,65,municipality,curated_ski_catalogue;openrouteservice,,2026-08-21T19:58:41Z,0.2.0,,"No snow, traffic, parking capacity, or season duration is modelled.",complete,22.0387,22.0387,100,,curated,access_variety_no_tier,true
250019,Abella de la Conca,25,Pallars Jussà,2026-08-21,Port del Comte,100.916,109.32,Port del Comte,100.916,,Port Ainé,118.459,Espot,118.967833,0.289863,29.3137,65,municipality,curated_ski_catalogue;openrouteservice,,2026-08-21T19:58:41Z,0.2.0,,"No snow, traffic, parking capacity, or season duration is modelled.",complete,29.3137,29.3137,100,,curated,access_variety_no_tier,true
250024,Àger,23,Noguera,2026-08-21,Espot,119.9945,107.03,Espot,119.9945,25,Port Ainé,120.440667,Port del Comte,131.545833,0.230431,21.2529,65,municipality,curated_ski_catalogue;openrouteservice,,2026-08-21T19:58:41Z,0.2.0,,"No snow, traffic, parking capacity, or season duration is modelled.",complete,21.2529,21.2529,100,,curated,access_variety_no_tier,true
250030,Agramunt,38,Urgell,2026-08-21,Port del Comte,81.921,85.66,Port del Comte,81.921,,Masella,123.573667,La Molina,129.843833,0.347761,37.1664,65,municipality,curated_ski_catalogue;openrouteservice,,2026-08-21T19:58:41Z,0.2.0,,"No snow, traffic, parking capacity, or season duration is modelled.",complete,37.1664,37.1664,100,,curated,access_variety_no_tier,true
250045,els Alamús,33,Segrià,2026-08-21,Port del Comte,101.248,123.07,Port del Comte,101.248,,Masella,132.479167,La Molina,138.749333,0.264702,25.9011,65,municipality,curated_ski_catalogue;openrouteservice,,2026-08-21T19:58:41Z,0.2.0,,"No snow, traffic, parking capacity, or season duration is modelled.",complete,25.9011,25.9011,100,,curated,access_variety_no_tier,true
250058,Alàs i Cerc,04,Alt Urgell,2026-08-21,Masella,51.380667,44.95,Masella,51.380667,74,La Molina,57.650833,Port Ainé,77.036833,0.685232,82.938,65,municipality,curated_ski_catalogue;openrouteservice,,2026-08-21T19:58:41Z,0.2.0,,"No snow, traffic, parking capacity, or season duration is modelled.",complete,82.938,82.938,100,,curated,access_variety_no_tier,true
250061,l'Albagés,18,Garrigues,2026-08-21,Port del Comte,129.080667,136.23,Port del Comte,129.080667,,Masella,160.311833,La Molina,166.582,0.166455,12.5757,65,municipality,curated_ski_catalogue;openrouteservice,,2026-08-21T19:58:41Z,0.2.0,,"No snow, traffic, parking capacity, or season duration is modelled.",complete,12.5757,12.5757,100,,curated,access_variety_no_tier,true
250077,Albatàrrec,33,Segrià,2026-08-21,Port del Comte,110.9805,133.17,Port del Comte,110.9805,,Masella,142.211667,La Molina,148.481833,0.225067,20.5253,65,municipality,curated_ski_catalogue;openrouteservice,,2026-08-21T19:58:41Z,0.2.0,,"No snow, traffic, parking capacity, or season duration is modelled.",complete,20.5253,20.5253,100,,curated,access_variety_no_tier,true
250083,Albesa,23,Noguera,2026-08-21,Port del Comte,120.589167,141.13,Port del Comte,120.589167,,Boí Taüll,150.272,Masella,151.820333,0.194778,16.4171,65,municipality,curated_ski_catalogue;openrouteservice,,2026-08-21T19:58:41Z,0.2.0,,"No snow, traffic, parking capacity, or season duration is modelled.",complete,16.4171,16.4171,100,,curated,access_variety_no_tier,true
250096,l'Albi,18,Garrigues,2026-08-21,Port del Comte,123.488667,135.61,Port del Comte,123.488667,,Masella,154.719833,La Molina,160.990167,0.182715,14.781,65,municipality,curated_ski_catalogue;openrouteservice,,2026-08-21T19:58:41Z,0.2.0,,"No snow, traffic, parking capacity, or season duration is modelled.",complete,14.781,14.781,100,,curated,access_variety_no_tier,true
250100,Alcanó,33,Segrià,2026-08-21,Port del Comte,117.632,143.26,Port del Comte,117.632,,Masella,148.863167,La Molina,155.1335,0.201449,17.322,65,municipality,curated_ski_catalogue;openrouteservice,,2026-08-21T19:58:41Z,0.2.0,,"No snow, traffic, parking capacity, or season duration is modelled.",complete,17.322,17.322,100,,curated,access_variety_no_tier,true
250117,Alcarràs,33,Segrià,2026-08-21,Port del Comte,117.723167,147.99,Port del Comte,117.723167,,Masella,148.954333,La Molina,155.2245,0.201144,17.2805,65,municipality,curated_ski_catalogue;openrouteservice,,2026-08-21T19:58:41Z,0.2.0,,"No snow, traffic, parking capacity, or season duration is modelled.",complete,17.2805,17.2805,100,,curated,access_variety_no_tier,true
250122,Alcoletge,33,Segrià,2026-08-21,Port del Comte,105.417667,127.26,Port del Comte,105.417667,,Masella,136.648833,La Molina,142.919,0.246931,23.4908,65,municipality,curated_ski_catalogue;openrouteservice,,2026-08-21T19:58:41Z,0.2.0,,"No snow, traffic, parking capacity, or season duration is modelled.",complete,23.4908,23.4908,100,,curated,access_variety_no_tier,true
250138,Alfarràs,33,Segrià,2026-08-21,Port del Comte,120.958667,155.07,Port del Comte,120.958667,,Boí Taüll,128.933333,Baqueira Beret,143.675333,0.214299,19.0649,65,municipality,curated_ski_catalogue;openrouteservice,,2026-08-21T19:58:41Z,0.2.0,,"No snow, traffic, parking capacity, or season duration is modelled.",complete,19.0649,19.0649,100,,curated,access_variety_no_tier,true
250143,Alfés,33,Segrià,2026-08-21,Port del Comte,114.443,139.01,Port del Comte,114.443,,Masella,145.674167,La Molina,151.944333,0.212446,18.8135,65,municipality,curated_ski_catalogue;openrouteservice,,2026-08-21T19:58:41Z,0.2.0,,"No snow, traffic, parking capacity, or season duration is modelled.",complete,18.8135,18.8135,100,,curated,access_variety_no_tier,true
250156,Algerri,23,Noguera,2026-08-21,Port del Comte,116.791,120.52,Port del Comte,116.791,,Boí Taüll,136.709667,Baqueira Beret,151.451833,0.21402,19.027,65,municipality,curated_ski_catalogue;openrouteservice,,2026-08-21T19:58:41Z,0.2.0,,"No snow, traffic, parking capacity, or season duration is modelled.",complete,19.027,19.027,100,,curated,access_variety_no_tier,true
250169,Alguaire,33,Segrià,2026-08-21,Port del Comte,116.022,145.86,Port del Comte,116.022,,Boí Taüll,143.150333,Masella,147.253,0.212101,18.7667,65,municipality,curated_ski_catalogue;openrouteservice,,2026-08-21T19:58:41Z,0.2.0,,"No snow, traffic, parking capacity, or season duration is modelled.",complete,18.7667,18.7667,100,,curated,access_variety_no_tier,true
250175,Alins,26,Pallars Sobirà,2026-08-21,Espot,39.068,34.67,Espot,39.068,25,Tavascan,50.481167,Port Ainé,55.144333,0.83674,100,65,municipality,curated_ski_catalogue;openrouteservice,,2026-08-21T19:58:41Z,0.2.0,,"No snow, traffic, parking capacity, or season duration is modelled.",complete,100,100,100,,curated,access_variety_no_tier,true
250194,Almacelles,33,Segrià,2026-08-21,Port del Comte,122.185,150.92,Port del Comte,122.185,,Boí Taüll,142.128667,Masella,153.416167,0.196677,16.6747,65,municipality,curated_ski_catalogue;openrouteservice,,2026-08-21T19:58:41Z,0.2.0,,"No snow, traffic, parking capacity, or season duration is modelled.",complete,16.6747,16.6747,100,,curated,access_variety_no_tier,true
250208,Almatret,33,Segrià,2026-08-21,Port del Comte,154.691333,191.03,Port del Comte,154.691333,,Masella,185.922333,La Molina,192.192667,0.108623,4.7319,65,municipality,curated_ski_catalogue;openrouteservice,,2026-08-21T19:58:41Z,0.2.0,,"No snow, traffic, parking capacity, or season duration is modelled.",complete,4.7319,4.7319,100,,curated,access_variety_no_tier,true
250215,Almenar,33,Segrià,2026-08-21,Port del Comte,119.992333,151.36,Port del Comte,119.992333,,Boí Taüll,134.858667,Baqueira Beret,149.600833,0.208835,18.3237,65,municipality,curated_ski_catalogue;openrouteservice,,2026-08-21T19:58:41Z,0.2.0,,"No snow, traffic, parking capacity, or season duration is modelled.",complete,18.3237,18.3237,100,,curated,access_variety_no_tier,true
250220,Alòs de Balaguer,23,Noguera,2026-08-21,Port del Comte,95.637667,92.54,Port del Comte,95.637667,,Port Ainé,149.140667,Espot,151.578,0.264743,25.9066,65,municipality,curated_ski_catalogue;openrouteservice,,2026-08-21T19:58:41Z,0.2.0,,"No snow, traffic, parking capacity, or season duration is modelled.",complete,25.9066,25.9066,100,,curated,access_variety_no_tier,true
250236,Alpicat,33,Segrià,2026-08-21,Port del Comte,113.660833,139.46,Port del Comte,113.660833,,Masella,144.892,La Molina,151.162167,0.215234,19.1916,65,municipality,curated_ski_catalogue;openrouteservice,,2026-08-21T19:58:41Z,0.2.0,,"No snow, traffic, parking capacity, or season duration is modelled.",complete,19.1916,19.1916,100,,curated,access_variety_no_tier,true
250241,Alt Àneu,26,Pallars Sobirà,2026-08-21,Espot,26.3925,18.61,Espot,26.3925,25,Baqueira Beret,32.564667,Port Ainé,65.524167,1.018573,100,65,municipality,curated_ski_catalogue;openrouteservice,,2026-08-21T19:58:41Z,0.2.0,,"No snow, traffic, parking capacity, or season duration is modelled.",complete,100,100,100,,curated,access_variety_no_tier,true
250254,Naut Aran,39,Val d'Aran,2026-08-21,Baqueira Beret,8.599167,5.29,Baqueira Beret,8.599167,169,Espot,59.288667,Boí Taüll,97.932167,1.101485,100,65,municipality,curated_ski_catalogue;openrouteservice,,2026-08-21T19:58:41Z,0.2.0,,"No snow, traffic, parking capacity, or season duration is modelled.",complete,100,100,100,,curated,access_variety_no_tier,true
250273,Anglesola,38,Urgell,2026-08-21,Port del Comte,83.698167,90.34,Port del Comte,83.698167,,Masella,114.929333,La Molina,121.199667,0.35464,38.0994,65,municipality,curated_ski_catalogue;openrouteservice,,2026-08-21T19:58:41Z,0.2.0,,"No snow, traffic, parking capacity, or season duration is modelled.",complete,38.0994,38.0994,100,,curated,access_variety_no_tier,true
250292,Arbeca,18,Garrigues,2026-08-21,Port del Comte,99.489833,112.54,Port del Comte,99.489833,,Masella,130.720833,La Molina,136.991167,0.272574,26.9687,65,municipality,curated_ski_catalogue;openrouteservice,,2026-08-21T19:58:41Z,0.2.0,,"No snow, traffic, parking capacity, or season duration is modelled.",complete,26.9687,26.9687,100,,curated,access_variety_no_tier,true
250306,el Pont de Bar,04,Alt Urgell,2026-08-21,Masella,40.689833,34.37,Masella,40.689833,74,La Molina,46.96,Port Ainé,86.349833,0.795422,97.8833,65,municipality,curated_ski_catalogue;openrouteservice,,2026-08-21T19:58:41Z,0.2.0,,"No snow, traffic, parking capacity, or season duration is modelled.",complete,97.8833,97.8833,100,,curated,access_variety_no_tier,true
250313,Arres,39,Val d'Aran,2026-08-21,Baqueira Beret,44.986833,28.3,Baqueira Beret,44.986833,169,Espot,95.676333,Boí Taüll,102.738167,0.619077,73.9654,65,municipality,curated_ski_catalogue;openrouteservice,,2026-08-21T19:58:41Z,0.2.0,,"No snow, traffic, parking capacity, or season duration is modelled.",complete,73.9654,73.9654,100,,curated,access_variety_no_tier,true
250328,Arsèguel,04,Alt Urgell,2026-08-21,Masella,45.623,38.01,Masella,45.623,74,La Molina,51.893333,Port Ainé,85.282833,0.738381,90.1468,65,municipality,curated_ski_catalogue;openrouteservice,,2026-08-21T19:58:41Z,0.2.0,,"No snow, traffic, parking capacity, or season duration is modelled.",complete,90.1468,90.1468,100,,curated,access_variety_no_tier,true
250334,Artesa de Lleida,33,Segrià,2026-08-21,Port del Comte,113.541,135.9,Port del Comte,113.541,,Masella,144.772167,La Molina,151.0425,0.215664,19.25,65,municipality,curated_ski_catalogue;openrouteservice,,2026-08-21T19:58:41Z,0.2.0,,"No snow, traffic, parking capacity, or season duration is modelled.",complete,19.25,19.25,100,,curated,access_variety_no_tier,true
250349,Artesa de Segre,23,Noguera,2026-08-21,Port del Comte,77.855667,80.21,Port del Comte,77.855667,,Port Ainé,131.3585,Masella,137.370667,0.354514,38.0824,65,municipality,curated_ski_catalogue;openrouteservice,,2026-08-21T19:58:41Z,0.2.0,,"No snow, traffic, parking capacity, or season duration is modelled.",complete,38.0824,38.0824,100,,curated,access_variety_no_tier,true
250352,la Sentiu de Sió,23,Noguera,2026-08-21,Port del Comte,93.449667,97.65,Port del Comte,93.449667,,Espot,144.6575,Port Ainé,145.103667,0.277794,27.6767,65,municipality,curated_ski_catalogue;openrouteservice,,2026-08-21T19:58:41Z,0.2.0,,"No snow, traffic, parking capacity, or season duration is modelled.",complete,27.6767,27.6767,100,,curated,access_variety_no_tier,true
250365,Aspa,33,Segrià,2026-08-21,Port del Comte,123.490667,143.67,Port del Comte,123.490667,,Masella,154.721667,La Molina,160.992,0.182709,14.7802,65,municipality,curated_ski_catalogue;openrouteservice,,2026-08-21T19:58:41Z,0.2.0,,"No snow, traffic, parking capacity, or season duration is modelled.",complete,14.7802,14.7802,100,,curated,access_variety_no_tier,true
250371,les Avellanes i Santa Linya,23,Noguera,2026-08-21,Port del Comte,120.816333,123.22,Port del Comte,120.816333,,Espot,132.670167,Port Ainé,133.1165,0.215483,19.2254,65,municipality,curated_ski_catalogue;openrouteservice,,2026-08-21T19:58:41Z,0.2.0,,"No snow, traffic, parking capacity, or season duration is modelled.",complete,19.2254,19.2254,100,,curated,access_variety_no_tier,true
250387,Aitona,33,Segrià,2026-08-21,Port del Comte,122.083667,156.41,Port del Comte,122.083667,,Masella,153.314667,La Molina,159.585,0.187044,15.3682,65,municipality,curated_ski_catalogue;openrouteservice,,2026-08-21T19:58:41Z,0.2.0,,"No snow, traffic, parking capacity, or season duration is modelled.",complete,15.3682,15.3682,100,,curated,access_variety_no_tier,true
250390,Baix Pallars,26,Pallars Sobirà,2026-08-21,Espot,60.376833,49.92,Espot,60.376833,25,Port Ainé,60.823167,Tavascan,80.4975,0.612365,73.055,65,municipality,curated_ski_catalogue;openrouteservice,,2026-08-21T19:58:41Z,0.2.0,,"No snow, traffic, parking capacity, or season duration is modelled.",complete,73.055,73.055,100,,curated,access_variety_no_tier,true
250404,Balaguer,23,Noguera,2026-08-21,Port del Comte,101.745333,105.23,Port del Comte,101.745333,,Masella,143.7875,Espot,145.095,0.25125,24.0765,65,municipality,curated_ski_catalogue;openrouteservice,,2026-08-21T19:58:41Z,0.2.0,,"No snow, traffic, parking capacity, or season duration is modelled.",complete,24.0765,24.0765,100,,curated,access_variety_no_tier,true
250411,Barbens,27,Pla d'Urgell,2026-08-21,Port del Comte,90.188333,101.63,Port del Comte,90.188333,,Masella,121.4195,La Molina,127.689667,0.31828,33.168,65,municipality,curated_ski_catalogue;openrouteservice,,2026-08-21T19:58:41Z,0.2.0,,"No snow, traffic, parking capacity, or season duration is modelled.",complete,33.168,33.168,100,,curated,access_variety_no_tier,true
250426,la Baronia de Rialb,23,Noguera,2026-08-21,Port del Comte,63.499333,66.34,Port del Comte,63.499333,,Port Ainé,117.002333,Masella,124.613167,0.449502,50.9657,65,municipality,curated_ski_catalogue;openrouteservice,,2026-08-21T19:58:41Z,0.2.0,,"No snow, traffic, parking capacity, or season duration is modelled.",complete,50.9657,50.9657,100,,curated,access_variety_no_tier,true
250432,la Vall de Boí,05,Alta Ribagorça,2026-08-21,Boí Taüll,32.871,18.62,Boí Taüll,32.871,45.282,Baqueira Beret,72.830167,Espot,123.519667,0.758626,92.8925,65,municipality,curated_ski_catalogue;openrouteservice,,2026-08-21T19:58:41Z,0.2.0,,"No snow, traffic, parking capacity, or season duration is modelled.",complete,92.8925,92.8925,100,,curated,access_variety_no_tier,true
250447,Bassella,04,Alt Urgell,2026-08-21,Port del Comte,47.584667,48.73,Port del Comte,47.584667,,Port Ainé,101.087667,Masella,108.6985,0.586038,69.4842,65,municipality,curated_ski_catalogue;openrouteservice,,2026-08-21T19:58:41Z,0.2.0,,"No snow, traffic, parking capacity, or season duration is modelled.",complete,69.4842,69.4842,100,,curated,access_variety_no_tier,true
250450,Bausen,39,Val d'Aran,2026-08-21,Baqueira Beret,60.576333,39.4,Baqueira Beret,60.576333,169,Espot,111.265833,Boí Taüll,118.327833,0.477424,54.7528,65,municipality,curated_ski_catalogue;openrouteservice,,2026-08-21T19:58:41Z,0.2.0,,"No snow, traffic, parking capacity, or season duration is modelled.",complete,54.7528,54.7528,100,,curated,access_variety_no_tier,true
250463,Belianes,38,Urgell,2026-08-21,Port del Comte,98.624,105.3,Port del Comte,98.624,,Masella,129.855167,La Molina,136.1255,0.276535,27.506,65,municipality,curated_ski_catalogue;openrouteservice,,2026-08-21T19:58:41Z,0.2.0,,"No snow, traffic, parking capacity, or season duration is modelled.",complete,27.506,27.506,100,,curated,access_variety_no_tier,true
250479,Bellcaire d'Urgell,23,Noguera,2026-08-21,Port del Comte,103.162,109.31,Port del Comte,103.162,,Masella,134.393,La Molina,140.663333,0.256392,24.7739,65,municipality,curated_ski_catalogue;openrouteservice,,2026-08-21T19:58:41Z,0.2.0,,"No snow, traffic, parking capacity, or season duration is modelled.",complete,24.7739,24.7739,100,,curated,access_variety_no_tier,true
250485,Bell-lloc d'Urgell,27,Pla d'Urgell,2026-08-21,Port del Comte,97.715167,116.25,Port del Comte,97.715167,,Masella,128.946167,La Molina,135.2165,0.280756,28.0785,65,municipality,curated_ski_catalogue;openrouteservice,,2026-08-21T19:58:41Z,0.2.0,,"No snow, traffic, parking capacity, or season duration is modelled.",complete,28.0785,28.0785,100,,curated,access_variety_no_tier,true
250498,Bellmunt d'Urgell,23,Noguera,2026-08-21,Port del Comte,103.2545,98.15,Port del Comte,103.2545,,Masella,138.390667,La Molina,144.660833,0.251139,24.0614,65,municipality,curated_ski_catalogue;openrouteservice,,2026-08-21T19:58:41Z,0.2.0,,"No snow, traffic, parking capacity, or season duration is modelled.",complete,24.0614,24.0614,100,,curated,access_variety_no_tier,true
250501,Bellpuig,38,Urgell,2026-08-21,Port del Comte,88.6925,96.5,Port del Comte,88.6925,,Masella,119.923667,La Molina,126.194,0.326315,34.2577,65,municipality,curated_ski_catalogue;openrouteservice,,2026-08-21T19:58:41Z,0.2.0,,"No snow, traffic, parking capacity, or season duration is modelled.",complete,34.2577,34.2577,100,,curated,access_variety_no_tier,true
250518,Bellver de Cerdanya,15,Cerdanya,2026-08-21,Masella,23.013167,17.76,Masella,23.013167,74,La Molina,29.283333,Vall de Núria,98.731667,1.036573,100,65,municipality,curated_ski_catalogue;openrouteservice,,2026-08-21T19:58:41Z,0.2.0,,"No snow, traffic, parking capacity, or season duration is modelled.",complete,100,100,100,,curated,access_variety_no_tier,true
250523,Bellvís,27,Pla d'Urgell,2026-08-21,Port del Comte,103.414167,119.77,Port del Comte,103.414167,,Masella,134.645167,La Molina,140.9155,0.255316,24.628,65,municipality,curated_ski_catalogue;openrouteservice,,2026-08-21T19:58:41Z,0.2.0,,"No snow, traffic, parking capacity, or season duration is modelled.",complete,24.628,24.628,100,,curated,access_variety_no_tier,true
250539,Benavent de Segrià,33,Segrià,2026-08-21,Port del Comte,110.735333,133.91,Port del Comte,110.735333,,Masella,141.9665,La Molina,148.236667,0.225988,20.6503,65,municipality,curated_ski_catalogue;openrouteservice,,2026-08-21T19:58:41Z,0.2.0,,"No snow, traffic, parking capacity, or season duration is modelled.",complete,20.6503,20.6503,100,,curated,access_variety_no_tier,true
250557,Biosca,35,Solsonès,2026-08-21,Port del Comte,52.152167,55.2,Port del Comte,52.152167,,Masella,105.308333,La Molina,111.578667,0.544659,63.872,65,municipality,curated_ski_catalogue;openrouteservice,,2026-08-21T19:58:41Z,0.2.0,,"No snow, traffic, parking capacity, or season duration is modelled.",complete,63.872,63.872,100,,curated,access_variety_no_tier,true
250560,Bovera,18,Garrigues,2026-08-21,Port del Comte,149.754333,170.19,Port del Comte,149.754333,,Masella,180.9855,La Molina,187.255833,0.117939,5.9954,65,municipality,curated_ski_catalogue;openrouteservice,,2026-08-21T19:58:41Z,0.2.0,,"No snow, traffic, parking capacity, or season duration is modelled.",complete,5.9954,5.9954,100,,curated,access_variety_no_tier,true
250576,Es Bòrdes,39,Val d'Aran,2026-08-21,Baqueira Beret,35.869833,23.72,Baqueira Beret,35.869833,169,Espot,86.559333,Boí Taüll,93.621333,0.720669,87.7444,65,municipality,curated_ski_catalogue;openrouteservice,,2026-08-21T19:58:41Z,0.2.0,,"No snow, traffic, parking capacity, or season duration is modelled.",complete,87.7444,87.7444,100,,curated,access_variety_no_tier,true
250582,les Borges Blanques,18,Garrigues,2026-08-21,Port del Comte,110.472667,118.59,Port del Comte,110.472667,,Masella,141.703667,La Molina,147.974,0.22698,20.7847,65,municipality,curated_ski_catalogue;openrouteservice,,2026-08-21T19:58:41Z,0.2.0,,"No snow, traffic, parking capacity, or season duration is modelled.",complete,20.7847,20.7847,100,,curated,access_variety_no_tier,true
250595,Bossòst,39,Val d'Aran,2026-08-21,Baqueira Beret,42.664667,30.37,Baqueira Beret,42.664667,169,Espot,93.354167,Boí Taüll,100.416,0.643507,77.2788,65,municipality,curated_ski_catalogue;openrouteservice,,2026-08-21T19:58:41Z,0.2.0,,"No snow, traffic, parking capacity, or season duration is modelled.",complete,77.2788,77.2788,100,,curated,access_variety_no_tier,true
250609,Cabanabona,23,Noguera,2026-08-21,Port del Comte,67.822667,74.1,Port del Comte,67.822667,,Masella,120.979,Port Ainé,125.309333,0.420452,47.0257,65,municipality,curated_ski_catalogue;openrouteservice,,2026-08-21T19:58:41Z,0.2.0,,"No snow, traffic, parking capacity, or season duration is modelled.",complete,47.0257,47.0257,100,,curated,access_variety_no_tier,true
250616,Cabó,04,Alt Urgell,2026-08-21,Port del Comte,87.150333,61.51,Port del Comte,87.150333,,Port Ainé,96.440667,Masella,104.676,0.377872,41.2504,65,municipality,curated_ski_catalogue;openrouteservice,,2026-08-21T19:58:41Z,0.2.0,,"No snow, traffic, parking capacity, or season duration is modelled.",complete,41.2504,41.2504,100,,curated,access_variety_no_tier,true
250621,Camarasa,23,Noguera,2026-08-21,Port del Comte,100.688167,96.61,Port del Comte,100.688167,,Espot,129.015167,Port Ainé,129.4615,0.273847,27.1414,65,municipality,curated_ski_catalogue;openrouteservice,,2026-08-21T19:58:41Z,0.2.0,,"No snow, traffic, parking capacity, or season duration is modelled.",complete,27.1414,27.1414,100,,curated,access_variety_no_tier,true
250637,Canejan,39,Val d'Aran,2026-08-21,Baqueira Beret,67.436167,43.03,Baqueira Beret,67.436167,169,Espot,118.125667,Boí Taüll,125.187667,0.425844,47.757,65,municipality,curated_ski_catalogue;openrouteservice,,2026-08-21T19:58:41Z,0.2.0,,"No snow, traffic, parking capacity, or season duration is modelled.",complete,47.757,47.757,100,,curated,access_variety_no_tier,true
250642,Castellar de la Ribera,35,Solsonès,2026-08-21,Port del Comte,37.524333,36.88,Port del Comte,37.524333,,Masella,98.638167,La Molina,104.908333,0.67516,81.572,65,municipality,curated_ski_catalogue;openrouteservice,,2026-08-21T19:58:41Z,0.2.0,,"No snow, traffic, parking capacity, or season duration is modelled.",complete,81.572,81.572,100,,curated,access_variety_no_tier,true
250674,Castelldans,18,Garrigues,2026-08-21,Port del Comte,117.727333,127.61,Port del Comte,117.727333,,Masella,148.9585,La Molina,155.228667,0.20113,17.2786,65,municipality,curated_ski_catalogue;openrouteservice,,2026-08-21T19:58:41Z,0.2.0,,"No snow, traffic, parking capacity, or season duration is modelled.",complete,17.2786,17.2786,100,,curated,access_variety_no_tier,true
250680,Castellnou de Seana,27,Pla d'Urgell,2026-08-21,Port del Comte,89.242167,100.72,Port del Comte,89.242167,,Masella,120.473333,La Molina,126.743667,0.323339,33.8541,65,municipality,curated_ski_catalogue;openrouteservice,,2026-08-21T19:58:41Z,0.2.0,,"No snow, traffic, parking capacity, or season duration is modelled.",complete,33.8541,33.8541,100,,curated,access_variety_no_tier,true
250693,Castelló de Farfanya,23,Noguera,2026-08-21,Port del Comte,109.068167,112.62,Port del Comte,109.068167,,Boí Taüll,145.365333,Espot,149.664667,0.227357,20.8359,65,municipality,curated_ski_catalogue;openrouteservice,,2026-08-21T19:58:41Z,0.2.0,,"No snow, traffic, parking capacity, or season duration is modelled.",complete,20.8359,20.8359,100,,curated,access_variety_no_tier,true
250707,Castellserà,38,Urgell,2026-08-21,Port del Comte,97.494833,97.93,Port del Comte,97.494833,,Masella,131.108,La Molina,137.378333,0.278486,27.7706,65,municipality,curated_ski_catalogue;openrouteservice,,2026-08-21T19:58:41Z,0.2.0,,"No snow, traffic, parking capacity, or season duration is modelled.",complete,27.7706,27.7706,100,,curated,access_variety_no_tier,true
250714,Cava,04,Alt Urgell,2026-08-21,Masella,61.839333,46.06,Masella,61.839333,74,La Molina,68.1095,Port Ainé,101.499167,0.563512,66.4291,65,municipality,curated_ski_catalogue;openrouteservice,,2026-08-21T19:58:41Z,0.2.0,,"No snow, traffic, parking capacity, or season duration is modelled.",complete,66.4291,66.4291,100,,curated,access_variety_no_tier,true
250729,Cervera,32,Segarra,2026-08-21,Port del Comte,79.4525,81.71,Port del Comte,79.4525,,Masella,110.410667,La Molina,116.681,0.381166,41.6972,65,municipality,curated_ski_catalogue;openrouteservice,,2026-08-21T19:58:41Z,0.2.0,,"No snow, traffic, parking capacity, or season duration is modelled.",complete,41.6972,41.6972,100,,curated,access_variety_no_tier,true
250735,Cervià de les Garrigues,18,Garrigues,2026-08-21,Port del Comte,123.002833,134.48,Port del Comte,123.002833,,Masella,154.234,La Molina,160.504167,0.1842,14.9825,65,municipality,curated_ski_catalogue;openrouteservice,,2026-08-21T19:58:41Z,0.2.0,,"No snow, traffic, parking capacity, or season duration is modelled.",complete,14.9825,14.9825,100,,curated,access_variety_no_tier,true
250740,Ciutadilla,38,Urgell,2026-08-21,Port del Comte,96.913,97.03,Port del Comte,96.913,,Masella,129.0205,La Molina,135.290667,0.283292,28.4225,65,municipality,curated_ski_catalogue;openrouteservice,,2026-08-21T19:58:41Z,0.2.0,,"No snow, traffic, parking capacity, or season duration is modelled.",complete,28.4225,28.4225,100,,curated,access_variety_no_tier,true
250753,Clariana de Cardener,35,Solsonès,2026-08-21,Port del Comte,42.978,42.5,Port del Comte,42.978,,Masella,87.509667,La Molina,93.779833,0.657226,79.1396,65,municipality,curated_ski_catalogue;openrouteservice,,2026-08-21T19:58:41Z,0.2.0,,"No snow, traffic, parking capacity, or season duration is modelled.",complete,79.1396,79.1396,100,,curated,access_variety_no_tier,true
250766,el Cogul,18,Garrigues,2026-08-21,Port del Comte,127.685,147.4,Port del Comte,127.685,,Masella,158.916,La Molina,165.186333,0.170373,13.1071,65,municipality,curated_ski_catalogue;openrouteservice,,2026-08-21T19:58:41Z,0.2.0,,"No snow, traffic, parking capacity, or season duration is modelled.",complete,13.1071,13.1071,100,,curated,access_variety_no_tier,true
250772,Coll de Nargó,04,Alt Urgell,2026-08-21,Port del Comte,65.9085,50.77,Port del Comte,65.9085,,Port Ainé,82.273333,Masella,90.508667,0.515589,59.9292,65,municipality,curated_ski_catalogue;openrouteservice,,2026-08-21T19:58:41Z,0.2.0,,"No snow, traffic, parking capacity, or season duration is modelled.",complete,59.9292,59.9292,100,,curated,access_variety_no_tier,true
250788,Corbins,33,Segrià,2026-08-21,Port del Comte,108.131333,132.66,Port del Comte,108.131333,,Masella,139.362333,La Molina,145.632667,0.236012,22.0098,65,municipality,curated_ski_catalogue;openrouteservice,,2026-08-21T19:58:41Z,0.2.0,,"No snow, traffic, parking capacity, or season duration is modelled.",complete,22.0098,22.0098,100,,curated,access_variety_no_tier,true
250791,Cubells,23,Noguera,2026-08-21,Port del Comte,84.487667,88.64,Port del Comte,84.487667,,Port Ainé,137.9905,Masella,144.002833,0.317417,33.0508,65,municipality,curated_ski_catalogue;openrouteservice,,2026-08-21T19:58:41Z,0.2.0,,"No snow, traffic, parking capacity, or season duration is modelled.",complete,33.0508,33.0508,100,,curated,access_variety_no_tier,true
250812,l'Espluga Calba,18,Garrigues,2026-08-21,Port del Comte,111.2385,112.36,Port del Comte,111.2385,,Masella,143.346,La Molina,149.616167,0.223122,20.2616,65,municipality,curated_ski_catalogue;openrouteservice,,2026-08-21T19:58:41Z,0.2.0,,"No snow, traffic, parking capacity, or season duration is modelled.",complete,20.2616,20.2616,100,,curated,access_variety_no_tier,true
250827,Espot,26,Pallars Sobirà,2026-08-21,Espot,7.080333,3.26,Espot,7.080333,25,Baqueira Beret,47.430333,Port Ainé,58.3735,1.209996,100,65,municipality,curated_ski_catalogue;openrouteservice,,2026-08-21T19:58:41Z,0.2.0,,"No snow, traffic, parking capacity, or season duration is modelled.",complete,100,100,100,,curated,access_variety_no_tier,true
250851,Estaràs,32,Segarra,2026-08-21,Port del Comte,79.567333,79.41,Port del Comte,79.567333,,Masella,104.390667,La Molina,110.661,0.392811,43.2766,65,municipality,curated_ski_catalogue;openrouteservice,,2026-08-21T19:58:41Z,0.2.0,,"No snow, traffic, parking capacity, or season duration is modelled.",complete,43.2766,43.2766,100,,curated,access_variety_no_tier,true
250864,Esterri d'Àneu,26,Pallars Sobirà,2026-08-21,Espot,23.933333,17.13,Espot,23.933333,25,Baqueira Beret,36.2565,Port Ainé,63.064833,1.03169,100,65,municipality,curated_ski_catalogue;openrouteservice,,2026-08-21T19:58:41Z,0.2.0,,"No snow, traffic, parking capacity, or season duration is modelled.",complete,100,100,100,,curated,access_variety_no_tier,true
250870,Esterri de Cardós,26,Pallars Sobirà,2026-08-21,Tavascan,40.629167,22.09,Tavascan,40.629167,,Espot,46.533833,Port Ainé,62.61,0.826338,100,65,municipality,curated_ski_catalogue;openrouteservice,,2026-08-21T19:58:41Z,0.2.0,,"No snow, traffic, parking capacity, or season duration is modelled.",complete,100,100,100,,curated,access_variety_no_tier,true
250886,Estamariu,04,Alt Urgell,2026-08-21,Masella,57.901667,47.56,Masella,57.901667,74,La Molina,64.172,Port Ainé,86.760667,0.611434,72.9287,65,municipality,curated_ski_catalogue;openrouteservice,,2026-08-21T19:58:41Z,0.2.0,,"No snow, traffic, parking capacity, or season duration is modelled.",complete,72.9287,72.9287,100,,curated,access_variety_no_tier,true
250899,Farrera,26,Pallars Sobirà,2026-08-21,Espot,41.088,32.22,Espot,41.088,25,Tavascan,52.501167,Port Ainé,57.164333,0.809039,99.7301,65,municipality,curated_ski_catalogue;openrouteservice,,2026-08-21T19:58:41Z,0.2.0,,"No snow, traffic, parking capacity, or season duration is modelled.",complete,99.7301,99.7301,100,,curated,access_variety_no_tier,true
250925,la Floresta,18,Garrigues,2026-08-21,Port del Comte,106.615,116.54,Port del Comte,106.615,,Masella,137.846167,La Molina,144.116333,0.242053,22.8291,65,municipality,curated_ski_catalogue;openrouteservice,,2026-08-21T19:58:41Z,0.2.0,,"No snow, traffic, parking capacity, or season duration is modelled.",complete,22.8291,22.8291,100,,curated,access_variety_no_tier,true
250931,Fondarella,27,Pla d'Urgell,2026-08-21,Port del Comte,93.003333,108.25,Port del Comte,93.003333,,Masella,124.2345,La Molina,130.504667,0.303693,31.1894,65,municipality,curated_ski_catalogue;openrouteservice,,2026-08-21T19:58:41Z,0.2.0,,"No snow, traffic, parking capacity, or season duration is modelled.",complete,31.1894,31.1894,100,,curated,access_variety_no_tier,true
250946,Foradada,23,Noguera,2026-08-21,Port del Comte,79.823833,83.71,Port del Comte,79.823833,,Port Ainé,133.326833,Masella,139.339,0.343074,36.5307,65,municipality,curated_ski_catalogue;openrouteservice,,2026-08-21T19:58:41Z,0.2.0,,"No snow, traffic, parking capacity, or season duration is modelled.",complete,36.5307,36.5307,100,,curated,access_variety_no_tier,true
250962,la Fuliola,38,Urgell,2026-08-21,Port del Comte,93.407667,98.74,Port del Comte,93.407667,,Masella,124.638833,La Molina,130.909,0.301653,30.9128,65,municipality,curated_ski_catalogue;openrouteservice,,2026-08-21T19:58:41Z,0.2.0,,"No snow, traffic, parking capacity, or season duration is modelled.",complete,30.9128,30.9128,100,,curated,access_variety_no_tier,true
250978,Fulleda,18,Garrigues,2026-08-21,Port del Comte,116.337,116.65,Port del Comte,116.337,,Masella,148.4445,La Molina,154.714667,0.204946,17.7962,65,municipality,curated_ski_catalogue;openrouteservice,,2026-08-21T19:58:41Z,0.2.0,,"No snow, traffic, parking capacity, or season duration is modelled.",complete,17.7962,17.7962,100,,curated,access_variety_no_tier,true
250984,Gavet de la Conca,25,Pallars Jussà,2026-08-21,Espot,100.412833,84.86,Espot,100.412833,25,Port Ainé,100.859167,Port del Comte,113.518167,0.318369,33.18,65,municipality,curated_ski_catalogue;openrouteservice,,2026-08-21T19:58:41Z,0.2.0,,"No snow, traffic, parking capacity, or season duration is modelled.",complete,33.18,33.18,100,,curated,access_variety_no_tier,true
250997,Golmés,27,Pla d'Urgell,2026-08-21,Port del Comte,91.309667,104.23,Port del Comte,91.309667,,Masella,122.540833,La Molina,128.811,0.312387,32.3687,65,municipality,curated_ski_catalogue;openrouteservice,,2026-08-21T19:58:41Z,0.2.0,,"No snow, traffic, parking capacity, or season duration is modelled.",complete,32.3687,32.3687,100,,curated,access_variety_no_tier,true
251001,Gósol,14,Berguedà,2026-08-21,Port del Comte,45.432333,33.27,Port del Comte,45.432333,,Masella,58.037667,La Molina,64.307833,0.744628,90.994,65,municipality,curated_ski_catalogue;openrouteservice,,2026-08-21T19:58:41Z,0.2.0,,"No snow, traffic, parking capacity, or season duration is modelled.",complete,90.994,90.994,100,,curated,access_variety_no_tier,true
251018,la Granadella,18,Garrigues,2026-08-21,Port del Comte,140.259,163.16,Port del Comte,140.259,,Masella,171.490167,La Molina,177.7605,0.138161,8.7382,65,municipality,curated_ski_catalogue;openrouteservice,,2026-08-21T19:58:41Z,0.2.0,,"No snow, traffic, parking capacity, or season duration is modelled.",complete,8.7382,8.7382,100,,curated,access_variety_no_tier,true
251023,la Granja d'Escarp,33,Segrià,2026-08-21,Port del Comte,134.9725,174.29,Port del Comte,134.9725,,Masella,166.2035,La Molina,172.473833,0.150887,10.4642,65,municipality,curated_ski_catalogue;openrouteservice,,2026-08-21T19:58:41Z,0.2.0,,"No snow, traffic, parking capacity, or season duration is modelled.",complete,10.4642,10.4642,100,,curated,access_variety_no_tier,true
251039,Granyanella,32,Segarra,2026-08-21,Port del Comte,81.8285,87.99,Port del Comte,81.8285,,Masella,110.643833,La Molina,116.914,0.370391,40.2358,65,municipality,curated_ski_catalogue;openrouteservice,,2026-08-21T19:58:41Z,0.2.0,,"No snow, traffic, parking capacity, or season duration is modelled.",complete,40.2358,40.2358,100,,curated,access_variety_no_tier,true
251044,Granyena de Segarra,32,Segarra,2026-08-21,Port del Comte,86.353333,87.93,Port del Comte,86.353333,,Masella,117.3115,La Molina,123.581667,0.339754,36.0804,65,municipality,curated_ski_catalogue;openrouteservice,,2026-08-21T19:58:41Z,0.2.0,,"No snow, traffic, parking capacity, or season duration is modelled.",complete,36.0804,36.0804,100,,curated,access_variety_no_tier,true
251057,Granyena de les Garrigues,18,Garrigues,2026-08-21,Port del Comte,124.304833,149.75,Port del Comte,124.304833,,Masella,155.536,La Molina,161.806333,0.180246,14.4462,65,municipality,curated_ski_catalogue;openrouteservice,,2026-08-21T19:58:41Z,0.2.0,,"No snow, traffic, parking capacity, or season duration is modelled.",complete,14.4462,14.4462,100,,curated,access_variety_no_tier,true
251095,Guimerà,38,Urgell,2026-08-21,Port del Comte,99.468,100.74,Port del Comte,99.468,,Masella,131.5755,La Molina,137.845667,0.271482,26.8206,65,municipality,curated_ski_catalogue;openrouteservice,,2026-08-21T19:58:41Z,0.2.0,,"No snow, traffic, parking capacity, or season duration is modelled.",complete,26.8206,26.8206,100,,curated,access_variety_no_tier,true
251109,Guissona,32,Segarra,2026-08-21,Port del Comte,60.795667,64.96,Port del Comte,60.795667,,Masella,113.951833,La Molina,120.222167,0.471586,53.961,65,municipality,curated_ski_catalogue;openrouteservice,,2026-08-21T19:58:41Z,0.2.0,,"No snow, traffic, parking capacity, or season duration is modelled.",complete,53.961,53.961,100,,curated,access_variety_no_tier,true
251116,Guixers,35,Solsonès,2026-08-21,Port del Comte,29.781333,24.22,Port del Comte,29.781333,,Masella,76.470167,La Molina,82.740333,0.811487,100,65,municipality,curated_ski_catalogue;openrouteservice,,2026-08-21T19:58:41Z,0.2.0,,"No snow, traffic, parking capacity, or season duration is modelled.",complete,100,100,100,,curated,access_variety_no_tier,true
251121,Ivars de Noguera,23,Noguera,2026-08-21,Port del Comte,126.150167,128.27,Port del Comte,126.150167,,Boí Taüll,129.9435,Baqueira Beret,144.685667,0.201906,17.3839,65,municipality,curated_ski_catalogue;openrouteservice,,2026-08-21T19:58:41Z,0.2.0,,"No snow, traffic, parking capacity, or season duration is modelled.",complete,17.3839,17.3839,100,,curated,access_variety_no_tier,true
251137,Ivars d'Urgell,27,Pla d'Urgell,2026-08-21,Port del Comte,95.3745,103.44,Port del Comte,95.3745,,Masella,126.605667,La Molina,132.876,0.291925,29.5933,65,municipality,curated_ski_catalogue;openrouteservice,,2026-08-21T19:58:41Z,0.2.0,,"No snow, traffic, parking capacity, or season duration is modelled.",complete,29.5933,29.5933,100,,curated,access_variety_no_tier,true
251142,Ivorra,32,Segarra,2026-08-21,Port del Comte,64.392,66.31,Port del Comte,64.392,,Masella,106.097667,La Molina,112.368,0.465648,53.1556,65,municipality,curated_ski_catalogue;openrouteservice,,2026-08-21T19:58:41Z,0.2.0,,"No snow, traffic, parking capacity, or season duration is modelled.",complete,53.1556,53.1556,100,,curated,access_variety_no_tier,true
251155,Isona i Conca Dellà,25,Pallars Jussà,2026-08-21,Port del Comte,96.7895,107.66,Port del Comte,96.7895,,Espot,109.094667,Port Ainé,109.540833,0.32069,33.4947,65,municipality,curated_ski_catalogue;openrouteservice,,2026-08-21T19:58:41Z,0.2.0,,"No snow, traffic, parking capacity, or season duration is modelled.",complete,33.4947,33.4947,100,,curated,access_variety_no_tier,true
251180,Juncosa,18,Garrigues,2026-08-21,Port del Comte,139.240833,164.02,Port del Comte,139.240833,,Masella,170.472,La Molina,176.742167,0.140526,9.0589,65,municipality,curated_ski_catalogue;openrouteservice,,2026-08-21T19:58:41Z,0.2.0,,"No snow, traffic, parking capacity, or season duration is modelled.",complete,9.0589,9.0589,100,,curated,access_variety_no_tier,true
251193,Juneda,18,Garrigues,2026-08-21,Port del Comte,109.059667,119.67,Port del Comte,109.059667,,Masella,140.290667,La Molina,146.561,0.232389,21.5184,65,municipality,curated_ski_catalogue;openrouteservice,,2026-08-21T19:58:41Z,0.2.0,,"No snow, traffic, parking capacity, or season duration is modelled.",complete,21.5184,21.5184,100,,curated,access_variety_no_tier,true
251207,Lleida,33,Segrià,2026-08-21,Port del Comte,112.3165,130.56,Port del Comte,112.3165,,Masella,143.547667,La Molina,149.817833,0.220111,19.8531,65,municipality,curated_ski_catalogue;openrouteservice,,2026-08-21T19:58:41Z,0.2.0,,"No snow, traffic, parking capacity, or season duration is modelled.",complete,19.8531,19.8531,100,,curated,access_variety_no_tier,true
251214,Les,39,Val d'Aran,2026-08-21,Baqueira Beret,46.953167,33.56,Baqueira Beret,46.953167,169,Espot,97.642667,Boí Taüll,104.7045,0.599117,71.2582,65,municipality,curated_ski_catalogue;openrouteservice,,2026-08-21T19:58:41Z,0.2.0,,"No snow, traffic, parking capacity, or season duration is modelled.",complete,71.2582,71.2582,100,,curated,access_variety_no_tier,true
251229,Linyola,27,Pla d'Urgell,2026-08-21,Port del Comte,98.322667,113.9,Port del Comte,98.322667,,Masella,129.553833,La Molina,135.824,0.277928,27.6949,65,municipality,curated_ski_catalogue;openrouteservice,,2026-08-21T19:58:41Z,0.2.0,,"No snow, traffic, parking capacity, or season duration is modelled.",complete,27.6949,27.6949,100,,curated,access_variety_no_tier,true
251235,Lladorre,26,Pallars Sobirà,2026-08-21,Tavascan,26.766833,13.62,Tavascan,26.766833,,Espot,43.290667,Port Ainé,59.367,0.976065,100,65,municipality,curated_ski_catalogue;openrouteservice,,2026-08-21T19:58:41Z,0.2.0,,"No snow, traffic, parking capacity, or season duration is modelled.",complete,100,100,100,,curated,access_variety_no_tier,true
251240,Lladurs,35,Solsonès,2026-08-21,Port del Comte,21.809,23.46,Port del Comte,21.809,,Masella,94.066333,La Molina,100.336667,0.84646,100,65,municipality,curated_ski_catalogue;openrouteservice,,2026-08-21T19:58:41Z,0.2.0,,"No snow, traffic, parking capacity, or season duration is modelled.",complete,100,100,100,,curated,access_variety_no_tier,true
251253,Llardecans,33,Segrià,2026-08-21,Port del Comte,137.358333,159.3,Port del Comte,137.358333,,Masella,168.5895,La Molina,174.859667,0.145005,9.6664,65,municipality,curated_ski_catalogue;openrouteservice,,2026-08-21T19:58:41Z,0.2.0,,"No snow, traffic, parking capacity, or season duration is modelled.",complete,9.6664,9.6664,100,,curated,access_variety_no_tier,true
251266,Llavorsí,26,Pallars Sobirà,2026-08-21,Espot,24.590667,22.31,Espot,24.590667,25,Port Ainé,41.064,Tavascan,45.108333,1.033828,100,65,municipality,curated_ski_catalogue;openrouteservice,,2026-08-21T19:58:41Z,0.2.0,,"No snow, traffic, parking capacity, or season duration is modelled.",complete,100,100,100,,curated,access_variety_no_tier,true
251272,Lles de Cerdanya,15,Cerdanya,2026-08-21,Masella,46.560167,34.39,Masella,46.560167,74,La Molina,52.830333,Port Ainé,111.430333,0.706557,85.8304,65,municipality,curated_ski_catalogue;openrouteservice,,2026-08-21T19:58:41Z,0.2.0,,"No snow, traffic, parking capacity, or season duration is modelled.",complete,85.8304,85.8304,100,,curated,access_variety_no_tier,true
251288,Llimiana,25,Pallars Jussà,2026-08-21,Espot,114.1605,97.95,Espot,114.1605,25,Port Ainé,114.606667,Port del Comte,131.867333,0.250963,24.0376,65,municipality,curated_ski_catalogue;openrouteservice,,2026-08-21T19:58:41Z,0.2.0,,"No snow, traffic, parking capacity, or season duration is modelled.",complete,24.0376,24.0376,100,,curated,access_variety_no_tier,true
251291,Llobera,35,Solsonès,2026-08-21,Port del Comte,40.807,39.53,Port del Comte,40.807,,Masella,93.963167,La Molina,100.2335,0.658027,79.2483,65,municipality,curated_ski_catalogue;openrouteservice,,2026-08-21T19:58:41Z,0.2.0,,"No snow, traffic, parking capacity, or season duration is modelled.",complete,79.2483,79.2483,100,,curated,access_variety_no_tier,true
251305,Maldà,38,Urgell,2026-08-21,Port del Comte,97.629333,102.25,Port del Comte,97.629333,,Masella,129.736833,La Molina,136.007,0.27993,27.9665,65,municipality,curated_ski_catalogue;openrouteservice,,2026-08-21T19:58:41Z,0.2.0,,"No snow, traffic, parking capacity, or season duration is modelled.",complete,27.9665,27.9665,100,,curated,access_variety_no_tier,true
251312,Massalcoreig,33,Segrià,2026-08-21,Port del Comte,129.4695,168.46,Port del Comte,129.4695,,Masella,160.700667,La Molina,166.970833,0.16538,12.4299,65,municipality,curated_ski_catalogue;openrouteservice,,2026-08-21T19:58:41Z,0.2.0,,"No snow, traffic, parking capacity, or season duration is modelled.",complete,12.4299,12.4299,100,,curated,access_variety_no_tier,true
251327,Massoteres,32,Segarra,2026-08-21,Port del Comte,57.522667,62.15,Port del Comte,57.522667,,Masella,110.678833,La Molina,116.949167,0.498026,57.5471,65,municipality,curated_ski_catalogue;openrouteservice,,2026-08-21T19:58:41Z,0.2.0,,"No snow, traffic, parking capacity, or season duration is modelled.",complete,57.5471,57.5471,100,,curated,access_variety_no_tier,true
251333,Maials,33,Segrià,2026-08-21,Port del Comte,142.161833,182.12,Port del Comte,142.161833,,Masella,173.392833,La Molina,179.663167,0.133848,8.1532,65,municipality,curated_ski_catalogue;openrouteservice,,2026-08-21T19:58:41Z,0.2.0,,"No snow, traffic, parking capacity, or season duration is modelled.",complete,8.1532,8.1532,100,,curated,access_variety_no_tier,true
251348,Menàrguens,23,Noguera,2026-08-21,Port del Comte,110.919833,114.34,Port del Comte,110.919833,,Masella,144.206167,La Molina,150.4765,0.22301,20.2463,65,municipality,curated_ski_catalogue;openrouteservice,,2026-08-21T19:58:41Z,0.2.0,,"No snow, traffic, parking capacity, or season duration is modelled.",complete,20.2463,20.2463,100,,curated,access_variety_no_tier,true
251351,Miralcamp,27,Pla d'Urgell,2026-08-21,Port del Comte,98.825167,111.29,Port del Comte,98.825167,,Masella,130.056333,La Molina,136.3265,0.27561,27.3805,65,municipality,curated_ski_catalogue;openrouteservice,,2026-08-21T19:58:41Z,0.2.0,,"No snow, traffic, parking capacity, or season duration is modelled.",complete,27.3805,27.3805,100,,curated,access_variety_no_tier,true
251364,la Molsosa,35,Solsonès,2026-08-21,Port del Comte,74.398833,76.19,Port del Comte,74.398833,,Masella,104.976167,La Molina,111.246333,0.41546,46.3485,65,municipality,curated_ski_catalogue;openrouteservice,,2026-08-21T19:58:41Z,0.2.0,,"No snow, traffic, parking capacity, or season duration is modelled.",complete,46.3485,46.3485,100,,curated,access_variety_no_tier,true
251370,Mollerussa,27,Pla d'Urgell,2026-08-21,Port del Comte,93.698333,107.56,Port del Comte,93.698333,,Masella,124.9295,La Molina,131.199667,0.300195,30.715,65,municipality,curated_ski_catalogue;openrouteservice,,2026-08-21T19:58:41Z,0.2.0,,"No snow, traffic, parking capacity, or season duration is modelled.",complete,30.715,30.715,100,,curated,access_variety_no_tier,true
251386,Montgai,23,Noguera,2026-08-21,Port del Comte,95.890333,94.6,Port del Comte,95.890333,,Masella,141.054167,La Molina,147.324333,0.271365,26.8047,65,municipality,curated_ski_catalogue;openrouteservice,,2026-08-21T19:58:41Z,0.2.0,,"No snow, traffic, parking capacity, or season duration is modelled.",complete,26.8047,26.8047,100,,curated,access_variety_no_tier,true
251399,Montellà i Martinet,15,Cerdanya,2026-08-21,Masella,27.715667,24.48,Masella,27.715667,74,La Molina,33.986,Port Ainé,96.195333,0.964151,100,65,municipality,curated_ski_catalogue;openrouteservice,,2026-08-21T19:58:41Z,0.2.0,,"No snow, traffic, parking capacity, or season duration is modelled.",complete,100,100,100,,curated,access_variety_no_tier,true
251403,Montferrer i Castellbò,04,Alt Urgell,2026-08-21,Port Ainé,62.946833,33.58,Port Ainé,62.946833,26.7,Masella,64.082167,La Molina,70.352333,0.599484,71.308,65,municipality,curated_ski_catalogue;openrouteservice,,2026-08-21T19:58:41Z,0.2.0,,"No snow, traffic, parking capacity, or season duration is modelled.",complete,71.308,71.308,100,,curated,access_variety_no_tier,true
251410,Montoliu de Segarra,32,Segarra,2026-08-21,Port del Comte,94.868,91.92,Port del Comte,94.868,,Masella,125.826,La Molina,132.096333,0.294804,29.9838,65,municipality,curated_ski_catalogue;openrouteservice,,2026-08-21T19:58:41Z,0.2.0,,"No snow, traffic, parking capacity, or season duration is modelled.",complete,29.9838,29.9838,100,,curated,access_variety_no_tier,true
251425,Montoliu de Lleida,33,Segrià,2026-08-21,Port del Comte,114.475,135.39,Port del Comte,114.475,,Masella,145.706167,La Molina,151.976333,0.212333,18.7982,65,municipality,curated_ski_catalogue;openrouteservice,,2026-08-21T19:58:41Z,0.2.0,,"No snow, traffic, parking capacity, or season duration is modelled.",complete,18.7982,18.7982,100,,curated,access_variety_no_tier,true
251431,Montornès de Segarra,32,Segarra,2026-08-21,Port del Comte,98.192333,92.38,Port del Comte,98.192333,,Masella,129.1505,La Molina,135.420667,0.278914,27.8287,65,municipality,curated_ski_catalogue;openrouteservice,,2026-08-21T19:58:41Z,0.2.0,,"No snow, traffic, parking capacity, or season duration is modelled.",complete,27.8287,27.8287,100,,curated,access_variety_no_tier,true
251459,Nalec,38,Urgell,2026-08-21,Port del Comte,97.950333,97.91,Port del Comte,97.950333,,Masella,130.057667,La Molina,136.328,0.278437,27.7639,65,municipality,curated_ski_catalogue;openrouteservice,,2026-08-21T19:58:41Z,0.2.0,,"No snow, traffic, parking capacity, or season duration is modelled.",complete,27.7639,27.7639,100,,curated,access_variety_no_tier,true
251462,Navès,35,Solsonès,2026-08-21,Port del Comte,40.074667,43.15,Port del Comte,40.074667,,Masella,76.8795,La Molina,83.149833,0.714142,86.8592,65,municipality,curated_ski_catalogue;openrouteservice,,2026-08-21T19:58:41Z,0.2.0,,"No snow, traffic, parking capacity, or season duration is modelled.",complete,86.8592,86.8592,100,,curated,access_variety_no_tier,true
251484,Odèn,35,Solsonès,2026-08-21,Port del Comte,40.552167,30.69,Port del Comte,40.552167,,Port Ainé,107.233167,Masella,115.468667,0.628914,75.2996,65,municipality,curated_ski_catalogue;openrouteservice,,2026-08-21T19:58:41Z,0.2.0,,"No snow, traffic, parking capacity, or season duration is modelled.",complete,75.2996,75.2996,100,,curated,access_variety_no_tier,true
251497,Oliana,04,Alt Urgell,2026-08-21,Port del Comte,52.322,53.89,Port del Comte,52.322,,Port Ainé,95.710667,Masella,103.946,0.56375,66.4613,65,municipality,curated_ski_catalogue;openrouteservice,,2026-08-21T19:58:41Z,0.2.0,,"No snow, traffic, parking capacity, or season duration is modelled.",complete,66.4613,66.4613,100,,curated,access_variety_no_tier,true
251500,Oliola,23,Noguera,2026-08-21,Port del Comte,71.291833,72.09,Port del Comte,71.291833,,Port Ainé,124.794833,Masella,130.4795,0.395652,43.662,65,municipality,curated_ski_catalogue;openrouteservice,,2026-08-21T19:58:41Z,0.2.0,,"No snow, traffic, parking capacity, or season duration is modelled.",complete,43.662,43.662,100,,curated,access_variety_no_tier,true
251517,Olius,35,Solsonès,2026-08-21,Port del Comte,37.2295,34.79,Port del Comte,37.2295,,Masella,90.634667,La Molina,96.904833,0.69779,84.6413,65,municipality,curated_ski_catalogue;openrouteservice,,2026-08-21T19:58:41Z,0.2.0,,"No snow, traffic, parking capacity, or season duration is modelled.",complete,84.6413,84.6413,100,,curated,access_variety_no_tier,true
251522,les Oluges,32,Segarra,2026-08-21,Port del Comte,77.496833,81.78,Port del Comte,77.496833,,Masella,104.209833,La Molina,110.48,0.402517,44.5931,65,municipality,curated_ski_catalogue;openrouteservice,,2026-08-21T19:58:41Z,0.2.0,,"No snow, traffic, parking capacity, or season duration is modelled.",complete,44.5931,44.5931,100,,curated,access_variety_no_tier,true
251538,els Omellons,18,Garrigues,2026-08-21,Port del Comte,111.693833,120.32,Port del Comte,111.693833,,Masella,142.925,La Molina,149.195167,0.222407,20.1645,65,municipality,curated_ski_catalogue;openrouteservice,,2026-08-21T19:58:41Z,0.2.0,,"No snow, traffic, parking capacity, or season duration is modelled.",complete,20.1645,20.1645,100,,curated,access_variety_no_tier,true
251543,els Omells de na Gaia,38,Urgell,2026-08-21,Port del Comte,109.839167,110.54,Port del Comte,109.839167,,Masella,141.946667,La Molina,148.217,0.228387,20.9756,65,municipality,curated_ski_catalogue;openrouteservice,,2026-08-21T19:58:41Z,0.2.0,,"No snow, traffic, parking capacity, or season duration is modelled.",complete,20.9756,20.9756,100,,curated,access_variety_no_tier,true
251556,Organyà,04,Alt Urgell,2026-08-21,Port del Comte,66.872167,51.81,Port del Comte,66.872167,,Port Ainé,75.769333,Masella,84.004667,0.531139,62.0383,65,municipality,curated_ski_catalogue;openrouteservice,,2026-08-21T19:58:41Z,0.2.0,,"No snow, traffic, parking capacity, or season duration is modelled.",complete,62.0383,62.0383,100,,curated,access_variety_no_tier,true
251569,Os de Balaguer,23,Noguera,2026-08-21,Port del Comte,118.154,119.59,Port del Comte,118.154,,Espot,143.953333,Port Ainé,144.3995,0.207487,18.1409,65,municipality,curated_ski_catalogue;openrouteservice,,2026-08-21T19:58:41Z,0.2.0,,"No snow, traffic, parking capacity, or season duration is modelled.",complete,18.1409,18.1409,100,,curated,access_variety_no_tier,true
251575,Ossó de Sió,38,Urgell,2026-08-21,Port del Comte,74.4865,79.85,Port del Comte,74.4865,,Masella,116.139167,La Molina,122.409333,0.393634,43.3883,65,municipality,curated_ski_catalogue;openrouteservice,,2026-08-21T19:58:41Z,0.2.0,,"No snow, traffic, parking capacity, or season duration is modelled.",complete,43.3883,43.3883,100,,curated,access_variety_no_tier,true
251581,el Palau d'Anglesola,27,Pla d'Urgell,2026-08-21,Port del Comte,94.662333,108.19,Port del Comte,94.662333,,Masella,125.893333,La Molina,132.163667,0.295411,30.0661,65,municipality,curated_ski_catalogue;openrouteservice,,2026-08-21T19:58:41Z,0.2.0,,"No snow, traffic, parking capacity, or season duration is modelled.",complete,30.0661,30.0661,100,,curated,access_variety_no_tier,true
251615,Conca de Dalt,25,Pallars Jussà,2026-08-21,Espot,74.711333,64.39,Espot,74.711333,25,Port Ainé,75.157667,Tavascan,94.832,0.482229,55.4045,65,municipality,curated_ski_catalogue;openrouteservice,,2026-08-21T19:58:41Z,0.2.0,,"No snow, traffic, parking capacity, or season duration is modelled.",complete,55.4045,55.4045,100,,curated,access_variety_no_tier,true
251636,la Coma i la Pedra,35,Solsonès,2026-08-21,Port del Comte,17.5885,13.55,Port del Comte,17.5885,,Masella,94.954167,La Molina,101.2245,0.894905,100,65,municipality,curated_ski_catalogue;openrouteservice,,2026-08-21T19:58:41Z,0.2.0,,"No snow, traffic, parking capacity, or season duration is modelled.",complete,100,100,100,,curated,access_variety_no_tier,true
251641,Penelles,23,Noguera,2026-08-21,Port del Comte,100.171167,100.06,Port del Comte,100.171167,,Masella,133.465667,La Molina,139.735833,0.266752,26.1791,65,municipality,curated_ski_catalogue;openrouteservice,,2026-08-21T19:58:41Z,0.2.0,,"No snow, traffic, parking capacity, or season duration is modelled.",complete,26.1791,26.1791,100,,curated,access_variety_no_tier,true
251654,Peramola,04,Alt Urgell,2026-08-21,Port del Comte,58.431667,54.83,Port del Comte,58.431667,,Port Ainé,97.102833,Masella,105.338167,0.519931,60.5181,65,municipality,curated_ski_catalogue;openrouteservice,,2026-08-21T19:58:41Z,0.2.0,,"No snow, traffic, parking capacity, or season duration is modelled.",complete,60.5181,60.5181,100,,curated,access_variety_no_tier,true
251667,Pinell de Solsonès,35,Solsonès,2026-08-21,Port del Comte,43.5565,43.01,Port del Comte,43.5565,,Masella,102.157333,La Molina,108.427667,0.616002,73.5484,65,municipality,curated_ski_catalogue;openrouteservice,,2026-08-21T19:58:41Z,0.2.0,,"No snow, traffic, parking capacity, or season duration is modelled.",complete,73.5484,73.5484,100,,curated,access_variety_no_tier,true
251673,Pinós,35,Solsonès,2026-08-21,Port del Comte,62.2825,54.33,Port del Comte,62.2825,,Masella,112.802833,La Molina,119.073167,0.4648,53.0405,65,municipality,curated_ski_catalogue;openrouteservice,,2026-08-21T19:58:41Z,0.2.0,,"No snow, traffic, parking capacity, or season duration is modelled.",complete,53.0405,53.0405,100,,curated,access_variety_no_tier,true
251689,el Poal,27,Pla d'Urgell,2026-08-21,Port del Comte,102.0575,113.18,Port del Comte,102.0575,,Masella,133.288667,La Molina,139.558833,0.261155,25.4199,65,municipality,curated_ski_catalogue;openrouteservice,,2026-08-21T19:58:41Z,0.2.0,,"No snow, traffic, parking capacity, or season duration is modelled.",complete,25.4199,25.4199,100,,curated,access_variety_no_tier,true
251692,la Pobla de Cérvoles,18,Garrigues,2026-08-21,Port del Comte,132.933167,137.95,Port del Comte,132.933167,,Masella,164.164333,La Molina,170.4345,0.156103,11.1717,65,municipality,curated_ski_catalogue;openrouteservice,,2026-08-21T19:58:41Z,0.2.0,,"No snow, traffic, parking capacity, or season duration is modelled.",complete,11.1717,11.1717,100,,curated,access_variety_no_tier,true
251706,Bellaguarda,18,Garrigues,2026-08-21,Port del Comte,149.268833,169.88,Port del Comte,149.268833,,Masella,180.5,La Molina,186.770167,0.118897,6.1253,65,municipality,curated_ski_catalogue;openrouteservice,,2026-08-21T19:58:41Z,0.2.0,,"No snow, traffic, parking capacity, or season duration is modelled.",complete,6.1253,6.1253,100,,curated,access_variety_no_tier,true
251713,la Pobla de Segur,25,Pallars Jussà,2026-08-21,Espot,72.298333,63.56,Espot,72.298333,25,Port Ainé,72.7445,Tavascan,92.418833,0.502019,58.0886,65,municipality,curated_ski_catalogue;openrouteservice,,2026-08-21T19:58:41Z,0.2.0,,"No snow, traffic, parking capacity, or season duration is modelled.",complete,58.0886,58.0886,100,,curated,access_variety_no_tier,true
251728,Ponts,23,Noguera,2026-08-21,Port del Comte,62.496333,65.66,Port del Comte,62.496333,,Port Ainé,115.999333,Masella,122.1725,0.457852,52.0982,65,municipality,curated_ski_catalogue;openrouteservice,,2026-08-21T19:58:41Z,0.2.0,,"No snow, traffic, parking capacity, or season duration is modelled.",complete,52.0982,52.0982,100,,curated,access_variety_no_tier,true
251734,el Pont de Suert,05,Alta Ribagorça,2026-08-21,Boí Taüll,47.656167,32.18,Boí Taüll,47.656167,45.282,Baqueira Beret,62.398333,Espot,113.087833,0.666608,80.4121,65,municipality,curated_ski_catalogue;openrouteservice,,2026-08-21T19:58:41Z,0.2.0,,"No snow, traffic, parking capacity, or season duration is modelled.",complete,80.4121,80.4121,100,,curated,access_variety_no_tier,true
251749,la Portella,33,Segrià,2026-08-21,Port del Comte,117.6775,139.27,Port del Comte,117.6775,,Boí Taüll,148.2585,Masella,148.908667,0.203826,17.6443,65,municipality,curated_ski_catalogue;openrouteservice,,2026-08-21T19:58:41Z,0.2.0,,"No snow, traffic, parking capacity, or season duration is modelled.",complete,17.6443,17.6443,100,,curated,access_variety_no_tier,true
251752,Prats i Sansor,15,Cerdanya,2026-08-21,Masella,16.594333,9.75,Masella,16.594333,74,La Molina,22.826667,Vall de Núria,91.0525,1.15497,100,65,municipality,curated_ski_catalogue;openrouteservice,,2026-08-21T19:58:41Z,0.2.0,,"No snow, traffic, parking capacity, or season duration is modelled.",complete,100,100,100,,curated,access_variety_no_tier,true
251765,Preixana,38,Urgell,2026-08-21,Port del Comte,90.3495,98.79,Port del Comte,90.3495,,Masella,121.5805,La Molina,127.850833,0.317427,33.0522,65,municipality,curated_ski_catalogue;openrouteservice,,2026-08-21T19:58:41Z,0.2.0,,"No snow, traffic, parking capacity, or season duration is modelled.",complete,33.0522,33.0522,100,,curated,access_variety_no_tier,true
251771,Preixens,23,Noguera,2026-08-21,Port del Comte,87.065667,90.34,Port del Comte,87.065667,,Masella,128.9595,La Molina,135.229833,0.318844,33.2444,65,municipality,curated_ski_catalogue;openrouteservice,,2026-08-21T19:58:41Z,0.2.0,,"No snow, traffic, parking capacity, or season duration is modelled.",complete,33.2444,33.2444,100,,curated,access_variety_no_tier,true
251790,Prullans,15,Cerdanya,2026-08-21,Masella,26.725,21.47,Masella,26.725,74,La Molina,32.995333,Vall de Núria,102.443667,0.974389,100,65,municipality,curated_ski_catalogue;openrouteservice,,2026-08-21T19:58:41Z,0.2.0,,"No snow, traffic, parking capacity, or season duration is modelled.",complete,100,100,100,,curated,access_variety_no_tier,true
251804,Puiggròs,18,Garrigues,2026-08-21,Port del Comte,105.9515,116.03,Port del Comte,105.9515,,Masella,137.182667,La Molina,143.453,0.244744,23.1941,65,municipality,curated_ski_catalogue;openrouteservice,,2026-08-21T19:58:41Z,0.2.0,,"No snow, traffic, parking capacity, or season duration is modelled.",complete,23.1941,23.1941,100,,curated,access_variety_no_tier,true
251811,Puigverd d'Agramunt,38,Urgell,2026-08-21,Port del Comte,79.189,83.6,Port del Comte,79.189,,Masella,120.841667,La Molina,127.111833,0.363961,39.3637,65,municipality,curated_ski_catalogue;openrouteservice,,2026-08-21T19:58:41Z,0.2.0,,"No snow, traffic, parking capacity, or season duration is modelled.",complete,39.3637,39.3637,100,,curated,access_variety_no_tier,true
251826,Puigverd de Lleida,33,Segrià,2026-08-21,Port del Comte,114.430667,126.13,Port del Comte,114.430667,,Masella,145.661833,La Molina,151.932167,0.21249,18.8194,65,municipality,curated_ski_catalogue;openrouteservice,,2026-08-21T19:58:41Z,0.2.0,,"No snow, traffic, parking capacity, or season duration is modelled.",complete,18.8194,18.8194,100,,curated,access_variety_no_tier,true
251832,Rialp,26,Pallars Sobirà,2026-08-21,Espot,35.801833,32.6,Espot,35.801833,25,Port Ainé,36.248,Tavascan,55.9225,0.922338,100,65,municipality,curated_ski_catalogue;openrouteservice,,2026-08-21T19:58:41Z,0.2.0,,"No snow, traffic, parking capacity, or season duration is modelled.",complete,100,100,100,,curated,access_variety_no_tier,true
251850,Ribera d'Urgellet,04,Alt Urgell,2026-08-21,Port Ainé,61.903833,32.71,Port Ainé,61.903833,26.7,Masella,70.139167,La Molina,76.4095,0.581694,68.895,65,municipality,curated_ski_catalogue;openrouteservice,,2026-08-21T19:58:41Z,0.2.0,,"No snow, traffic, parking capacity, or season duration is modelled.",complete,68.895,68.895,100,,curated,access_variety_no_tier,true
251863,Riner,35,Solsonès,2026-08-21,Port del Comte,45.658333,43.77,Port del Comte,45.658333,,Masella,98.814667,La Molina,105.084833,0.606916,72.316,65,municipality,curated_ski_catalogue;openrouteservice,,2026-08-21T19:58:41Z,0.2.0,,"No snow, traffic, parking capacity, or season duration is modelled.",complete,72.316,72.316,100,,curated,access_variety_no_tier,true
251898,Rosselló,33,Segrià,2026-08-21,Port del Comte,111.1845,135.81,Port del Comte,111.1845,,Masella,142.415667,La Molina,148.686,0.224303,20.4216,65,municipality,curated_ski_catalogue;openrouteservice,,2026-08-21T19:58:41Z,0.2.0,,"No snow, traffic, parking capacity, or season duration is modelled.",complete,20.4216,20.4216,100,,curated,access_variety_no_tier,true
251902,Salàs de Pallars,25,Pallars Jussà,2026-08-21,Espot,81.562,70.18,Espot,81.562,25,Port Ainé,82.008333,Tavascan,101.682667,0.430196,48.3473,65,municipality,curated_ski_catalogue;openrouteservice,,2026-08-21T19:58:41Z,0.2.0,,"No snow, traffic, parking capacity, or season duration is modelled.",complete,48.3473,48.3473,100,,curated,access_variety_no_tier,true
251919,Sanaüja,32,Segarra,2026-08-21,Port del Comte,58.898333,61.37,Port del Comte,58.898333,,Masella,112.054667,La Molina,118.324833,0.486737,56.0159,65,municipality,curated_ski_catalogue;openrouteservice,,2026-08-21T19:58:41Z,0.2.0,,"No snow, traffic, parking capacity, or season duration is modelled.",complete,56.0159,56.0159,100,,curated,access_variety_no_tier,true
251924,Sant Guim de Freixenet,32,Segarra,2026-08-21,Port del Comte,82.684333,88.95,Port del Comte,82.684333,,Masella,102.736167,La Molina,109.0065,0.382929,41.9364,65,municipality,curated_ski_catalogue;openrouteservice,,2026-08-21T19:58:41Z,0.2.0,,"No snow, traffic, parking capacity, or season duration is modelled.",complete,41.9364,41.9364,100,,curated,access_variety_no_tier,true
251930,Sant Llorenç de Morunys,35,Solsonès,2026-08-21,Port del Comte,18.058667,16.23,Port del Comte,18.058667,,Masella,87.0095,La Molina,93.279833,0.910176,100,65,municipality,curated_ski_catalogue;openrouteservice,,2026-08-21T19:58:41Z,0.2.0,,"No snow, traffic, parking capacity, or season duration is modelled.",complete,100,100,100,,curated,access_variety_no_tier,true
251945,Sant Ramon,32,Segarra,2026-08-21,Port del Comte,74.582667,73.79,Port del Comte,74.582667,,Masella,99.825833,La Molina,106.096167,0.425874,47.761,65,municipality,curated_ski_catalogue;openrouteservice,,2026-08-21T19:58:41Z,0.2.0,,"No snow, traffic, parking capacity, or season duration is modelled.",complete,47.761,47.761,100,,curated,access_variety_no_tier,true
251961,Sant Esteve de la Sarga,25,Pallars Jussà,2026-08-21,Boí Taüll,110.862833,81.88,Boí Taüll,110.862833,45.282,Espot,123.239667,Port Ainé,123.685833,0.253526,24.3852,65,municipality,curated_ski_catalogue;openrouteservice,,2026-08-21T19:58:41Z,0.2.0,,"No snow, traffic, parking capacity, or season duration is modelled.",complete,24.3852,24.3852,100,,curated,access_variety_no_tier,true
251977,Sant Guim de la Plana,32,Segarra,2026-08-21,Port del Comte,65.988167,67.02,Port del Comte,65.988167,,Masella,110.816667,La Molina,117.087,0.447313,50.6688,65,municipality,curated_ski_catalogue;openrouteservice,,2026-08-21T19:58:41Z,0.2.0,,"No snow, traffic, parking capacity, or season duration is modelled.",complete,50.6688,50.6688,100,,curated,access_variety_no_tier,true
252000,Sarroca de Lleida,33,Segrià,2026-08-21,Port del Comte,123.165,148.17,Port del Comte,123.165,,Masella,154.396,La Molina,160.666333,0.183703,14.9151,65,municipality,curated_ski_catalogue;openrouteservice,,2026-08-21T19:58:41Z,0.2.0,,"No snow, traffic, parking capacity, or season duration is modelled.",complete,14.9151,14.9151,100,,curated,access_variety_no_tier,true
252017,Sarroca de Bellera,25,Pallars Jussà,2026-08-21,Boí Taüll,79.642333,54.17,Boí Taüll,79.642333,45.282,Espot,91.497833,Port Ainé,91.944,0.427992,48.0482,65,municipality,curated_ski_catalogue;openrouteservice,,2026-08-21T19:58:41Z,0.2.0,,"No snow, traffic, parking capacity, or season duration is modelled.",complete,48.0482,48.0482,100,,curated,access_variety_no_tier,true
252022,Senterada,25,Pallars Jussà,2026-08-21,Boí Taüll,84.349667,60.57,Boí Taüll,84.349667,45.282,Espot,85.347,Port Ainé,85.793167,0.425559,47.7183,65,municipality,curated_ski_catalogue;openrouteservice,,2026-08-21T19:58:41Z,0.2.0,,"No snow, traffic, parking capacity, or season duration is modelled.",complete,47.7183,47.7183,100,,curated,access_variety_no_tier,true
252038,la Seu d'Urgell,04,Alt Urgell,2026-08-21,Masella,56.676333,47.37,Masella,56.676333,74,La Molina,62.946667,Port Ainé,69.697667,0.642201,77.1018,65,municipality,curated_ski_catalogue;openrouteservice,,2026-08-21T19:58:41Z,0.2.0,,"No snow, traffic, parking capacity, or season duration is modelled.",complete,77.1018,77.1018,100,,curated,access_variety_no_tier,true
252043,Seròs,33,Segrià,2026-08-21,Port del Comte,126.897833,167.37,Port del Comte,126.897833,,Masella,158.129,La Molina,164.399167,0.172623,13.4122,65,municipality,curated_ski_catalogue;openrouteservice,,2026-08-21T19:58:41Z,0.2.0,,"No snow, traffic, parking capacity, or season duration is modelled.",complete,13.4122,13.4122,100,,curated,access_variety_no_tier,true
252056,Sidamon,27,Pla d'Urgell,2026-08-21,Port del Comte,95.886833,113.16,Port del Comte,95.886833,,Masella,127.117833,La Molina,133.388167,0.289443,29.2567,65,municipality,curated_ski_catalogue;openrouteservice,,2026-08-21T19:58:41Z,0.2.0,,"No snow, traffic, parking capacity, or season duration is modelled.",complete,29.2567,29.2567,100,,curated,access_variety_no_tier,true
252069,el Soleràs,18,Garrigues,2026-08-21,Port del Comte,129.237833,154.11,Port del Comte,129.237833,,Masella,160.469,La Molina,166.739167,0.16602,12.5167,65,municipality,curated_ski_catalogue;openrouteservice,,2026-08-21T19:58:41Z,0.2.0,,"No snow, traffic, parking capacity, or season duration is modelled.",complete,12.5167,12.5167,100,,curated,access_variety_no_tier,true
252075,Solsona,35,Solsonès,2026-08-21,Port del Comte,29.0465,30.8,Port del Comte,29.0465,,Masella,89.880167,La Molina,96.150333,0.778382,95.5722,65,municipality,curated_ski_catalogue;openrouteservice,,2026-08-21T19:58:41Z,0.2.0,,"No snow, traffic, parking capacity, or season duration is modelled.",complete,95.5722,95.5722,100,,curated,access_variety_no_tier,true
252081,Soriguera,26,Pallars Sobirà,2026-08-21,Espot,49.9715,46.35,Espot,49.9715,25,Port Ainé,50.417667,Tavascan,70.092167,0.728328,88.7832,65,municipality,curated_ski_catalogue;openrouteservice,,2026-08-21T19:58:41Z,0.2.0,,"No snow, traffic, parking capacity, or season duration is modelled.",complete,88.7832,88.7832,100,,curated,access_variety_no_tier,true
252094,Sort,26,Pallars Sobirà,2026-08-21,Espot,40.9035,36.59,Espot,40.9035,25,Port Ainé,41.349833,Tavascan,61.024167,0.847155,100,65,municipality,curated_ski_catalogue;openrouteservice,,2026-08-21T19:58:41Z,0.2.0,,"No snow, traffic, parking capacity, or season duration is modelled.",complete,100,100,100,,curated,access_variety_no_tier,true
252108,Soses,33,Segrià,2026-08-21,Port del Comte,117.330667,151.04,Port del Comte,117.330667,,Masella,148.561833,La Molina,154.832,0.202464,17.4596,65,municipality,curated_ski_catalogue;openrouteservice,,2026-08-21T19:58:41Z,0.2.0,,"No snow, traffic, parking capacity, or season duration is modelled.",complete,17.4596,17.4596,100,,curated,access_variety_no_tier,true
252115,Sudanell,33,Segrià,2026-08-21,Port del Comte,118.177667,136.98,Port del Comte,118.177667,,Masella,149.408833,La Molina,155.679,0.199626,17.0747,65,municipality,curated_ski_catalogue;openrouteservice,,2026-08-21T19:58:41Z,0.2.0,,"No snow, traffic, parking capacity, or season duration is modelled.",complete,17.0747,17.0747,100,,curated,access_variety_no_tier,true
252120,Sunyer,33,Segrià,2026-08-21,Port del Comte,119.598333,141.24,Port del Comte,119.598333,,Masella,150.8295,La Molina,157.099667,0.194954,16.4411,65,municipality,curated_ski_catalogue;openrouteservice,,2026-08-21T19:58:41Z,0.2.0,,"No snow, traffic, parking capacity, or season duration is modelled.",complete,16.4411,16.4411,100,,curated,access_variety_no_tier,true
252154,Talarn,25,Pallars Jussà,2026-08-21,Espot,86.938,75.98,Espot,86.938,25,Port Ainé,87.384333,Tavascan,107.058667,0.393327,43.3467,65,municipality,curated_ski_catalogue;openrouteservice,,2026-08-21T19:58:41Z,0.2.0,,"No snow, traffic, parking capacity, or season duration is modelled.",complete,43.3467,43.3467,100,,curated,access_variety_no_tier,true
252167,Talavera,32,Segarra,2026-08-21,Port del Comte,87.954,92.56,Port del Comte,87.954,,Masella,118.912,La Molina,125.182333,0.33081,34.8674,65,municipality,curated_ski_catalogue;openrouteservice,,2026-08-21T19:58:41Z,0.2.0,,"No snow, traffic, parking capacity, or season duration is modelled.",complete,34.8674,34.8674,100,,curated,access_variety_no_tier,true
252173,Tàrrega,38,Urgell,2026-08-21,Port del Comte,82.486333,86.82,Port del Comte,82.486333,,Masella,114.593833,La Molina,120.864,0.360295,38.8665,65,municipality,curated_ski_catalogue;openrouteservice,,2026-08-21T19:58:41Z,0.2.0,,"No snow, traffic, parking capacity, or season duration is modelled.",complete,38.8665,38.8665,100,,curated,access_variety_no_tier,true
252189,Tarrés,18,Garrigues,2026-08-21,Port del Comte,123.122833,132.35,Port del Comte,123.122833,,Masella,153.421833,La Molina,159.692167,0.184699,15.0502,65,municipality,curated_ski_catalogue;openrouteservice,,2026-08-21T19:58:41Z,0.2.0,,"No snow, traffic, parking capacity, or season duration is modelled.",complete,15.0502,15.0502,100,,curated,access_variety_no_tier,true
252192,Tarroja de Segarra,32,Segarra,2026-08-21,Port del Comte,67.519167,72.16,Port del Comte,67.519167,,Masella,108.151,La Molina,114.421167,0.444121,50.2359,65,municipality,curated_ski_catalogue;openrouteservice,,2026-08-21T19:58:41Z,0.2.0,,"No snow, traffic, parking capacity, or season duration is modelled.",complete,50.2359,50.2359,100,,curated,access_variety_no_tier,true
252206,Térmens,23,Noguera,2026-08-21,Port del Comte,107.282833,111.76,Port del Comte,107.282833,,Masella,141.267667,La Molina,147.538,0.23614,22.0271,65,municipality,curated_ski_catalogue;openrouteservice,,2026-08-21T19:58:41Z,0.2.0,,"No snow, traffic, parking capacity, or season duration is modelled.",complete,22.0271,22.0271,100,,curated,access_variety_no_tier,true
252213,Tírvia,26,Pallars Sobirà,2026-08-21,Espot,35.188167,28.98,Espot,35.188167,25,Tavascan,46.601167,Port Ainé,51.2645,0.892635,100,65,municipality,curated_ski_catalogue;openrouteservice,,2026-08-21T19:58:41Z,0.2.0,,"No snow, traffic, parking capacity, or season duration is modelled.",complete,100,100,100,,curated,access_variety_no_tier,true
252228,Tiurana,23,Noguera,2026-08-21,Port del Comte,62.228833,60.58,Port del Comte,62.228833,,Port Ainé,115.731833,Masella,123.3425,0.459122,52.2704,65,municipality,curated_ski_catalogue;openrouteservice,,2026-08-21T19:58:41Z,0.2.0,,"No snow, traffic, parking capacity, or season duration is modelled.",complete,52.2704,52.2704,100,,curated,access_variety_no_tier,true
252234,Torà,35,Solsonès,2026-08-21,Port del Comte,56.280833,60.42,Port del Comte,56.280833,,Masella,104.365833,La Molina,110.636167,0.518763,60.3597,65,municipality,curated_ski_catalogue;openrouteservice,,2026-08-21T19:58:41Z,0.2.0,,"No snow, traffic, parking capacity, or season duration is modelled.",complete,60.3597,60.3597,100,,curated,access_variety_no_tier,true
252249,els Torms,18,Garrigues,2026-08-21,Port del Comte,133.423833,157.89,Port del Comte,133.423833,,Masella,164.655,La Molina,170.925333,0.154832,10.9993,65,municipality,curated_ski_catalogue;openrouteservice,,2026-08-21T19:58:41Z,0.2.0,,"No snow, traffic, parking capacity, or season duration is modelled.",complete,10.9993,10.9993,100,,curated,access_variety_no_tier,true
252252,Tornabous,38,Urgell,2026-08-21,Port del Comte,88.3585,95.73,Port del Comte,88.3585,,Masella,119.589667,La Molina,125.859833,0.328137,34.5048,65,municipality,curated_ski_catalogue;openrouteservice,,2026-08-21T19:58:41Z,0.2.0,,"No snow, traffic, parking capacity, or season duration is modelled.",complete,34.5048,34.5048,100,,curated,access_variety_no_tier,true
252265,Torrebesses,33,Segrià,2026-08-21,Port del Comte,127.808167,151.53,Port del Comte,127.808167,,Masella,159.039167,La Molina,165.3095,0.170023,13.0597,65,municipality,curated_ski_catalogue;openrouteservice,,2026-08-21T19:58:41Z,0.2.0,,"No snow, traffic, parking capacity, or season duration is modelled.",complete,13.0597,13.0597,100,,curated,access_variety_no_tier,true
252271,la Torre de Cabdella,25,Pallars Jussà,2026-08-21,Boí Taüll,102.043,74,Boí Taüll,102.043,45.282,Espot,102.828,Port Ainé,103.274167,0.317354,33.0423,65,municipality,curated_ski_catalogue;openrouteservice,,2026-08-21T19:58:41Z,0.2.0,,"No snow, traffic, parking capacity, or season duration is modelled.",complete,33.0423,33.0423,100,,curated,access_variety_no_tier,true
252287,Torrefarrera,33,Segrià,2026-08-21,Port del Comte,108.041667,133.37,Port del Comte,108.041667,,Masella,139.272833,La Molina,145.543,0.236365,22.0577,65,municipality,curated_ski_catalogue;openrouteservice,,2026-08-21T19:58:41Z,0.2.0,,"No snow, traffic, parking capacity, or season duration is modelled.",complete,22.0577,22.0577,100,,curated,access_variety_no_tier,true
252304,Torregrossa,27,Pla d'Urgell,2026-08-21,Port del Comte,102.02,115.65,Port del Comte,102.02,,Masella,133.251167,La Molina,139.521333,0.261318,25.4421,65,municipality,curated_ski_catalogue;openrouteservice,,2026-08-21T19:58:41Z,0.2.0,,"No snow, traffic, parking capacity, or season duration is modelled.",complete,25.4421,25.4421,100,,curated,access_variety_no_tier,true
252311,Torrelameu,23,Noguera,2026-08-21,Port del Comte,110.969167,135.53,Port del Comte,110.969167,,Masella,142.200167,La Molina,148.4705,0.225109,20.531,65,municipality,curated_ski_catalogue;openrouteservice,,2026-08-21T19:58:41Z,0.2.0,,"No snow, traffic, parking capacity, or season duration is modelled.",complete,20.531,20.531,100,,curated,access_variety_no_tier,true
252326,Torres de Segre,33,Segrià,2026-08-21,Port del Comte,117.9875,152.73,Port del Comte,117.9875,,Masella,149.218667,La Molina,155.488833,0.200259,17.1606,65,municipality,curated_ski_catalogue;openrouteservice,,2026-08-21T19:58:41Z,0.2.0,,"No snow, traffic, parking capacity, or season duration is modelled.",complete,17.1606,17.1606,100,,curated,access_variety_no_tier,true
252332,Torre-serona,33,Segrià,2026-08-21,Port del Comte,105.5265,131.09,Port del Comte,105.5265,,Masella,136.757667,La Molina,143.027833,0.246484,23.4301,65,municipality,curated_ski_catalogue;openrouteservice,,2026-08-21T19:58:41Z,0.2.0,,"No snow, traffic, parking capacity, or season duration is modelled.",complete,23.4301,23.4301,100,,curated,access_variety_no_tier,true
252347,Tremp,25,Pallars Jussà,2026-08-21,Espot,87.9635,76.88,Espot,87.9635,25,Port Ainé,88.409667,Tavascan,108.084,0.386662,42.4427,65,municipality,curated_ski_catalogue;openrouteservice,,2026-08-21T19:58:41Z,0.2.0,,"No snow, traffic, parking capacity, or season duration is modelled.",complete,42.4427,42.4427,100,,curated,access_variety_no_tier,true
252385,Vallbona de les Monges,38,Urgell,2026-08-21,Port del Comte,104.551333,108.2,Port del Comte,104.551333,,Masella,136.658667,La Molina,142.929,0.249429,23.8295,65,municipality,curated_ski_catalogue;openrouteservice,,2026-08-21T19:58:41Z,0.2.0,,"No snow, traffic, parking capacity, or season duration is modelled.",complete,23.8295,23.8295,100,,curated,access_variety_no_tier,true
252398,les Valls de Valira,04,Alt Urgell,2026-08-21,Masella,59.6575,49.92,Masella,59.6575,74,La Molina,65.927833,Port Ainé,70.4965,0.613831,73.2538,65,municipality,curated_ski_catalogue;openrouteservice,,2026-08-21T19:58:41Z,0.2.0,,"No snow, traffic, parking capacity, or season duration is modelled.",complete,73.2538,73.2538,100,,curated,access_variety_no_tier,true
252402,Vallfogona de Balaguer,23,Noguera,2026-08-21,Port del Comte,102.656333,106.04,Port del Comte,102.656333,,Masella,145.532,Espot,148.558167,0.245932,23.3552,65,municipality,curated_ski_catalogue;openrouteservice,,2026-08-21T19:58:41Z,0.2.0,,"No snow, traffic, parking capacity, or season duration is modelled.",complete,23.3552,23.3552,100,,curated,access_variety_no_tier,true
252424,Verdú,38,Urgell,2026-08-21,Port del Comte,90.0195,91.81,Port del Comte,90.0195,,Masella,122.126833,La Molina,128.397167,0.317784,33.1006,65,municipality,curated_ski_catalogue;openrouteservice,,2026-08-21T19:58:41Z,0.2.0,,"No snow, traffic, parking capacity, or season duration is modelled.",complete,33.1006,33.1006,100,,curated,access_variety_no_tier,true
252430,Vielha e Mijaran,39,Val d'Aran,2026-08-21,Baqueira Beret,22.751,14.5,Baqueira Beret,22.751,169,Espot,73.440333,Boí Taüll,81.540667,0.895674,100,65,municipality,curated_ski_catalogue;openrouteservice,,2026-08-21T19:58:41Z,0.2.0,,"No snow, traffic, parking capacity, or season duration is modelled.",complete,100,100,100,,curated,access_variety_no_tier,true
252445,Vilagrassa,38,Urgell,2026-08-21,Port del Comte,82.9045,89.42,Port del Comte,82.9045,,Masella,114.135667,La Molina,120.405833,0.359362,38.7399,65,municipality,curated_ski_catalogue;openrouteservice,,2026-08-21T19:58:41Z,0.2.0,,"No snow, traffic, parking capacity, or season duration is modelled.",complete,38.7399,38.7399,100,,curated,access_variety_no_tier,true
252458,Vilaller,05,Alta Ribagorça,2026-08-21,Boí Taüll,51.535667,36.97,Boí Taüll,51.535667,45.282,Baqueira Beret,54.383333,Espot,105.072833,0.668997,80.7361,65,municipality,curated_ski_catalogue;openrouteservice,,2026-08-21T19:58:41Z,0.2.0,,"No snow, traffic, parking capacity, or season duration is modelled.",complete,80.7361,80.7361,100,,curated,access_variety_no_tier,true
252477,Vilamòs,39,Val d'Aran,2026-08-21,Baqueira Beret,40.134667,26.59,Baqueira Beret,40.134667,169,Espot,90.824167,Boí Taüll,97.886167,0.671221,81.0378,65,municipality,curated_ski_catalogue;openrouteservice,,2026-08-21T19:58:41Z,0.2.0,,"No snow, traffic, parking capacity, or season duration is modelled.",complete,81.0378,81.0378,100,,curated,access_variety_no_tier,true
252483,Vilanova de Bellpuig,27,Pla d'Urgell,2026-08-21,Port del Comte,91.452167,101.85,Port del Comte,91.452167,,Masella,122.683333,La Molina,128.9535,0.311646,32.2682,65,municipality,curated_ski_catalogue;openrouteservice,,2026-08-21T19:58:41Z,0.2.0,,"No snow, traffic, parking capacity, or season duration is modelled.",complete,32.2682,32.2682,100,,curated,access_variety_no_tier,true
252496,Vilanova de l'Aguda,23,Noguera,2026-08-21,Port del Comte,65.902667,69.14,Port del Comte,65.902667,,Masella,119.058833,Port Ainé,120.431,0.435741,49.0992,65,municipality,curated_ski_catalogue;openrouteservice,,2026-08-21T19:58:41Z,0.2.0,,"No snow, traffic, parking capacity, or season duration is modelled.",complete,49.0992,49.0992,100,,curated,access_variety_no_tier,true
252509,Vilanova de Meià,23,Noguera,2026-08-21,Port del Comte,96.821167,94.14,Port del Comte,96.821167,,Espot,146.627167,Port Ainé,147.0735,0.264115,25.8214,65,municipality,curated_ski_catalogue;openrouteservice,,2026-08-21T19:58:41Z,0.2.0,,"No snow, traffic, parking capacity, or season duration is modelled.",complete,25.8214,25.8214,100,,curated,access_variety_no_tier,true
252516,Vilanova de Segrià,33,Segrià,2026-08-21,Port del Comte,113.856,136.65,Port del Comte,113.856,,Masella,145.087167,Boí Taüll,146.835333,0.216105,19.3098,65,municipality,curated_ski_catalogue;openrouteservice,,2026-08-21T19:58:41Z,0.2.0,,"No snow, traffic, parking capacity, or season duration is modelled.",complete,19.3098,19.3098,100,,curated,access_variety_no_tier,true
252521,Vila-sana,27,Pla d'Urgell,2026-08-21,Port del Comte,95.360333,105.84,Port del Comte,95.360333,,Masella,126.5915,La Molina,132.861667,0.291994,29.6027,65,municipality,curated_ski_catalogue;openrouteservice,,2026-08-21T19:58:41Z,0.2.0,,"No snow, traffic, parking capacity, or season duration is modelled.",complete,29.6027,29.6027,100,,curated,access_variety_no_tier,true
252537,el Vilosell,18,Garrigues,2026-08-21,Port del Comte,126.924,133.8,Port del Comte,126.924,,Masella,158.155167,La Molina,164.4255,0.172547,13.402,65,municipality,curated_ski_catalogue;openrouteservice,,2026-08-21T19:58:41Z,0.2.0,,"No snow, traffic, parking capacity, or season duration is modelled.",complete,13.402,13.402,100,,curated,access_variety_no_tier,true
252542,Vilanova de la Barca,33,Segrià,2026-08-21,Port del Comte,112.464,132.67,Port del Comte,112.464,,Masella,143.695167,La Molina,149.965333,0.21957,19.7798,65,municipality,curated_ski_catalogue;openrouteservice,,2026-08-21T19:58:41Z,0.2.0,,"No snow, traffic, parking capacity, or season duration is modelled.",complete,19.7798,19.7798,100,,curated,access_variety_no_tier,true
252555,Vinaixa,18,Garrigues,2026-08-21,Port del Comte,119.423667,127.99,Port del Comte,119.423667,,Masella,150.654667,La Molina,156.925,0.195523,16.5182,65,municipality,curated_ski_catalogue;openrouteservice,,2026-08-21T19:58:41Z,0.2.0,,"No snow, traffic, parking capacity, or season duration is modelled.",complete,16.5182,16.5182,100,,curated,access_variety_no_tier,true
259010,Vall de Cardós,26,Pallars Sobirà,2026-08-21,Espot,35.327333,31.59,Espot,35.327333,25,Tavascan,35.6845,Port Ainé,51.403667,0.936989,100,65,municipality,curated_ski_catalogue;openrouteservice,,2026-08-21T19:58:41Z,0.2.0,,"No snow, traffic, parking capacity, or season duration is modelled.",complete,100,100,100,,curated,access_variety_no_tier,true
259025,Sant Martí de Riucorb,38,Urgell,2026-08-21,Port del Comte,94.526667,100.06,Port del Comte,94.526667,,Masella,126.634,La Molina,132.904333,0.294787,29.9815,65,municipality,curated_ski_catalogue;openrouteservice,,2026-08-21T19:58:41Z,0.2.0,,"No snow, traffic, parking capacity, or season duration is modelled.",complete,29.9815,29.9815,100,,curated,access_variety_no_tier,true
259031,la Guingueta d'Àneu,26,Pallars Sobirà,2026-08-21,Espot,16.641833,12.73,Espot,16.641833,25,Baqueira Beret,37.9295,Port Ainé,55.773333,1.122183,100,65,municipality,curated_ski_catalogue;openrouteservice,,2026-08-21T19:58:41Z,0.2.0,,"No snow, traffic, parking capacity, or season duration is modelled.",complete,100,100,100,,curated,access_variety_no_tier,true
259046,Castell de Mur,25,Pallars Jussà,2026-08-21,Espot,102.374667,87.56,Espot,102.374667,25,Port Ainé,102.820833,Boí Taüll,120.145833,0.305399,31.4208,65,municipality,curated_ski_catalogue;openrouteservice,,2026-08-21T19:58:41Z,0.2.0,,"No snow, traffic, parking capacity, or season duration is modelled.",complete,31.4208,31.4208,100,,curated,access_variety_no_tier,true
259059,Ribera d'Ondara,32,Segarra,2026-08-21,Port del Comte,80.559833,87.07,Port del Comte,80.559833,,Masella,111.517833,La Molina,117.788167,0.374196,40.7519,65,municipality,curated_ski_catalogue;openrouteservice,,2026-08-21T19:58:41Z,0.2.0,,"No snow, traffic, parking capacity, or season duration is modelled.",complete,40.7519,40.7519,100,,curated,access_variety_no_tier,true
259062,les Valls d'Aguilar,04,Alt Urgell,2026-08-21,Port Ainé,67.921,38.53,Port Ainé,67.921,26.7,Masella,76.156333,Port del Comte,82.311667,0.526309,61.3831,65,municipality,curated_ski_catalogue;openrouteservice,,2026-08-21T19:58:41Z,0.2.0,,"No snow, traffic, parking capacity, or season duration is modelled.",complete,61.3831,61.3831,100,,curated,access_variety_no_tier,true
259078,Torrefeta i Florejacs,32,Segarra,2026-08-21,Port del Comte,65.953333,69.85,Port del Comte,65.953333,,Masella,112.413667,La Molina,118.683833,0.444502,50.2876,65,municipality,curated_ski_catalogue;openrouteservice,,2026-08-21T19:58:41Z,0.2.0,,"No snow, traffic, parking capacity, or season duration is modelled.",complete,50.2876,50.2876,100,,curated,access_variety_no_tier,true
259084,Fígols i Alinyà,04,Alt Urgell,2026-08-21,Port del Comte,67.459167,50.94,Port del Comte,67.459167,,Port Ainé,79.6755,Masella,87.910833,0.515146,59.8691,65,municipality,curated_ski_catalogue;openrouteservice,,2026-08-21T19:58:41Z,0.2.0,,"No snow, traffic, parking capacity, or season duration is modelled.",complete,59.8691,59.8691,100,,curated,access_variety_no_tier,true
259097,la Vansa i Fórnols,04,Alt Urgell,2026-08-21,Port del Comte,42.224,27.39,Port del Comte,42.224,,Masella,94.037,La Molina,100.307167,0.646018,77.6194,65,municipality,curated_ski_catalogue;openrouteservice,,2026-08-21T19:58:41Z,0.2.0,,"No snow, traffic, parking capacity, or season duration is modelled.",complete,77.6194,77.6194,100,,curated,access_variety_no_tier,true
259101,Josa i Tuixén,04,Alt Urgell,2026-08-21,Port del Comte,25.464833,19.59,Port del Comte,25.464833,,Masella,79.253667,La Molina,85.524,0.847704,100,65,municipality,curated_ski_catalogue;openrouteservice,,2026-08-21T19:58:41Z,0.2.0,,"No snow, traffic, parking capacity, or season duration is modelled.",complete,100,100,100,,curated,access_variety_no_tier,true
259118,els Plans de Sió,32,Segarra,2026-08-21,Port del Comte,69.6215,74.7,Port del Comte,69.6215,,Masella,115.0915,La Molina,121.361667,0.419885,46.9487,65,municipality,curated_ski_catalogue;openrouteservice,,2026-08-21T19:58:41Z,0.2.0,,"No snow, traffic, parking capacity, or season duration is modelled.",complete,46.9487,46.9487,100,,curated,access_variety_no_tier,true
259123,Gimenells i el Pla de la Font,33,Segrià,2026-08-21,Port del Comte,130.923,160.1,Port del Comte,130.923,,Masella,162.154167,Boí Taüll,164.882833,0.16234,12.0175,65,municipality,curated_ski_catalogue;openrouteservice,,2026-08-21T19:58:41Z,0.2.0,,"No snow, traffic, parking capacity, or season duration is modelled.",complete,12.0175,12.0175,100,,curated,access_variety_no_tier,true
259139,Riu de Cerdanya,15,Cerdanya,2026-08-21,Masella,16.046167,10.74,Masella,16.046167,74,La Molina,22.316333,Vall de Núria,91.764667,1.164203,100,65,municipality,curated_ski_catalogue;openrouteservice,,2026-08-21T19:58:41Z,0.2.0,,"No snow, traffic, parking capacity, or season duration is modelled.",complete,100,100,100,,curated,access_variety_no_tier,true
430017,Aiguamúrcia,01,Alt Camp,2026-08-21,Port del Comte,129.342667,130.19,Port del Comte,129.342667,,Masella,145.855,La Molina,152.125333,0.179606,14.3594,65,municipality,curated_ski_catalogue;openrouteservice,,2026-08-21T19:58:41Z,0.2.0,,"No snow, traffic, parking capacity, or season duration is modelled.",complete,14.3594,14.3594,100,,curated,access_variety_no_tier,true
430022,Albinyana,12,Baix Penedès,2026-08-21,Masella,141.5615,183.82,Masella,141.5615,74,Port del Comte,146.861333,La Molina,147.831833,0.159004,11.5651,65,municipality,curated_ski_catalogue;openrouteservice,,2026-08-21T19:58:41Z,0.2.0,,"No snow, traffic, parking capacity, or season duration is modelled.",complete,11.5651,11.5651,100,,curated,access_variety_no_tier,true
430038,l'Albiol,08,Baix Camp,2026-08-21,Port del Comte,149.768833,163.29,Port del Comte,149.768833,,Masella,173.555667,La Molina,179.825833,0.122601,6.6277,65,municipality,curated_ski_catalogue;openrouteservice,,2026-08-21T19:58:41Z,0.2.0,,"No snow, traffic, parking capacity, or season duration is modelled.",complete,6.6277,6.6277,100,,curated,access_variety_no_tier,true
430043,Alcanar,22,Montsià,2026-08-21,Port del Comte,198.547167,267.17,Port del Comte,198.547167,,Masella,206.843333,La Molina,213.1135,0.05963,0,65,municipality,curated_ski_catalogue;openrouteservice,,2026-08-21T19:58:41Z,0.2.0,,"No snow, traffic, parking capacity, or season duration is modelled.",complete,0,0,100,,curated,access_variety_no_tier,true
430056,Alcover,01,Alt Camp,2026-08-21,Port del Comte,130.459667,145.75,Port del Comte,130.459667,,Masella,155.641833,La Molina,161.912167,0.16787,12.7676,65,municipality,curated_ski_catalogue;openrouteservice,,2026-08-21T19:58:41Z,0.2.0,,"No snow, traffic, parking capacity, or season duration is modelled.",complete,12.7676,12.7676,100,,curated,access_variety_no_tier,true
430069,Aldover,09,Baix Ebre,2026-08-21,Port del Comte,201.329,253.16,Port del Comte,201.329,,Masella,209.625,La Molina,215.895333,0.056929,0,65,municipality,curated_ski_catalogue;openrouteservice,,2026-08-21T19:58:41Z,0.2.0,,"No snow, traffic, parking capacity, or season duration is modelled.",complete,0,0,100,,curated,access_variety_no_tier,true
430075,l'Aleixar,08,Baix Camp,2026-08-21,Port del Comte,153.109333,167.18,Port del Comte,153.109333,,Masella,164.244833,La Molina,170.515167,0.124887,6.9377,65,municipality,curated_ski_catalogue;openrouteservice,,2026-08-21T19:58:41Z,0.2.0,,"No snow, traffic, parking capacity, or season duration is modelled.",complete,6.9377,6.9377,100,,curated,access_variety_no_tier,true
430081,Alfara de Carles,09,Baix Ebre,2026-08-21,Port del Comte,214.017167,262.81,Port del Comte,214.017167,,Masella,222.313167,La Molina,228.5835,0.046078,0,65,municipality,curated_ski_catalogue;openrouteservice,,2026-08-21T19:58:41Z,0.2.0,,"No snow, traffic, parking capacity, or season duration is modelled.",complete,0,0,100,,curated,access_variety_no_tier,true
430094,Alforja,08,Baix Camp,2026-08-21,Port del Comte,156.842167,170.14,Port del Comte,156.842167,,Masella,171.912833,La Molina,178.183,0.114553,5.5362,65,municipality,curated_ski_catalogue;openrouteservice,,2026-08-21T19:58:41Z,0.2.0,,"No snow, traffic, parking capacity, or season duration is modelled.",complete,5.5362,5.5362,100,,curated,access_variety_no_tier,true
430108,Alió,01,Alt Camp,2026-08-21,Port del Comte,132.499333,147.13,Port del Comte,132.499333,,Masella,141.324833,La Molina,147.595167,0.178672,14.2328,65,municipality,curated_ski_catalogue;openrouteservice,,2026-08-21T19:58:41Z,0.2.0,,"No snow, traffic, parking capacity, or season duration is modelled.",complete,14.2328,14.2328,100,,curated,access_variety_no_tier,true
430115,Almoster,08,Baix Camp,2026-08-21,Port del Comte,140.040667,156.52,Port del Comte,140.040667,,Masella,162.243167,La Molina,168.5135,0.145446,9.7262,65,municipality,curated_ski_catalogue;openrouteservice,,2026-08-21T19:58:41Z,0.2.0,,"No snow, traffic, parking capacity, or season duration is modelled.",complete,9.7262,9.7262,100,,curated,access_variety_no_tier,true
430120,Altafulla,36,Tarragonès,2026-08-21,Masella,142.537167,196.15,Masella,142.537167,74,Port del Comte,148.005333,La Molina,148.807333,0.15632,11.2011,65,municipality,curated_ski_catalogue;openrouteservice,,2026-08-21T19:58:41Z,0.2.0,,"No snow, traffic, parking capacity, or season duration is modelled.",complete,11.2011,11.2011,100,,curated,access_variety_no_tier,true
430136,l'Ametlla de Mar,09,Baix Ebre,2026-08-21,Port del Comte,169.190333,212.78,Port del Comte,169.190333,,Masella,177.4865,La Molina,183.756667,0.097265,3.1914,65,municipality,curated_ski_catalogue;openrouteservice,,2026-08-21T19:58:41Z,0.2.0,,"No snow, traffic, parking capacity, or season duration is modelled.",complete,3.1914,3.1914,100,,curated,access_variety_no_tier,true
430141,Amposta,22,Montsià,2026-08-21,Port del Comte,184.319,238.99,Port del Comte,184.319,,Masella,192.615167,La Molina,198.885333,0.075588,0.2513,65,municipality,curated_ski_catalogue;openrouteservice,,2026-08-21T19:58:41Z,0.2.0,,"No snow, traffic, parking capacity, or season duration is modelled.",complete,0.2513,0.2513,100,,curated,access_variety_no_tier,true
430154,Arbolí,08,Baix Camp,2026-08-21,Port del Comte,168.4715,179.66,Port del Comte,168.4715,,Masella,183.542167,La Molina,189.812333,0.094369,2.7986,65,municipality,curated_ski_catalogue;openrouteservice,,2026-08-21T19:58:41Z,0.2.0,,"No snow, traffic, parking capacity, or season duration is modelled.",complete,2.7986,2.7986,100,,curated,access_variety_no_tier,true
430167,l'Arboç,12,Baix Penedès,2026-08-21,Port del Comte,130.512667,145.34,Port del Comte,130.512667,,Masella,130.772333,La Molina,137.0425,0.195599,16.5285,65,municipality,curated_ski_catalogue;openrouteservice,,2026-08-21T19:58:41Z,0.2.0,,"No snow, traffic, parking capacity, or season duration is modelled.",complete,16.5285,16.5285,100,,curated,access_variety_no_tier,true
430173,l'Argentera,08,Baix Camp,2026-08-21,Port del Comte,172.032667,188.55,Port del Comte,172.032667,,Masella,181.203167,La Molina,187.4735,0.092246,2.5106,65,municipality,curated_ski_catalogue;openrouteservice,,2026-08-21T19:58:41Z,0.2.0,,"No snow, traffic, parking capacity, or season duration is modelled.",complete,2.5106,2.5106,100,,curated,access_variety_no_tier,true
430189,Arnes,37,Terra Alta,2026-08-21,Port del Comte,231.85,262.19,Port del Comte,231.85,,Masella,251.757167,La Molina,258.027333,0.031899,0,65,municipality,curated_ski_catalogue;openrouteservice,,2026-08-21T19:58:41Z,0.2.0,,"No snow, traffic, parking capacity, or season duration is modelled.",complete,0,0,100,,curated,access_variety_no_tier,true
430192,Ascó,30,Ribera d'Ebre,2026-08-21,Port del Comte,178.420167,188.48,Port del Comte,178.420167,,Masella,209.651333,La Molina,215.9215,0.073142,0,65,municipality,curated_ski_catalogue;openrouteservice,,2026-08-21T19:58:41Z,0.2.0,,"No snow, traffic, parking capacity, or season duration is modelled.",complete,0,0,100,,curated,access_variety_no_tier,true
430206,Banyeres del Penedès,12,Baix Penedès,2026-08-21,Port del Comte,133.869667,147.66,Port del Comte,133.869667,,Masella,134.129167,La Molina,140.3995,0.184956,15.085,65,municipality,curated_ski_catalogue;openrouteservice,,2026-08-21T19:58:41Z,0.2.0,,"No snow, traffic, parking capacity, or season duration is modelled.",complete,15.085,15.085,100,,curated,access_variety_no_tier,true
430213,Barberà de la Conca,16,Conca de Barberà,2026-08-21,Port del Comte,113.192167,128.91,Port del Comte,113.192167,,Masella,138.374333,La Molina,144.644667,0.223851,20.3603,65,municipality,curated_ski_catalogue;openrouteservice,,2026-08-21T19:58:41Z,0.2.0,,"No snow, traffic, parking capacity, or season duration is modelled.",complete,20.3603,20.3603,100,,curated,access_variety_no_tier,true
430228,Batea,37,Terra Alta,2026-08-21,Port del Comte,195.001333,228.15,Port del Comte,195.001333,,Masella,226.232333,La Molina,232.502667,0.055482,0,65,municipality,curated_ski_catalogue;openrouteservice,,2026-08-21T19:58:41Z,0.2.0,,"No snow, traffic, parking capacity, or season duration is modelled.",complete,0,0,100,,curated,access_variety_no_tier,true
430234,Bellmunt del Priorat,29,Priorat,2026-08-21,Port del Comte,183.095,200.01,Port del Comte,183.095,,Masella,193.464667,La Molina,199.735,0.076132,0.325,65,municipality,curated_ski_catalogue;openrouteservice,,2026-08-21T19:58:41Z,0.2.0,,"No snow, traffic, parking capacity, or season duration is modelled.",complete,0.325,0.325,100,,curated,access_variety_no_tier,true
430249,Bellvei,12,Baix Penedès,2026-08-21,Port del Comte,136.489167,149.28,Port del Comte,136.489167,,Masella,136.748833,La Molina,143.019,0.177055,14.0133,65,municipality,curated_ski_catalogue;openrouteservice,,2026-08-21T19:58:41Z,0.2.0,,"No snow, traffic, parking capacity, or season duration is modelled.",complete,14.0133,14.0133,100,,curated,access_variety_no_tier,true
430252,Benifallet,09,Baix Ebre,2026-08-21,Port del Comte,211.366333,248.83,Port del Comte,211.366333,,Masella,219.6625,La Molina,225.932667,0.048159,0,65,municipality,curated_ski_catalogue;openrouteservice,,2026-08-21T19:58:41Z,0.2.0,,"No snow, traffic, parking capacity, or season duration is modelled.",complete,0,0,100,,curated,access_variety_no_tier,true
430265,Benissanet,30,Ribera d'Ebre,2026-08-21,Port del Comte,197.213167,228.03,Port del Comte,197.213167,,Masella,205.509333,La Molina,211.7795,0.060971,0,65,municipality,curated_ski_catalogue;openrouteservice,,2026-08-21T19:58:41Z,0.2.0,,"No snow, traffic, parking capacity, or season duration is modelled.",complete,0,0,100,,curated,access_variety_no_tier,true
430271,la Bisbal de Montsant,29,Priorat,2026-08-21,Port del Comte,165.924,179.45,Port del Comte,165.924,,Masella,197.155167,La Molina,203.425333,0.090078,2.2165,65,municipality,curated_ski_catalogue;openrouteservice,,2026-08-21T19:58:41Z,0.2.0,,"No snow, traffic, parking capacity, or season duration is modelled.",complete,2.2165,2.2165,100,,curated,access_variety_no_tier,true
430287,la Bisbal del Penedès,12,Baix Penedès,2026-08-21,Masella,132.810667,179.53,Masella,132.810667,74,Port del Comte,138.278833,La Molina,139.080833,0.18383,14.9323,65,municipality,curated_ski_catalogue;openrouteservice,,2026-08-21T19:58:41Z,0.2.0,,"No snow, traffic, parking capacity, or season duration is modelled.",complete,14.9323,14.9323,100,,curated,access_variety_no_tier,true
430290,Blancafort,16,Conca de Barberà,2026-08-21,Port del Comte,114.778667,114.32,Port del Comte,114.778667,,Masella,142.218667,La Molina,148.489,0.215411,19.2156,65,municipality,curated_ski_catalogue;openrouteservice,,2026-08-21T19:58:41Z,0.2.0,,"No snow, traffic, parking capacity, or season duration is modelled.",complete,19.2156,19.2156,100,,curated,access_variety_no_tier,true
430304,Bonastre,12,Baix Penedès,2026-08-21,Port del Comte,142.8985,154.39,Port del Comte,142.8985,,Masella,148.690833,La Molina,154.961,0.153239,10.7832,65,municipality,curated_ski_catalogue;openrouteservice,,2026-08-21T19:58:41Z,0.2.0,,"No snow, traffic, parking capacity, or season duration is modelled.",complete,10.7832,10.7832,100,,curated,access_variety_no_tier,true
430311,les Borges del Camp,08,Baix Camp,2026-08-21,Port del Comte,152.107833,174.22,Port del Comte,152.107833,,Masella,162.4775,La Molina,168.747833,0.127602,7.306,65,municipality,curated_ski_catalogue;openrouteservice,,2026-08-21T19:58:41Z,0.2.0,,"No snow, traffic, parking capacity, or season duration is modelled.",complete,7.306,7.306,100,,curated,access_variety_no_tier,true
430326,Bot,37,Terra Alta,2026-08-21,Port del Comte,204.990333,240.86,Port del Comte,204.990333,,Masella,235.389167,La Molina,241.6595,0.04717,0,65,municipality,curated_ski_catalogue;openrouteservice,,2026-08-21T19:58:41Z,0.2.0,,"No snow, traffic, parking capacity, or season duration is modelled.",complete,0,0,100,,curated,access_variety_no_tier,true
430332,Botarell,08,Baix Camp,2026-08-21,Port del Comte,157.006833,178.25,Port del Comte,157.006833,,Masella,167.376667,La Molina,173.646833,0.117597,5.949,65,municipality,curated_ski_catalogue;openrouteservice,,2026-08-21T19:58:41Z,0.2.0,,"No snow, traffic, parking capacity, or season duration is modelled.",complete,5.949,5.949,100,,curated,access_variety_no_tier,true
430347,Bràfim,01,Alt Camp,2026-08-21,Port del Comte,135.6255,143.19,Port del Comte,135.6255,,Masella,143.986833,La Molina,150.257,0.170109,13.0712,65,municipality,curated_ski_catalogue;openrouteservice,,2026-08-21T19:58:41Z,0.2.0,,"No snow, traffic, parking capacity, or season duration is modelled.",complete,13.0712,13.0712,100,,curated,access_variety_no_tier,true
430350,Cabacés,29,Priorat,2026-08-21,Port del Comte,178.496333,190.22,Port del Comte,178.496333,,Masella,209.727333,La Molina,215.997667,0.073049,0,65,municipality,curated_ski_catalogue;openrouteservice,,2026-08-21T19:58:41Z,0.2.0,,"No snow, traffic, parking capacity, or season duration is modelled.",complete,0,0,100,,curated,access_variety_no_tier,true
430363,Cabra del Camp,01,Alt Camp,2026-08-21,Port del Comte,113.060667,125.78,Port del Comte,113.060667,,Masella,138.243,La Molina,144.513333,0.224342,20.4269,65,municipality,curated_ski_catalogue;openrouteservice,,2026-08-21T19:58:41Z,0.2.0,,"No snow, traffic, parking capacity, or season duration is modelled.",complete,20.4269,20.4269,100,,curated,access_variety_no_tier,true
430379,Calafell,12,Baix Penedès,2026-08-21,Masella,138.859,188.1,Masella,138.859,74,Port del Comte,140.731,La Molina,145.129333,0.168989,12.9194,65,municipality,curated_ski_catalogue;openrouteservice,,2026-08-21T19:58:41Z,0.2.0,,"No snow, traffic, parking capacity, or season duration is modelled.",complete,12.9194,12.9194,100,,curated,access_variety_no_tier,true
430385,Cambrils,08,Baix Camp,2026-08-21,Port del Comte,150.702667,180.29,Port del Comte,150.702667,,Masella,158.998667,La Molina,165.269,0.132366,7.9522,65,municipality,curated_ski_catalogue;openrouteservice,,2026-08-21T19:58:41Z,0.2.0,,"No snow, traffic, parking capacity, or season duration is modelled.",complete,7.9522,7.9522,100,,curated,access_variety_no_tier,true
430398,Capafonts,08,Baix Camp,2026-08-21,Port del Comte,153.283333,160.54,Port del Comte,153.283333,,Masella,178.465667,La Molina,184.735833,0.114754,5.5635,65,municipality,curated_ski_catalogue;openrouteservice,,2026-08-21T19:58:41Z,0.2.0,,"No snow, traffic, parking capacity, or season duration is modelled.",complete,5.5635,5.5635,100,,curated,access_variety_no_tier,true
430402,Capçanes,29,Priorat,2026-08-21,Port del Comte,182.905,200.87,Port del Comte,182.905,,Masella,193.274667,La Molina,199.544833,0.076373,0.3578,65,municipality,curated_ski_catalogue;openrouteservice,,2026-08-21T19:58:41Z,0.2.0,,"No snow, traffic, parking capacity, or season duration is modelled.",complete,0.3578,0.3578,100,,curated,access_variety_no_tier,true
430419,Caseres,37,Terra Alta,2026-08-21,Port del Comte,210.788833,241.48,Port del Comte,210.788833,,Masella,242.019833,La Molina,248.290167,0.042646,0,65,municipality,curated_ski_catalogue;openrouteservice,,2026-08-21T19:58:41Z,0.2.0,,"No snow, traffic, parking capacity, or season duration is modelled.",complete,0,0,100,,curated,access_variety_no_tier,true
430424,Castellvell del Camp,08,Baix Camp,2026-08-21,Port del Comte,143.734833,158.97,Port del Comte,143.734833,,Masella,165.9375,La Molina,172.207667,0.136761,8.5483,65,municipality,curated_ski_catalogue;openrouteservice,,2026-08-21T19:58:41Z,0.2.0,,"No snow, traffic, parking capacity, or season duration is modelled.",complete,8.5483,8.5483,100,,curated,access_variety_no_tier,true
430430,el Catllar,36,Tarragonès,2026-08-21,Masella,148.013833,200.03,Masella,148.013833,74,Port del Comte,148.448167,La Molina,154.284167,0.146073,9.8112,65,municipality,curated_ski_catalogue;openrouteservice,,2026-08-21T19:58:41Z,0.2.0,,"No snow, traffic, parking capacity, or season duration is modelled.",complete,9.8112,9.8112,100,,curated,access_variety_no_tier,true
430445,la Sénia,22,Montsià,2026-08-21,Port del Comte,212.927333,278.63,Port del Comte,212.927333,,Masella,221.2235,La Molina,227.493667,0.046922,0,65,municipality,curated_ski_catalogue;openrouteservice,,2026-08-21T19:58:41Z,0.2.0,,"No snow, traffic, parking capacity, or season duration is modelled.",complete,0,0,100,,curated,access_variety_no_tier,true
430458,Colldejou,08,Baix Camp,2026-08-21,Port del Comte,170.881,193.13,Port del Comte,170.881,,Masella,179.198833,La Molina,185.469,0.09455,2.8231,65,municipality,curated_ski_catalogue;openrouteservice,,2026-08-21T19:58:41Z,0.2.0,,"No snow, traffic, parking capacity, or season duration is modelled.",complete,2.8231,2.8231,100,,curated,access_variety_no_tier,true
430461,Conesa,16,Conca de Barberà,2026-08-21,Port del Comte,101.852833,112.14,Port del Comte,101.852833,,Masella,127.035167,La Molina,133.3055,0.270418,26.6763,65,municipality,curated_ski_catalogue;openrouteservice,,2026-08-21T19:58:41Z,0.2.0,,"No snow, traffic, parking capacity, or season duration is modelled.",complete,26.6763,26.6763,100,,curated,access_variety_no_tier,true
430477,Constantí,36,Tarragonès,2026-08-21,Port del Comte,136.987833,158.34,Port del Comte,136.987833,,Masella,152.455167,La Molina,158.7255,0.159105,11.5788,65,municipality,curated_ski_catalogue;openrouteservice,,2026-08-21T19:58:41Z,0.2.0,,"No snow, traffic, parking capacity, or season duration is modelled.",complete,11.5788,11.5788,100,,curated,access_variety_no_tier,true
430483,Corbera d'Ebre,37,Terra Alta,2026-08-21,Port del Comte,192.646333,204.68,Port del Comte,192.646333,,Masella,218.967667,La Molina,225.238,0.059184,0,65,municipality,curated_ski_catalogue;openrouteservice,,2026-08-21T19:58:41Z,0.2.0,,"No snow, traffic, parking capacity, or season duration is modelled.",complete,0,0,100,,curated,access_variety_no_tier,true
430496,Cornudella de Montsant,29,Priorat,2026-08-21,Port del Comte,163.203,164.27,Port del Comte,163.203,,Masella,188.728333,La Molina,194.998667,0.097089,3.1674,65,municipality,curated_ski_catalogue;openrouteservice,,2026-08-21T19:58:41Z,0.2.0,,"No snow, traffic, parking capacity, or season duration is modelled.",complete,3.1674,3.1674,100,,curated,access_variety_no_tier,true
430509,Creixell,36,Tarragonès,2026-08-21,Masella,145.056333,198.05,Masella,145.056333,74,Port del Comte,150.524333,La Molina,151.3265,0.149893,10.3293,65,municipality,curated_ski_catalogue;openrouteservice,,2026-08-21T19:58:41Z,0.2.0,,"No snow, traffic, parking capacity, or season duration is modelled.",complete,10.3293,10.3293,100,,curated,access_variety_no_tier,true
430516,Cunit,12,Baix Penedès,2026-08-21,Port del Comte,138.854167,152.99,Port del Comte,138.854167,,Masella,140.373833,La Molina,146.644,0.168728,12.884,65,municipality,curated_ski_catalogue;openrouteservice,,2026-08-21T19:58:41Z,0.2.0,,"No snow, traffic, parking capacity, or season duration is modelled.",complete,12.884,12.884,100,,curated,access_variety_no_tier,true
430521,Xerta,09,Baix Ebre,2026-08-21,Port del Comte,207.445,256.74,Port del Comte,207.445,,Masella,215.741,La Molina,222.011333,0.051412,0,65,municipality,curated_ski_catalogue;openrouteservice,,2026-08-21T19:58:41Z,0.2.0,,"No snow, traffic, parking capacity, or season duration is modelled.",complete,0,0,100,,curated,access_variety_no_tier,true
430537,Duesaigües,08,Baix Camp,2026-08-21,Port del Comte,168.3515,186.08,Port del Comte,168.3515,,Masella,177.522,La Molina,183.792333,0.098082,3.3022,65,municipality,curated_ski_catalogue;openrouteservice,,2026-08-21T19:58:41Z,0.2.0,,"No snow, traffic, parking capacity, or season duration is modelled.",complete,3.3022,3.3022,100,,curated,access_variety_no_tier,true
430542,l'Espluga de Francolí,16,Conca de Barberà,2026-08-21,Port del Comte,122.7475,134.3,Port del Comte,122.7475,,Masella,147.929833,La Molina,154.2,0.190895,15.8905,65,municipality,curated_ski_catalogue;openrouteservice,,2026-08-21T19:58:41Z,0.2.0,,"No snow, traffic, parking capacity, or season duration is modelled.",complete,15.8905,15.8905,100,,curated,access_variety_no_tier,true
430555,Falset,29,Priorat,2026-08-21,Port del Comte,175.622333,193.59,Port del Comte,175.622333,,Masella,185.992,La Molina,192.262333,0.086229,1.6946,65,municipality,curated_ski_catalogue;openrouteservice,,2026-08-21T19:58:41Z,0.2.0,,"No snow, traffic, parking capacity, or season duration is modelled.",complete,1.6946,1.6946,100,,curated,access_variety_no_tier,true
430568,la Fatarella,37,Terra Alta,2026-08-21,Port del Comte,189.808833,198.12,Port del Comte,189.808833,,Masella,221.04,La Molina,227.310167,0.060497,0,65,municipality,curated_ski_catalogue;openrouteservice,,2026-08-21T19:58:41Z,0.2.0,,"No snow, traffic, parking capacity, or season duration is modelled.",complete,0,0,100,,curated,access_variety_no_tier,true
430574,la Febró,08,Baix Camp,2026-08-21,Port del Comte,156.188333,156.56,Port del Comte,156.188333,,Masella,183.2165,La Molina,189.486667,0.108261,4.6828,65,municipality,curated_ski_catalogue;openrouteservice,,2026-08-21T19:58:41Z,0.2.0,,"No snow, traffic, parking capacity, or season duration is modelled.",complete,4.6828,4.6828,100,,curated,access_variety_no_tier,true
430580,la Figuera,29,Priorat,2026-08-21,Port del Comte,184.0605,196,Port del Comte,184.0605,,Masella,211.484333,La Molina,217.7545,0.067893,0,65,municipality,curated_ski_catalogue;openrouteservice,,2026-08-21T19:58:41Z,0.2.0,,"No snow, traffic, parking capacity, or season duration is modelled.",complete,0,0,100,,curated,access_variety_no_tier,true
430593,Figuerola del Camp,01,Alt Camp,2026-08-21,Port del Comte,119.998667,131.57,Port del Comte,119.998667,,Masella,145.180833,La Molina,151.451167,0.199844,17.1043,65,municipality,curated_ski_catalogue;openrouteservice,,2026-08-21T19:58:41Z,0.2.0,,"No snow, traffic, parking capacity, or season duration is modelled.",complete,17.1043,17.1043,100,,curated,access_variety_no_tier,true
430607,Flix,30,Ribera d'Ebre,2026-08-21,Port del Comte,168.0595,182.08,Port del Comte,168.0595,,Masella,199.290667,La Molina,205.560833,0.086928,1.7893,65,municipality,curated_ski_catalogue;openrouteservice,,2026-08-21T19:58:41Z,0.2.0,,"No snow, traffic, parking capacity, or season duration is modelled.",complete,1.7893,1.7893,100,,curated,access_variety_no_tier,true
430614,Forès,16,Conca de Barberà,2026-08-21,Port del Comte,114.096,110.66,Port del Comte,114.096,,Masella,139.375,La Molina,145.645167,0.220389,19.8909,65,municipality,curated_ski_catalogue;openrouteservice,,2026-08-21T19:58:41Z,0.2.0,,"No snow, traffic, parking capacity, or season duration is modelled.",complete,19.8909,19.8909,100,,curated,access_variety_no_tier,true
430629,Freginals,22,Montsià,2026-08-21,Port del Comte,195.419,246.67,Port del Comte,195.419,,Masella,203.715167,La Molina,209.985333,0.062822,0,65,municipality,curated_ski_catalogue;openrouteservice,,2026-08-21T19:58:41Z,0.2.0,,"No snow, traffic, parking capacity, or season duration is modelled.",complete,0,0,100,,curated,access_variety_no_tier,true
430635,la Galera,22,Montsià,2026-08-21,Port del Comte,203.541,252.32,Port del Comte,203.541,,Masella,211.837,La Molina,218.107333,0.054868,0,65,municipality,curated_ski_catalogue;openrouteservice,,2026-08-21T19:58:41Z,0.2.0,,"No snow, traffic, parking capacity, or season duration is modelled.",complete,0,0,100,,curated,access_variety_no_tier,true
430640,Gandesa,37,Terra Alta,2026-08-21,Port del Comte,194.541833,231.79,Port del Comte,194.541833,,Masella,224.940667,La Molina,231.210833,0.056143,0,65,municipality,curated_ski_catalogue;openrouteservice,,2026-08-21T19:58:41Z,0.2.0,,"No snow, traffic, parking capacity, or season duration is modelled.",complete,0,0,100,,curated,access_variety_no_tier,true
430653,Garcia,30,Ribera d'Ebre,2026-08-21,Port del Comte,189.963667,197.5,Port del Comte,189.963667,,Masella,206.478333,La Molina,212.748667,0.065392,0,65,municipality,curated_ski_catalogue;openrouteservice,,2026-08-21T19:58:41Z,0.2.0,,"No snow, traffic, parking capacity, or season duration is modelled.",complete,0,0,100,,curated,access_variety_no_tier,true
430666,els Garidells,01,Alt Camp,2026-08-21,Port del Comte,137.435,154.02,Port del Comte,137.435,,Masella,154.007167,La Molina,160.2775,0.156889,11.2783,65,municipality,curated_ski_catalogue;openrouteservice,,2026-08-21T19:58:41Z,0.2.0,,"No snow, traffic, parking capacity, or season duration is modelled.",complete,11.2783,11.2783,100,,curated,access_variety_no_tier,true
430672,Ginestar,30,Ribera d'Ebre,2026-08-21,Port del Comte,192.708,225.01,Port del Comte,192.708,,Masella,201.004167,La Molina,207.274333,0.065725,0,65,municipality,curated_ski_catalogue;openrouteservice,,2026-08-21T19:58:41Z,0.2.0,,"No snow, traffic, parking capacity, or season duration is modelled.",complete,0,0,100,,curated,access_variety_no_tier,true
430688,Godall,22,Montsià,2026-08-21,Port del Comte,208.250167,255.89,Port del Comte,208.250167,,Masella,216.546333,La Molina,222.8165,0.050726,0,65,municipality,curated_ski_catalogue;openrouteservice,,2026-08-21T19:58:41Z,0.2.0,,"No snow, traffic, parking capacity, or season duration is modelled.",complete,0,0,100,,curated,access_variety_no_tier,true
430691,Gratallops,29,Priorat,2026-08-21,Port del Comte,185.739,202.75,Port del Comte,185.739,,Masella,196.108667,La Molina,202.379,0.07285,0,65,municipality,curated_ski_catalogue;openrouteservice,,2026-08-21T19:58:41Z,0.2.0,,"No snow, traffic, parking capacity, or season duration is modelled.",complete,0,0,100,,curated,access_variety_no_tier,true
430705,els Guiamets,29,Priorat,2026-08-21,Port del Comte,183.897833,201.53,Port del Comte,183.897833,,Masella,194.2675,La Molina,200.537833,0.07512,0.1878,65,municipality,curated_ski_catalogue;openrouteservice,,2026-08-21T19:58:41Z,0.2.0,,"No snow, traffic, parking capacity, or season duration is modelled.",complete,0.1878,0.1878,100,,curated,access_variety_no_tier,true
430712,Horta de Sant Joan,37,Terra Alta,2026-08-21,Port del Comte,220.467333,252.22,Port del Comte,220.467333,,Masella,248.5655,La Molina,254.835667,0.036879,0,65,municipality,curated_ski_catalogue;openrouteservice,,2026-08-21T19:58:41Z,0.2.0,,"No snow, traffic, parking capacity, or season duration is modelled.",complete,0,0,100,,curated,access_variety_no_tier,true
430727,el Lloar,29,Priorat,2026-08-21,Port del Comte,190.688,206.63,Port del Comte,190.688,,Masella,201.057667,La Molina,207.328,0.067082,0,65,municipality,curated_ski_catalogue;openrouteservice,,2026-08-21T19:58:41Z,0.2.0,,"No snow, traffic, parking capacity, or season duration is modelled.",complete,0,0,100,,curated,access_variety_no_tier,true
430733,Llorac,16,Conca de Barberà,2026-08-21,Port del Comte,98.679333,109.73,Port del Comte,98.679333,,Masella,123.861667,La Molina,130.131833,0.285106,28.6684,65,municipality,curated_ski_catalogue;openrouteservice,,2026-08-21T19:58:41Z,0.2.0,,"No snow, traffic, parking capacity, or season duration is modelled.",complete,28.6684,28.6684,100,,curated,access_variety_no_tier,true
430748,Llorenç del Penedès,12,Baix Penedès,2026-08-21,Masella,135.323833,182.7,Masella,135.323833,74,Port del Comte,135.879833,La Molina,141.594,0.180372,14.4632,65,municipality,curated_ski_catalogue;openrouteservice,,2026-08-21T19:58:41Z,0.2.0,,"No snow, traffic, parking capacity, or season duration is modelled.",complete,14.4632,14.4632,100,,curated,access_variety_no_tier,true
430751,Margalef,29,Priorat,2026-08-21,Port del Comte,160.656333,175.43,Port del Comte,160.656333,,Masella,191.8875,La Molina,198.157833,0.098343,3.3376,65,municipality,curated_ski_catalogue;openrouteservice,,2026-08-21T19:58:41Z,0.2.0,,"No snow, traffic, parking capacity, or season duration is modelled.",complete,3.3376,3.3376,100,,curated,access_variety_no_tier,true
430764,Marçà,29,Priorat,2026-08-21,Port del Comte,178.064167,195.82,Port del Comte,178.064167,,Masella,188.433833,La Molina,194.704,0.08279,1.2281,65,municipality,curated_ski_catalogue;openrouteservice,,2026-08-21T19:58:41Z,0.2.0,,"No snow, traffic, parking capacity, or season duration is modelled.",complete,1.2281,1.2281,100,,curated,access_variety_no_tier,true
430770,Mas de Barberans,22,Montsià,2026-08-21,Port del Comte,209.117667,259.65,Port del Comte,209.117667,,Masella,217.413667,La Molina,223.684,0.049998,0,65,municipality,curated_ski_catalogue;openrouteservice,,2026-08-21T19:58:41Z,0.2.0,,"No snow, traffic, parking capacity, or season duration is modelled.",complete,0,0,100,,curated,access_variety_no_tier,true
430786,Masdenverge,22,Montsià,2026-08-21,Port del Comte,192.76,244.06,Port del Comte,192.76,,Masella,201.056167,La Molina,207.326333,0.065668,0,65,municipality,curated_ski_catalogue;openrouteservice,,2026-08-21T19:58:41Z,0.2.0,,"No snow, traffic, parking capacity, or season duration is modelled.",complete,0,0,100,,curated,access_variety_no_tier,true
430799,Masllorenç,12,Baix Penedès,2026-08-21,Port del Comte,139.965333,149.77,Port del Comte,139.965333,,Masella,140.916,La Molina,147.186167,0.166286,12.5528,65,municipality,curated_ski_catalogue;openrouteservice,,2026-08-21T19:58:41Z,0.2.0,,"No snow, traffic, parking capacity, or season duration is modelled.",complete,12.5528,12.5528,100,,curated,access_variety_no_tier,true
430803,la Masó,01,Alt Camp,2026-08-21,Port del Comte,129.216667,149.17,Port del Comte,129.216667,,Masella,154.398833,La Molina,160.669167,0.171384,13.2442,65,municipality,curated_ski_catalogue;openrouteservice,,2026-08-21T19:58:41Z,0.2.0,,"No snow, traffic, parking capacity, or season duration is modelled.",complete,13.2442,13.2442,100,,curated,access_variety_no_tier,true
430810,Maspujols,08,Baix Camp,2026-08-21,Port del Comte,150.998167,173.11,Port del Comte,150.998167,,Masella,161.368,La Molina,167.638167,0.129984,7.6291,65,municipality,curated_ski_catalogue;openrouteservice,,2026-08-21T19:58:41Z,0.2.0,,"No snow, traffic, parking capacity, or season duration is modelled.",complete,7.6291,7.6291,100,,curated,access_variety_no_tier,true
430825,el Masroig,29,Priorat,2026-08-21,Port del Comte,183.555667,201.64,Port del Comte,183.555667,,Masella,193.925333,La Molina,200.195667,0.075549,0.246,65,municipality,curated_ski_catalogue;openrouteservice,,2026-08-21T19:58:41Z,0.2.0,,"No snow, traffic, parking capacity, or season duration is modelled.",complete,0.246,0.246,100,,curated,access_variety_no_tier,true
430831,el Milà,01,Alt Camp,2026-08-21,Port del Comte,131.0825,149.76,Port del Comte,131.0825,,Masella,156.264667,La Molina,162.535,0.166136,12.5324,65,municipality,curated_ski_catalogue;openrouteservice,,2026-08-21T19:58:41Z,0.2.0,,"No snow, traffic, parking capacity, or season duration is modelled.",complete,12.5324,12.5324,100,,curated,access_variety_no_tier,true
430846,Miravet,30,Ribera d'Ebre,2026-08-21,Port del Comte,199.664333,229.18,Port del Comte,199.664333,,Masella,207.9605,La Molina,214.230667,0.05853,0,65,municipality,curated_ski_catalogue;openrouteservice,,2026-08-21T19:58:41Z,0.2.0,,"No snow, traffic, parking capacity, or season duration is modelled.",complete,0,0,100,,curated,access_variety_no_tier,true
430859,el Molar,29,Priorat,2026-08-21,Port del Comte,191.9125,208.04,Port del Comte,191.9125,,Masella,202.282167,La Molina,208.5525,0.065727,0,65,municipality,curated_ski_catalogue;openrouteservice,,2026-08-21T19:58:41Z,0.2.0,,"No snow, traffic, parking capacity, or season duration is modelled.",complete,0,0,100,,curated,access_variety_no_tier,true
430862,Montblanc,16,Conca de Barberà,2026-08-21,Port del Comte,119.573,130.5,Port del Comte,119.573,,Masella,144.755167,La Molina,151.0255,0.201267,17.2973,65,municipality,curated_ski_catalogue;openrouteservice,,2026-08-21T19:58:41Z,0.2.0,,"No snow, traffic, parking capacity, or season duration is modelled.",complete,17.2973,17.2973,100,,curated,access_variety_no_tier,true
430884,Montbrió del Camp,08,Baix Camp,2026-08-21,Port del Comte,157.836167,186.05,Port del Comte,157.836167,,Masella,166.132167,La Molina,172.402333,0.117528,5.9397,65,municipality,curated_ski_catalogue;openrouteservice,,2026-08-21T19:58:41Z,0.2.0,,"No snow, traffic, parking capacity, or season duration is modelled.",complete,5.9397,5.9397,100,,curated,access_variety_no_tier,true
430897,Montferri,01,Alt Camp,2026-08-21,Port del Comte,134.7575,144.23,Port del Comte,134.7575,,Masella,143.118833,La Molina,149.389,0.172587,13.4074,65,municipality,curated_ski_catalogue;openrouteservice,,2026-08-21T19:58:41Z,0.2.0,,"No snow, traffic, parking capacity, or season duration is modelled.",complete,13.4074,13.4074,100,,curated,access_variety_no_tier,true
430901,el Montmell,12,Baix Penedès,2026-08-21,Masella,138.473,184.95,Masella,138.473,74,Port del Comte,143.941167,La Molina,144.743167,0.167275,12.687,65,municipality,curated_ski_catalogue;openrouteservice,,2026-08-21T19:58:41Z,0.2.0,,"No snow, traffic, parking capacity, or season duration is modelled.",complete,12.687,12.687,100,,curated,access_variety_no_tier,true
430918,Mont-ral,01,Alt Camp,2026-08-21,Port del Comte,146.658,158.27,Port del Comte,146.658,,Masella,171.840333,La Molina,178.1105,0.128152,7.3806,65,municipality,curated_ski_catalogue;openrouteservice,,2026-08-21T19:58:41Z,0.2.0,,"No snow, traffic, parking capacity, or season duration is modelled.",complete,7.3806,7.3806,100,,curated,access_variety_no_tier,true
430923,Mont-roig del Camp,08,Baix Camp,2026-08-21,Port del Comte,160.975667,185.03,Port del Comte,160.975667,,Masella,169.2935,La Molina,175.563667,0.111521,5.125,65,municipality,curated_ski_catalogue;openrouteservice,,2026-08-21T19:58:41Z,0.2.0,,"No snow, traffic, parking capacity, or season duration is modelled.",complete,5.125,5.125,100,,curated,access_variety_no_tier,true
430939,Móra d'Ebre,30,Ribera d'Ebre,2026-08-21,Port del Comte,195.011667,224.57,Port del Comte,195.011667,,Masella,203.307833,La Molina,209.578,0.06325,0,65,municipality,curated_ski_catalogue;openrouteservice,,2026-08-21T19:58:41Z,0.2.0,,"No snow, traffic, parking capacity, or season duration is modelled.",complete,0,0,100,,curated,access_variety_no_tier,true
430944,Móra la Nova,30,Ribera d'Ebre,2026-08-21,Port del Comte,192.609833,209.29,Port del Comte,192.609833,,Masella,201.751833,La Molina,208.022167,0.065476,0,65,municipality,curated_ski_catalogue;openrouteservice,,2026-08-21T19:58:41Z,0.2.0,,"No snow, traffic, parking capacity, or season duration is modelled.",complete,0,0,100,,curated,access_variety_no_tier,true
430957,el Morell,36,Tarragonès,2026-08-21,Port del Comte,134.527333,155.27,Port del Comte,134.527333,,Masella,154.864167,La Molina,161.1345,0.161125,11.8528,65,municipality,curated_ski_catalogue;openrouteservice,,2026-08-21T19:58:41Z,0.2.0,,"No snow, traffic, parking capacity, or season duration is modelled.",complete,11.8528,11.8528,100,,curated,access_variety_no_tier,true
430960,la Morera de Montsant,29,Priorat,2026-08-21,Port del Comte,174.398333,172.61,Port del Comte,174.398333,,Masella,198.959,La Molina,205.229167,0.080982,0.9829,65,municipality,curated_ski_catalogue;openrouteservice,,2026-08-21T19:58:41Z,0.2.0,,"No snow, traffic, parking capacity, or season duration is modelled.",complete,0.9829,0.9829,100,,curated,access_variety_no_tier,true
430976,la Nou de Gaià,36,Tarragonès,2026-08-21,Port del Comte,144.847833,156.72,Port del Comte,144.847833,,Masella,145.153,La Molina,151.423167,0.153981,10.8838,65,municipality,curated_ski_catalogue;openrouteservice,,2026-08-21T19:58:41Z,0.2.0,,"No snow, traffic, parking capacity, or season duration is modelled.",complete,10.8838,10.8838,100,,curated,access_variety_no_tier,true
430982,Nulles,01,Alt Camp,2026-08-21,Port del Comte,137.088833,152.58,Port del Comte,137.088833,,Masella,148.329833,La Molina,154.6,0.163001,12.1072,65,municipality,curated_ski_catalogue;openrouteservice,,2026-08-21T19:58:41Z,0.2.0,,"No snow, traffic, parking capacity, or season duration is modelled.",complete,12.1072,12.1072,100,,curated,access_variety_no_tier,true
430995,la Palma d'Ebre,30,Ribera d'Ebre,2026-08-21,Port del Comte,167.526,178.88,Port del Comte,167.526,,Masella,198.757,La Molina,205.027333,0.087704,1.8947,65,municipality,curated_ski_catalogue;openrouteservice,,2026-08-21T19:58:41Z,0.2.0,,"No snow, traffic, parking capacity, or season duration is modelled.",complete,1.8947,1.8947,100,,curated,access_variety_no_tier,true
431009,els Pallaresos,36,Tarragonès,2026-08-21,Port del Comte,141.991167,161.14,Port del Comte,141.991167,,Masella,152.894167,La Molina,159.164333,0.150531,10.4159,65,municipality,curated_ski_catalogue;openrouteservice,,2026-08-21T19:58:41Z,0.2.0,,"No snow, traffic, parking capacity, or season duration is modelled.",complete,10.4159,10.4159,100,,curated,access_variety_no_tier,true
431016,Passanant i Belltall,16,Conca de Barberà,2026-08-21,Port del Comte,103.856,103.76,Port del Comte,103.856,,Masella,135.963333,La Molina,142.233667,0.252336,24.2239,65,municipality,curated_ski_catalogue;openrouteservice,,2026-08-21T19:58:41Z,0.2.0,,"No snow, traffic, parking capacity, or season duration is modelled.",complete,24.2239,24.2239,100,,curated,access_variety_no_tier,true
431021,Paüls,09,Baix Ebre,2026-08-21,Port del Comte,219.686667,266.34,Port del Comte,219.686667,,Masella,227.982667,La Molina,234.253,0.041923,0,65,municipality,curated_ski_catalogue;openrouteservice,,2026-08-21T19:58:41Z,0.2.0,,"No snow, traffic, parking capacity, or season duration is modelled.",complete,0,0,100,,curated,access_variety_no_tier,true
431037,Perafort,36,Tarragonès,2026-08-21,Port del Comte,138.4705,158.46,Port del Comte,138.4705,,Masella,153.7505,La Molina,160.020667,0.155396,11.0758,65,municipality,curated_ski_catalogue;openrouteservice,,2026-08-21T19:58:41Z,0.2.0,,"No snow, traffic, parking capacity, or season duration is modelled.",complete,11.0758,11.0758,100,,curated,access_variety_no_tier,true
431042,el Perelló,09,Baix Ebre,2026-08-21,Port del Comte,178.588833,220.74,Port del Comte,178.588833,,Masella,186.884833,La Molina,193.155,0.083163,1.2787,65,municipality,curated_ski_catalogue;openrouteservice,,2026-08-21T19:58:41Z,0.2.0,,"No snow, traffic, parking capacity, or season duration is modelled.",complete,1.2787,1.2787,100,,curated,access_variety_no_tier,true
431055,les Piles de Gaià,16,Conca de Barberà,2026-08-21,Port del Comte,95.426333,107.23,Port del Comte,95.426333,,Masella,120.608667,La Molina,126.878833,0.30099,30.8228,65,municipality,curated_ski_catalogue;openrouteservice,,2026-08-21T19:58:41Z,0.2.0,,"No snow, traffic, parking capacity, or season duration is modelled.",complete,30.8228,30.8228,100,,curated,access_variety_no_tier,true
431068,el Pinell de Brai,37,Terra Alta,2026-08-21,Port del Comte,207.7215,241.36,Port del Comte,207.7215,,Masella,225.286333,La Molina,231.5565,0.04834,0,65,municipality,curated_ski_catalogue;openrouteservice,,2026-08-21T19:58:41Z,0.2.0,,"No snow, traffic, parking capacity, or season duration is modelled.",complete,0,0,100,,curated,access_variety_no_tier,true
431074,Pira,16,Conca de Barberà,2026-08-21,Port del Comte,107.596667,123.26,Port del Comte,107.596667,,Masella,132.778833,La Molina,139.049167,0.245731,23.328,65,municipality,curated_ski_catalogue;openrouteservice,,2026-08-21T19:58:41Z,0.2.0,,"No snow, traffic, parking capacity, or season duration is modelled.",complete,23.328,23.328,100,,curated,access_variety_no_tier,true
431080,el Pla de Santa Maria,01,Alt Camp,2026-08-21,Port del Comte,117.740667,129.68,Port del Comte,117.740667,,Masella,142.923,La Molina,149.193333,0.207508,18.1438,65,municipality,curated_ski_catalogue;openrouteservice,,2026-08-21T19:58:41Z,0.2.0,,"No snow, traffic, parking capacity, or season duration is modelled.",complete,18.1438,18.1438,100,,curated,access_variety_no_tier,true
431093,la Pobla de Mafumet,36,Tarragonès,2026-08-21,Port del Comte,133.7785,154.87,Port del Comte,133.7785,,Masella,154.115333,La Molina,160.3855,0.163148,12.1272,65,municipality,curated_ski_catalogue;openrouteservice,,2026-08-21T19:58:41Z,0.2.0,,"No snow, traffic, parking capacity, or season duration is modelled.",complete,12.1272,12.1272,100,,curated,access_variety_no_tier,true
431107,la Pobla de Massaluca,37,Terra Alta,2026-08-21,Port del Comte,173.363833,212.5,Port del Comte,173.363833,,Masella,204.595,La Molina,210.865333,0.079573,0.7918,65,municipality,curated_ski_catalogue;openrouteservice,,2026-08-21T19:58:41Z,0.2.0,,"No snow, traffic, parking capacity, or season duration is modelled.",complete,0.7918,0.7918,100,,curated,access_variety_no_tier,true
431114,la Pobla de Montornès,36,Tarragonès,2026-08-21,Masella,141.487667,196.98,Masella,141.487667,74,Port del Comte,146.955833,La Molina,147.758,0.159078,11.5752,65,municipality,curated_ski_catalogue;openrouteservice,,2026-08-21T19:58:41Z,0.2.0,,"No snow, traffic, parking capacity, or season duration is modelled.",complete,11.5752,11.5752,100,,curated,access_variety_no_tier,true
431129,Poboleda,29,Priorat,2026-08-21,Port del Comte,173.962,173.64,Port del Comte,173.962,,Masella,190.492,La Molina,196.762167,0.085371,1.5782,65,municipality,curated_ski_catalogue;openrouteservice,,2026-08-21T19:58:41Z,0.2.0,,"No snow, traffic, parking capacity, or season duration is modelled.",complete,1.5782,1.5782,100,,curated,access_variety_no_tier,true
431135,el Pont d'Armentera,01,Alt Camp,2026-08-21,Port del Comte,124.077333,125.7,Port del Comte,124.077333,,Masella,140.589833,La Molina,146.86,0.196079,16.5937,65,municipality,curated_ski_catalogue;openrouteservice,,2026-08-21T19:58:41Z,0.2.0,,"No snow, traffic, parking capacity, or season duration is modelled.",complete,16.5937,16.5937,100,,curated,access_variety_no_tier,true
431140,Porrera,29,Priorat,2026-08-21,Port del Comte,171.680333,190.85,Port del Comte,171.680333,,Masella,182.05,La Molina,188.320333,0.092085,2.4887,65,municipality,curated_ski_catalogue;openrouteservice,,2026-08-21T19:58:41Z,0.2.0,,"No snow, traffic, parking capacity, or season duration is modelled.",complete,2.4887,2.4887,100,,curated,access_variety_no_tier,true
431153,Pradell de la Teixeta,29,Priorat,2026-08-21,Port del Comte,166.603833,187.41,Port del Comte,166.603833,,Masella,176.9735,La Molina,183.243833,0.100215,3.5915,65,municipality,curated_ski_catalogue;openrouteservice,,2026-08-21T19:58:41Z,0.2.0,,"No snow, traffic, parking capacity, or season duration is modelled.",complete,3.5915,3.5915,100,,curated,access_variety_no_tier,true
431166,Prades,08,Baix Camp,2026-08-21,Port del Comte,147.338333,149.84,Port del Comte,147.338333,,Masella,174.366333,La Molina,180.636667,0.125468,7.0166,65,municipality,curated_ski_catalogue;openrouteservice,,2026-08-21T19:58:41Z,0.2.0,,"No snow, traffic, parking capacity, or season duration is modelled.",complete,7.0166,7.0166,100,,curated,access_variety_no_tier,true
431172,Prat de Comte,37,Terra Alta,2026-08-21,Port del Comte,217.820333,244.87,Port del Comte,217.820333,,Masella,234.395,La Molina,240.665167,0.04109,0,65,municipality,curated_ski_catalogue;openrouteservice,,2026-08-21T19:58:41Z,0.2.0,,"No snow, traffic, parking capacity, or season duration is modelled.",complete,0,0,100,,curated,access_variety_no_tier,true
431188,Pratdip,08,Baix Camp,2026-08-21,Port del Comte,169.341,193.82,Port del Comte,169.341,,Masella,177.658833,La Molina,183.929,0.097008,3.1565,65,municipality,curated_ski_catalogue;openrouteservice,,2026-08-21T19:58:41Z,0.2.0,,"No snow, traffic, parking capacity, or season duration is modelled.",complete,3.1565,3.1565,100,,curated,access_variety_no_tier,true
431191,Puigpelat,01,Alt Camp,2026-08-21,Port del Comte,134.667167,147.66,Port del Comte,134.667167,,Masella,146.221333,La Molina,152.4915,0.169382,12.9727,65,municipality,curated_ski_catalogue;openrouteservice,,2026-08-21T19:58:41Z,0.2.0,,"No snow, traffic, parking capacity, or season duration is modelled.",complete,12.9727,12.9727,100,,curated,access_variety_no_tier,true
431205,Querol,01,Alt Camp,2026-08-21,Port del Comte,115.130167,118.33,Port del Comte,115.130167,,Masella,131.6425,La Molina,137.912667,0.227612,20.8704,65,municipality,curated_ski_catalogue;openrouteservice,,2026-08-21T19:58:41Z,0.2.0,,"No snow, traffic, parking capacity, or season duration is modelled.",complete,20.8704,20.8704,100,,curated,access_variety_no_tier,true
431212,Rasquera,30,Ribera d'Ebre,2026-08-21,Port del Comte,198.439333,239.75,Port del Comte,198.439333,,Masella,206.735333,La Molina,213.0055,0.059738,0,65,municipality,curated_ski_catalogue;openrouteservice,,2026-08-21T19:58:41Z,0.2.0,,"No snow, traffic, parking capacity, or season duration is modelled.",complete,0,0,100,,curated,access_variety_no_tier,true
431227,Renau,36,Tarragonès,2026-08-21,Port del Comte,142.658167,157.45,Port del Comte,142.658167,,Masella,152.454833,La Molina,158.725,0.149911,10.3318,65,municipality,curated_ski_catalogue;openrouteservice,,2026-08-21T19:58:41Z,0.2.0,,"No snow, traffic, parking capacity, or season duration is modelled.",complete,10.3318,10.3318,100,,curated,access_variety_no_tier,true
431233,Reus,08,Baix Camp,2026-08-21,Port del Comte,145.3885,159.72,Port del Comte,145.3885,,Masella,161.674667,La Molina,167.944833,0.137645,8.6681,65,municipality,curated_ski_catalogue;openrouteservice,,2026-08-21T19:58:41Z,0.2.0,,"No snow, traffic, parking capacity, or season duration is modelled.",complete,8.6681,8.6681,100,,curated,access_variety_no_tier,true
431248,la Riba,01,Alt Camp,2026-08-21,Port del Comte,125.488667,139.26,Port del Comte,125.488667,,Masella,150.670833,La Molina,156.941167,0.18237,14.7343,65,municipality,curated_ski_catalogue;openrouteservice,,2026-08-21T19:58:41Z,0.2.0,,"No snow, traffic, parking capacity, or season duration is modelled.",complete,14.7343,14.7343,100,,curated,access_variety_no_tier,true
431251,Riba-roja d'Ebre,30,Ribera d'Ebre,2026-08-21,Port del Comte,174.690833,188.15,Port del Comte,174.690833,,Masella,205.922,La Molina,212.192333,0.077832,0.5557,65,municipality,curated_ski_catalogue;openrouteservice,,2026-08-21T19:58:41Z,0.2.0,,"No snow, traffic, parking capacity, or season duration is modelled.",complete,0.5557,0.5557,100,,curated,access_variety_no_tier,true
431264,la Riera de Gaià,36,Tarragonès,2026-08-21,Masella,143.437,199.23,Masella,143.437,74,Port del Comte,148.770167,La Molina,149.707167,0.154087,10.8982,65,municipality,curated_ski_catalogue;openrouteservice,,2026-08-21T19:58:41Z,0.2.0,,"No snow, traffic, parking capacity, or season duration is modelled.",complete,10.8982,10.8982,100,,curated,access_variety_no_tier,true
431270,Riudecanyes,08,Baix Camp,2026-08-21,Port del Comte,163.223833,189.75,Port del Comte,163.223833,,Masella,171.519833,La Molina,177.790167,0.107435,4.5707,65,municipality,curated_ski_catalogue;openrouteservice,,2026-08-21T19:58:41Z,0.2.0,,"No snow, traffic, parking capacity, or season duration is modelled.",complete,4.5707,4.5707,100,,curated,access_variety_no_tier,true
431286,Riudecols,08,Baix Camp,2026-08-21,Port del Comte,157.029667,177.7,Port del Comte,157.029667,,Masella,167.399333,La Molina,173.669667,0.117553,5.943,65,municipality,curated_ski_catalogue;openrouteservice,,2026-08-21T19:58:41Z,0.2.0,,"No snow, traffic, parking capacity, or season duration is modelled.",complete,5.943,5.943,100,,curated,access_variety_no_tier,true
431299,Riudoms,08,Baix Camp,2026-08-21,Port del Comte,150.991167,170.88,Port del Comte,150.991167,,Masella,161.360833,La Molina,167.631167,0.129999,7.6311,65,municipality,curated_ski_catalogue;openrouteservice,,2026-08-21T19:58:41Z,0.2.0,,"No snow, traffic, parking capacity, or season duration is modelled.",complete,7.6311,7.6311,100,,curated,access_variety_no_tier,true
431303,Rocafort de Queralt,16,Conca de Barberà,2026-08-21,Port del Comte,100.795833,114.29,Port del Comte,100.795833,,Masella,125.978167,La Molina,132.2485,0.275224,27.3281,65,municipality,curated_ski_catalogue;openrouteservice,,2026-08-21T19:58:41Z,0.2.0,,"No snow, traffic, parking capacity, or season duration is modelled.",complete,27.3281,27.3281,100,,curated,access_variety_no_tier,true
431310,Roda de Berà,36,Tarragonès,2026-08-21,Masella,145.435,190.32,Masella,145.435,74,Port del Comte,147.962167,La Molina,151.705333,0.150981,10.4769,65,municipality,curated_ski_catalogue;openrouteservice,,2026-08-21T19:58:41Z,0.2.0,,"No snow, traffic, parking capacity, or season duration is modelled.",complete,10.4769,10.4769,100,,curated,access_variety_no_tier,true
431325,Rodonyà,01,Alt Camp,2026-08-21,Port del Comte,138.835167,146.12,Port del Comte,138.835167,,Masella,142.175,La Molina,148.445167,0.166693,12.6079,65,municipality,curated_ski_catalogue;openrouteservice,,2026-08-21T19:58:41Z,0.2.0,,"No snow, traffic, parking capacity, or season duration is modelled.",complete,12.6079,12.6079,100,,curated,access_variety_no_tier,true
431331,Roquetes,09,Baix Ebre,2026-08-21,Port del Comte,192.295333,246.61,Port del Comte,192.295333,,Masella,200.591333,La Molina,206.861667,0.066179,0,65,municipality,curated_ski_catalogue;openrouteservice,,2026-08-21T19:58:41Z,0.2.0,,"No snow, traffic, parking capacity, or season duration is modelled.",complete,0,0,100,,curated,access_variety_no_tier,true
431346,el Rourell,01,Alt Camp,2026-08-21,Port del Comte,129.735333,150.78,Port del Comte,129.735333,,Masella,154.600167,La Molina,160.8705,0.170199,13.0835,65,municipality,curated_ski_catalogue;openrouteservice,,2026-08-21T19:58:41Z,0.2.0,,"No snow, traffic, parking capacity, or season duration is modelled.",complete,13.0835,13.0835,100,,curated,access_variety_no_tier,true
431359,Salomó,36,Tarragonès,2026-08-21,Port del Comte,138.656333,150.14,Port del Comte,138.656333,,Masella,147.017667,La Molina,153.287833,0.161729,11.9347,65,municipality,curated_ski_catalogue;openrouteservice,,2026-08-21T19:58:41Z,0.2.0,,"No snow, traffic, parking capacity, or season duration is modelled.",complete,11.9347,11.9347,100,,curated,access_variety_no_tier,true
431362,la Ràpita,22,Montsià,2026-08-21,Port del Comte,197.482667,250.38,Port del Comte,197.482667,,Masella,205.778667,La Molina,212.049,0.060698,0,65,municipality,curated_ski_catalogue;openrouteservice,,2026-08-21T19:58:41Z,0.2.0,,"No snow, traffic, parking capacity, or season duration is modelled.",complete,0,0,100,,curated,access_variety_no_tier,true
431378,Sant Jaume dels Domenys,12,Baix Penedès,2026-08-21,Port del Comte,132.357,147.15,Port del Comte,132.357,,Masella,132.6165,La Molina,138.886833,0.189678,15.7255,65,municipality,curated_ski_catalogue;openrouteservice,,2026-08-21T19:58:41Z,0.2.0,,"No snow, traffic, parking capacity, or season duration is modelled.",complete,15.7255,15.7255,100,,curated,access_variety_no_tier,true
431384,Santa Bàrbara,22,Montsià,2026-08-21,Port del Comte,198.433833,247.83,Port del Comte,198.433833,,Masella,206.729833,La Molina,213.000167,0.059743,0,65,municipality,curated_ski_catalogue;openrouteservice,,2026-08-21T19:58:41Z,0.2.0,,"No snow, traffic, parking capacity, or season duration is modelled.",complete,0,0,100,,curated,access_variety_no_tier,true
431397,Santa Coloma de Queralt,16,Conca de Barberà,2026-08-21,Port del Comte,90.963833,102.04,Port del Comte,90.963833,,Masella,116.146167,La Molina,122.416333,0.324229,33.9748,65,municipality,curated_ski_catalogue;openrouteservice,,2026-08-21T19:58:41Z,0.2.0,,"No snow, traffic, parking capacity, or season duration is modelled.",complete,33.9748,33.9748,100,,curated,access_variety_no_tier,true
431401,Santa Oliva,12,Baix Penedès,2026-08-21,Masella,141.627,186.7,Masella,141.627,74,Port del Comte,142.889333,La Molina,147.897333,0.161837,11.9494,65,municipality,curated_ski_catalogue;openrouteservice,,2026-08-21T19:58:41Z,0.2.0,,"No snow, traffic, parking capacity, or season duration is modelled.",complete,11.9494,11.9494,100,,curated,access_variety_no_tier,true
431418,Pontils,16,Conca de Barberà,2026-08-21,Port del Comte,100.218833,109.25,Port del Comte,100.218833,,Masella,125.401167,La Molina,131.6715,0.277883,27.6888,65,municipality,curated_ski_catalogue;openrouteservice,,2026-08-21T19:58:41Z,0.2.0,,"No snow, traffic, parking capacity, or season duration is modelled.",complete,27.6888,27.6888,100,,curated,access_variety_no_tier,true
431423,Sarral,16,Conca de Barberà,2026-08-21,Port del Comte,104.669333,118.66,Port del Comte,104.669333,,Masella,129.851667,La Molina,136.122,0.258017,24.9944,65,municipality,curated_ski_catalogue;openrouteservice,,2026-08-21T19:58:41Z,0.2.0,,"No snow, traffic, parking capacity, or season duration is modelled.",complete,24.9944,24.9944,100,,curated,access_variety_no_tier,true
431439,Savallà del Comtat,16,Conca de Barberà,2026-08-21,Port del Comte,100.344333,110.67,Port del Comte,100.344333,,Masella,125.526667,La Molina,131.796833,0.277303,27.6101,65,municipality,curated_ski_catalogue;openrouteservice,,2026-08-21T19:58:41Z,0.2.0,,"No snow, traffic, parking capacity, or season duration is modelled.",complete,27.6101,27.6101,100,,curated,access_variety_no_tier,true
431444,la Secuita,36,Tarragonès,2026-08-21,Port del Comte,139.4635,155.03,Port del Comte,139.4635,,Masella,155.752833,La Molina,162.023167,0.151928,10.6054,65,municipality,curated_ski_catalogue;openrouteservice,,2026-08-21T19:58:41Z,0.2.0,,"No snow, traffic, parking capacity, or season duration is modelled.",complete,10.6054,10.6054,100,,curated,access_variety_no_tier,true
431457,la Selva del Camp,08,Baix Camp,2026-08-21,Port del Comte,137.725333,154.1,Port del Comte,137.725333,,Masella,159.927833,La Molina,166.198,0.151168,10.5024,65,municipality,curated_ski_catalogue;openrouteservice,,2026-08-21T19:58:41Z,0.2.0,,"No snow, traffic, parking capacity, or season duration is modelled.",complete,10.5024,10.5024,100,,curated,access_variety_no_tier,true
431460,Senan,16,Conca de Barberà,2026-08-21,Port del Comte,116.5105,116.48,Port del Comte,116.5105,,Masella,148.618,La Molina,154.888167,0.204354,17.716,65,municipality,curated_ski_catalogue;openrouteservice,,2026-08-21T19:58:41Z,0.2.0,,"No snow, traffic, parking capacity, or season duration is modelled.",complete,17.716,17.716,100,,curated,access_variety_no_tier,true
431476,Solivella,16,Conca de Barberà,2026-08-21,Port del Comte,110.663,111.43,Port del Comte,110.663,,Masella,139.105833,La Molina,145.376167,0.229502,21.1268,65,municipality,curated_ski_catalogue;openrouteservice,,2026-08-21T19:58:41Z,0.2.0,,"No snow, traffic, parking capacity, or season duration is modelled.",complete,21.1268,21.1268,100,,curated,access_variety_no_tier,true
431482,Tarragona,36,Tarragonès,2026-08-21,Port del Comte,143.048,165.02,Port del Comte,143.048,,Masella,151.595333,La Molina,157.8655,0.150134,10.3621,65,municipality,curated_ski_catalogue;openrouteservice,,2026-08-21T19:58:41Z,0.2.0,,"No snow, traffic, parking capacity, or season duration is modelled.",complete,10.3621,10.3621,100,,curated,access_variety_no_tier,true
431495,Tivenys,09,Baix Ebre,2026-08-21,Port del Comte,205.818667,256.78,Port del Comte,205.818667,,Masella,214.114667,La Molina,220.385,0.052824,0,65,municipality,curated_ski_catalogue;openrouteservice,,2026-08-21T19:58:41Z,0.2.0,,"No snow, traffic, parking capacity, or season duration is modelled.",complete,0,0,100,,curated,access_variety_no_tier,true
431508,Tivissa,30,Ribera d'Ebre,2026-08-21,Port del Comte,181.386167,214.06,Port del Comte,181.386167,,Masella,189.682167,La Molina,195.9525,0.079375,0.7649,65,municipality,curated_ski_catalogue;openrouteservice,,2026-08-21T19:58:41Z,0.2.0,,"No snow, traffic, parking capacity, or season duration is modelled.",complete,0.7649,0.7649,100,,curated,access_variety_no_tier,true
431515,la Torre de Fontaubella,29,Priorat,2026-08-21,Port del Comte,174.3205,192.76,Port del Comte,174.3205,,Masella,184.690167,La Molina,190.9605,0.08812,1.9511,65,municipality,curated_ski_catalogue;openrouteservice,,2026-08-21T19:58:41Z,0.2.0,,"No snow, traffic, parking capacity, or season duration is modelled.",complete,1.9511,1.9511,100,,curated,access_variety_no_tier,true
431520,la Torre de l'Espanyol,30,Ribera d'Ebre,2026-08-21,Port del Comte,183.673333,193.35,Port del Comte,183.673333,,Masella,214.904333,La Molina,221.174667,0.067011,0,65,municipality,curated_ski_catalogue;openrouteservice,,2026-08-21T19:58:41Z,0.2.0,,"No snow, traffic, parking capacity, or season duration is modelled.",complete,0,0,100,,curated,access_variety_no_tier,true
431536,Torredembarra,36,Tarragonès,2026-08-21,Masella,141.279667,194.51,Masella,141.279667,74,Port del Comte,146.747833,La Molina,147.549833,0.159631,11.6501,65,municipality,curated_ski_catalogue;openrouteservice,,2026-08-21T19:58:41Z,0.2.0,,"No snow, traffic, parking capacity, or season duration is modelled.",complete,11.6501,11.6501,100,,curated,access_variety_no_tier,true
431541,Torroja del Priorat,29,Priorat,2026-08-21,Port del Comte,181.0785,198.41,Port del Comte,181.0785,,Masella,191.448333,La Molina,197.7185,0.078734,0.6779,65,municipality,curated_ski_catalogue;openrouteservice,,2026-08-21T19:58:41Z,0.2.0,,"No snow, traffic, parking capacity, or season duration is modelled.",complete,0.6779,0.6779,100,,curated,access_variety_no_tier,true
431554,Tortosa,09,Baix Ebre,2026-08-21,Port del Comte,188.4045,243.99,Port del Comte,188.4045,,Masella,196.700667,La Molina,202.970833,0.070613,0,65,municipality,curated_ski_catalogue;openrouteservice,,2026-08-21T19:58:41Z,0.2.0,,"No snow, traffic, parking capacity, or season duration is modelled.",complete,0,0,100,,curated,access_variety_no_tier,true
431567,Ulldecona,22,Montsià,2026-08-21,Port del Comte,200.2905,266.9,Port del Comte,200.2905,,Masella,208.5865,La Molina,214.856833,0.057923,0,65,municipality,curated_ski_catalogue;openrouteservice,,2026-08-21T19:58:41Z,0.2.0,,"No snow, traffic, parking capacity, or season duration is modelled.",complete,0,0,100,,curated,access_variety_no_tier,true
431573,Ulldemolins,29,Priorat,2026-08-21,Port del Comte,150.255667,152.73,Port del Comte,150.255667,,Masella,177.283833,La Molina,183.554,0.119513,6.2089,65,municipality,curated_ski_catalogue;openrouteservice,,2026-08-21T19:58:41Z,0.2.0,,"No snow, traffic, parking capacity, or season duration is modelled.",complete,6.2089,6.2089,100,,curated,access_variety_no_tier,true
431589,Vallclara,16,Conca de Barberà,2026-08-21,Port del Comte,131.892333,141.14,Port del Comte,131.892333,,Masella,157.897167,La Molina,164.167333,0.163188,12.1326,65,municipality,curated_ski_catalogue;openrouteservice,,2026-08-21T19:58:41Z,0.2.0,,"No snow, traffic, parking capacity, or season duration is modelled.",complete,12.1326,12.1326,100,,curated,access_variety_no_tier,true
431592,Vallfogona de Riucorb,16,Conca de Barberà,2026-08-21,Port del Comte,103.569333,104.03,Port del Comte,103.569333,,Masella,131.185167,La Molina,137.455333,0.25942,25.1846,65,municipality,curated_ski_catalogue;openrouteservice,,2026-08-21T19:58:41Z,0.2.0,,"No snow, traffic, parking capacity, or season duration is modelled.",complete,25.1846,25.1846,100,,curated,access_variety_no_tier,true
431606,Vallmoll,01,Alt Camp,2026-08-21,Port del Comte,132.711167,149.65,Port del Comte,132.711167,,Masella,154.126333,La Molina,160.396667,0.165069,12.3877,65,municipality,curated_ski_catalogue;openrouteservice,,2026-08-21T19:58:41Z,0.2.0,,"No snow, traffic, parking capacity, or season duration is modelled.",complete,12.3877,12.3877,100,,curated,access_variety_no_tier,true
431613,Valls,01,Alt Camp,2026-08-21,Port del Comte,129.843167,144.19,Port del Comte,129.843167,,Masella,154.277167,La Molina,160.5475,0.17029,13.0959,65,municipality,curated_ski_catalogue;openrouteservice,,2026-08-21T19:58:41Z,0.2.0,,"No snow, traffic, parking capacity, or season duration is modelled.",complete,13.0959,13.0959,100,,curated,access_variety_no_tier,true
431628,Vandellòs i l'Hospitalet de l'Infant,08,Baix Camp,2026-08-21,Port del Comte,166.5615,202.98,Port del Comte,166.5615,,Masella,174.8575,La Molina,181.127833,0.101622,3.7823,65,municipality,curated_ski_catalogue;openrouteservice,,2026-08-21T19:58:41Z,0.2.0,,"No snow, traffic, parking capacity, or season duration is modelled.",complete,3.7823,3.7823,100,,curated,access_variety_no_tier,true
431634,el Vendrell,12,Baix Penedès,2026-08-21,Masella,139.5595,186.15,Masella,139.5595,74,Port del Comte,140.885,La Molina,145.829667,0.167461,12.7121,65,municipality,curated_ski_catalogue;openrouteservice,,2026-08-21T19:58:41Z,0.2.0,,"No snow, traffic, parking capacity, or season duration is modelled.",complete,12.7121,12.7121,100,,curated,access_variety_no_tier,true
431649,Vespella de Gaià,36,Tarragonès,2026-08-21,Masella,149.993833,201.53,Masella,149.993833,74,Port del Comte,150.673833,La Molina,156.264,0.141164,9.1455,65,municipality,curated_ski_catalogue;openrouteservice,,2026-08-21T19:58:41Z,0.2.0,,"No snow, traffic, parking capacity, or season duration is modelled.",complete,9.1455,9.1455,100,,curated,access_variety_no_tier,true
431652,Vilabella,01,Alt Camp,2026-08-21,Port del Comte,139.2425,147.12,Port del Comte,139.2425,,Masella,147.603833,La Molina,153.874167,0.160157,11.7215,65,municipality,curated_ski_catalogue;openrouteservice,,2026-08-21T19:58:41Z,0.2.0,,"No snow, traffic, parking capacity, or season duration is modelled.",complete,11.7215,11.7215,100,,curated,access_variety_no_tier,true
431665,Vilallonga del Camp,36,Tarragonès,2026-08-21,Port del Comte,132.729333,151.95,Port del Comte,132.729333,,Masella,156.589167,La Molina,162.8595,0.162801,12.0801,65,municipality,curated_ski_catalogue;openrouteservice,,2026-08-21T19:58:41Z,0.2.0,,"No snow, traffic, parking capacity, or season duration is modelled.",complete,12.0801,12.0801,100,,curated,access_variety_no_tier,true
431671,Vilanova d'Escornalbou,08,Baix Camp,2026-08-21,Port del Comte,166.571667,192.63,Port del Comte,166.571667,,Masella,174.867667,La Molina,181.138,0.101605,3.7799,65,municipality,curated_ski_catalogue;openrouteservice,,2026-08-21T19:58:41Z,0.2.0,,"No snow, traffic, parking capacity, or season duration is modelled.",complete,3.7799,3.7799,100,,curated,access_variety_no_tier,true
431687,Vilanova de Prades,16,Conca de Barberà,2026-08-21,Port del Comte,136.687833,142.05,Port del Comte,136.687833,,Masella,163.715833,La Molina,169.986167,0.149839,10.322,65,municipality,curated_ski_catalogue;openrouteservice,,2026-08-21T19:58:41Z,0.2.0,,"No snow, traffic, parking capacity, or season duration is modelled.",complete,10.322,10.322,100,,curated,access_variety_no_tier,true
431690,Vilaplana,08,Baix Camp,2026-08-21,Port del Comte,149.833667,164.53,Port del Comte,149.833667,,Masella,169.266167,La Molina,175.536333,0.125491,7.0197,65,municipality,curated_ski_catalogue;openrouteservice,,2026-08-21T19:58:41Z,0.2.0,,"No snow, traffic, parking capacity, or season duration is modelled.",complete,7.0197,7.0197,100,,curated,access_variety_no_tier,true
431704,Vila-rodona,01,Alt Camp,2026-08-21,Port del Comte,129.262167,139.55,Port del Comte,129.262167,,Masella,142.177667,La Molina,148.448,0.183793,14.9273,65,municipality,curated_ski_catalogue;openrouteservice,,2026-08-21T19:58:41Z,0.2.0,,"No snow, traffic, parking capacity, or season duration is modelled.",complete,14.9273,14.9273,100,,curated,access_variety_no_tier,true
431711,Vila-seca,36,Tarragonès,2026-08-21,Port del Comte,146.668833,172.27,Port del Comte,146.668833,,Masella,154.965,La Molina,161.235167,0.141571,9.2007,65,municipality,curated_ski_catalogue;openrouteservice,,2026-08-21T19:58:41Z,0.2.0,,"No snow, traffic, parking capacity, or season duration is modelled.",complete,9.2007,9.2007,100,,curated,access_variety_no_tier,true
431726,Vilaverd,16,Conca de Barberà,2026-08-21,Port del Comte,122.1195,135.95,Port del Comte,122.1195,,Masella,147.301833,La Molina,153.572167,0.192903,16.1629,65,municipality,curated_ski_catalogue;openrouteservice,,2026-08-21T19:58:41Z,0.2.0,,"No snow, traffic, parking capacity, or season duration is modelled.",complete,16.1629,16.1629,100,,curated,access_variety_no_tier,true
431732,la Vilella Alta,29,Priorat,2026-08-21,Port del Comte,184.935,183.06,Port del Comte,184.935,,Masella,201.465,La Molina,207.735167,0.071102,0,65,municipality,curated_ski_catalogue;openrouteservice,,2026-08-21T19:58:41Z,0.2.0,,"No snow, traffic, parking capacity, or season duration is modelled.",complete,0,0,100,,curated,access_variety_no_tier,true
431747,la Vilella Baixa,29,Priorat,2026-08-21,Port del Comte,183.654,195.76,Port del Comte,183.654,,Masella,202.662833,La Molina,208.933167,0.071593,0,65,municipality,curated_ski_catalogue;openrouteservice,,2026-08-21T19:58:41Z,0.2.0,,"No snow, traffic, parking capacity, or season duration is modelled.",complete,0,0,100,,curated,access_variety_no_tier,true
431750,Vilalba dels Arcs,37,Terra Alta,2026-08-21,Port del Comte,184.337833,222.67,Port del Comte,184.337833,,Masella,215.568833,La Molina,221.839167,0.066273,0,65,municipality,curated_ski_catalogue;openrouteservice,,2026-08-21T19:58:41Z,0.2.0,,"No snow, traffic, parking capacity, or season duration is modelled.",complete,0,0,100,,curated,access_variety_no_tier,true
431763,Vimbodí i Poblet,16,Conca de Barberà,2026-08-21,Port del Comte,125.815,139.09,Port del Comte,125.815,,Masella,150.997333,La Molina,157.2675,0.181381,14.6001,65,municipality,curated_ski_catalogue;openrouteservice,,2026-08-21T19:58:41Z,0.2.0,,"No snow, traffic, parking capacity, or season duration is modelled.",complete,14.6001,14.6001,100,,curated,access_variety_no_tier,true
431779,Vinebre,30,Ribera d'Ebre,2026-08-21,Port del Comte,179.632667,189.84,Port del Comte,179.632667,,Masella,210.863667,La Molina,217.134,0.071679,0,65,municipality,curated_ski_catalogue;openrouteservice,,2026-08-21T19:58:41Z,0.2.0,,"No snow, traffic, parking capacity, or season duration is modelled.",complete,0,0,100,,curated,access_variety_no_tier,true
431785,Vinyols i els Arcs,08,Baix Camp,2026-08-21,Port del Comte,152.710833,172.84,Port del Comte,152.710833,,Masella,163.080667,La Molina,169.350833,0.126326,7.1329,65,municipality,curated_ski_catalogue;openrouteservice,,2026-08-21T19:58:41Z,0.2.0,,"No snow, traffic, parking capacity, or season duration is modelled.",complete,7.1329,7.1329,100,,curated,access_variety_no_tier,true
439018,Deltebre,09,Baix Ebre,2026-08-21,Port del Comte,190.870667,237.04,Port del Comte,190.870667,,Masella,199.166667,La Molina,205.437,0.067769,0,65,municipality,curated_ski_catalogue;openrouteservice,,2026-08-21T19:58:41Z,0.2.0,,"No snow, traffic, parking capacity, or season duration is modelled.",complete,0,0,100,,curated,access_variety_no_tier,true
439023,Sant Jaume d'Enveja,22,Montsià,2026-08-21,Port del Comte,193.4575,237.09,Port del Comte,193.4575,,Masella,201.753667,La Molina,208.023833,0.064909,0,65,municipality,curated_ski_catalogue;openrouteservice,,2026-08-21T19:58:41Z,0.2.0,,"No snow, traffic, parking capacity, or season duration is modelled.",complete,0,0,100,,curated,access_variety_no_tier,true
439039,Camarles,09,Baix Ebre,2026-08-21,Port del Comte,178.641,228.88,Port del Comte,178.641,,Masella,186.937,La Molina,193.207333,0.083091,1.2689,65,municipality,curated_ski_catalogue;openrouteservice,,2026-08-21T19:58:41Z,0.2.0,,"No snow, traffic, parking capacity, or season duration is modelled.",complete,1.2689,1.2689,100,,curated,access_variety_no_tier,true
439044,l'Aldea,09,Baix Ebre,2026-08-21,Port del Comte,180.999833,235.23,Port del Comte,180.999833,,Masella,189.295833,La Molina,195.566167,0.079887,0.8344,65,municipality,curated_ski_catalogue;openrouteservice,,2026-08-21T19:58:41Z,0.2.0,,"No snow, traffic, parking capacity, or season duration is modelled.",complete,0.8344,0.8344,100,,curated,access_variety_no_tier,true
439057,Salou,36,Tarragonès,2026-08-21,Port del Comte,148.952,174.17,Port del Comte,148.952,,Masella,157.248,La Molina,163.518333,0.136285,8.4837,65,municipality,curated_ski_catalogue;openrouteservice,,2026-08-21T19:58:41Z,0.2.0,,"No snow, traffic, parking capacity, or season duration is modelled.",complete,8.4837,8.4837,100,,curated,access_variety_no_tier,true
439060,l'Ampolla,09,Baix Ebre,2026-08-21,Port del Comte,174.381667,223.34,Port del Comte,174.381667,,Masella,182.677833,La Molina,188.948,0.089204,2.098,65,municipality,curated_ski_catalogue;openrouteservice,,2026-08-21T19:58:41Z,0.2.0,,"No snow, traffic, parking capacity, or season duration is modelled.",complete,2.098,2.098,100,,curated,access_variety_no_tier,true
439076,la Canonja,36,Tarragonès,2026-08-21,Port del Comte,144.184,166.97,Port del Comte,144.184,,Masella,155.170333,La Molina,161.440667,0.145053,9.6729,65,municipality,curated_ski_catalogue;openrouteservice,,2026-08-21T19:58:41Z,0.2.0,,"No snow, traffic, parking capacity, or season duration is modelled.",complete,9.6729,9.6729,100,,curated,access_variety_no_tier,true
