municipality_code,municipality_name,comarca_code,comarca_name,reference_period,area_km2,natural_area_pct,forest_area_pct,protected_area_pct,elevation_mean,elevation_p05,elevation_p95,elevation_range_p90,mean_slope_deg,terrain_ruggedness,water_wetland_pct,touches_coast,landscape_units_count,landscape_diversity_entropy,official_viewpoints_count,viewpoints_per_100km2,natural_score,protected_score,relief_score,water_score,recognition_score,score_0_100,confidence_0_100,data_scope,source_id,source_updated_at,retrieved_at,method_version,missing_reason,notes,score_status,score_min_0_100,score_max_0_100,coverage_weight_pct,rank_stability_0_100,source_tier,method_variant,usable_for_composite
080018,Abrera,11,Baix Llobregat,2024-2026,19.9781,53.026506,28.999639,6.75288,130.859164,60.543601,217.235072,156.691471,9.130569,49.22697,2.958642,false,,,,,50.2902,8.1928,22.6148,59.6972,,34.258,90,derived,icgc_landcover_2024;gencat_protected_areas;icgc_coast_202602,,2026-08-21T20:11:40Z,0.2.0,,Landscape Recognition is optional and not included in the core score.,partial,34.258,34.258,100,,official,landscape_core,true
080023,Aguilar de Segarra,07,Bages,2024-2026,43.2198,66.618927,46.29933,0.019436,582.713744,457.535661,699.693216,242.157555,13.425647,75.404162,0.00857,false,,,,,65.515,0.0236,36.2918,0.0263,,32.013,90,derived,icgc_landcover_2024;gencat_protected_areas;icgc_coast_202602,,2026-08-21T20:11:40Z,0.2.0,,Landscape Recognition is optional and not included in the core score.,partial,32.013,32.013,100,,official,landscape_core,true
080039,Alella,21,Maresme,2024-2026,9.6346,49.615224,31.262581,55.188807,188.882464,51.853205,378.290161,326.436956,12.895419,99.187163,0.972608,false,,,,,46.4692,66.9565,39.0474,19.5259,,45.6941,90,derived,icgc_landcover_2024;gencat_protected_areas;icgc_coast_202602,,2026-08-21T20:11:40Z,0.2.0,,Landscape Recognition is optional and not included in the core score.,partial,45.6941,45.6941,100,,official,landscape_core,true
080044,Alpens,43,Lluçanès,2024-2026,13.7788,85.963719,75.686463,0,882.504196,772.266074,1060.719659,288.453586,14.656372,89.409376,0.037263,false,,,,,87.183,0,41.2327,0.6067,,40.9132,90,derived,icgc_landcover_2024;gencat_protected_areas;icgc_coast_202602,,2026-08-21T20:11:40Z,0.2.0,,Landscape Recognition is optional and not included in the core score.,partial,40.9132,40.9132,100,,official,landscape_core,true
080057,l'Ametlla del Vallès,41,Vallès Oriental,2024-2026,14.0885,38.23436,30.624409,0.013864,287.471303,196.518805,535.618909,339.100104,7.402066,106.782806,0.322529,false,,,,,33.7216,0.0168,27.2707,6.3767,,19.5809,90,derived,icgc_landcover_2024;gencat_protected_areas;icgc_coast_202602,,2026-08-21T20:11:40Z,0.2.0,,Landscape Recognition is optional and not included in the core score.,partial,19.5809,19.5809,100,,official,landscape_core,true
080060,Arenys de Mar,21,Maresme,2024-2026,6.4836,45.821592,18.086053,0,58.446815,4.186742,109.969055,105.782313,9.016678,31.130684,1.244584,true,,,,,42.22,0,19.9726,65.0271,,29.5242,90,derived,icgc_landcover_2024;gencat_protected_areas;icgc_coast_202602,,2026-08-21T20:11:40Z,0.2.0,,Landscape Recognition is optional and not included in the core score.,partial,29.5242,29.5242,100,,official,landscape_core,true
080076,Arenys de Munt,21,Maresme,2024-2026,21.6815,76.327519,60.082164,18.15934,238.432181,107.643951,429.932635,322.288684,15.757086,97.553354,0.778904,false,,,,,76.3896,22.0314,45.2969,15.6078,,45.9096,90,derived,icgc_landcover_2024;gencat_protected_areas;icgc_coast_202602,,2026-08-21T20:11:40Z,0.2.0,,Landscape Recognition is optional and not included in the core score.,partial,45.9096,45.9096,100,,official,landscape_core,true
080082,Argençola,06,Anoia,2024-2026,47.3814,63.134304,54.799433,6.04186,635.694322,501.930188,753.524921,251.594733,14.047117,75.749056,0,false,,,,,61.6119,7.3301,38.1334,0,,32.9301,90,derived,icgc_landcover_2024;gencat_protected_areas;icgc_coast_202602,,2026-08-21T20:11:40Z,0.2.0,,Landscape Recognition is optional and not included in the core score.,partial,32.9301,32.9301,100,,official,landscape_core,true
080095,Argentona,21,Maresme,2024-2026,25.3281,73.2404,60.077625,45.996655,178.80068,57.502992,323.897845,266.394854,13.407143,84.047037,0.71861,false,,,,,72.9317,55.8043,37.3859,14.3882,,50.9819,90,derived,icgc_landcover_2024;gencat_protected_areas;icgc_coast_202602,,2026-08-21T20:11:40Z,0.2.0,,Landscape Recognition is optional and not included in the core score.,partial,50.9819,50.9819,100,,official,landscape_core,true
080109,Artés,07,Bages,2024-2026,17.8445,42.216299,26.818761,0,334.395536,264.391533,453.884755,189.493222,8.454897,61.094674,0.743446,false,,,,,38.1817,0,22.6304,14.8906,,21.2548,90,derived,icgc_landcover_2024;gencat_protected_areas;icgc_coast_202602,,2026-08-21T20:11:40Z,0.2.0,,Landscape Recognition is optional and not included in the core score.,partial,21.2548,21.2548,100,,official,landscape_core,true
080116,Avià,14,Berguedà,2024-2026,27.1686,43.653002,35.626891,1.18132,646.347876,529.245593,828.520398,299.274805,9.377888,91.791318,0.41691,false,,,,,39.791,1.4332,29.8536,8.2858,,22.9914,90,derived,icgc_landcover_2024;gencat_protected_areas;icgc_coast_202602,,2026-08-21T20:11:40Z,0.2.0,,Landscape Recognition is optional and not included in the core score.,partial,22.9914,22.9914,100,,official,landscape_core,true
080121,Avinyó,07,Bages,2024-2026,63.5617,72.885047,65.337522,0.105972,424.701901,321.234697,539.745309,218.510612,12.236136,65.60388,0.273185,false,,,,,72.5337,0.1286,32.505,5.3786,,34.352,90,derived,icgc_landcover_2024;gencat_protected_areas;icgc_coast_202602,,2026-08-21T20:11:40Z,0.2.0,,Landscape Recognition is optional and not included in the core score.,partial,34.352,34.352,100,,official,landscape_core,true
080137,Avinyonet del Penedès,03,Alt Penedès,2024-2026,29.1865,51.625719,27.670644,43.865842,258.111821,195.377005,328.762558,133.385553,9.235753,41.476051,0.34309,false,,,,,48.7212,53.2192,21.7594,6.7926,,36.816,90,derived,icgc_landcover_2024;gencat_protected_areas;icgc_coast_202602,,2026-08-21T20:11:40Z,0.2.0,,Landscape Recognition is optional and not included in the core score.,partial,36.816,36.816,100,,official,landscape_core,true
080142,Aiguafreda,24,Osona,2024-2026,7.9335,87.464416,83.424177,68.585899,614.514981,419.739586,807.873779,388.134193,17.988604,126.862951,0.038571,false,,,,,88.8639,83.2102,53.4077,0.6331,,65.3518,90,derived,icgc_landcover_2024;gencat_protected_areas;icgc_coast_202602,,2026-08-21T20:11:40Z,0.2.0,,Landscape Recognition is optional and not included in the core score.,partial,65.3518,65.3518,100,,official,landscape_core,true
080155,Badalona,13,Barcelonès,2024-2026,21.0792,39.365642,12.791848,18.558744,101.840627,4.533246,307.937425,303.40418,7.826692,98.035906,0.364445,true,,,,,34.9887,22.5159,26.5541,47.2245,,31.5972,90,derived,icgc_landcover_2024;gencat_protected_areas;icgc_coast_202602,,2026-08-21T20:11:40Z,0.2.0,,Landscape Recognition is optional and not included in the core score.,partial,31.5972,31.5972,100,,official,landscape_core,true
080168,Bagà,14,Berguedà,2024-2026,43.0645,95.741034,51.720328,83.277723,1534.570497,825.965649,2389.69082,1563.725171,25.268578,535.298823,0.025892,false,,,,,98.1346,100,100,0.3767,,84.4036,90,derived,icgc_landcover_2024;gencat_protected_areas;icgc_coast_202602,,2026-08-21T20:11:40Z,0.2.0,,Landscape Recognition is optional and not included in the core score.,partial,84.4036,84.4036,100,,official,landscape_core,true
080174,Balenyà,24,Osona,2024-2026,17.2358,53.570119,42.07909,0.40215,716.439446,546.022324,972.077972,426.055649,10.899758,150.863684,0.157182,false,,,,,50.8991,0.4879,39.2219,3.0323,,28.197,90,derived,icgc_landcover_2024;gencat_protected_areas;icgc_coast_202602,,2026-08-21T20:11:40Z,0.2.0,,Landscape Recognition is optional and not included in the core score.,partial,28.197,28.197,100,,official,landscape_core,true
080180,Balsareny,07,Bages,2024-2026,36.6795,66.882812,48.426427,0,393.78079,306.74032,507.03215,200.29183,11.506497,61.052353,0.572063,false,,,,,65.8106,0,30.0082,11.4241,,32.2494,90,derived,icgc_landcover_2024;gencat_protected_areas;icgc_coast_202602,,2026-08-21T20:11:40Z,0.2.0,,Landscape Recognition is optional and not included in the core score.,partial,32.2494,32.2494,100,,official,landscape_core,true
080193,Barcelona,13,Barcelonès,2024-2026,101.8225,20.20111,13.388979,16.630094,96.622857,2.47761,343.941473,341.463863,6.543994,112.520889,0.255279,true,,,,,13.5226,20.1761,25.4493,45.0165,,22.8917,90,derived,icgc_landcover_2024;gencat_protected_areas;icgc_coast_202602,,2026-08-21T20:11:40Z,0.2.0,,Landscape Recognition is optional and not included in the core score.,partial,22.8917,22.8917,100,,official,landscape_core,true
080207,Begues,11,Baix Llobregat,2024-2026,50.483,88.000628,36.014183,77.966086,410.318987,284.934709,530.588965,245.654256,15.367194,71.625377,0.060153,false,,,,,89.4646,94.5905,40.8276,1.0697,,65.3276,90,derived,icgc_landcover_2024;gencat_protected_areas;icgc_coast_202602,,2026-08-21T20:11:40Z,0.2.0,,Landscape Recognition is optional and not included in the core score.,partial,65.3276,65.3276,100,,official,landscape_core,true
080214,Bellprat,06,Anoia,2024-2026,31.1764,62.671677,32.651816,47.829075,692.661966,616.295496,795.030347,178.734851,11.518971,52.662039,0.023021,false,,,,,61.0937,58.0275,29.026,0.3186,,43.194,90,derived,icgc_landcover_2024;gencat_protected_areas;icgc_coast_202602,,2026-08-21T20:11:40Z,0.2.0,,Landscape Recognition is optional and not included in the core score.,partial,43.194,43.194,100,,official,landscape_core,true
080229,Berga,14,Berguedà,2024-2026,22.3751,67.233602,45.823815,9.158226,772.946503,551.62251,1170.652185,619.029675,17.82436,190.462008,0.272016,false,,,,,66.2035,11.111,63.8583,5.355,,42.7168,90,derived,icgc_landcover_2024;gencat_protected_areas;icgc_coast_202602,,2026-08-21T20:11:40Z,0.2.0,,Landscape Recognition is optional and not included in the core score.,partial,42.7168,42.7168,100,,official,landscape_core,true
080235,Bigues i Riells del Fai,41,Vallès Oriental,2024-2026,28.6218,67.8437,49.904026,34.493441,356.535664,217.719867,523.741772,306.021906,13.762859,99.4414,0.6093,false,,,,,66.8869,41.8483,40.0439,12.1772,,45.7101,90,derived,icgc_landcover_2024;gencat_protected_areas;icgc_coast_202602,,2026-08-21T20:11:40Z,0.2.0,,Landscape Recognition is optional and not included in the core score.,partial,45.7101,45.7101,100,,official,landscape_core,true
080240,Borredà,14,Berguedà,2024-2026,43.3751,91.195092,84.204642,0.705548,861.008404,720.551147,1079.501709,358.950562,17.534169,106.848432,0.221248,false,,,,,93.0427,0.856,51.0167,4.3282,,46.1823,90,derived,icgc_landcover_2024;gencat_protected_areas;icgc_coast_202602,,2026-08-21T20:11:40Z,0.2.0,,Landscape Recognition is optional and not included in the core score.,partial,46.1823,46.1823,100,,official,landscape_core,true
080253,el Bruc,06,Anoia,2024-2026,47.3829,86.697806,54.314354,62.522928,566.846716,414.654108,880.021106,465.366998,16.327615,136.619277,0.023465,false,,,,,88.0053,75.8544,53.2868,0.3276,,63.1363,90,derived,icgc_landcover_2024;gencat_protected_areas;icgc_coast_202602,,2026-08-21T20:11:40Z,0.2.0,,Landscape Recognition is optional and not included in the core score.,partial,63.1363,63.1363,100,,official,landscape_core,true
080266,el Brull,24,Osona,2024-2026,41.1557,88.801702,72.75308,84.242878,906.741998,596.635742,1268.280273,671.644531,19.821275,212.715991,0.245615,false,,,,,90.3618,100,70.8207,4.821,,75.055,90,derived,icgc_landcover_2024;gencat_protected_areas;icgc_coast_202602,,2026-08-21T20:11:40Z,0.2.0,,Landscape Recognition is optional and not included in the core score.,partial,75.055,75.055,100,,official,landscape_core,true
080272,les Cabanyes,03,Alt Penedès,2024-2026,1.1527,8.472193,1.084899,0,248.232357,225.122662,266.69761,41.574949,3.003089,11.87019,0.060898,false,,,,,0.3851,0,3.4221,1.0847,,1.153,90,derived,icgc_landcover_2024;gencat_protected_areas;icgc_coast_202602,,2026-08-21T20:11:40Z,0.2.0,,Landscape Recognition is optional and not included in the core score.,partial,1.153,1.153,100,,official,landscape_core,true
080288,Cabrera d'Anoia,06,Anoia,2024-2026,17.0837,71.822341,62.030171,76.576558,296.316732,182.041187,462.360419,280.319232,13.281136,78.109964,0.877863,false,,,,,71.3433,92.9047,37.7547,17.6095,,60.2764,90,derived,icgc_landcover_2024;gencat_protected_areas;icgc_coast_202602,,2026-08-21T20:11:40Z,0.2.0,,Landscape Recognition is optional and not included in the core score.,partial,60.2764,60.2764,100,,official,landscape_core,true
080291,Cabrera de Mar,21,Maresme,2024-2026,8.9359,40.994684,25.951807,25.693637,100.882809,6.044566,291.833171,285.788605,9.112041,94.280134,1.101473,true,,,,,36.8134,31.1722,28.6229,62.1324,,37.1533,90,derived,icgc_landcover_2024;gencat_protected_areas;icgc_coast_202602,,2026-08-21T20:11:40Z,0.2.0,,Landscape Recognition is optional and not included in the core score.,partial,37.1533,37.1533,100,,official,landscape_core,true
080305,Cabrils,21,Maresme,2024-2026,6.9608,52.672198,42.417954,39.091274,218.674375,73.273587,406.623938,333.350351,13.975479,99.343389,0.49596,false,,,,,49.8933,47.4265,41.8034,9.8847,,41.2528,90,derived,icgc_landcover_2024;gencat_protected_areas;icgc_coast_202602,,2026-08-21T20:11:40Z,0.2.0,,Landscape Recognition is optional and not included in the core score.,partial,41.2528,41.2528,100,,official,landscape_core,true
080312,Calaf,06,Anoia,2024-2026,9.242,15.691342,5.234201,0,685.477591,646.097067,744.219083,98.122015,5.732741,31.742472,0.126536,false,,,,,8.4712,0,12.2188,2.4124,,6.3815,90,derived,icgc_landcover_2024;gencat_protected_areas;icgc_coast_202602,,2026-08-21T20:11:40Z,0.2.0,,Landscape Recognition is optional and not included in the core score.,partial,6.3815,6.3815,100,,official,landscape_core,true
080327,Caldes d'Estrac,21,Maresme,2024-2026,0.8353,34.318339,16.17767,0,51.576711,3.412347,105.811275,102.398929,11.655278,34.113682,0.006459,true,,,,,29.3353,0,25.7556,40,,22.7063,90,derived,icgc_landcover_2024;gencat_protected_areas;icgc_coast_202602,,2026-08-21T20:11:40Z,0.2.0,,Landscape Recognition is optional and not included in the core score.,partial,22.7063,22.7063,100,,official,landscape_core,true
080333,Caldes de Montbui,41,Vallès Oriental,2024-2026,37.5327,65.752915,54.557922,0,359.782995,175.155521,656.863205,481.707684,13.122839,156.573823,0.904222,false,,,,,64.545,0,46.8359,18.1426,,37.0211,90,derived,icgc_landcover_2024;gencat_protected_areas;icgc_coast_202602,,2026-08-21T20:11:40Z,0.2.0,,Landscape Recognition is optional and not included in the core score.,partial,37.0211,37.0211,100,,official,landscape_core,true
080348,Calders,42,Moianès,2024-2026,32.9913,72.714927,59.268101,0,434.200552,304.687393,619.226672,314.539279,11.616745,96.862332,0.328741,false,,,,,72.3431,0,35.6105,6.5024,,35.1981,90,derived,icgc_landcover_2024;gencat_protected_areas;icgc_coast_202602,,2026-08-21T20:11:40Z,0.2.0,,Landscape Recognition is optional and not included in the core score.,partial,35.1981,35.1981,100,,official,landscape_core,true
080351,Calella,21,Maresme,2024-2026,8.0215,64.721046,32.909506,0.039039,107.339173,4.691385,309.643622,304.952237,13.999581,91.961579,2.760118,true,,,,,63.3892,0.0474,40.5269,95.6817,,46.682,90,derived,icgc_landcover_2024;gencat_protected_areas;icgc_coast_202602,,2026-08-21T20:11:40Z,0.2.0,,Landscape Recognition is optional and not included in the core score.,partial,46.682,46.682,100,,official,landscape_core,true
080364,Calonge de Segarra,06,Anoia,2024-2026,37.1128,44.917595,28.747741,0.00247,626.40526,532.889008,738.645789,205.756781,10.395216,58.819918,0.007672,false,,,,,41.2074,0.003,27.7619,0.0082,,21.365,90,derived,icgc_landcover_2024;gencat_protected_areas;icgc_coast_202602,,2026-08-21T20:11:40Z,0.2.0,,Landscape Recognition is optional and not included in the core score.,partial,21.365,21.365,100,,official,landscape_core,true
080370,Calldetenes,24,Osona,2024-2026,5.7153,19.227326,8.124064,0,521.035086,480.966541,570.510742,89.544202,3.80785,27.922517,0.12896,false,,,,,12.4319,0,7.4822,2.4614,,6.5909,90,derived,icgc_landcover_2024;gencat_protected_areas;icgc_coast_202602,,2026-08-21T20:11:40Z,0.2.0,,Landscape Recognition is optional and not included in the core score.,partial,6.5909,6.5909,100,,official,landscape_core,true
080386,Callús,07,Bages,2024-2026,12.387,60.493213,43.203819,0,337.211058,250.128555,450.266357,200.137802,11.021447,59.995943,0.781568,false,,,,,58.6536,0,28.9087,15.6617,,30.1052,90,derived,icgc_landcover_2024;gencat_protected_areas;icgc_coast_202602,,2026-08-21T20:11:40Z,0.2.0,,Landscape Recognition is optional and not included in the core score.,partial,30.1052,30.1052,100,,official,landscape_core,true
080399,Campins,41,Vallès Oriental,2024-2026,7.4769,85.10107,78.913108,33.970617,371.975177,237.090008,652.04747,414.957462,15.670927,130.146401,0.062756,false,,,,,86.2168,41.214,49.4457,1.1223,,53.0092,90,derived,icgc_landcover_2024;gencat_protected_areas;icgc_coast_202602,,2026-08-21T20:11:40Z,0.2.0,,Landscape Recognition is optional and not included in the core score.,partial,53.0092,53.0092,100,,official,landscape_core,true
080403,Canet de Mar,21,Maresme,2024-2026,5.5442,56.038561,35.077711,0,101.456929,5.277223,251.577843,246.30062,10.729106,75.116481,1.846052,true,,,,,53.664,0,30.4138,77.1929,,37.9648,90,derived,icgc_landcover_2024;gencat_protected_areas;icgc_coast_202602,,2026-08-21T20:11:40Z,0.2.0,,Landscape Recognition is optional and not included in the core score.,partial,37.9648,37.9648,100,,official,landscape_core,true
080410,Canovelles,41,Vallès Oriental,2024-2026,6.8182,27.569922,19.313988,1.109392,187.451912,152.140114,224.53154,72.391426,5.315304,22.966205,0.281425,false,,,,,21.7764,1.3459,10.0729,5.5453,,11.3082,90,derived,icgc_landcover_2024;gencat_protected_areas;icgc_coast_202602,,2026-08-21T20:11:40Z,0.2.0,,Landscape Recognition is optional and not included in the core score.,partial,11.3082,11.3082,100,,official,landscape_core,true
080425,Cànoves i Samalús,41,Vallès Oriental,2024-2026,29.1342,78.375099,73.268446,62.500185,549.255809,295.584991,925.12196,629.536969,18.346835,207.070371,0.458247,false,,,,,78.683,75.8268,65.5272,9.1219,,64.2458,90,derived,icgc_landcover_2024;gencat_protected_areas;icgc_coast_202602,,2026-08-21T20:11:40Z,0.2.0,,Landscape Recognition is optional and not included in the core score.,partial,64.2458,64.2458,100,,official,landscape_core,true
080431,Canyelles,17,Garraf,2024-2026,14.1091,70.185877,41.514817,23.08588,198.135976,112.171139,342.871048,230.699909,13.145914,66.311606,0.047206,false,,,,,69.5103,28.0084,35.1249,0.8078,,40.2331,90,derived,icgc_landcover_2024;gencat_protected_areas;icgc_coast_202602,,2026-08-21T20:11:40Z,0.2.0,,Landscape Recognition is optional and not included in the core score.,partial,40.2331,40.2331,100,,official,landscape_core,true
080446,Capellades,06,Anoia,2024-2026,2.9186,65.61837,36.942245,30.991463,355.90102,248.122894,494.902542,246.779648,15.828132,76.512428,1.67371,false,,,,,64.3943,37.5996,41.9184,33.707,,47.4735,90,derived,icgc_landcover_2024;gencat_protected_areas;icgc_coast_202602,,2026-08-21T20:11:40Z,0.2.0,,Landscape Recognition is optional and not included in the core score.,partial,47.4735,47.4735,100,,official,landscape_core,true
080459,Capolat,14,Berguedà,2024-2026,34.3476,90.414838,81.432168,48.084531,1178.693473,953.110486,1414.881439,461.770953,19.82009,142.583565,0.030183,false,,,,,92.1687,58.3374,60.9827,0.4635,,62.1586,90,derived,icgc_landcover_2024;gencat_protected_areas;icgc_coast_202602,,2026-08-21T20:11:40Z,0.2.0,,Landscape Recognition is optional and not included in the core score.,partial,62.1586,62.1586,100,,official,landscape_core,true
080462,Cardedeu,41,Vallès Oriental,2024-2026,12.2775,26.878787,18.764919,0,220.156347,168.624469,278.484244,109.859775,4.603641,32.772521,0.404704,false,,,,,21.0022,0,10.2263,8.0389,,11.1132,90,derived,icgc_landcover_2024;gencat_protected_areas;icgc_coast_202602,,2026-08-21T20:11:40Z,0.2.0,,Landscape Recognition is optional and not included in the core score.,partial,11.1132,11.1132,100,,official,landscape_core,true
080478,Cardona,07,Bages,2024-2026,66.3923,62.732254,48.074223,2.096116,535.154671,404.397217,690.909668,286.512451,11.898051,85.805438,0.228022,false,,,,,61.1616,2.5431,34.9305,4.4651,,31.4447,90,derived,icgc_landcover_2024;gencat_protected_areas;icgc_coast_202602,,2026-08-21T20:11:40Z,0.2.0,,Landscape Recognition is optional and not included in the core score.,partial,31.4447,31.4447,100,,official,landscape_core,true
080484,Carme,06,Anoia,2024-2026,11.325,66.520022,54.000893,1.15625,396.812251,312.359531,515.255768,202.896237,10.255128,70.450775,0.033963,false,,,,,65.4042,1.4028,27.3124,0.5399,,30.1513,90,derived,icgc_landcover_2024;gencat_protected_areas;icgc_coast_202602,,2026-08-21T20:11:40Z,0.2.0,,Landscape Recognition is optional and not included in the core score.,partial,30.1513,30.1513,100,,official,landscape_core,true
080497,Casserres,14,Berguedà,2024-2026,29.196,56.619465,33.716252,10.664997,569.495849,480.546768,660.867184,180.320416,8.962214,56.771166,0.294485,false,,,,,54.3146,12.939,23.343,5.8095,,28.952,90,derived,icgc_landcover_2024;gencat_protected_areas;icgc_coast_202602,,2026-08-21T20:11:40Z,0.2.0,,Landscape Recognition is optional and not included in the core score.,partial,28.952,28.952,100,,official,landscape_core,true
080500,Castellar del Riu,14,Berguedà,2024-2026,32.8594,97.223151,84.662253,20.795711,1381.456613,976.12421,1891.688818,915.564609,21.273708,260.951017,0.007216,false,,,,,99.7947,25.2299,85.5222,0,,62.6162,90,derived,icgc_landcover_2024;gencat_protected_areas;icgc_coast_202602,,2026-08-21T20:11:40Z,0.2.0,,Landscape Recognition is optional and not included in the core score.,partial,62.6162,62.6162,100,,official,landscape_core,true
080517,Castellar del Vallès,40,Vallès Occidental,2024-2026,45.0705,77.862095,64.882608,28.567898,407.319603,246.820293,586.232709,339.412416,14.649072,113.013012,0.817053,false,,,,,78.1084,34.6593,43.6043,16.3794,,49.3608,90,derived,icgc_landcover_2024;gencat_protected_areas;icgc_coast_202602,,2026-08-21T20:11:40Z,0.2.0,,Landscape Recognition is optional and not included in the core score.,partial,49.3608,49.3608,100,,official,landscape_core,true
080522,Castellar de n'Hug,14,Berguedà,2024-2026,46.8524,98.887468,50.673287,82.518339,1528.550836,1082.295129,2021.81366,939.51853,22.076553,316.457529,0.007279,false,,,,,100,100,88.4526,0.0002,,82.1132,90,derived,icgc_landcover_2024;gencat_protected_areas;icgc_coast_202602,,2026-08-21T20:11:40Z,0.2.0,,Landscape Recognition is optional and not included in the core score.,partial,82.1132,82.1132,100,,official,landscape_core,true
080538,Castellbell i el Vilar,07,Bages,2024-2026,28.4659,78.039742,45.395554,59.785938,276.946371,156.110556,423.337628,267.227072,15.498894,83.192163,2.285372,false,,,,,78.3074,72.5338,42.1351,46.079,,62.9867,90,derived,icgc_landcover_2024;gencat_protected_areas;icgc_coast_202602,,2026-08-21T20:11:40Z,0.2.0,,Landscape Recognition is optional and not included in the core score.,partial,62.9867,62.9867,100,,official,landscape_core,true
080543,Castellbisbal,40,Vallès Occidental,2024-2026,30.9644,59.438987,24.44113,0.866218,113.468435,38.696331,207.848206,169.151874,10.774328,53.868494,3.860636,false,,,,,57.4728,1.0509,26.9002,60,,36.1032,90,derived,icgc_landcover_2024;gencat_protected_areas;icgc_coast_202602,,2026-08-21T20:11:40Z,0.2.0,,Landscape Recognition is optional and not included in the core score.,partial,36.1032,36.1032,100,,official,landscape_core,true
080556,Castellcir,42,Moianès,2024-2026,33.9376,83.687265,73.527428,26.760873,716.049575,547.299103,839.311728,292.012625,14.417569,83.854393,0.088009,false,,,,,84.6332,32.467,40.8618,1.6331,,48.1988,90,derived,icgc_landcover_2024;gencat_protected_areas;icgc_coast_202602,,2026-08-21T20:11:40Z,0.2.0,,Landscape Recognition is optional and not included in the core score.,partial,48.1988,48.1988,100,,official,landscape_core,true
080569,Castelldefels,11,Baix Llobregat,2024-2026,12.9072,34.65871,15.225452,15.612304,41.018749,1.535996,176.314742,174.778745,7.456258,59.524798,1.854099,true,,,,,29.7165,18.9413,19.6921,77.3557,,31.6625,90,derived,icgc_landcover_2024;gencat_protected_areas;icgc_coast_202602,,2026-08-21T20:11:40Z,0.2.0,,Landscape Recognition is optional and not included in the core score.,partial,31.6625,31.6625,100,,official,landscape_core,true
080575,Castell de l'Areny,14,Berguedà,2024-2026,24.5985,98.009893,88.448988,49.424842,1216.091078,847.150745,1665.153931,818.003186,24.367873,275.875003,0.006983,false,,,,,100,59.9635,86.4504,0,,71.6035,90,derived,icgc_landcover_2024;gencat_protected_areas;icgc_coast_202602,,2026-08-21T20:11:40Z,0.2.0,,Landscape Recognition is optional and not included in the core score.,partial,71.6035,71.6035,100,,official,landscape_core,true
080581,Castellet i la Gornal,03,Alt Penedès,2024-2026,46.7762,55.991976,30.382154,41.539908,174.449179,101.042786,307.40643,206.363644,9.680499,61.892411,0.307502,false,,,,,53.6118,50.3973,26.1809,6.0728,,38.8196,90,derived,icgc_landcover_2024;gencat_protected_areas;icgc_coast_202602,,2026-08-21T20:11:40Z,0.2.0,,Landscape Recognition is optional and not included in the core score.,partial,38.8196,38.8196,100,,official,landscape_core,true
080594,Castellfollit del Boix,07,Bages,2024-2026,59.3555,76.261289,56.261139,0,611.986612,447.147296,781.672531,334.525235,14.342846,100.682877,0.091443,false,,,,,76.3154,0,42.6857,1.7026,,37.6372,90,derived,icgc_landcover_2024;gencat_protected_areas;icgc_coast_202602,,2026-08-21T20:11:40Z,0.2.0,,Landscape Recognition is optional and not included in the core score.,partial,37.6372,37.6372,100,,official,landscape_core,true
080608,Castellfollit de Riubregós,06,Anoia,2024-2026,26.2786,50.997644,33.106943,17.70419,575.784034,474.247444,687.927319,213.679875,10.415106,61.472558,0.02559,false,,,,,48.0177,21.4792,28.178,0.3706,,29.2761,90,derived,icgc_landcover_2024;gencat_protected_areas;icgc_coast_202602,,2026-08-21T20:11:40Z,0.2.0,,Landscape Recognition is optional and not included in the core score.,partial,29.2761,29.2761,100,,official,landscape_core,true
080615,Castellgalí,07,Bages,2024-2026,17.1557,70.084941,57.086924,0,276.720302,171.339584,398.996434,227.65685,13.13065,75.126688,1.622229,false,,,,,69.3973,0,34.9479,32.6657,,37.9259,90,derived,icgc_landcover_2024;gencat_protected_areas;icgc_coast_202602,,2026-08-21T20:11:40Z,0.2.0,,Landscape Recognition is optional and not included in the core score.,partial,37.9259,37.9259,100,,official,landscape_core,true
080620,Castellnou de Bages,07,Bages,2024-2026,29.121,75.696565,61.531594,0,467.133984,370.877838,567.20929,196.331451,12.624774,60.133316,0.045652,false,,,,,75.6828,0,32.3408,0.7763,,34.6906,90,derived,icgc_landcover_2024;gencat_protected_areas;icgc_coast_202602,,2026-08-21T20:11:40Z,0.2.0,,Landscape Recognition is optional and not included in the core score.,partial,34.6906,34.6906,100,,official,landscape_core,true
080636,Castellolí,06,Anoia,2024-2026,25.3393,79.168613,63.749959,0,487.504375,352.975433,620.095117,267.119684,14.25404,79.987274,0.121422,false,,,,,79.5719,0,39.3269,2.309,,38.0282,90,derived,icgc_landcover_2024;gencat_protected_areas;icgc_coast_202602,,2026-08-21T20:11:40Z,0.2.0,,Landscape Recognition is optional and not included in the core score.,partial,38.0282,38.0282,100,,official,landscape_core,true
080641,Castellterçol,42,Moianès,2024-2026,31.9423,81.108078,70.68416,17.954465,711.269306,598.786609,846.672644,247.886035,14.264951,73.903594,0.007139,false,,,,,81.7442,21.7828,38.4502,0,,43.6687,90,derived,icgc_landcover_2024;gencat_protected_areas;icgc_coast_202602,,2026-08-21T20:11:40Z,0.2.0,,Landscape Recognition is optional and not included in the core score.,partial,43.6687,43.6687,100,,official,landscape_core,true
080654,Castellví de la Marca,03,Alt Penedès,2024-2026,28.6573,35.942506,23.009723,23.216298,258.114475,171.064877,407.51745,236.452573,7.093337,75.473645,0.656549,false,,,,,31.1545,28.1666,21.7651,13.1329,,25.357,90,derived,icgc_landcover_2024;gencat_protected_areas;icgc_coast_202602,,2026-08-21T20:11:40Z,0.2.0,,Landscape Recognition is optional and not included in the core score.,partial,25.357,25.357,100,,official,landscape_core,true
080667,Castellví de Rosanes,11,Baix Llobregat,2024-2026,16.3924,83.315629,68.012495,21.573741,230.958068,80.513184,429.267395,348.754211,15.629746,105.111276,0.966475,false,,,,,84.2169,26.1738,46.2505,19.4018,,50.4922,90,derived,icgc_landcover_2024;gencat_protected_areas;icgc_coast_202602,,2026-08-21T20:11:40Z,0.2.0,,Landscape Recognition is optional and not included in the core score.,partial,50.4922,50.4922,100,,official,landscape_core,true
080673,Centelles,24,Osona,2024-2026,15.3398,56.143586,42.502263,2.422897,620.936166,461.551483,930.443372,468.891888,12.984114,137.854172,0.114953,false,,,,,53.7816,2.9395,45.923,2.1781,,31.3659,90,derived,icgc_landcover_2024;gencat_protected_areas;icgc_coast_202602,,2026-08-21T20:11:40Z,0.2.0,,Landscape Recognition is optional and not included in the core score.,partial,31.3659,31.3659,100,,official,landscape_core,true
080689,Cervelló,11,Baix Llobregat,2024-2026,24.13,78.806201,66.618575,55.047525,268.293868,80.444275,494.714613,414.270339,16.670899,133.887688,0.60056,false,,,,,79.1659,66.7851,51.6653,12.0004,,59.1207,90,derived,icgc_landcover_2024;gencat_protected_areas;icgc_coast_202602,,2026-08-21T20:11:40Z,0.2.0,,Landscape Recognition is optional and not included in the core score.,partial,59.1207,59.1207,100,,official,landscape_core,true
080692,Collbató,11,Baix Llobregat,2024-2026,18.0568,77.346246,40.974959,74.625186,497.544194,206.865402,963.673233,756.807831,20.769769,240.502966,0.441502,false,,,,,77.5306,90.5372,76.9476,8.7832,,70.3244,90,derived,icgc_landcover_2024;gencat_protected_areas;icgc_coast_202602,,2026-08-21T20:11:40Z,0.2.0,,Landscape Recognition is optional and not included in the core score.,partial,70.3244,70.3244,100,,official,landscape_core,true
080706,Collsuspina,42,Moianès,2024-2026,15.1276,69.295,55.338757,54.340059,923.685965,828.143979,1024.962421,196.818442,13.616784,59.685226,0.1109,false,,,,,68.5125,65.9268,34.5974,2.0961,,49.4248,90,derived,icgc_landcover_2024;gencat_protected_areas;icgc_coast_202602,,2026-08-21T20:11:40Z,0.2.0,,Landscape Recognition is optional and not included in the core score.,partial,49.4248,49.4248,100,,official,landscape_core,true
080713,Copons,06,Anoia,2024-2026,18.6889,63.899703,34.859293,0,566.155453,425.926096,718.501529,292.575433,13.818745,84.773675,0.014377,false,,,,,62.4692,0,39.5396,0.1438,,31.7707,90,derived,icgc_landcover_2024;gencat_protected_areas;icgc_coast_202602,,2026-08-21T20:11:40Z,0.2.0,,Landscape Recognition is optional and not included in the core score.,partial,31.7707,31.7707,100,,official,landscape_core,true
080728,Corbera de Llobregat,11,Baix Llobregat,2024-2026,18.2971,66.778352,53.821627,1.26143,286.702689,106.010957,518.753247,412.74229,15.394937,120.306221,0.843516,false,,,,,65.6936,1.5304,48.7203,16.9147,,38.0927,90,derived,icgc_landcover_2024;gencat_protected_areas;icgc_coast_202602,,2026-08-21T20:11:40Z,0.2.0,,Landscape Recognition is optional and not included in the core score.,partial,38.0927,38.0927,100,,official,landscape_core,true
080734,Cornellà de Llobregat,11,Baix Llobregat,2024-2026,6.9281,6.690885,0.034395,4.376741,21.022796,8.051656,59.022746,50.97109,2.044741,17.573692,2.511937,false,,,,,0,5.31,1.7044,50.6617,,9.3528,90,derived,icgc_landcover_2024;gencat_protected_areas;icgc_coast_202602,,2026-08-21T20:11:40Z,0.2.0,,Landscape Recognition is optional and not included in the core score.,partial,9.3528,9.3528,100,,official,landscape_core,true
080749,Cubelles,17,Garraf,2024-2026,13.5737,49.370129,28.566983,1.703368,45.150369,2.64264,130.078725,127.436085,7.652969,41.249765,0.379943,true,,,,,46.1947,2.0666,17.9165,47.538,,28.2946,90,derived,icgc_landcover_2024;gencat_protected_areas;icgc_coast_202602,,2026-08-21T20:11:40Z,0.2.0,,Landscape Recognition is optional and not included in the core score.,partial,28.2946,28.2946,100,,official,landscape_core,true
080752,Dosrius,21,Maresme,2024-2026,40.6288,86.905936,80.620218,44.944702,318.104334,159.20546,509.787903,350.582443,14.722425,109.490272,0.184487,false,,,,,88.2384,54.5281,44.293,3.5846,,56.1264,90,derived,icgc_landcover_2024;gencat_protected_areas;icgc_coast_202602,,2026-08-21T20:11:40Z,0.2.0,,Landscape Recognition is optional and not included in the core score.,partial,56.1264,56.1264,100,,official,landscape_core,true
080765,Esparreguera,11,Baix Llobregat,2024-2026,27.3013,64.443514,30.878065,35.398811,211.248992,86.634399,383.148639,296.51424,13.358117,85.457749,2.262317,false,,,,,63.0783,42.9468,38.687,45.6127,,49.3278,90,derived,icgc_landcover_2024;gencat_protected_areas;icgc_coast_202602,,2026-08-21T20:11:40Z,0.2.0,,Landscape Recognition is optional and not included in the core score.,partial,49.3278,49.3278,100,,official,landscape_core,true
080771,Esplugues de Llobregat,11,Baix Llobregat,2024-2026,4.5114,17.477119,5.005184,15.002106,122.254858,61.733406,256.118027,194.384621,7.275987,62.68234,0.296887,false,,,,,10.4715,18.2009,20.205,5.8581,,14.1452,90,derived,icgc_landcover_2024;gencat_protected_areas;icgc_coast_202602,,2026-08-21T20:11:40Z,0.2.0,,Landscape Recognition is optional and not included in the core score.,partial,14.1452,14.1452,100,,official,landscape_core,true
080787,l'Espunyola,14,Berguedà,2024-2026,35.6393,66.067292,58.777054,2.899215,818.929893,653.710391,1041.557196,387.846805,12.656054,118.458385,0.05538,false,,,,,64.8971,3.5174,41.3863,0.9731,,34.0859,90,derived,icgc_landcover_2024;gencat_protected_areas;icgc_coast_202602,,2026-08-21T20:11:40Z,0.2.0,,Landscape Recognition is optional and not included in the core score.,partial,34.0859,34.0859,100,,official,landscape_core,true
080790,l'Estany,42,Moianès,2024-2026,10.2438,81.289576,69.91386,80.135565,854.44777,741.590646,953.195602,211.604956,17.062005,62.55163,0.011493,false,,,,,81.9475,97.2225,43.0484,0.0854,,63.7622,90,derived,icgc_landcover_2024;gencat_protected_areas;icgc_coast_202602,,2026-08-21T20:11:40Z,0.2.0,,Landscape Recognition is optional and not included in the core score.,partial,63.7622,63.7622,100,,official,landscape_core,true
080804,Fígols,14,Berguedà,2024-2026,29.3929,98.174467,77.570778,35.891495,1645.424565,1159.290283,2114.69751,955.407227,21.714018,268.291787,0.004641,false,,,,,100,43.5445,88.3809,0,,67.9813,90,derived,icgc_landcover_2024;gencat_protected_areas;icgc_coast_202602,,2026-08-21T20:11:40Z,0.2.0,,Landscape Recognition is optional and not included in the core score.,partial,67.9813,67.9813,100,,official,landscape_core,true
080811,Fogars de Montclús,41,Vallès Oriental,2024-2026,40.068,92.920917,79.571932,88.823445,864.679741,288.998737,1477.217456,1188.218719,20.488456,370.835171,0.14532,false,,,,,94.9758,100,92.7314,2.7923,,81.8432,90,derived,icgc_landcover_2024;gencat_protected_areas;icgc_coast_202602,,2026-08-21T20:11:40Z,0.2.0,,Landscape Recognition is optional and not included in the core score.,partial,81.8432,81.8432,100,,official,landscape_core,true
080826,Fogars de la Selva,34,Selva,2024-2026,32.1689,85.481879,77.758928,46.747317,138.20369,42.499051,302.354642,259.855591,13.232567,83.999006,0.070361,false,,,,,86.6433,56.7151,36.6864,1.2761,,53.8669,90,derived,icgc_landcover_2024;gencat_protected_areas;icgc_coast_202602,,2026-08-21T20:11:40Z,0.2.0,,Landscape Recognition is optional and not included in the core score.,partial,53.8669,53.8669,100,,official,landscape_core,true
080832,Folgueroles,24,Osona,2024-2026,10.9284,34.451613,25.181381,0.751674,554.110497,471.795453,710.513403,238.71795,6.731478,74.86394,0.123889,false,,,,,29.4845,0.912,21.0564,2.3588,,16.1655,90,derived,icgc_landcover_2024;gencat_protected_areas;icgc_coast_202602,,2026-08-21T20:11:40Z,0.2.0,,Landscape Recognition is optional and not included in the core score.,partial,16.1655,16.1655,100,,official,landscape_core,true
080847,Fonollosa,07,Bages,2024-2026,52.4796,59.101733,46.827713,0.562163,480.408582,303.360039,665.944595,362.584557,11.518746,113.268981,0.026704,false,,,,,57.095,0.682,37.6413,0.3931,,29.623,90,derived,icgc_landcover_2024;gencat_protected_areas;icgc_coast_202602,,2026-08-21T20:11:40Z,0.2.0,,Landscape Recognition is optional and not included in the core score.,partial,29.623,29.623,100,,official,landscape_core,true
080850,Font-rubí,03,Alt Penedès,2024-2026,37.1574,38.86547,27.378468,11.252621,383.666475,242.082357,682.119998,440.037641,7.704108,133.467981,0.312935,false,,,,,34.4285,13.652,32.6811,6.1827,,24.5607,90,derived,icgc_landcover_2024;gencat_protected_areas;icgc_coast_202602,,2026-08-21T20:11:40Z,0.2.0,,Landscape Recognition is optional and not included in the core score.,partial,24.5607,24.5607,100,,official,landscape_core,true
080863,les Franqueses del Vallès,41,Vallès Oriental,2024-2026,29.3633,32.598797,25.434699,4.680074,235.87258,174.23192,323.234024,149.002104,6.052547,44.926078,0.78719,false,,,,,27.4092,5.678,15.3233,15.7754,,17.2099,90,derived,icgc_landcover_2024;gencat_protected_areas;icgc_coast_202602,,2026-08-21T20:11:40Z,0.2.0,,Landscape Recognition is optional and not included in the core score.,partial,17.2099,17.2099,100,,official,landscape_core,true
080879,Gallifa,40,Vallès Occidental,2024-2026,16.3286,91.60373,73.946896,52.428015,616.978612,406.754987,887.2974,480.542413,19.880671,152.407684,0.025405,false,,,,,93.5004,63.607,61.9988,0.3668,,64.1816,90,derived,icgc_landcover_2024;gencat_protected_areas;icgc_coast_202602,,2026-08-21T20:11:40Z,0.2.0,,Landscape Recognition is optional and not included in the core score.,partial,64.1816,64.1816,100,,official,landscape_core,true
080885,la Garriga,41,Vallès Oriental,2024-2026,19.0079,64.253473,54.883138,33.190914,339.024808,216.938675,548.439667,331.500992,13.360972,105.488619,0.665047,false,,,,,62.8655,40.2681,40.3331,13.3048,,44.1489,90,derived,icgc_landcover_2024;gencat_protected_areas;icgc_coast_202602,,2026-08-21T20:11:40Z,0.2.0,,Landscape Recognition is optional and not included in the core score.,partial,44.1489,44.1489,100,,official,landscape_core,true
080898,Gavà,11,Baix Llobregat,2024-2026,30.618,58.522148,27.475814,36.454907,114.660142,1.229443,389.995111,388.765668,9.700977,135.076033,0.982887,true,,,,,56.4458,44.228,34.775,59.7338,,48.4668,90,derived,icgc_landcover_2024;gencat_protected_areas;icgc_coast_202602,,2026-08-21T20:11:40Z,0.2.0,,Landscape Recognition is optional and not included in the core score.,partial,48.4668,48.4668,100,,official,landscape_core,true
080902,Gaià,07,Bages,2024-2026,39.3429,78.927147,72.559145,16.192552,493.003548,373.97258,627.335815,253.363235,12.217077,77.436734,0.21639,false,,,,,79.3014,19.6452,34.0954,4.2299,,41.8251,90,derived,icgc_landcover_2024;gencat_protected_areas;icgc_coast_202602,,2026-08-21T20:11:40Z,0.2.0,,Landscape Recognition is optional and not included in the core score.,partial,41.8251,41.8251,100,,official,landscape_core,true
080919,Gelida,03,Alt Penedès,2024-2026,26.4941,63.492852,46.031024,32.687509,249.944802,88.015094,544.209784,456.19469,13.333193,147.236317,1.498515,false,,,,,62.0135,39.6573,46.1141,30.1633,,47.6721,90,derived,icgc_landcover_2024;gencat_protected_areas;icgc_coast_202602,,2026-08-21T20:11:40Z,0.2.0,,Landscape Recognition is optional and not included in the core score.,partial,47.6721,47.6721,100,,official,landscape_core,true
080924,Gironella,14,Berguedà,2024-2026,6.846,38.767509,20.575407,0,481.968297,435.550879,529.144629,93.59375,8.09564,29.27727,1.675997,false,,,,,34.3187,0,17.3273,33.7532,,21.4064,90,derived,icgc_landcover_2024;gencat_protected_areas;icgc_coast_202602,,2026-08-21T20:11:40Z,0.2.0,,Landscape Recognition is optional and not included in the core score.,partial,21.4064,21.4064,100,,official,landscape_core,true
080930,Gisclareny,14,Berguedà,2024-2026,36.7045,99.825848,69.592292,100,1393.146411,953.256406,2148.376489,1195.120084,28.674631,354.50731,0,false,,,,,100,100,100,0,,85,90,derived,icgc_landcover_2024;gencat_protected_areas;icgc_coast_202602,,2026-08-21T20:11:40Z,0.2.0,,Landscape Recognition is optional and not included in the core score.,partial,85,85,100,,official,landscape_core,true
080945,la Granada,03,Alt Penedès,2024-2026,6.4314,10.906503,1.362213,0,247.971367,198.885635,286.899841,88.014206,2.846102,24.082416,0.2756,false,,,,,3.1118,0,5.2448,5.4275,,3.2145,90,derived,icgc_landcover_2024;gencat_protected_areas;icgc_coast_202602,,2026-08-21T20:11:40Z,0.2.0,,Landscape Recognition is optional and not included in the core score.,partial,3.2145,3.2145,100,,official,landscape_core,true
080958,Granera,42,Moianès,2024-2026,23.5727,92.917499,56.618617,35.365269,708.251029,576.690552,861.134863,284.444312,15.524332,87.698595,0.053951,false,,,,,94.9719,42.9061,42.9993,0.9442,,54.8581,90,derived,icgc_landcover_2024;gencat_protected_areas;icgc_coast_202602,,2026-08-21T20:11:40Z,0.2.0,,Landscape Recognition is optional and not included in the core score.,partial,54.8581,54.8581,100,,official,landscape_core,true
080961,Granollers,41,Vallès Oriental,2024-2026,14.8582,16.416465,3.854417,4.531385,141.357066,101.760773,194.741287,92.980515,4.103075,26.878104,1.100447,false,,,,,9.2834,5.4976,8.308,22.1116,,10.0173,90,derived,icgc_landcover_2024;gencat_protected_areas;icgc_coast_202602,,2026-08-21T20:11:40Z,0.2.0,,Landscape Recognition is optional and not included in the core score.,partial,10.0173,10.0173,100,,official,landscape_core,true
080977,Gualba,41,Vallès Oriental,2024-2026,23.0849,90.218214,78.370903,44.197825,357.625475,115.623888,891.660895,776.037007,17.48595,248.723612,0.047338,false,,,,,91.9485,53.6219,70.4541,0.8105,,63.3225,90,derived,icgc_landcover_2024;gencat_protected_areas;icgc_coast_202602,,2026-08-21T20:11:40Z,0.2.0,,Landscape Recognition is optional and not included in the core score.,partial,63.3225,63.3225,100,,official,landscape_core,true
080983,Sant Salvador de Guardiola,07,Bages,2024-2026,37.0937,73.495574,59.517413,0.010713,373.503054,272.949915,473.394606,200.444691,11.675246,64.160295,0.375067,false,,,,,73.2175,0.013,30.3954,7.4394,,34.3441,90,derived,icgc_landcover_2024;gencat_protected_areas;icgc_coast_202602,,2026-08-21T20:11:40Z,0.2.0,,Landscape Recognition is optional and not included in the core score.,partial,34.3441,34.3441,100,,official,landscape_core,true
080996,Guardiola de Berguedà,14,Berguedà,2024-2026,61.7385,96.748773,68.564809,64.467301,1270.771725,764.457117,1994.352039,1229.894922,25.820992,378.719861,0.215456,false,,,,,99.2633,78.2134,100,4.211,,79.9272,90,derived,icgc_landcover_2024;gencat_protected_areas;icgc_coast_202602,,2026-08-21T20:11:40Z,0.2.0,,Landscape Recognition is optional and not included in the core score.,partial,79.9272,79.9272,100,,official,landscape_core,true
081000,Gurb,24,Osona,2024-2026,51.2188,41.241585,30.459067,9.978889,573.792631,455.897101,772.409332,316.512231,8.894306,102.505825,0.274792,false,,,,,37.0899,12.1066,29.5725,5.4112,,24.2129,90,derived,icgc_landcover_2024;gencat_protected_areas;icgc_coast_202602,,2026-08-21T20:11:40Z,0.2.0,,Landscape Recognition is optional and not included in the core score.,partial,24.2129,24.2129,100,,official,landscape_core,true
081017,l'Hospitalet de Llobregat,13,Barcelonès,2024-2026,12.6044,5.149683,0.149487,3.133018,17.773933,5.405916,57.121168,51.715252,1.850452,17.825095,0.530811,false,,,,,0,3.8011,1.3017,10.5896,,2.8641,90,derived,icgc_landcover_2024;gencat_protected_areas;icgc_coast_202602,,2026-08-21T20:11:40Z,0.2.0,,Landscape Recognition is optional and not included in the core score.,partial,2.8641,2.8641,100,,official,landscape_core,true
081022,Igualada,06,Anoia,2024-2026,8.1999,21.183677,3.052332,0,334.832764,300.070862,378.562958,78.492096,4.966029,23.436149,0.13071,false,,,,,14.6232,0,9.5723,2.4968,,7.8857,90,derived,icgc_landcover_2024;gencat_protected_areas;icgc_coast_202602,,2026-08-21T20:11:40Z,0.2.0,,Landscape Recognition is optional and not included in the core score.,partial,7.8857,7.8857,100,,official,landscape_core,true
081038,Jorba,06,Anoia,2024-2026,31.0492,64.131915,48.109598,12.341218,473.531636,366.457401,614.165881,247.708481,12.95212,77.134653,0.011836,false,,,,,62.7293,14.9727,35.4856,0.0924,,34.5837,90,derived,icgc_landcover_2024;gencat_protected_areas;icgc_coast_202602,,2026-08-21T20:11:40Z,0.2.0,,Landscape Recognition is optional and not included in the core score.,partial,34.5837,34.5837,100,,official,landscape_core,true
081043,la Llacuna,06,Anoia,2024-2026,52.3359,74.131247,55.129911,42.536939,669.838633,535.268945,834.451892,299.182947,11.236784,94.217488,0.003314,false,,,,,73.9295,51.6069,34.0352,0,,47.2859,90,derived,icgc_landcover_2024;gencat_protected_areas;icgc_coast_202602,,2026-08-21T20:11:40Z,0.2.0,,Landscape Recognition is optional and not included in the core score.,partial,47.2859,47.2859,100,,official,landscape_core,true
081056,la Llagosta,41,Vallès Oriental,2024-2026,3.0197,39.622923,4.786191,0,48.59363,42.234958,53.700494,11.465536,1.627452,3.786077,3.571324,false,,,,,35.2769,0,0.2597,60,,21.4119,90,derived,icgc_landcover_2024;gencat_protected_areas;icgc_coast_202602,,2026-08-21T20:11:40Z,0.2.0,,Landscape Recognition is optional and not included in the core score.,partial,21.4119,21.4119,100,,official,landscape_core,true
081069,Llinars del Vallès,41,Vallès Oriental,2024-2026,27.6978,65.889752,55.542033,15.575536,249.425941,170.594482,373.523398,202.928915,10.599201,63.154931,0.471918,false,,,,,64.6983,18.8966,28.0887,9.3984,,35.8005,90,derived,icgc_landcover_2024;gencat_protected_areas;icgc_coast_202602,,2026-08-21T20:11:40Z,0.2.0,,Landscape Recognition is optional and not included in the core score.,partial,35.8005,35.8005,100,,official,landscape_core,true
081075,Lliçà d'Amunt,41,Vallès Oriental,2024-2026,22.3501,39.372244,27.750973,0,168.919543,121.423618,218.61051,97.186892,6.93821,30.282888,0.866809,false,,,,,34.9961,0,14.8894,17.3858,,18.5789,90,derived,icgc_landcover_2024;gencat_protected_areas;icgc_coast_202602,,2026-08-21T20:11:40Z,0.2.0,,Landscape Recognition is optional and not included in the core score.,partial,18.5789,18.5789,100,,official,landscape_core,true
081081,Lliçà de Vall,41,Vallès Oriental,2024-2026,10.764,30.023825,18.031304,3.470677,135.615939,99.09971,182.655563,83.555853,6.241036,26.462172,1.366083,false,,,,,24.525,4.2107,12.6807,27.4846,,16.9293,90,derived,icgc_landcover_2024;gencat_protected_areas;icgc_coast_202602,,2026-08-21T20:11:40Z,0.2.0,,Landscape Recognition is optional and not included in the core score.,partial,16.9293,16.9293,100,,official,landscape_core,true
081094,Lluçà,43,Lluçanès,2024-2026,53.2858,79.167031,69.527889,0.385958,736.966295,628.507593,850.394437,221.886844,13.385637,66.23024,0.128265,false,,,,,79.5701,0.4683,35.2517,2.4473,,37.1466,90,derived,icgc_landcover_2024;gencat_protected_areas;icgc_coast_202602,,2026-08-21T20:11:40Z,0.2.0,,Landscape Recognition is optional and not included in the core score.,partial,37.1466,37.1466,100,,official,landscape_core,true
081108,Malgrat de Mar,21,Maresme,2024-2026,8.7712,32.304257,12.216723,6.471247,20.703836,1.04721,119.376953,118.329743,4.19318,37.951835,1.554477,true,,,,,27.0793,7.8511,9.6989,71.2953,,24.5595,90,derived,icgc_landcover_2024;gencat_protected_areas;icgc_coast_202602,,2026-08-21T20:11:40Z,0.2.0,,Landscape Recognition is optional and not included in the core score.,partial,24.5595,24.5595,100,,official,landscape_core,true
081115,Malla,24,Osona,2024-2026,10.956,24.467513,15.984328,0.767279,535.349851,498.076572,604.302338,106.225766,4.813027,37.424348,0.129087,false,,,,,18.3014,0.9309,10.5274,2.464,,9.6397,90,derived,icgc_landcover_2024;gencat_protected_areas;icgc_coast_202602,,2026-08-21T20:11:40Z,0.2.0,,Landscape Recognition is optional and not included in the core score.,partial,9.6397,9.6397,100,,official,landscape_core,true
081120,Manlleu,24,Osona,2024-2026,17.1674,21.78284,6.999817,0,481.19637,444.468889,539.79426,95.325371,4.232711,29.071642,2.335111,false,,,,,15.2943,0,8.7098,47.0851,,14.5932,90,derived,icgc_landcover_2024;gencat_protected_areas;icgc_coast_202602,,2026-08-21T20:11:40Z,0.2.0,,Landscape Recognition is optional and not included in the core score.,partial,14.5932,14.5932,100,,official,landscape_core,true
081136,Manresa,07,Bages,2024-2026,41.6383,33.683616,15.928086,0,262.569262,202.967138,325.069507,122.102369,7.650661,37.505279,1.162347,false,,,,,28.6243,0,17.6613,23.3637,,17.9384,90,derived,icgc_landcover_2024;gencat_protected_areas;icgc_coast_202602,,2026-08-21T20:11:40Z,0.2.0,,Landscape Recognition is optional and not included in the core score.,partial,17.9384,17.9384,100,,official,landscape_core,true
081141,Martorell,11,Baix Llobregat,2024-2026,12.7666,35.892753,12.916607,2.660335,99.887171,51.595378,204.366876,152.771498,7.414925,44.346073,2.889666,false,,,,,31.0987,3.2276,18.5677,58.302,,25.0787,90,derived,icgc_landcover_2024;gencat_protected_areas;icgc_coast_202602,,2026-08-21T20:11:40Z,0.2.0,,Landscape Recognition is optional and not included in the core score.,partial,25.0787,25.0787,100,,official,landscape_core,true
081154,Martorelles,41,Vallès Oriental,2024-2026,3.6075,40.84688,22.765409,19.895443,98.182853,57.334397,192.677467,135.34307,7.72144,44.322712,2.140764,false,,,,,36.6478,24.1377,18.4412,43.154,,29.9446,90,derived,icgc_landcover_2024;gencat_protected_areas;icgc_coast_202602,,2026-08-21T20:11:40Z,0.2.0,,Landscape Recognition is optional and not included in the core score.,partial,29.9446,29.9446,100,,official,landscape_core,true
081167,les Masies de Roda,24,Osona,2024-2026,16.199,55.642599,35.367975,18.146858,479.504302,424.540009,568.936462,144.396454,11.82695,45.179236,8.957119,false,,,,,53.2205,22.0162,28.1104,60,,40.1588,90,derived,icgc_landcover_2024;gencat_protected_areas;icgc_coast_202602,,2026-08-21T20:11:40Z,0.2.0,,Landscape Recognition is optional and not included in the core score.,partial,40.1588,40.1588,100,,official,landscape_core,true
081173,les Masies de Voltregà,24,Osona,2024-2026,21.8278,52.170239,32.629492,0,582.00559,472.694702,814.162134,341.467432,11.48129,103.01365,1.598081,false,,,,,49.3311,0,36.5673,32.1772,,31.2343,90,derived,icgc_landcover_2024;gencat_protected_areas;icgc_coast_202602,,2026-08-21T20:11:40Z,0.2.0,,Landscape Recognition is optional and not included in the core score.,partial,31.2343,31.2343,100,,official,landscape_core,true
081189,el Masnou,21,Maresme,2024-2026,3.465,14.651444,0.681021,0,32.754331,2.142705,78.48823,76.345525,5.140347,25.235773,0.528665,true,,,,,7.3064,0,9.8642,50.5463,,12.6052,90,derived,icgc_landcover_2024;gencat_protected_areas;icgc_coast_202602,,2026-08-21T20:11:40Z,0.2.0,,Landscape Recognition is optional and not included in the core score.,partial,12.6052,12.6052,100,,official,landscape_core,true
081192,Masquefa,06,Anoia,2024-2026,17.4342,43.213645,23.709004,0,249.801674,192.073569,299.155823,107.082254,9.210291,32.100988,1.255152,false,,,,,39.2988,0,20.4694,25.2409,,22.6581,90,derived,icgc_landcover_2024;gencat_protected_areas;icgc_coast_202602,,2026-08-21T20:11:40Z,0.2.0,,Landscape Recognition is optional and not included in the core score.,partial,22.6581,22.6581,100,,official,landscape_core,true
081206,Matadepera,40,Vallès Occidental,2024-2026,25.3506,80.59409,65.551018,57.340806,648.296789,431.904962,937.565002,505.66004,17.751554,146.947561,0.059602,false,,,,,81.1685,69.5673,58.3815,1.0585,,60.555,90,derived,icgc_landcover_2024;gencat_protected_areas;icgc_coast_202602,,2026-08-21T20:11:40Z,0.2.0,,Landscape Recognition is optional and not included in the core score.,partial,60.555,60.555,100,,official,landscape_core,true
081213,Mataró,21,Maresme,2024-2026,22.4178,40.371629,21.912133,19.18471,124.019879,5.929281,343.33316,337.403879,7.673908,106.318636,1.618741,true,,,,,36.1155,23.2754,27.8034,72.5951,,36.2994,90,derived,icgc_landcover_2024;gencat_protected_areas;icgc_coast_202602,,2026-08-21T20:11:40Z,0.2.0,,Landscape Recognition is optional and not included in the core score.,partial,36.2994,36.2994,100,,official,landscape_core,true
081228,Mediona,03,Alt Penedès,2024-2026,47.948,67.438191,53.397219,10.663965,496.21331,344.516815,664.164966,319.648151,11.080442,89.841649,0.101141,false,,,,,66.4327,12.9378,34.6422,1.8988,,35.4313,90,derived,icgc_landcover_2024;gencat_protected_areas;icgc_coast_202602,,2026-08-21T20:11:40Z,0.2.0,,Landscape Recognition is optional and not included in the core score.,partial,35.4313,35.4313,100,,official,landscape_core,true
081234,Molins de Rei,11,Baix Llobregat,2024-2026,15.7239,69.372779,53.94785,68.72352,122.454526,21.467497,263.877786,242.410289,12.335682,80.487562,1.73788,false,,,,,68.5996,83.3771,33.8492,35.0049,,58.5672,90,derived,icgc_landcover_2024;gencat_protected_areas;icgc_coast_202602,,2026-08-21T20:11:40Z,0.2.0,,Landscape Recognition is optional and not included in the core score.,partial,58.5672,58.5672,100,,official,landscape_core,true
081249,Mollet del Vallès,41,Vallès Oriental,2024-2026,10.7926,14.730058,6.360819,42.34692,84.7578,55.225749,124.469904,69.244155,3.131179,21.953912,0.797073,false,,,,,7.3945,51.3764,5.0071,15.9753,,19.0802,90,derived,icgc_landcover_2024;gencat_protected_areas;icgc_coast_202602,,2026-08-21T20:11:40Z,0.2.0,,Landscape Recognition is optional and not included in the core score.,partial,19.0802,19.0802,100,,official,landscape_core,true
081252,Montcada i Reixac,40,Vallès Occidental,2024-2026,23.532,54.238334,24.286845,17.230911,98.028951,35.435049,233.091836,197.656787,9.338896,65.629306,1.539069,false,,,,,51.6476,20.905,25.0037,30.9836,,34.2014,90,derived,icgc_landcover_2024;gencat_protected_areas;icgc_coast_202602,,2026-08-21T20:11:40Z,0.2.0,,Landscape Recognition is optional and not included in the core score.,partial,34.2014,34.2014,100,,official,landscape_core,true
081265,Montgat,21,Maresme,2024-2026,2.8471,34.934693,6.122265,0,43.25868,5.975838,85.918176,79.942337,7.930755,25.523628,0.985533,true,,,,,30.0256,0,16.3163,59.7873,,23.5561,90,derived,icgc_landcover_2024;gencat_protected_areas;icgc_coast_202602,,2026-08-21T20:11:40Z,0.2.0,,Landscape Recognition is optional and not included in the core score.,partial,23.5561,23.5561,100,,official,landscape_core,true
081271,Monistrol de Montserrat,07,Bages,2024-2026,11.9055,82.315219,34.162867,95.522465,344.757974,127.617702,959.797562,832.179859,22.223352,246.562804,2.50795,false,,,,,83.0964,100,83.7529,50.5811,,82.6091,90,derived,icgc_landcover_2024;gencat_protected_areas;icgc_coast_202602,,2026-08-21T20:11:40Z,0.2.0,,Landscape Recognition is optional and not included in the core score.,partial,82.6091,82.6091,100,,official,landscape_core,true
081287,Monistrol de Calders,42,Moianès,2024-2026,21.9776,92.19387,62.085909,15.111962,547.376423,445.278159,651.218372,205.940213,16.892372,62.576317,0.113493,false,,,,,94.1614,18.3342,42.401,2.1486,,48.4626,90,derived,icgc_landcover_2024;gencat_protected_areas;icgc_coast_202602,,2026-08-21T20:11:40Z,0.2.0,,Landscape Recognition is optional and not included in the core score.,partial,48.4626,48.4626,100,,official,landscape_core,true
081290,Muntanyola,24,Osona,2024-2026,40.4734,82.798947,77.068775,27.263983,751.372058,589.27196,927.225607,337.953647,16.972818,104.002668,0.037636,false,,,,,83.6382,33.0774,48.7687,0.6142,,49.827,90,derived,icgc_landcover_2024;gencat_protected_areas;icgc_coast_202602,,2026-08-21T20:11:40Z,0.2.0,,Landscape Recognition is optional and not included in the core score.,partial,49.827,49.827,100,,official,landscape_core,true
081304,Montclar,14,Berguedà,2024-2026,21.9062,62.433565,44.993081,0,682.837651,587.610083,783.798193,196.18811,10.777724,63.185869,0.046929,false,,,,,60.827,0,28.1748,0.8022,,28.4535,90,derived,icgc_landcover_2024;gencat_protected_areas;icgc_coast_202602,,2026-08-21T20:11:40Z,0.2.0,,Landscape Recognition is optional and not included in the core score.,partial,28.4535,28.4535,100,,official,landscape_core,true
081311,Montesquiu,24,Osona,2024-2026,4.8438,80.82599,73.503092,87.694321,664.302356,574.983221,791.077002,216.093781,17.945975,66.705998,2.062525,false,,,,,81.4283,100,45.2493,41.5715,,71.048,90,derived,icgc_landcover_2024;gencat_protected_areas;icgc_coast_202602,,2026-08-21T20:11:40Z,0.2.0,,Landscape Recognition is optional and not included in the core score.,partial,71.048,71.048,100,,official,landscape_core,true
081326,Montmajor,14,Berguedà,2024-2026,76.4215,70.621361,52.393868,13.694664,761.030129,518.542749,1369.862378,851.319629,13.615226,261.257573,0.088732,false,,,,,69.9981,16.6147,65.2659,1.6477,,45.2166,90,derived,icgc_landcover_2024;gencat_protected_areas;icgc_coast_202602,,2026-08-21T20:11:40Z,0.2.0,,Landscape Recognition is optional and not included in the core score.,partial,45.2166,45.2166,100,,official,landscape_core,true
081332,Montmaneu,06,Anoia,2024-2026,13.5245,27.433559,18.902148,4.681856,688.847008,623.20892,762.348895,139.139975,9.208001,39.699444,0.012678,false,,,,,21.6236,5.6801,21.9666,0.1094,,14.4963,90,derived,icgc_landcover_2024;gencat_protected_areas;icgc_coast_202602,,2026-08-21T20:11:40Z,0.2.0,,Landscape Recognition is optional and not included in the core score.,partial,14.4963,14.4963,100,,official,landscape_core,true
081347,Figaró-Montmany,41,Vallès Oriental,2024-2026,14.8998,93.279876,80.616751,80.530629,554.066943,353.890182,774.329718,420.439536,21.7979,124.63268,0.038993,false,,,,,95.3778,97.7018,63.4995,0.6417,,73.7788,90,derived,icgc_landcover_2024;gencat_protected_areas;icgc_coast_202602,,2026-08-21T20:11:40Z,0.2.0,,Landscape Recognition is optional and not included in the core score.,partial,73.7788,73.7788,100,,official,landscape_core,true
081350,Montmeló,41,Vallès Oriental,2024-2026,3.9688,18.650682,3.36702,6.65182,92.55035,66.934987,133.504987,66.57,3.852384,21.312969,1.814425,false,,,,,11.786,8.0702,6.5058,36.5532,,13.2521,90,derived,icgc_landcover_2024;gencat_protected_areas;icgc_coast_202602,,2026-08-21T20:11:40Z,0.2.0,,Landscape Recognition is optional and not included in the core score.,partial,13.2521,13.2521,100,,official,landscape_core,true
081363,Montornès del Vallès,41,Vallès Oriental,2024-2026,10.2901,42.801592,28.710627,44.39018,131.476565,67.83935,285.019029,217.179679,8.508156,66.742883,1.201179,false,,,,,38.8373,53.8553,24.0479,24.1492,,36.6912,90,derived,icgc_landcover_2024;gencat_protected_areas;icgc_coast_202602,,2026-08-21T20:11:40Z,0.2.0,,Landscape Recognition is optional and not included in the core score.,partial,36.6912,36.6912,100,,official,landscape_core,true
081379,Montseny,41,Vallès Oriental,2024-2026,26.5448,95.004835,79.739649,99.501264,952.932533,484.397568,1492.797833,1008.400266,25.172285,312.505941,0.019745,false,,,,,97.3099,100,95.3731,0.2524,,82.9396,90,derived,icgc_landcover_2024;gencat_protected_areas;icgc_coast_202602,,2026-08-21T20:11:40Z,0.2.0,,Landscape Recognition is optional and not included in the core score.,partial,82.9396,82.9396,100,,official,landscape_core,true
081385,Moià,42,Moianès,2024-2026,75.5357,72.271866,60.489422,70.080624,759.904222,589.821497,961.459827,371.63833,13.437055,112.67888,0.035243,false,,,,,71.8468,85.0236,42.3853,0.5658,,57.0835,90,derived,icgc_landcover_2024;gencat_protected_areas;icgc_coast_202602,,2026-08-21T20:11:40Z,0.2.0,,Landscape Recognition is optional and not included in the core score.,partial,57.0835,57.0835,100,,official,landscape_core,true
081398,Mura,07,Bages,2024-2026,47.8808,97.726148,73.927389,90.065592,644.518678,442.240796,892.260947,450.020151,20.326328,133.592785,0.015756,false,,,,,100,100,61.572,0.1717,,75.4187,90,derived,icgc_landcover_2024;gencat_protected_areas;icgc_coast_202602,,2026-08-21T20:11:40Z,0.2.0,,Landscape Recognition is optional and not included in the core score.,partial,75.4187,75.4187,100,,official,landscape_core,true
081402,Navarcles,07,Bages,2024-2026,5.5145,45.76036,25.102091,0,281.764175,228.65079,355.49734,126.846551,9.037671,38.210172,2.211611,false,,,,,42.1514,0,21.0069,44.5871,,26.6928,90,derived,icgc_landcover_2024;gencat_protected_areas;icgc_coast_202602,,2026-08-21T20:11:40Z,0.2.0,,Landscape Recognition is optional and not included in the core score.,partial,26.6928,26.6928,100,,official,landscape_core,true
081419,Navàs,07,Bages,2024-2026,80.6239,75.208588,46.863132,0,481.861993,367.109512,614.342682,247.23317,13.17078,75.316084,0.138823,false,,,,,75.1362,0,35.9557,2.6609,,35.6857,90,derived,icgc_landcover_2024;gencat_protected_areas;icgc_coast_202602,,2026-08-21T20:11:40Z,0.2.0,,Landscape Recognition is optional and not included in the core score.,partial,35.6857,35.6857,100,,official,landscape_core,true
081424,la Nou de Berguedà,14,Berguedà,2024-2026,25.1142,93.645499,86.48817,37.965331,1092.222538,782.992468,1509.384888,726.392419,23.453955,224.973783,0.070857,false,,,,,95.7874,46.0605,81.5665,1.2862,,65.6253,90,derived,icgc_landcover_2024;gencat_protected_areas;icgc_coast_202602,,2026-08-21T20:11:40Z,0.2.0,,Landscape Recognition is optional and not included in the core score.,partial,65.6253,65.6253,100,,official,landscape_core,true
081430,Òdena,06,Anoia,2024-2026,52.0926,51.223809,29.924776,0,453.912268,329.60065,631.790039,302.189389,10.042339,92.944657,0.101148,false,,,,,48.271,0,31.4864,1.8989,,25.0513,90,derived,icgc_landcover_2024;gencat_protected_areas;icgc_coast_202602,,2026-08-21T20:11:40Z,0.2.0,,Landscape Recognition is optional and not included in the core score.,partial,25.0513,25.0513,100,,official,landscape_core,true
081445,Olvan,14,Berguedà,2024-2026,35.6455,77.027287,45.967309,0,627.499168,483.105072,847.815967,364.710895,13.151294,114.835676,0.252296,false,,,,,77.1734,0,41.4171,4.9561,,38.1084,90,derived,icgc_landcover_2024;gencat_protected_areas;icgc_coast_202602,,2026-08-21T20:11:40Z,0.2.0,,Landscape Recognition is optional and not included in the core score.,partial,38.1084,38.1084,100,,official,landscape_core,true
081458,Olèrdola,03,Alt Penedès,2024-2026,29.915,56.209508,27.868083,11.80085,232.964188,172.845348,338.266217,165.420869,8.386976,48.926505,0.206216,false,,,,,53.8555,14.3171,21.3494,4.0241,,28.3697,90,derived,icgc_landcover_2024;gencat_protected_areas;icgc_coast_202602,,2026-08-21T20:11:40Z,0.2.0,,Landscape Recognition is optional and not included in the core score.,partial,28.3697,28.3697,100,,official,landscape_core,true
081461,Olesa de Bonesvalls,03,Alt Penedès,2024-2026,31.09,88.808809,64.647998,76.502512,374.960359,259.606163,519.559116,259.952953,15.18425,82.419018,0,false,,,,,90.3698,92.8148,41.0858,0,,65.1046,90,derived,icgc_landcover_2024;gencat_protected_areas;icgc_coast_202602,,2026-08-21T20:11:40Z,0.2.0,,Landscape Recognition is optional and not included in the core score.,partial,65.1046,65.1046,100,,official,landscape_core,true
081477,Olesa de Montserrat,11,Baix Llobregat,2024-2026,16.626,59.568152,30.832033,34.394867,222.800519,77.600568,432.73327,355.132703,15.257561,111.900701,1.904929,false,,,,,57.6175,41.7287,45.7112,38.3838,,47.7837,90,derived,icgc_landcover_2024;gencat_protected_areas;icgc_coast_202602,,2026-08-21T20:11:40Z,0.2.0,,Landscape Recognition is optional and not included in the core score.,partial,47.7837,47.7837,100,,official,landscape_core,true
081483,Olivella,17,Garraf,2024-2026,38.7636,88.800425,45.038301,66.947941,216.934635,129.925527,329.89435,199.968822,14.544099,60.874901,0.00417,false,,,,,90.3604,81.223,36.8332,0,,61.1402,90,derived,icgc_landcover_2024;gencat_protected_areas;icgc_coast_202602,,2026-08-21T20:11:40Z,0.2.0,,Landscape Recognition is optional and not included in the core score.,partial,61.1402,61.1402,100,,official,landscape_core,true
081496,Olost,43,Lluçanès,2024-2026,29.0373,49.984248,40.583961,0,626.172517,555.071259,748.831189,193.75993,8.538949,58.157674,0.249895,false,,,,,46.8826,0,23.0196,4.9076,,22.9,90,derived,icgc_landcover_2024;gencat_protected_areas;icgc_coast_202602,,2026-08-21T20:11:40Z,0.2.0,,Landscape Recognition is optional and not included in the core score.,partial,22.9,22.9,100,,official,landscape_core,true
081509,Orís,24,Osona,2024-2026,27.0215,76.152233,58.58267,13.353231,655.721007,532.998718,834.195062,301.196344,15.826149,92.768752,1.131654,false,,,,,76.1932,16.2005,44.4641,22.7428,,45.2452,90,derived,icgc_landcover_2024;gencat_protected_areas;icgc_coast_202602,,2026-08-21T20:11:40Z,0.2.0,,Landscape Recognition is optional and not included in the core score.,partial,45.2452,45.2452,100,,official,landscape_core,true
081516,Oristà,43,Lluçanès,2024-2026,68.5925,63.64695,56.500602,0.534678,573.828997,473.291753,714.330692,241.038939,11.514449,69.579558,0.079117,false,,,,,62.1861,0.6487,31.9357,1.4533,,30.1292,90,derived,icgc_landcover_2024;gencat_protected_areas;icgc_coast_202602,,2026-08-21T20:11:40Z,0.2.0,,Landscape Recognition is optional and not included in the core score.,partial,30.1292,30.1292,100,,official,landscape_core,true
081521,Orpí,06,Anoia,2024-2026,15.3009,72.988351,60.650873,2.281494,491.458049,364.88707,662.48941,297.602341,14.046893,90.852813,0.046978,false,,,,,72.6494,2.768,40.289,0.8032,,36.312,90,derived,icgc_landcover_2024;gencat_protected_areas;icgc_coast_202602,,2026-08-21T20:11:40Z,0.2.0,,Landscape Recognition is optional and not included in the core score.,partial,36.312,36.312,100,,official,landscape_core,true
081537,Òrrius,21,Maresme,2024-2026,5.5666,88.824379,81.009572,64.076845,327.968784,230.362994,433.312149,202.949155,15.974296,64.409017,0.011551,false,,,,,90.3872,77.7397,40.1934,0.0866,,61.1318,90,derived,icgc_landcover_2024;gencat_protected_areas;icgc_coast_202602,,2026-08-21T20:11:40Z,0.2.0,,Landscape Recognition is optional and not included in the core score.,partial,61.1318,61.1318,100,,official,landscape_core,true
081542,Pacs del Penedès,03,Alt Penedès,2024-2026,6.1169,17.681226,10.357059,0,220.167996,195.786131,258.037726,62.251595,4.253504,19.24146,0.348906,false,,,,,10.7001,0,7.2067,6.9103,,6.5833,90,derived,icgc_landcover_2024;gencat_protected_areas;icgc_coast_202602,,2026-08-21T20:11:40Z,0.2.0,,Landscape Recognition is optional and not included in the core score.,partial,6.5833,6.5833,100,,official,landscape_core,true
081555,Palafolls,21,Maresme,2024-2026,16.4834,52.957176,38.628781,6.671634,60.479558,9.251867,166.900723,157.648856,7.867108,52.184438,2.085527,false,,,,,50.2125,8.0942,19.8146,42.0368,,30.8571,90,derived,icgc_landcover_2024;gencat_protected_areas;icgc_coast_202602,,2026-08-21T20:11:40Z,0.2.0,,Landscape Recognition is optional and not included in the core score.,partial,30.8571,30.8571,100,,official,landscape_core,true
081568,Palau-solità i Plegamans,40,Vallès Occidental,2024-2026,14.9736,29.04651,20.177603,0.722918,140.627793,101.955481,179.013994,77.058513,4.58681,22.949183,0.593919,false,,,,,23.4303,0.8771,8.6511,11.8661,,12.3626,90,derived,icgc_landcover_2024;gencat_protected_areas;icgc_coast_202602,,2026-08-21T20:11:40Z,0.2.0,,Landscape Recognition is optional and not included in the core score.,partial,12.3626,12.3626,100,,official,landscape_core,true
081574,Pallejà,11,Baix Llobregat,2024-2026,8.4283,62.802965,42.727029,0,140.205182,26.362019,287.549879,261.18786,10.347835,94.837524,1.635621,false,,,,,61.2408,0,30.2529,32.9365,,33.938,90,derived,icgc_landcover_2024;gencat_protected_areas;icgc_coast_202602,,2026-08-21T20:11:40Z,0.2.0,,Landscape Recognition is optional and not included in the core score.,partial,33.938,33.938,100,,official,landscape_core,true
081580,el Papiol,11,Baix Llobregat,2024-2026,8.8475,61.337967,36.014408,55.237722,103.213372,31.109356,213.568538,182.459181,10.446394,56.116846,3.462787,false,,,,,59.5998,67.0158,26.7854,60,,53.3102,90,derived,icgc_landcover_2024;gencat_protected_areas;icgc_coast_202602,,2026-08-21T20:11:40Z,0.2.0,,Landscape Recognition is optional and not included in the core score.,partial,53.3102,53.3102,100,,official,landscape_core,true
081593,Parets del Vallès,41,Vallès Oriental,2024-2026,9.125,11.485682,2.125913,7.800581,96.32745,73.359739,126.102755,52.743015,3.014499,16.089021,1.294399,false,,,,,3.7605,9.4639,3.9711,26.0347,,8.5801,90,derived,icgc_landcover_2024;gencat_protected_areas;icgc_coast_202602,,2026-08-21T20:11:40Z,0.2.0,,Landscape Recognition is optional and not included in the core score.,partial,8.5801,8.5801,100,,official,landscape_core,true
081607,Perafita,43,Lluçanès,2024-2026,19.7612,63.276986,53.737579,0,744.608487,650.169788,866.048648,215.87886,10.928965,65.214656,0.154027,false,,,,,61.7717,0,29.4382,2.9684,,29.4249,90,derived,icgc_landcover_2024;gencat_protected_areas;icgc_coast_202602,,2026-08-21T20:11:40Z,0.2.0,,Landscape Recognition is optional and not included in the core score.,partial,29.4249,29.4249,100,,official,landscape_core,true
081614,Piera,06,Anoia,2024-2026,57.1897,50.372921,37.434761,39.483042,324.103185,169.054288,575.230289,406.176001,10.090375,117.366375,0.830161,false,,,,,47.3179,47.9018,36.4677,16.6445,,40.1503,90,derived,icgc_landcover_2024;gencat_protected_areas;icgc_coast_202602,,2026-08-21T20:11:40Z,0.2.0,,Landscape Recognition is optional and not included in the core score.,partial,40.1503,40.1503,100,,official,landscape_core,true
081629,els Hostalets de Pierola,06,Anoia,2024-2026,33.3865,68.038536,48.861152,6.003303,335.333565,198.808408,480.72099,281.912582,12.004819,89.931604,0.785165,false,,,,,67.1051,7.2834,34.9553,15.7345,,36.4066,90,derived,icgc_landcover_2024;gencat_protected_areas;icgc_coast_202602,,2026-08-21T20:11:40Z,0.2.0,,Landscape Recognition is optional and not included in the core score.,partial,36.4066,36.4066,100,,official,landscape_core,true
081635,Pineda de Mar,21,Maresme,2024-2026,10.1792,50.062065,23.9739,7.19282,95.586073,4.191394,312.116628,307.925233,10.973862,104.255697,1.491824,true,,,,,46.9697,8.7265,33.8528,70.028,,37.5884,90,derived,icgc_landcover_2024;gencat_protected_areas;icgc_coast_202602,,2026-08-21T20:11:40Z,0.2.0,,Landscape Recognition is optional and not included in the core score.,partial,37.5884,37.5884,100,,official,landscape_core,true
081640,el Pla del Penedès,03,Alt Penedès,2024-2026,9.3894,21.238928,13.23769,0,225.333628,198.161308,274.691208,76.5299,4.627397,23.900391,0.229469,false,,,,,14.6851,0,8.7178,4.4944,,7.9934,90,derived,icgc_landcover_2024;gencat_protected_areas;icgc_coast_202602,,2026-08-21T20:11:40Z,0.2.0,,Landscape Recognition is optional and not included in the core score.,partial,7.9934,7.9934,100,,official,landscape_core,true
081653,la Pobla de Claramunt,06,Anoia,2024-2026,18.5425,76.752188,56.226616,2.148519,374.146989,268.269104,532.950769,264.681665,14.65905,81.516308,0.363511,false,,,,,76.8652,2.6066,40.1247,7.2056,,38.6665,90,derived,icgc_landcover_2024;gencat_protected_areas;icgc_coast_202602,,2026-08-21T20:11:40Z,0.2.0,,Landscape Recognition is optional and not included in the core score.,partial,38.6665,38.6665,100,,official,landscape_core,true
081666,la Pobla de Lillet,14,Berguedà,2024-2026,51.5344,97.218454,81.685775,50.124664,1135.201392,844.481775,1514.651031,670.169257,22.205724,209.257234,0.159683,false,,,,,99.7894,60.8125,76.1209,3.0829,,69.6221,90,derived,icgc_landcover_2024;gencat_protected_areas;icgc_coast_202602,,2026-08-21T20:11:40Z,0.2.0,,Landscape Recognition is optional and not included in the core score.,partial,69.6221,69.6221,100,,official,landscape_core,true
081672,Polinyà,40,Vallès Occidental,2024-2026,8.914,29.638869,19.700439,0,146.114845,99.421225,206.018726,106.597501,6.517384,32.938979,0.969008,false,,,,,24.0938,0,14.3828,19.453,,14.9465,90,derived,icgc_landcover_2024;gencat_protected_areas;icgc_coast_202602,,2026-08-21T20:11:40Z,0.2.0,,Landscape Recognition is optional and not included in the core score.,partial,14.9465,14.9465,100,,official,landscape_core,true
081688,Pontons,03,Alt Penedès,2024-2026,25.7726,80.286558,64.17867,14.526985,686.216455,563.253015,794.508984,231.255969,12.325217,71.137441,0.012728,false,,,,,80.8241,17.6245,33.3029,0.1104,,41.0368,90,derived,icgc_landcover_2024;gencat_protected_areas;icgc_coast_202602,,2026-08-21T20:11:40Z,0.2.0,,Landscape Recognition is optional and not included in the core score.,partial,41.0368,41.0368,100,,official,landscape_core,true
081691,el Prat de Llobregat,11,Baix Llobregat,2024-2026,33.4473,27.605449,2.483453,25.907432,3.786497,0.688055,7.911095,7.22304,0.804098,2.327531,8.790185,true,,,,,21.8162,31.4316,0,100,,30.4936,90,derived,icgc_landcover_2024;gencat_protected_areas;icgc_coast_202602,,2026-08-21T20:11:40Z,0.2.0,,Landscape Recognition is optional and not included in the core score.,partial,30.4936,30.4936,100,,official,landscape_core,true
081705,els Prats de Rei,06,Anoia,2024-2026,26.0131,26.553963,16.707908,0,655.548429,601.038934,730.515671,129.476736,7.036297,38.326243,0.045508,false,,,,,20.6384,0,16.6235,0.7735,,11.4953,90,derived,icgc_landcover_2024;gencat_protected_areas;icgc_coast_202602,,2026-08-21T20:11:40Z,0.2.0,,Landscape Recognition is optional and not included in the core score.,partial,11.4953,11.4953,100,,official,landscape_core,true
081712,Prats de Lluçanès,43,Lluçanès,2024-2026,13.5442,54.897289,36.37637,5.282358,671.003948,607.78186,729.523718,121.741858,7.766152,36.2488,0.095106,false,,,,,52.3856,6.4087,17.9045,1.7767,,24.6798,90,derived,icgc_landcover_2024;gencat_protected_areas;icgc_coast_202602,,2026-08-21T20:11:40Z,0.2.0,,Landscape Recognition is optional and not included in the core score.,partial,24.6798,24.6798,100,,official,landscape_core,true
081727,Premià de Mar,21,Maresme,2024-2026,2.1098,8.287704,0,0,14.168562,1.869464,38.609443,36.739979,2.092202,11.820415,0.05973,true,,,,,0.1784,0,1.3062,41.0611,,6.5482,90,derived,icgc_landcover_2024;gencat_protected_areas;icgc_coast_202602,,2026-08-21T20:11:40Z,0.2.0,,Landscape Recognition is optional and not included in the core score.,partial,6.5482,6.5482,100,,official,landscape_core,true
081748,Puigdàlber,03,Alt Penedès,2024-2026,0.6281,13.086459,0.496993,0,235.353629,210.49819,251.359628,40.861437,3.286096,12.746818,0.914488,false,,,,,5.5535,0,4.0259,18.3502,,5.7027,90,derived,icgc_landcover_2024;gencat_protected_areas;icgc_coast_202602,,2026-08-21T20:11:40Z,0.2.0,,Landscape Recognition is optional and not included in the core score.,partial,5.7027,5.7027,100,,official,landscape_core,true
081751,Puig-reig,14,Berguedà,2024-2026,45.8567,72.953384,46.180586,0,489.520645,378.260109,616.683722,238.423613,11.829281,75.816747,0.755652,false,,,,,72.6102,0,32.5221,15.1375,,35.8147,90,derived,icgc_landcover_2024;gencat_protected_areas;icgc_coast_202602,,2026-08-21T20:11:40Z,0.2.0,,Landscape Recognition is optional and not included in the core score.,partial,35.8147,35.8147,100,,official,landscape_core,true
081764,Pujalt,06,Anoia,2024-2026,31.5053,30.096342,20.243393,0,713.14797,653.44357,772.275684,118.832114,7.246937,35.438248,0.015015,false,,,,,24.6062,0,16.5989,0.1567,,12.7854,90,derived,icgc_landcover_2024;gencat_protected_areas;icgc_coast_202602,,2026-08-21T20:11:40Z,0.2.0,,Landscape Recognition is optional and not included in the core score.,partial,12.7854,12.7854,100,,official,landscape_core,true
081770,la Quar,14,Berguedà,2024-2026,38.0898,95.943287,82.828531,34.663518,848.422928,690.738535,1016.363779,325.625244,21.586766,97.263235,0.079428,false,,,,,98.3611,42.0547,58.5808,1.4596,,59.8042,90,derived,icgc_landcover_2024;gencat_protected_areas;icgc_coast_202602,,2026-08-21T20:11:40Z,0.2.0,,Landscape Recognition is optional and not included in the core score.,partial,59.8042,59.8042,100,,official,landscape_core,true
081786,Rajadell,07,Bages,2024-2026,45.5254,73.557475,63.284416,0,463.397525,298.323961,665.034979,366.711018,14.037053,111.519199,0.056722,false,,,,,73.2868,0,43.5055,1.0003,,36.6768,90,derived,icgc_landcover_2024;gencat_protected_areas;icgc_coast_202602,,2026-08-21T20:11:40Z,0.2.0,,Landscape Recognition is optional and not included in the core score.,partial,36.6768,36.6768,100,,official,landscape_core,true
081799,Rellinars,40,Vallès Occidental,2024-2026,17.8302,93.240834,66.652532,79.65406,428.160638,294.1181,613.186011,319.067911,17.709792,95.039674,0.092836,false,,,,,95.3341,96.6384,49.5431,1.7308,,70.1719,90,derived,icgc_landcover_2024;gencat_protected_areas;icgc_coast_202602,,2026-08-21T20:11:40Z,0.2.0,,Landscape Recognition is optional and not included in the core score.,partial,70.1719,70.1719,100,,official,landscape_core,true
081803,Ripollet,40,Vallès Occidental,2024-2026,4.3286,19.195999,0.978214,0,81.027415,53.766693,111.112498,57.345806,3.377216,18.910554,3.11131,false,,,,,12.3968,0,5.0036,60,,14.5898,90,derived,icgc_landcover_2024;gencat_protected_areas;icgc_coast_202602,,2026-08-21T20:11:40Z,0.2.0,,Landscape Recognition is optional and not included in the core score.,partial,14.5898,14.5898,100,,official,landscape_core,true
081810,la Roca del Vallès,41,Vallès Oriental,2024-2026,37.0352,55.182146,43.153661,34.707202,191.580473,117.27957,314.627914,197.348344,8.498172,60.471409,1.072182,false,,,,,52.7047,42.1077,23.0961,21.5399,,37.9786,90,derived,icgc_landcover_2024;gencat_protected_areas;icgc_coast_202602,,2026-08-21T20:11:40Z,0.2.0,,Landscape Recognition is optional and not included in the core score.,partial,37.9786,37.9786,100,,official,landscape_core,true
081825,el Pont de Vilomara i Rocafort,07,Bages,2024-2026,27.3584,90.176745,35.043526,41.21578,375.565287,218.967416,525.934421,306.967004,18.370464,91.737761,0.212088,false,,,,,91.902,50.004,50.4638,4.1428,,57.9041,90,derived,icgc_landcover_2024;gencat_protected_areas;icgc_coast_202602,,2026-08-21T20:11:40Z,0.2.0,,Landscape Recognition is optional and not included in the core score.,partial,57.9041,57.9041,100,,official,landscape_core,true
081831,Roda de Ter,24,Osona,2024-2026,2.2256,16.824446,1.8567,0,454.01315,428.90598,477.649847,48.743867,4.461446,14.419258,2.484576,false,,,,,9.7404,0,7.0419,50.1083,,12.6859,90,derived,icgc_landcover_2024;gencat_protected_areas;icgc_coast_202602,,2026-08-21T20:11:40Z,0.2.0,,Landscape Recognition is optional and not included in the core score.,partial,12.6859,12.6859,100,,official,landscape_core,true
081846,Rubí,40,Vallès Occidental,2024-2026,32.299,44.673906,28.153501,0,185.500118,92.451102,308.193289,215.742188,9.252885,66.094553,1.653323,false,,,,,40.9345,0,25.6576,33.2946,,25.7357,90,derived,icgc_landcover_2024;gencat_protected_areas;icgc_coast_202602,,2026-08-21T20:11:40Z,0.2.0,,Landscape Recognition is optional and not included in the core score.,partial,25.7357,25.7357,100,,official,landscape_core,true
081859,Rubió,06,Anoia,2024-2026,47.9963,74.619376,47.65634,0,637.043571,482.583228,769.870572,287.287344,13.964857,86.348396,0.032864,false,,,,,74.4763,0,39.6208,0.5177,,36.0496,90,derived,icgc_landcover_2024;gencat_protected_areas;icgc_coast_202602,,2026-08-21T20:11:40Z,0.2.0,,Landscape Recognition is optional and not included in the core score.,partial,36.0496,36.0496,100,,official,landscape_core,true
081878,Sabadell,40,Vallès Occidental,2024-2026,37.8618,30.103656,15.908139,0,201.111183,132.601163,283.135199,150.534036,5.501267,46.421465,1.324118,false,,,,,24.6144,0,14.1537,26.6358,,16.1488,90,derived,icgc_landcover_2024;gencat_protected_areas;icgc_coast_202602,,2026-08-21T20:11:40Z,0.2.0,,Landscape Recognition is optional and not included in the core score.,partial,16.1488,16.1488,100,,official,landscape_core,true
081884,Sagàs,14,Berguedà,2024-2026,44.9675,71.241355,39.307435,0.106694,628.766044,513.35152,759.516522,246.165002,10.748724,74.108962,0.13621,false,,,,,70.6926,0.1294,30.4516,2.6081,,32.7789,90,derived,icgc_landcover_2024;gencat_protected_areas;icgc_coast_202602,,2026-08-21T20:11:40Z,0.2.0,,Landscape Recognition is optional and not included in the core score.,partial,32.7789,32.7789,100,,official,landscape_core,true
081897,Sant Pere Sallavinera,06,Anoia,2024-2026,22.0163,47.92806,40.013122,0,671.874041,568.734009,769.639828,200.90582,9.581181,63.752966,0.005966,false,,,,,44.5794,0,25.7015,0,,22.0282,90,derived,icgc_landcover_2024;gencat_protected_areas;icgc_coast_202602,,2026-08-21T20:11:40Z,0.2.0,,Landscape Recognition is optional and not included in the core score.,partial,22.0282,22.0282,100,,official,landscape_core,true
081901,Saldes,14,Berguedà,2024-2026,66.5905,98.790863,69.937501,68.370815,1528.593665,1056.578851,2187.700598,1131.121747,24.393325,342.236509,0.00161,false,,,,,100,82.9492,100,0,,80.7373,90,derived,icgc_landcover_2024;gencat_protected_areas;icgc_coast_202602,,2026-08-21T20:11:40Z,0.2.0,,Landscape Recognition is optional and not included in the core score.,partial,80.7373,80.7373,100,,official,landscape_core,true
081918,Sallent,07,Bages,2024-2026,65.1703,58.848233,46.067542,0,380.532172,258.892831,506.474265,247.581433,11.146458,78.830193,0.646675,false,,,,,56.8111,0,31.4136,12.9332,,29.6773,90,derived,icgc_landcover_2024;gencat_protected_areas;icgc_coast_202602,,2026-08-21T20:11:40Z,0.2.0,,Landscape Recognition is optional and not included in the core score.,partial,29.6773,29.6773,100,,official,landscape_core,true
081923,Santpedor,07,Bages,2024-2026,16.7293,23.439025,15.418208,0,326.002968,282.919853,393.480209,110.560356,5.488235,36.030113,0.305744,false,,,,,17.1494,0,12.251,6.0372,,9.9706,90,derived,icgc_landcover_2024;gencat_protected_areas;icgc_coast_202602,,2026-08-21T20:11:40Z,0.2.0,,Landscape Recognition is optional and not included in the core score.,partial,9.9706,9.9706,100,,official,landscape_core,true
081939,Sant Iscle de Vallalta,21,Maresme,2024-2026,17.8729,91.283433,83.764605,45.992872,309.450729,135.30029,642.686942,507.386652,17.840146,149.802569,0.220072,false,,,,,93.1416,55.7997,58.6619,4.3043,,61.8606,90,derived,icgc_landcover_2024;gencat_protected_areas;icgc_coast_202602,,2026-08-21T20:11:40Z,0.2.0,,Landscape Recognition is optional and not included in the core score.,partial,61.8606,61.8606,100,,official,landscape_core,true
081944,Sant Adrià de Besòs,13,Barcelonès,2024-2026,3.8121,8.594575,0,0,6.607134,2.425575,10.871006,8.445431,1.426328,2.591945,3.072345,true,,,,,0.5222,0,0,100,,15.1828,90,derived,icgc_landcover_2024;gencat_protected_areas;icgc_coast_202602,,2026-08-21T20:11:40Z,0.2.0,,Landscape Recognition is optional and not included in the core score.,partial,15.1828,15.1828,100,,official,landscape_core,true
081957,Sant Agustí de Lluçanès,24,Osona,2024-2026,13.5722,65.892995,58.123544,0,849.696074,776.456299,964.365906,187.909607,11.384837,55.42306,0.083079,false,,,,,64.7019,0,29.1539,1.5334,,30.1642,90,derived,icgc_landcover_2024;gencat_protected_areas;icgc_coast_202602,,2026-08-21T20:11:40Z,0.2.0,,Landscape Recognition is optional and not included in the core score.,partial,30.1642,30.1642,100,,official,landscape_core,true
081960,Sant Andreu de la Barca,11,Baix Llobregat,2024-2026,5.6202,34.428152,24.299206,0,78.6795,36.868369,179.0089,142.140532,7.075546,45.34174,1.736491,false,,,,,29.4583,0,17.3053,34.9768,,19.8833,90,derived,icgc_landcover_2024;gencat_protected_areas;icgc_coast_202602,,2026-08-21T20:11:40Z,0.2.0,,Landscape Recognition is optional and not included in the core score.,partial,19.8833,19.8833,100,,official,landscape_core,true
081976,Sant Andreu de Llavaneres,21,Maresme,2024-2026,11.9104,59.572591,49.005183,0.23521,195.092289,18.56111,406.91846,388.35735,11.395071,125.379734,0.715471,true,,,,,57.6224,0.2854,38.5706,54.3248,,38.0306,90,derived,icgc_landcover_2024;gencat_protected_areas;icgc_coast_202602,,2026-08-21T20:11:40Z,0.2.0,,Landscape Recognition is optional and not included in the core score.,partial,38.0306,38.0306,100,,official,landscape_core,true
081982,Sant Antoni de Vilamajor,41,Vallès Oriental,2024-2026,13.8251,35.910467,28.484935,0,239.688835,205.145599,276.411507,71.265907,5.724439,21.456346,0.564026,false,,,,,31.1186,0,10.9414,11.2615,,15.3161,90,derived,icgc_landcover_2024;gencat_protected_areas;icgc_coast_202602,,2026-08-21T20:11:40Z,0.2.0,,Landscape Recognition is optional and not included in the core score.,partial,15.3161,15.3161,100,,official,landscape_core,true
081995,Sant Bartomeu del Grau,24,Osona,2024-2026,34.6333,65.557986,58.618629,1.15188,754.101035,651.570389,851.527328,199.95694,13.812987,61.802007,0.155436,false,,,,,64.3266,1.3975,35.1863,2.9969,,32.1098,90,derived,icgc_landcover_2024;gencat_protected_areas;icgc_coast_202602,,2026-08-21T20:11:40Z,0.2.0,,Landscape Recognition is optional and not included in the core score.,partial,32.1098,32.1098,100,,official,landscape_core,true
082009,Sant Boi de Llobregat,11,Baix Llobregat,2024-2026,21.5289,21.659727,9.597468,19.847385,34.776742,2.817223,151.305389,148.488167,4.038013,49.475295,1.624832,false,,,,,15.1564,24.0794,10.7628,32.7183,,18.923,90,derived,icgc_landcover_2024;gencat_protected_areas;icgc_coast_202602,,2026-08-21T20:11:40Z,0.2.0,,Landscape Recognition is optional and not included in the core score.,partial,18.923,18.923,100,,official,landscape_core,true
082016,Sant Boi de Lluçanès,24,Osona,2024-2026,20.039,65.670505,56.613519,0,824.794396,746.814597,934.813907,187.99931,12.075269,56.247208,0.163929,false,,,,,64.4527,0,30.7129,3.1687,,30.712,90,derived,icgc_landcover_2024;gencat_protected_areas;icgc_coast_202602,,2026-08-21T20:11:40Z,0.2.0,,Landscape Recognition is optional and not included in the core score.,partial,30.712,30.712,100,,official,landscape_core,true
082021,Sant Celoni,41,Vallès Oriental,2024-2026,65.215,88.317146,81.892901,64.968642,254.762936,95.171144,509.373576,414.202433,15.579919,129.744965,0.217195,false,,,,,89.8191,78.8216,49.2053,4.2461,,64.0803,90,derived,icgc_landcover_2024;gencat_protected_areas;icgc_coast_202602,,2026-08-21T20:11:40Z,0.2.0,,Landscape Recognition is optional and not included in the core score.,partial,64.0803,64.0803,100,,official,landscape_core,true
082037,Sant Cebrià de Vallalta,21,Maresme,2024-2026,15.7033,79.95122,67.382839,10.98604,190.045632,53.913037,415.672943,361.759906,16.976191,116.529664,1.135872,false,,,,,80.4484,13.3285,49.8919,22.8281,,47.3863,90,derived,icgc_landcover_2024;gencat_protected_areas;icgc_coast_202602,,2026-08-21T20:11:40Z,0.2.0,,Landscape Recognition is optional and not included in the core score.,partial,47.3863,47.3863,100,,official,landscape_core,true
082042,Sant Climent de Llobregat,11,Baix Llobregat,2024-2026,10.7745,76.53245,54.697134,0,165.330807,69.692663,276.382275,206.689612,18.108361,62.982249,0.679474,false,,,,,76.6191,0,45.1743,13.5966,,40.1497,90,derived,icgc_landcover_2024;gencat_protected_areas;icgc_coast_202602,,2026-08-21T20:11:40Z,0.2.0,,Landscape Recognition is optional and not included in the core score.,partial,40.1497,40.1497,100,,official,landscape_core,true
082055,Sant Cugat del Vallès,40,Vallès Occidental,2024-2026,48.2427,55.301067,45.487098,41.472544,185.977702,107.567557,331.310651,223.743094,9.942812,69.45567,0.687299,false,,,,,52.8379,50.3156,27.5861,13.7549,,40.0319,90,derived,icgc_landcover_2024;gencat_protected_areas;icgc_coast_202602,,2026-08-21T20:11:40Z,0.2.0,,Landscape Recognition is optional and not included in the core score.,partial,40.0319,40.0319,100,,official,landscape_core,true
082068,Sant Cugat Sesgarrigues,03,Alt Penedès,2024-2026,6.2831,14.145298,3.677788,4.564247,252.399465,221.956665,288.926666,66.970001,3.954441,26.17038,0.941382,false,,,,,6.7395,5.5375,6.7544,18.8942,,8.2659,90,derived,icgc_landcover_2024;gencat_protected_areas;icgc_coast_202602,,2026-08-21T20:11:40Z,0.2.0,,Landscape Recognition is optional and not included in the core score.,partial,8.2659,8.2659,100,,official,landscape_core,true
082074,Sant Esteve de Palautordera,41,Vallès Oriental,2024-2026,10.6401,70.392135,64.648724,42.181949,311.309446,232.424944,471.461769,239.036826,11.175759,75.37599,0.393685,false,,,,,69.7414,51.1762,31.0792,7.816,,46.1457,90,derived,icgc_landcover_2024;gencat_protected_areas;icgc_coast_202602,,2026-08-21T20:11:40Z,0.2.0,,Landscape Recognition is optional and not included in the core score.,partial,46.1457,46.1457,100,,official,landscape_core,true
082080,Sant Esteve Sesrovires,11,Baix Llobregat,2024-2026,18.5366,42.947039,20.871917,0,155.534068,78.514204,238.41139,159.897186,8.335602,45.070554,2.589321,false,,,,,39.0002,0,20.9748,52.227,,26.7278,90,derived,icgc_landcover_2024;gencat_protected_areas;icgc_coast_202602,,2026-08-21T20:11:40Z,0.2.0,,Landscape Recognition is optional and not included in the core score.,partial,26.7278,26.7278,100,,official,landscape_core,true
082093,Sant Fost de Campsentelles,41,Vallès Oriental,2024-2026,13.1836,67.94381,45.154151,1.034163,184.963771,53.274582,370.258754,316.984172,14.22191,99.528764,1.0787,false,,,,,66.999,1.2547,41.5914,21.6718,,37.4119,90,derived,icgc_landcover_2024;gencat_protected_areas;icgc_coast_202602,,2026-08-21T20:11:40Z,0.2.0,,Landscape Recognition is optional and not included in the core score.,partial,37.4119,37.4119,100,,official,landscape_core,true
082107,Sant Feliu de Codines,41,Vallès Oriental,2024-2026,15.0199,81.094119,58.175013,25.85341,559.281517,360.581288,718.676282,358.094994,16.195245,106.386453,0.467306,false,,,,,81.7286,31.366,47.9616,9.3052,,49.8327,90,derived,icgc_landcover_2024;gencat_protected_areas;icgc_coast_202602,,2026-08-21T20:11:40Z,0.2.0,,Landscape Recognition is optional and not included in the core score.,partial,49.8327,49.8327,100,,official,landscape_core,true
082114,Sant Feliu de Llobregat,11,Baix Llobregat,2024-2026,11.9548,51.677031,32.57352,52.471667,113.981795,17.093752,310.376562,293.28281,10.223147,100.378599,1.945542,false,,,,,48.7786,63.66,31.4761,39.2053,,46.7373,90,derived,icgc_landcover_2024;gencat_protected_areas;icgc_coast_202602,,2026-08-21T20:11:40Z,0.2.0,,Landscape Recognition is optional and not included in the core score.,partial,46.7373,46.7373,100,,official,landscape_core,true
082129,Sant Feliu Sasserra,07,Bages,2024-2026,23.0713,67.343424,54.597883,4.351469,534.830021,458.715601,607.207275,148.491675,11.098139,45.701856,0.064721,false,,,,,66.3265,5.2793,26.6611,1.1621,,31.3737,90,derived,icgc_landcover_2024;gencat_protected_areas;icgc_coast_202602,,2026-08-21T20:11:40Z,0.2.0,,Landscape Recognition is optional and not included in the core score.,partial,31.3737,31.3737,100,,official,landscape_core,true
082135,Sant Fruitós de Bages,07,Bages,2024-2026,22.1395,25.010628,8.970184,0,271.136814,230.891097,307.084248,76.193151,4.706063,22.170019,1.392911,false,,,,,18.9097,0,8.8791,28.0273,,13.0423,90,derived,icgc_landcover_2024;gencat_protected_areas;icgc_coast_202602,,2026-08-21T20:11:40Z,0.2.0,,Landscape Recognition is optional and not included in the core score.,partial,13.0423,13.0423,100,,official,landscape_core,true
082140,Vilassar de Dalt,21,Maresme,2024-2026,9.0122,65.981622,52.661541,66.946631,241.555713,63.496191,409.27251,345.776319,13.445232,114.294107,0.531627,false,,,,,64.8012,81.2214,41.1917,10.6061,,54.8746,90,derived,icgc_landcover_2024;gencat_protected_areas;icgc_coast_202602,,2026-08-21T20:11:40Z,0.2.0,,Landscape Recognition is optional and not included in the core score.,partial,54.8746,54.8746,100,,official,landscape_core,true
082153,Sant Hipòlit de Voltregà,24,Osona,2024-2026,0.941,26.882859,3.197038,0,527.266812,498.528752,578.979517,80.450764,8.25805,24.664978,0,false,,,,,21.0068,0,17.0771,0,,11.6217,90,derived,icgc_landcover_2024;gencat_protected_areas;icgc_coast_202602,,2026-08-21T20:11:40Z,0.2.0,,Landscape Recognition is optional and not included in the core score.,partial,11.6217,11.6217,100,,official,landscape_core,true
082166,Sant Jaume de Frontanyà,14,Berguedà,2024-2026,21.271,97.801546,81.683577,11.429376,1146.459968,1006.868555,1369.649243,362.780688,17.615533,114.106445,0.022259,false,,,,,100,13.8664,51.3794,0.3032,,51.3569,90,derived,icgc_landcover_2024;gencat_protected_areas;icgc_coast_202602,,2026-08-21T20:11:40Z,0.2.0,,Landscape Recognition is optional and not included in the core score.,partial,51.3569,51.3569,100,,official,landscape_core,true
082172,Sant Joan Despí,11,Baix Llobregat,2024-2026,6.2232,12.715635,0.469454,4.298589,29.535615,10.832308,72.944866,62.112558,2.434729,21.837651,3.522971,false,,,,,5.1382,5.2152,3.1046,60,,12.8783,90,derived,icgc_landcover_2024;gencat_protected_areas;icgc_coast_202602,,2026-08-21T20:11:40Z,0.2.0,,Landscape Recognition is optional and not included in the core score.,partial,12.8783,12.8783,100,,official,landscape_core,true
082188,Sant Joan de Vilatorrada,07,Bages,2024-2026,16.4246,37.999485,25.581841,0,274.688485,225.154633,337.512711,112.358078,7.475071,38.228958,0.874464,false,,,,,33.4585,0,16.8092,17.5407,,18.5439,90,derived,icgc_landcover_2024;gencat_protected_areas;icgc_coast_202602,,2026-08-21T20:11:40Z,0.2.0,,Landscape Recognition is optional and not included in the core score.,partial,18.5439,18.5439,100,,official,landscape_core,true
082191,Vilassar de Mar,21,Maresme,2024-2026,3.9929,6.226706,0,0,25.511248,4.497589,50.44039,45.9428,2.215433,14.645013,0.990197,true,,,,,0,0,1.8531,59.8816,,9.4455,90,derived,icgc_landcover_2024;gencat_protected_areas;icgc_coast_202602,,2026-08-21T20:11:40Z,0.2.0,,Landscape Recognition is optional and not included in the core score.,partial,9.4455,9.4455,100,,official,landscape_core,true
082205,Sant Julià de Vilatorta,24,Osona,2024-2026,16.1837,68.364037,62.067089,17.570693,657.878427,575.931049,772.973376,197.042328,10.472627,64.812916,0.107564,false,,,,,67.4697,21.3172,27.5279,2.0287,,36.13,90,derived,icgc_landcover_2024;gencat_protected_areas;icgc_coast_202602,,2026-08-21T20:11:40Z,0.2.0,,Landscape Recognition is optional and not included in the core score.,partial,36.13,36.13,100,,official,landscape_core,true
082212,Sant Just Desvern,11,Baix Llobregat,2024-2026,7.7758,55.136685,38.098977,56.829303,168.825723,70.077179,325.512408,255.435229,11.799457,80.813949,0.473281,false,,,,,52.6538,68.9468,33.252,9.426,,45.3924,90,derived,icgc_landcover_2024;gencat_protected_areas;icgc_coast_202602,,2026-08-21T20:11:40Z,0.2.0,,Landscape Recognition is optional and not included in the core score.,partial,45.3924,45.3924,100,,official,landscape_core,true
082227,Sant Llorenç d'Hortons,03,Alt Penedès,2024-2026,19.4175,36.99505,18.581805,0,188.642116,125.587278,262.998602,137.411324,8.403839,40.735169,1.92716,false,,,,,32.3334,0,20.0748,38.8335,,22.1604,90,derived,icgc_landcover_2024;gencat_protected_areas;icgc_coast_202602,,2026-08-21T20:11:40Z,0.2.0,,Landscape Recognition is optional and not included in the core score.,partial,22.1604,22.1604,100,,official,landscape_core,true
082233,Sant Llorenç Savall,40,Vallès Occidental,2024-2026,41.2835,92.458726,51.968027,59.493558,585.084628,472.477356,764.148718,291.671362,15.831916,95.428621,0.083413,false,,,,,94.4581,72.1791,44.0306,1.5401,,62.3438,90,derived,icgc_landcover_2024;gencat_protected_areas;icgc_coast_202602,,2026-08-21T20:11:40Z,0.2.0,,Landscape Recognition is optional and not included in the core score.,partial,62.3438,62.3438,100,,official,landscape_core,true
082248,Sant Martí de Centelles,24,Osona,2024-2026,25.8741,80.81829,71.737419,30.634128,710.99872,473.551073,884.595584,411.044511,15.930033,123.797608,0.06829,false,,,,,81.4196,37.1661,49.8458,1.2343,,50.435,90,derived,icgc_landcover_2024;gencat_protected_areas;icgc_coast_202602,,2026-08-21T20:11:40Z,0.2.0,,Landscape Recognition is optional and not included in the core score.,partial,50.435,50.435,100,,official,landscape_core,true
082251,Sant Martí d'Albars,43,Lluçanès,2024-2026,14.6311,54.809304,42.9643,0,641.494731,586.484827,702.533502,116.048676,7.986837,35.300777,0.194855,false,,,,,52.2871,0,18.1347,3.7943,,23.4033,90,derived,icgc_landcover_2024;gencat_protected_areas;icgc_coast_202602,,2026-08-21T20:11:40Z,0.2.0,,Landscape Recognition is optional and not included in the core score.,partial,23.4033,23.4033,100,,official,landscape_core,true
082264,Sant Martí de Tous,06,Anoia,2024-2026,38.9412,58.975803,43.627312,15.550333,543.675398,404.742847,690.670016,285.92717,11.358537,88.875613,0.103322,false,,,,,56.954,18.8661,33.6882,1.9429,,33.3639,90,derived,icgc_landcover_2024;gencat_protected_areas;icgc_coast_202602,,2026-08-21T20:11:40Z,0.2.0,,Landscape Recognition is optional and not included in the core score.,partial,33.3639,33.3639,100,,official,landscape_core,true
082270,Sant Martí Sarroca,03,Alt Penedès,2024-2026,35.2108,32.771924,21.003104,7.362669,301.610676,208.527551,424.394019,215.866468,6.118583,65.49529,0.337258,false,,,,,27.6031,8.9326,18.6054,6.6746,,17.5468,90,derived,icgc_landcover_2024;gencat_protected_areas;icgc_coast_202602,,2026-08-21T20:11:40Z,0.2.0,,Landscape Recognition is optional and not included in the core score.,partial,17.5468,17.5468,100,,official,landscape_core,true
082286,Sant Martí Sesgueioles,06,Anoia,2024-2026,3.8636,9.709714,2.516723,0,634.144096,613.153479,656.21813,43.064651,5.019335,13.329511,0.096755,false,,,,,1.7712,0,8.032,1.81,,2.8994,90,derived,icgc_landcover_2024;gencat_protected_areas;icgc_coast_202602,,2026-08-21T20:11:40Z,0.2.0,,Landscape Recognition is optional and not included in the core score.,partial,2.8994,2.8994,100,,official,landscape_core,true
082299,Sant Mateu de Bages,07,Bages,2024-2026,102.1706,81.699361,61.896976,46.83113,612.676754,374.902396,845.015912,470.113516,15.896304,143.31687,0.08153,false,,,,,82.4065,56.8167,52.538,1.502,,56.4062,90,derived,icgc_landcover_2024;gencat_protected_areas;icgc_coast_202602,,2026-08-21T20:11:40Z,0.2.0,,Landscape Recognition is optional and not included in the core score.,partial,56.4062,56.4062,100,,official,landscape_core,true
082303,Premià de Dalt,21,Maresme,2024-2026,6.4649,50.12774,37.93656,38.721361,186.218417,22.585648,448.264716,425.679068,11.66919,143.158055,0.992804,false,,,,,47.0433,46.9778,40.9369,19.9343,,41.434,90,derived,icgc_landcover_2024;gencat_protected_areas;icgc_coast_202602,,2026-08-21T20:11:40Z,0.2.0,,Landscape Recognition is optional and not included in the core score.,partial,41.434,41.434,100,,official,landscape_core,true
082310,Sant Pere de Ribes,17,Garraf,2024-2026,40.8368,61.058579,39.193443,41.960254,108.556385,28.160643,229.345151,201.184508,10.657726,65.868004,0.039601,true,,,,,59.2869,50.9073,28.1387,40.654,,46.61,90,derived,icgc_landcover_2024;gencat_protected_areas;icgc_coast_202602,,2026-08-21T20:11:40Z,0.2.0,,Landscape Recognition is optional and not included in the core score.,partial,46.61,46.61,100,,official,landscape_core,true
082325,Sant Pere de Riudebitlles,03,Alt Penedès,2024-2026,5.4686,40.416536,22.623443,0,292.91259,245.008659,359.370892,114.362233,7.596362,36.702374,0.6888,false,,,,,36.1658,0,17.1763,13.7853,,19.0199,90,derived,icgc_landcover_2024;gencat_protected_areas;icgc_coast_202602,,2026-08-21T20:11:40Z,0.2.0,,Landscape Recognition is optional and not included in the core score.,partial,19.0199,19.0199,100,,official,landscape_core,true
082331,Sant Pere de Torelló,24,Osona,2024-2026,54.9573,88.181192,74.72751,46.850145,816.757704,568.867645,1170.138245,601.270599,18.950786,189.617267,0.067332,false,,,,,89.6668,56.8398,65.5626,1.2149,,62.1662,90,derived,icgc_landcover_2024;gencat_protected_areas;icgc_coast_202602,,2026-08-21T20:11:40Z,0.2.0,,Landscape Recognition is optional and not included in the core score.,partial,62.1662,62.1662,100,,official,landscape_core,true
082346,Sant Pere de Vilamajor,41,Vallès Oriental,2024-2026,34.3674,79.747979,71.309661,61.414917,539.96629,268.408621,1023.919092,755.510471,17.599461,262.29399,0.113629,false,,,,,80.2208,74.5102,69.7477,2.1513,,64.4645,90,derived,icgc_landcover_2024;gencat_protected_areas;icgc_coast_202602,,2026-08-21T20:11:40Z,0.2.0,,Landscape Recognition is optional and not included in the core score.,partial,64.4645,64.4645,100,,official,landscape_core,true
082359,Sant Pol de Mar,21,Maresme,2024-2026,7.459,63.184077,34.236181,0,74.306042,9.99406,176.917955,166.923895,12.336279,50.177959,3.471548,true,,,,,61.6676,0,30.313,100,,44.1619,90,derived,icgc_landcover_2024;gencat_protected_areas;icgc_coast_202602,,2026-08-21T20:11:40Z,0.2.0,,Landscape Recognition is optional and not included in the core score.,partial,44.1619,44.1619,100,,official,landscape_core,true
082362,Sant Quintí de Mediona,03,Alt Penedès,2024-2026,13.836,54.357375,36.767546,0.019998,361.509977,291.459358,431.870522,140.411163,9.863418,44.627257,0.275014,false,,,,,51.7809,0.0243,23.5021,5.4157,,24.8173,90,derived,icgc_landcover_2024;gencat_protected_areas;icgc_coast_202602,,2026-08-21T20:11:40Z,0.2.0,,Landscape Recognition is optional and not included in the core score.,partial,24.8173,24.8173,100,,official,landscape_core,true
082378,Sant Quirze de Besora,24,Osona,2024-2026,8.1521,73.19298,52.608327,34.278348,658.530106,558.240234,834.923172,276.682938,16.504819,84.454013,1.724848,false,,,,,72.8786,41.5874,44.8435,34.7413,,52.3264,90,derived,icgc_landcover_2024;gencat_protected_areas;icgc_coast_202602,,2026-08-21T20:11:40Z,0.2.0,,Landscape Recognition is optional and not included in the core score.,partial,52.3264,52.3264,100,,official,landscape_core,true
082384,Sant Quirze del Vallès,40,Vallès Occidental,2024-2026,14.0723,55.223562,44.035027,0,205.749568,152.416521,272.502872,120.086351,7.978423,36.400291,0.560732,false,,,,,52.7511,0,18.3049,11.1949,,24.7183,90,derived,icgc_landcover_2024;gencat_protected_areas;icgc_coast_202602,,2026-08-21T20:11:40Z,0.2.0,,Landscape Recognition is optional and not included in the core score.,partial,24.7183,24.7183,100,,official,landscape_core,true
082397,Sant Quirze Safaja,42,Moianès,2024-2026,25.845,89.334736,61.386276,67.242658,707.26804,576.838153,833.858453,257.0203,17.700096,79.849743,0.087018,false,,,,,90.9589,81.5805,46.6136,1.6131,,64.1261,90,derived,icgc_landcover_2024;gencat_protected_areas;icgc_coast_202602,,2026-08-21T20:11:40Z,0.2.0,,Landscape Recognition is optional and not included in the core score.,partial,64.1261,64.1261,100,,official,landscape_core,true
082401,Sant Sadurní d'Anoia,03,Alt Penedès,2024-2026,18.9414,34.389728,18.717165,0.013982,181.931367,123.306393,249.32467,126.018277,7.194703,38.312585,0.577082,false,,,,,29.4152,0.017,16.8181,11.5256,,16.2329,90,derived,icgc_landcover_2024;gencat_protected_areas;icgc_coast_202602,,2026-08-21T20:11:40Z,0.2.0,,Landscape Recognition is optional and not included in the core score.,partial,16.2329,16.2329,100,,official,landscape_core,true
082418,Sant Sadurní d'Osormort,24,Osona,2024-2026,30.6645,93.371067,85.969465,34.543812,636.448473,517.673584,776.127014,258.45343,16.487575,76.21159,0.038137,false,,,,,95.48,41.9094,43.9504,0.6244,,54.9766,90,derived,icgc_landcover_2024;gencat_protected_areas;icgc_coast_202602,,2026-08-21T20:11:40Z,0.2.0,,Landscape Recognition is optional and not included in the core score.,partial,54.9766,54.9766,100,,official,landscape_core,true
082423,Marganell,07,Bages,2024-2026,13.3455,88.492887,67.801315,70.40113,491.556604,288.22057,874.161743,585.941173,22.732347,173.666791,0.08297,false,,,,,90.0159,85.4125,73.3596,1.5312,,71.4283,90,derived,icgc_landcover_2024;gencat_protected_areas;icgc_coast_202602,,2026-08-21T20:11:40Z,0.2.0,,Landscape Recognition is optional and not included in the core score.,partial,71.4283,71.4283,100,,official,landscape_core,true
082439,Santa Cecília de Voltregà,24,Osona,2024-2026,8.8051,50.294188,34.220837,6.644431,576.153199,500.797287,693.15715,192.359863,12.996485,58.021143,0.1079,false,,,,,47.2297,8.0612,32.9916,2.0354,,27.0989,90,derived,icgc_landcover_2024;gencat_protected_areas;icgc_coast_202602,,2026-08-21T20:11:40Z,0.2.0,,Landscape Recognition is optional and not included in the core score.,partial,27.0989,27.0989,100,,official,landscape_core,true
082444,Santa Coloma de Cervelló,11,Baix Llobregat,2024-2026,7.4108,43.84613,24.170753,6.043916,78.007253,13.610166,229.663315,216.053149,9.207353,71.308853,3.475772,false,,,,,40.0073,7.3326,25.5695,60,,31.2281,90,derived,icgc_landcover_2024;gencat_protected_areas;icgc_coast_202602,,2026-08-21T20:11:40Z,0.2.0,,Landscape Recognition is optional and not included in the core score.,partial,31.2281,31.2281,100,,official,landscape_core,true
082457,Santa Coloma de Gramenet,13,Barcelonès,2024-2026,7.0396,37.888947,14.722882,0.172118,71.096123,14.434815,196.693737,182.258922,9.59587,57.600729,2.618497,false,,,,,33.3347,0.2088,24.8607,52.8171,,25.8571,90,derived,icgc_landcover_2024;gencat_protected_areas;icgc_coast_202602,,2026-08-21T20:11:40Z,0.2.0,,Landscape Recognition is optional and not included in the core score.,partial,25.8571,25.8571,100,,official,landscape_core,true
082460,Santa Eugènia de Berga,24,Osona,2024-2026,6.9798,18.544615,9.59037,0,514.966647,484.001242,571.194482,87.19324,3.647533,25.99255,0.221102,false,,,,,11.6672,0,7.011,4.3252,,6.485,90,derived,icgc_landcover_2024;gencat_protected_areas;icgc_coast_202602,,2026-08-21T20:11:40Z,0.2.0,,Landscape Recognition is optional and not included in the core score.,partial,6.485,6.485,100,,official,landscape_core,true
082476,Santa Eulàlia de Riuprimer,24,Osona,2024-2026,13.8908,65.942292,58.926223,0,668.955789,548.332809,824.168289,275.83548,13.054356,83.480276,0.079807,false,,,,,64.7571,0,37.034,1.4672,,32.1436,90,derived,icgc_landcover_2024;gencat_protected_areas;icgc_coast_202602,,2026-08-21T20:11:40Z,0.2.0,,Landscape Recognition is optional and not included in the core score.,partial,32.1436,32.1436,100,,official,landscape_core,true
082482,Santa Eulàlia de Ronçana,41,Vallès Oriental,2024-2026,14.1295,35.524906,28.032588,0,227.769608,156.09444,330.742416,174.647977,5.837671,56.74074,0.56329,false,,,,,30.6867,0,16.0412,11.2466,,16.4376,90,derived,icgc_landcover_2024;gencat_protected_areas;icgc_coast_202602,,2026-08-21T20:11:40Z,0.2.0,,Landscape Recognition is optional and not included in the core score.,partial,16.4376,16.4376,100,,official,landscape_core,true
082495,Santa Fe del Penedès,03,Alt Penedès,2024-2026,3.376,15.090533,8.211344,0,223.520791,190.455381,266.799742,76.344361,4.694532,24.091782,0.386075,false,,,,,7.7983,0,8.8603,7.6621,,6.0938,90,derived,icgc_landcover_2024;gencat_protected_areas;icgc_coast_202602,,2026-08-21T20:11:40Z,0.2.0,,Landscape Recognition is optional and not included in the core score.,partial,6.0938,6.0938,100,,official,landscape_core,true
082508,Santa Margarida de Montbui,06,Anoia,2024-2026,27.603,49.505112,37.437687,21.703269,431.970119,321.415462,595.911493,274.496031,10.146496,87.505764,0.107838,false,,,,,46.3459,26.331,30.4231,2.0342,,30.7147,90,derived,icgc_landcover_2024;gencat_protected_areas;icgc_coast_202602,,2026-08-21T20:11:40Z,0.2.0,,Landscape Recognition is optional and not included in the core score.,partial,30.7147,30.7147,100,,official,landscape_core,true
082515,Santa Margarida i els Monjos,03,Alt Penedès,2024-2026,17.4384,38.557054,19.128623,14.907541,210.72746,146.58461,336.543793,189.959183,6.616032,58.53715,0.652705,false,,,,,34.083,18.0862,18.5115,13.0552,,23.0367,90,derived,icgc_landcover_2024;gencat_protected_areas;icgc_coast_202602,,2026-08-21T20:11:40Z,0.2.0,,Landscape Recognition is optional and not included in the core score.,partial,23.0367,23.0367,100,,official,landscape_core,true
082520,Barberà del Vallès,40,Vallès Occidental,2024-2026,8.2016,16.06309,5.317743,0,125.155835,93.724852,149.925468,56.200616,4.168947,17.416512,2.34843,false,,,,,8.8876,0,6.7328,47.3545,,11.897,90,derived,icgc_landcover_2024;gencat_protected_areas;icgc_coast_202602,,2026-08-21T20:11:40Z,0.2.0,,Landscape Recognition is optional and not included in the core score.,partial,11.897,11.897,100,,official,landscape_core,true
082536,Santa Maria de Besora,24,Osona,2024-2026,24.914,89.695587,77.440389,57.702096,851.477216,642.925949,1064.089459,421.16351,20.11279,126.079451,0.111158,false,,,,,91.3631,70.0057,59.7388,2.1014,,64.7284,90,derived,icgc_landcover_2024;gencat_protected_areas;icgc_coast_202602,,2026-08-21T20:11:40Z,0.2.0,,Landscape Recognition is optional and not included in the core score.,partial,64.7284,64.7284,100,,official,landscape_core,true
082541,l'Esquirol,24,Osona,2024-2026,61.7969,70.57953,49.456255,11.12017,722.639624,488.434418,1004.245801,515.811383,12.202784,178.514538,0.69018,false,,,,,69.9513,13.4913,46.3623,13.8132,,41.5183,90,derived,icgc_landcover_2024;gencat_protected_areas;icgc_coast_202602,,2026-08-21T20:11:40Z,0.2.0,,Landscape Recognition is optional and not included in the core score.,partial,41.5183,41.5183,100,,official,landscape_core,true
082554,Santa Maria de Merlès,14,Berguedà,2024-2026,51.1588,77.608389,66.647452,41.117768,603.067404,482.399644,724.530954,242.13131,11.564544,75.495119,0.389413,false,,,,,77.8243,49.8851,32.0996,7.7296,,48.8941,90,derived,icgc_landcover_2024;gencat_protected_areas;icgc_coast_202602,,2026-08-21T20:11:40Z,0.2.0,,Landscape Recognition is optional and not included in the core score.,partial,48.8941,48.8941,100,,official,landscape_core,true
082567,Santa Maria de Martorelles,41,Vallès Oriental,2024-2026,4.4597,87.142756,77.916501,68.934257,271.455162,132.103539,431.522231,299.418692,17.280588,98.149542,0.447043,false,,,,,88.5037,83.6328,47.6558,8.8953,,65.1327,90,derived,icgc_landcover_2024;gencat_protected_areas;icgc_coast_202602,,2026-08-21T20:11:40Z,0.2.0,,Landscape Recognition is optional and not included in the core score.,partial,65.1327,65.1327,100,,official,landscape_core,true
082573,Santa Maria de Miralles,06,Anoia,2024-2026,25.3206,66.878192,50.676015,46.450393,586.674507,489.962306,732.338937,242.376631,11.873124,75.168903,0.014173,false,,,,,65.8054,56.3548,32.806,0.1396,,45.343,90,derived,icgc_landcover_2024;gencat_protected_areas;icgc_coast_202602,,2026-08-21T20:11:40Z,0.2.0,,Landscape Recognition is optional and not included in the core score.,partial,45.343,45.343,100,,official,landscape_core,true
082589,Santa Maria d'Oló,42,Moianès,2024-2026,66.0811,81.308983,74.721876,21.405887,581.750533,396.277138,795.159616,398.882478,15.414399,121.353684,0.04087,false,,,,,81.9693,25.9702,48.1147,0.6796,,47.3124,90,derived,icgc_landcover_2024;gencat_protected_areas;icgc_coast_202602,,2026-08-21T20:11:40Z,0.2.0,,Landscape Recognition is optional and not included in the core score.,partial,47.3124,47.3124,100,,official,landscape_core,true
082592,Santa Maria de Palautordera,41,Vallès Oriental,2024-2026,16.952,54.242578,42.683334,0.000018,209.087049,159.722328,269.974045,110.251717,7.864548,32.278455,0.36119,false,,,,,51.6523,0,17.5876,7.1587,,23.549,90,derived,icgc_landcover_2024;gencat_protected_areas;icgc_coast_202602,,2026-08-21T20:11:40Z,0.2.0,,Landscape Recognition is optional and not included in the core score.,partial,23.549,23.549,100,,official,landscape_core,true
082606,Santa Perpètua de Mogoda,40,Vallès Occidental,2024-2026,15.623,15.413209,3.486477,7.743107,87.793045,57.664801,128.368568,70.703768,3.626367,21.71759,0.918267,false,,,,,8.1597,9.3941,6.1906,18.4267,,9.5161,90,derived,icgc_landcover_2024;gencat_protected_areas;icgc_coast_202602,,2026-08-21T20:11:40Z,0.2.0,,Landscape Recognition is optional and not included in the core score.,partial,9.5161,9.5161,100,,official,landscape_core,true
082613,Santa Susanna,21,Maresme,2024-2026,12.6355,74.013322,65.715482,0.179737,102.203556,3.675618,240.111063,236.435445,14.425423,76.418758,0.437127,true,,,,,73.7974,0.2181,38.275,48.6947,,42.7566,90,derived,icgc_landcover_2024;gencat_protected_areas;icgc_coast_202602,,2026-08-21T20:11:40Z,0.2.0,,Landscape Recognition is optional and not included in the core score.,partial,42.7566,42.7566,100,,official,landscape_core,true
082628,Sant Vicenç de Castellet,07,Bages,2024-2026,17.2984,74.116887,41.511414,51.761008,312.238993,165.21709,500.866571,335.649481,14.879515,108.463594,1.266716,false,,,,,73.9134,62.7978,43.9469,25.4747,,56.3771,90,derived,icgc_landcover_2024;gencat_protected_areas;icgc_coast_202602,,2026-08-21T20:11:40Z,0.2.0,,Landscape Recognition is optional and not included in the core score.,partial,56.3771,56.3771,100,,official,landscape_core,true
082634,Sant Vicenç dels Horts,11,Baix Llobregat,2024-2026,9.2937,37.540264,21.137952,5.141775,66.894787,18.600556,172.459074,153.858518,8.305455,50.164396,2.378907,false,,,,,32.9441,6.2381,20.624,47.971,,25.4416,90,derived,icgc_landcover_2024;gencat_protected_areas;icgc_coast_202602,,2026-08-21T20:11:40Z,0.2.0,,Landscape Recognition is optional and not included in the core score.,partial,25.4416,25.4416,100,,official,landscape_core,true
082649,Sant Vicenç de Montalt,21,Maresme,2024-2026,7.9573,58.802085,44.035001,0.152604,169.823594,9.49183,387.033231,377.5414,11.470665,112.058988,0.990063,true,,,,,56.7594,0.1851,38.234,59.8789,,38.4524,90,derived,icgc_landcover_2024;gencat_protected_areas;icgc_coast_202602,,2026-08-21T20:11:40Z,0.2.0,,Landscape Recognition is optional and not included in the core score.,partial,38.4524,38.4524,100,,official,landscape_core,true
082652,Sant Vicenç de Torelló,24,Osona,2024-2026,6.5878,49.587966,22.311922,7.848216,584.717686,517.776013,712.578882,194.802869,10.43716,60.831216,1.261079,false,,,,,46.4387,9.5217,27.343,25.3607,,29.2738,90,derived,icgc_landcover_2024;gencat_protected_areas;icgc_coast_202602,,2026-08-21T20:11:40Z,0.2.0,,Landscape Recognition is optional and not included in the core score.,partial,29.2738,29.2738,100,,official,landscape_core,true
082665,Cerdanyola del Vallès,40,Vallès Occidental,2024-2026,30.8099,58.750305,45.818908,46.821705,142.667805,74.777306,252.790439,178.013133,9.19282,55.793812,1.184995,false,,,,,56.7014,56.8053,23.7542,23.8217,,43.5586,90,derived,icgc_landcover_2024;gencat_protected_areas;icgc_coast_202602,,2026-08-21T20:11:40Z,0.2.0,,Landscape Recognition is optional and not included in the core score.,partial,43.5586,43.5586,100,,official,landscape_core,true
082671,Sentmenat,40,Vallès Occidental,2024-2026,28.3913,61.368387,49.774886,0,290.56462,171.370161,586.293146,414.922984,11.474795,122.659958,1.384983,false,,,,,59.6339,0,39.9951,27.8669,,35.0507,90,derived,icgc_landcover_2024;gencat_protected_areas;icgc_coast_202602,,2026-08-21T20:11:40Z,0.2.0,,Landscape Recognition is optional and not included in the core score.,partial,35.0507,35.0507,100,,official,landscape_core,true
082687,Cercs,14,Berguedà,2024-2026,47.0173,90.68292,76.284283,21.217386,1003.030966,610.87699,1736.230835,1125.353845,23.405058,356.771622,5.583768,false,,,,,92.469,25.7415,99.2991,60,,72.6243,90,derived,icgc_landcover_2024;gencat_protected_areas;icgc_coast_202602,,2026-08-21T20:11:40Z,0.2.0,,Landscape Recognition is optional and not included in the core score.,partial,72.6243,72.6243,100,,official,landscape_core,true
082690,Seva,24,Osona,2024-2026,30.462,70.284176,58.441539,20.908066,697.047399,551.085205,1007.051544,455.966339,10.978203,137.327766,0.222779,false,,,,,69.6204,25.3662,40.8003,4.3591,,41.5626,90,derived,icgc_landcover_2024;gencat_protected_areas;icgc_coast_202602,,2026-08-21T20:11:40Z,0.2.0,,Landscape Recognition is optional and not included in the core score.,partial,41.5626,41.5626,100,,official,landscape_core,true
082704,Sitges,17,Garraf,2024-2026,43.9412,74.257873,26.80697,70.810779,162.737041,7.214575,396.758704,389.544128,15.578236,122.738048,0.097433,true,,,,,74.0714,85.9095,48.046,41.8238,,65.6874,90,derived,icgc_landcover_2024;gencat_protected_areas;icgc_coast_202602,,2026-08-21T20:11:40Z,0.2.0,,Landscape Recognition is optional and not included in the core score.,partial,65.6874,65.6874,100,,official,landscape_core,true
082711,Sobremunt,43,Lluçanès,2024-2026,13.8398,84.005046,74.8223,13.757245,790.947578,673.607849,912.950867,239.343018,17.876369,73.010533,0.15446,false,,,,,84.9891,16.6906,46.1821,2.9772,,45.9109,90,derived,icgc_landcover_2024;gencat_protected_areas;icgc_coast_202602,,2026-08-21T20:11:40Z,0.2.0,,Landscape Recognition is optional and not included in the core score.,partial,45.9109,45.9109,100,,official,landscape_core,true
082726,Sora,24,Osona,2024-2026,30.8421,78.381891,69.012125,1.940075,743.025336,632.593103,908.466699,275.873596,16.01591,79.947087,0.033058,false,,,,,78.6906,2.3537,43.7046,0.5216,,39.1345,90,derived,icgc_landcover_2024;gencat_protected_areas;icgc_coast_202602,,2026-08-21T20:11:40Z,0.2.0,,Landscape Recognition is optional and not included in the core score.,partial,39.1345,39.1345,100,,official,landscape_core,true
082732,Subirats,03,Alt Penedès,2024-2026,55.8192,54.975041,36.560756,30.147168,296.394705,138.978217,490.192383,351.214166,10.258942,113.73166,0.480646,false,,,,,52.4727,36.5753,34.2716,9.575,,37.5134,90,derived,icgc_landcover_2024;gencat_protected_areas;icgc_coast_202602,,2026-08-21T20:11:40Z,0.2.0,,Landscape Recognition is optional and not included in the core score.,partial,37.5134,37.5134,100,,official,landscape_core,true
082747,Súria,07,Bages,2024-2026,23.6008,75.43027,54.827202,6.979645,381.173844,277.053949,493.681287,216.627338,14.153136,65.773775,0.619084,false,,,,,75.3846,8.4679,36.7335,12.3751,,39.5412,90,derived,icgc_landcover_2024;gencat_protected_areas;icgc_coast_202602,,2026-08-21T20:11:40Z,0.2.0,,Landscape Recognition is optional and not included in the core score.,partial,39.5412,39.5412,100,,official,landscape_core,true
082750,Tavèrnoles,24,Osona,2024-2026,18.8823,75.797713,66.853151,2.314027,615.710836,469.681683,774.922534,305.240851,13.31591,99.741166,0.813262,false,,,,,75.7961,2.8074,39.0009,16.3027,,39.4261,90,derived,icgc_landcover_2024;gencat_protected_areas;icgc_coast_202602,,2026-08-21T20:11:40Z,0.2.0,,Landscape Recognition is optional and not included in the core score.,partial,39.4261,39.4261,100,,official,landscape_core,true
082763,Tagamanent,41,Vallès Oriental,2024-2026,43.4706,97.225192,83.761164,90.191981,812.141315,423.767239,1197.298584,773.531345,23.00985,238.36222,0.006794,false,,,,,99.797,100,82.7755,0,,80.6228,90,derived,icgc_landcover_2024;gencat_protected_areas;icgc_coast_202602,,2026-08-21T20:11:40Z,0.2.0,,Landscape Recognition is optional and not included in the core score.,partial,80.6228,80.6228,100,,official,landscape_core,true
082779,Talamanca,07,Bages,2024-2026,29.302,92.203083,53.487579,20.176252,438.307596,266.770811,592.885611,326.114799,17.121894,97.867278,0.333939,false,,,,,94.1717,24.4783,48.5496,6.6075,,52.2082,90,derived,icgc_landcover_2024;gencat_protected_areas;icgc_coast_202602,,2026-08-21T20:11:40Z,0.2.0,,Landscape Recognition is optional and not included in the core score.,partial,52.2082,52.2082,100,,official,landscape_core,true
082785,Taradell,24,Osona,2024-2026,26.5932,54.926221,41.101975,0.167067,626.62096,521.021515,774.410431,253.388916,7.895874,80.666245,0.289048,false,,,,,52.4181,0.2027,24.366,5.6995,,25.3434,90,derived,icgc_landcover_2024;gencat_protected_areas;icgc_coast_202602,,2026-08-21T20:11:40Z,0.2.0,,Landscape Recognition is optional and not included in the core score.,partial,25.3434,25.3434,100,,official,landscape_core,true
082798,Terrassa,40,Vallès Occidental,2024-2026,70.0553,54.50575,39.486252,11.011661,374.073527,224.538103,659.183359,434.645256,9.954573,140.618127,0.691152,false,,,,,51.9471,13.3596,37.496,13.8328,,32.9703,90,derived,icgc_landcover_2024;gencat_protected_areas;icgc_coast_202602,,2026-08-21T20:11:40Z,0.2.0,,Landscape Recognition is optional and not included in the core score.,partial,32.9703,32.9703,100,,official,landscape_core,true
082802,Tavertet,24,Osona,2024-2026,32.7661,90.726765,73.211888,36.009727,808.55532,523.323608,1104.578217,581.254608,18.805725,184.296534,0.995578,false,,,,,92.5181,43.6879,64.2979,19.9904,,62.3764,90,derived,icgc_landcover_2024;gencat_protected_areas;icgc_coast_202602,,2026-08-21T20:11:40Z,0.2.0,,Landscape Recognition is optional and not included in the core score.,partial,62.3764,62.3764,100,,official,landscape_core,true
082819,Teià,21,Maresme,2024-2026,6.6813,57.780625,28.155896,41.103118,174.299563,39.45581,374.270146,334.814336,12.606048,100.961524,1.002511,false,,,,,55.6153,49.8674,38.7883,20.1307,,44.6489,90,derived,icgc_landcover_2024;gencat_protected_areas;icgc_coast_202602,,2026-08-21T20:11:40Z,0.2.0,,Landscape Recognition is optional and not included in the core score.,partial,44.6489,44.6489,100,,official,landscape_core,true
082824,Tiana,21,Maresme,2024-2026,7.8991,63.747518,27.683872,34.009197,177.304549,72.98323,340.772629,267.789399,12.868763,85.095118,1.206769,false,,,,,62.2987,41.2608,36.2389,24.2622,,44.8188,90,derived,icgc_landcover_2024;gencat_protected_areas;icgc_coast_202602,,2026-08-21T20:11:40Z,0.2.0,,Landscape Recognition is optional and not included in the core score.,partial,44.8188,44.8188,100,,official,landscape_core,true
082830,Tona,24,Osona,2024-2026,16.3905,46.425595,32.558562,8.409014,647.878386,548.375806,841.2745,292.898694,9.833317,88.103233,0.108085,false,,,,,42.8965,10.202,30.5803,2.0392,,25.5152,90,derived,icgc_landcover_2024;gencat_protected_areas;icgc_coast_202602,,2026-08-21T20:11:40Z,0.2.0,,Landscape Recognition is optional and not included in the core score.,partial,25.5152,25.5152,100,,official,landscape_core,true
082845,Tordera,21,Maresme,2024-2026,84.4389,74.797028,66.204399,43.221383,158.484881,22.658729,476.572989,453.91426,13.004956,147.761933,0.816554,false,,,,,74.6753,52.4373,45.268,16.3693,,53.0181,90,derived,icgc_landcover_2024;gencat_protected_areas;icgc_coast_202602,,2026-08-21T20:11:40Z,0.2.0,,Landscape Recognition is optional and not included in the core score.,partial,53.0181,53.0181,100,,official,landscape_core,true
082858,Torelló,24,Osona,2024-2026,13.5064,33.121312,9.841302,0,526.3118,484.025513,578.707733,94.68222,5.624169,28.553837,1.653934,false,,,,,27.9945,0,11.8131,33.307,,17.7474,90,derived,icgc_landcover_2024;gencat_protected_areas;icgc_coast_202602,,2026-08-21T20:11:40Z,0.2.0,,Landscape Recognition is optional and not included in the core score.,partial,17.7474,17.7474,100,,official,landscape_core,true
082861,la Torre de Claramunt,06,Anoia,2024-2026,14.938,55.567705,43.498179,1.820296,413.427026,299.796031,537.36438,237.568349,9.113798,72.706844,0.116098,false,,,,,53.1366,2.2084,26.3671,2.2013,,26.0719,90,derived,icgc_landcover_2024;gencat_protected_areas;icgc_coast_202602,,2026-08-21T20:11:40Z,0.2.0,,Landscape Recognition is optional and not included in the core score.,partial,26.0719,26.0719,100,,official,landscape_core,true
082877,Torrelavit,03,Alt Penedès,2024-2026,23.6183,35.53119,27.60373,0.075616,255.61948,192.575809,314.03924,121.46343,7.78807,36.342249,0.099809,false,,,,,30.6938,0.0917,17.9409,1.8718,,15.5317,90,derived,icgc_landcover_2024;gencat_protected_areas;icgc_coast_202602,,2026-08-21T20:11:40Z,0.2.0,,Landscape Recognition is optional and not included in the core score.,partial,15.5317,15.5317,100,,official,landscape_core,true
082883,Torrelles de Foix,03,Alt Penedès,2024-2026,37.0236,63.435242,43.539098,40.42867,496.1514,336.672227,688.272363,351.600136,11.824277,115.84874,0.415963,false,,,,,61.949,49.0491,37.8145,8.2666,,44.6381,90,derived,icgc_landcover_2024;gencat_protected_areas;icgc_coast_202602,,2026-08-21T20:11:40Z,0.2.0,,Landscape Recognition is optional and not included in the core score.,partial,44.6381,44.6381,100,,official,landscape_core,true
082896,Torrelles de Llobregat,11,Baix Llobregat,2024-2026,13.5409,71.761249,57.013783,26.333459,210.912319,103.784053,338.752153,234.9681,17.352431,70.175083,0.87226,false,,,,,71.2749,31.9484,44.7972,17.4961,,46.757,90,derived,icgc_landcover_2024;gencat_protected_areas;icgc_coast_202602,,2026-08-21T20:11:40Z,0.2.0,,Landscape Recognition is optional and not included in the core score.,partial,46.757,46.757,100,,official,landscape_core,true
082900,Ullastrell,40,Vallès Occidental,2024-2026,7.4248,76.497232,44.521333,0,258.596264,170.714395,319.833723,149.119328,14.510476,45.363973,1.095719,false,,,,,76.5797,0,34.3745,22.016,,38.6989,90,derived,icgc_landcover_2024;gencat_protected_areas;icgc_coast_202602,,2026-08-21T20:11:40Z,0.2.0,,Landscape Recognition is optional and not included in the core score.,partial,38.6989,38.6989,100,,official,landscape_core,true
082917,Vacarisses,40,Vallès Occidental,2024-2026,40.6264,83.236772,59.247019,57.591288,408.752552,235.233646,638.623901,403.390256,15.87611,128.411959,0.300943,false,,,,,84.1286,69.8712,49.3657,5.9401,,60.1452,90,derived,icgc_landcover_2024;gencat_protected_areas;icgc_coast_202602,,2026-08-21T20:11:40Z,0.2.0,,Landscape Recognition is optional and not included in the core score.,partial,60.1452,60.1452,100,,official,landscape_core,true
082922,Vallbona d'Anoia,06,Anoia,2024-2026,6.428,78.100822,50.333289,66.056374,358.197281,231.989301,540.190051,308.200751,15.439589,103.670268,1.387333,false,,,,,78.3758,80.1413,43.9218,27.9145,,62.6345,90,derived,icgc_landcover_2024;gencat_protected_areas;icgc_coast_202602,,2026-08-21T20:11:40Z,0.2.0,,Landscape Recognition is optional and not included in the core score.,partial,62.6345,62.6345,100,,official,landscape_core,true
082938,Vallcebre,14,Berguedà,2024-2026,28.0453,90.359802,66.793167,21.455809,1292.570815,888.886316,1823.114062,934.227747,18.598443,273.299408,0.052668,false,,,,,92.1071,26.0307,80.3726,0.9183,,58.976,90,derived,icgc_landcover_2024;gencat_protected_areas;icgc_coast_202602,,2026-08-21T20:11:40Z,0.2.0,,Landscape Recognition is optional and not included in the core score.,partial,58.976,58.976,100,,official,landscape_core,true
082943,Vallgorguina,41,Vallès Oriental,2024-2026,22.1298,87.804437,82.527973,45.313988,292.211162,182.592583,435.931656,253.339073,14.936287,76.757169,0.022959,false,,,,,89.2448,54.9761,40.2174,0.3173,,55.0817,90,derived,icgc_landcover_2024;gencat_protected_areas;icgc_coast_202602,,2026-08-21T20:11:40Z,0.2.0,,Landscape Recognition is optional and not included in the core score.,partial,55.0817,55.0817,100,,official,landscape_core,true
082956,Vallirana,11,Baix Llobregat,2024-2026,23.7183,68.198148,52.779417,31.095042,365.829936,189.701212,526.457703,336.756491,15.474474,106.086876,0.228684,false,,,,,67.2839,37.7253,45.3385,4.4785,,44.9871,90,derived,icgc_landcover_2024;gencat_protected_areas;icgc_coast_202602,,2026-08-21T20:11:40Z,0.2.0,,Landscape Recognition is optional and not included in the core score.,partial,44.9871,44.9871,100,,official,landscape_core,true
082969,Vallromanes,41,Vallès Oriental,2024-2026,10.5701,76.36132,68.261737,57.215514,239.111949,139.432487,376.718758,237.28627,14.009043,73.107143,0.215103,false,,,,,76.4274,69.4153,37.3772,4.2038,,54.0783,90,derived,icgc_landcover_2024;gencat_protected_areas;icgc_coast_202602,,2026-08-21T20:11:40Z,0.2.0,,Landscape Recognition is optional and not included in the core score.,partial,54.0783,54.0783,100,,official,landscape_core,true
082975,Veciana,06,Anoia,2024-2026,38.9572,50.884052,28.931575,0,634.297934,534.771881,736.12168,201.349799,11.136689,63.296039,0.017185,false,,,,,47.8904,0,29.225,0.2006,,24.098,90,derived,icgc_landcover_2024;gencat_protected_areas;icgc_coast_202602,,2026-08-21T20:11:40Z,0.2.0,,Landscape Recognition is optional and not included in the core score.,partial,24.098,24.098,100,,official,landscape_core,true
082981,Vic,24,Osona,2024-2026,30.9079,25.602508,16.792796,0,535.896276,465.810594,726.360489,260.549895,5.492602,82.543558,0.23437,false,,,,,19.5727,0,19.2899,4.5935,,12.3619,90,derived,icgc_landcover_2024;gencat_protected_areas;icgc_coast_202602,,2026-08-21T20:11:40Z,0.2.0,,Landscape Recognition is optional and not included in the core score.,partial,12.3619,12.3619,100,,official,landscape_core,true
082994,Vilada,14,Berguedà,2024-2026,22.2131,87.984304,81.575105,34.732866,841.649119,636.394888,1264.574884,628.179996,21.314453,188.620917,3.921723,false,,,,,89.4463,42.1388,72.1462,60,,68.8775,90,derived,icgc_landcover_2024;gencat_protected_areas;icgc_coast_202602,,2026-08-21T20:11:40Z,0.2.0,,Landscape Recognition is optional and not included in the core score.,partial,68.8775,68.8775,100,,official,landscape_core,true
083008,Viladecavalls,40,Vallès Occidental,2024-2026,19.9683,77.399295,60.207035,18.612653,284.23456,184.743491,439.171039,254.427548,13.595866,76.702555,0.929476,false,,,,,77.59,22.5814,37.2501,18.6534,,44.9124,90,derived,icgc_landcover_2024;gencat_protected_areas;icgc_coast_202602,,2026-08-21T20:11:40Z,0.2.0,,Landscape Recognition is optional and not included in the core score.,partial,44.9124,44.9124,100,,official,landscape_core,true
083015,Viladecans,11,Baix Llobregat,2024-2026,20.3479,32.825155,9.195441,34.161705,20.641715,0.607606,106.617259,106.009653,2.792695,38.295273,10.150656,true,,,,,27.6627,41.4459,5.9679,100,,36.5354,90,derived,icgc_landcover_2024;gencat_protected_areas;icgc_coast_202602,,2026-08-21T20:11:40Z,0.2.0,,Landscape Recognition is optional and not included in the core score.,partial,36.5354,36.5354,100,,official,landscape_core,true
083020,Vilanova del Camí,06,Anoia,2024-2026,10.4793,54.415679,38.008304,0,354.99546,284.847031,477.966293,193.119263,8.745232,63.20057,0.468766,false,,,,,51.8462,0,23.4542,9.3347,,25.4099,90,derived,icgc_landcover_2024;gencat_protected_areas;icgc_coast_202602,,2026-08-21T20:11:40Z,0.2.0,,Landscape Recognition is optional and not included in the core score.,partial,25.4099,25.4099,100,,official,landscape_core,true
083036,Vilanova de Sau,24,Osona,2024-2026,57.9842,90.675925,85.571795,69.586457,653.932518,424.540009,985.246582,560.706573,19.968894,180.155245,5.377051,false,,,,,92.4611,84.4241,65.9542,60,,78.956,90,derived,icgc_landcover_2024;gencat_protected_areas;icgc_coast_202602,,2026-08-21T20:11:40Z,0.2.0,,Landscape Recognition is optional and not included in the core score.,partial,78.956,78.956,100,,official,landscape_core,true
083041,Vilobí del Penedès,03,Alt Penedès,2024-2026,9.4148,9.137418,4.496494,0,259.604234,221.013278,309.114514,88.101236,3.543296,28.901516,0.705929,false,,,,,1.1302,0,6.8188,14.1317,,4.22,90,derived,icgc_landcover_2024;gencat_protected_areas;icgc_coast_202602,,2026-08-21T20:11:40Z,0.2.0,,Landscape Recognition is optional and not included in the core score.,partial,4.22,4.22,100,,official,landscape_core,true
083054,Vilafranca del Penedès,03,Alt Penedès,2024-2026,19.8909,11.620697,1.785039,0,211.82756,179.071573,244.831995,65.760422,2.234294,20.479881,0.363879,false,,,,,3.9117,0,2.8243,7.2131,,3.1571,90,derived,icgc_landcover_2024;gencat_protected_areas;icgc_coast_202602,,2026-08-21T20:11:40Z,0.2.0,,Landscape Recognition is optional and not included in the core score.,partial,3.1571,3.1571,100,,official,landscape_core,true
083067,Vilalba Sasserra,41,Vallès Oriental,2024-2026,5.8411,88.451735,83.261623,58.418172,394.515744,218.92439,581.682281,362.757892,13.338757,108.761222,0.031403,false,,,,,89.9698,70.8744,41.7478,0.4882,,59.7182,90,derived,icgc_landcover_2024;gencat_protected_areas;icgc_coast_202602,,2026-08-21T20:11:40Z,0.2.0,,Landscape Recognition is optional and not included in the core score.,partial,59.7182,59.7182,100,,official,landscape_core,true
083073,Vilanova i la Geltrú,17,Garraf,2024-2026,34.0708,45.46025,14.887125,17.692333,84.308113,5.299997,218.362672,213.062676,6.53339,67.518611,0.13653,true,,,,,41.8153,21.4648,19.4081,42.6146,,31.2458,90,derived,icgc_landcover_2024;gencat_protected_areas;icgc_coast_202602,,2026-08-21T20:11:40Z,0.2.0,,Landscape Recognition is optional and not included in the core score.,partial,31.2458,31.2458,100,,official,landscape_core,true
083089,Viver i Serrateix,14,Berguedà,2024-2026,67.1703,81.170262,50.3398,4.343474,590.986951,454.580685,712.623822,258.043137,13.209043,82.020323,0.046758,false,,,,,81.8139,5.2696,36.5485,0.7987,,39.2092,90,derived,icgc_landcover_2024;gencat_protected_areas;icgc_coast_202602,,2026-08-21T20:11:40Z,0.2.0,,Landscape Recognition is optional and not included in the core score.,partial,39.2092,39.2092,100,,official,landscape_core,true
089019,Rupit i Pruit,24,Osona,2024-2026,49.1275,84.493807,74.050665,59.081509,880.90736,575.553497,1060.264038,484.710541,16.388864,151.662089,0.024007,false,,,,,85.5366,71.6792,54.3312,0.3385,,61.4912,90,derived,icgc_landcover_2024;gencat_protected_areas;icgc_coast_202602,,2026-08-21T20:11:40Z,0.2.0,,Landscape Recognition is optional and not included in the core score.,partial,61.4912,61.4912,100,,official,landscape_core,true
089024,Vilanova del Vallès,41,Vallès Oriental,2024-2026,15.1057,56.286933,46.41745,27.251147,178.949663,91.406401,342.06748,250.661079,10.568884,83.976768,1.510692,false,,,,,53.9422,33.0618,30.2574,30.4096,,39.271,90,derived,icgc_landcover_2024;gencat_protected_areas;icgc_coast_202602,,2026-08-21T20:11:40Z,0.2.0,,Landscape Recognition is optional and not included in the core score.,partial,39.271,39.271,100,,official,landscape_core,true
089030,Sant Julià de Cerdanyola,14,Berguedà,2024-2026,11.8483,92.902562,83.219653,50.619843,1179.521086,888.225317,1465.615137,577.389819,22.380076,177.558434,0.02629,false,,,,,94.9552,61.4133,72.1656,0.3847,,66.6868,90,derived,icgc_landcover_2024;gencat_protected_areas;icgc_coast_202602,,2026-08-21T20:11:40Z,0.2.0,,Landscape Recognition is optional and not included in the core score.,partial,66.6868,66.6868,100,,official,landscape_core,true
089045,Badia del Vallès,40,Vallès Occidental,2024-2026,0.9315,15.356324,0.001878,0,114.626797,102.729218,127.827152,25.097934,2.566632,8.316133,2.003404,false,,,,,8.096,0,2.3746,40.3757,,9.4836,90,derived,icgc_landcover_2024;gencat_protected_areas;icgc_coast_202602,,2026-08-21T20:11:40Z,0.2.0,,Landscape Recognition is optional and not included in the core score.,partial,9.4836,9.4836,100,,official,landscape_core,true
089058,la Palma de Cervelló,11,Baix Llobregat,2024-2026,5.3899,79.581496,64.333104,0,160.572303,65.407186,313.837335,248.430149,15.254241,74.51854,1.193828,false,,,,,80.0343,0,40.7034,24.0004,,41.7879,90,derived,icgc_landcover_2024;gencat_protected_areas;icgc_coast_202602,,2026-08-21T20:11:40Z,0.2.0,,Landscape Recognition is optional and not included in the core score.,partial,41.7879,41.7879,100,,official,landscape_core,true
170010,Agullana,02,Alt Empordà,2024-2026,27.3932,83.41791,72.83984,32.678099,285.848108,100.973494,667.421667,566.448174,11.152028,164.205382,0.142677,false,,,,,84.3315,39.6459,46.3692,2.7389,,51.4306,90,derived,icgc_landcover_2024;gencat_protected_areas;icgc_coast_202602,,2026-08-21T20:11:40Z,0.2.0,,Landscape Recognition is optional and not included in the core score.,partial,51.4306,51.4306,100,,official,landscape_core,true
170025,Aiguaviva,20,Gironès,2024-2026,13.973,39.481324,30.822457,0.034327,139.162332,108.534477,175.801685,67.267208,4.218919,20.200329,0.081066,false,,,,,35.1183,0.0416,7.3639,1.4927,,14.3667,90,derived,icgc_landcover_2024;gencat_protected_areas;icgc_coast_202602,,2026-08-21T20:11:40Z,0.2.0,,Landscape Recognition is optional and not included in the core score.,partial,14.3667,14.3667,100,,official,landscape_core,true
170031,Albanyà,02,Alt Empordà,2024-2026,94.197,98.975743,93.547026,94.793509,716.542611,331.575793,1094.385767,762.809973,25.177126,228.805226,0.06081,false,,,,,100,100,83.864,1.0829,,81.1284,90,derived,icgc_landcover_2024;gencat_protected_areas;icgc_coast_202602,,2026-08-21T20:11:40Z,0.2.0,,Landscape Recognition is optional and not included in the core score.,partial,81.1284,81.1284,100,,official,landscape_core,true
170046,Albons,10,Baix Empordà,2024-2026,11.3212,22.336006,5.929835,0,20.523492,4.090759,87.797742,83.706982,2.391461,28.908879,0.715745,false,,,,,15.9139,0,4.0192,14.3303,,8.7242,90,derived,icgc_landcover_2024;gencat_protected_areas;icgc_coast_202602,,2026-08-21T20:11:40Z,0.2.0,,Landscape Recognition is optional and not included in the core score.,partial,8.7242,8.7242,100,,official,landscape_core,true
170059,el Far d'Empordà,02,Alt Empordà,2024-2026,9.127,12.076295,1.382581,0,22.307274,14.396508,30.766106,16.369599,1.249937,4.880086,0.460796,false,,,,,4.422,0,0,9.1735,,2.9237,90,derived,icgc_landcover_2024;gencat_protected_areas;icgc_coast_202602,,2026-08-21T20:11:40Z,0.2.0,,Landscape Recognition is optional and not included in the core score.,partial,2.9237,2.9237,100,,official,landscape_core,true
170062,Alp,15,Cerdanya,2024-2026,43.952,91.551367,57.804337,1.062919,1647.626402,1156.547784,2133.159802,976.612018,19.462022,277.424487,0.235379,false,,,,,93.4417,1.2896,84.3035,4.6139,,54.795,90,derived,icgc_landcover_2024;gencat_protected_areas;icgc_coast_202602,,2026-08-21T20:11:40Z,0.2.0,,Landscape Recognition is optional and not included in the core score.,partial,54.795,54.795,100,,official,landscape_core,true
170078,Amer,34,Selva,2024-2026,39.897,85.293136,73.212136,4.099182,342.242122,181.770464,669.40668,487.636216,16.364146,149.456815,0.642665,false,,,,,86.4319,4.9732,54.4126,12.8521,,47.0254,90,derived,icgc_landcover_2024;gencat_protected_areas;icgc_coast_202602,,2026-08-21T20:11:40Z,0.2.0,,Landscape Recognition is optional and not included in the core score.,partial,47.0254,47.0254,100,,official,landscape_core,true
170084,Anglès,34,Selva,2024-2026,16.3171,77.376699,68.156801,1.464454,286.233424,143.209641,637.056274,493.846634,14.204618,151.585655,0.56393,false,,,,,77.5647,1.7767,49.8407,11.2595,,41.7409,90,derived,icgc_landcover_2024;gencat_protected_areas;icgc_coast_202602,,2026-08-21T20:11:40Z,0.2.0,,Landscape Recognition is optional and not included in the core score.,partial,41.7409,41.7409,100,,official,landscape_core,true
170097,Arbúcies,34,Selva,2024-2026,86.3426,92.975638,87.377931,55.676537,619.158033,292.710715,1057.641296,764.930582,19.256764,237.857977,0.026952,false,,,,,95.037,67.5482,73.9211,0.3981,,68.69,90,derived,icgc_landcover_2024;gencat_protected_areas;icgc_coast_202602,,2026-08-21T20:11:40Z,0.2.0,,Landscape Recognition is optional and not included in the core score.,partial,68.69,68.69,100,,official,landscape_core,true
170101,Argelaguer,19,Garrotxa,2024-2026,12.6236,71.675289,63.316659,8.524833,268.32947,171.419461,466.865448,295.445987,12.519804,93.858771,1.273709,false,,,,,71.1786,10.3425,36.7492,25.6162,,40.5279,90,derived,icgc_landcover_2024;gencat_protected_areas;icgc_coast_202602,,2026-08-21T20:11:40Z,0.2.0,,Landscape Recognition is optional and not included in the core score.,partial,40.5279,40.5279,100,,official,landscape_core,true
170118,l'Armentera,02,Alt Empordà,2024-2026,5.8453,7.07114,1.911417,6.82719,3.84061,1.524363,6.344965,4.820602,0.480539,1.389958,1.092891,false,,,,,0,8.2829,0,21.9588,,5.3645,90,derived,icgc_landcover_2024;gencat_protected_areas;icgc_coast_202602,,2026-08-21T20:11:40Z,0.2.0,,Landscape Recognition is optional and not included in the core score.,partial,5.3645,5.3645,100,,official,landscape_core,true
170123,Avinyonet de Puigventós,02,Alt Empordà,2024-2026,12.4057,45.110152,12.698838,28.906294,95.634254,57.5397,164.158171,106.618471,4.176392,33.02863,0.305961,false,,,,,41.4231,35.0699,9.1122,6.0416,,26.4499,90,derived,icgc_landcover_2024;gencat_protected_areas;icgc_coast_202602,,2026-08-21T20:11:40Z,0.2.0,,Landscape Recognition is optional and not included in the core score.,partial,26.4499,26.4499,100,,official,landscape_core,true
170139,Begur,10,Baix Empordà,2024-2026,20.8482,67.757188,54.762911,27.068231,120.512466,33.757439,219.010983,185.253544,12.79819,58.652613,0.156262,true,,,,,66.79,32.8399,32.2122,43.0137,,46.0916,90,derived,icgc_landcover_2024;gencat_protected_areas;icgc_coast_202602,,2026-08-21T20:11:40Z,0.2.0,,Landscape Recognition is optional and not included in the core score.,partial,46.0916,46.0916,100,,official,landscape_core,true
170144,la Vajol,02,Alt Empordà,2024-2026,4.7697,90.836926,83.577077,25.026508,528.768344,348.094724,752.185162,404.090439,13.872066,125.030536,0,false,,,,,92.6415,30.3628,44.8856,0,,51.2366,90,derived,icgc_landcover_2024;gencat_protected_areas;icgc_coast_202602,,2026-08-21T20:11:40Z,0.2.0,,Landscape Recognition is optional and not included in the core score.,partial,51.2366,51.2366,100,,official,landscape_core,true
170157,Banyoles,28,Pla de l'Estany,2024-2026,11.0146,18.037109,8.930698,19.638455,173.633369,133.899458,225.413963,91.514506,4.037914,26.185023,10.915802,false,,,,,11.0987,23.8259,8.0927,60,,20.8642,90,derived,icgc_landcover_2024;gencat_protected_areas;icgc_coast_202602,,2026-08-21T20:11:40Z,0.2.0,,Landscape Recognition is optional and not included in the core score.,partial,20.8642,20.8642,100,,official,landscape_core,true
170160,Bàscara,02,Alt Empordà,2024-2026,16.7994,30.758926,23.851246,4.168559,100.821847,42.806173,158.108056,115.301883,4.883861,35.889808,1.049151,false,,,,,25.3484,5.0574,11.1123,21.0741,,16.0755,90,derived,icgc_landcover_2024;gencat_protected_areas;icgc_coast_202602,,2026-08-21T20:11:40Z,0.2.0,,Landscape Recognition is optional and not included in the core score.,partial,16.0755,16.0755,100,,official,landscape_core,true
170182,Bellcaire d'Empordà,10,Baix Empordà,2024-2026,12.6335,6.496875,0.47231,38.29824,7.069378,3.123538,12.780398,9.65686,0.728502,3.593067,1.803275,false,,,,,0,46.4644,0,36.3277,,17.0652,90,derived,icgc_landcover_2024;gencat_protected_areas;icgc_coast_202602,,2026-08-21T20:11:40Z,0.2.0,,Landscape Recognition is optional and not included in the core score.,partial,17.0652,17.0652,100,,official,landscape_core,true
170195,Besalú,19,Garrotxa,2024-2026,4.6903,42.265675,27.962135,14.543275,160.951892,132.461192,190.273386,57.812194,5.764487,18.793579,2.916854,false,,,,,38.237,17.6443,10.4011,58.852,,29.2221,90,derived,icgc_landcover_2024;gencat_protected_areas;icgc_coast_202602,,2026-08-21T20:11:40Z,0.2.0,,Landscape Recognition is optional and not included in the core score.,partial,29.2221,29.2221,100,,official,landscape_core,true
170209,Bescanó,20,Gironès,2024-2026,36.0887,66.432075,59.599727,4.06044,183.476057,102.191,258.385907,156.194907,9.269927,46.980268,0.551388,false,,,,,65.3057,4.9262,22.9053,11.0059,,31.4657,90,derived,icgc_landcover_2024;gencat_protected_areas;icgc_coast_202602,,2026-08-21T20:11:40Z,0.2.0,,Landscape Recognition is optional and not included in the core score.,partial,31.4657,31.4657,100,,official,landscape_core,true
170216,Beuda,19,Garrotxa,2024-2026,36.1713,88.936745,83.158291,39.525448,439.921162,205.173645,856.369751,651.196106,17.39895,206.258228,0.018784,false,,,,,90.5131,47.9533,64.4077,0.2329,,59.8048,90,derived,icgc_landcover_2024;gencat_protected_areas;icgc_coast_202602,,2026-08-21T20:11:40Z,0.2.0,,Landscape Recognition is optional and not included in the core score.,partial,59.8048,59.8048,100,,official,landscape_core,true
170221,la Bisbal d'Empordà,10,Baix Empordà,2024-2026,20.7204,52.442782,46.951021,50.013385,88.344546,28.472948,203.348506,174.875558,7.637615,55.740326,0.507114,false,,,,,49.6364,60.6775,20.1051,10.1103,,39.0849,90,derived,icgc_landcover_2024;gencat_protected_areas;icgc_coast_202602,,2026-08-21T20:11:40Z,0.2.0,,Landscape Recognition is optional and not included in the core score.,partial,39.0849,39.0849,100,,official,landscape_core,true
170237,Blanes,34,Selva,2024-2026,17.6953,54.691278,42.737673,5.164997,61.701527,3.79551,185.677866,181.882355,8.718801,58.024895,1.956429,true,,,,,52.1549,6.2663,22.8681,79.4255,,37.4516,90,derived,icgc_landcover_2024;gencat_protected_areas;icgc_coast_202602,,2026-08-21T20:11:40Z,0.2.0,,Landscape Recognition is optional and not included in the core score.,partial,37.4516,37.4516,100,,official,landscape_core,true
170242,Bolvir,15,Cerdanya,2024-2026,10.8626,70.916737,12.566064,4.153417,1167.741187,1072.233783,1456.883191,384.649408,6.334215,120.077632,0.412977,false,,,,,70.329,5.039,27.0007,8.2062,,33.856,90,derived,icgc_landcover_2024;gencat_protected_areas;icgc_coast_202602,,2026-08-21T20:11:40Z,0.2.0,,Landscape Recognition is optional and not included in the core score.,partial,33.856,33.856,100,,official,landscape_core,true
170255,Bordils,20,Gironès,2024-2026,6.9876,39.607139,35.067183,1.813943,40.385756,32.962413,48.246548,15.284135,0.764267,4.555082,1.499655,false,,,,,35.2592,2.2007,0,30.1864,,17.4188,90,derived,icgc_landcover_2024;gencat_protected_areas;icgc_coast_202602,,2026-08-21T20:11:40Z,0.2.0,,Landscape Recognition is optional and not included in the core score.,partial,17.4188,17.4188,100,,official,landscape_core,true
170268,Borrassà,02,Alt Empordà,2024-2026,9.5151,24.582832,17.374338,0,73.719284,53.070956,103.92897,50.858014,3.019684,15.475674,0.187665,false,,,,,18.4305,0,3.8944,3.6488,,7.9716,90,derived,icgc_landcover_2024;gencat_protected_areas;icgc_coast_202602,,2026-08-21T20:11:40Z,0.2.0,,Landscape Recognition is optional and not included in the core score.,partial,7.9716,7.9716,100,,official,landscape_core,true
170274,Breda,34,Selva,2024-2026,5.0155,45.861189,30.152587,21.440203,185.57707,107.278114,258.997635,151.719521,5.305777,47.641779,0.472749,false,,,,,42.2643,26.0118,13.769,9.4152,,26.15,90,derived,icgc_landcover_2024;gencat_protected_areas;icgc_coast_202602,,2026-08-21T20:11:40Z,0.2.0,,Landscape Recognition is optional and not included in the core score.,partial,26.15,26.15,100,,official,landscape_core,true
170280,Brunyola i Sant Martí Sapresa,34,Selva,2024-2026,36.7663,66.121907,59.565428,0,239.216733,151.788719,478.888138,327.099419,9.58113,106.020817,0.344691,false,,,,,64.9583,0,31.6152,6.825,,31.663,90,derived,icgc_landcover_2024;gencat_protected_areas;icgc_coast_202602,,2026-08-21T20:11:40Z,0.2.0,,Landscape Recognition is optional and not included in the core score.,partial,31.663,31.663,100,,official,landscape_core,true
170293,Boadella i les Escaules,02,Alt Empordà,2024-2026,10.688,75.912968,22.89237,0,130.423683,73.026498,212.750098,139.723599,12.512799,42.630595,1.228073,false,,,,,75.9252,0,29.4358,24.6931,,37.6367,90,derived,icgc_landcover_2024;gencat_protected_areas;icgc_coast_202602,,2026-08-21T20:11:40Z,0.2.0,,Landscape Recognition is optional and not included in the core score.,partial,37.6367,37.6367,100,,official,landscape_core,true
170307,Cabanes,02,Alt Empordà,2024-2026,14.9551,10.504055,3.929023,0.721086,27.50599,19.881791,37.797586,17.915795,0.666072,5.563635,1.180153,false,,,,,2.661,0.8748,0,23.7238,,4.7086,90,derived,icgc_landcover_2024;gencat_protected_areas;icgc_coast_202602,,2026-08-21T20:11:40Z,0.2.0,,Landscape Recognition is optional and not included in the core score.,partial,4.7086,4.7086,100,,official,landscape_core,true
170314,Cabanelles,02,Alt Empordà,2024-2026,55.9924,81.518342,76.104184,8.207755,280.389108,107.788568,499.687042,391.898474,13.402554,126.387518,0.141802,false,,,,,82.2038,9.9579,43.2571,2.7212,,42.4832,90,derived,icgc_landcover_2024;gencat_protected_areas;icgc_coast_202602,,2026-08-21T20:11:40Z,0.2.0,,Landscape Recognition is optional and not included in the core score.,partial,42.4832,42.4832,100,,official,landscape_core,true
170329,Cadaqués,02,Alt Empordà,2024-2026,26.3716,81.722689,4.578342,75.400124,135.651492,8.940338,380.773865,371.833526,14.918873,115.410022,0.143227,true,,,,,82.4327,91.4774,45.7313,42.75,,69.5661,90,derived,icgc_landcover_2024;gencat_protected_areas;icgc_coast_202602,,2026-08-21T20:11:40Z,0.2.0,,Landscape Recognition is optional and not included in the core score.,partial,69.5661,69.5661,100,,official,landscape_core,true
170335,Caldes de Malavella,34,Selva,2024-2026,56.9372,56.874113,48.949549,2.960028,123.636667,87.169293,169.032244,81.862951,4.470509,29.048455,0.604895,false,,,,,54.5999,3.5912,8.6144,12.0881,,23.9746,90,derived,icgc_landcover_2024;gencat_protected_areas;icgc_coast_202602,,2026-08-21T20:11:40Z,0.2.0,,Landscape Recognition is optional and not included in the core score.,partial,23.9746,23.9746,100,,official,landscape_core,true
170340,Calonge i Sant Antoni,10,Baix Empordà,2024-2026,33.5645,62.466976,53.135006,41.332203,100.527221,5.947432,261.545569,255.598137,10.68484,80.085839,0.151517,true,,,,,60.8644,50.1453,30.7498,42.9177,,47.964,90,derived,icgc_landcover_2024;gencat_protected_areas;icgc_coast_202602,,2026-08-21T20:11:40Z,0.2.0,,Landscape Recognition is optional and not included in the core score.,partial,47.964,47.964,100,,official,landscape_core,true
170353,Camós,28,Pla de l'Estany,2024-2026,15.5684,66.462745,62.192327,0,241.95424,135.293271,451.959424,316.666153,12.753628,97.664746,0.058078,false,,,,,65.3401,0,38.2702,1.0277,,32.5907,90,derived,icgc_landcover_2024;gencat_protected_areas;icgc_coast_202602,,2026-08-21T20:11:40Z,0.2.0,,Landscape Recognition is optional and not included in the core score.,partial,32.5907,32.5907,100,,official,landscape_core,true
170366,Campdevànol,31,Ripollès,2024-2026,32.6287,90.842498,80.5899,8.082354,956.802974,758.937616,1269.147668,510.210052,21.185866,159.421715,0.178511,false,,,,,92.6477,9.8057,66.3282,3.4637,,51.9797,90,derived,icgc_landcover_2024;gencat_protected_areas;icgc_coast_202602,,2026-08-21T20:11:40Z,0.2.0,,Landscape Recognition is optional and not included in the core score.,partial,51.9797,51.9797,100,,official,landscape_core,true
170372,Campelles,31,Ripollès,2024-2026,18.6977,95.828325,78.24621,21.06078,1292.253565,906.667932,1712.713464,806.045532,22.765797,240.4413,0.157787,false,,,,,98.2323,25.5515,83.7497,3.0445,,62.1633,90,derived,icgc_landcover_2024;gencat_protected_areas;icgc_coast_202602,,2026-08-21T20:11:40Z,0.2.0,,Landscape Recognition is optional and not included in the core score.,partial,62.1633,62.1633,100,,official,landscape_core,true
170388,Campllong,20,Gironès,2024-2026,8.4858,23.960402,17.764976,0,107.612466,94.31454,124.580836,30.266296,1.860918,9.753945,0.6604,false,,,,,17.7334,0,0.7854,13.2109,,8.3847,90,derived,icgc_landcover_2024;gencat_protected_areas;icgc_coast_202602,,2026-08-21T20:11:40Z,0.2.0,,Landscape Recognition is optional and not included in the core score.,partial,8.3847,8.3847,100,,official,landscape_core,true
170391,Camprodon,31,Ripollès,2024-2026,103.5336,95.889293,74.082089,57.005889,957.364915,559.618649,1348.756683,789.138034,22.610563,244.555437,0.127982,false,,,,,98.3006,69.161,82.6078,2.4416,,72.7137,90,derived,icgc_landcover_2024;gencat_protected_areas;icgc_coast_202602,,2026-08-21T20:11:40Z,0.2.0,,Landscape Recognition is optional and not included in the core score.,partial,72.7137,72.7137,100,,official,landscape_core,true
170405,Canet d'Adri,20,Gironès,2024-2026,44.6209,84.927726,81.668009,47.151843,400.713053,186.795831,774.252258,587.456427,17.10828,171.549987,0.025968,false,,,,,86.0226,57.2058,60.7661,0.3782,,59.6576,90,derived,icgc_landcover_2024;gencat_protected_areas;icgc_coast_202602,,2026-08-21T20:11:40Z,0.2.0,,Landscape Recognition is optional and not included in the core score.,partial,59.6576,59.6576,100,,official,landscape_core,true
170412,Cantallops,02,Alt Empordà,2024-2026,19.4738,75.198275,44.054451,35.937708,275.899463,137.025334,623.493652,486.468318,11.635695,157.523088,0.352172,false,,,,,75.1247,43.6006,43.7103,6.9763,,49.1678,90,derived,icgc_landcover_2024;gencat_protected_areas;icgc_coast_202602,,2026-08-21T20:11:40Z,0.2.0,,Landscape Recognition is optional and not included in the core score.,partial,49.1678,49.1678,100,,official,landscape_core,true
170427,Capmany,02,Alt Empordà,2024-2026,26.3093,69.375938,45.063726,6.131999,125.1951,71.854973,190.270142,118.415169,6.300542,36.274901,0.230233,false,,,,,68.6031,7.4395,14.4483,4.5099,,30.1595,90,derived,icgc_landcover_2024;gencat_protected_areas;icgc_coast_202602,,2026-08-21T20:11:40Z,0.2.0,,Landscape Recognition is optional and not included in the core score.,partial,30.1595,30.1595,100,,official,landscape_core,true
170433,Queralbs,31,Ripollès,2024-2026,93.4993,99.432115,23.471847,84.387011,2111.712479,1304.003247,2676.032678,1372.029431,27.147652,422.040732,0.364832,false,,,,,100,100,100,7.2324,,86.0849,90,derived,icgc_landcover_2024;gencat_protected_areas;icgc_coast_202602,,2026-08-21T20:11:40Z,0.2.0,,Landscape Recognition is optional and not included in the core score.,partial,86.0849,86.0849,100,,official,landscape_core,true
170448,Cassà de la Selva,20,Gironès,2024-2026,45.3943,51.892993,46.734011,43.812326,160.835013,106.078922,260.030486,153.951564,5.022236,51.40609,0.261137,false,,,,,49.0205,53.1542,13.2351,5.135,,34.5247,90,derived,icgc_landcover_2024;gencat_protected_areas;icgc_coast_202602,,2026-08-21T20:11:40Z,0.2.0,,Landscape Recognition is optional and not included in the core score.,partial,34.5247,34.5247,100,,official,landscape_core,true
170464,Castellfollit de la Roca,19,Garrotxa,2024-2026,0.7259,44.311715,37.222876,69.852227,301.445724,249.686292,340.144904,90.458612,13.43,28.66273,2.802086,false,,,,,40.5288,84.7465,29.1925,56.5306,,51.1494,90,derived,icgc_landcover_2024;gencat_protected_areas;icgc_coast_202602,,2026-08-21T20:11:40Z,0.2.0,,Landscape Recognition is optional and not included in the core score.,partial,51.1494,51.1494,100,,official,landscape_core,true
170470,Castelló d'Empúries,02,Alt Empordà,2024-2026,42.1914,26.088951,3.253246,65.462771,2.985483,0.289755,8.285958,7.996203,0.49424,2.772911,19.629755,true,,,,,20.1175,79.4211,0,100,,41.8964,90,derived,icgc_landcover_2024;gencat_protected_areas;icgc_coast_202602,,2026-08-21T20:11:40Z,0.2.0,,Landscape Recognition is optional and not included in the core score.,partial,41.8964,41.8964,100,,official,landscape_core,true
170486,"Castell d'Aro, Platja d'Aro i s'Agaró",10,Baix Empordà,2024-2026,21.6708,59.599711,41.157576,6.333955,92.993724,4.137776,287.528976,283.3912,9.859498,88.620973,0.282262,true,,,,,57.6528,7.6845,30.1937,45.5622,,36.4824,90,derived,icgc_landcover_2024;gencat_protected_areas;icgc_coast_202602,,2026-08-21T20:11:40Z,0.2.0,,Landscape Recognition is optional and not included in the core score.,partial,36.4824,36.4824,100,,official,landscape_core,true
170499,Celrà,20,Gironès,2024-2026,19.6786,69.042088,62.247418,58.703521,145.443682,43.013,302.682642,259.669641,12.019979,90.976535,0.731424,false,,,,,68.2292,71.2206,33.9471,14.6474,,52.3693,90,derived,icgc_landcover_2024;gencat_protected_areas;icgc_coast_202602,,2026-08-21T20:11:40Z,0.2.0,,Landscape Recognition is optional and not included in the core score.,partial,52.3693,52.3693,100,,official,landscape_core,true
170502,Cervià de Ter,20,Gironès,2024-2026,10.0858,63.26371,56.86201,2.143841,60.702497,31.780266,113.886947,82.10668,5.467413,28.80231,1.158655,false,,,,,61.7568,2.601,10.8707,23.289,,28.4762,90,derived,icgc_landcover_2024;gencat_protected_areas;icgc_coast_202602,,2026-08-21T20:11:40Z,0.2.0,,Landscape Recognition is optional and not included in the core score.,partial,28.4762,28.4762,100,,official,landscape_core,true
170519,Cistella,02,Alt Empordà,2024-2026,25.5607,75.011967,63.737763,0,207.433846,115.008383,347.719167,232.710784,10.943407,72.265655,0.015218,false,,,,,74.916,0,30.2595,0.1607,,33.8096,90,derived,icgc_landcover_2024;gencat_protected_areas;icgc_coast_202602,,2026-08-21T20:11:40Z,0.2.0,,Landscape Recognition is optional and not included in the core score.,partial,33.8096,33.8096,100,,official,landscape_core,true
170524,Siurana,02,Alt Empordà,2024-2026,10.5072,10.252074,4.041116,0,18.72444,2.959519,47.72649,44.766971,1.816327,13.288855,0.732407,false,,,,,2.3787,0,0.8993,14.6673,,3.2575,90,derived,icgc_landcover_2024;gencat_protected_areas;icgc_coast_202602,,2026-08-21T20:11:40Z,0.2.0,,Landscape Recognition is optional and not included in the core score.,partial,3.2575,3.2575,100,,official,landscape_core,true
170545,Colera,02,Alt Empordà,2024-2026,24.2299,93.418456,16.52133,77.596651,204.265351,21.355972,497.7461,476.390128,22.001808,145.436025,0.004379,true,,,,,95.533,94.1423,66.5806,40,,79.6173,90,derived,icgc_landcover_2024;gencat_protected_areas;icgc_coast_202602,,2026-08-21T20:11:40Z,0.2.0,,Landscape Recognition is optional and not included in the core score.,partial,79.6173,79.6173,100,,official,landscape_core,true
170558,Colomers,10,Baix Empordà,2024-2026,4.2865,33.869095,19.551876,7.144652,34.502723,19.506371,64.058462,44.552091,3.762369,15.372476,4.249516,false,,,,,28.8321,8.6681,5.2713,60,,22.5761,90,derived,icgc_landcover_2024;gencat_protected_areas;icgc_coast_202602,,2026-08-21T20:11:40Z,0.2.0,,Landscape Recognition is optional and not included in the core score.,partial,22.5761,22.5761,100,,official,landscape_core,true
170561,Cornellà del Terri,28,Pla de l'Estany,2024-2026,27.8294,32.011643,25.642622,0,112.938448,76.285677,147.179142,70.893465,5.10695,21.346935,0.206942,false,,,,,26.7515,0,9.5335,4.0388,,12.3522,90,derived,icgc_landcover_2024;gencat_protected_areas;icgc_coast_202602,,2026-08-21T20:11:40Z,0.2.0,,Landscape Recognition is optional and not included in the core score.,partial,12.3522,12.3522,100,,official,landscape_core,true
170577,Corçà,10,Baix Empordà,2024-2026,16.1276,27.213865,21.41158,0,61.322481,21.947173,124.775764,102.828591,3.685095,35.287273,0.295383,false,,,,,21.3776,0,7.8284,5.8277,,10.3134,90,derived,icgc_landcover_2024;gencat_protected_areas;icgc_coast_202602,,2026-08-21T20:11:40Z,0.2.0,,Landscape Recognition is optional and not included in the core score.,partial,10.3134,10.3134,100,,official,landscape_core,true
170583,Crespià,28,Pla de l'Estany,2024-2026,11.3092,56.442624,49.52167,0.969363,148.478641,109.271751,201.327332,92.05558,7.018558,30.104139,1.093358,false,,,,,54.1166,1.1761,14.8299,21.9682,,26.2375,90,derived,icgc_landcover_2024;gencat_protected_areas;icgc_coast_202602,,2026-08-21T20:11:40Z,0.2.0,,Landscape Recognition is optional and not included in the core score.,partial,26.2375,26.2375,100,,official,landscape_core,true
170600,Darnius,02,Alt Empordà,2024-2026,34.8834,84.922604,71.647461,0.138986,226.00613,108.055087,401.361737,293.306651,11.89095,91.802613,6.722571,false,,,,,86.0169,0.1686,35.2329,60,,47.9563,90,derived,icgc_landcover_2024;gencat_protected_areas;icgc_coast_202602,,2026-08-21T20:11:40Z,0.2.0,,Landscape Recognition is optional and not included in the core score.,partial,47.9563,47.9563,100,,official,landscape_core,true
170617,Das,15,Cerdanya,2024-2026,14.6264,63.967879,30.599846,25.184337,1373.354908,1047.895972,2159.146777,1111.250806,11.658598,370.793377,0.205799,false,,,,,62.5456,30.5543,72.8482,4.0157,,48.3439,90,derived,icgc_landcover_2024;gencat_protected_areas;icgc_coast_202602,,2026-08-21T20:11:40Z,0.2.0,,Landscape Recognition is optional and not included in the core score.,partial,48.3439,48.3439,100,,official,landscape_core,true
170622,l'Escala,02,Alt Empordà,2024-2026,16.2352,24.405924,10.063692,24.494557,10.938254,1.627753,32.023467,30.395715,2.592104,11.515809,1.397874,true,,,,,18.2324,29.7174,2.432,68.1276,,24.6378,90,derived,icgc_landcover_2024;gencat_protected_areas;icgc_coast_202602,,2026-08-21T20:11:40Z,0.2.0,,Landscape Recognition is optional and not included in the core score.,partial,24.6378,24.6378,100,,official,landscape_core,true
170638,Espinelves,24,Osona,2024-2026,17.4854,95.298528,90.155041,9.739256,872.236491,712.273541,1058.416138,346.142596,19.775298,106.540788,0.01205,false,,,,,97.6389,11.8159,55.4631,0.0967,,51.0079,90,derived,icgc_landcover_2024;gencat_protected_areas;icgc_coast_202602,,2026-08-21T20:11:40Z,0.2.0,,Landscape Recognition is optional and not included in the core score.,partial,51.0079,51.0079,100,,official,landscape_core,true
170643,Espolla,02,Alt Empordà,2024-2026,43.3736,87.124699,49.184287,71.915586,385.345078,99.807353,850.973694,751.166341,16.491384,229.053673,0.130752,false,,,,,88.4834,87.2498,67.049,2.4977,,69.9185,90,derived,icgc_landcover_2024;gencat_protected_areas;icgc_coast_202602,,2026-08-21T20:11:40Z,0.2.0,,Landscape Recognition is optional and not included in the core score.,partial,69.9185,69.9185,100,,official,landscape_core,true
170656,Esponellà,28,Pla de l'Estany,2024-2026,15.7668,49.376621,45.804859,1.690543,170.023171,92.370878,251.242261,158.871383,7.03927,53.545753,1.10893,false,,,,,46.202,2.051,18.0077,22.2832,,24.5279,90,derived,icgc_landcover_2024;gencat_protected_areas;icgc_coast_202602,,2026-08-21T20:11:40Z,0.2.0,,Landscape Recognition is optional and not included in the core score.,partial,24.5279,24.5279,100,,official,landscape_core,true
170669,Figueres,02,Alt Empordà,2024-2026,18.9829,19.362898,2.447498,0,37.009434,14.498832,102.414051,87.915219,1.975927,27.500122,1.183146,false,,,,,12.5837,0,3.2807,23.7844,,8.7921,90,derived,icgc_landcover_2024;gencat_protected_areas;icgc_coast_202602,,2026-08-21T20:11:40Z,0.2.0,,Landscape Recognition is optional and not included in the core score.,partial,8.7921,8.7921,100,,official,landscape_core,true
170675,Flaçà,20,Gironès,2024-2026,6.9456,58.537055,49.80557,1.481677,68.874565,30.077574,115.559467,85.481892,6.04224,28.703547,1.122601,false,,,,,56.4625,1.7976,12.3232,22.5597,,26.676,90,derived,icgc_landcover_2024;gencat_protected_areas;icgc_coast_202602,,2026-08-21T20:11:40Z,0.2.0,,Landscape Recognition is optional and not included in the core score.,partial,26.676,26.676,100,,official,landscape_core,true
170681,Foixà,10,Baix Empordà,2024-2026,18.4486,41.984447,25.243956,11.487118,55.128212,15.167774,137.205595,122.037822,4.309542,41.326271,1.860533,false,,,,,37.922,13.9365,10.1347,37.4858,,24.9134,90,derived,icgc_landcover_2024;gencat_protected_areas;icgc_coast_202602,,2026-08-21T20:11:40Z,0.2.0,,Landscape Recognition is optional and not included in the core score.,partial,24.9134,24.9134,100,,official,landscape_core,true
170694,Fontanals de Cerdanya,15,Cerdanya,2024-2026,28.6806,71.315671,40.96132,0.619805,1342.873733,1077.814111,1711.355762,633.54165,11.287081,235.660909,0.534962,false,,,,,70.7758,0.752,49.8175,10.6736,,39.015,90,derived,icgc_landcover_2024;gencat_protected_areas;icgc_coast_202602,,2026-08-21T20:11:40Z,0.2.0,,Landscape Recognition is optional and not included in the core score.,partial,39.015,39.015,100,,official,landscape_core,true
170708,Fontanilles,10,Baix Empordà,2024-2026,9.5141,14.681142,5.423044,6.718311,16.501946,2.600217,57.393813,54.793597,2.401275,17.691607,1.86828,false,,,,,7.3397,8.1508,2.6863,37.6426,,10.9246,90,derived,icgc_landcover_2024;gencat_protected_areas;icgc_coast_202602,,2026-08-21T20:11:40Z,0.2.0,,Landscape Recognition is optional and not included in the core score.,partial,10.9246,10.9246,100,,official,landscape_core,true
170715,Fontcoberta,28,Pla de l'Estany,2024-2026,17.0778,49.872765,37.41082,0.833423,172.473993,120.327518,227.907196,107.579678,6.71493,34.789941,0.05398,false,,,,,46.7577,1.0111,14.8736,0.9448,,20.4781,90,derived,icgc_landcover_2024;gencat_protected_areas;icgc_coast_202602,,2026-08-21T20:11:40Z,0.2.0,,Landscape Recognition is optional and not included in the core score.,partial,20.4781,20.4781,100,,official,landscape_core,true
170736,Fornells de la Selva,20,Gironès,2024-2026,11.6728,28.302066,19.094831,0,104.533585,85.342017,125.253384,39.911368,2.602298,13.129531,0.287157,false,,,,,22.5964,0,2.4549,5.6612,,9.3717,90,derived,icgc_landcover_2024;gencat_protected_areas;icgc_coast_202602,,2026-08-21T20:11:40Z,0.2.0,,Landscape Recognition is optional and not included in the core score.,partial,9.3717,9.3717,100,,official,landscape_core,true
170741,Fortià,02,Alt Empordà,2024-2026,10.7128,5.441333,1.263368,0.006657,8.073474,4.081086,14.150125,10.069039,0.558808,3.19968,0.1509,false,,,,,0,0.0081,0,2.9052,,0.4378,90,derived,icgc_landcover_2024;gencat_protected_areas;icgc_coast_202602,,2026-08-21T20:11:40Z,0.2.0,,Landscape Recognition is optional and not included in the core score.,partial,0.4378,0.4378,100,,official,landscape_core,true
170754,Garrigàs,02,Alt Empordà,2024-2026,19.8362,35.842759,29.258275,5.295274,68.542067,35.208581,116.353821,81.14524,3.211239,24.402917,0.880441,false,,,,,31.0427,6.4244,5.7452,17.6616,,16.5566,90,derived,icgc_landcover_2024;gencat_protected_areas;icgc_coast_202602,,2026-08-21T20:11:40Z,0.2.0,,Landscape Recognition is optional and not included in the core score.,partial,16.5566,16.5566,100,,official,landscape_core,true
170767,Garrigoles,10,Baix Empordà,2024-2026,8.9874,42.823651,31.067235,0,86.652872,46.960972,126.040358,79.079386,5.385742,24.20697,0.387882,false,,,,,38.862,0,10.545,7.6986,,17.3927,90,derived,icgc_landcover_2024;gencat_protected_areas;icgc_coast_202602,,2026-08-21T20:11:40Z,0.2.0,,Landscape Recognition is optional and not included in the core score.,partial,17.3927,17.3927,100,,official,landscape_core,true
170773,Garriguella,02,Alt Empordà,2024-2026,20.8945,50.874746,19.103761,40.33718,73.242635,24.010293,163.830513,139.82022,5.39361,45.552107,0.252237,false,,,,,47.88,48.9381,13.4092,4.9549,,33.0881,90,derived,icgc_landcover_2024;gencat_protected_areas;icgc_coast_202602,,2026-08-21T20:11:40Z,0.2.0,,Landscape Recognition is optional and not included in the core score.,partial,33.0881,33.0881,100,,official,landscape_core,true
170789,Ger,15,Cerdanya,2024-2026,32.7635,89.659161,27.777075,24.39771,1663.583263,1079.482037,2404.458997,1324.976959,13.977617,451.299865,0.502808,false,,,,,91.3223,29.5999,78.0701,10.0232,,60.3838,90,derived,icgc_landcover_2024;gencat_protected_areas;icgc_coast_202602,,2026-08-21T20:11:40Z,0.2.0,,Landscape Recognition is optional and not included in the core score.,partial,60.3838,60.3838,100,,official,landscape_core,true
170792,Girona,20,Gironès,2024-2026,38.8497,56.362707,41.712899,47.072909,141.517693,62.951408,302.20108,239.249672,9.152408,78.248627,1.156006,false,,,,,54.0271,57.1101,26.5329,23.2354,,43.3055,90,derived,icgc_landcover_2024;gencat_protected_areas;icgc_coast_202602,,2026-08-21T20:11:40Z,0.2.0,,Landscape Recognition is optional and not included in the core score.,partial,43.3055,43.3055,100,,official,landscape_core,true
170806,Gombrèn,31,Ripollès,2024-2026,43.2706,98.40855,78.238563,46.505001,1234.037443,954.33064,1776.695532,822.364893,22.928852,241.281418,0,false,,,,,100,56.4211,84.8817,0,,70.3257,90,derived,icgc_landcover_2024;gencat_protected_areas;icgc_coast_202602,,2026-08-21T20:11:40Z,0.2.0,,Landscape Recognition is optional and not included in the core score.,partial,70.3257,70.3257,100,,official,landscape_core,true
170813,Gualta,10,Baix Empordà,2024-2026,9.0155,15.518065,7.853255,1.986171,9.81328,2.543111,31.922859,29.379748,1.510422,11.490045,3.200867,false,,,,,8.2771,2.4097,0,60,,12.4994,90,derived,icgc_landcover_2024;gencat_protected_areas;icgc_coast_202602,,2026-08-21T20:11:40Z,0.2.0,,Landscape Recognition is optional and not included in the core score.,partial,12.4994,12.4994,100,,official,landscape_core,true
170828,Guils de Cerdanya,15,Cerdanya,2024-2026,21.8921,82.106942,31.695804,14.085023,1576.755265,1153.941943,2211.795996,1057.854053,11.341337,363.734503,0.376625,false,,,,,82.8631,17.0883,69.8243,7.4709,,51.8509,90,derived,icgc_landcover_2024;gencat_protected_areas;icgc_coast_202602,,2026-08-21T20:11:40Z,0.2.0,,Landscape Recognition is optional and not included in the core score.,partial,51.8509,51.8509,100,,official,landscape_core,true
170834,Hostalric,34,Selva,2024-2026,3.3912,52.915256,29.734333,8.521151,73.684308,56.180818,106.572424,50.391606,4.925197,16.533136,1.110652,false,,,,,50.1656,10.3381,8.1635,22.318,,25.5311,90,derived,icgc_landcover_2024;gencat_protected_areas;icgc_coast_202602,,2026-08-21T20:11:40Z,0.2.0,,Landscape Recognition is optional and not included in the core score.,partial,25.5311,25.5311,100,,official,landscape_core,true
170849,Isòvol,15,Cerdanya,2024-2026,10.5034,85.444082,14.521277,29.742908,1131.11983,1039.266986,1284.382269,245.115283,11.795487,82.498692,0.317043,false,,,,,86.601,36.0849,32.7596,6.2658,,48.4613,90,derived,icgc_landcover_2024;gencat_protected_areas;icgc_coast_202602,,2026-08-21T20:11:40Z,0.2.0,,Landscape Recognition is optional and not included in the core score.,partial,48.4613,48.4613,100,,official,landscape_core,true
170852,Jafre,10,Baix Empordà,2024-2026,6.6308,24.594571,15.985191,6.693506,31.936554,17.581177,60.798843,43.217666,2.81812,15.06578,3.781702,false,,,,,18.4437,8.1207,3.0825,60,,18.2561,90,derived,icgc_landcover_2024;gencat_protected_areas;icgc_coast_202602,,2026-08-21T20:11:40Z,0.2.0,,Landscape Recognition is optional and not included in the core score.,partial,18.2561,18.2561,100,,official,landscape_core,true
170865,la Jonquera,02,Alt Empordà,2024-2026,57.5581,94.478487,78.519564,66.462296,444.83364,131.238725,875.226581,743.987856,16.522904,238.082663,0.083551,false,,,,,96.7204,80.6338,66.7836,1.543,,70.9379,90,derived,icgc_landcover_2024;gencat_protected_areas;icgc_coast_202602,,2026-08-21T20:11:40Z,0.2.0,,Landscape Recognition is optional and not included in the core score.,partial,70.9379,70.9379,100,,official,landscape_core,true
170871,Juià,20,Gironès,2024-2026,8.304,62.30953,59.523879,54.756184,148.973866,53.379353,320.235751,266.856399,10.626217,87.381612,0.034549,false,,,,,60.6881,66.4316,31.1454,0.5518,,45.7179,90,derived,icgc_landcover_2024;gencat_protected_areas;icgc_coast_202602,,2026-08-21T20:11:40Z,0.2.0,,Landscape Recognition is optional and not included in the core score.,partial,45.7179,45.7179,100,,official,landscape_core,true
170887,Lladó,02,Alt Empordà,2024-2026,13.6187,59.262772,53.598652,0,204.10672,133.860438,275.593919,141.733482,9.959911,41.918838,0.140304,false,,,,,57.2754,0,23.7813,2.6909,,26.3954,90,derived,icgc_landcover_2024;gencat_protected_areas;icgc_coast_202602,,2026-08-21T20:11:40Z,0.2.0,,Landscape Recognition is optional and not included in the core score.,partial,26.3954,26.3954,100,,official,landscape_core,true
170890,Llagostera,20,Gironès,2024-2026,77.0048,67.050676,61.033119,36.757837,181.461555,107.97167,359.937286,251.965617,7.752151,79.533599,0.251745,false,,,,,65.9986,44.5956,23.9757,4.945,,40.9841,90,derived,icgc_landcover_2024;gencat_protected_areas;icgc_coast_202602,,2026-08-21T20:11:40Z,0.2.0,,Landscape Recognition is optional and not included in the core score.,partial,40.9841,40.9841,100,,official,landscape_core,true
170904,Llambilles,20,Gironès,2024-2026,14.8784,74.547676,70.636704,67.956633,172.164447,111.625924,258.036002,146.410078,9.295693,46.187879,0.0476,false,,,,,74.396,82.4467,22.5048,0.8158,,52.3988,90,derived,icgc_landcover_2024;gencat_protected_areas;icgc_coast_202602,,2026-08-21T20:11:40Z,0.2.0,,Landscape Recognition is optional and not included in the core score.,partial,52.3988,52.3988,100,,official,landscape_core,true
170911,Llanars,31,Ripollès,2024-2026,24.6487,96.465758,56.432829,1.274375,1359.713967,1003.372562,1812.75141,809.378848,20.646462,247.470587,0.053546,false,,,,,98.9463,1.5461,79.1335,0.9361,,54.9415,90,derived,icgc_landcover_2024;gencat_protected_areas;icgc_coast_202602,,2026-08-21T20:11:40Z,0.2.0,,Landscape Recognition is optional and not included in the core score.,partial,54.9415,54.9415,100,,official,landscape_core,true
170926,Llançà,02,Alt Empordà,2024-2026,27.9415,85.800763,10.301723,62.86934,141.83782,9.435374,359.857565,350.422192,17.01344,112.056299,0.286527,true,,,,,87.0005,76.2747,49.4445,45.6485,,68.7272,90,derived,icgc_landcover_2024;gencat_protected_areas;icgc_coast_202602,,2026-08-21T20:11:40Z,0.2.0,,Landscape Recognition is optional and not included in the core score.,partial,68.7272,68.7272,100,,official,landscape_core,true
170932,Llers,02,Alt Empordà,2024-2026,21.1355,51.938035,12.320052,6.296776,136.443486,36.890682,205.464314,168.573632,5.951076,52.789458,0.09545,false,,,,,49.071,7.6394,16.0119,1.7836,,23.3552,90,derived,icgc_landcover_2024;gencat_protected_areas;icgc_coast_202602,,2026-08-21T20:11:40Z,0.2.0,,Landscape Recognition is optional and not included in the core score.,partial,23.3552,23.3552,100,,official,landscape_core,true
170947,Llívia,15,Cerdanya,2024-2026,12.9783,57.804812,15.80594,0,1280.316986,1178.607159,1518.942407,340.335248,8.065635,103.358599,0.072219,false,,,,,55.6424,0,28.8229,1.3138,,26.8776,90,derived,icgc_landcover_2024;gencat_protected_areas;icgc_coast_202602,,2026-08-21T20:11:40Z,0.2.0,,Landscape Recognition is optional and not included in the core score.,partial,26.8776,26.8776,100,,official,landscape_core,true
170950,Lloret de Mar,34,Selva,2024-2026,48.4746,77.610372,70.927189,1.359451,131.554598,17.398089,269.993149,252.595059,13.292614,80.70491,0.389786,true,,,,,77.8265,1.6493,36.4813,47.7371,,43.9325,90,derived,icgc_landcover_2024;gencat_protected_areas;icgc_coast_202602,,2026-08-21T20:11:40Z,0.2.0,,Landscape Recognition is optional and not included in the core score.,partial,43.9325,43.9325,100,,official,landscape_core,true
170963,les Llosses,31,Ripollès,2024-2026,114.4344,96.50309,85.732615,2.790375,1001.081348,772.85675,1276.827271,503.97052,19.905084,152.853032,0.104476,false,,,,,98.9881,3.3854,63.1517,1.9662,,51.575,90,derived,icgc_landcover_2024;gencat_protected_areas;icgc_coast_202602,,2026-08-21T20:11:40Z,0.2.0,,Landscape Recognition is optional and not included in the core score.,partial,51.575,51.575,100,,official,landscape_core,true
170979,Madremanya,20,Gironès,2024-2026,13.5914,71.688172,68.422711,63.195382,164.573442,106.666778,268.031538,161.364761,11.51271,51.426474,0.048525,false,,,,,71.193,76.6703,28.1979,0.8345,,51.2598,90,derived,icgc_landcover_2024;gencat_protected_areas;icgc_coast_202602,,2026-08-21T20:11:40Z,0.2.0,,Landscape Recognition is optional and not included in the core score.,partial,51.2598,51.2598,100,,official,landscape_core,true
170985,Maià de Montcal,19,Garrotxa,2024-2026,17.2205,53.817021,50.00374,2.737249,212.140716,123.74232,348.266595,224.524275,7.131485,69.784543,0.491964,false,,,,,51.1756,3.3209,21.292,9.8039,,25.5353,90,derived,icgc_landcover_2024;gencat_protected_areas;icgc_coast_202602,,2026-08-21T20:11:40Z,0.2.0,,Landscape Recognition is optional and not included in the core score.,partial,25.5353,25.5353,100,,official,landscape_core,true
170998,Meranges,15,Cerdanya,2024-2026,37.9267,95.361618,42.460552,59.901854,2135.765962,1526.332776,2713.594604,1187.261829,21.34114,385.039728,0.705679,false,,,,,97.7096,72.6745,94.6516,14.1267,,78.1489,90,derived,icgc_landcover_2024;gencat_protected_areas;icgc_coast_202602,,2026-08-21T20:11:40Z,0.2.0,,Landscape Recognition is optional and not included in the core score.,partial,78.1489,78.1489,100,,official,landscape_core,true
171002,Masarac i Vilarnadal,02,Alt Empordà,2024-2026,12.5788,41.375417,18.720496,7.793933,57.975099,33.405123,96.801492,63.396369,4.704103,20.084019,1.174748,false,,,,,37.2399,9.4558,8.275,23.6145,,21.0088,90,derived,icgc_landcover_2024;gencat_protected_areas;icgc_coast_202602,,2026-08-21T20:11:40Z,0.2.0,,Landscape Recognition is optional and not included in the core score.,partial,21.0088,21.0088,100,,official,landscape_core,true
171019,Massanes,34,Selva,2024-2026,25.8947,85.508235,77.354353,0.838521,135.467548,53.756266,257.939938,204.183672,12.553617,66.085458,0.159129,false,,,,,86.6728,1.0173,32.5485,3.0716,,39.1877,90,derived,icgc_landcover_2024;gencat_protected_areas;icgc_coast_202602,,2026-08-21T20:11:40Z,0.2.0,,Landscape Recognition is optional and not included in the core score.,partial,39.1877,39.1877,100,,official,landscape_core,true
171024,Maçanet de Cabrenys,02,Alt Empordà,2024-2026,67.728,96.463618,89.85175,52.034095,616.488742,270.619836,1124.330212,853.710376,19.98786,264.251371,0.02836,false,,,,,98.9439,63.1291,79.728,0.4266,,70.4086,90,derived,icgc_landcover_2024;gencat_protected_areas;icgc_coast_202602,,2026-08-21T20:11:40Z,0.2.0,,Landscape Recognition is optional and not included in the core score.,partial,70.4086,70.4086,100,,official,landscape_core,true
171030,Maçanet de la Selva,34,Selva,2024-2026,45.6875,65.26968,51.597399,3.520387,108.734826,52.643849,172.124973,119.481123,8.302275,36.535263,0.217741,false,,,,,64.0037,4.271,19.0058,4.2572,,28.8591,90,derived,icgc_landcover_2024;gencat_protected_areas;icgc_coast_202602,,2026-08-21T20:11:40Z,0.2.0,,Landscape Recognition is optional and not included in the core score.,partial,28.8591,28.8591,100,,official,landscape_core,true
171058,Mieres,19,Garrotxa,2024-2026,26.1187,80.295244,75.724839,9.649264,401.932989,263.106674,658.105774,394.9991,15.136782,132.021992,0.003324,false,,,,,80.8338,11.7067,47.3075,0,,43.0454,90,derived,icgc_landcover_2024;gencat_protected_areas;icgc_coast_202602,,2026-08-21T20:11:40Z,0.2.0,,Landscape Recognition is optional and not included in the core score.,partial,43.0454,43.0454,100,,official,landscape_core,true
171061,Mollet de Peralada,02,Alt Empordà,2024-2026,6.1127,28.819137,10.42829,3.678263,52.598349,27.034631,83.963494,56.928863,2.837106,16.494405,0.389057,false,,,,,23.1756,4.4626,3.7678,7.7224,,11.3274,90,derived,icgc_landcover_2024;gencat_protected_areas;icgc_coast_202602,,2026-08-21T20:11:40Z,0.2.0,,Landscape Recognition is optional and not included in the core score.,partial,11.3274,11.3274,100,,official,landscape_core,true
171077,Molló,31,Ripollès,2024-2026,43.1384,97.904817,47.383282,16.016713,1409.248621,1110.48277,1741.19502,630.71225,20.131277,191.763583,0.00118,false,,,,,100,19.4319,69.6006,0,,57.2581,90,derived,icgc_landcover_2024;gencat_protected_areas;icgc_coast_202602,,2026-08-21T20:11:40Z,0.2.0,,Landscape Recognition is optional and not included in the core score.,partial,57.2581,57.2581,100,,official,landscape_core,true
171096,Montagut i Oix,19,Garrotxa,2024-2026,93.3971,94.045505,82.521238,87.289273,581.316773,268.2061,1055.397705,787.191605,23.861184,235.194726,0.084999,false,,,,,96.2354,100,85.0066,1.5722,,80.1699,90,derived,icgc_landcover_2024;gencat_protected_areas;icgc_coast_202602,,2026-08-21T20:11:40Z,0.2.0,,Landscape Recognition is optional and not included in the core score.,partial,80.1699,80.1699,100,,official,landscape_core,true
171100,Mont-ras,10,Baix Empordà,2024-2026,12.4159,57.587032,51.401312,40.529161,71.868667,27.502032,158.396619,130.894587,7.187012,41.748351,0.318155,true,,,,,55.3984,49.171,17.0293,46.2882,,42.8828,90,derived,icgc_landcover_2024;gencat_protected_areas;icgc_coast_202602,,2026-08-21T20:11:40Z,0.2.0,,Landscape Recognition is optional and not included in the core score.,partial,42.8828,42.8828,100,,official,landscape_core,true
171117,Navata,02,Alt Empordà,2024-2026,18.4044,34.423321,30.161965,0.231177,131.112613,89.658424,160.029919,70.371495,4.323679,21.323011,0.467992,false,,,,,29.4528,0.2805,7.7453,9.319,,13.7128,90,derived,icgc_landcover_2024;gencat_protected_areas;icgc_coast_202602,,2026-08-21T20:11:40Z,0.2.0,,Landscape Recognition is optional and not included in the core score.,partial,13.7128,13.7128,100,,official,landscape_core,true
171122,Ogassa,31,Ripollès,2024-2026,45.4324,98.793285,64.319277,37.496749,1280.481869,906.337927,1799.0427,892.704773,24.662523,274.227022,0.003664,false,,,,,100,45.492,89.9512,0,,68.8608,90,derived,icgc_landcover_2024;gencat_protected_areas;icgc_coast_202602,,2026-08-21T20:11:40Z,0.2.0,,Landscape Recognition is optional and not included in the core score.,partial,68.8608,68.8608,100,,official,landscape_core,true
171143,Olot,19,Garrotxa,2024-2026,29.031,46.711931,37.775479,77.030047,519.641038,410.866669,709.434924,298.568256,9.277984,94.860914,0.332723,false,,,,,43.2173,93.4548,29.5955,6.583,,46.8761,90,derived,icgc_landcover_2024;gencat_protected_areas;icgc_coast_202602,,2026-08-21T20:11:40Z,0.2.0,,Landscape Recognition is optional and not included in the core score.,partial,46.8761,46.8761,100,,official,landscape_core,true
171156,Ordis,02,Alt Empordà,2024-2026,8.5227,25.196527,21.532607,0,111.693095,91.565043,136.056364,44.491322,2.745416,13.468915,0.020502,false,,,,,19.1179,0,2.9785,0.2677,,7.476,90,derived,icgc_landcover_2024;gencat_protected_areas;icgc_coast_202602,,2026-08-21T20:11:40Z,0.2.0,,Landscape Recognition is optional and not included in the core score.,partial,7.476,7.476,100,,official,landscape_core,true
171169,Osor,34,Selva,2024-2026,51.535,98.520267,93.75381,73.962198,615.062617,321.091652,941.792657,620.701006,27.182146,186.495567,0.123668,false,,,,,100,89.7328,77.2043,2.3544,,77.0874,90,derived,icgc_landcover_2024;gencat_protected_areas;icgc_coast_202602,,2026-08-21T20:11:40Z,0.2.0,,Landscape Recognition is optional and not included in the core score.,partial,77.0874,77.0874,100,,official,landscape_core,true
171175,Palafrugell,10,Baix Empordà,2024-2026,26.8951,43.677679,35.936354,16.742932,68.295792,27.438897,134.642296,107.203399,6.557082,33.253039,0.349089,true,,,,,39.8186,20.313,14.5006,46.914,,29.677,90,derived,icgc_landcover_2024;gencat_protected_areas;icgc_coast_202602,,2026-08-21T20:11:40Z,0.2.0,,Landscape Recognition is optional and not included in the core score.,partial,29.677,29.677,100,,official,landscape_core,true
171181,Palamós,10,Baix Empordà,2024-2026,13.9442,54.340715,40.311969,30.553077,48.218343,3.913219,178.654239,174.74102,7.201592,54.699713,0.75925,true,,,,,51.7622,37.0678,19.1169,55.2102,,40.4445,90,derived,icgc_landcover_2024;gencat_protected_areas;icgc_coast_202602,,2026-08-21T20:11:40Z,0.2.0,,Landscape Recognition is optional and not included in the core score.,partial,40.4445,40.4445,100,,official,landscape_core,true
171194,Palau de Santa Eulàlia,02,Alt Empordà,2024-2026,8.6923,33.512424,26.242582,2.350766,63.051865,24.805487,104.461743,79.656256,3.224286,23.156401,1.018603,false,,,,,28.4325,2.852,5.7047,20.4562,,15.159,90,derived,icgc_landcover_2024;gencat_protected_areas;icgc_coast_202602,,2026-08-21T20:11:40Z,0.2.0,,Landscape Recognition is optional and not included in the core score.,partial,15.159,15.159,100,,official,landscape_core,true
171208,Palau-saverdera,02,Alt Empordà,2024-2026,16.5968,48.756295,8.176981,51.251209,120.973317,1.36042,464.793121,463.432701,8.433338,150.955884,5.939431,false,,,,,45.5071,62.1793,35.4196,60,,49.3272,90,derived,icgc_landcover_2024;gencat_protected_areas;icgc_coast_202602,,2026-08-21T20:11:40Z,0.2.0,,Landscape Recognition is optional and not included in the core score.,partial,49.3272,49.3272,100,,official,landscape_core,true
171215,Palau-sator,10,Baix Empordà,2024-2026,12.3636,21.065629,17.501142,8.678644,22.381799,2.94253,72.418301,69.475771,2.314953,20.990312,0.761985,false,,,,,14.4909,10.5292,3.1799,15.2656,,10.7889,90,derived,icgc_landcover_2024;gencat_protected_areas;icgc_coast_202602,,2026-08-21T20:11:40Z,0.2.0,,Landscape Recognition is optional and not included in the core score.,partial,10.7889,10.7889,100,,official,landscape_core,true
171236,Palol de Revardit,28,Pla de l'Estany,2024-2026,18.0676,74.014705,67.310882,0.249218,172.135876,103.160849,264.962303,161.801455,10.141809,53.187682,0.006018,false,,,,,73.799,0.3024,25.1314,0,,32.1881,90,derived,icgc_landcover_2024;gencat_protected_areas;icgc_coast_202602,,2026-08-21T20:11:40Z,0.2.0,,Landscape Recognition is optional and not included in the core score.,partial,32.1881,32.1881,100,,official,landscape_core,true
171241,Pals,10,Baix Empordà,2024-2026,25.7504,38.972923,30.147681,35.429807,32.44224,1.041913,110.392393,109.35048,3.715475,37.65274,1.334626,true,,,,,34.5488,42.9844,8.2024,66.8484,,34.916,90,derived,icgc_landcover_2024;gencat_protected_areas;icgc_coast_202602,,2026-08-21T20:11:40Z,0.2.0,,Landscape Recognition is optional and not included in the core score.,partial,34.916,34.916,100,,official,landscape_core,true
171254,Pardines,31,Ripollès,2024-2026,31.3988,97.922591,43.651359,92.283055,1571.52546,1156.542743,1939.944482,783.40174,20.977396,237.991139,0.255105,false,,,,,100,100,78.6614,5.0129,,80.4173,90,derived,icgc_landcover_2024;gencat_protected_areas;icgc_coast_202602,,2026-08-21T20:11:40Z,0.2.0,,Landscape Recognition is optional and not included in the core score.,partial,80.4173,80.4173,100,,official,landscape_core,true
171267,Parlavà,10,Baix Empordà,2024-2026,6.2131,9.104358,5.12682,0,24.41273,13.408457,48.939583,35.531126,1.787812,12.642816,1.521311,false,,,,,1.0932,0,0.6209,30.6244,,5.1315,90,derived,icgc_landcover_2024;gencat_protected_areas;icgc_coast_202602,,2026-08-21T20:11:40Z,0.2.0,,Landscape Recognition is optional and not included in the core score.,partial,5.1315,5.1315,100,,official,landscape_core,true
171289,Pau,02,Alt Empordà,2024-2026,10.5455,32.199916,8.423016,51.756279,64.55481,1.627427,324.848526,323.221099,5.478516,101.538306,3.101169,false,,,,,26.9624,62.7921,22.1951,60,,39.6836,90,derived,icgc_landcover_2024;gencat_protected_areas;icgc_coast_202602,,2026-08-21T20:11:40Z,0.2.0,,Landscape Recognition is optional and not included in the core score.,partial,39.6836,39.6836,100,,official,landscape_core,true
171292,Pedret i Marzà,02,Alt Empordà,2024-2026,8.6156,18.26064,5.446279,14.239303,24.556856,6.726032,52.886169,46.160138,2.263949,14.87599,1.294272,false,,,,,11.3491,17.2755,1.9725,26.0321,,12.689,90,derived,icgc_landcover_2024;gencat_protected_areas;icgc_coast_202602,,2026-08-21T20:11:40Z,0.2.0,,Landscape Recognition is optional and not included in the core score.,partial,12.689,12.689,100,,official,landscape_core,true
171306,la Pera,10,Baix Empordà,2024-2026,11.9235,39.742174,34.633948,0,110.305543,63.881544,155.189117,91.307573,5.373128,28.026751,0.076457,false,,,,,35.4105,0,11.0896,1.3994,,15.376,90,derived,icgc_landcover_2024;gencat_protected_areas;icgc_coast_202602,,2026-08-21T20:11:40Z,0.2.0,,Landscape Recognition is optional and not included in the core score.,partial,15.376,15.376,100,,official,landscape_core,true
171328,Peralada,02,Alt Empordà,2024-2026,43.919,15.630576,6.800053,10.817221,24.3709,3.094522,56.02847,52.933948,1.564453,16.107888,1.808716,false,,,,,8.4032,13.1237,0.7148,36.4377,,11.8664,90,derived,icgc_landcover_2024;gencat_protected_areas;icgc_coast_202602,,2026-08-21T20:11:40Z,0.2.0,,Landscape Recognition is optional and not included in the core score.,partial,11.8664,11.8664,100,,official,landscape_core,true
171334,les Planes d'Hostoles,19,Garrotxa,2024-2026,37.4524,88.238833,78.611095,36.255546,513.638122,301.596588,902.353485,600.756897,16.121901,187.620906,0.09764,false,,,,,89.7314,43.9862,59.1683,1.8279,,57.4688,90,derived,icgc_landcover_2024;gencat_protected_areas;icgc_coast_202602,,2026-08-21T20:11:40Z,0.2.0,,Landscape Recognition is optional and not included in the core score.,partial,57.4688,57.4688,100,,official,landscape_core,true
171349,Planoles,31,Ripollès,2024-2026,18.7428,97.261558,64.275131,31.798075,1539.996618,1086.075879,2178.308777,1092.232898,23.191288,338.596363,0.052319,false,,,,,99.8377,38.5782,98.1195,0.9112,,69.2543,90,derived,icgc_landcover_2024;gencat_protected_areas;icgc_coast_202602,,2026-08-21T20:11:40Z,0.2.0,,Landscape Recognition is optional and not included in the core score.,partial,69.2543,69.2543,100,,official,landscape_core,true
171352,Pont de Molins,02,Alt Empordà,2024-2026,8.6224,43.0498,8.083307,0.383498,64.660057,33.328728,140.340686,107.011958,5.118445,32.519514,1.108149,false,,,,,39.1153,0.4653,11.2521,22.2674,,19.9598,90,derived,icgc_landcover_2024;gencat_protected_areas;icgc_coast_202602,,2026-08-21T20:11:40Z,0.2.0,,Landscape Recognition is optional and not included in the core score.,partial,19.9598,19.9598,100,,official,landscape_core,true
171365,Pontós,02,Alt Empordà,2024-2026,13.4628,43.081306,36.43593,4.089329,101.892097,51.11652,139.558422,88.441902,5.387895,28.460558,0.540781,false,,,,,39.1506,4.9613,10.9886,10.7913,,19.3089,90,derived,icgc_landcover_2024;gencat_protected_areas;icgc_coast_202602,,2026-08-21T20:11:40Z,0.2.0,,Landscape Recognition is optional and not included in the core score.,partial,19.3089,19.3089,100,,official,landscape_core,true
171371,Porqueres,28,Pla de l'Estany,2024-2026,33.7064,73.319568,66.641609,24.850259,295.523406,145.125534,524.328857,379.203323,13.050911,114.316098,0.287664,false,,,,,73.0204,30.149,41.8704,5.6715,,44.4127,90,derived,icgc_landcover_2024;gencat_protected_areas;icgc_coast_202602,,2026-08-21T20:11:40Z,0.2.0,,Landscape Recognition is optional and not included in the core score.,partial,44.4127,44.4127,100,,official,landscape_core,true
171387,Portbou,02,Alt Empordà,2024-2026,9.2401,93.992255,17.261028,80.6349,225.179953,29.302991,520.130908,490.827917,24.259712,145.7864,0.185446,true,,,,,96.1758,97.8283,71.118,43.604,,82.4387,90,derived,icgc_landcover_2024;gencat_protected_areas;icgc_coast_202602,,2026-08-21T20:11:40Z,0.2.0,,Landscape Recognition is optional and not included in the core score.,partial,82.4387,82.4387,100,,official,landscape_core,true
171390,les Preses,19,Garrotxa,2024-2026,9.3924,67.169656,58.258044,83.692705,558.744041,458.568015,822.639386,364.071371,13.58793,117.95978,0.073414,false,,,,,66.1319,100,42.3704,1.3379,,58.9395,90,derived,icgc_landcover_2024;gencat_protected_areas;icgc_coast_202602,,2026-08-21T20:11:40Z,0.2.0,,Landscape Recognition is optional and not included in the core score.,partial,58.9395,58.9395,100,,official,landscape_core,true
171404,el Port de la Selva,02,Alt Empordà,2024-2026,41.3627,94.327744,11.693194,90.902954,171.266089,15.661847,413.632892,397.971045,16.439505,117.740599,0.091201,true,,,,,96.5515,100,50.3803,41.6977,,77.6428,90,derived,icgc_landcover_2024;gencat_protected_areas;icgc_coast_202602,,2026-08-21T20:11:40Z,0.2.0,,Landscape Recognition is optional and not included in the core score.,partial,77.6428,77.6428,100,,official,landscape_core,true
171411,Puigcerdà,15,Cerdanya,2024-2026,18.7378,58.655262,24.427479,0,1259.928508,1118.193091,1772.728296,654.535205,6.19785,209.535181,0.750308,false,,,,,56.5949,0,39.3414,15.0294,,31.898,90,derived,icgc_landcover_2024;gencat_protected_areas;icgc_coast_202602,,2026-08-21T20:11:40Z,0.2.0,,Landscape Recognition is optional and not included in the core score.,partial,31.898,31.898,100,,official,landscape_core,true
171426,Quart,20,Gironès,2024-2026,38.107,88.797625,84.251144,82.554559,238.254851,87.701499,373.155066,285.453567,14.256198,90.644846,0.079397,false,,,,,90.3573,100,40.191,1.4589,,66.8916,90,derived,icgc_landcover_2024;gencat_protected_areas;icgc_coast_202602,,2026-08-21T20:11:40Z,0.2.0,,Landscape Recognition is optional and not included in the core score.,partial,66.8916,66.8916,100,,official,landscape_core,true
171432,Rabós,02,Alt Empordà,2024-2026,45.246,86.690341,20.742951,90.554361,225.527958,57.624947,500.572382,442.947434,13.611093,141.712148,0.158204,false,,,,,87.9969,100,46.119,3.0529,,67.7866,90,derived,icgc_landcover_2024;gencat_protected_areas;icgc_coast_202602,,2026-08-21T20:11:40Z,0.2.0,,Landscape Recognition is optional and not included in the core score.,partial,67.7866,67.7866,100,,official,landscape_core,true
171447,Regencós,10,Baix Empordà,2024-2026,6.2729,57.796008,46.773226,7.776487,76.668166,26.054181,142.943491,116.88931,6.490676,39.192071,0.517605,false,,,,,55.6325,9.4346,14.8049,10.3225,,27.0796,90,derived,icgc_landcover_2024;gencat_protected_areas;icgc_coast_202602,,2026-08-21T20:11:40Z,0.2.0,,Landscape Recognition is optional and not included in the core score.,partial,27.0796,27.0796,100,,official,landscape_core,true
171450,Ribes de Freser,31,Ripollès,2024-2026,41.5563,94.998668,69.354885,46.812837,1263.24484,915.992822,1752.142773,836.149951,24.554602,259.854505,0.225996,false,,,,,97.303,56.7945,87.3009,4.4242,,70.7435,90,derived,icgc_landcover_2024;gencat_protected_areas;icgc_coast_202602,,2026-08-21T20:11:40Z,0.2.0,,Landscape Recognition is optional and not included in the core score.,partial,70.7435,70.7435,100,,official,landscape_core,true
171463,Riells i Viabrea,34,Selva,2024-2026,27.0676,85.162786,74.409071,53.653083,456.519398,103.456056,1043.565607,940.109551,16.811874,304.06037,0.038915,false,,,,,86.2859,65.0933,76.6251,0.6401,,65.7257,90,derived,icgc_landcover_2024;gencat_protected_areas;icgc_coast_202602,,2026-08-21T20:11:40Z,0.2.0,,Landscape Recognition is optional and not included in the core score.,partial,65.7257,65.7257,100,,official,landscape_core,true
171479,Ripoll,31,Ripollès,2024-2026,73.6313,90.825413,80.862644,25.310664,857.293245,683.886011,1108.105731,424.21972,20.4843,127.094109,0.498128,false,,,,,92.6286,30.7076,60.7186,9.9286,,56.7658,90,derived,icgc_landcover_2024;gencat_protected_areas;icgc_coast_202602,,2026-08-21T20:11:40Z,0.2.0,,Landscape Recognition is optional and not included in the core score.,partial,56.7658,56.7658,100,,official,landscape_core,true
171485,Riudarenes,34,Selva,2024-2026,47.4881,77.727998,68.200668,0.709792,181.111148,80.722495,378.972986,298.250491,10.727732,101.704652,0.386386,false,,,,,77.9582,0.8611,32.8453,7.6684,,36.8622,90,derived,icgc_landcover_2024;gencat_protected_areas;icgc_coast_202602,,2026-08-21T20:11:40Z,0.2.0,,Landscape Recognition is optional and not included in the core score.,partial,36.8622,36.8622,100,,official,landscape_core,true
171498,Riudaura,19,Garrotxa,2024-2026,23.5214,90.358247,80.32528,46.090342,829.531031,511.047318,1160.116669,649.069351,22.100405,196.627123,0,false,,,,,92.1053,55.918,74.8949,0,,64.9401,90,derived,icgc_landcover_2024;gencat_protected_areas;icgc_coast_202602,,2026-08-21T20:11:40Z,0.2.0,,Landscape Recognition is optional and not included in the core score.,partial,64.9401,64.9401,100,,official,landscape_core,true
171501,Riudellots de la Selva,34,Selva,2024-2026,13.2866,23.150006,14.96285,0,107.079604,93.681401,124.774852,31.093451,2.196618,9.915808,0.761657,false,,,,,16.8256,0,1.5414,15.259,,8.5632,90,derived,icgc_landcover_2024;gencat_protected_areas;icgc_coast_202602,,2026-08-21T20:11:40Z,0.2.0,,Landscape Recognition is optional and not included in the core score.,partial,8.5632,8.5632,100,,official,landscape_core,true
171518,Riumors,02,Alt Empordà,2024-2026,6.5387,4.096271,0.166396,0.066163,3.693224,0.95416,8.578796,7.624636,0.453974,2.381977,0.957033,false,,,,,0,0.0803,0,19.2108,,2.9017,90,derived,icgc_landcover_2024;gencat_protected_areas;icgc_coast_202602,,2026-08-21T20:11:40Z,0.2.0,,Landscape Recognition is optional and not included in the core score.,partial,2.9017,2.9017,100,,official,landscape_core,true
171523,Roses,02,Alt Empordà,2024-2026,45.8265,72.679662,10.438378,62.917495,145.760058,2.134328,381.882263,379.747935,14.160966,124.727905,0.717101,true,,,,,72.3036,76.3331,44.3955,54.3577,,63.6421,90,derived,icgc_landcover_2024;gencat_protected_areas;icgc_coast_202602,,2026-08-21T20:11:40Z,0.2.0,,Landscape Recognition is optional and not included in the core score.,partial,63.6421,63.6421,100,,official,landscape_core,true
171539,Rupià,10,Baix Empordà,2024-2026,5.3525,27.031529,20.133915,0,81.924978,40.074564,126.390661,86.316097,4.036483,28.838474,0.64682,false,,,,,21.1733,0,7.8458,12.9361,,11.3125,90,derived,icgc_landcover_2024;gencat_protected_areas;icgc_coast_202602,,2026-08-21T20:11:40Z,0.2.0,,Landscape Recognition is optional and not included in the core score.,partial,11.3125,11.3125,100,,official,landscape_core,true
171544,Sales de Llierca,19,Garrotxa,2024-2026,35.7932,94.314176,88.879633,79.103886,568.385358,244.52569,1000.891986,756.366296,21.81636,251.214043,0.010532,false,,,,,96.5363,95.9709,79.2836,0.066,,77.6112,90,derived,icgc_landcover_2024;gencat_protected_areas;icgc_coast_202602,,2026-08-21T20:11:40Z,0.2.0,,Landscape Recognition is optional and not included in the core score.,partial,77.6112,77.6112,100,,official,landscape_core,true
171557,Salt,20,Gironès,2024-2026,6.6092,27.189302,14.328356,31.220247,83.839213,75.231488,91.275179,16.043691,0.935292,4.933467,2.505938,false,,,,,21.35,37.8772,0,50.5404,,24.5229,90,derived,icgc_landcover_2024;gencat_protected_areas;icgc_coast_202602,,2026-08-21T20:11:40Z,0.2.0,,Landscape Recognition is optional and not included in the core score.,partial,24.5229,24.5229,100,,official,landscape_core,true
171576,Sant Andreu Salou,20,Gironès,2024-2026,5.8154,22.099925,19.27381,0,110.650859,96.155922,130.936859,34.780937,2.739252,10.764306,0.236476,false,,,,,15.6495,0,2.7633,4.6361,,6.8636,90,derived,icgc_landcover_2024;gencat_protected_areas;icgc_coast_202602,,2026-08-21T20:11:40Z,0.2.0,,Landscape Recognition is optional and not included in the core score.,partial,6.8636,6.8636,100,,official,landscape_core,true
171582,Sant Climent Sescebes,02,Alt Empordà,2024-2026,24.203,74.280808,27.083127,28.881367,153.601615,74.475686,306.583478,232.107792,6.686496,71.602204,0.709952,false,,,,,74.097,35.0396,20.6454,14.2131,,41.9872,90,derived,icgc_landcover_2024;gencat_protected_areas;icgc_coast_202602,,2026-08-21T20:11:40Z,0.2.0,,Landscape Recognition is optional and not included in the core score.,partial,41.9872,41.9872,100,,official,landscape_core,true
171595,Sant Feliu de Buixalleu,34,Selva,2024-2026,62.0482,85.442836,78.335968,7.003015,275.487604,77.266756,553.733765,476.467009,14.756136,153.815272,0.061104,false,,,,,86.5996,8.4962,50.2683,1.0889,,45.1643,90,derived,icgc_landcover_2024;gencat_protected_areas;icgc_coast_202602,,2026-08-21T20:11:40Z,0.2.0,,Landscape Recognition is optional and not included in the core score.,partial,45.1643,45.1643,100,,official,landscape_core,true
171609,Sant Feliu de Guíxols,10,Baix Empordà,2024-2026,15.8524,69.441754,57.345207,38.574394,112.074498,7.147842,283.55807,276.410228,12.857522,88.694633,0.17263,true,,,,,68.6768,46.7995,36.6176,43.3448,,51.3929,90,derived,icgc_landcover_2024;gencat_protected_areas;icgc_coast_202602,,2026-08-21T20:11:40Z,0.2.0,,Landscape Recognition is optional and not included in the core score.,partial,51.3929,51.3929,100,,official,landscape_core,true
171616,Sant Feliu de Pallerols,19,Garrotxa,2024-2026,33.8137,86.684257,79.306223,93.884012,623.35495,472.511603,835.646576,363.134973,17.704865,112.210279,0.04641,false,,,,,87.9901,100,51.5971,0.7917,,68.8146,90,derived,icgc_landcover_2024;gencat_protected_areas;icgc_coast_202602,,2026-08-21T20:11:40Z,0.2.0,,Landscape Recognition is optional and not included in the core score.,partial,68.8146,68.8146,100,,official,landscape_core,true
171621,Sant Ferriol,19,Garrotxa,2024-2026,42.2873,88.080667,83.893047,3.436196,313.575339,139.827504,495.832431,356.004927,16.929593,108.489064,0.407123,false,,,,,89.5542,4.1689,49.5173,8.0878,,45.9787,90,derived,icgc_landcover_2024;gencat_protected_areas;icgc_coast_202602,,2026-08-21T20:11:40Z,0.2.0,,Landscape Recognition is optional and not included in the core score.,partial,45.9787,45.9787,100,,official,landscape_core,true
171637,Sant Gregori,20,Gironès,2024-2026,48.8868,65.587019,61.316998,3.437998,159.264107,92.479702,290.925583,198.445881,9.735133,64.666217,0.366735,false,,,,,64.3592,4.1711,25.9329,7.2709,,31.1423,90,derived,icgc_landcover_2024;gencat_protected_areas;icgc_coast_202602,,2026-08-21T20:11:40Z,0.2.0,,Landscape Recognition is optional and not included in the core score.,partial,31.1423,31.1423,100,,official,landscape_core,true
171642,Sant Hilari Sacalm,34,Selva,2024-2026,82.9978,91.471528,85.386604,40.887048,777.73111,419.609528,1037.835449,618.225922,21.28377,180.886706,2.340746,false,,,,,93.3523,49.6052,71.6107,47.1991,,70.0571,90,derived,icgc_landcover_2024;gencat_protected_areas;icgc_coast_202602,,2026-08-21T20:11:40Z,0.2.0,,Landscape Recognition is optional and not included in the core score.,partial,70.0571,70.0571,100,,official,landscape_core,true
171655,Sant Jaume de Llierca,19,Garrotxa,2024-2026,6.9002,61.401933,54.312489,6.589097,270.3018,194.42434,400.851021,206.426681,11.410962,62.240181,0.803314,false,,,,,59.6715,7.9941,30.0806,16.1015,,32.8189,90,derived,icgc_landcover_2024;gencat_protected_areas;icgc_coast_202602,,2026-08-21T20:11:40Z,0.2.0,,Landscape Recognition is optional and not included in the core score.,partial,32.8189,32.8189,100,,official,landscape_core,true
171668,Sant Jordi Desvalls,20,Gironès,2024-2026,11.901,37.560282,32.872162,1.301777,43.625129,26.173851,76.54677,50.372918,3.077724,16.317326,1.204083,false,,,,,32.9665,1.5793,4.0024,24.2078,,16.5649,90,derived,icgc_landcover_2024;gencat_protected_areas;icgc_coast_202602,,2026-08-21T20:11:40Z,0.2.0,,Landscape Recognition is optional and not included in the core score.,partial,16.5649,16.5649,100,,official,landscape_core,true
171674,Sant Joan de les Abadesses,31,Ripollès,2024-2026,53.6823,88.185286,78.141301,4.890964,917.651605,762.677368,1105.508356,342.830988,19.992577,104.789195,0.393891,false,,,,,89.6714,5.9338,55.7972,7.8202,,47.9908,90,derived,icgc_landcover_2024;gencat_protected_areas;icgc_coast_202602,,2026-08-21T20:11:40Z,0.2.0,,Landscape Recognition is optional and not included in the core score.,partial,47.9908,47.9908,100,,official,landscape_core,true
171680,Sant Joan de Mollet,20,Gironès,2024-2026,3.2298,34.657035,29.00127,1.500901,48.330439,29.99748,79.352895,49.355415,2.622664,16.77049,2.472626,false,,,,,29.7146,1.8209,2.93,49.8666,,19.0678,90,derived,icgc_landcover_2024;gencat_protected_areas;icgc_coast_202602,,2026-08-21T20:11:40Z,0.2.0,,Landscape Recognition is optional and not included in the core score.,partial,19.0678,19.0678,100,,official,landscape_core,true
171693,Sant Julià de Ramis,20,Gironès,2024-2026,18.6987,51.71414,39.412941,1.659855,90.347958,44.639529,169.547452,124.907923,7.423714,37.923804,1.241471,false,,,,,48.8202,2.0138,17.2817,24.9641,,25.6556,90,derived,icgc_landcover_2024;gencat_protected_areas;icgc_coast_202602,,2026-08-21T20:11:40Z,0.2.0,,Landscape Recognition is optional and not included in the core score.,partial,25.6556,25.6556,100,,official,landscape_core,true
171707,Vallfogona de Ripollès,31,Ripollès,2024-2026,38.9579,95.199648,81.173824,70.987976,1136.080654,873.135898,1406.911029,533.775131,23.28955,163.615295,0,false,,,,,97.5281,86.1244,72.1697,0,,73.7083,90,derived,icgc_landcover_2024;gencat_protected_areas;icgc_coast_202602,,2026-08-21T20:11:40Z,0.2.0,,Landscape Recognition is optional and not included in the core score.,partial,73.7083,73.7083,100,,official,landscape_core,true
171714,Sant Llorenç de la Muga,02,Alt Empordà,2024-2026,32.4596,93.322379,81.229428,27.275272,325.544052,166.44326,558.052823,391.609563,20.271717,119.538016,3.075676,false,,,,,95.4254,33.0911,58.7116,60,,65.3496,90,derived,icgc_landcover_2024;gencat_protected_areas;icgc_coast_202602,,2026-08-21T20:11:40Z,0.2.0,,Landscape Recognition is optional and not included in the core score.,partial,65.3496,65.3496,100,,official,landscape_core,true
171729,Sant Martí de Llémena,20,Gironès,2024-2026,42.9504,86.84969,81.809198,25.183657,401.544434,208.341145,731.998734,523.657589,17.271054,165.651289,0.031083,false,,,,,88.1754,30.5535,58.1429,0.4817,,53.1077,90,derived,icgc_landcover_2024;gencat_protected_areas;icgc_coast_202602,,2026-08-21T20:11:40Z,0.2.0,,Landscape Recognition is optional and not included in the core score.,partial,53.1077,53.1077,100,,official,landscape_core,true
171735,Sant Martí Vell,20,Gironès,2024-2026,17.2794,78.417492,69.052102,61.730322,183.675109,55.928712,402.573355,346.644643,12.815671,111.30198,0.009622,false,,,,,78.7305,74.8928,39.8148,0.0476,,56.2397,90,derived,icgc_landcover_2024;gencat_protected_areas;icgc_coast_202602,,2026-08-21T20:11:40Z,0.2.0,,Landscape Recognition is optional and not included in the core score.,partial,56.2397,56.2397,100,,official,landscape_core,true
171740,Sant Miquel de Campmajor,28,Pla de l'Estany,2024-2026,33.6172,84.638515,80.242722,10.090206,335.033125,210.679398,623.617767,412.93837,15.316842,127.366781,0.086261,false,,,,,85.6987,12.2417,48.5537,1.5977,,45.4331,90,derived,icgc_landcover_2024;gencat_protected_areas;icgc_coast_202602,,2026-08-21T20:11:40Z,0.2.0,,Landscape Recognition is optional and not included in the core score.,partial,45.4331,45.4331,100,,official,landscape_core,true
171753,Sant Miquel de Fluvià,02,Alt Empordà,2024-2026,3.5111,32.638402,19.628147,1.540169,37.416916,18.851101,56.413749,37.562648,3.042265,11.527812,1.113315,false,,,,,27.4536,1.8686,3.4457,22.3719,,14.2931,90,derived,icgc_landcover_2024;gencat_protected_areas;icgc_coast_202602,,2026-08-21T20:11:40Z,0.2.0,,Landscape Recognition is optional and not included in the core score.,partial,14.2931,14.2931,100,,official,landscape_core,true
171766,Sant Mori,02,Alt Empordà,2024-2026,7.4362,61.772705,53.69599,1.671316,64.39589,21.251897,123.575393,102.323496,5.250053,29.411201,0.813746,false,,,,,60.0868,2.0277,11.3286,16.3126,,26.8164,90,derived,icgc_landcover_2024;gencat_protected_areas;icgc_coast_202602,,2026-08-21T20:11:40Z,0.2.0,,Landscape Recognition is optional and not included in the core score.,partial,26.8164,26.8164,100,,official,landscape_core,true
171772,Sant Pau de Segúries,31,Ripollès,2024-2026,8.7797,84.148289,64.26248,6.615828,978.507289,854.1026,1170.532959,316.430359,18.474447,101.937732,0.569613,false,,,,,85.1496,8.0265,51.1414,11.3745,,46.3005,90,derived,icgc_landcover_2024;gencat_protected_areas;icgc_coast_202602,,2026-08-21T20:11:40Z,0.2.0,,Landscape Recognition is optional and not included in the core score.,partial,46.3005,46.3005,100,,official,landscape_core,true
171788,Sant Pere Pescador,02,Alt Empordà,2024-2026,17.9915,20.335685,1.920009,32.845673,2.382315,0.442613,5.264759,4.822146,0.454307,1.488927,9.296567,true,,,,,13.6733,39.8492,0,100,,29.748,90,derived,icgc_landcover_2024;gencat_protected_areas;icgc_coast_202602,,2026-08-21T20:11:40Z,0.2.0,,Landscape Recognition is optional and not included in the core score.,partial,29.748,29.748,100,,official,landscape_core,true
171805,Santa Coloma de Farners,34,Selva,2024-2026,70.8871,85.562181,76.374326,0,343.253327,123.037043,636.487534,513.450491,15.176711,169.487546,0.203915,false,,,,,86.7333,0,52.9484,3.9775,,44.1904,90,derived,icgc_landcover_2024;gencat_protected_areas;icgc_coast_202602,,2026-08-21T20:11:40Z,0.2.0,,Landscape Recognition is optional and not included in the core score.,partial,44.1904,44.1904,100,,official,landscape_core,true
171812,Santa Cristina d'Aro,10,Baix Empordà,2024-2026,67.7587,85.446831,78.773905,59.769863,176.043783,33.290981,350.0187,316.727718,12.739751,101.675819,0.11385,true,,,,,86.6041,72.5143,38.2418,42.1558,,64.3238,90,derived,icgc_landcover_2024;gencat_protected_areas;icgc_coast_202602,,2026-08-21T20:11:40Z,0.2.0,,Landscape Recognition is optional and not included in the core score.,partial,64.3238,64.3238,100,,official,landscape_core,true
171827,Santa Llogaia d'Àlguema,02,Alt Empordà,2024-2026,1.9225,21.275859,6.877462,0,43.458947,34.571987,49.982388,15.410401,1.509027,4.560549,2.281034,false,,,,,14.7264,0,0,45.9913,,12.0529,90,derived,icgc_landcover_2024;gencat_protected_areas;icgc_coast_202602,,2026-08-21T20:11:40Z,0.2.0,,Landscape Recognition is optional and not included in the core score.,partial,12.0529,12.0529,100,,official,landscape_core,true
171833,Sant Aniol de Finestres,19,Garrotxa,2024-2026,48.4637,92.85707,85.582843,35.275898,531.39281,311.040884,855.140845,544.09996,17.773771,167.249136,0.01528,false,,,,,94.9042,42.7976,60.233,0.162,,58.9984,90,derived,icgc_landcover_2024;gencat_protected_areas;icgc_coast_202602,,2026-08-21T20:11:40Z,0.2.0,,Landscape Recognition is optional and not included in the core score.,partial,58.9984,58.9984,100,,official,landscape_core,true
171848,Santa Pau,19,Garrotxa,2024-2026,48.5675,78.739314,74.684733,82.50667,556.74283,374.753412,753.16405,378.410638,16.743375,111.832592,0.041728,false,,,,,79.091,100,50.148,0.697,,65.3234,90,derived,icgc_landcover_2024;gencat_protected_areas;icgc_coast_202602,,2026-08-21T20:11:40Z,0.2.0,,Landscape Recognition is optional and not included in the core score.,partial,65.3234,65.3234,100,,official,landscape_core,true
171851,Sant Joan les Fonts,19,Garrotxa,2024-2026,31.9669,78.461677,72.966627,83.570355,470.606751,319.489807,653.143372,333.653564,17.358258,106.20492,0.291162,false,,,,,78.78,100,49.435,5.7423,,65.7931,90,derived,icgc_landcover_2024;gencat_protected_areas;icgc_coast_202602,,2026-08-21T20:11:40Z,0.2.0,,Landscape Recognition is optional and not included in the core score.,partial,65.7931,65.7931,100,,official,landscape_core,true
171864,Sarrià de Ter,20,Gironès,2024-2026,4.2528,54.72636,41.037602,7.107297,90.183361,61.675219,139.183282,77.508064,7.466208,26.037042,1.731866,false,,,,,52.1942,8.6228,15.1562,34.8833,,29.4452,90,derived,icgc_landcover_2024;gencat_protected_areas;icgc_coast_202602,,2026-08-21T20:11:40Z,0.2.0,,Landscape Recognition is optional and not included in the core score.,partial,29.4452,29.4452,100,,official,landscape_core,true
171870,"Saus, Camallera i Llampaies",02,Alt Empordà,2024-2026,11.4661,42.279938,35.594346,0,100.9612,71.18763,140.644,69.45637,5.123709,20.819153,0.325622,false,,,,,38.253,0,9.5039,6.4393,,16.7304,90,derived,icgc_landcover_2024;gencat_protected_areas;icgc_coast_202602,,2026-08-21T20:11:40Z,0.2.0,,Landscape Recognition is optional and not included in the core score.,partial,16.7304,16.7304,100,,official,landscape_core,true
171886,la Selva de Mar,02,Alt Empordà,2024-2026,7.2393,87.421854,22.687442,69.798987,225.322192,35.668757,513.648007,477.97925,22.452786,142.294192,0.029316,false,,,,,88.8163,84.6819,67.6706,0.4459,,69.2407,90,derived,icgc_landcover_2024;gencat_protected_areas;icgc_coast_202602,,2026-08-21T20:11:40Z,0.2.0,,Landscape Recognition is optional and not included in the core score.,partial,69.2407,69.2407,100,,official,landscape_core,true
171899,la Cellera de Ter,34,Selva,2024-2026,14.6436,78.551729,73.58686,21.149153,387.771142,153.917856,864.434592,710.516736,20.28088,237.913016,2.215679,false,,,,,78.8809,25.6587,73.6773,44.6693,,59.1427,90,derived,icgc_landcover_2024;gencat_protected_areas;icgc_coast_202602,,2026-08-21T20:11:40Z,0.2.0,,Landscape Recognition is optional and not included in the core score.,partial,59.1427,59.1427,100,,official,landscape_core,true
171903,Serinyà,28,Pla de l'Estany,2024-2026,17.1958,63.205345,57.561418,3.909281,206.182419,136.248175,285.253839,149.005664,9.32832,46.453864,0.676405,false,,,,,61.6915,4.7428,22.6999,13.5346,,30.4829,90,derived,icgc_landcover_2024;gencat_protected_areas;icgc_coast_202602,,2026-08-21T20:11:40Z,0.2.0,,Landscape Recognition is optional and not included in the core score.,partial,30.4829,30.4829,100,,official,landscape_core,true
171910,Serra de Daró,10,Baix Empordà,2024-2026,7.9383,8.789881,2.699061,1.169967,13.330912,10.31347,21.182436,10.868966,1.068761,3.65388,1.955216,false,,,,,0.7409,1.4194,0,39.401,,6.5243,90,derived,icgc_landcover_2024;gencat_protected_areas;icgc_coast_202602,,2026-08-21T20:11:40Z,0.2.0,,Landscape Recognition is optional and not included in the core score.,partial,6.5243,6.5243,100,,official,landscape_core,true
171925,Setcases,31,Ripollès,2024-2026,48.8755,99.622109,53.716375,68.751889,1949.769636,1416.621997,2487.690894,1071.068896,26.359709,333.177196,0.049047,false,,,,,100,83.4116,98.3099,0.845,,80.5571,90,derived,icgc_landcover_2024;gencat_protected_areas;icgc_coast_202602,,2026-08-21T20:11:40Z,0.2.0,,Landscape Recognition is optional and not included in the core score.,partial,80.5571,80.5571,100,,official,landscape_core,true
171931,Sils,34,Selva,2024-2026,30.0837,50.15,38.598262,11.809461,92.68185,66.390217,132.745618,66.355402,3.695752,20.624326,1.301536,false,,,,,47.0682,14.3275,6.1431,26.179,,25.5184,90,derived,icgc_landcover_2024;gencat_protected_areas;icgc_coast_202602,,2026-08-21T20:11:40Z,0.2.0,,Landscape Recognition is optional and not included in the core score.,partial,25.5184,25.5184,100,,official,landscape_core,true
171946,Susqueda,34,Selva,2024-2026,50.9607,90.837907,81.908211,68.792554,658.792882,348,1062.465472,714.465472,24.114148,223.161572,6.789799,false,,,,,92.6426,83.4609,81.5983,60,,82.6897,90,derived,icgc_landcover_2024;gencat_protected_areas;icgc_coast_202602,,2026-08-21T20:11:40Z,0.2.0,,Landscape Recognition is optional and not included in the core score.,partial,82.6897,82.6897,100,,official,landscape_core,true
171959,la Tallada d'Empordà,10,Baix Empordà,2024-2026,16.6674,20.559215,3.633625,0.767629,28.956379,9.380984,95.448763,86.067779,2.139007,28.956798,1.00032,false,,,,,13.9237,0.9313,3.5614,20.0864,,9.0094,90,derived,icgc_landcover_2024;gencat_protected_areas;icgc_coast_202602,,2026-08-21T20:11:40Z,0.2.0,,Landscape Recognition is optional and not included in the core score.,partial,9.0094,9.0094,100,,official,landscape_core,true
171962,Terrades,02,Alt Empordà,2024-2026,20.817,77.098138,42.076226,0,256.799553,167.339065,390.178932,222.839867,12.142495,67.872259,0.11042,false,,,,,77.2527,0,32.4971,2.0864,,35.4757,90,derived,icgc_landcover_2024;gencat_protected_areas;icgc_coast_202602,,2026-08-21T20:11:40Z,0.2.0,,Landscape Recognition is optional and not included in the core score.,partial,35.4757,35.4757,100,,official,landscape_core,true
171978,Torrent,10,Baix Empordà,2024-2026,7.9101,47.581526,42.713927,10.393857,56.009177,16.25642,123.960697,107.704277,4.133342,35.969778,0.568605,false,,,,,44.1913,12.6101,9.0662,11.3541,,22.5891,90,derived,icgc_landcover_2024;gencat_protected_areas;icgc_coast_202602,,2026-08-21T20:11:40Z,0.2.0,,Landscape Recognition is optional and not included in the core score.,partial,22.5891,22.5891,100,,official,landscape_core,true
171984,Torroella de Fluvià,02,Alt Empordà,2024-2026,16.8702,15.748491,5.459616,3.748446,13.445753,0.490236,43.778984,43.288748,1.377942,11.527272,0.940085,false,,,,,8.5352,4.5477,0.1449,18.868,,6.9907,90,derived,icgc_landcover_2024;gencat_protected_areas;icgc_coast_202602,,2026-08-21T20:11:40Z,0.2.0,,Landscape Recognition is optional and not included in the core score.,partial,6.9907,6.9907,100,,official,landscape_core,true
171997,Torroella de Montgrí,10,Baix Empordà,2024-2026,65.8314,60.98385,26.70503,68.387538,59.723127,1.430583,155.015788,153.585205,6.353895,58.770216,1.90632,true,,,,,59.2032,82.9695,16.2166,78.4119,,57.2794,90,derived,icgc_landcover_2024;gencat_protected_areas;icgc_coast_202602,,2026-08-21T20:11:40Z,0.2.0,,Landscape Recognition is optional and not included in the core score.,partial,57.2794,57.2794,100,,official,landscape_core,true
172001,Tortellà,19,Garrotxa,2024-2026,11.0033,68.136388,58.887898,32.552992,349.647873,212.120865,667.958618,455.837753,13.058729,140.464728,0.159768,false,,,,,67.2147,39.4941,45.4793,3.0846,,45.2312,90,derived,icgc_landcover_2024;gencat_protected_areas;icgc_coast_202602,,2026-08-21T20:11:40Z,0.2.0,,Landscape Recognition is optional and not included in the core score.,partial,45.2312,45.2312,100,,official,landscape_core,true
172018,Toses,31,Ripollès,2024-2026,57.6773,98.426541,45.703008,15.575488,1727.14494,1273.103821,2217.236755,944.132935,21.528555,275.523211,0.040214,false,,,,,100,18.8966,87.4348,0.6664,,61.6828,90,derived,icgc_landcover_2024;gencat_protected_areas;icgc_coast_202602,,2026-08-21T20:11:40Z,0.2.0,,Landscape Recognition is optional and not included in the core score.,partial,61.6828,61.6828,100,,official,landscape_core,true
172023,Tossa de Mar,34,Selva,2024-2026,38.0131,90.387925,84.695227,67.481252,159.28504,21.291515,379.025511,357.733996,17.85847,107.44062,0.087952,true,,,,,92.1386,81.87,51.69,41.6319,,71.8833,90,derived,icgc_landcover_2024;gencat_protected_areas;icgc_coast_202602,,2026-08-21T20:11:40Z,0.2.0,,Landscape Recognition is optional and not included in the core score.,partial,71.8833,71.8833,100,,official,landscape_core,true
172039,Ultramort,10,Baix Empordà,2024-2026,4.3927,9.070871,3.566707,0.638601,17.223301,12.777621,32.609325,19.831705,1.475999,6.92165,0.68126,false,,,,,1.0557,0.7748,0,13.6328,,2.6081,90,derived,icgc_landcover_2024;gencat_protected_areas;icgc_coast_202602,,2026-08-21T20:11:40Z,0.2.0,,Landscape Recognition is optional and not included in the core score.,partial,2.6081,2.6081,100,,official,landscape_core,true
172044,Ullà,10,Baix Empordà,2024-2026,7.457,25.278479,2.422025,16.855738,34.087315,8.100029,163.529369,155.42934,4.480707,51.83749,1.817372,false,,,,,19.2097,20.4498,12.0849,36.6128,,20.349,90,derived,icgc_landcover_2024;gencat_protected_areas;icgc_coast_202602,,2026-08-21T20:11:40Z,0.2.0,,Landscape Recognition is optional and not included in the core score.,partial,20.349,20.349,100,,official,landscape_core,true
172057,Ullastret,10,Baix Empordà,2024-2026,11.1035,15.011989,9.781961,0,26.761496,6.616408,59.590594,52.974186,3.214063,16.389593,0.750364,false,,,,,7.7103,0,4.4313,15.0305,,6.061,90,derived,icgc_landcover_2024;gencat_protected_areas;icgc_coast_202602,,2026-08-21T20:11:40Z,0.2.0,,Landscape Recognition is optional and not included in the core score.,partial,6.061,6.061,100,,official,landscape_core,true
172060,Urús,15,Cerdanya,2024-2026,17.3588,95.664232,64.703955,82.234054,1696.91353,1254.718872,2256.479492,1001.76062,25.441056,326.525878,0.003203,false,,,,,98.0485,99.7685,95.0619,0,,83.0246,90,derived,icgc_landcover_2024;gencat_protected_areas;icgc_coast_202602,,2026-08-21T20:11:40Z,0.2.0,,Landscape Recognition is optional and not included in the core score.,partial,83.0246,83.0246,100,,official,landscape_core,true
172076,la Vall d'en Bas,19,Garrotxa,2024-2026,90.5716,77.920894,67.533117,51.750171,770.112269,463.874701,1260.670142,796.795441,17.834733,270.278337,0.018608,false,,,,,78.1743,62.7846,72.2123,0.2294,,61.1446,90,derived,icgc_landcover_2024;gencat_protected_areas;icgc_coast_202602,,2026-08-21T20:11:40Z,0.2.0,,Landscape Recognition is optional and not included in the core score.,partial,61.1446,61.1446,100,,official,landscape_core,true
172082,la Vall de Bianya,19,Garrotxa,2024-2026,93.6182,88.755912,82.415964,47.892797,635.175973,369.551971,980.003638,610.451666,20.086359,194.355951,0.033862,false,,,,,90.3105,58.1048,68.5499,0.5379,,63.353,90,derived,icgc_landcover_2024;gencat_protected_areas;icgc_coast_202602,,2026-08-21T20:11:40Z,0.2.0,,Landscape Recognition is optional and not included in the core score.,partial,63.353,63.353,100,,official,landscape_core,true
172095,Vall-llobrega,10,Baix Empordà,2024-2026,5.4819,66.351096,57.176161,40.726728,96.337809,24.106268,209.174188,185.06792,10.111995,60.788471,0.001076,false,,,,,65.215,49.4107,26.1546,0,,41.7166,90,derived,icgc_landcover_2024;gencat_protected_areas;icgc_coast_202602,,2026-08-21T20:11:40Z,0.2.0,,Landscape Recognition is optional and not included in the core score.,partial,41.7166,41.7166,100,,official,landscape_core,true
172109,Ventalló,02,Alt Empordà,2024-2026,24.9887,28.143204,16.688739,2.454202,27.105074,3.379672,89.471079,86.091407,2.638552,29.574004,1.218958,false,,,,,22.4185,2.9775,4.6874,24.5087,,13.439,90,derived,icgc_landcover_2024;gencat_protected_areas;icgc_coast_202602,,2026-08-21T20:11:40Z,0.2.0,,Landscape Recognition is optional and not included in the core score.,partial,13.439,13.439,100,,official,landscape_core,true
172116,Verges,10,Baix Empordà,2024-2026,9.4152,15.015883,9.448546,1.228026,23.074073,12.86152,52.668657,39.807138,1.683743,13.386945,2.048575,false,,,,,7.7147,1.4899,0.3865,41.2894,,9.3626,90,derived,icgc_landcover_2024;gencat_protected_areas;icgc_coast_202602,,2026-08-21T20:11:40Z,0.2.0,,Landscape Recognition is optional and not included in the core score.,partial,9.3626,9.3626,100,,official,landscape_core,true
172121,Vidrà,24,Osona,2024-2026,34.4718,98.919312,73.939716,89.787099,1187.675576,947.922119,1429.828552,481.906433,22.164114,149.455046,0.006719,false,,,,,100,100,67.2046,0,,76.8012,90,derived,icgc_landcover_2024;gencat_protected_areas;icgc_coast_202602,,2026-08-21T20:11:40Z,0.2.0,,Landscape Recognition is optional and not included in the core score.,partial,76.8012,76.8012,100,,official,landscape_core,true
172137,Vidreres,34,Selva,2024-2026,48.1929,69.459694,63.707532,14.504543,166.803278,80.280887,327.06427,246.783383,9.343201,78.449589,0.155125,false,,,,,68.6969,17.5973,27.3156,2.9906,,35.7207,90,derived,icgc_landcover_2024;gencat_protected_areas;icgc_coast_202602,,2026-08-21T20:11:40Z,0.2.0,,Landscape Recognition is optional and not included in the core score.,partial,35.7207,35.7207,100,,official,landscape_core,true
172142,Vilabertran,02,Alt Empordà,2024-2026,2.2709,6.714248,1.642787,0,19.367322,17.31802,21.852637,4.534617,0.515038,1.420449,0.652255,false,,,,,0,0,0,13.0461,,1.9569,90,derived,icgc_landcover_2024;gencat_protected_areas;icgc_coast_202602,,2026-08-21T20:11:40Z,0.2.0,,Landscape Recognition is optional and not included in the core score.,partial,1.9569,1.9569,100,,official,landscape_core,true
172155,Vilablareix,20,Gironès,2024-2026,6.1373,27.096842,17.520093,0,112.667559,91.551379,169.234402,77.683023,3.238271,24.476416,0.338848,false,,,,,21.2465,0,5.6437,6.7068,,9.8532,90,derived,icgc_landcover_2024;gencat_protected_areas;icgc_coast_202602,,2026-08-21T20:11:40Z,0.2.0,,Landscape Recognition is optional and not included in the core score.,partial,9.8532,9.8532,100,,official,landscape_core,true
172168,Viladasens,20,Gironès,2024-2026,15.5161,48.540511,44.287804,0,92.493854,52.243762,133.908871,81.665109,5.749612,24.041071,0.075722,false,,,,,45.2654,0,11.4855,1.3846,,18.9219,90,derived,icgc_landcover_2024;gencat_protected_areas;icgc_coast_202602,,2026-08-21T20:11:40Z,0.2.0,,Landscape Recognition is optional and not included in the core score.,partial,18.9219,18.9219,100,,official,landscape_core,true
172174,Viladamat,02,Alt Empordà,2024-2026,11.8032,39.216122,12.818661,0,39.814209,3.136268,120.800186,117.663918,3.953939,40.385717,0.168928,false,,,,,34.8212,0,9.1289,3.2699,,14.9601,90,derived,icgc_landcover_2024;gencat_protected_areas;icgc_coast_202602,,2026-08-21T20:11:40Z,0.2.0,,Landscape Recognition is optional and not included in the core score.,partial,14.9601,14.9601,100,,official,landscape_core,true
172180,Vilademuls,28,Pla de l'Estany,2024-2026,62.1665,51.813869,46.775559,2.270496,130.834416,67.099384,207.129028,140.029645,6.953412,41.827903,0.433362,false,,,,,48.9319,2.7546,16.9314,8.6186,,23.3404,90,derived,icgc_landcover_2024;gencat_protected_areas;icgc_coast_202602,,2026-08-21T20:11:40Z,0.2.0,,Landscape Recognition is optional and not included in the core score.,partial,23.3404,23.3404,100,,official,landscape_core,true
172207,Viladrau,24,Osona,2024-2026,50.7127,93.590099,83.13586,55.141963,917.327677,642.648279,1455.138281,812.490002,19.330825,244.721859,0.041665,false,,,,,95.7253,66.8997,76.3168,0.6957,,69.4123,90,derived,icgc_landcover_2024;gencat_protected_areas;icgc_coast_202602,,2026-08-21T20:11:40Z,0.2.0,,Landscape Recognition is optional and not included in the core score.,partial,69.4123,69.4123,100,,official,landscape_core,true
172214,Vilafant,02,Alt Empordà,2024-2026,8.3282,18.091922,4.73682,0,57.097896,35.817186,88.685432,52.868246,3.282818,15.586189,0.474941,false,,,,,11.1601,0,4.5812,9.4595,,6.4703,90,derived,icgc_landcover_2024;gencat_protected_areas;icgc_coast_202602,,2026-08-21T20:11:40Z,0.2.0,,Landscape Recognition is optional and not included in the core score.,partial,6.4703,6.4703,100,,official,landscape_core,true
172229,Vilaür,02,Alt Empordà,2024-2026,5.7077,45.112142,40.546384,0.040384,78.447651,44.817653,112.527832,67.710179,5.10236,21.926581,0.164931,false,,,,,41.4253,0.049,9.374,3.189,,17.333,90,derived,icgc_landcover_2024;gencat_protected_areas;icgc_coast_202602,,2026-08-21T20:11:40Z,0.2.0,,Landscape Recognition is optional and not included in the core score.,partial,17.333,17.333,100,,official,landscape_core,true
172235,Vilajuïga,02,Alt Empordà,2024-2026,13.1868,65.770548,11.224232,55.110529,97.276667,16.250563,232.845398,216.594835,10.294572,71.267745,0.39166,false,,,,,64.5647,66.8615,28.0432,7.775,,47.4901,90,derived,icgc_landcover_2024;gencat_protected_areas;icgc_coast_202602,,2026-08-21T20:11:40Z,0.2.0,,Landscape Recognition is optional and not included in the core score.,partial,47.4901,47.4901,100,,official,landscape_core,true
172240,Vilallonga de Ter,31,Ripollès,2024-2026,64.284,99.023711,39.050805,30.814437,1657.322835,1132.836877,2305.191357,1172.35448,22.8559,356.343063,0.103418,false,,,,,100,37.3849,98.0625,1.9448,,69.1536,90,derived,icgc_landcover_2024;gencat_protected_areas;icgc_coast_202602,,2026-08-21T20:11:40Z,0.2.0,,Landscape Recognition is optional and not included in the core score.,partial,69.1536,69.1536,100,,official,landscape_core,true
172253,Vilamacolum,02,Alt Empordà,2024-2026,5.7828,5.15438,1.823287,0.010678,5.012683,0.928676,11.256421,10.327746,0.581646,3.132154,0.25539,false,,,,,0,0.013,0,5.0187,,0.7561,90,derived,icgc_landcover_2024;gencat_protected_areas;icgc_coast_202602,,2026-08-21T20:11:40Z,0.2.0,,Landscape Recognition is optional and not included in the core score.,partial,0.7561,0.7561,100,,official,landscape_core,true
172266,Vilamalla,02,Alt Empordà,2024-2026,8.8699,13.102231,2.38172,0,41.338003,19.126834,65.567454,46.440621,1.394001,13.159802,0.355141,false,,,,,5.5712,0,0.2926,7.0364,,3.0785,90,derived,icgc_landcover_2024;gencat_protected_areas;icgc_coast_202602,,2026-08-21T20:11:40Z,0.2.0,,Landscape Recognition is optional and not included in the core score.,partial,3.0785,3.0785,100,,official,landscape_core,true
172272,Vilamaniscle,02,Alt Empordà,2024-2026,5.4867,80.324291,39.95319,80.390388,156.250358,94.196811,261.423015,167.226204,10.119549,51.457746,0.10173,false,,,,,80.8663,97.5317,25.3354,1.9106,,59.3066,90,derived,icgc_landcover_2024;gencat_protected_areas;icgc_coast_202602,,2026-08-21T20:11:40Z,0.2.0,,Landscape Recognition is optional and not included in the core score.,partial,59.3066,59.3066,100,,official,landscape_core,true
172288,Vilanant,02,Alt Empordà,2024-2026,16.9612,46.120627,25.311702,3.303277,120.459065,76.440887,185.327708,108.886821,4.90607,34.329778,0.053331,false,,,,,42.5549,4.0076,10.8617,0.9317,,18.7513,90,derived,icgc_landcover_2024;gencat_protected_areas;icgc_coast_202602,,2026-08-21T20:11:40Z,0.2.0,,Landscape Recognition is optional and not included in the core score.,partial,18.7513,18.7513,100,,official,landscape_core,true
172305,Vila-sacra,02,Alt Empordà,2024-2026,6.0584,7.969869,1.693171,0,12.731713,8.386321,17.709507,9.323186,0.529143,2.840096,0.187531,false,,,,,0,0,0,3.6461,,0.5469,90,derived,icgc_landcover_2024;gencat_protected_areas;icgc_coast_202602,,2026-08-21T20:11:40Z,0.2.0,,Landscape Recognition is optional and not included in the core score.,partial,0.5469,0.5469,100,,official,landscape_core,true
172327,Vilopriu,10,Baix Empordà,2024-2026,16.696,54.677328,37.953077,0,85.149098,38.981733,133.64802,94.666288,5.552011,28.22196,0.227078,false,,,,,52.1393,0,11.6498,4.4461,,21.8281,90,derived,icgc_landcover_2024;gencat_protected_areas;icgc_coast_202602,,2026-08-21T20:11:40Z,0.2.0,,Landscape Recognition is optional and not included in the core score.,partial,21.8281,21.8281,100,,official,landscape_core,true
172333,Vilobí d'Onyar,34,Selva,2024-2026,32.5966,31.99494,23.660881,3.391615,134.035029,111.506048,162.307566,50.801518,3.225779,16.162226,0.236406,false,,,,,26.7328,4.1148,4.3559,4.6347,,12.1694,90,derived,icgc_landcover_2024;gencat_protected_areas;icgc_coast_202602,,2026-08-21T20:11:40Z,0.2.0,,Landscape Recognition is optional and not included in the core score.,partial,12.1694,12.1694,100,,official,landscape_core,true
172348,Biure,02,Alt Empordà,2024-2026,10.0269,73.205307,10.540976,0.54137,95.463647,44.713402,159.552225,114.838823,10.19661,36.57235,2.028311,false,,,,,72.8924,0.6568,23.054,40.8794,,37.572,90,derived,icgc_landcover_2024;gencat_protected_areas;icgc_coast_202602,,2026-08-21T20:11:40Z,0.2.0,,Landscape Recognition is optional and not included in the core score.,partial,37.572,37.572,100,,official,landscape_core,true
179011,"Cruïlles, Monells i Sant Sadurní de l'Heura",10,Baix Empordà,2024-2026,99.6031,82.147798,78.741652,77.158884,200.844407,54.339156,393.671101,339.331946,13.412563,109.871726,0.088193,false,,,,,82.9088,93.6112,40.8162,1.6369,,62.8705,90,derived,icgc_landcover_2024;gencat_protected_areas;icgc_coast_202602,,2026-08-21T20:11:40Z,0.2.0,,Landscape Recognition is optional and not included in the core score.,partial,62.8705,62.8705,100,,official,landscape_core,true
179026,Forallac,10,Baix Empordà,2024-2026,50.1778,65.685885,61.482764,55.802228,133.91741,36.938381,264.457524,227.519143,8.387217,79.292168,0.076241,false,,,,,64.4699,67.7007,24.2601,1.3951,,45.7639,90,derived,icgc_landcover_2024;gencat_protected_areas;icgc_coast_202602,,2026-08-21T20:11:40Z,0.2.0,,Landscape Recognition is optional and not included in the core score.,partial,45.7639,45.7639,100,,official,landscape_core,true
179032,Sant Julià del Llor i Bonmatí,34,Selva,2024-2026,9.6539,81.420235,73.360889,6.131054,195.26594,132.978934,282.822473,149.843539,11.343645,47.549209,0.998658,false,,,,,82.0939,7.4384,27.2773,20.0528,,40.4197,90,derived,icgc_landcover_2024;gencat_protected_areas;icgc_coast_202602,,2026-08-21T20:11:40Z,0.2.0,,Landscape Recognition is optional and not included in the core score.,partial,40.4197,40.4197,100,,official,landscape_core,true
250019,Abella de la Conca,25,Pallars Jussà,2024-2026,78.1235,89.311545,45.964243,51.506174,1225.446138,766.486905,1730.617847,964.130942,21.538274,278.800293,0.009835,false,,,,,90.9329,62.4886,88.3939,0.0519,,69.5549,90,derived,icgc_landcover_2024;gencat_protected_areas;icgc_coast_202602,,2026-08-21T20:11:40Z,0.2.0,,Landscape Recognition is optional and not included in the core score.,partial,69.5549,69.5549,100,,official,landscape_core,true
250024,Àger,23,Noguera,2024-2026,160.2237,78.906424,48.321325,45.387976,805.934963,509.517639,1261.011963,751.494324,15.320071,218.280914,1.889222,false,,,,,79.2782,55.0659,64.4268,38.0661,,63.3305,90,derived,icgc_landcover_2024;gencat_protected_areas;icgc_coast_202602,,2026-08-21T20:11:40Z,0.2.0,,Landscape Recognition is optional and not included in the core score.,partial,63.3305,63.3305,100,,official,landscape_core,true
250030,Agramunt,38,Urgell,2024-2026,79.3595,14.211499,6.272515,31.454599,360.506383,273.080899,447.292159,174.211259,3.589619,49.935713,0.539762,false,,,,,6.8137,38.1615,10.9586,10.7707,,16.2804,90,derived,icgc_landcover_2024;gencat_protected_areas;icgc_coast_202602,,2026-08-21T20:11:40Z,0.2.0,,Landscape Recognition is optional and not included in the core score.,partial,16.2804,16.2804,100,,official,landscape_core,true
250045,els Alamús,33,Segrià,2024-2026,20.3222,5.164757,0.123755,0,221.058456,183.250314,244.923401,61.673087,1.714233,20.142358,1.255243,false,,,,,0,0,1.4616,25.2427,,4.1518,90,derived,icgc_landcover_2024;gencat_protected_areas;icgc_coast_202602,,2026-08-21T20:11:40Z,0.2.0,,Landscape Recognition is optional and not included in the core score.,partial,4.1518,4.1518,100,,official,landscape_core,true
250058,Alàs i Cerc,04,Alt Urgell,2024-2026,57.4723,87.615054,72.966296,32.330367,1199.345923,777.818265,1771.265796,993.447531,21.717277,299.395268,0.188443,false,,,,,89.0327,39.224,90.1709,3.6646,,64.0598,90,derived,icgc_landcover_2024;gencat_protected_areas;icgc_coast_202602,,2026-08-21T20:11:40Z,0.2.0,,Landscape Recognition is optional and not included in the core score.,partial,64.0598,64.0598,100,,official,landscape_core,true
250061,l'Albagés,18,Garrigues,2024-2026,26.1216,41.406259,8.481663,0.031101,385.731136,317.284698,454.407349,137.12265,8.93066,41.412159,2.97455,false,,,,,37.2744,0.0377,21.2476,60,,27.3674,90,derived,icgc_landcover_2024;gencat_protected_areas;icgc_coast_202602,,2026-08-21T20:11:40Z,0.2.0,,Landscape Recognition is optional and not included in the core score.,partial,27.3674,27.3674,100,,official,landscape_core,true
250077,Albatàrrec,33,Segrià,2024-2026,10.6751,18.584903,1.044175,1.168992,161.98445,134.213707,189.66214,55.448433,2.344695,16.915714,2.293645,false,,,,,11.7123,1.4183,2.5896,46.2464,,12.0382,90,derived,icgc_landcover_2024;gencat_protected_areas;icgc_coast_202602,,2026-08-21T20:11:40Z,0.2.0,,Landscape Recognition is optional and not included in the core score.,partial,12.0382,12.0382,100,,official,landscape_core,true
250083,Albesa,23,Noguera,2024-2026,37.6075,6.612596,2.056633,0.357396,243.658151,210.627531,280.780429,70.152898,2.012465,21.180935,0.392376,false,,,,,0,0.4336,2.5305,7.7895,,1.9095,90,derived,icgc_landcover_2024;gencat_protected_areas;icgc_coast_202602,,2026-08-21T20:11:40Z,0.2.0,,Landscape Recognition is optional and not included in the core score.,partial,1.9095,1.9095,100,,official,landscape_core,true
250096,l'Albi,18,Garrigues,2024-2026,32.7143,37.529195,16.166715,0,508.656409,423.518414,578.344312,154.825897,7.301105,47.47324,0.35667,false,,,,,32.9317,0,18.4077,7.0673,,17.1881,90,derived,icgc_landcover_2024;gencat_protected_areas;icgc_coast_202602,,2026-08-21T20:11:40Z,0.2.0,,Landscape Recognition is optional and not included in the core score.,partial,17.1881,17.1881,100,,official,landscape_core,true
250100,Alcanó,33,Segrià,2024-2026,21.1918,14.416181,0.3579,14.127642,258.278656,217.579767,299.055353,81.475586,4.239597,24.149725,0.195476,false,,,,,7.0429,17.14,8.0763,3.8068,,9.3401,90,derived,icgc_landcover_2024;gencat_protected_areas;icgc_coast_202602,,2026-08-21T20:11:40Z,0.2.0,,Landscape Recognition is optional and not included in the core score.,partial,9.3401,9.3401,100,,official,landscape_core,true
250117,Alcarràs,33,Segrià,2024-2026,114.5265,10.171746,2.544069,0.121286,208.615328,130.234129,283.625252,153.391123,3.058455,47.600091,1.597884,false,,,,,2.2888,0.1471,8.7867,32.1733,,7.8605,90,derived,icgc_landcover_2024;gencat_protected_areas;icgc_coast_202602,,2026-08-21T20:11:40Z,0.2.0,,Landscape Recognition is optional and not included in the core score.,partial,7.8605,7.8605,100,,official,landscape_core,true
250122,Alcoletge,33,Segrià,2024-2026,16.7318,18.842575,5.366949,0.019776,180.84889,160.338605,208.277776,47.939171,1.935048,13.987843,2.463272,false,,,,,12.0009,0.024,1.3153,49.6774,,11.9867,90,derived,icgc_landcover_2024;gencat_protected_areas;icgc_coast_202602,,2026-08-21T20:11:40Z,0.2.0,,Landscape Recognition is optional and not included in the core score.,partial,11.9867,11.9867,100,,official,landscape_core,true
250138,Alfarràs,33,Segrià,2024-2026,11.3057,30.100925,6.515265,0,329.802227,265.309778,410.21925,144.909473,5.686425,50.584668,1.550723,false,,,,,24.6113,0,14.3071,31.2193,,16.8736,90,derived,icgc_landcover_2024;gencat_protected_areas;icgc_coast_202602,,2026-08-21T20:11:40Z,0.2.0,,Landscape Recognition is optional and not included in the core score.,partial,16.8736,16.8736,100,,official,landscape_core,true
250143,Alfés,33,Segrià,2024-2026,32.1162,13.542917,0.585562,53.506746,219.651604,182.07468,278.626302,96.551621,3.213675,28.056108,0.4505,false,,,,,6.0648,64.9158,6.4726,8.9652,,21.3146,90,derived,icgc_landcover_2024;gencat_protected_areas;icgc_coast_202602,,2026-08-21T20:11:40Z,0.2.0,,Landscape Recognition is optional and not included in the core score.,partial,21.3146,21.3146,100,,official,landscape_core,true
250156,Algerri,23,Noguera,2024-2026,54.4168,28.426871,10.385985,59.003532,383.374419,268.161124,551.662158,283.501035,5.712476,92.692255,0.699538,false,,,,,22.7362,71.5846,20.8605,14.0024,,33.1693,90,derived,icgc_landcover_2024;gencat_protected_areas;icgc_coast_202602,,2026-08-21T20:11:40Z,0.2.0,,Landscape Recognition is optional and not included in the core score.,partial,33.1693,33.1693,100,,official,landscape_core,true
250169,Alguaire,33,Segrià,2024-2026,50.3539,8.752163,0.617582,5.746576,319.538358,244.732611,372.33103,127.598419,2.436235,43.590255,1.798681,false,,,,,0.6987,6.9719,6.1769,36.2348,,8.967,90,derived,icgc_landcover_2024;gencat_protected_areas;icgc_coast_202602,,2026-08-21T20:11:40Z,0.2.0,,Landscape Recognition is optional and not included in the core score.,partial,8.967,8.967,100,,official,landscape_core,true
250175,Alins,26,Pallars Sobirà,2024-2026,182.7884,99.264091,49.123159,95.272288,1974.034879,1191.679108,2645.22583,1453.546722,29.09219,450.56697,0.721847,false,,,,,100,100,100,14.4537,,87.1681,90,derived,icgc_landcover_2024;gencat_protected_areas;icgc_coast_202602,,2026-08-21T20:11:40Z,0.2.0,,Landscape Recognition is optional and not included in the core score.,partial,87.1681,87.1681,100,,official,landscape_core,true
250194,Almacelles,33,Segrià,2024-2026,48.9815,7.98618,0.908575,0,270.950764,196.828763,326.773676,129.944913,2.054741,47.274797,1.074655,false,,,,,0,0,5.4278,21.5899,,4.5954,90,derived,icgc_landcover_2024;gencat_protected_areas;icgc_coast_202602,,2026-08-21T20:11:40Z,0.2.0,,Landscape Recognition is optional and not included in the core score.,partial,4.5954,4.5954,100,,official,landscape_core,true
250208,Almatret,33,Segrià,2024-2026,56.4357,64.06583,36.822357,16.255725,317.152853,123.546197,462.853619,339.307423,12.684639,104.283157,1.580007,false,,,,,62.6553,19.7219,39.1759,31.8116,,41.4256,90,derived,icgc_landcover_2024;gencat_protected_areas;icgc_coast_202602,,2026-08-21T20:11:40Z,0.2.0,,Landscape Recognition is optional and not included in the core score.,partial,41.4256,41.4256,100,,official,landscape_core,true
250215,Almenar,33,Segrià,2024-2026,66.6621,11.190607,4.468649,10.444021,302.470942,244.240183,375.483864,131.243681,3.323816,45.657388,1.302511,false,,,,,3.43,12.671,8.3464,26.1988,,10.3847,90,derived,icgc_landcover_2024;gencat_protected_areas;icgc_coast_202602,,2026-08-21T20:11:40Z,0.2.0,,Landscape Recognition is optional and not included in the core score.,partial,10.3847,10.3847,100,,official,landscape_core,true
250220,Alòs de Balaguer,23,Noguera,2024-2026,69.0765,89.418568,34.377535,56.527325,645.618902,318.758679,1084.433234,765.674554,18.829371,235.826709,0.508915,false,,,,,91.0528,68.5804,72.9937,10.1467,,68.784,90,derived,icgc_landcover_2024;gencat_protected_areas;icgc_coast_202602,,2026-08-21T20:11:40Z,0.2.0,,Landscape Recognition is optional and not included in the core score.,partial,68.784,68.784,100,,official,landscape_core,true
250236,Alpicat,33,Segrià,2024-2026,15.2289,18.070299,2.980717,0,283.316239,225.418854,351.025647,125.606793,4.085957,43.174581,2.06969,false,,,,,11.1359,0,9.7984,41.7164,,12.6046,90,derived,icgc_landcover_2024;gencat_protected_areas;icgc_coast_202602,,2026-08-21T20:11:40Z,0.2.0,,Landscape Recognition is optional and not included in the core score.,partial,12.6046,12.6046,100,,official,landscape_core,true
250241,Alt Àneu,26,Pallars Sobirà,2024-2026,217.7472,98.647402,35.058735,84.997027,1974.396438,1281.445203,2521.245288,1239.800085,26.807036,383.029737,1.215863,false,,,,,100,100,100,24.4462,,88.6669,90,derived,icgc_landcover_2024;gencat_protected_areas;icgc_coast_202602,,2026-08-21T20:11:40Z,0.2.0,,Landscape Recognition is optional and not included in the core score.,partial,88.6669,88.6669,100,,official,landscape_core,true
250254,Naut Aran,39,Val d'Aran,2024-2026,256.3571,97.773398,26.47335,58.454851,2053.66952,1422.347681,2550.788684,1128.441003,24.929316,342.082234,2.516846,false,,,,,100,70.9189,100,50.761,,85.3439,90,derived,icgc_landcover_2024;gencat_protected_areas;icgc_coast_202602,,2026-08-21T20:11:40Z,0.2.0,,Landscape Recognition is optional and not included in the core score.,partial,85.3439,85.3439,100,,official,landscape_core,true
250273,Anglesola,38,Urgell,2024-2026,23.6724,2.88328,0.179332,20.612494,309.982742,290.190308,331.389923,41.199615,0.960757,12.260343,1.499674,false,,,,,0,25.0076,0.047,30.1868,,10.7917,90,derived,icgc_landcover_2024;gencat_protected_areas;icgc_coast_202602,,2026-08-21T20:11:40Z,0.2.0,,Landscape Recognition is optional and not included in the core score.,partial,10.7917,10.7917,100,,official,landscape_core,true
250292,Arbeca,18,Garrigues,2024-2026,58.2196,11.946547,1.859134,14.660101,327.532171,282.394357,397.744899,115.350542,3.104948,36.772556,1.167486,false,,,,,4.2767,17.786,7.1088,23.4676,,11.2407,90,derived,icgc_landcover_2024;gencat_protected_areas;icgc_coast_202602,,2026-08-21T20:11:40Z,0.2.0,,Landscape Recognition is optional and not included in the core score.,partial,11.2407,11.2407,100,,official,landscape_core,true
250306,el Pont de Bar,04,Alt Urgell,2024-2026,43.7732,94.696004,72.823213,6.111098,1388.696422,910.736792,2079.824902,1169.08811,24.841679,346.126503,0.404156,false,,,,,96.964,7.4141,100,8.0278,,61.9951,90,derived,icgc_landcover_2024;gencat_protected_areas;icgc_coast_202602,,2026-08-21T20:11:40Z,0.2.0,,Landscape Recognition is optional and not included in the core score.,partial,61.9951,61.9951,100,,official,landscape_core,true
250313,Arres,39,Val d'Aran,2024-2026,11.5112,99.101562,70.502387,55.479903,1560.286302,867.915872,2152.537842,1284.62197,29.806771,391.159112,0.17173,false,,,,,100,67.3097,100,3.3265,,77.3264,90,derived,icgc_landcover_2024;gencat_protected_areas;icgc_coast_202602,,2026-08-21T20:11:40Z,0.2.0,,Landscape Recognition is optional and not included in the core score.,partial,77.3264,77.3264,100,,official,landscape_core,true
250328,Arsèguel,04,Alt Urgell,2024-2026,9.6654,92.395524,82.685547,0.052903,1026.99348,782.633453,1398.674377,616.040924,24.862777,184.801772,0.863791,false,,,,,94.3873,0.0642,76.9859,17.3248,,54.8968,90,derived,icgc_landcover_2024;gencat_protected_areas;icgc_coast_202602,,2026-08-21T20:11:40Z,0.2.0,,Landscape Recognition is optional and not included in the core score.,partial,54.8968,54.8968,100,,official,landscape_core,true
250334,Artesa de Lleida,33,Segrià,2024-2026,24.2106,15.879915,1.134325,47.771887,222.649067,180.205034,275.593852,95.388818,2.557379,32.097477,1.518429,false,,,,,8.6824,57.9581,4.9402,30.5661,,23.3483,90,derived,icgc_landcover_2024;gencat_protected_areas;icgc_coast_202602,,2026-08-21T20:11:40Z,0.2.0,,Landscape Recognition is optional and not included in the core score.,partial,23.3483,23.3483,100,,official,landscape_core,true
250349,Artesa de Segre,23,Noguera,2024-2026,176.0455,52.030759,33.922267,15.875119,523.905935,322.317957,980.163245,657.845288,10.302618,191.642905,0.367689,false,,,,,49.1749,19.2601,48.7396,7.2902,,35.3047,90,derived,icgc_landcover_2024;gencat_protected_areas;icgc_coast_202602,,2026-08-21T20:11:40Z,0.2.0,,Landscape Recognition is optional and not included in the core score.,partial,35.3047,35.3047,100,,official,landscape_core,true
250352,la Sentiu de Sió,23,Noguera,2024-2026,29.5442,26.210133,8.859489,31.565312,280.241133,243.261143,325.837785,82.576642,4.08523,26.444104,0.782193,false,,,,,20.2533,38.2959,7.7803,15.6743,,20.9589,90,derived,icgc_landcover_2024;gencat_protected_areas;icgc_coast_202602,,2026-08-21T20:11:40Z,0.2.0,,Landscape Recognition is optional and not included in the core score.,partial,20.9589,20.9589,100,,official,landscape_core,true
250365,Aspa,33,Segrià,2024-2026,10.1082,28.133808,2.601748,83.521788,262.591872,225.077499,294.227509,69.150009,5.996095,21.661174,0.150527,false,,,,,22.408,100,11.454,2.8976,,36.1409,90,derived,icgc_landcover_2024;gencat_protected_areas;icgc_coast_202602,,2026-08-21T20:11:40Z,0.2.0,,Landscape Recognition is optional and not included in the core score.,partial,36.1409,36.1409,100,,official,landscape_core,true
250371,les Avellanes i Santa Linya,23,Noguera,2024-2026,102.9248,69.912643,42.29005,33.990058,597.266469,396.504813,764.622638,368.117825,13.211137,106.029311,1.984029,false,,,,,69.2043,41.2376,41.7116,39.9838,,50.9564,90,derived,icgc_landcover_2024;gencat_protected_areas;icgc_coast_202602,,2026-08-21T20:11:40Z,0.2.0,,Landscape Recognition is optional and not included in the core score.,partial,50.9564,50.9564,100,,official,landscape_core,true
250387,Aitona,33,Segrià,2024-2026,66.8369,22.838666,3.147893,29.013644,159.124945,96.587723,233.985672,137.397949,4.767618,41.211505,1.967875,false,,,,,16.4769,35.2001,11.886,39.6571,,23.487,90,derived,icgc_landcover_2024;gencat_protected_areas;icgc_coast_202602,,2026-08-21T20:11:40Z,0.2.0,,Landscape Recognition is optional and not included in the core score.,partial,23.487,23.487,100,,official,landscape_core,true
250390,Baix Pallars,26,Pallars Sobirà,2024-2026,129.354,93.740915,59.386956,57.068699,1208.302502,696.068665,1793.593567,1097.524902,22.972028,332.101318,0.297105,false,,,,,95.8942,69.2372,97.8738,5.8625,,76.2201,90,derived,icgc_landcover_2024;gencat_protected_areas;icgc_coast_202602,,2026-08-21T20:11:40Z,0.2.0,,Landscape Recognition is optional and not included in the core score.,partial,76.2201,76.2201,100,,official,landscape_core,true
250404,Balaguer,23,Noguera,2024-2026,57.0716,15.69215,5.006669,34.28089,253.465943,203.217026,326.060699,122.843674,3.302772,38.488315,1.352577,false,,,,,8.4721,41.5905,7.9054,27.2114,,19.4209,90,derived,icgc_landcover_2024;gencat_protected_areas;icgc_coast_202602,,2026-08-21T20:11:40Z,0.2.0,,Landscape Recognition is optional and not included in the core score.,partial,19.4209,19.4209,100,,official,landscape_core,true
250411,Barbens,27,Pla d'Urgell,2024-2026,7.7837,3.261615,0.086671,5.795482,290.629904,274.243689,320.125681,45.881992,0.93429,14.046818,1.101982,false,,,,,0,7.0312,0.2665,22.1427,,5.1458,90,derived,icgc_landcover_2024;gencat_protected_areas;icgc_coast_202602,,2026-08-21T20:11:40Z,0.2.0,,Landscape Recognition is optional and not included in the core score.,partial,5.1458,5.1458,100,,official,landscape_core,true
250426,la Baronia de Rialb,23,Noguera,2024-2026,144.5413,81.840621,68.084942,0.279509,703.58908,435.678391,1142.592175,706.913785,16.839817,209.690344,2.971424,false,,,,,82.5648,0.3391,65.7598,59.9557,,54.4158,90,derived,icgc_landcover_2024;gencat_protected_areas;icgc_coast_202602,,2026-08-21T20:11:40Z,0.2.0,,Landscape Recognition is optional and not included in the core score.,partial,54.4158,54.4158,100,,official,landscape_core,true
250432,la Vall de Boí,05,Alta Ribagorça,2024-2026,219.6014,98.031594,27.447368,70.091871,2078.571773,1294.109741,2685.194788,1391.085046,28.012621,424.297771,1.567594,false,,,,,100,85.0373,100,31.5606,,85.9934,90,derived,icgc_landcover_2024;gencat_protected_areas;icgc_coast_202602,,2026-08-21T20:11:40Z,0.2.0,,Landscape Recognition is optional and not included in the core score.,partial,85.9934,85.9934,100,,official,landscape_core,true
250447,Bassella,04,Alt Urgell,2024-2026,70.8265,72.907856,60.510476,24.966896,556.49473,430.100006,716.439844,286.339838,12.60423,93.092654,8.285699,false,,,,,72.5592,30.2905,36.5126,60,,51.0965,90,derived,icgc_landcover_2024;gencat_protected_areas;icgc_coast_202602,,2026-08-21T20:11:40Z,0.2.0,,Landscape Recognition is optional and not included in the core score.,partial,51.0965,51.0965,100,,official,landscape_core,true
250450,Bausen,39,Val d'Aran,2024-2026,17.9461,99.27911,46.416059,87.829672,1354.805241,704.379456,2008.1763,1303.796844,28.794757,397.03318,0.218092,false,,,,,100,100,100,4.2643,,85.6396,90,derived,icgc_landcover_2024;gencat_protected_areas;icgc_coast_202602,,2026-08-21T20:11:40Z,0.2.0,,Landscape Recognition is optional and not included in the core score.,partial,85.6396,85.6396,100,,official,landscape_core,true
250463,Belianes,38,Urgell,2024-2026,15.7697,6.112376,1.082298,83.851794,335.262562,312.004608,370.262714,58.258105,1.849213,17.750823,0.176246,false,,,,,0,100,1.6056,3.4179,,25.9141,90,derived,icgc_landcover_2024;gencat_protected_areas;icgc_coast_202602,,2026-08-21T20:11:40Z,0.2.0,,Landscape Recognition is optional and not included in the core score.,partial,25.9141,25.9141,100,,official,landscape_core,true
250479,Bellcaire d'Urgell,23,Noguera,2024-2026,31.1603,5.140539,0.532703,6.346167,258.840485,228.36236,319.48559,91.12323,1.742993,26.366669,1.409797,false,,,,,0,7.6993,2.9065,28.3688,,6.9068,90,derived,icgc_landcover_2024;gencat_protected_areas;icgc_coast_202602,,2026-08-21T20:11:40Z,0.2.0,,Landscape Recognition is optional and not included in the core score.,partial,6.9068,6.9068,100,,official,landscape_core,true
250485,Bell-lloc d'Urgell,27,Pla d'Urgell,2024-2026,35.1622,4.660176,0.129077,0,201.226226,184.028046,234.105259,50.077213,1.274375,14.009143,1.014192,false,,,,,0,0,0.4631,20.3669,,3.1708,90,derived,icgc_landcover_2024;gencat_protected_areas;icgc_coast_202602,,2026-08-21T20:11:40Z,0.2.0,,Landscape Recognition is optional and not included in the core score.,partial,3.1708,3.1708,100,,official,landscape_core,true
250498,Bellmunt d'Urgell,23,Noguera,2024-2026,5.0475,6.412204,1.322065,6.802451,293.436743,256.417091,350.219101,93.80201,2.966809,28.885578,1.848881,false,,,,,0,8.2529,5.7879,37.2502,,9.0977,90,derived,icgc_landcover_2024;gencat_protected_areas;icgc_coast_202602,,2026-08-21T20:11:40Z,0.2.0,,Landscape Recognition is optional and not included in the core score.,partial,9.0977,9.0977,100,,official,landscape_core,true
250501,Bellpuig,38,Urgell,2024-2026,35.0176,5.480996,0.201748,18.076256,298.405973,277.854175,320.221661,42.367487,1.639671,12.93467,0.622244,false,,,,,0,21.9306,0.389,12.439,,7.4458,90,derived,icgc_landcover_2024;gencat_protected_areas;icgc_coast_202602,,2026-08-21T20:11:40Z,0.2.0,,Landscape Recognition is optional and not included in the core score.,partial,7.4458,7.4458,100,,official,landscape_core,true
250518,Bellver de Cerdanya,15,Cerdanya,2024-2026,100.7952,87.263267,48.758964,43.625205,1507.951669,1029.62749,2317.153857,1287.526367,20.053234,396.665041,0.181529,false,,,,,88.6386,52.9272,91.7514,3.5248,,67.7219,90,derived,icgc_landcover_2024;gencat_protected_areas;icgc_coast_202602,,2026-08-21T20:11:40Z,0.2.0,,Landscape Recognition is optional and not included in the core score.,partial,67.7219,67.7219,100,,official,landscape_core,true
250523,Bellvís,27,Pla d'Urgell,2024-2026,46.4131,2.504924,0.125587,0,205.091828,190.421143,228.17836,37.757217,0.951496,10.866056,0.904522,false,,,,,0,0,0,18.1487,,2.7223,90,derived,icgc_landcover_2024;gencat_protected_areas;icgc_coast_202602,,2026-08-21T20:11:40Z,0.2.0,,Landscape Recognition is optional and not included in the core score.,partial,2.7223,2.7223,100,,official,landscape_core,true
250539,Benavent de Segrià,33,Segrià,2024-2026,7.4591,5.845912,0.415681,0,202.518892,181.14644,230.028645,48.882205,1.451959,15.675165,1.289258,false,,,,,0,0,0.4071,25.9307,,3.9914,90,derived,icgc_landcover_2024;gencat_protected_areas;icgc_coast_202602,,2026-08-21T20:11:40Z,0.2.0,,Landscape Recognition is optional and not included in the core score.,partial,3.9914,3.9914,100,,official,landscape_core,true
250557,Biosca,35,Solsonès,2024-2026,66.031,64.772386,47.99216,7.619326,585.221835,434.35762,748.419403,314.061783,9.872516,95.861476,0.024958,false,,,,,63.4467,9.244,31.6604,0.3578,,32.4861,90,derived,icgc_landcover_2024;gencat_protected_areas;icgc_coast_202602,,2026-08-21T20:11:40Z,0.2.0,,Landscape Recognition is optional and not included in the core score.,partial,32.4861,32.4861,100,,official,landscape_core,true
250560,Bovera,18,Garrigues,2024-2026,33.2247,39.742489,22.330232,0,307.830249,207.828665,409.819757,201.991092,10.892234,61.861413,0.151535,false,,,,,35.4108,0,28.7046,2.918,,20.0076,90,derived,icgc_landcover_2024;gencat_protected_areas;icgc_coast_202602,,2026-08-21T20:11:40Z,0.2.0,,Landscape Recognition is optional and not included in the core score.,partial,20.0076,20.0076,100,,official,landscape_core,true
250576,Es Bòrdes,39,Val d'Aran,2024-2026,21.4233,98.531503,53.008226,76.334909,1517.941721,849.589264,2143.039368,1293.450104,28.673742,440.804077,0.515425,false,,,,,100,92.6115,100,10.2784,,84.6946,90,derived,icgc_landcover_2024;gencat_protected_areas;icgc_coast_202602,,2026-08-21T20:11:40Z,0.2.0,,Landscape Recognition is optional and not included in the core score.,partial,84.6946,84.6946,100,,official,landscape_core,true
250582,les Borges Blanques,18,Garrigues,2024-2026,61.6594,19.701496,3.045921,1.504309,352.105124,240.960363,528.125003,287.16464,5.097811,85.837674,1.132745,false,,,,,12.963,1.8251,19.6481,22.7649,,13.3201,90,derived,icgc_landcover_2024;gencat_protected_areas;icgc_coast_202602,,2026-08-21T20:11:40Z,0.2.0,,Landscape Recognition is optional and not included in the core score.,partial,13.3201,13.3201,100,,official,landscape_core,true
250595,Bossòst,39,Val d'Aran,2024-2026,27.8685,97.881578,71.348317,59.124321,1304.929517,736.97489,1994.925476,1257.950586,28.704644,387.030905,0.379003,false,,,,,100,71.7312,100,7.519,,79.0607,90,derived,icgc_landcover_2024;gencat_protected_areas;icgc_coast_202602,,2026-08-21T20:11:40Z,0.2.0,,Landscape Recognition is optional and not included in the core score.,partial,79.0607,79.0607,100,,official,landscape_core,true
250609,Cabanabona,23,Noguera,2024-2026,14.16,21.080165,15.894635,90.184948,462.384584,418.665817,510.869426,92.203609,4.849182,28.708158,0.134534,false,,,,,14.5072,100,9.9517,2.5742,,32.9516,90,derived,icgc_landcover_2024;gencat_protected_areas;icgc_coast_202602,,2026-08-21T20:11:40Z,0.2.0,,Landscape Recognition is optional and not included in the core score.,partial,32.9516,32.9516,100,,official,landscape_core,true
250616,Cabó,04,Alt Urgell,2024-2026,79.3552,93.305332,69.345432,15.170287,1252.146934,704.367322,1778.301416,1073.934094,22.823028,352.985437,0.000953,false,,,,,95.4063,18.405,96.4327,0,,62.1016,90,derived,icgc_landcover_2024;gencat_protected_areas;icgc_coast_202602,,2026-08-21T20:11:40Z,0.2.0,,Landscape Recognition is optional and not included in the core score.,partial,62.1016,62.1016,100,,official,landscape_core,true
250621,Camarasa,23,Noguera,2024-2026,157.6142,71.496066,37.381352,52.261723,494.540195,256.385063,867.627869,611.242805,13.796114,194.488226,3.192053,false,,,,,70.9779,63.4053,54.4225,60,,63.2992,90,derived,icgc_landcover_2024;gencat_protected_areas;icgc_coast_202602,,2026-08-21T20:11:40Z,0.2.0,,Landscape Recognition is optional and not included in the core score.,partial,63.2992,63.2992,100,,official,landscape_core,true
250637,Canejan,39,Val d'Aran,2024-2026,48.2721,99.127299,50.337392,89.723529,1597.436733,866.42554,2274.674304,1408.248764,32.170532,439.686882,0.864805,false,,,,,100,100,100,17.3453,,87.6018,90,derived,icgc_landcover_2024;gencat_protected_areas;icgc_coast_202602,,2026-08-21T20:11:40Z,0.2.0,,Landscape Recognition is optional and not included in the core score.,partial,87.6018,87.6018,100,,official,landscape_core,true
250642,Castellar de la Ribera,35,Solsonès,2024-2026,60.2617,74.431306,67.854187,51.938482,690.696553,546.730145,854.647318,307.917172,12.453701,92.494668,0.169066,false,,,,,74.2656,63.0131,37.1848,3.2726,,51.5333,90,derived,icgc_landcover_2024;gencat_protected_areas;icgc_coast_202602,,2026-08-21T20:11:40Z,0.2.0,,Landscape Recognition is optional and not included in the core score.,partial,51.5333,51.5333,100,,official,landscape_core,true
250674,Castelldans,18,Garrigues,2024-2026,64.3225,30.21478,3.747793,29.760204,346.846407,241.462463,457.50965,216.047186,5.606401,64.987564,0.34027,false,,,,,24.7389,36.1058,17.4605,6.7356,,23.0605,90,derived,icgc_landcover_2024;gencat_protected_areas;icgc_coast_202602,,2026-08-21T20:11:40Z,0.2.0,,Landscape Recognition is optional and not included in the core score.,partial,23.0605,23.0605,100,,official,landscape_core,true
250680,Castellnou de Seana,27,Pla d'Urgell,2024-2026,16.3091,4.935329,0,0,269.258556,249.199358,283.652509,34.453151,1.526501,10.352501,0.416351,false,,,,,0,0,0.0324,8.2745,,1.2493,90,derived,icgc_landcover_2024;gencat_protected_areas;icgc_coast_202602,,2026-08-21T20:11:40Z,0.2.0,,Landscape Recognition is optional and not included in the core score.,partial,1.2493,1.2493,100,,official,landscape_core,true
250693,Castelló de Farfanya,23,Noguera,2024-2026,52.6274,24.832187,10.291228,46.724949,353.941067,265.84995,491.080124,225.230174,5.658127,71.776402,0.826479,false,,,,,18.7099,56.6879,18.0074,16.5701,,27.7078,90,derived,icgc_landcover_2024;gencat_protected_areas;icgc_coast_202602,,2026-08-21T20:11:40Z,0.2.0,,Landscape Recognition is optional and not included in the core score.,partial,27.7078,27.7078,100,,official,landscape_core,true
250707,Castellserà,38,Urgell,2024-2026,15.9757,8.571736,0.669611,15.85526,283.394172,249.874792,347.858728,97.983936,2.403513,31.81774,1.153335,false,,,,,0.4966,19.236,4.7154,23.1814,,9.6389,90,derived,icgc_landcover_2024;gencat_protected_areas;icgc_coast_202602,,2026-08-21T20:11:40Z,0.2.0,,Landscape Recognition is optional and not included in the core score.,partial,9.6389,9.6389,100,,official,landscape_core,true
250714,Cava,04,Alt Urgell,2024-2026,41.4261,95.644008,70.254687,57.392475,1545.652824,1116.732477,2303.046375,1186.313898,25.613175,339.022641,0,false,,,,,98.0259,69.63,100,0,,76.7166,90,derived,icgc_landcover_2024;gencat_protected_areas;icgc_coast_202602,,2026-08-21T20:11:40Z,0.2.0,,Landscape Recognition is optional and not included in the core score.,partial,76.7166,76.7166,100,,official,landscape_core,true
250729,Cervera,32,Segarra,2024-2026,55.1981,17.631301,5.23436,9.293266,526.158987,471.150769,584.057031,112.906262,6.84433,34.264762,0.057955,false,,,,,10.6442,11.2748,15.4147,1.0252,,10.5516,90,derived,icgc_landcover_2024;gencat_protected_areas;icgc_coast_202602,,2026-08-21T20:11:40Z,0.2.0,,Landscape Recognition is optional and not included in the core score.,partial,10.5516,10.5516,100,,official,landscape_core,true
250735,Cervià de les Garrigues,18,Garrigues,2024-2026,34.0379,48.115056,23.585478,2.616268,481.765383,395.898047,580.738745,184.840698,9.714944,53.844056,0.425899,false,,,,,44.7889,3.1741,25.2499,8.4676,,24.0522,90,derived,icgc_landcover_2024;gencat_protected_areas;icgc_coast_202602,,2026-08-21T20:11:40Z,0.2.0,,Landscape Recognition is optional and not included in the core score.,partial,24.0522,24.0522,100,,official,landscape_core,true
250740,Ciutadilla,38,Urgell,2024-2026,16.467,34.704447,18.29113,0,579.514151,472.327907,686.738849,214.410942,9.587049,63.075924,0.003056,false,,,,,29.7677,0,26.3476,0,,17.0056,90,derived,icgc_landcover_2024;gencat_protected_areas;icgc_coast_202602,,2026-08-21T20:11:40Z,0.2.0,,Landscape Recognition is optional and not included in the core score.,partial,17.0056,17.0056,100,,official,landscape_core,true
250753,Clariana de Cardener,35,Solsonès,2024-2026,40.8624,65.103766,42.575634,0,608.523284,478.895523,726.892532,247.997009,11.280973,76.532782,3.077806,false,,,,,63.8179,0,31.736,60,,39.2703,90,derived,icgc_landcover_2024;gencat_protected_areas;icgc_coast_202602,,2026-08-21T20:11:40Z,0.2.0,,Landscape Recognition is optional and not included in the core score.,partial,39.2703,39.2703,100,,official,landscape_core,true
250766,el Cogul,18,Garrigues,2024-2026,17.4745,28.797754,2.997037,22.242985,324.57632,274.773346,377.421393,102.648047,6.040798,31.349837,0.411621,false,,,,,23.1517,26.9858,13.1245,8.1788,,19.3575,90,derived,icgc_landcover_2024;gencat_protected_areas;icgc_coast_202602,,2026-08-21T20:11:40Z,0.2.0,,Landscape Recognition is optional and not included in the core score.,partial,19.3575,19.3575,100,,official,landscape_core,true
250772,Coll de Nargó,04,Alt Urgell,2024-2026,152.2705,92.812712,66.974284,22.634616,1054.588399,576.261627,1522.861694,946.600067,22.276091,277.146906,1.210114,false,,,,,94.8546,27.4609,89.2338,24.3298,,66.0222,90,derived,icgc_landcover_2024;gencat_protected_areas;icgc_coast_202602,,2026-08-21T20:11:40Z,0.2.0,,Landscape Recognition is optional and not included in the core score.,partial,66.0222,66.0222,100,,official,landscape_core,true
250788,Corbins,33,Segrià,2024-2026,21.0137,15.46888,5.673271,3.610128,195.443447,164.846385,240.392944,75.546559,2.774885,23.995064,2.164298,false,,,,,8.2221,4.3799,4.5001,43.6301,,11.6423,90,derived,icgc_landcover_2024;gencat_protected_areas;icgc_coast_202602,,2026-08-21T20:11:40Z,0.2.0,,Landscape Recognition is optional and not included in the core score.,partial,11.6423,11.6423,100,,official,landscape_core,true
250791,Cubells,23,Noguera,2024-2026,39.053,26.394272,13.538295,54.00795,387.66559,287.179407,493.049445,205.870038,5.36242,70.758358,0.153439,false,,,,,20.4595,65.5238,16.4342,2.9566,,28.0938,90,derived,icgc_landcover_2024;gencat_protected_areas;icgc_coast_202602,,2026-08-21T20:11:40Z,0.2.0,,Landscape Recognition is optional and not included in the core score.,partial,28.0938,28.0938,100,,official,landscape_core,true
250812,l'Espluga Calba,18,Garrigues,2024-2026,21.4475,46.832207,26.632253,4.496962,479.078595,420.179419,542.120044,121.940625,8.683839,36.568278,0.129433,false,,,,,43.352,5.4558,19.9803,2.471,,21.9029,90,derived,icgc_landcover_2024;gencat_protected_areas;icgc_coast_202602,,2026-08-21T20:11:40Z,0.2.0,,Landscape Recognition is optional and not included in the core score.,partial,21.9029,21.9029,100,,official,landscape_core,true
250827,Espot,26,Pallars Sobirà,2024-2026,97.7491,97.462785,37.369752,76.595699,2125.290267,1312.513635,2704.848047,1392.334412,28.567911,435.267247,1.801096,false,,,,,100,92.9279,100,36.2836,,88.6745,90,derived,icgc_landcover_2024;gencat_protected_areas;icgc_coast_202602,,2026-08-21T20:11:40Z,0.2.0,,Landscape Recognition is optional and not included in the core score.,partial,88.6745,88.6745,100,,official,landscape_core,true
250851,Estaràs,32,Segarra,2024-2026,21.1392,26.945463,16.290858,0,640.291933,575.44342,693.899426,118.456006,7.744498,36.27905,0.009994,false,,,,,21.0769,0,17.7018,0.0551,,11.8106,90,derived,icgc_landcover_2024;gencat_protected_areas;icgc_coast_202602,,2026-08-21T20:11:40Z,0.2.0,,Landscape Recognition is optional and not included in the core score.,partial,11.8106,11.8106,100,,official,landscape_core,true
250864,Esterri d'Àneu,26,Pallars Sobirà,2024-2026,8.334,79.601982,41.951029,22.426521,1285.807208,941.718585,1883.877783,942.159198,21.156829,336.381317,0.642826,false,,,,,80.0573,27.2084,86.5053,12.8554,,58.3768,90,derived,icgc_landcover_2024;gencat_protected_areas;icgc_coast_202602,,2026-08-21T20:11:40Z,0.2.0,,Landscape Recognition is optional and not included in the core score.,partial,58.3768,58.3768,100,,official,landscape_core,true
250870,Esterri de Cardós,26,Pallars Sobirà,2024-2026,16.3327,98.638802,60.192705,78.692677,1602.047616,1021.741345,2177.051929,1155.310583,26.181162,339.873107,0.084412,false,,,,,100,95.472,100,1.5604,,84.1021,90,derived,icgc_landcover_2024;gencat_protected_areas;icgc_coast_202602,,2026-08-21T20:11:40Z,0.2.0,,Landscape Recognition is optional and not included in the core score.,partial,84.1021,84.1021,100,,official,landscape_core,true
250886,Estamariu,04,Alt Urgell,2024-2026,20.9221,98.085703,74.140975,7.240141,1304.447679,855.237744,1882.876135,1027.638391,22.452438,297.951909,0.173273,false,,,,,100,8.7839,93.4286,3.3577,,61.0568,90,derived,icgc_landcover_2024;gencat_protected_areas;icgc_coast_202602,,2026-08-21T20:11:40Z,0.2.0,,Landscape Recognition is optional and not included in the core score.,partial,61.0568,61.0568,100,,official,landscape_core,true
250899,Farrera,26,Pallars Sobirà,2024-2026,61.8616,99.672365,65.965858,90.059762,1773.832677,1164.933337,2286.276172,1121.342834,25.163715,318.196506,0.083981,false,,,,,100,100,100,1.5517,,85.2327,90,derived,icgc_landcover_2024;gencat_protected_areas;icgc_coast_202602,,2026-08-21T20:11:40Z,0.2.0,,Landscape Recognition is optional and not included in the core score.,partial,85.2327,85.2327,100,,official,landscape_core,true
250925,la Floresta,18,Garrigues,2024-2026,5.6148,29.594588,4.580872,0,374.366212,311.642206,465.958734,154.316528,5.701366,49.160036,0.329831,false,,,,,24.0442,0,14.7815,6.5245,,13.0895,90,derived,icgc_landcover_2024;gencat_protected_areas;icgc_coast_202602,,2026-08-21T20:11:40Z,0.2.0,,Landscape Recognition is optional and not included in the core score.,partial,13.0895,13.0895,100,,official,landscape_core,true
250931,Fondarella,27,Pla d'Urgell,2024-2026,5.4392,4.415573,0.081186,0,241.539967,231.287914,274.645355,43.357441,0.98655,11.629014,0.598537,false,,,,,0,0,0.1482,11.9595,,1.831,90,derived,icgc_landcover_2024;gencat_protected_areas;icgc_coast_202602,,2026-08-21T20:11:40Z,0.2.0,,Landscape Recognition is optional and not included in the core score.,partial,1.831,1.831,100,,official,landscape_core,true
250946,Foradada,23,Noguera,2024-2026,28.907,42.764053,20.115128,50.315752,394.17393,297.538751,487.681223,190.142471,8.779141,54.914507,0.506022,false,,,,,38.7953,61.0444,23.391,10.0882,,36.2005,90,derived,icgc_landcover_2024;gencat_protected_areas;icgc_coast_202602,,2026-08-21T20:11:40Z,0.2.0,,Landscape Recognition is optional and not included in the core score.,partial,36.2005,36.2005,100,,official,landscape_core,true
250962,la Fuliola,38,Urgell,2024-2026,11.1294,3.033273,0.07086,0,261.881268,253.888226,270.335675,16.447449,0.52491,5.099,0.24463,false,,,,,0,0,0,4.8011,,0.7202,90,derived,icgc_landcover_2024;gencat_protected_areas;icgc_coast_202602,,2026-08-21T20:11:40Z,0.2.0,,Landscape Recognition is optional and not included in the core score.,partial,0.7202,0.7202,100,,official,landscape_core,true
250978,Fulleda,18,Garrigues,2024-2026,16.3323,71.460787,52.912307,9.394285,574.670105,500.78775,668.112488,167.324738,10.843864,49.862167,0.04571,false,,,,,70.9384,11.3974,26.9712,0.7775,,34.5372,90,derived,icgc_landcover_2024;gencat_protected_areas;icgc_coast_202602,,2026-08-21T20:11:40Z,0.2.0,,Landscape Recognition is optional and not included in the core score.,partial,34.5372,34.5372,100,,official,landscape_core,true
250984,Gavet de la Conca,25,Pallars Jussà,2024-2026,91.4571,64.544484,41.888676,17.942425,825.720212,432.043408,1211.271777,779.228369,13.033557,248.304317,0.159814,false,,,,,63.1914,21.7682,60.5776,3.0855,,43.1663,90,derived,icgc_landcover_2024;gencat_protected_areas;icgc_coast_202602,,2026-08-21T20:11:40Z,0.2.0,,Landscape Recognition is optional and not included in the core score.,partial,43.1663,43.1663,100,,official,landscape_core,true
250997,Golmés,27,Pla d'Urgell,2024-2026,16.7211,4.577631,0.522965,0,265.88278,251.708591,281.625221,29.91663,0.771303,9.147988,0.971251,false,,,,,0,0,0,19.4984,,2.9248,90,derived,icgc_landcover_2024;gencat_protected_areas;icgc_coast_202602,,2026-08-21T20:11:40Z,0.2.0,,Landscape Recognition is optional and not included in the core score.,partial,2.9248,2.9248,100,,official,landscape_core,true
251001,Gósol,14,Berguedà,2024-2026,56.2949,99.408596,73.498962,63.349862,1631.718487,1235.265515,2108.255249,872.989734,23.557829,273.368274,0.069145,false,,,,,100,76.8577,88.6704,1.2515,,76.5698,90,derived,icgc_landcover_2024;gencat_protected_areas;icgc_coast_202602,,2026-08-21T20:11:40Z,0.2.0,,Landscape Recognition is optional and not included in the core score.,partial,76.5698,76.5698,100,,official,landscape_core,true
251018,la Granadella,18,Garrigues,2024-2026,82.978,41.591673,21.488232,0,452.055908,346.847122,543.800568,196.953445,9.214773,58.967341,0.097413,false,,,,,37.4821,0,24.6912,1.8233,,19.565,90,derived,icgc_landcover_2024;gencat_protected_areas;icgc_coast_202602,,2026-08-21T20:11:40Z,0.2.0,,Landscape Recognition is optional and not included in the core score.,partial,19.565,19.565,100,,official,landscape_core,true
251023,la Granja d'Escarp,33,Segrià,2024-2026,38.3939,61.500245,3.199244,19.325034,213.754547,76.286896,355.60405,279.317154,11.506496,87.498725,1.646108,false,,,,,59.7816,23.4456,33.7116,33.1487,,40.1851,90,derived,icgc_landcover_2024;gencat_protected_areas;icgc_coast_202602,,2026-08-21T20:11:40Z,0.2.0,,Landscape Recognition is optional and not included in the core score.,partial,40.1851,40.1851,100,,official,landscape_core,true
251039,Granyanella,32,Segarra,2024-2026,23.9753,22.826994,8.773521,47.101923,480.977719,427.261208,534.124771,106.863564,7.384216,32.863174,0.236331,false,,,,,16.4638,57.1453,16.3472,4.6332,,24.8304,90,derived,icgc_landcover_2024;gencat_protected_areas;icgc_coast_202602,,2026-08-21T20:11:40Z,0.2.0,,Landscape Recognition is optional and not included in the core score.,partial,24.8304,24.8304,100,,official,landscape_core,true
251044,Granyena de Segarra,32,Segarra,2024-2026,16.5786,24.945441,14.014236,89.779587,541.741621,471.08468,609.81825,138.733569,7.944064,40.502025,0,false,,,,,18.8367,100,19.1014,0,,36.3682,90,derived,icgc_landcover_2024;gencat_protected_areas;icgc_coast_202602,,2026-08-21T20:11:40Z,0.2.0,,Landscape Recognition is optional and not included in the core score.,partial,36.3682,36.3682,100,,official,landscape_core,true
251057,Granyena de les Garrigues,18,Garrigues,2024-2026,20.3043,28.61444,4.770112,0,334.010734,283.372192,399.050873,115.67868,6.314731,33.852268,0.34888,false,,,,,22.9463,0,14.352,6.9097,,12.6557,90,derived,icgc_landcover_2024;gencat_protected_areas;icgc_coast_202602,,2026-08-21T20:11:40Z,0.2.0,,Landscape Recognition is optional and not included in the core score.,partial,12.6557,12.6557,100,,official,landscape_core,true
251095,Guimerà,38,Urgell,2024-2026,25.3705,25.966582,11.306465,9.377629,578.794761,508.047333,659.462866,151.415533,8.911103,46.597764,0.013738,false,,,,,19.9805,11.3772,21.8733,0.1309,,15.3254,90,derived,icgc_landcover_2024;gencat_protected_areas;icgc_coast_202602,,2026-08-21T20:11:40Z,0.2.0,,Landscape Recognition is optional and not included in the core score.,partial,15.3254,15.3254,100,,official,landscape_core,true
251109,Guissona,32,Segarra,2024-2026,18.3144,5.961766,2.947772,72.613566,505.234597,462.722708,563.174432,100.451724,3.544298,30.248822,0.159235,false,,,,,0,88.0967,7.3999,3.0738,,24.3352,90,derived,icgc_landcover_2024;gencat_protected_areas;icgc_coast_202602,,2026-08-21T20:11:40Z,0.2.0,,Landscape Recognition is optional and not included in the core score.,partial,24.3352,24.3352,100,,official,landscape_core,true
251116,Guixers,35,Solsonès,2024-2026,65.6687,94.050425,76.665577,40.132234,1179.758029,829.440918,1702.929932,873.489014,23.784234,280.984927,1.978427,false,,,,,96.2409,48.6895,89.0507,39.8705,,74.0999,90,derived,icgc_landcover_2024;gencat_protected_areas;icgc_coast_202602,,2026-08-21T20:11:40Z,0.2.0,,Landscape Recognition is optional and not included in the core score.,partial,74.0999,74.0999,100,,official,landscape_core,true
251121,Ivars de Noguera,23,Noguera,2024-2026,26.9586,70.394662,32.070069,64.659633,443.993691,300.095665,616.174698,316.079033,12.211968,92.282561,4.439082,false,,,,,69.7442,78.4467,37.023,60,,62.2779,90,derived,icgc_landcover_2024;gencat_protected_areas;icgc_coast_202602,,2026-08-21T20:11:40Z,0.2.0,,Landscape Recognition is optional and not included in the core score.,partial,62.2779,62.2779,100,,official,landscape_core,true
251137,Ivars d'Urgell,27,Pla d'Urgell,2024-2026,24.1681,4.31099,0.358559,4.19787,252.931534,230.692224,272.973914,42.281689,1.282829,13.849909,4.520225,false,,,,,0,5.093,0.0977,60,,10.2977,90,derived,icgc_landcover_2024;gencat_protected_areas;icgc_coast_202602,,2026-08-21T20:11:40Z,0.2.0,,Landscape Recognition is optional and not included in the core score.,partial,10.2977,10.2977,100,,official,landscape_core,true
251142,Ivorra,32,Segarra,2024-2026,15.3178,20.284129,10.848708,15.23962,566.589094,455.826903,653.442987,197.616084,6.699069,58.199979,0.063416,false,,,,,13.6156,18.4891,19.0573,1.1357,,14.3224,90,derived,icgc_landcover_2024;gencat_protected_areas;icgc_coast_202602,,2026-08-21T20:11:40Z,0.2.0,,Landscape Recognition is optional and not included in the core score.,partial,14.3224,14.3224,100,,official,landscape_core,true
251155,Isona i Conca Dellà,25,Pallars Jussà,2024-2026,139.2469,59.107027,34.350045,18.849445,765.156274,501.979874,1194.175476,692.195602,12.248072,217.829705,0.94508,false,,,,,57.101,22.8686,54.7302,18.9691,,42.2304,90,derived,icgc_landcover_2024;gencat_protected_areas;icgc_coast_202602,,2026-08-21T20:11:40Z,0.2.0,,Landscape Recognition is optional and not included in the core score.,partial,42.2304,42.2304,100,,official,landscape_core,true
251180,Juncosa,18,Garrigues,2024-2026,76.7109,53.147422,28.692758,0.083931,548.086962,421.260596,675.176953,253.916357,11.172543,75.460706,0.105448,false,,,,,50.4256,0.1018,31.7692,1.9859,,25.9146,90,derived,icgc_landcover_2024;gencat_protected_areas;icgc_coast_202602,,2026-08-21T20:11:40Z,0.2.0,,Landscape Recognition is optional and not included in the core score.,partial,25.9146,25.9146,100,,official,landscape_core,true
251193,Juneda,18,Garrigues,2024-2026,47.3303,15.909463,1.839631,5.248999,284.59737,225.532715,452.836304,227.303589,3.619716,68.318464,1.273542,false,,,,,8.7155,6.3682,13.5144,25.6128,,11.863,90,derived,icgc_landcover_2024;gencat_protected_areas;icgc_coast_202602,,2026-08-21T20:11:40Z,0.2.0,,Landscape Recognition is optional and not included in the core score.,partial,11.863,11.863,100,,official,landscape_core,true
251207,Lleida,33,Segrià,2024-2026,212.4196,12.766217,2.166705,7.165326,206.566395,146.242134,301.185477,154.943343,2.407344,50.278699,2.083508,false,,,,,5.1948,8.6932,7.3933,41.9959,,12.1392,90,derived,icgc_landcover_2024;gencat_protected_areas;icgc_coast_202602,,2026-08-21T20:11:40Z,0.2.0,,Landscape Recognition is optional and not included in the core score.,partial,12.1392,12.1392,100,,official,landscape_core,true
251214,Les,39,Val d'Aran,2024-2026,23.0833,97.515632,69.608231,87.821025,1323.198855,643.492554,2092.672119,1449.179565,28.900966,456.524142,0.338007,false,,,,,100,100,100,6.6898,,86.0035,90,derived,icgc_landcover_2024;gencat_protected_areas;icgc_coast_202602,,2026-08-21T20:11:40Z,0.2.0,,Landscape Recognition is optional and not included in the core score.,partial,86.0035,86.0035,100,,official,landscape_core,true
251229,Linyola,27,Pla d'Urgell,2024-2026,28.8176,2.099386,0.223344,0,226.810201,212.599472,241.167473,28.568001,0.959993,8.799693,0.717939,false,,,,,0,0,0,14.3747,,2.1562,90,derived,icgc_landcover_2024;gencat_protected_areas;icgc_coast_202602,,2026-08-21T20:11:40Z,0.2.0,,Landscape Recognition is optional and not included in the core score.,partial,2.1562,2.1562,100,,official,landscape_core,true
251235,Lladorre,26,Pallars Sobirà,2024-2026,147.8538,98.303524,29.102477,86.989968,2047.980615,1309.29024,2595.329858,1286.039618,29.477379,395.332515,1.838099,false,,,,,100,100,100,37.0321,,90.5548,90,derived,icgc_landcover_2024;gencat_protected_areas;icgc_coast_202602,,2026-08-21T20:11:40Z,0.2.0,,Landscape Recognition is optional and not included in the core score.,partial,90.5548,90.5548,100,,official,landscape_core,true
251240,Lladurs,35,Solsonès,2024-2026,127.9914,85.222628,78.394544,24.648334,840.701644,632.65918,1135.921509,503.262329,16.912246,152.831022,0.096376,false,,,,,86.3529,29.904,56.3791,1.8023,,52.0647,90,derived,icgc_landcover_2024;gencat_protected_areas;icgc_coast_202602,,2026-08-21T20:11:40Z,0.2.0,,Landscape Recognition is optional and not included in the core score.,partial,52.0647,52.0647,100,,official,landscape_core,true
251253,Llardecans,33,Segrià,2024-2026,66.2192,31.452677,12.263278,0.634993,320.928546,215.298715,423.199075,207.90036,6.667371,68.53155,0.240625,false,,,,,26.1254,0.7704,19.4679,4.7201,,14.9115,90,derived,icgc_landcover_2024;gencat_protected_areas;icgc_coast_202602,,2026-08-21T20:11:40Z,0.2.0,,Landscape Recognition is optional and not included in the core score.,partial,14.9115,14.9115,100,,official,landscape_core,true
251266,Llavorsí,26,Pallars Sobirà,2024-2026,68.4546,99.021011,79.377437,76.40868,1429.609251,884.90459,1961.775391,1076.870801,28.773672,326.333643,0.312911,false,,,,,100,92.701,98.5818,6.1822,,83.748,90,derived,icgc_landcover_2024;gencat_protected_areas;icgc_coast_202602,,2026-08-21T20:11:40Z,0.2.0,,Landscape Recognition is optional and not included in the core score.,partial,83.748,83.748,100,,official,landscape_core,true
251272,Lles de Cerdanya,15,Cerdanya,2024-2026,102.644,99.132674,55.961326,58.96517,1979.406648,1185.190387,2660.220557,1475.03017,20.213855,454.739535,0.513445,false,,,,,100,71.5381,92.1131,10.2384,,77.4486,90,derived,icgc_landcover_2024;gencat_protected_areas;icgc_coast_202602,,2026-08-21T20:11:40Z,0.2.0,,Landscape Recognition is optional and not included in the core score.,partial,77.4486,77.4486,100,,official,landscape_core,true
251288,Llimiana,25,Pallars Jussà,2024-2026,41.3226,75.985287,56.291591,49.299194,779.44767,384.975507,1478.035272,1093.059766,18.784898,323.65144,2.444228,false,,,,,76.0062,59.8111,88.2358,49.2922,,71.0077,90,derived,icgc_landcover_2024;gencat_protected_areas;icgc_coast_202602,,2026-08-21T20:11:40Z,0.2.0,,Landscape Recognition is optional and not included in the core score.,partial,71.0077,71.0077,100,,official,landscape_core,true
251291,Llobera,35,Solsonès,2024-2026,38.8808,52.613446,46.861269,0,800.542947,722.515552,864.062207,141.546655,9.738393,43.619185,0.004458,false,,,,,49.8275,0,23.2737,0,,23.2581,90,derived,icgc_landcover_2024;gencat_protected_areas;icgc_coast_202602,,2026-08-21T20:11:40Z,0.2.0,,Landscape Recognition is optional and not included in the core score.,partial,23.2581,23.2581,100,,official,landscape_core,true
251305,Maldà,38,Urgell,2024-2026,31.5338,27.978097,13.984056,0.006084,440.318215,372.726196,526.356006,153.62981,7.125582,46.609306,0.921174,false,,,,,22.2336,0.0074,17.9564,18.4855,,15.0455,90,derived,icgc_landcover_2024;gencat_protected_areas;icgc_coast_202602,,2026-08-21T20:11:40Z,0.2.0,,Landscape Recognition is optional and not included in the core score.,partial,15.0455,15.0455,100,,official,landscape_core,true
251312,Massalcoreig,33,Segrià,2024-2026,13.6672,18.155168,2.985258,9.81516,101.642345,76.556026,157.1645,80.608473,3.499495,28.792468,2.869931,false,,,,,11.231,11.908,6.3691,57.9029,,17.1856,90,derived,icgc_landcover_2024;gencat_protected_areas;icgc_coast_202602,,2026-08-21T20:11:40Z,0.2.0,,Landscape Recognition is optional and not included in the core score.,partial,17.1856,17.1856,100,,official,landscape_core,true
251327,Massoteres,32,Segarra,2024-2026,26.135,25.908235,12.984538,76.676456,500.948292,426.228662,599.196295,172.967633,6.916154,50.638615,0.133746,false,,,,,19.9151,93.0259,18.391,2.5582,,35.2083,90,derived,icgc_landcover_2024;gencat_protected_areas;icgc_coast_202602,,2026-08-21T20:11:40Z,0.2.0,,Landscape Recognition is optional and not included in the core score.,partial,35.2083,35.2083,100,,official,landscape_core,true
251333,Maials,33,Segrià,2024-2026,57.1311,37.80265,17.309204,0,324.269178,226.534655,379.757939,153.223284,7.951342,45.782732,0.051917,false,,,,,33.238,0,19.7968,0.9031,,16.718,90,derived,icgc_landcover_2024;gencat_protected_areas;icgc_coast_202602,,2026-08-21T20:11:40Z,0.2.0,,Landscape Recognition is optional and not included in the core score.,partial,16.718,16.718,100,,official,landscape_core,true
251348,Menàrguens,23,Noguera,2024-2026,20.5354,7.766123,1.187323,1.449894,224.935887,187.129459,259.828778,72.699319,2.237693,21.769321,1.08741,false,,,,,0,1.759,3.1571,21.8479,,4.5062,90,derived,icgc_landcover_2024;gencat_protected_areas;icgc_coast_202602,,2026-08-21T20:11:40Z,0.2.0,,Landscape Recognition is optional and not included in the core score.,partial,4.5062,4.5062,100,,official,landscape_core,true
251351,Miralcamp,27,Pla d'Urgell,2024-2026,14.8923,4.300908,0.03637,0.017344,271.677726,252.654074,298.425174,45.7711,1.439588,13.222589,1.012742,false,,,,,0,0.021,0.2612,20.3376,,3.1212,90,derived,icgc_landcover_2024;gencat_protected_areas;icgc_coast_202602,,2026-08-21T20:11:40Z,0.2.0,,Landscape Recognition is optional and not included in the core score.,partial,3.1212,3.1212,100,,official,landscape_core,true
251364,la Molsosa,35,Solsonès,2024-2026,26.8392,61.799718,38.607863,0.040641,682.631518,517.969727,836.687839,318.718112,12.049025,99.592055,0.031722,false,,,,,60.117,0.0493,36.7797,0.4946,,30.3224,90,derived,icgc_landcover_2024;gencat_protected_areas;icgc_coast_202602,,2026-08-21T20:11:40Z,0.2.0,,Landscape Recognition is optional and not included in the core score.,partial,30.3224,30.3224,100,,official,landscape_core,true
251370,Mollerussa,27,Pla d'Urgell,2024-2026,7.0047,8.175734,0.141884,0,252.308608,242.644133,285.823613,43.17948,0.969158,11.463112,0.957988,false,,,,,0.053,0,0.1398,19.2301,,2.938,90,derived,icgc_landcover_2024;gencat_protected_areas;icgc_coast_202602,,2026-08-21T20:11:40Z,0.2.0,,Landscape Recognition is optional and not included in the core score.,partial,2.938,2.938,100,,official,landscape_core,true
251386,Montgai,23,Noguera,2024-2026,29.13,13.816025,6.267207,40.072832,317.631339,281.065222,353.044913,71.979691,3.599277,21.86637,0.664695,false,,,,,6.3707,48.6174,6.1894,13.2977,,17.9261,90,derived,icgc_landcover_2024;gencat_protected_areas;icgc_coast_202602,,2026-08-21T20:11:40Z,0.2.0,,Landscape Recognition is optional and not included in the core score.,partial,17.9261,17.9261,100,,official,landscape_core,true
251399,Montellà i Martinet,15,Cerdanya,2024-2026,52.43,98.332997,64.698204,65.739633,1495.735152,1036.053345,2132.953125,1096.89978,25.080521,337.898757,0.169314,false,,,,,100,79.757,99.5204,3.2777,,80.311,90,derived,icgc_landcover_2024;gencat_protected_areas;icgc_coast_202602,,2026-08-21T20:11:40Z,0.2.0,,Landscape Recognition is optional and not included in the core score.,partial,80.311,80.311,100,,official,landscape_core,true
251403,Montferrer i Castellbò,04,Alt Urgell,2024-2026,176.7894,95.975501,77.540885,17.407629,1365.036948,766.998654,1909.111334,1142.11268,20.227516,353.033887,0.079944,false,,,,,98.3972,21.1194,92.1439,1.47,,62.9753,90,derived,icgc_landcover_2024;gencat_protected_areas;icgc_coast_202602,,2026-08-21T20:11:40Z,0.2.0,,Landscape Recognition is optional and not included in the core score.,partial,62.9753,62.9753,100,,official,landscape_core,true
251410,Montoliu de Segarra,32,Segarra,2024-2026,29.4469,25.574863,17.421577,7.992195,676.96238,601.862964,769.734488,167.871524,8.650126,50.321301,0.004291,false,,,,,19.5417,9.6963,22.0568,0,,14.7779,90,derived,icgc_landcover_2024;gencat_protected_areas;icgc_coast_202602,,2026-08-21T20:11:40Z,0.2.0,,Landscape Recognition is optional and not included in the core score.,partial,14.7779,14.7779,100,,official,landscape_core,true
251425,Montoliu de Lleida,33,Segrià,2024-2026,7.3496,19.838634,2.589611,0.003101,165.948237,128.18101,200.973993,72.792983,3.070552,21.84138,1.404204,false,,,,,13.1166,0.0038,5.037,28.2557,,10.0893,90,derived,icgc_landcover_2024;gencat_protected_areas;icgc_coast_202602,,2026-08-21T20:11:40Z,0.2.0,,Landscape Recognition is optional and not included in the core score.,partial,10.0893,10.0893,100,,official,landscape_core,true
251431,Montornès de Segarra,32,Segarra,2024-2026,12.1342,33.443077,18.53006,90.148117,547.728859,462.56273,621.740131,159.1774,10.885155,48.665781,0.007265,false,,,,,28.3549,100,26.6822,0,,41.5948,90,derived,icgc_landcover_2024;gencat_protected_areas;icgc_coast_202602,,2026-08-21T20:11:40Z,0.2.0,,Landscape Recognition is optional and not included in the core score.,partial,41.5948,41.5948,100,,official,landscape_core,true
251459,Nalec,38,Urgell,2024-2026,9.6662,33.032277,7.088072,0,521.705778,439.736005,616.762964,177.026959,8.254867,54.651771,0,false,,,,,27.8947,0,21.5958,0,,15.1621,90,derived,icgc_landcover_2024;gencat_protected_areas;icgc_coast_202602,,2026-08-21T20:11:40Z,0.2.0,,Landscape Recognition is optional and not included in the core score.,partial,15.1621,15.1621,100,,official,landscape_core,true
251462,Navès,35,Solsonès,2024-2026,145.401,83.646395,74.674143,54.04258,860.466986,561.081177,1266.994629,705.913452,17.559513,223.172991,1.019836,false,,,,,84.5874,65.5659,67.3336,20.4811,,65.9026,90,derived,icgc_landcover_2024;gencat_protected_areas;icgc_coast_202602,,2026-08-21T20:11:40Z,0.2.0,,Landscape Recognition is optional and not included in the core score.,partial,65.9026,65.9026,100,,official,landscape_core,true
251484,Odèn,35,Solsonès,2024-2026,114.4205,93.699798,66.835973,47.27248,1180.143636,713.150342,1897.057324,1183.906982,22.795992,359.615975,0.020451,false,,,,,95.8482,57.3522,97.9276,0.2666,,72.4068,90,derived,icgc_landcover_2024;gencat_protected_areas;icgc_coast_202602,,2026-08-21T20:11:40Z,0.2.0,,Landscape Recognition is optional and not included in the core score.,partial,72.4068,72.4068,100,,official,landscape_core,true
251497,Oliana,04,Alt Urgell,2024-2026,32.0564,78.059902,59.167022,39.085533,700.535697,437.070316,1227.760736,790.690421,18.153952,246.27941,4.359369,false,,,,,78.33,47.4196,72.645,60,,66.4317,90,derived,icgc_landcover_2024;gencat_protected_areas;icgc_coast_202602,,2026-08-21T20:11:40Z,0.2.0,,Landscape Recognition is optional and not included in the core score.,partial,66.4317,66.4317,100,,official,landscape_core,true
251500,Oliola,23,Noguera,2024-2026,86.1199,40.50352,25.400469,45.932266,442.844224,365.420801,539.564148,174.143347,7.045666,54.496595,0.351741,false,,,,,36.2632,55.7262,18.7377,6.9676,,32.3533,90,derived,icgc_landcover_2024;gencat_protected_areas;icgc_coast_202602,,2026-08-21T20:11:40Z,0.2.0,,Landscape Recognition is optional and not included in the core score.,partial,32.3533,32.3533,100,,official,landscape_core,true
251517,Olius,35,Solsonès,2024-2026,54.4018,60.714073,52.117993,7.228493,715.733913,576.156955,893.944531,317.787576,10.695133,98.128997,0.419653,false,,,,,58.901,8.7698,33.6874,8.3413,,32.4808,90,derived,icgc_landcover_2024;gencat_protected_areas;icgc_coast_202602,,2026-08-21T20:11:40Z,0.2.0,,Landscape Recognition is optional and not included in the core score.,partial,32.4808,32.4808,100,,official,landscape_core,true
251522,les Oluges,32,Segarra,2024-2026,19.0845,20.024928,9.736586,0,571.601023,513.672729,631.313416,117.640686,7.751362,35.306416,0,false,,,,,13.3253,0,17.679,0,,9.0836,90,derived,icgc_landcover_2024;gencat_protected_areas;icgc_coast_202602,,2026-08-21T20:11:40Z,0.2.0,,Landscape Recognition is optional and not included in the core score.,partial,9.0836,9.0836,100,,official,landscape_core,true
251538,els Omellons,18,Garrigues,2024-2026,11.0126,33.449426,14.764283,0.006186,407.986048,360.550208,461.58084,101.030632,7.611179,30.104926,0.428867,false,,,,,28.362,0.0075,16.5849,8.5276,,15.354,90,derived,icgc_landcover_2024;gencat_protected_areas;icgc_coast_202602,,2026-08-21T20:11:40Z,0.2.0,,Landscape Recognition is optional and not included in the core score.,partial,15.354,15.354,100,,official,landscape_core,true
251543,els Omells de na Gaia,38,Urgell,2024-2026,13.0077,58.005426,38.203742,0,597.312974,509.682709,703.092035,193.409326,12.01711,55.239984,0.015019,false,,,,,55.8671,0,30.8355,0.1568,,27.2859,90,derived,icgc_landcover_2024;gencat_protected_areas;icgc_coast_202602,,2026-08-21T20:11:40Z,0.2.0,,Landscape Recognition is optional and not included in the core score.,partial,27.2859,27.2859,100,,official,landscape_core,true
251556,Organyà,04,Alt Urgell,2024-2026,12.6715,63.94416,30.471382,0.312323,746.881483,526.908221,1279.131952,752.22373,18.798349,239.736247,0.746917,false,,,,,62.519,0.3789,72.2935,14.9608,,42.2939,90,derived,icgc_landcover_2024;gencat_protected_areas;icgc_coast_202602,,2026-08-21T20:11:40Z,0.2.0,,Landscape Recognition is optional and not included in the core score.,partial,42.2939,42.2939,100,,official,landscape_core,true
251569,Os de Balaguer,23,Noguera,2024-2026,136.0031,75.996039,33.623612,36.035739,574.794687,302.278801,867.59072,565.311919,13.901521,166.850742,4.39348,false,,,,,76.0183,43.7195,52.5074,60,,59.6631,90,derived,icgc_landcover_2024;gencat_protected_areas;icgc_coast_202602,,2026-08-21T20:11:40Z,0.2.0,,Landscape Recognition is optional and not included in the core score.,partial,59.6631,59.6631,100,,official,landscape_core,true
251575,Ossó de Sió,38,Urgell,2024-2026,26.0407,9.252452,2.168188,83.985338,372.658122,347.627391,399.130569,51.503178,2.764836,15.356005,0.020759,false,,,,,1.2591,100,3.3508,0.2729,,26.3193,90,derived,icgc_landcover_2024;gencat_protected_areas;icgc_coast_202602,,2026-08-21T20:11:40Z,0.2.0,,Landscape Recognition is optional and not included in the core score.,partial,26.3193,26.3193,100,,official,landscape_core,true
251581,el Palau d'Anglesola,27,Pla d'Urgell,2024-2026,12.3434,4.392815,0.067334,0,227.389235,217.55462,239.051472,21.496852,0.517055,6.445257,1.191495,false,,,,,0,0,0,23.9533,,3.593,90,derived,icgc_landcover_2024;gencat_protected_areas;icgc_coast_202602,,2026-08-21T20:11:40Z,0.2.0,,Landscape Recognition is optional and not included in the core score.,partial,3.593,3.593,100,,official,landscape_core,true
251615,Conca de Dalt,25,Pallars Jussà,2024-2026,165.5683,88.21825,51.074335,49.709938,1075.956305,564.377185,1724.040991,1159.663806,20.84378,355.081669,1.404238,false,,,,,89.7083,60.3094,93.5316,28.2564,,74.0966,90,derived,icgc_landcover_2024;gencat_protected_areas;icgc_coast_202602,,2026-08-21T20:11:40Z,0.2.0,,Landscape Recognition is optional and not included in the core score.,partial,74.0966,74.0966,100,,official,landscape_core,true
251636,la Coma i la Pedra,35,Solsonès,2024-2026,60.7274,96.272319,68.930299,10.538914,1593.174946,989.318097,2202.128979,1212.810883,23.19754,391.097226,0.036488,false,,,,,98.7296,12.7861,98.8318,0.591,,62.5485,90,derived,icgc_landcover_2024;gencat_protected_areas;icgc_coast_202602,,2026-08-21T20:11:40Z,0.2.0,,Landscape Recognition is optional and not included in the core score.,partial,62.5485,62.5485,100,,official,landscape_core,true
251641,Penelles,23,Noguera,2024-2026,25.4599,3.059964,0.875484,2.546432,250.440868,232.703522,299.119702,66.41618,1.017857,21.704448,1.331354,false,,,,,0,3.0894,1.2288,26.7821,,5.0969,90,derived,icgc_landcover_2024;gencat_protected_areas;icgc_coast_202602,,2026-08-21T20:11:40Z,0.2.0,,Landscape Recognition is optional and not included in the core score.,partial,5.0969,5.0969,100,,official,landscape_core,true
251654,Peramola,04,Alt Urgell,2024-2026,55.9122,81.674616,57.929236,58.252661,840.49125,463.947296,1446.162903,982.215607,20.285305,284.392114,2.24007,false,,,,,82.3788,70.6736,86.42,45.1627,,74.8804,90,derived,icgc_landcover_2024;gencat_protected_areas;icgc_coast_202602,,2026-08-21T20:11:40Z,0.2.0,,Landscape Recognition is optional and not included in the core score.,partial,74.8804,74.8804,100,,official,landscape_core,true
251667,Pinell de Solsonès,35,Solsonès,2024-2026,90.5631,67.504897,62.602535,26.464144,661.710878,513.318106,830.606531,317.288425,10.589952,93.329768,0.016362,false,,,,,66.5074,32.107,33.4271,0.1839,,39.6887,90,derived,icgc_landcover_2024;gencat_protected_areas;icgc_coast_202602,,2026-08-21T20:11:40Z,0.2.0,,Landscape Recognition is optional and not included in the core score.,partial,39.6887,39.6887,100,,official,landscape_core,true
251673,Pinós,35,Solsonès,2024-2026,104.3351,64.624621,37.208657,0,690.589313,559.174396,829.448322,270.273926,11.649394,84.939407,0.04697,false,,,,,63.2812,0,33.6095,0.803,,30.6713,90,derived,icgc_landcover_2024;gencat_protected_areas;icgc_coast_202602,,2026-08-21T20:11:40Z,0.2.0,,Landscape Recognition is optional and not included in the core score.,partial,30.6713,30.6713,100,,official,landscape_core,true
251689,el Poal,27,Pla d'Urgell,2024-2026,8.858,1.661727,0.29934,0,218.962234,209.575418,229.111118,19.5357,0.649917,6.448069,1.02033,false,,,,,0,0,0,20.4911,,3.0737,90,derived,icgc_landcover_2024;gencat_protected_areas;icgc_coast_202602,,2026-08-21T20:11:40Z,0.2.0,,Landscape Recognition is optional and not included in the core score.,partial,3.0737,3.0737,100,,official,landscape_core,true
251692,la Pobla de Cérvoles,18,Garrigues,2024-2026,61.985,66.542175,41.6797,13.317125,613.386925,455.65654,795.995856,340.339316,13.193104,102.553941,0.229849,false,,,,,65.429,16.1567,40.3692,4.5021,,37.7069,90,derived,icgc_landcover_2024;gencat_protected_areas;icgc_coast_202602,,2026-08-21T20:11:40Z,0.2.0,,Landscape Recognition is optional and not included in the core score.,partial,37.7069,37.7069,100,,official,landscape_core,true
251706,Bellaguarda,18,Garrigues,2024-2026,20.3773,50.091475,21.292061,0,580.476326,466.085979,667.435501,201.349522,11.045785,58.855904,0.248703,false,,,,,47.0027,0,29.0204,4.8835,,24.4386,90,derived,icgc_landcover_2024;gencat_protected_areas;icgc_coast_202602,,2026-08-21T20:11:40Z,0.2.0,,Landscape Recognition is optional and not included in the core score.,partial,24.4386,24.4386,100,,official,landscape_core,true
251713,la Pobla de Segur,25,Pallars Jussà,2024-2026,33.366,85.478043,46.841953,53.271597,813.489588,511.086044,1258.603455,747.51741,20.56966,235.235212,2.561328,false,,,,,86.639,64.6305,76.0616,51.6608,,73.2458,90,derived,icgc_landcover_2024;gencat_protected_areas;icgc_coast_202602,,2026-08-21T20:11:40Z,0.2.0,,Landscape Recognition is optional and not included in the core score.,partial,73.2458,73.2458,100,,official,landscape_core,true
251728,Ponts,23,Noguera,2024-2026,31.2767,54.293529,37.483468,1.786608,420.426234,336.729543,603.146423,266.416881,11.346878,74.436393,1.597463,false,,,,,51.7094,2.1676,32.7476,32.1647,,31.6518,90,derived,icgc_landcover_2024;gencat_protected_areas;icgc_coast_202602,,2026-08-21T20:11:40Z,0.2.0,,Landscape Recognition is optional and not included in the core score.,partial,31.6518,31.6518,100,,official,landscape_core,true
251734,el Pont de Suert,05,Alta Ribagorça,2024-2026,148.4836,96.187849,46.688398,15.742035,1329.184012,903.314514,1961.964264,1058.64975,22.186049,308.45177,0.955635,false,,,,,98.635,19.0986,94.282,19.1825,,65.7448,90,derived,icgc_landcover_2024;gencat_protected_areas;icgc_coast_202602,,2026-08-21T20:11:40Z,0.2.0,,Landscape Recognition is optional and not included in the core score.,partial,65.7448,65.7448,100,,official,landscape_core,true
251749,la Portella,33,Segrià,2024-2026,12.2373,17.347664,5.629373,1.985084,237.22663,207.382805,268.862701,61.479897,3.566577,18.440169,1.866923,false,,,,,10.3265,2.4084,5.6237,37.6151,,11.2646,90,derived,icgc_landcover_2024;gencat_protected_areas;icgc_coast_202602,,2026-08-21T20:11:40Z,0.2.0,,Landscape Recognition is optional and not included in the core score.,partial,11.2646,11.2646,100,,official,landscape_core,true
251752,Prats i Sansor,15,Cerdanya,2024-2026,6.7162,49.927571,19.672566,1.680676,1119.896976,1033.837299,1258.373163,224.535864,6.985417,66.303065,0.533918,false,,,,,46.8191,2.039,20.9637,10.6525,,23.7352,90,derived,icgc_landcover_2024;gencat_protected_areas;icgc_coast_202602,,2026-08-21T20:11:40Z,0.2.0,,Landscape Recognition is optional and not included in the core score.,partial,23.7352,23.7352,100,,official,landscape_core,true
251765,Preixana,38,Urgell,2024-2026,21.3445,3.977397,0.073761,80.741251,326.806903,302.151199,362.834549,60.68335,2.062916,17.643892,0.968299,false,,,,,0,97.9574,2.2005,19.4387,,27.9553,90,derived,icgc_landcover_2024;gencat_protected_areas;icgc_coast_202602,,2026-08-21T20:11:40Z,0.2.0,,Landscape Recognition is optional and not included in the core score.,partial,27.9553,27.9553,100,,official,landscape_core,true
251771,Preixens,23,Noguera,2024-2026,28.7529,10.665876,5.30401,18.310063,335.815771,302.173926,381.831195,79.657269,3.151731,22.901181,0.835685,false,,,,,2.8422,22.2142,5.5414,16.7563,,10.4471,90,derived,icgc_landcover_2024;gencat_protected_areas;icgc_coast_202602,,2026-08-21T20:11:40Z,0.2.0,,Landscape Recognition is optional and not included in the core score.,partial,10.4471,10.4471,100,,official,landscape_core,true
251790,Prullans,15,Cerdanya,2024-2026,21.136,92.904921,37.022041,1.290472,1354.863537,994.740125,1986.178149,991.438025,19.462771,286.264083,0.225557,false,,,,,94.9578,1.5656,84.9999,4.4153,,55.5389,90,derived,icgc_landcover_2024;gencat_protected_areas;icgc_coast_202602,,2026-08-21T20:11:40Z,0.2.0,,Landscape Recognition is optional and not included in the core score.,partial,55.5389,55.5389,100,,official,landscape_core,true
251804,Puiggròs,18,Garrigues,2024-2026,9.8294,6.654259,0.149195,0,280.000031,255.117043,312.667488,57.550446,3.275953,17.325977,0.861823,false,,,,,0,0,4.7851,17.285,,3.789,90,derived,icgc_landcover_2024;gencat_protected_areas;icgc_coast_202602,,2026-08-21T20:11:40Z,0.2.0,,Landscape Recognition is optional and not included in the core score.,partial,3.789,3.789,100,,official,landscape_core,true
251811,Puigverd d'Agramunt,38,Urgell,2024-2026,21.2221,9.065526,2.98833,25.822057,343.385931,281.116357,404.755618,123.639261,2.648721,38.043143,0.347064,false,,,,,1.0497,31.328,6.4699,6.873,,10.8478,90,derived,icgc_landcover_2024;gencat_protected_areas;icgc_coast_202602,,2026-08-21T20:11:40Z,0.2.0,,Landscape Recognition is optional and not included in the core score.,partial,10.8478,10.8478,100,,official,landscape_core,true
251826,Puigverd de Lleida,33,Segrià,2024-2026,12.4306,11.523127,1.53789,6.849328,220.071652,199.300725,259.466888,60.166164,2.715209,19.002089,2.153879,false,,,,,3.8024,8.3098,3.645,43.4193,,10.8324,90,derived,icgc_landcover_2024;gencat_protected_areas;icgc_coast_202602,,2026-08-21T20:11:40Z,0.2.0,,Landscape Recognition is optional and not included in the core score.,partial,10.8324,10.8324,100,,official,landscape_core,true
251832,Rialp,26,Pallars Sobirà,2024-2026,63.2686,95.998993,68.869035,65.504921,1486.968432,823.47052,2160.634229,1337.163708,25.797708,403.213401,0.368349,false,,,,,98.4235,79.4723,100,7.3036,,80.4118,90,derived,icgc_landcover_2024;gencat_protected_areas;icgc_coast_202602,,2026-08-21T20:11:40Z,0.2.0,,Landscape Recognition is optional and not included in the core score.,partial,80.4118,80.4118,100,,official,landscape_core,true
251850,Ribera d'Urgellet,04,Alt Urgell,2024-2026,107.3746,89.846387,71.744336,7.473073,992.799652,637.822827,1365.963281,728.140454,20.339979,231.215244,0.431442,false,,,,,91.532,9.0665,74.6363,8.5797,,54.2489,90,derived,icgc_landcover_2024;gencat_protected_areas;icgc_coast_202602,,2026-08-21T20:11:40Z,0.2.0,,Landscape Recognition is optional and not included in the core score.,partial,54.2489,54.2489,100,,official,landscape_core,true
251863,Riner,35,Solsonès,2024-2026,47.5771,58.179723,38.939565,4.975869,713.074444,564.60979,820.402563,255.792773,10.088961,79.366815,0.085811,false,,,,,56.0623,6.0369,29.4171,1.5887,,28.7236,90,derived,icgc_landcover_2024;gencat_protected_areas;icgc_coast_202602,,2026-08-21T20:11:40Z,0.2.0,,Landscape Recognition is optional and not included in the core score.,partial,28.7236,28.7236,100,,official,landscape_core,true
251898,Rosselló,33,Segrià,2024-2026,9.9613,16.435896,3.854717,0,271.549516,224.727744,358.335663,133.607919,3.862354,41.194794,2.245641,false,,,,,9.3052,0,9.6699,45.2754,,12.4656,90,derived,icgc_landcover_2024;gencat_protected_areas;icgc_coast_202602,,2026-08-21T20:11:40Z,0.2.0,,Landscape Recognition is optional and not included in the core score.,partial,12.4656,12.4656,100,,official,landscape_core,true
251902,Salàs de Pallars,25,Pallars Jussà,2024-2026,21.1577,58.995882,42.322087,20.896638,711.473449,501.200012,1222.710468,721.510455,12.382768,215.23367,13.660652,false,,,,,56.9765,25.3523,56.4074,60,,49.3817,90,derived,icgc_landcover_2024;gencat_protected_areas;icgc_coast_202602,,2026-08-21T20:11:40Z,0.2.0,,Landscape Recognition is optional and not included in the core score.,partial,49.3817,49.3817,100,,official,landscape_core,true
251919,Sanaüja,32,Segarra,2024-2026,32.9353,53.093516,34.347634,31.18928,459.204279,390.535098,563.747583,173.212485,9.415644,52.533277,0.016276,false,,,,,50.3652,37.8396,24.031,0.1822,,33.1228,90,derived,icgc_landcover_2024;gencat_protected_areas;icgc_coast_202602,,2026-08-21T20:11:40Z,0.2.0,,Landscape Recognition is optional and not included in the core score.,partial,33.1228,33.1228,100,,official,landscape_core,true
251924,Sant Guim de Freixenet,32,Segarra,2024-2026,25.1481,26.932854,20.937989,0,691.714729,631.150671,755.283276,124.132605,7.87814,38.268359,0.073056,false,,,,,21.0628,0,18.2687,1.3307,,12.1388,90,derived,icgc_landcover_2024;gencat_protected_areas;icgc_coast_202602,,2026-08-21T20:11:40Z,0.2.0,,Landscape Recognition is optional and not included in the core score.,partial,12.1388,12.1388,100,,official,landscape_core,true
251930,Sant Llorenç de Morunys,35,Solsonès,2024-2026,4.5941,62.598366,45.862227,25.31038,955.973165,841.174646,1124.109351,282.934705,16.910627,84.984541,1.099781,false,,,,,61.0116,30.7072,46.0503,22.0982,,43.8582,90,derived,icgc_landcover_2024;gencat_protected_areas;icgc_coast_202602,,2026-08-21T20:11:40Z,0.2.0,,Landscape Recognition is optional and not included in the core score.,partial,43.8582,43.8582,100,,official,landscape_core,true
251945,Sant Ramon,32,Segarra,2024-2026,18.8603,16.587086,7.360405,0.059429,624.29699,568.113837,670.541272,102.427435,6.579268,32.152428,0.03346,false,,,,,9.4745,0.0721,14.3267,0.5297,,6.9952,90,derived,icgc_landcover_2024;gencat_protected_areas;icgc_coast_202602,,2026-08-21T20:11:40Z,0.2.0,,Landscape Recognition is optional and not included in the core score.,partial,6.9952,6.9952,100,,official,landscape_core,true
251961,Sant Esteve de la Sarga,25,Pallars Jussà,2024-2026,92.8936,89.549206,51.732599,80.592335,956.650829,578.702661,1507.275702,928.573041,18.807924,269.993925,0.707928,false,,,,,91.1991,97.7767,80.5793,14.1722,,78.6345,90,derived,icgc_landcover_2024;gencat_protected_areas;icgc_coast_202602,,2026-08-21T20:11:40Z,0.2.0,,Landscape Recognition is optional and not included in the core score.,partial,78.6345,78.6345,100,,official,landscape_core,true
251977,Sant Guim de la Plana,32,Segarra,2024-2026,12.3157,14.74029,6.766179,66.465492,579.999132,527.060828,630.933679,103.872852,6.217202,31.909081,0.006491,false,,,,,7.406,80.6377,13.5792,0,,26.1463,90,derived,icgc_landcover_2024;gencat_protected_areas;icgc_coast_202602,,2026-08-21T20:11:40Z,0.2.0,,Landscape Recognition is optional and not included in the core score.,partial,26.1463,26.1463,100,,official,landscape_core,true
252000,Sarroca de Lleida,33,Segrià,2024-2026,41.6968,18.654469,0.599499,42.095849,220.202369,163.220083,297.615309,134.395226,4.622364,40.044178,0.54596,false,,,,,11.7902,51.0718,11.4182,10.8961,,21.3835,90,derived,icgc_landcover_2024;gencat_protected_areas;icgc_coast_202602,,2026-08-21T20:11:40Z,0.2.0,,Landscape Recognition is optional and not included in the core score.,partial,21.3835,21.3835,100,,official,landscape_core,true
252017,Sarroca de Bellera,25,Pallars Jussà,2024-2026,87.5239,99.556887,38.396506,0.038607,1599.696866,980.994348,2484.640186,1503.645837,24.733918,473.563119,0.70225,false,,,,,100,0.0468,100,14.0573,,62.1203,90,derived,icgc_landcover_2024;gencat_protected_areas;icgc_coast_202602,,2026-08-21T20:11:40Z,0.2.0,,Landscape Recognition is optional and not included in the core score.,partial,62.1203,62.1203,100,,official,landscape_core,true
252022,Senterada,25,Pallars Jussà,2024-2026,34.4668,96.279774,65.143791,0.245735,1092.73687,738.550854,1500.854486,762.303632,21.233121,235.36569,0.303123,false,,,,,98.738,0.2981,78.2485,5.9842,,55.0926,90,derived,icgc_landcover_2024;gencat_protected_areas;icgc_coast_202602,,2026-08-21T20:11:40Z,0.2.0,,Landscape Recognition is optional and not included in the core score.,partial,55.0926,55.0926,100,,official,landscape_core,true
252038,la Seu d'Urgell,04,Alt Urgell,2024-2026,15.544,52.355708,34.789676,0,750.500754,674.731494,911.734338,237.002844,10.199535,76.962689,1.389097,false,,,,,49.5388,0,28.7855,27.9501,,28.7275,90,derived,icgc_landcover_2024;gencat_protected_areas;icgc_coast_202602,,2026-08-21T20:11:40Z,0.2.0,,Landscape Recognition is optional and not included in the core score.,partial,28.7275,28.7275,100,,official,landscape_core,true
252043,Seròs,33,Segrià,2024-2026,85.9638,29.615383,5.217136,31.977284,218.885716,88.811134,343.422906,254.611772,6.121619,78.328948,0.881747,false,,,,,24.0675,38.7957,20.428,17.688,,25.8827,90,derived,icgc_landcover_2024;gencat_protected_areas;icgc_coast_202602,,2026-08-21T20:11:40Z,0.2.0,,Landscape Recognition is optional and not included in the core score.,partial,25.8827,25.8827,100,,official,landscape_core,true
252056,Sidamon,27,Pla d'Urgell,2024-2026,8.1178,9.913236,0.198715,0,232.01953,210.010297,274.778833,64.768536,2.043536,18.016626,2.259129,false,,,,,1.9992,0,2.3483,45.5482,,8.119,90,derived,icgc_landcover_2024;gencat_protected_areas;icgc_coast_202602,,2026-08-21T20:11:40Z,0.2.0,,Landscape Recognition is optional and not included in the core score.,partial,8.119,8.119,100,,official,landscape_core,true
252069,el Soleràs,18,Garrigues,2024-2026,12.6153,32.501159,7.129358,0,416.822826,358.497437,484.041382,125.543945,7.693788,38.220794,0.525133,false,,,,,27.2998,0,17.9197,10.4748,,15.6061,90,derived,icgc_landcover_2024;gencat_protected_areas;icgc_coast_202602,,2026-08-21T20:11:40Z,0.2.0,,Landscape Recognition is optional and not included in the core score.,partial,15.6061,15.6061,100,,official,landscape_core,true
252075,Solsona,35,Solsonès,2024-2026,17.7015,28.731172,17.715913,0,700.374977,649.179184,802.13295,152.953766,8.577387,44.631113,0.144364,false,,,,,23.0771,0,21.194,2.773,,13.7914,90,derived,icgc_landcover_2024;gencat_protected_areas;icgc_coast_202602,,2026-08-21T20:11:40Z,0.2.0,,Landscape Recognition is optional and not included in the core score.,partial,13.7914,13.7914,100,,official,landscape_core,true
252081,Soriguera,26,Pallars Sobirà,2024-2026,106.9154,97.329469,68.934997,79.288543,1453.576964,747.947455,2173.888403,1425.940948,22.345633,436.28459,0.24608,false,,,,,99.9138,96.1949,96.9134,4.8304,,83.9715,90,derived,icgc_landcover_2024;gencat_protected_areas;icgc_coast_202602,,2026-08-21T20:11:40Z,0.2.0,,Landscape Recognition is optional and not included in the core score.,partial,83.9715,83.9715,100,,official,landscape_core,true
252094,Sort,26,Pallars Sobirà,2024-2026,104.5009,95.979193,23.946249,53.778954,1599.389008,778.168222,2505.452722,1727.2845,23.02038,523.859472,0.756205,false,,,,,98.4013,65.246,98.4329,15.1487,,77.6325,90,derived,icgc_landcover_2024;gencat_protected_areas;icgc_coast_202602,,2026-08-21T20:11:40Z,0.2.0,,Landscape Recognition is optional and not included in the core score.,partial,77.6325,77.6325,100,,official,landscape_core,true
252108,Soses,33,Segrià,2024-2026,30.0539,16.295567,1.055553,1.989617,154.093343,106.042445,223.936224,117.893779,3.118851,36.163241,1.431461,false,,,,,9.148,2.4139,7.2592,28.807,,9.9411,90,derived,icgc_landcover_2024;gencat_protected_areas;icgc_coast_202602,,2026-08-21T20:11:40Z,0.2.0,,Landscape Recognition is optional and not included in the core score.,partial,9.9411,9.9411,100,,official,landscape_core,true
252115,Sudanell,33,Segrià,2024-2026,8.177,13.488852,2.008068,0,143.043551,122.452954,166.665817,44.212863,2.33318,15.183275,1.971933,false,,,,,6.0042,0,2.0371,39.7391,,8.5716,90,derived,icgc_landcover_2024;gencat_protected_areas;icgc_coast_202602,,2026-08-21T20:11:40Z,0.2.0,,Landscape Recognition is optional and not included in the core score.,partial,8.5716,8.5716,100,,official,landscape_core,true
252120,Sunyer,33,Segrià,2024-2026,12.4908,12.096722,0.108228,0.042479,187.999774,161.803845,224.19133,62.387485,3.29722,19.182697,0.129581,false,,,,,4.4449,0.0515,5.0597,2.474,,3.2046,90,derived,icgc_landcover_2024;gencat_protected_areas;icgc_coast_202602,,2026-08-21T20:11:40Z,0.2.0,,Landscape Recognition is optional and not included in the core score.,partial,3.2046,3.2046,100,,official,landscape_core,true
252154,Talarn,25,Pallars Jussà,2024-2026,27.8209,50.869928,25.971227,1.411633,554.558373,420.553259,777.282516,356.729257,9.361219,110.318476,6.286416,false,,,,,47.8746,1.7126,32.5085,60,,34.3114,90,derived,icgc_landcover_2024;gencat_protected_areas;icgc_coast_202602,,2026-08-21T20:11:40Z,0.2.0,,Landscape Recognition is optional and not included in the core score.,partial,34.3114,34.3114,100,,official,landscape_core,true
252167,Talavera,32,Segarra,2024-2026,30.6059,18.639944,14.326377,0,706.952535,613.867773,793.794897,179.927124,7.608329,57.110777,0.005406,false,,,,,11.7739,0,20.2758,0,,9.1898,90,derived,icgc_landcover_2024;gencat_protected_areas;icgc_coast_202602,,2026-08-21T20:11:40Z,0.2.0,,Landscape Recognition is optional and not included in the core score.,partial,9.1898,9.1898,100,,official,landscape_core,true
252173,Tàrrega,38,Urgell,2024-2026,87.9464,9.044774,1.707412,40.988618,378.674933,309.506424,454.582275,145.075851,3.425738,43.312002,0.806425,false,,,,,1.0264,49.7285,9.2241,16.1645,,17.5221,90,derived,icgc_landcover_2024;gencat_protected_areas;icgc_coast_202602,,2026-08-21T20:11:40Z,0.2.0,,Landscape Recognition is optional and not included in the core score.,partial,17.5221,17.5221,100,,official,landscape_core,true
252189,Tarrés,18,Garrigues,2024-2026,13.0815,68.95944,52.046644,28.642684,586.039966,529.693161,648.085617,118.392456,8.715141,35.544636,0.044056,false,,,,,68.1366,34.75,19.8845,0.7441,,37.618,90,derived,icgc_landcover_2024;gencat_protected_areas;icgc_coast_202602,,2026-08-21T20:11:40Z,0.2.0,,Landscape Recognition is optional and not included in the core score.,partial,37.618,37.618,100,,official,landscape_core,true
252192,Tarroja de Segarra,32,Segarra,2024-2026,7.9022,8.806481,4.348198,3.082116,482.937205,449.932318,515.502869,65.570551,4.00413,20.523478,0.013431,false,,,,,0.7595,3.7393,6.8007,0.1246,,2.9195,90,derived,icgc_landcover_2024;gencat_protected_areas;icgc_coast_202602,,2026-08-21T20:11:40Z,0.2.0,,Landscape Recognition is optional and not included in the core score.,partial,2.9195,2.9195,100,,official,landscape_core,true
252206,Térmens,23,Noguera,2024-2026,27.5768,4.857775,1.318948,1.189026,206.404318,187.485745,225.236877,37.751131,1.359073,11.754568,1.760616,false,,,,,0,1.4426,0,35.4648,,5.6804,90,derived,icgc_landcover_2024;gencat_protected_areas;icgc_coast_202602,,2026-08-21T20:11:40Z,0.2.0,,Landscape Recognition is optional and not included in the core score.,partial,5.6804,5.6804,100,,official,landscape_core,true
252213,Tírvia,26,Pallars Sobirà,2024-2026,8.5892,92.757271,69.45431,6.040856,1065.874498,837.002167,1377.496277,540.49411,28.945592,176.515682,0.996283,false,,,,,94.7925,7.3289,73.4455,20.0047,,56.3717,90,derived,icgc_landcover_2024;gencat_protected_areas;icgc_coast_202602,,2026-08-21T20:11:40Z,0.2.0,,Landscape Recognition is optional and not included in the core score.,partial,56.3717,56.3717,100,,official,landscape_core,true
252228,Tiurana,23,Noguera,2024-2026,15.613,59.28685,46.464382,0.130815,524.347839,430.100006,653.57063,223.470624,12.281171,82.905047,23.42529,false,,,,,57.3024,0.1587,32.8389,60,,37.3052,90,derived,icgc_landcover_2024;gencat_protected_areas;icgc_coast_202602,,2026-08-21T20:11:40Z,0.2.0,,Landscape Recognition is optional and not included in the core score.,partial,37.3052,37.3052,100,,official,landscape_core,true
252234,Torà,35,Solsonès,2024-2026,93.338,61.735421,45.496755,6.077141,600.524082,444.938274,785.132993,340.194719,10.679811,98.821079,0.020792,false,,,,,60.045,7.3729,34.7029,0.2735,,31.5757,90,derived,icgc_landcover_2024;gencat_protected_areas;icgc_coast_202602,,2026-08-21T20:11:40Z,0.2.0,,Landscape Recognition is optional and not included in the core score.,partial,31.5757,31.5757,100,,official,landscape_core,true
252249,els Torms,18,Garrigues,2024-2026,13.5075,49.033069,27.455168,0,485.724335,413.844543,548.504929,134.660385,11.314933,40.149236,0.140539,false,,,,,45.8172,0,26.5011,2.6956,,23.0657,90,derived,icgc_landcover_2024;gencat_protected_areas;icgc_coast_202602,,2026-08-21T20:11:40Z,0.2.0,,Landscape Recognition is optional and not included in the core score.,partial,23.0657,23.0657,100,,official,landscape_core,true
252252,Tornabous,38,Urgell,2024-2026,20.0979,4.95668,0.271055,17.922261,298.391993,271.956906,342.541412,70.584506,1.675994,23.754073,0.965094,false,,,,,0,21.7437,1.7931,19.3739,,8.7903,90,derived,icgc_landcover_2024;gencat_protected_areas;icgc_coast_202602,,2026-08-21T20:11:40Z,0.2.0,,Landscape Recognition is optional and not included in the core score.,partial,8.7903,8.7903,100,,official,landscape_core,true
252265,Torrebesses,33,Segrià,2024-2026,27.7903,41.124873,7.163421,0,305.016226,238.814303,383.992664,145.178361,7.120043,43.376884,0.205601,false,,,,,36.9592,0,17.5479,4.0117,,17.9244,90,derived,icgc_landcover_2024;gencat_protected_areas;icgc_coast_202602,,2026-08-21T20:11:40Z,0.2.0,,Landscape Recognition is optional and not included in the core score.,partial,17.9244,17.9244,100,,official,landscape_core,true
252271,la Torre de Cabdella,25,Pallars Jussà,2024-2026,165.4114,97.439469,27.705471,39.16745,1820.659768,949.421738,2627.880676,1678.458939,24.646942,553.620507,2.419829,false,,,,,100,47.519,100,48.7987,,79.1995,90,derived,icgc_landcover_2024;gencat_protected_areas;icgc_coast_202602,,2026-08-21T20:11:40Z,0.2.0,,Landscape Recognition is optional and not included in the core score.,partial,79.1995,79.1995,100,,official,landscape_core,true
252287,Torrefarrera,33,Segrià,2024-2026,23.514,11.225947,0.511427,0,304.72106,207.114868,363.976013,156.861145,3.181904,53.290238,2.071133,false,,,,,3.4696,0,9.2274,41.7456,,9.783,90,derived,icgc_landcover_2024;gencat_protected_areas;icgc_coast_202602,,2026-08-21T20:11:40Z,0.2.0,,Landscape Recognition is optional and not included in the core score.,partial,9.783,9.783,100,,official,landscape_core,true
252304,Torregrossa,27,Pla d'Urgell,2024-2026,40.5061,4.625007,0.209215,1.71954,241.331972,216.142896,271.538681,55.395786,1.951954,16.613422,1.192595,false,,,,,0,2.0862,1.7027,23.9755,,4.5436,90,derived,icgc_landcover_2024;gencat_protected_areas;icgc_coast_202602,,2026-08-21T20:11:40Z,0.2.0,,Landscape Recognition is optional and not included in the core score.,partial,4.5436,4.5436,100,,official,landscape_core,true
252311,Torrelameu,23,Noguera,2024-2026,10.7876,9.840494,2.359461,1.151615,204.966546,182.419362,237.35384,54.934478,2.273889,17.183986,1.495823,false,,,,,1.9177,1.3972,2.4061,30.1089,,6.1383,90,derived,icgc_landcover_2024;gencat_protected_areas;icgc_coast_202602,,2026-08-21T20:11:40Z,0.2.0,,Landscape Recognition is optional and not included in the core score.,partial,6.1383,6.1383,100,,official,landscape_core,true
252326,Torres de Segre,33,Segrià,2024-2026,50.9353,14.588626,2.181437,15.242885,150.923368,113.279564,211.774181,98.494617,2.438154,29.073763,5.934002,false,,,,,7.2361,18.4931,4.8174,60,,17.3602,90,derived,icgc_landcover_2024;gencat_protected_areas;icgc_coast_202602,,2026-08-21T20:11:40Z,0.2.0,,Landscape Recognition is optional and not included in the core score.,partial,17.3602,17.3602,100,,official,landscape_core,true
252332,Torre-serona,33,Segrià,2024-2026,5.8872,6.368935,0.023297,0,191.264836,170.338142,220.502831,50.164688,1.49802,15.051744,1.741726,false,,,,,0,0,0.4672,35.0827,,5.3792,90,derived,icgc_landcover_2024;gencat_protected_areas;icgc_coast_202602,,2026-08-21T20:11:40Z,0.2.0,,Landscape Recognition is optional and not included in the core score.,partial,5.3792,5.3792,100,,official,landscape_core,true
252347,Tremp,25,Pallars Jussà,2024-2026,302.3623,85.563001,34.967939,32.947793,887.095061,483.460304,1362.571716,879.111412,17.362675,257.424593,0.372051,false,,,,,86.7342,39.9731,75.0069,7.3784,,60.2087,90,derived,icgc_landcover_2024;gencat_protected_areas;icgc_coast_202602,,2026-08-21T20:11:40Z,0.2.0,,Landscape Recognition is optional and not included in the core score.,partial,60.2087,60.2087,100,,official,landscape_core,true
252385,Vallbona de les Monges,38,Urgell,2024-2026,34.3328,49.216688,29.904171,0,640.033216,514.706818,754.946295,240.239478,10.889569,75.10669,0.005283,false,,,,,46.0228,0,30.4911,0,,23.7307,90,derived,icgc_landcover_2024;gencat_protected_areas;icgc_coast_202602,,2026-08-21T20:11:40Z,0.2.0,,Landscape Recognition is optional and not included in the core score.,partial,23.7307,23.7307,100,,official,landscape_core,true
252398,les Valls de Valira,04,Alt Urgell,2024-2026,171.0234,99.14706,63.174403,61.321059,1678.604866,918.915558,2394.295654,1475.380096,24.073419,437.259705,0.174431,false,,,,,100,74.3963,100,3.3812,,79.1063,90,derived,icgc_landcover_2024;gencat_protected_areas;icgc_coast_202602,,2026-08-21T20:11:40Z,0.2.0,,Landscape Recognition is optional and not included in the core score.,partial,79.1063,79.1063,100,,official,landscape_core,true
252402,Vallfogona de Balaguer,23,Noguera,2024-2026,27.1067,4.765365,1.298551,0.908765,233.13968,218.311888,252.937266,34.625378,1.516036,12.565969,2.622701,false,,,,,0,1.1025,0.0089,52.9021,,8.2132,90,derived,icgc_landcover_2024;gencat_protected_areas;icgc_coast_202602,,2026-08-21T20:11:40Z,0.2.0,,Landscape Recognition is optional and not included in the core score.,partial,8.2132,8.2132,100,,official,landscape_core,true
252424,Verdú,38,Urgell,2024-2026,35.8426,8.271386,2.41405,23.647386,421.634813,355.157445,499.576958,144.419513,3.84507,44.352916,0.825808,false,,,,,0.1602,28.6896,10.1377,16.5565,,12.2464,90,derived,icgc_landcover_2024;gencat_protected_areas;icgc_coast_202602,,2026-08-21T20:11:40Z,0.2.0,,Landscape Recognition is optional and not included in the core score.,partial,12.2464,12.2464,100,,official,landscape_core,true
252430,Vielha e Mijaran,39,Val d'Aran,2024-2026,211.5726,98.506263,33.114047,45.218248,1874.011461,1084.301685,2446.022119,1361.720435,28.113523,422.808478,1.025874,false,,,,,100,54.8599,100,20.6032,,76.8055,90,derived,icgc_landcover_2024;gencat_protected_areas;icgc_coast_202602,,2026-08-21T20:11:40Z,0.2.0,,Landscape Recognition is optional and not included in the core score.,partial,76.8055,76.8055,100,,official,landscape_core,true
252445,Vilagrassa,38,Urgell,2024-2026,19.6712,4.638145,0.130586,53.098768,330.535965,306.718402,361.76842,55.050018,2.304972,16.578642,0.600677,false,,,,,0,64.4208,2.4815,12.0028,,18.526,90,derived,icgc_landcover_2024;gencat_protected_areas;icgc_coast_202602,,2026-08-21T20:11:40Z,0.2.0,,Landscape Recognition is optional and not included in the core score.,partial,18.526,18.526,100,,official,landscape_core,true
252458,Vilaller,05,Alta Ribagorça,2024-2026,59.1995,98.12949,56.652391,54.060103,1787.201938,1023.508832,2619.84646,1596.337628,28.416607,511.757387,0.892866,false,,,,,100,65.5871,100,17.9129,,79.0837,90,derived,icgc_landcover_2024;gencat_protected_areas;icgc_coast_202602,,2026-08-21T20:11:40Z,0.2.0,,Landscape Recognition is optional and not included in the core score.,partial,79.0837,79.0837,100,,official,landscape_core,true
252477,Vilamòs,39,Val d'Aran,2024-2026,15.3843,98.470925,53.594748,69.119311,1652.968736,900.143692,2254.932068,1354.788376,28.233447,421.234365,0.406127,false,,,,,100,83.8573,100,8.0677,,82.1745,90,derived,icgc_landcover_2024;gencat_protected_areas;icgc_coast_202602,,2026-08-21T20:11:40Z,0.2.0,,Landscape Recognition is optional and not included in the core score.,partial,82.1745,82.1745,100,,official,landscape_core,true
252483,Vilanova de Bellpuig,27,Pla d'Urgell,2024-2026,13.9051,1.73636,0.077011,14.062619,293.88693,281.30957,309.183777,27.874207,0.724783,8.717172,1.549746,false,,,,,0,17.0611,0,31.1996,,8.9452,90,derived,icgc_landcover_2024;gencat_protected_areas;icgc_coast_202602,,2026-08-21T20:11:40Z,0.2.0,,Landscape Recognition is optional and not included in the core score.,partial,8.9452,8.9452,100,,official,landscape_core,true
252496,Vilanova de l'Aguda,23,Noguera,2024-2026,53.3152,52.769334,38.091146,21.872835,483.795176,383.569624,625.186469,241.616844,9.623567,75.379834,0.124841,false,,,,,50.0021,26.5367,27.7048,2.3781,,31.4178,90,derived,icgc_landcover_2024;gencat_protected_areas;icgc_coast_202602,,2026-08-21T20:11:40Z,0.2.0,,Landscape Recognition is optional and not included in the core score.,partial,31.4178,31.4178,100,,official,landscape_core,true
252509,Vilanova de Meià,23,Noguera,2024-2026,104.7392,78.509304,48.920029,40.266545,799.309027,479.030426,1296.384174,817.353748,17.332583,263.465278,0.110368,false,,,,,78.8334,48.8524,72.045,2.0854,,58.1288,90,derived,icgc_landcover_2024;gencat_protected_areas;icgc_coast_202602,,2026-08-21T20:11:40Z,0.2.0,,Landscape Recognition is optional and not included in the core score.,partial,58.1288,58.1288,100,,official,landscape_core,true
252516,Vilanova de Segrià,33,Segrià,2024-2026,8.3979,7.328619,0.172145,0,234.495313,204.315937,270.596413,66.280476,2.04655,23.08161,1.757986,false,,,,,0,0,2.4258,35.4116,,5.9182,90,derived,icgc_landcover_2024;gencat_protected_areas;icgc_coast_202602,,2026-08-21T20:11:40Z,0.2.0,,Landscape Recognition is optional and not included in the core score.,partial,5.9182,5.9182,100,,official,landscape_core,true
252521,Vila-sana,27,Pla d'Urgell,2024-2026,18.987,4.958491,0.235187,2.903557,245.206943,230.590378,261.34985,30.759473,1.315629,9.629569,3.424802,false,,,,,0,3.5227,0,60,,9.8807,90,derived,icgc_landcover_2024;gencat_protected_areas;icgc_coast_202602,,2026-08-21T20:11:40Z,0.2.0,,Landscape Recognition is optional and not included in the core score.,partial,9.8807,9.8807,100,,official,landscape_core,true
252537,el Vilosell,18,Garrigues,2024-2026,18.8436,47.619845,30.872999,7.337646,645.41853,566.292847,797.699768,231.406921,8.256455,77.780787,0.114947,false,,,,,44.2342,8.9022,24.1478,2.178,,24.0712,90,derived,icgc_landcover_2024;gencat_protected_areas;icgc_coast_202602,,2026-08-21T20:11:40Z,0.2.0,,Landscape Recognition is optional and not included in the core score.,partial,24.0712,24.0712,100,,official,landscape_core,true
252542,Vilanova de la Barca,33,Segrià,2024-2026,21.3945,12.065239,1.650646,3.88833,186.350034,173.029198,205.147335,32.118137,1.819575,9.806466,3.33585,false,,,,,4.4096,4.7174,0.6924,60,,11.8958,90,derived,icgc_landcover_2024;gencat_protected_areas;icgc_coast_202602,,2026-08-21T20:11:40Z,0.2.0,,Landscape Recognition is optional and not included in the core score.,partial,11.8958,11.8958,100,,official,landscape_core,true
252555,Vinaixa,18,Garrigues,2024-2026,37.4708,57.701449,35.325798,50.41341,514.021988,426.176529,599.029254,172.852725,9.358796,51.561831,0.045315,false,,,,,55.5266,61.1629,23.8861,0.7696,,40.812,90,derived,icgc_landcover_2024;gencat_protected_areas;icgc_coast_202602,,2026-08-21T20:11:40Z,0.2.0,,Landscape Recognition is optional and not included in the core score.,partial,40.812,40.812,100,,official,landscape_core,true
259010,Vall de Cardós,26,Pallars Sobirà,2024-2026,56.396,98.74974,52.42169,51.289456,1557.68648,939.343958,2241.241602,1301.897644,27.251387,401.348114,0.525614,false,,,,,100,62.2257,100,10.4845,,77.1291,90,derived,icgc_landcover_2024;gencat_protected_areas;icgc_coast_202602,,2026-08-21T20:11:40Z,0.2.0,,Landscape Recognition is optional and not included in the core score.,partial,77.1291,77.1291,100,,official,landscape_core,true
259025,Sant Martí de Riucorb,38,Urgell,2024-2026,34.8275,16.596922,6.011116,33.868001,418.612577,338.740683,526.393179,187.652496,5.664964,62.062774,0.558198,false,,,,,9.4856,41.0895,16.2617,11.1436,,19.3293,90,derived,icgc_landcover_2024;gencat_protected_areas;icgc_coast_202602,,2026-08-21T20:11:40Z,0.2.0,,Landscape Recognition is optional and not included in the core score.,partial,19.3293,19.3293,100,,official,landscape_core,true
259031,la Guingueta d'Àneu,26,Pallars Sobirà,2024-2026,108.093,98.014225,44.195193,41.891657,1672.478162,959.349762,2455.587769,1496.238007,28.598182,441.893372,1.046982,false,,,,,100,50.824,100,21.0302,,75.8605,90,derived,icgc_landcover_2024;gencat_protected_areas;icgc_coast_202602,,2026-08-21T20:11:40Z,0.2.0,,Landscape Recognition is optional and not included in the core score.,partial,75.8605,75.8605,100,,official,landscape_core,true
259046,Castell de Mur,25,Pallars Jussà,2024-2026,62.9396,81.095087,43.709745,23.324099,687.084222,381.358521,1008.884875,627.526355,17.237586,206.971602,2.9034,false,,,,,81.7297,28.2974,62.9352,58.5798,,60.2005,90,derived,icgc_landcover_2024;gencat_protected_areas;icgc_coast_202602,,2026-08-21T20:11:40Z,0.2.0,,Landscape Recognition is optional and not included in the core score.,partial,60.2005,60.2005,100,,official,landscape_core,true
259059,Ribera d'Ondara,32,Segarra,2024-2026,54.2535,24.67265,12.901923,1.466583,611.630494,533.707877,694.433987,160.726111,8.660237,49.552413,0.011644,false,,,,,18.5312,1.7793,21.7447,0.0885,,12.3802,90,derived,icgc_landcover_2024;gencat_protected_areas;icgc_coast_202602,,2026-08-21T20:11:40Z,0.2.0,,Landscape Recognition is optional and not included in the core score.,partial,12.3802,12.3802,100,,official,landscape_core,true
259062,les Valls d'Aguilar,04,Alt Urgell,2024-2026,123.028,97.795688,57.034755,24.304102,1387.877654,737.247406,1778.648468,1041.401062,21.516142,303.562538,0.129464,false,,,,,100,29.4864,91.9652,2.4716,,65.7336,90,derived,icgc_landcover_2024;gencat_protected_areas;icgc_coast_202602,,2026-08-21T20:11:40Z,0.2.0,,Landscape Recognition is optional and not included in the core score.,partial,65.7336,65.7336,100,,official,landscape_core,true
259078,Torrefeta i Florejacs,32,Segarra,2024-2026,89.0084,18.220665,10.674384,87.909175,476.340945,415.186601,563.490085,148.303484,4.751369,43.853374,0.264313,false,,,,,11.3043,100,12.3605,5.1992,,32.8265,90,derived,icgc_landcover_2024;gencat_protected_areas;icgc_coast_202602,,2026-08-21T20:11:40Z,0.2.0,,Landscape Recognition is optional and not included in the core score.,partial,32.8265,32.8265,100,,official,landscape_core,true
259084,Fígols i Alinyà,04,Alt Urgell,2024-2026,102.0724,94.584882,64.393088,72.066703,1246.191634,641.238705,2000.468201,1359.229495,24.856,411.29133,0.250468,false,,,,,96.8396,87.4332,100,4.9192,,81.49,90,derived,icgc_landcover_2024;gencat_protected_areas;icgc_coast_202602,,2026-08-21T20:11:40Z,0.2.0,,Landscape Recognition is optional and not included in the core score.,partial,81.49,81.49,100,,official,landscape_core,true
259097,la Vansa i Fórnols,04,Alt Urgell,2024-2026,106.0452,98.249782,67.878012,41.524781,1454.25626,989.808429,2148.293848,1158.485419,23.341921,342.805809,0.089418,false,,,,,100,50.3789,99.1569,1.6616,,72.6332,90,derived,icgc_landcover_2024;gencat_protected_areas;icgc_coast_202602,,2026-08-21T20:11:40Z,0.2.0,,Landscape Recognition is optional and not included in the core score.,partial,72.6332,72.6332,100,,official,landscape_core,true
259101,Josa i Tuixén,04,Alt Urgell,2024-2026,68.4501,98.899069,57.193402,78.537434,1711.34655,1198.708875,2444.344189,1245.635315,25.836695,360.66543,0.003107,false,,,,,100,95.2836,100,0,,83.8209,90,derived,icgc_landcover_2024;gencat_protected_areas;icgc_coast_202602,,2026-08-21T20:11:40Z,0.2.0,,Landscape Recognition is optional and not included in the core score.,partial,83.8209,83.8209,100,,official,landscape_core,true
259118,els Plans de Sió,32,Segarra,2024-2026,55.8444,8.108102,3.472325,76.654292,413.302101,373.390273,459.321561,85.931288,2.69137,26.170496,0.583101,false,,,,,0,92.999,4.7988,11.6473,,26.1965,90,derived,icgc_landcover_2024;gencat_protected_areas;icgc_coast_202602,,2026-08-21T20:11:40Z,0.2.0,,Landscape Recognition is optional and not included in the core score.,partial,26.1965,26.1965,100,,official,landscape_core,true
259123,Gimenells i el Pla de la Font,33,Segrià,2024-2026,55.7057,12.323558,6.266468,0,227.542153,166.566772,275.896527,109.329755,2.54175,37.963174,1.835797,false,,,,,4.699,0,5.5584,36.9855,,8.5821,90,derived,icgc_landcover_2024;gencat_protected_areas;icgc_coast_202602,,2026-08-21T20:11:40Z,0.2.0,,Landscape Recognition is optional and not included in the core score.,partial,8.5821,8.5821,100,,official,landscape_core,true
259139,Riu de Cerdanya,15,Cerdanya,2024-2026,12.3426,93.939076,64.351646,83.388432,1576.07413,1184.105408,2000.594305,816.488898,22.246205,266.290118,0.004696,false,,,,,96.1162,100,83.0691,0,,79.4079,90,derived,icgc_landcover_2024;gencat_protected_areas;icgc_coast_202602,,2026-08-21T20:11:40Z,0.2.0,,Landscape Recognition is optional and not included in the core score.,partial,79.4079,79.4079,100,,official,landscape_core,true
430017,Aiguamúrcia,01,Alt Camp,2024-2026,72.6114,67.535195,48.418555,19.790648,507.966714,320.566998,737.476566,416.909567,11.675966,127.981948,0.104366,false,,,,,66.5413,24.0105,40.5412,1.964,,39.722,90,derived,icgc_landcover_2024;gencat_protected_areas;icgc_coast_202602,,2026-08-21T20:11:40Z,0.2.0,,Landscape Recognition is optional and not included in the core score.,partial,39.722,39.722,100,,official,landscape_core,true
430022,Albinyana,12,Baix Penedès,2024-2026,19.5463,59.113914,20.914111,45.767195,199.181096,90.639507,346.494147,255.85464,9.863102,80.662034,0.04672,false,,,,,57.1087,55.5259,28.9114,0.7979,,41.2171,90,derived,icgc_landcover_2024;gencat_protected_areas;icgc_coast_202602,,2026-08-21T20:11:40Z,0.2.0,,Landscape Recognition is optional and not included in the core score.,partial,41.2171,41.2171,100,,official,landscape_core,true
430038,l'Albiol,08,Baix Camp,2024-2026,20.315,80.61488,56.271068,53.996017,562.81067,302.853452,861.674176,558.820724,17.52419,169.045018,0.106997,false,,,,,81.1918,65.5094,60.3607,2.0172,,60.1872,90,derived,icgc_landcover_2024;gencat_protected_areas;icgc_coast_202602,,2026-08-21T20:11:40Z,0.2.0,,Landscape Recognition is optional and not included in the core score.,partial,60.1872,60.1872,100,,official,landscape_core,true
430043,Alcanar,22,Montsià,2024-2026,46.9124,44.228568,11.493391,26.502613,125.447552,7.872102,464.43679,456.564689,10.416497,142.144153,0.057254,true,,,,,40.4357,32.1537,39.5635,41.0111,,38.2335,90,derived,icgc_landcover_2024;gencat_protected_areas;icgc_coast_202602,,2026-08-21T20:11:40Z,0.2.0,,Landscape Recognition is optional and not included in the core score.,partial,38.2335,38.2335,100,,official,landscape_core,true
430056,Alcover,01,Alt Camp,2024-2026,46.2587,53.112897,32.663771,30.951256,324.836707,157.836404,684.758484,526.922079,10.58569,170.91506,0.288061,false,,,,,50.387,37.5509,43.2416,5.6795,,38.6855,90,derived,icgc_landcover_2024;gencat_protected_areas;icgc_coast_202602,,2026-08-21T20:11:40Z,0.2.0,,Landscape Recognition is optional and not included in the core score.,partial,38.6855,38.6855,100,,official,landscape_core,true
430069,Aldover,09,Baix Ebre,2024-2026,20.1879,22.587941,10.328774,0.117877,84.126077,8.809694,177.584727,168.775033,5.101649,58.769491,2.447747,false,,,,,16.1961,0.143,14.1086,49.3634,,16.636,90,derived,icgc_landcover_2024;gencat_protected_areas;icgc_coast_202602,,2026-08-21T20:11:40Z,0.2.0,,Landscape Recognition is optional and not included in the core score.,partial,16.636,16.636,100,,official,landscape_core,true
430075,l'Aleixar,08,Baix Camp,2024-2026,26.1091,49.532996,32.968856,15.166824,370.226102,228.832173,552.929657,324.097484,10.846244,102.908718,0.922559,false,,,,,46.3771,18.4008,34.3234,18.5135,,32.19,90,derived,icgc_landcover_2024;gencat_protected_areas;icgc_coast_202602,,2026-08-21T20:11:40Z,0.2.0,,Landscape Recognition is optional and not included in the core score.,partial,32.19,32.19,100,,official,landscape_core,true
430081,Alfara de Carles,09,Baix Ebre,2024-2026,64.0478,92.621583,42.52366,95.808422,685.550927,259.30921,1177.541699,918.232489,22.325494,326.36132,0.205411,false,,,,,94.6405,100,88.0156,4.0078,,80.7293,90,derived,icgc_landcover_2024;gencat_protected_areas;icgc_coast_202602,,2026-08-21T20:11:40Z,0.2.0,,Landscape Recognition is optional and not included in the core score.,partial,80.7293,80.7293,100,,official,landscape_core,true
430094,Alforja,08,Baix Camp,2024-2026,38.3707,69.570595,45.955295,11.750889,495.988676,329.858932,699.526001,369.667068,16.019044,113.839167,0.23102,false,,,,,68.8212,14.2565,48.1071,4.5258,,40.3572,90,derived,icgc_landcover_2024;gencat_protected_areas;icgc_coast_202602,,2026-08-21T20:11:40Z,0.2.0,,Landscape Recognition is optional and not included in the core score.,partial,40.3572,40.3572,100,,official,landscape_core,true
430108,Alió,01,Alt Camp,2024-2026,7.276,12.155031,0.922851,0,262.388741,246.941645,279.890691,32.949046,1.464197,10.325093,0.032231,false,,,,,4.5102,0,0,0.5049,,1.6543,90,derived,icgc_landcover_2024;gencat_protected_areas;icgc_coast_202602,,2026-08-21T20:11:40Z,0.2.0,,Landscape Recognition is optional and not included in the core score.,partial,1.6543,1.6543,100,,official,landscape_core,true
430115,Almoster,08,Baix Camp,2024-2026,6.0081,61.880711,28.349563,0,352.352629,189.040482,530.338074,341.297592,11.398225,106.397595,0.068487,false,,,,,60.2077,0,36.3723,1.2382,,30.3515,90,derived,icgc_landcover_2024;gencat_protected_areas;icgc_coast_202602,,2026-08-21T20:11:40Z,0.2.0,,Landscape Recognition is optional and not included in the core score.,partial,30.3515,30.3515,100,,official,landscape_core,true
430120,Altafulla,36,Tarragonès,2024-2026,6.8747,26.322786,9.004065,0.402314,41.033865,3.171353,86.135067,82.963714,4.212877,25.543812,0.3696,true,,,,,20.3795,0.4881,8.0859,47.3288,,16.3756,90,derived,icgc_landcover_2024;gencat_protected_areas;icgc_coast_202602,,2026-08-21T20:11:40Z,0.2.0,,Landscape Recognition is optional and not included in the core score.,partial,16.3756,16.3756,100,,official,landscape_core,true
430136,l'Ametlla de Mar,09,Baix Ebre,2024-2026,67.0225,41.027489,16.148504,15.144437,87.096587,13.757625,250.66859,236.910964,5.136611,69.291625,0.038419,true,,,,,36.8501,18.3736,17.3804,40.6301,,27.9305,90,derived,icgc_landcover_2024;gencat_protected_areas;icgc_coast_202602,,2026-08-21T20:11:40Z,0.2.0,,Landscape Recognition is optional and not included in the core score.,partial,27.9305,27.9305,100,,official,landscape_core,true
430141,Amposta,22,Montsià,2024-2026,138.5001,16.623717,1.815361,28.495455,24.827342,0.02,147.892001,147.872001,2.40842,63.84399,13.948758,true,,,,,9.5156,34.5714,7.0644,100,,28.7394,90,derived,icgc_landcover_2024;gencat_protected_areas;icgc_coast_202602,,2026-08-21T20:11:40Z,0.2.0,,Landscape Recognition is optional and not included in the core score.,partial,28.7394,28.7394,100,,official,landscape_core,true
430154,Arbolí,08,Baix Camp,2024-2026,20.6897,91.19951,68.453108,75.340357,772.220324,510.755127,954.798523,444.043396,17.153251,133.695657,0.030525,false,,,,,93.0476,91.4049,54.1467,0.4704,,69.0251,90,derived,icgc_landcover_2024;gencat_protected_areas;icgc_coast_202602,,2026-08-21T20:11:40Z,0.2.0,,Landscape Recognition is optional and not included in the core score.,partial,69.0251,69.0251,100,,official,landscape_core,true
430167,l'Arboç,12,Baix Penedès,2024-2026,14.2838,21.762232,8.410212,0.242271,142.768588,123.626624,165.039681,41.413057,2.594614,13.149649,0.430118,false,,,,,15.2712,0.2939,2.4946,8.5529,,7.325,90,derived,icgc_landcover_2024;gencat_protected_areas;icgc_coast_202602,,2026-08-21T20:11:40Z,0.2.0,,Landscape Recognition is optional and not included in the core score.,partial,7.325,7.325,100,,official,landscape_core,true
430173,l'Argentera,08,Baix Camp,2024-2026,9.9425,93.412346,61.035386,4.700394,478.952661,318.132309,670.139038,352.006729,20.531034,106.740349,0.131635,false,,,,,95.5262,5.7026,57.4397,2.5156,,49.5971,90,derived,icgc_landcover_2024;gencat_protected_areas;icgc_coast_202602,,2026-08-21T20:11:40Z,0.2.0,,Landscape Recognition is optional and not included in the core score.,partial,49.5971,49.5971,100,,official,landscape_core,true
430189,Arnes,37,Terra Alta,2024-2026,42.7548,80.741272,51.872072,86.288286,672.493658,460.443066,1141.006177,680.56311,18.136654,208.964881,0.327778,false,,,,,81.3334,100,67.4452,6.4829,,71.3004,90,derived,icgc_landcover_2024;gencat_protected_areas;icgc_coast_202602,,2026-08-21T20:11:40Z,0.2.0,,Landscape Recognition is optional and not included in the core score.,partial,71.3004,71.3004,100,,official,landscape_core,true
430192,Ascó,30,Ribera d'Ebre,2024-2026,73.5257,54.852791,25.605997,15.052906,207.591167,31.803246,448.377385,416.574139,12.301563,122.293776,1.853773,false,,,,,52.3358,18.2626,41.9342,37.3491,,38.9691,90,derived,icgc_landcover_2024;gencat_protected_areas;icgc_coast_202602,,2026-08-21T20:11:40Z,0.2.0,,Landscape Recognition is optional and not included in the core score.,partial,38.9691,38.9691,100,,official,landscape_core,true
430206,Banyeres del Penedès,12,Baix Penedès,2024-2026,12.257,18.303172,3.379611,0,132.853541,104.327668,164.42173,60.094062,2.296007,18.562418,0.552946,false,,,,,11.3967,0,2.6977,11.0374,,6.3189,90,derived,icgc_landcover_2024;gencat_protected_areas;icgc_coast_202602,,2026-08-21T20:11:40Z,0.2.0,,Landscape Recognition is optional and not included in the core score.,partial,6.3189,6.3189,100,,official,landscape_core,true
430213,Barberà de la Conca,16,Conca de Barberà,2024-2026,26.1881,33.287355,20.604296,1.650064,455.638425,379.047279,552.853287,173.806007,6.43444,55.361169,0.240909,false,,,,,28.1804,2.0019,17.3456,4.7258,,15.4089,90,derived,icgc_landcover_2024;gencat_protected_areas;icgc_coast_202602,,2026-08-21T20:11:40Z,0.2.0,,Landscape Recognition is optional and not included in the core score.,partial,15.4089,15.4089,100,,official,landscape_core,true
430228,Batea,37,Terra Alta,2024-2026,128.4678,46.053108,29.988249,8.782652,357.096125,248.508557,454.316797,205.80824,8.098409,59.846048,0.230799,false,,,,,42.4793,10.6553,22.5923,4.5213,,23.8578,90,derived,icgc_landcover_2024;gencat_protected_areas;icgc_coast_202602,,2026-08-21T20:11:40Z,0.2.0,,Landscape Recognition is optional and not included in the core score.,partial,23.8578,23.8578,100,,official,landscape_core,true
430234,Bellmunt del Priorat,29,Priorat,2024-2026,8.8905,65.466897,40.272436,6.737674,224.525248,108.018408,323.853723,215.835315,15.003839,63.314368,0.307235,false,,,,,64.2246,8.1743,38.612,6.0674,,35.0853,90,derived,icgc_landcover_2024;gencat_protected_areas;icgc_coast_202602,,2026-08-21T20:11:40Z,0.2.0,,Landscape Recognition is optional and not included in the core score.,partial,35.0853,35.0853,100,,official,landscape_core,true
430249,Bellvei,12,Baix Penedès,2024-2026,8.2739,32.573962,17.154155,0,93.843642,66.754652,132.947319,66.192667,4.142155,19.735551,0.181788,false,,,,,27.3814,0,7.1406,3.53,,11.8981,90,derived,icgc_landcover_2024;gencat_protected_areas;icgc_coast_202602,,2026-08-21T20:11:40Z,0.2.0,,Landscape Recognition is optional and not included in the core score.,partial,11.8981,11.8981,100,,official,landscape_core,true
430252,Benifallet,09,Baix Ebre,2024-2026,62.4873,78.664015,44.330962,75.279706,208.15058,15.529172,588.210031,572.680859,19.411939,166.66972,3.532854,false,,,,,79.0067,91.3313,65.2612,60,,75.8005,90,derived,icgc_landcover_2024;gencat_protected_areas;icgc_coast_202602,,2026-08-21T20:11:40Z,0.2.0,,Landscape Recognition is optional and not included in the core score.,partial,75.8005,75.8005,100,,official,landscape_core,true
430265,Benissanet,30,Ribera d'Ebre,2024-2026,23.1093,45.049684,26.729893,37.234639,167.112903,21.839765,417.530446,395.690681,8.653262,135.537057,1.431453,false,,,,,41.3554,45.174,32.7403,28.8068,,38.274,90,derived,icgc_landcover_2024;gencat_protected_areas;icgc_coast_202602,,2026-08-21T20:11:40Z,0.2.0,,Landscape Recognition is optional and not included in the core score.,partial,38.274,38.274,100,,official,landscape_core,true
430271,la Bisbal de Montsant,29,Priorat,2024-2026,14.0259,61.904159,39.023055,4.045353,430.900171,333.859717,520.119647,186.25993,16.53649,56.559591,0.126208,false,,,,,60.234,4.9079,40.6773,2.4058,,32.8391,90,derived,icgc_landcover_2024;gencat_protected_areas;icgc_coast_202602,,2026-08-21T20:11:40Z,0.2.0,,Landscape Recognition is optional and not included in the core score.,partial,32.8391,32.8391,100,,official,landscape_core,true
430287,la Bisbal del Penedès,12,Baix Penedès,2024-2026,32.1868,57.584209,26.995988,38.835908,235.089011,146.274565,358.403796,212.129231,9.830672,65.973896,0.02312,false,,,,,55.3953,47.1167,26.7893,0.3206,,37.9129,90,derived,icgc_landcover_2024;gencat_protected_areas;icgc_coast_202602,,2026-08-21T20:11:40Z,0.2.0,,Landscape Recognition is optional and not included in the core score.,partial,37.9129,37.9129,100,,official,landscape_core,true
430290,Blancafort,16,Conca de Barberà,2024-2026,14.534,43.733656,29.051261,0,510.602206,413.969275,652.683142,238.713867,8.850124,79.388742,0.013778,false,,,,,39.8813,0,25.8271,0.1316,,20.435,90,derived,icgc_landcover_2024;gencat_protected_areas;icgc_coast_202602,,2026-08-21T20:11:40Z,0.2.0,,Landscape Recognition is optional and not included in the core score.,partial,20.435,20.435,100,,official,landscape_core,true
430304,Bonastre,12,Baix Penedès,2024-2026,24.9478,70.87682,20.984146,35.593983,237.303104,158.637354,314.060883,155.423529,9.999402,45.064873,0.18518,false,,,,,70.2843,43.1835,24.5118,3.5986,,42.0631,90,derived,icgc_landcover_2024;gencat_protected_areas;icgc_coast_202602,,2026-08-21T20:11:40Z,0.2.0,,Landscape Recognition is optional and not included in the core score.,partial,42.0631,42.0631,100,,official,landscape_core,true
430311,les Borges del Camp,08,Baix Camp,2024-2026,8.3318,44.939761,17.875179,0,279.278085,202.263885,410.916656,208.652771,8.157054,65.302089,0.414272,false,,,,,41.2323,0,22.8576,8.2324,,21.3806,90,derived,icgc_landcover_2024;gencat_protected_areas;icgc_coast_202602,,2026-08-21T20:11:40Z,0.2.0,,Landscape Recognition is optional and not included in the core score.,partial,21.3806,21.3806,100,,official,landscape_core,true
430326,Bot,37,Terra Alta,2024-2026,34.6782,57.394656,34.05229,31.363185,344.084477,242.59472,473.208862,230.614142,12.882339,67.709749,0.281116,false,,,,,55.1829,38.0506,34.5273,5.5391,,38.2894,90,derived,icgc_landcover_2024;gencat_protected_areas;icgc_coast_202602,,2026-08-21T20:11:40Z,0.2.0,,Landscape Recognition is optional and not included in the core score.,partial,38.2894,38.2894,100,,official,landscape_core,true
430332,Botarell,08,Baix Camp,2024-2026,11.9533,15.981662,2.513065,0,199.963094,149.709053,264.425858,114.716805,2.917371,38.35998,0.345525,false,,,,,8.7964,0,6.6566,6.8419,,5.7692,90,derived,icgc_landcover_2024;gencat_protected_areas;icgc_coast_202602,,2026-08-21T20:11:40Z,0.2.0,,Landscape Recognition is optional and not included in the core score.,partial,5.7692,5.7692,100,,official,landscape_core,true
430347,Bràfim,01,Alt Camp,2024-2026,6.3457,10.238078,2.86301,0.205236,247.648977,226.371735,261.69982,35.328085,2.214523,10.756094,0.176206,false,,,,,2.3631,0.249,1.5817,3.4171,,1.7973,90,derived,icgc_landcover_2024;gencat_protected_areas;icgc_coast_202602,,2026-08-21T20:11:40Z,0.2.0,,Landscape Recognition is optional and not included in the core score.,partial,1.7973,1.7973,100,,official,landscape_core,true
430350,Cabacés,29,Priorat,2024-2026,31.2498,78.433137,50.796362,65.498361,442.659979,277.201569,719.923325,442.721756,17.923458,137.956209,0.287768,false,,,,,78.7481,79.4643,55.8191,5.6737,,62.2337,90,derived,icgc_landcover_2024;gencat_protected_areas;icgc_coast_202602,,2026-08-21T20:11:40Z,0.2.0,,Landscape Recognition is optional and not included in the core score.,partial,62.2337,62.2337,100,,official,landscape_core,true
430363,Cabra del Camp,01,Alt Camp,2024-2026,27.0057,59.627515,38.341403,20.01474,545.058829,414.384222,728.259045,313.874823,10.310588,97.492542,0.059552,false,,,,,57.684,24.2824,32.6381,1.0575,,34.5782,90,derived,icgc_landcover_2024;gencat_protected_areas;icgc_coast_202602,,2026-08-21T20:11:40Z,0.2.0,,Landscape Recognition is optional and not included in the core score.,partial,34.5782,34.5782,100,,official,landscape_core,true
430379,Calafell,12,Baix Penedès,2024-2026,20.2596,47.693397,24.928168,0,78.25931,2.596783,165.422989,162.826206,8.702704,51.186946,0.183054,true,,,,,44.3166,0,21.9387,43.5556,,27.5288,90,derived,icgc_landcover_2024;gencat_protected_areas;icgc_coast_202602,,2026-08-21T20:11:40Z,0.2.0,,Landscape Recognition is optional and not included in the core score.,partial,27.5288,27.5288,100,,official,landscape_core,true
430385,Cambrils,08,Baix Camp,2024-2026,35.2116,13.027658,2.129138,0,42.888919,3.698233,92.908392,89.21016,1.486451,27.626624,0.607393,true,,,,,5.4876,0,2.2969,52.1387,,10.3157,90,derived,icgc_landcover_2024;gencat_protected_areas;icgc_coast_202602,,2026-08-21T20:11:40Z,0.2.0,,Landscape Recognition is optional and not included in the core score.,partial,10.3157,10.3157,100,,official,landscape_core,true
430398,Capafonts,08,Baix Camp,2024-2026,13.3536,92.339478,70.928872,88.037062,868.585075,698.710416,1022.289346,323.578931,16.952904,114.31169,0,false,,,,,94.3245,100,48.0502,0,,70.0261,90,derived,icgc_landcover_2024;gencat_protected_areas;icgc_coast_202602,,2026-08-21T20:11:40Z,0.2.0,,Landscape Recognition is optional and not included in the core score.,partial,70.0261,70.0261,100,,official,landscape_core,true
430402,Capçanes,29,Priorat,2024-2026,22.2295,78.9168,64.871215,84.854017,357.676716,201.368666,597.080801,395.712135,17.117416,125.588068,0.134939,false,,,,,79.2898,100,51.8011,2.5823,,66.089,90,derived,icgc_landcover_2024;gencat_protected_areas;icgc_coast_202602,,2026-08-21T20:11:40Z,0.2.0,,Landscape Recognition is optional and not included in the core score.,partial,66.089,66.089,100,,official,landscape_core,true
430419,Caseres,37,Terra Alta,2024-2026,42.5733,62.499745,42.812175,4.568718,406.846237,296.455872,500.432114,203.976242,11.091907,65.50119,0.267967,false,,,,,60.9011,5.5429,29.2473,5.2731,,30.8039,90,derived,icgc_landcover_2024;gencat_protected_areas;icgc_coast_202602,,2026-08-21T20:11:40Z,0.2.0,,Landscape Recognition is optional and not included in the core score.,partial,30.8039,30.8039,100,,official,landscape_core,true
430424,Castellvell del Camp,08,Baix Camp,2024-2026,5.1713,47.010872,22.170606,0,294.651028,197.937591,420.060837,222.123246,10.501387,67.974213,0.092647,false,,,,,43.5521,0,28.7679,1.7269,,22.6943,90,derived,icgc_landcover_2024;gencat_protected_areas;icgc_coast_202602,,2026-08-21T20:11:40Z,0.2.0,,Landscape Recognition is optional and not included in the core score.,partial,22.6943,22.6943,100,,official,landscape_core,true
430430,el Catllar,36,Tarragonès,2024-2026,26.34,44.163351,30.0833,6.103099,114.30961,58.255173,161.979996,103.724823,5.574686,30.283743,0.781425,false,,,,,40.3626,7.4044,12.1253,15.6588,,21.3582,90,derived,icgc_landcover_2024;gencat_protected_areas;icgc_coast_202602,,2026-08-21T20:11:40Z,0.2.0,,Landscape Recognition is optional and not included in the core score.,partial,21.3582,21.3582,100,,official,landscape_core,true
430445,la Sénia,22,Montsià,2024-2026,108.8745,72.917576,45.433282,72.806127,748.426364,282.436443,1218.991882,936.55544,16.394003,345.279036,0.053801,false,,,,,72.5701,88.3303,75.5177,0.9412,,66.5027,90,derived,icgc_landcover_2024;gencat_protected_areas;icgc_coast_202602,,2026-08-21T20:11:40Z,0.2.0,,Landscape Recognition is optional and not included in the core score.,partial,66.5027,66.5027,100,,official,landscape_core,true
430458,Colldejou,08,Baix Camp,2024-2026,14.4218,91.345893,71.698604,77.109846,548.344353,350.653035,833.421002,482.767967,21.126101,143.772823,0.189109,false,,,,,93.2116,93.5517,64.9076,3.6781,,72.7906,90,derived,icgc_landcover_2024;gencat_protected_areas;icgc_coast_202602,,2026-08-21T20:11:40Z,0.2.0,,Landscape Recognition is optional and not included in the core score.,partial,72.7906,72.7906,100,,official,landscape_core,true
430461,Conesa,16,Conca de Barberà,2024-2026,29.0404,44.328692,34.757845,18.936247,739.273509,628.698071,836.051968,207.353897,9.775502,59.010576,0.007171,false,,,,,40.5478,22.9739,26.4413,0,,26.5455,90,derived,icgc_landcover_2024;gencat_protected_areas;icgc_coast_202602,,2026-08-21T20:11:40Z,0.2.0,,Landscape Recognition is optional and not included in the core score.,partial,26.5455,26.5455,100,,official,landscape_core,true
430477,Constantí,36,Tarragonès,2024-2026,31.0359,19.026389,0.977261,0,79.877252,39.280045,127.244506,87.964461,1.737013,26.974772,1.752577,false,,,,,12.2068,0,2.745,35.3022,,10.254,90,derived,icgc_landcover_2024;gencat_protected_areas;icgc_coast_202602,,2026-08-21T20:11:40Z,0.2.0,,Landscape Recognition is optional and not included in the core score.,partial,10.254,10.254,100,,official,landscape_core,true
430483,Corbera d'Ebre,37,Terra Alta,2024-2026,53.0775,47.890809,28.70039,14.571082,375.782391,257.938278,496.13302,238.194742,11.191977,74.740163,0.394531,false,,,,,44.5377,17.678,31.0762,7.8331,,28.9517,90,derived,icgc_landcover_2024;gencat_protected_areas;icgc_coast_202602,,2026-08-21T20:11:40Z,0.2.0,,Landscape Recognition is optional and not included in the core score.,partial,28.9517,28.9517,100,,official,landscape_core,true
430496,Cornudella de Montsant,29,Priorat,2024-2026,62.9168,81.293049,57.38605,50.441866,663.034847,439.667664,936.879578,497.211914,17.101832,153.816648,1.23621,false,,,,,81.9514,61.1974,56.5226,24.8577,,61.8416,90,derived,icgc_landcover_2024;gencat_protected_areas;icgc_coast_202602,,2026-08-21T20:11:40Z,0.2.0,,Landscape Recognition is optional and not included in the core score.,partial,61.8416,61.8416,100,,official,landscape_core,true
430509,Creixell,36,Tarragonès,2024-2026,10.2932,61.878758,27.916002,2.615804,85.528961,2.393461,226.98257,224.589109,6.894828,70.515097,0.079254,true,,,,,60.2056,3.1736,20.7621,41.456,,33.2743,90,derived,icgc_landcover_2024;gencat_protected_areas;icgc_coast_202602,,2026-08-21T20:11:40Z,0.2.0,,Landscape Recognition is optional and not included in the core score.,partial,33.2743,33.2743,100,,official,landscape_core,true
430516,Cunit,12,Baix Penedès,2024-2026,9.8729,47.555136,28.511721,0,61.807662,2.049077,144.252985,142.203907,7.212743,45.894211,0.017384,true,,,,,44.1617,0,17.6172,40.2046,,25.8916,90,derived,icgc_landcover_2024;gencat_protected_areas;icgc_coast_202602,,2026-08-21T20:11:40Z,0.2.0,,Landscape Recognition is optional and not included in the core score.,partial,25.8916,25.8916,100,,official,landscape_core,true
430521,Xerta,09,Baix Ebre,2024-2026,32.4206,46.731485,22.050331,1.201207,121.960862,11.840836,257.215729,245.374893,9.580197,77.574767,3.058074,false,,,,,43.2392,1.4573,27.7833,60,,31.4439,90,derived,icgc_landcover_2024;gencat_protected_areas;icgc_coast_202602,,2026-08-21T20:11:40Z,0.2.0,,Landscape Recognition is optional and not included in the core score.,partial,31.4439,31.4439,100,,official,landscape_core,true
430537,Duesaigües,08,Baix Camp,2024-2026,13.631,84.871604,52.674246,4.651508,426.038064,268.882806,612.939728,344.056921,19.324185,109.828962,0.255246,false,,,,,85.9598,5.6433,54.3495,5.0158,,45.8365,90,derived,icgc_landcover_2024;gencat_protected_areas;icgc_coast_202602,,2026-08-21T20:11:40Z,0.2.0,,Landscape Recognition is optional and not included in the core score.,partial,45.8365,45.8365,100,,official,landscape_core,true
430542,l'Espluga de Francolí,16,Conca de Barberà,2024-2026,56.4147,42.783132,25.666728,11.712061,503.518011,397.603268,683.046689,285.44342,8.890106,92.426566,0.044021,false,,,,,38.8166,14.2094,28.107,0.7434,,24.2764,90,derived,icgc_landcover_2024;gencat_protected_areas;icgc_coast_202602,,2026-08-21T20:11:40Z,0.2.0,,Landscape Recognition is optional and not included in the core score.,partial,24.2764,24.2764,100,,official,landscape_core,true
430555,Falset,29,Priorat,2024-2026,31.9088,57.754779,35.451186,46.619932,376.813693,239.445087,559.997821,320.552734,14.452459,97.410384,0.258,false,,,,,55.5863,56.5605,42.2778,5.0715,,44.9255,90,derived,icgc_landcover_2024;gencat_protected_areas;icgc_coast_202602,,2026-08-21T20:11:40Z,0.2.0,,Landscape Recognition is optional and not included in the core score.,partial,44.9255,44.9255,100,,official,landscape_core,true
430568,la Fatarella,37,Terra Alta,2024-2026,56.6806,64.7317,39.060481,22.034824,395.735774,216.159256,538.283582,322.124326,14.179937,103.306455,0.087819,false,,,,,63.4011,26.7332,41.7378,1.6293,,39.5525,90,derived,icgc_landcover_2024;gencat_protected_areas;icgc_coast_202602,,2026-08-21T20:11:40Z,0.2.0,,Landscape Recognition is optional and not included in the core score.,partial,39.5525,39.5525,100,,official,landscape_core,true
430574,la Febró,08,Baix Camp,2024-2026,16.0564,95.971948,77.715232,91.833635,877.79774,719.934644,989.440967,269.506323,16.113888,88.866204,0.01221,false,,,,,98.3932,100,43.6269,0.1,,70.3593,90,derived,icgc_landcover_2024;gencat_protected_areas;icgc_coast_202602,,2026-08-21T20:11:40Z,0.2.0,,Landscape Recognition is optional and not included in the core score.,partial,70.3593,70.3593,100,,official,landscape_core,true
430580,la Figuera,29,Priorat,2024-2026,18.9172,86.095715,41.80819,86.685667,428.182182,285.115436,567.96322,282.847784,16.272959,85.171794,0.027578,false,,,,,87.3309,100,44.6103,0.4108,,66.78,90,derived,icgc_landcover_2024;gencat_protected_areas;icgc_coast_202602,,2026-08-21T20:11:40Z,0.2.0,,Landscape Recognition is optional and not included in the core score.,partial,66.78,66.78,100,,official,landscape_core,true
430593,Figuerola del Camp,01,Alt Camp,2024-2026,22.454,50.817612,39.618107,41.720888,498.99186,347.574698,723.100494,375.525797,9.753109,119.53991,0.026537,false,,,,,47.816,50.6169,34.2719,0.3897,,38.0163,90,derived,icgc_landcover_2024;gencat_protected_areas;icgc_coast_202602,,2026-08-21T20:11:40Z,0.2.0,,Landscape Recognition is optional and not included in the core score.,partial,38.0163,38.0163,100,,official,landscape_core,true
430607,Flix,30,Ribera d'Ebre,2024-2026,116.6356,57.933748,20.816797,2.1043,181.005439,50.242409,368.883612,318.641203,10.770347,99.159406,2.226708,false,,,,,55.7868,2.553,33.8967,44.8924,,35.3717,90,derived,icgc_landcover_2024;gencat_protected_areas;icgc_coast_202602,,2026-08-21T20:11:40Z,0.2.0,,Landscape Recognition is optional and not included in the core score.,partial,35.3717,35.3717,100,,official,landscape_core,true
430614,Forès,16,Conca de Barberà,2024-2026,16.1481,43.731982,30.709378,0.003895,715.753349,592.13869,838.655093,246.516403,10.261788,81.94724,0.01093,false,,,,,39.8794,0.0047,29.3715,0.074,,21.313,90,derived,icgc_landcover_2024;gencat_protected_areas;icgc_coast_202602,,2026-08-21T20:11:40Z,0.2.0,,Landscape Recognition is optional and not included in the core score.,partial,21.313,21.313,100,,official,landscape_core,true
430629,Freginals,22,Montsià,2024-2026,17.4474,44.036012,8.183444,30.037658,182.824125,91.616966,462.903772,371.286806,11.158727,111.424966,0.070148,false,,,,,40.22,36.4425,37.2385,1.2718,,32.688,90,derived,icgc_landcover_2024;gencat_protected_areas;icgc_coast_202602,,2026-08-21T20:11:40Z,0.2.0,,Landscape Recognition is optional and not included in the core score.,partial,32.688,32.688,100,,official,landscape_core,true
430635,la Galera,22,Montsià,2024-2026,27.4057,7.274924,0.510402,1.500501,161.051201,82.781622,238.512462,155.73084,1.845604,47.684452,0.398094,false,,,,,0,1.8204,6.1653,7.9052,,3.1822,90,derived,icgc_landcover_2024;gencat_protected_areas;icgc_coast_202602,,2026-08-21T20:11:40Z,0.2.0,,Landscape Recognition is optional and not included in the core score.,partial,3.1822,3.1822,100,,official,landscape_core,true
430640,Gandesa,37,Terra Alta,2024-2026,71.3023,46.083281,29.268897,25.479946,401.088346,303.153305,513.162207,210.008902,10.82683,70.52756,0.180753,false,,,,,42.5131,30.9129,28.9331,3.509,,30.3674,90,derived,icgc_landcover_2024;gencat_protected_areas;icgc_coast_202602,,2026-08-21T20:11:40Z,0.2.0,,Landscape Recognition is optional and not included in the core score.,partial,30.3674,30.3674,100,,official,landscape_core,true
430653,Garcia,30,Ribera d'Ebre,2024-2026,52.2487,68.468209,37.503994,50.757404,154.99547,29.360207,364.44543,335.085223,13.362879,102.714146,1.904063,false,,,,,67.5864,61.5802,40.5052,38.3663,,54.9315,90,derived,icgc_landcover_2024;gencat_protected_areas;icgc_coast_202602,,2026-08-21T20:11:40Z,0.2.0,,Landscape Recognition is optional and not included in the core score.,partial,54.9315,54.9315,100,,official,landscape_core,true
430666,els Garidells,01,Alt Camp,2024-2026,3.0076,25.306153,6.204106,0,121.431869,84.002068,149.858078,65.85601,4.145431,18.343567,1.452093,false,,,,,19.2407,0,7.1323,29.2243,,12.901,90,derived,icgc_landcover_2024;gencat_protected_areas;icgc_coast_202602,,2026-08-21T20:11:40Z,0.2.0,,Landscape Recognition is optional and not included in the core score.,partial,12.901,12.901,100,,official,landscape_core,true
430672,Ginestar,30,Ribera d'Ebre,2024-2026,15.6136,33.052215,23.469636,0.595638,70.25118,20.730646,120.861061,100.130415,5.235125,34.164887,0.722405,false,,,,,27.9171,0.7226,11.1923,14.465,,14.9195,90,derived,icgc_landcover_2024;gencat_protected_areas;icgc_coast_202602,,2026-08-21T20:11:40Z,0.2.0,,Landscape Recognition is optional and not included in the core score.,partial,14.9195,14.9195,100,,official,landscape_core,true
430688,Godall,22,Montsià,2024-2026,33.9612,38.794751,2.876043,40.424419,176.711941,76.557297,333.147858,256.590561,6.709691,74.815474,0.172213,false,,,,,34.3493,49.0439,21.845,3.3363,,30.2449,90,derived,icgc_landcover_2024;gencat_protected_areas;icgc_coast_202602,,2026-08-21T20:11:40Z,0.2.0,,Landscape Recognition is optional and not included in the core score.,partial,30.2449,30.2449,100,,official,landscape_core,true
430691,Gratallops,29,Priorat,2024-2026,13.494,58.388623,22.956781,26.088525,250.633133,149.979742,342.487601,192.507858,16.143779,59.141605,0.785474,false,,,,,56.2963,31.6513,40.0857,15.7407,,39.9991,90,derived,icgc_landcover_2024;gencat_protected_areas;icgc_coast_202602,,2026-08-21T20:11:40Z,0.2.0,,Landscape Recognition is optional and not included in the core score.,partial,39.9991,39.9991,100,,official,landscape_core,true
430705,els Guiamets,29,Priorat,2024-2026,11.8907,41.470268,27.462963,9.138369,185.563812,123.511607,242.945724,119.434118,9.000886,36.004057,2.903847,false,,,,,37.3461,11.0869,20.5768,58.5889,,29.7754,90,derived,icgc_landcover_2024;gencat_protected_areas;icgc_coast_202602,,2026-08-21T20:11:40Z,0.2.0,,Landscape Recognition is optional and not included in the core score.,partial,29.7754,29.7754,100,,official,landscape_core,true
430712,Horta de Sant Joan,37,Terra Alta,2024-2026,119.2277,70.790804,46.992533,62.575022,576.004543,357.273247,993.156866,635.88362,16.591814,201.500901,0.138214,false,,,,,70.1879,75.9176,61.8726,2.6486,,59.4106,90,derived,icgc_landcover_2024;gencat_protected_areas;icgc_coast_202602,,2026-08-21T20:11:40Z,0.2.0,,Landscape Recognition is optional and not included in the core score.,partial,59.4106,59.4106,100,,official,landscape_core,true
430727,el Lloar,29,Priorat,2024-2026,6.6665,76.581713,36.45319,83.057643,302.921989,163.165192,453.545532,290.380341,17.696351,92.125795,0.406924,false,,,,,76.6743,100,48.1685,8.0838,,65.0907,90,derived,icgc_landcover_2024;gencat_protected_areas;icgc_coast_202602,,2026-08-21T20:11:40Z,0.2.0,,Landscape Recognition is optional and not included in the core score.,partial,65.0907,65.0907,100,,official,landscape_core,true
430733,Llorac,16,Conca de Barberà,2024-2026,23.1376,41.233284,33.031758,11.431376,731.831778,636.158105,808.008618,171.850513,10.308516,50.890576,0.006294,false,,,,,37.0807,13.8688,25.9778,0,,22.9399,90,derived,icgc_landcover_2024;gencat_protected_areas;icgc_coast_202602,,2026-08-21T20:11:40Z,0.2.0,,Landscape Recognition is optional and not included in the core score.,partial,22.9399,22.9399,100,,official,landscape_core,true
430748,Llorenç del Penedès,12,Baix Penedès,2024-2026,4.678,13.634333,3.096611,0,166.571169,147.077225,190.631992,43.554766,2.034862,13.613096,0.907752,false,,,,,6.1672,0,1.3345,18.214,,5.2243,90,derived,icgc_landcover_2024;gencat_protected_areas;icgc_coast_202602,,2026-08-21T20:11:40Z,0.2.0,,Landscape Recognition is optional and not included in the core score.,partial,5.2243,5.2243,100,,official,landscape_core,true
430751,Margalef,29,Priorat,2024-2026,34.7588,87.370558,48.769501,76.340736,595.492411,410.182666,887.044067,476.861401,22.733038,138.483874,0.736977,false,,,,,88.7588,92.6186,68.2494,14.7598,,73.4965,90,derived,icgc_landcover_2024;gencat_protected_areas;icgc_coast_202602,,2026-08-21T20:11:40Z,0.2.0,,Landscape Recognition is optional and not included in the core score.,partial,73.4965,73.4965,100,,official,landscape_core,true
430764,Marçà,29,Priorat,2024-2026,16.1211,44.39098,28.236897,26.894414,314.640714,238.367185,469.084079,230.716894,9.462265,70.781912,0.239604,false,,,,,40.6176,32.629,26.8307,4.6994,,29.786,90,derived,icgc_landcover_2024;gencat_protected_areas;icgc_coast_202602,,2026-08-21T20:11:40Z,0.2.0,,Landscape Recognition is optional and not included in the core score.,partial,29.786,29.786,100,,official,landscape_core,true
430770,Mas de Barberans,22,Montsià,2024-2026,78.881,49.855945,14.944941,47.381589,461.377884,195.548923,946.965771,751.416849,14.42536,237.458975,0.041777,false,,,,,46.7389,57.4846,62.4084,0.698,,46.4366,90,derived,icgc_landcover_2024;gencat_protected_areas;icgc_coast_202602,,2026-08-21T20:11:40Z,0.2.0,,Landscape Recognition is optional and not included in the core score.,partial,46.4366,46.4366,100,,official,landscape_core,true
430786,Masdenverge,22,Montsià,2024-2026,14.6909,20.28,4.877872,0,55.950415,20.554533,95.406111,74.851578,4.322671,24.348732,0.078427,false,,,,,13.611,0,7.9529,1.4393,,6.968,90,derived,icgc_landcover_2024;gencat_protected_areas;icgc_coast_202602,,2026-08-21T20:11:40Z,0.2.0,,Landscape Recognition is optional and not included in the core score.,partial,6.968,6.968,100,,official,landscape_core,true
430799,Masllorenç,12,Baix Penedès,2024-2026,6.5262,66.877945,41.915402,0.281861,286.417221,227.233356,342.809354,115.575998,8.370173,34.079408,0.007799,false,,,,,65.8051,0.342,18.9757,0.0107,,27.8628,90,derived,icgc_landcover_2024;gencat_protected_areas;icgc_coast_202602,,2026-08-21T20:11:40Z,0.2.0,,Landscape Recognition is optional and not included in the core score.,partial,27.8628,27.8628,100,,official,landscape_core,true
430803,la Masó,01,Alt Camp,2024-2026,3.4612,20.347434,0.504997,0,119.719589,106.450094,139.106656,32.656562,2.243762,10.499615,2.451379,false,,,,,13.6865,0,1.6476,49.4368,,12.6177,90,derived,icgc_landcover_2024;gencat_protected_areas;icgc_coast_202602,,2026-08-21T20:11:40Z,0.2.0,,Landscape Recognition is optional and not included in the core score.,partial,12.6177,12.6177,100,,official,landscape_core,true
430810,Maspujols,08,Baix Camp,2024-2026,3.5978,50.345912,27.876097,0,286.786408,197.996913,403.211612,205.214699,10.17413,64.318492,0.616377,false,,,,,47.2877,0,27.2386,12.3204,,25.2084,90,derived,icgc_landcover_2024;gencat_protected_areas;icgc_coast_202602,,2026-08-21T20:11:40Z,0.2.0,,Landscape Recognition is optional and not included in the core score.,partial,25.2084,25.2084,100,,official,landscape_core,true
430825,el Masroig,29,Priorat,2024-2026,15.535,54.023947,35.089839,1.251631,167.330554,75.246257,260.759915,185.513658,11.434673,54.821241,0.334331,false,,,,,51.4074,1.5185,29.1539,6.6154,,26.653,90,derived,icgc_landcover_2024;gencat_protected_areas;icgc_coast_202602,,2026-08-21T20:11:40Z,0.2.0,,Landscape Recognition is optional and not included in the core score.,partial,26.653,26.653,100,,official,landscape_core,true
430831,el Milà,01,Alt Camp,2024-2026,4.1648,14.59116,3.676344,0,159.900173,129.234543,179.482338,50.247795,2.379782,14.883849,1.242011,false,,,,,7.2389,0,2.4249,24.9751,,6.8861,90,derived,icgc_landcover_2024;gencat_protected_areas;icgc_coast_202602,,2026-08-21T20:11:40Z,0.2.0,,Landscape Recognition is optional and not included in the core score.,partial,6.8861,6.8861,100,,official,landscape_core,true
430846,Miravet,30,Ribera d'Ebre,2024-2026,32.5942,61.006741,25.974452,26.932926,138.685006,16.995556,281.032904,264.037348,11.400861,89.115864,3.490854,false,,,,,59.2288,32.6757,32.7576,60,,46.0884,90,derived,icgc_landcover_2024;gencat_protected_areas;icgc_coast_202602,,2026-08-21T20:11:40Z,0.2.0,,Landscape Recognition is optional and not included in the core score.,partial,46.0884,46.0884,100,,official,landscape_core,true
430859,el Molar,29,Priorat,2024-2026,22.7488,67.96923,31.690845,40.361382,209.906767,97.463174,367.620056,270.156882,14.038093,79.85155,0.238291,false,,,,,67.0275,48.9675,38.983,4.6729,,46.1482,90,derived,icgc_landcover_2024;gencat_protected_areas;icgc_coast_202602,,2026-08-21T20:11:40Z,0.2.0,,Landscape Recognition is optional and not included in the core score.,partial,46.1482,46.1482,100,,official,landscape_core,true
430862,Montblanc,16,Conca de Barberà,2024-2026,91.0786,65.593109,44.698087,42.048766,549.313068,318.871147,983.682462,664.811314,11.720483,229.61388,0.097794,false,,,,,64.366,51.0146,52.2589,1.831,,48.6211,90,derived,icgc_landcover_2024;gencat_protected_areas;icgc_coast_202602,,2026-08-21T20:11:40Z,0.2.0,,Landscape Recognition is optional and not included in the core score.,partial,48.6211,48.6211,100,,official,landscape_core,true
430884,Montbrió del Camp,08,Baix Camp,2024-2026,10.5288,11.489752,2.8605,0,127.65544,102.592588,159.178137,56.585549,1.732475,18.194987,0.280931,false,,,,,3.765,0,1.2643,5.5354,,2.4641,90,derived,icgc_landcover_2024;gencat_protected_areas;icgc_coast_202602,,2026-08-21T20:11:40Z,0.2.0,,Landscape Recognition is optional and not included in the core score.,partial,2.4641,2.4641,100,,official,landscape_core,true
430897,Montferri,01,Alt Camp,2024-2026,19.1549,52.140307,25.143135,18.833149,258.291838,203.022744,311.976576,108.953832,6.916193,32.660463,0.127606,false,,,,,49.2976,22.8489,15.3912,2.434,,27.1793,90,derived,icgc_landcover_2024;gencat_protected_areas;icgc_coast_202602,,2026-08-21T20:11:40Z,0.2.0,,Landscape Recognition is optional and not included in the core score.,partial,27.1793,27.1793,100,,official,landscape_core,true
430901,el Montmell,12,Baix Penedès,2024-2026,72.6569,88.649823,50.481977,67.248221,481.652412,337.142531,641.4013,304.258769,15.276693,93.971094,0.01572,false,,,,,90.1917,81.5873,43.3702,0.1709,,62.8321,90,derived,icgc_landcover_2024;gencat_protected_areas;icgc_coast_202602,,2026-08-21T20:11:40Z,0.2.0,,Landscape Recognition is optional and not included in the core score.,partial,62.8321,62.8321,100,,official,landscape_core,true
430918,Mont-ral,01,Alt Camp,2024-2026,34.4977,92.531292,80.535792,89.804535,746.945159,533.009195,1006.347903,473.338708,16.540499,131.146844,0.014034,false,,,,,94.5393,100,54.1397,0.1368,,71.6442,90,derived,icgc_landcover_2024;gencat_protected_areas;icgc_coast_202602,,2026-08-21T20:11:40Z,0.2.0,,Landscape Recognition is optional and not included in the core score.,partial,71.6442,71.6442,100,,official,landscape_core,true
430923,Mont-roig del Camp,08,Baix Camp,2024-2026,63.2701,41.908434,17.865281,3.844186,78.064426,10.408503,182.27282,171.864316,3.160708,58.028648,0.144438,true,,,,,37.8369,4.6639,9.8827,42.7745,,23.2957,90,derived,icgc_landcover_2024;gencat_protected_areas;icgc_coast_202602,,2026-08-21T20:11:40Z,0.2.0,,Landscape Recognition is optional and not included in the core score.,partial,23.2957,23.2957,100,,official,landscape_core,true
430939,Móra d'Ebre,30,Ribera d'Ebre,2024-2026,45.3646,53.323994,30.651646,34.774269,160.382349,25.305351,344.706084,319.400733,9.810739,96.090011,1.467014,false,,,,,50.6234,42.189,31.7715,29.5262,,40.6372,90,derived,icgc_landcover_2024;gencat_protected_areas;icgc_coast_202602,,2026-08-21T20:11:40Z,0.2.0,,Landscape Recognition is optional and not included in the core score.,partial,40.6372,40.6372,100,,official,landscape_core,true
430944,Móra la Nova,30,Ribera d'Ebre,2024-2026,15.6437,22.427875,9.982572,0.793275,76.109431,23.124269,145.669392,122.545123,5.273528,39.036339,2.234685,false,,,,,16.0168,0.9624,12.3292,45.0538,,15.6868,90,derived,icgc_landcover_2024;gencat_protected_areas;icgc_coast_202602,,2026-08-21T20:11:40Z,0.2.0,,Landscape Recognition is optional and not included in the core score.,partial,15.6868,15.6868,100,,official,landscape_core,true
430957,el Morell,36,Tarragonès,2024-2026,5.9719,21.842694,0.432662,0,93.191996,75.020324,121.838686,46.818362,1.420055,14.028406,1.399511,false,,,,,15.3613,0,0.3104,28.1608,,9.6782,90,derived,icgc_landcover_2024;gencat_protected_areas;icgc_coast_202602,,2026-08-21T20:11:40Z,0.2.0,,Landscape Recognition is optional and not included in the core score.,partial,9.6782,9.6782,100,,official,landscape_core,true
430960,la Morera de Montsant,29,Priorat,2024-2026,53.3314,89.985749,49.496105,76.698103,751.422687,410.206352,1086.007172,675.800819,20.968545,233.424932,0.043276,false,,,,,91.6881,93.0521,73.5989,0.7283,,73.8628,90,derived,icgc_landcover_2024;gencat_protected_areas;icgc_coast_202602,,2026-08-21T20:11:40Z,0.2.0,,Landscape Recognition is optional and not included in the core score.,partial,73.8628,73.8628,100,,official,landscape_core,true
430976,la Nou de Gaià,36,Tarragonès,2024-2026,4.2977,38.056559,17.783391,0,94.482758,47.939875,170.939143,122.999268,6.39351,36.967798,0.271639,false,,,,,33.5224,0,14.8725,5.3474,,16.2531,90,derived,icgc_landcover_2024;gencat_protected_areas;icgc_coast_202602,,2026-08-21T20:11:40Z,0.2.0,,Landscape Recognition is optional and not included in the core score.,partial,16.2531,16.2531,100,,official,landscape_core,true
430982,Nulles,01,Alt Camp,2024-2026,10.6474,9.91845,2.871475,0,227.043073,186.269153,255.177496,68.908344,3.066886,21.523134,0.51177,false,,,,,2.005,0,4.8467,10.2045,,3.4441,90,derived,icgc_landcover_2024;gencat_protected_areas;icgc_coast_202602,,2026-08-21T20:11:40Z,0.2.0,,Landscape Recognition is optional and not included in the core score.,partial,3.4441,3.4441,100,,official,landscape_core,true
430995,la Palma d'Ebre,30,Ribera d'Ebre,2024-2026,38.0766,57.874028,25.683272,0,332.895864,226.923314,443.140395,216.217081,11.17585,65.073602,0.586481,false,,,,,55.7199,0,30.01,11.7157,,28.7618,90,derived,icgc_landcover_2024;gencat_protected_areas;icgc_coast_202602,,2026-08-21T20:11:40Z,0.2.0,,Landscape Recognition is optional and not included in the core score.,partial,28.7618,28.7618,100,,official,landscape_core,true
431009,els Pallaresos,36,Tarragonès,2024-2026,5.023,46.328202,26.795826,0,112.636244,58.492797,148.139752,89.646955,6.530772,28.261075,0.47628,false,,,,,42.7874,0,13.6185,9.4867,,19.8032,90,derived,icgc_landcover_2024;gencat_protected_areas;icgc_coast_202602,,2026-08-21T20:11:40Z,0.2.0,,Landscape Recognition is optional and not included in the core score.,partial,19.8032,19.8032,100,,official,landscape_core,true
431016,Passanant i Belltall,16,Conca de Barberà,2024-2026,27.7667,41.782701,26.307047,7.524703,718.552035,632.934418,801.206757,168.272339,10.308345,51.13068,0,false,,,,,37.6961,9.1292,25.8097,0,,21.9283,90,derived,icgc_landcover_2024;gencat_protected_areas;icgc_coast_202602,,2026-08-21T20:11:40Z,0.2.0,,Landscape Recognition is optional and not included in the core score.,partial,21.9283,21.9283,100,,official,landscape_core,true
431021,Paüls,09,Baix Ebre,2024-2026,43.7727,81.898126,56.557538,54.424855,464.695317,176.581295,904.435074,727.853779,22.849586,224.138679,0.033594,false,,,,,82.6292,66.0296,80.2741,0.5324,,65.576,90,derived,icgc_landcover_2024;gencat_protected_areas;icgc_coast_202602,,2026-08-21T20:11:40Z,0.2.0,,Landscape Recognition is optional and not included in the core score.,partial,65.576,65.576,100,,official,landscape_core,true
431037,Perafort,36,Tarragonès,2024-2026,9.7226,31.619067,11.738548,0,92.99156,59.843669,131.74995,71.906281,4.062438,21.031343,2.129108,false,,,,,26.3118,0,7.2289,42.9183,,17.4541,90,derived,icgc_landcover_2024;gencat_protected_areas;icgc_coast_202602,,2026-08-21T20:11:40Z,0.2.0,,Landscape Recognition is optional and not included in the core score.,partial,17.4541,17.4541,100,,official,landscape_core,true
431042,el Perelló,09,Baix Ebre,2024-2026,100.7045,57.399116,20.499919,22.212612,229.844448,82.858912,444.41375,361.554838,10.231011,114.884726,0.031043,true,,,,,55.1879,26.9489,34.6933,40.4809,,40.7985,90,derived,icgc_landcover_2024;gencat_protected_areas;icgc_coast_202602,,2026-08-21T20:11:40Z,0.2.0,,Landscape Recognition is optional and not included in the core score.,partial,40.7985,40.7985,100,,official,landscape_core,true
431055,les Piles de Gaià,16,Conca de Barberà,2024-2026,22.5734,28.976377,22.707822,0,694.598357,623.158667,774.043982,150.885315,7.61633,47.550075,0.124401,false,,,,,23.3517,0,18.9329,2.3692,,13.2617,90,derived,icgc_landcover_2024;gencat_protected_areas;icgc_coast_202602,,2026-08-21T20:11:40Z,0.2.0,,Landscape Recognition is optional and not included in the core score.,partial,13.2617,13.2617,100,,official,landscape_core,true
431068,el Pinell de Brai,37,Terra Alta,2024-2026,57.1677,69.909783,33.617877,35.846056,265.618,119.651389,554.057571,434.406182,14.914348,123.850836,0.15917,false,,,,,69.2011,43.4894,48.6534,3.0725,,47.717,90,derived,icgc_landcover_2024;gencat_protected_areas;icgc_coast_202602,,2026-08-21T20:11:40Z,0.2.0,,Landscape Recognition is optional and not included in the core score.,partial,47.717,47.717,100,,official,landscape_core,true
431074,Pira,16,Conca de Barberà,2024-2026,8.5751,21.602841,10.228146,0,399.652681,355.98136,464.503375,108.522015,5.299949,30.594645,0.179966,false,,,,,15.0927,0,11.7315,3.4931,,8.7393,90,derived,icgc_landcover_2024;gencat_protected_areas;icgc_coast_202602,,2026-08-21T20:11:40Z,0.2.0,,Landscape Recognition is optional and not included in the core score.,partial,8.7393,8.7393,100,,official,landscape_core,true
431080,el Pla de Santa Maria,01,Alt Camp,2024-2026,35.0835,28.567964,16.273559,1.261539,348.358967,279.376685,413.03548,133.658795,1.926997,49.347286,0.124535,false,,,,,22.8943,1.5305,5.3142,2.3719,,10.08,90,derived,icgc_landcover_2024;gencat_protected_areas;icgc_coast_202602,,2026-08-21T20:11:40Z,0.2.0,,Landscape Recognition is optional and not included in the core score.,partial,10.08,10.08,100,,official,landscape_core,true
431093,la Pobla de Mafumet,36,Tarragonès,2024-2026,6.0688,21.238488,0.580399,0,82.564188,54.089849,116.933146,62.843296,1.432109,19.856053,2.8687,false,,,,,14.6846,0,1.0613,57.878,,14.0866,90,derived,icgc_landcover_2024;gencat_protected_areas;icgc_coast_202602,,2026-08-21T20:11:40Z,0.2.0,,Landscape Recognition is optional and not included in the core score.,partial,14.0866,14.0866,100,,official,landscape_core,true
431107,la Pobla de Massaluca,37,Terra Alta,2024-2026,43.1513,67.293183,27.121471,37.374606,268.866585,120.337208,352.504849,232.167641,13.940867,69.89098,1.76129,false,,,,,66.2702,45.3438,36.9838,35.4785,,49.0982,90,derived,icgc_landcover_2024;gencat_protected_areas;icgc_coast_202602,,2026-08-21T20:11:40Z,0.2.0,,Landscape Recognition is optional and not included in the core score.,partial,49.0982,49.0982,100,,official,landscape_core,true
431114,la Pobla de Montornès,36,Tarragonès,2024-2026,12.3183,34.727436,13.596264,0,99.7724,35.239601,204.893068,169.653467,6.593278,52.519336,0.010239,false,,,,,29.7935,0,17.5086,0.0601,,14.8139,90,derived,icgc_landcover_2024;gencat_protected_areas;icgc_coast_202602,,2026-08-21T20:11:40Z,0.2.0,,Landscape Recognition is optional and not included in the core score.,partial,14.8139,14.8139,100,,official,landscape_core,true
431129,Poboleda,29,Priorat,2024-2026,13.7904,69.69336,38.874438,27.087355,446.470734,319.190323,633.82959,314.639267,18.619353,97.754673,0.021893,false,,,,,68.9587,32.8631,51.3838,0.2958,,45.2416,90,derived,icgc_landcover_2024;gencat_protected_areas;icgc_coast_202602,,2026-08-21T20:11:40Z,0.2.0,,Landscape Recognition is optional and not included in the core score.,partial,45.2416,45.2416,100,,official,landscape_core,true
431135,el Pont d'Armentera,01,Alt Camp,2024-2026,21.6274,80.934695,41.650643,52.710592,571.102832,362.372864,817.687268,455.314404,14.848679,151.626469,0.111042,false,,,,,81.55,63.9499,49.4854,2.099,,57.2162,90,derived,icgc_landcover_2024;gencat_protected_areas;icgc_coast_202602,,2026-08-21T20:11:40Z,0.2.0,,Landscape Recognition is optional and not included in the core score.,partial,57.2162,57.2162,100,,official,landscape_core,true
431140,Porrera,29,Priorat,2024-2026,28.6176,73.871274,40.017424,38.323996,437.072556,260.284685,669.801227,409.516542,20.921087,123.860142,0.123557,false,,,,,73.6383,46.4957,61.0131,2.3521,,53.0034,90,derived,icgc_landcover_2024;gencat_protected_areas;icgc_coast_202602,,2026-08-21T20:11:40Z,0.2.0,,Landscape Recognition is optional and not included in the core score.,partial,53.0034,53.0034,100,,official,landscape_core,true
431153,Pradell de la Teixeta,29,Priorat,2024-2026,21.9855,80.605793,43.75658,15.992629,509.748804,355.696841,669.421561,313.724719,16.619954,94.920424,0.038051,false,,,,,81.1816,19.4027,46.8387,0.6226,,45.0673,90,derived,icgc_landcover_2024;gencat_protected_areas;icgc_coast_202602,,2026-08-21T20:11:40Z,0.2.0,,Landscape Recognition is optional and not included in the core score.,partial,45.0673,45.0673,100,,official,landscape_core,true
431166,Prades,08,Baix Camp,2024-2026,32.6036,85.751989,73.414144,77.192763,963.639119,806.862567,1112.9112,306.048633,15.063777,86.790285,0.07351,false,,,,,86.9459,93.6523,42.9746,1.3399,,64.7888,90,derived,icgc_landcover_2024;gencat_protected_areas;icgc_coast_202602,,2026-08-21T20:11:40Z,0.2.0,,Landscape Recognition is optional and not included in the core score.,partial,64.7888,64.7888,100,,official,landscape_core,true
431172,Prat de Comte,37,Terra Alta,2024-2026,26.3518,87.705943,63.900197,67.71122,430.726914,210.373904,778.675854,568.30195,21.266779,164.350859,0.095594,false,,,,,89.1345,82.149,69.2328,1.7866,,69.3105,90,derived,icgc_landcover_2024;gencat_protected_areas;icgc_coast_202602,,2026-08-21T20:11:40Z,0.2.0,,Landscape Recognition is optional and not included in the core score.,partial,69.3105,69.3105,100,,official,landscape_core,true
431188,Pratdip,08,Baix Camp,2024-2026,35.7256,88.985867,36.972602,50.132378,339.66703,126.231758,579.598755,453.366997,19.574386,133.947652,0.02451,false,,,,,90.5681,60.8219,60.0356,0.3487,,61.9655,90,derived,icgc_landcover_2024;gencat_protected_areas;icgc_coast_202602,,2026-08-21T20:11:40Z,0.2.0,,Landscape Recognition is optional and not included in the core score.,partial,61.9655,61.9655,100,,official,landscape_core,true
431191,Puigpelat,01,Alt Camp,2024-2026,9.5318,13.870853,3.373249,0,244.131109,212.540125,269.627448,57.087323,2.61672,18.085477,0.189872,false,,,,,6.4321,0,3.279,3.6935,,3.625,90,derived,icgc_landcover_2024;gencat_protected_areas;icgc_coast_202602,,2026-08-21T20:11:40Z,0.2.0,,Landscape Recognition is optional and not included in the core score.,partial,3.625,3.625,100,,official,landscape_core,true
431205,Querol,01,Alt Camp,2024-2026,72.2628,86.071847,62.059657,65.036765,678.980506,477.544914,854.3349,376.789986,13.510651,109.380373,0.025397,false,,,,,87.3041,78.9043,42.7925,0.3667,,61.0356,90,derived,icgc_landcover_2024;gencat_protected_areas;icgc_coast_202602,,2026-08-21T20:11:40Z,0.2.0,,Landscape Recognition is optional and not included in the core score.,partial,61.0356,61.0356,100,,official,landscape_core,true
431212,Rasquera,30,Ribera d'Ebre,2024-2026,51.028,64.350545,28.591647,47.478434,253.02364,79.23145,566.791656,487.560207,12.850234,151.002806,0.075404,false,,,,,62.9742,57.6021,46.4963,1.3781,,48.2723,90,derived,icgc_landcover_2024;gencat_protected_areas;icgc_coast_202602,,2026-08-21T20:11:40Z,0.2.0,,Landscape Recognition is optional and not included in the core score.,partial,48.2723,48.2723,100,,official,landscape_core,true
431227,Renau,36,Tarragonès,2024-2026,8.3215,51.923877,26.492167,61.959481,160.162169,104.959173,203.688989,98.729816,7.749319,28.447846,3.236423,false,,,,,49.0551,75.1708,16.7882,60,,49.159,90,derived,icgc_landcover_2024;gencat_protected_areas;icgc_coast_202602,,2026-08-21T20:11:40Z,0.2.0,,Landscape Recognition is optional and not included in the core score.,partial,49.159,49.159,100,,official,landscape_core,true
431233,Reus,08,Baix Camp,2024-2026,52.9031,17.280015,1.02828,0,109.369506,42.582853,197.058069,154.475216,2.110932,47.769806,1.289895,false,,,,,10.2507,0,6.7039,25.9436,,9.1553,90,derived,icgc_landcover_2024;gencat_protected_areas;icgc_coast_202602,,2026-08-21T20:11:40Z,0.2.0,,Landscape Recognition is optional and not included in the core score.,partial,9.1553,9.1553,100,,official,landscape_core,true
431248,la Riba,01,Alt Camp,2024-2026,8.0449,93.400553,26.231581,69.923727,476.243254,237.278658,698.033484,460.754826,18.693158,139.950369,0.096754,false,,,,,95.513,84.8333,58.3974,1.81,,69.5087,90,derived,icgc_landcover_2024;gencat_protected_areas;icgc_coast_202602,,2026-08-21T20:11:40Z,0.2.0,,Landscape Recognition is optional and not included in the core score.,partial,69.5087,69.5087,100,,official,landscape_core,true
431251,Riba-roja d'Ebre,30,Ribera d'Ebre,2024-2026,99.3764,74.730071,37.10808,30.882436,219.926439,56.497667,403.815228,347.317561,15.62287,112.246859,4.352574,false,,,,,74.6003,37.4674,46.1676,60,,56.0189,90,derived,icgc_landcover_2024;gencat_protected_areas;icgc_coast_202602,,2026-08-21T20:11:40Z,0.2.0,,Landscape Recognition is optional and not included in the core score.,partial,56.0189,56.0189,100,,official,landscape_core,true
431264,la Riera de Gaià,36,Tarragonès,2024-2026,8.7747,38.283103,23.236732,2.786453,51.76523,19.872459,94.277966,74.405507,5.392413,23.266746,1.428005,false,,,,,33.7762,3.3806,10.3409,28.7371,,19.5626,90,derived,icgc_landcover_2024;gencat_protected_areas;icgc_coast_202602,,2026-08-21T20:11:40Z,0.2.0,,Landscape Recognition is optional and not included in the core score.,partial,19.5626,19.5626,100,,official,landscape_core,true
431270,Riudecanyes,08,Baix Camp,2024-2026,17.0331,63.245428,35.45937,0,284.825662,155.025192,471.213501,316.188309,12.361998,97.182973,2.898612,false,,,,,61.7364,0,37.3659,58.483,,39.7217,90,derived,icgc_landcover_2024;gencat_protected_areas;icgc_coast_202602,,2026-08-21T20:11:40Z,0.2.0,,Landscape Recognition is optional and not included in the core score.,partial,39.7217,39.7217,100,,official,landscape_core,true
431286,Riudecols,08,Baix Camp,2024-2026,19.5164,70.912011,47.460322,0,422.969526,269.342764,642.550214,373.207449,16.043447,109.909713,0.192263,false,,,,,70.3237,0,48.328,3.7418,,37.2566,90,derived,icgc_landcover_2024;gencat_protected_areas;icgc_coast_202602,,2026-08-21T20:11:40Z,0.2.0,,Landscape Recognition is optional and not included in the core score.,partial,37.2566,37.2566,100,,official,landscape_core,true
431299,Riudoms,08,Baix Camp,2024-2026,32.374,9.363161,0.786841,0,123.316755,61.876434,189.380836,127.504402,2.333986,39.618166,0.537832,false,,,,,1.3831,0,5.9423,10.7317,,3.5794,90,derived,icgc_landcover_2024;gencat_protected_areas;icgc_coast_202602,,2026-08-21T20:11:40Z,0.2.0,,Landscape Recognition is optional and not included in the core score.,partial,3.5794,3.5794,100,,official,landscape_core,true
431303,Rocafort de Queralt,16,Conca de Barberà,2024-2026,8.4382,33.599836,24.285958,0,595.483772,535.990845,698.184586,162.193741,7.823595,53.051222,0.035774,false,,,,,28.5305,0,19.9295,0.5765,,15.0545,90,derived,icgc_landcover_2024;gencat_protected_areas;icgc_coast_202602,,2026-08-21T20:11:40Z,0.2.0,,Landscape Recognition is optional and not included in the core score.,partial,15.0545,15.0545,100,,official,landscape_core,true
431310,Roda de Berà,36,Tarragonès,2024-2026,16.5255,54.005177,24.328381,19.275306,78.028742,6.529319,192.034583,185.505263,8.418588,57.694404,0.254814,true,,,,,51.3864,23.3853,22.3619,45.0071,,36.1731,90,derived,icgc_landcover_2024;gencat_protected_areas;icgc_coast_202602,,2026-08-21T20:11:40Z,0.2.0,,Landscape Recognition is optional and not included in the core score.,partial,36.1731,36.1731,100,,official,landscape_core,true
431325,Rodonyà,01,Alt Camp,2024-2026,8.5838,36.602972,22.057358,0,313.180978,271.573462,363.752545,92.179083,5.143138,26.95715,0.006795,false,,,,,31.8943,0,10.6125,0,,13.8161,90,derived,icgc_landcover_2024;gencat_protected_areas;icgc_coast_202602,,2026-08-21T20:11:40Z,0.2.0,,Landscape Recognition is optional and not included in the core score.,partial,13.8161,13.8161,100,,official,landscape_core,true
431331,Roquetes,09,Baix Ebre,2024-2026,137.1047,47.853312,19.157227,48.03723,394.943593,41.429562,1180.558765,1139.129203,13.259959,382.024858,0.304066,false,,,,,44.4957,58.28,76.4541,6.0033,,50.1575,90,derived,icgc_landcover_2024;gencat_protected_areas;icgc_coast_202602,,2026-08-21T20:11:40Z,0.2.0,,Landscape Recognition is optional and not included in the core score.,partial,50.1575,50.1575,100,,official,landscape_core,true
431346,el Rourell,01,Alt Camp,2024-2026,2.3157,21.155321,2.626901,0,107.096314,92.677097,131.411737,38.734641,2.078537,12.040317,2.872009,false,,,,,14.5914,0,1.2755,57.9449,,14.1176,90,derived,icgc_landcover_2024;gencat_protected_areas;icgc_coast_202602,,2026-08-21T20:11:40Z,0.2.0,,Landscape Recognition is optional and not included in the core score.,partial,14.1176,14.1176,100,,official,landscape_core,true
431359,Salomó,36,Tarragonès,2024-2026,12.3812,61.215123,31.163045,47.973812,208.552731,153.630608,261.05618,107.425572,9.133484,33.657479,0.458352,false,,,,,59.4622,58.2031,20.3125,9.124,,41.8093,90,derived,icgc_landcover_2024;gencat_protected_areas;icgc_coast_202602,,2026-08-21T20:11:40Z,0.2.0,,Landscape Recognition is optional and not included in the core score.,partial,41.8093,41.8093,100,,official,landscape_core,true
431362,la Ràpita,22,Montsià,2024-2026,53.0904,54.931236,2.138997,74.179131,43.525054,0,320.757385,320.757385,3.268872,112.058524,25.438177,true,,,,,52.4237,89.996,17.1039,100,,60.1233,90,derived,icgc_landcover_2024;gencat_protected_areas;icgc_coast_202602,,2026-08-21T20:11:40Z,0.2.0,,Landscape Recognition is optional and not included in the core score.,partial,60.1233,60.1233,100,,official,landscape_core,true
431378,Sant Jaume dels Domenys,12,Baix Penedès,2024-2026,24.5171,43.709611,22.982884,31.812164,259.10097,172.001192,432.377483,260.37629,8.080202,81.350531,0.202184,false,,,,,39.8544,38.5953,25.1085,3.9425,,30.4664,90,derived,icgc_landcover_2024;gencat_protected_areas;icgc_coast_202602,,2026-08-21T20:11:40Z,0.2.0,,Landscape Recognition is optional and not included in the core score.,partial,30.4664,30.4664,100,,official,landscape_core,true
431384,Santa Bàrbara,22,Montsià,2024-2026,28.1328,5.360279,0.544446,0,91.671581,31.720783,154.009508,122.288725,1.429108,37.52376,0.346446,false,,,,,0,0,3.8471,6.8605,,1.9909,90,derived,icgc_landcover_2024;gencat_protected_areas;icgc_coast_202602,,2026-08-21T20:11:40Z,0.2.0,,Landscape Recognition is optional and not included in the core score.,partial,1.9909,1.9909,100,,official,landscape_core,true
431397,Santa Coloma de Queralt,16,Conca de Barberà,2024-2026,33.994,21.994513,14.97295,0.997794,721.975893,653.998758,791.867627,137.868869,7.220891,43.872488,0.007026,false,,,,,15.5314,1.2105,17.4324,0,,10.0967,90,derived,icgc_landcover_2024;gencat_protected_areas;icgc_coast_202602,,2026-08-21T20:11:40Z,0.2.0,,Landscape Recognition is optional and not included in the core score.,partial,10.0967,10.0967,100,,official,landscape_core,true
431401,Santa Oliva,12,Baix Penedès,2024-2026,9.7045,19.581193,2.433534,0,93.549594,59.401461,139.904645,80.503184,1.972268,23.806073,0.124593,false,,,,,12.8282,0,2.9251,2.3731,,5.5771,90,derived,icgc_landcover_2024;gencat_protected_areas;icgc_coast_202602,,2026-08-21T20:11:40Z,0.2.0,,Landscape Recognition is optional and not included in the core score.,partial,5.5771,5.5771,100,,official,landscape_core,true
431418,Pontils,16,Conca de Barberà,2024-2026,67.3299,77.91,58.824018,61.313011,689.961796,568.636517,836.010345,267.373828,14.272098,83.098031,0.02058,false,,,,,78.1621,74.3865,39.3796,0.2692,,55.8386,90,derived,icgc_landcover_2024;gencat_protected_areas;icgc_coast_202602,,2026-08-21T20:11:40Z,0.2.0,,Landscape Recognition is optional and not included in the core score.,partial,55.8386,55.8386,100,,official,landscape_core,true
431423,Sarral,16,Conca de Barberà,2024-2026,52.4474,49.307832,25.540621,19.430162,583.603059,459.000031,758.16571,299.16568,10.122611,90.864748,0.033304,false,,,,,46.1249,23.5732,31.5254,0.5266,,29.9974,90,derived,icgc_landcover_2024;gencat_protected_areas;icgc_coast_202602,,2026-08-21T20:11:40Z,0.2.0,,Landscape Recognition is optional and not included in the core score.,partial,29.9974,29.9974,100,,official,landscape_core,true
431439,Savallà del Comtat,16,Conca de Barberà,2024-2026,14.6318,48.562738,37.463227,47.872655,750.996275,657.089713,825.006354,167.916641,10.735812,48.882376,0,false,,,,,45.2903,58.0803,26.7555,0,,37.0606,90,derived,icgc_landcover_2024;gencat_protected_areas;icgc_coast_202602,,2026-08-21T20:11:40Z,0.2.0,,Landscape Recognition is optional and not included in the core score.,partial,37.0606,37.0606,100,,official,landscape_core,true
431444,la Secuita,36,Tarragonès,2024-2026,17.7941,20.647319,11.412879,0.956981,150.307785,114.543504,192.178143,77.634639,3.628397,23.584593,0.238442,false,,,,,14.0224,1.161,6.52,4.6759,,7.5295,90,derived,icgc_landcover_2024;gencat_protected_areas;icgc_coast_202602,,2026-08-21T20:11:40Z,0.2.0,,Landscape Recognition is optional and not included in the core score.,partial,7.5295,7.5295,100,,official,landscape_core,true
431457,la Selva del Camp,08,Baix Camp,2024-2026,35.3367,32.132308,11.955386,0.37429,280.220916,150.257368,526.593729,376.336361,8.088923,125.011692,0.560117,false,,,,,26.8867,0.4541,30.5624,11.1824,,18.8418,90,derived,icgc_landcover_2024;gencat_protected_areas;icgc_coast_202602,,2026-08-21T20:11:40Z,0.2.0,,Landscape Recognition is optional and not included in the core score.,partial,18.8418,18.8418,100,,official,landscape_core,true
431460,Senan,16,Conca de Barberà,2024-2026,11.8776,69.935674,49.009112,0,613.047363,510.222177,729.493311,219.271133,11.599312,64.428603,0.007673,false,,,,,69.2301,0,31.1066,0.0082,,32.0084,90,derived,icgc_landcover_2024;gencat_protected_areas;icgc_coast_202602,,2026-08-21T20:11:40Z,0.2.0,,Landscape Recognition is optional and not included in the core score.,partial,32.0084,32.0084,100,,official,landscape_core,true
431476,Solivella,16,Conca de Barberà,2024-2026,21.3281,27.720562,11.710237,0,551.551637,459.207816,672.029749,212.821933,7.465911,65.967864,0.075503,false,,,,,21.9451,0,21.4967,1.3802,,13.262,90,derived,icgc_landcover_2024;gencat_protected_areas;icgc_coast_202602,,2026-08-21T20:11:40Z,0.2.0,,Landscape Recognition is optional and not included in the core score.,partial,13.262,13.262,100,,official,landscape_core,true
431482,Tarragona,36,Tarragonès,2024-2026,58.776,44.280042,26.06545,2.176774,43.712153,2.188082,120.218943,118.030861,4.990197,36.855743,0.744289,true,,,,,40.4933,2.6409,11.4796,54.9077,,25.9389,90,derived,icgc_landcover_2024;gencat_protected_areas;icgc_coast_202602,,2026-08-21T20:11:40Z,0.2.0,,Landscape Recognition is optional and not included in the core score.,partial,25.9389,25.9389,100,,official,landscape_core,true
431495,Tivenys,09,Baix Ebre,2024-2026,53.6097,77.150794,17.299734,81.390323,296.200325,15.618335,678.059583,662.441248,18.991552,207.261428,1.003446,false,,,,,77.3117,98.7448,68.521,20.1496,,71.898,90,derived,icgc_landcover_2024;gencat_protected_areas;icgc_coast_202602,,2026-08-21T20:11:40Z,0.2.0,,Landscape Recognition is optional and not included in the core score.,partial,71.898,71.898,100,,official,landscape_core,true
431508,Tivissa,30,Ribera d'Ebre,2024-2026,209.9583,81.06736,43.013027,49.411387,318.321819,118.964725,639.183777,520.219051,14.932206,162.311177,0.188133,false,,,,,81.6986,59.9472,52.715,3.6583,,57.3088,90,derived,icgc_landcover_2024;gencat_protected_areas;icgc_coast_202602,,2026-08-21T20:11:40Z,0.2.0,,Landscape Recognition is optional and not included in the core score.,partial,57.3088,57.3088,100,,official,landscape_core,true
431515,la Torre de Fontaubella,29,Priorat,2024-2026,7.1641,89.668411,62.7644,45.62677,476.002207,331.278789,628.008981,296.730193,17.414803,92.350402,0.096634,false,,,,,91.3326,55.3556,47.8321,1.8076,,58.0345,90,derived,icgc_landcover_2024;gencat_protected_areas;icgc_coast_202602,,2026-08-21T20:11:40Z,0.2.0,,Landscape Recognition is optional and not included in the core score.,partial,58.0345,58.0345,100,,official,landscape_core,true
431520,la Torre de l'Espanyol,30,Ribera d'Ebre,2024-2026,27.9265,62.622691,36.542614,7.28899,260.455677,106.003233,419.221124,313.217891,14.634847,95.62225,0.097385,false,,,,,61.0388,8.8432,42.3448,1.8228,,34.434,90,derived,icgc_landcover_2024;gencat_protected_areas;icgc_coast_202602,,2026-08-21T20:11:40Z,0.2.0,,Landscape Recognition is optional and not included in the core score.,partial,34.434,34.434,100,,official,landscape_core,true
431536,Torredembarra,36,Tarragonès,2024-2026,8.7464,23.331869,3.777861,4.455216,19.68945,1.380635,49.38737,48.006735,2.419298,15.431234,1.530655,true,,,,,17.0294,5.4052,2.4089,70.8134,,18.5358,90,derived,icgc_landcover_2024;gencat_protected_areas;icgc_coast_202602,,2026-08-21T20:11:40Z,0.2.0,,Landscape Recognition is optional and not included in the core score.,partial,18.5358,18.5358,100,,official,landscape_core,true
431541,Torroja del Priorat,29,Priorat,2024-2026,13.1712,74.98644,42.295964,41.184157,366.460139,254.940192,510.398065,255.457874,17.547269,79.749513,0.149691,false,,,,,74.8874,49.9657,46.1963,2.8807,,50.6832,90,derived,icgc_landcover_2024;gencat_protected_areas;icgc_coast_202602,,2026-08-21T20:11:40Z,0.2.0,,Landscape Recognition is optional and not included in the core score.,partial,50.6832,50.6832,100,,official,landscape_core,true
431554,Tortosa,09,Baix Ebre,2024-2026,218.3647,48.344621,18.909073,32.957665,252.116038,5.477541,1019.647363,1014.169823,11.587828,290.425974,1.756968,false,,,,,45.046,39.9851,68.3322,35.391,,48.1541,90,derived,icgc_landcover_2024;gencat_protected_areas;icgc_coast_202602,,2026-08-21T20:11:40Z,0.2.0,,Landscape Recognition is optional and not included in the core score.,partial,48.1541,48.1541,100,,official,landscape_core,true
431567,Ulldecona,22,Montsià,2024-2026,126.7236,34.018497,4.26221,32.860928,210.417182,125.864537,356.770062,230.905525,6.615242,82.511617,0.178747,false,,,,,28.9994,39.8677,20.4286,3.4685,,25.7441,90,derived,icgc_landcover_2024;gencat_protected_areas;icgc_coast_202602,,2026-08-21T20:11:40Z,0.2.0,,Landscape Recognition is optional and not included in the core score.,partial,25.7441,25.7441,100,,official,landscape_core,true
431573,Ulldemolins,29,Priorat,2024-2026,38.0386,77.875272,47.993658,65.406925,679.187211,552.078693,823.162,271.083307,17.748571,85.925833,0.125467,false,,,,,78.1232,79.3534,47.3818,2.3908,,59.3855,90,derived,icgc_landcover_2024;gencat_protected_areas;icgc_coast_202602,,2026-08-21T20:11:40Z,0.2.0,,Landscape Recognition is optional and not included in the core score.,partial,59.3855,59.3855,100,,official,landscape_core,true
431589,Vallclara,16,Conca de Barberà,2024-2026,13.447,76.611349,64.065013,37.868377,687.617204,577.686169,899.188574,321.502405,13.271236,95.779054,0.029337,false,,,,,76.7075,45.9429,39.6624,0.4463,,48.3159,90,derived,icgc_landcover_2024;gencat_protected_areas;icgc_coast_202602,,2026-08-21T20:11:40Z,0.2.0,,Landscape Recognition is optional and not included in the core score.,partial,48.3159,48.3159,100,,official,landscape_core,true
431592,Vallfogona de Riucorb,16,Conca de Barberà,2024-2026,10.9342,47.868458,29.167603,46.85648,649.555772,559.45108,733.677802,174.226721,13.369489,55.106081,0,false,,,,,44.5127,56.8475,32.9819,0,,38.0368,90,derived,icgc_landcover_2024;gencat_protected_areas;icgc_coast_202602,,2026-08-21T20:11:40Z,0.2.0,,Landscape Recognition is optional and not included in the core score.,partial,38.0368,38.0368,100,,official,landscape_core,true
431606,Vallmoll,01,Alt Camp,2024-2026,16.6429,26.11147,10.42918,0,174.936611,114.540729,218.254837,103.714108,4.711289,30.686139,1.503353,false,,,,,20.1428,0,10.1806,30.2612,,14.1343,90,derived,icgc_landcover_2024;gencat_protected_areas;icgc_coast_202602,,2026-08-21T20:11:40Z,0.2.0,,Landscape Recognition is optional and not included in the core score.,partial,14.1343,14.1343,100,,official,landscape_core,true
431613,Valls,01,Alt Camp,2024-2026,55.6158,29.012567,10.530119,0.286158,269.869977,148.780609,442.054688,293.274078,5.374445,87.752754,0.497289,false,,,,,23.3923,0.3472,20.5573,9.9116,,14.9002,90,derived,icgc_landcover_2024;gencat_protected_areas;icgc_coast_202602,,2026-08-21T20:11:40Z,0.2.0,,Landscape Recognition is optional and not included in the core score.,partial,14.9002,14.9002,100,,official,landscape_core,true
431628,Vandellòs i l'Hospitalet de l'Infant,08,Baix Camp,2024-2026,102.7149,86.266822,31.423417,70.884623,331.528781,30.590445,602.951624,572.361179,18.347974,185.320071,0.04959,true,,,,,87.5225,85.9991,62.8504,40.856,,73.9736,90,derived,icgc_landcover_2024;gencat_protected_areas;icgc_coast_202602,,2026-08-21T20:11:40Z,0.2.0,,Landscape Recognition is optional and not included in the core score.,partial,73.9736,73.9736,100,,official,landscape_core,true
431634,el Vendrell,12,Baix Penedès,2024-2026,36.9505,47.320702,18.337349,13.854335,76.451496,4.480134,209.315356,204.835222,6.389704,61.418686,0.167821,true,,,,,43.8991,16.8084,18.699,43.2474,,30.7287,90,derived,icgc_landcover_2024;gencat_protected_areas;icgc_coast_202602,,2026-08-21T20:11:40Z,0.2.0,,Landscape Recognition is optional and not included in the core score.,partial,30.7287,30.7287,100,,official,landscape_core,true
431649,Vespella de Gaià,36,Tarragonès,2024-2026,18.0577,62.881638,25.28907,39.217886,141.08822,73.523406,212.393501,138.870095,10.079406,43.263965,1.074488,false,,,,,61.3289,47.5802,23.9162,21.5866,,42.5772,90,derived,icgc_landcover_2024;gencat_protected_areas;icgc_coast_202602,,2026-08-21T20:11:40Z,0.2.0,,Landscape Recognition is optional and not included in the core score.,partial,42.5772,42.5772,100,,official,landscape_core,true
431652,Vilabella,01,Alt Camp,2024-2026,18.1171,22.491642,10.995899,30.226896,220.263626,163.093107,256.133105,93.039999,5.303184,32.703543,0.649957,false,,,,,16.0882,36.6721,11.0132,12.9996,,19.5021,90,derived,icgc_landcover_2024;gencat_protected_areas;icgc_coast_202602,,2026-08-21T20:11:40Z,0.2.0,,Landscape Recognition is optional and not included in the core score.,partial,19.5021,19.5021,100,,official,landscape_core,true
431665,Vilallonga del Camp,36,Tarragonès,2024-2026,9.1255,11.100726,0.826044,0,129.783799,99.95909,159.74012,59.78103,1.806909,17.616649,1.279558,false,,,,,3.3293,0,1.5817,25.7345,,5.4208,90,derived,icgc_landcover_2024;gencat_protected_areas;icgc_coast_202602,,2026-08-21T20:11:40Z,0.2.0,,Landscape Recognition is optional and not included in the core score.,partial,5.4208,5.4208,100,,official,landscape_core,true
431671,Vilanova d'Escornalbou,08,Baix Camp,2024-2026,17.2629,69.009149,43.982938,18.858354,279.035252,121.624141,444.637482,323.01334,12.101816,95.242245,0.624538,false,,,,,68.1923,22.8794,37.0999,12.4855,,40.7349,90,derived,icgc_landcover_2024;gencat_protected_areas;icgc_coast_202602,,2026-08-21T20:11:40Z,0.2.0,,Landscape Recognition is optional and not included in the core score.,partial,40.7349,40.7349,100,,official,landscape_core,true
431687,Vilanova de Prades,16,Conca de Barberà,2024-2026,21.6428,80.836876,57.764141,93.774705,846.147683,705.176086,995.460938,290.284851,17.090679,88.214456,0.11848,false,,,,,81.4405,100,46.8002,2.2495,,65.5416,90,derived,icgc_landcover_2024;gencat_protected_areas;icgc_coast_202602,,2026-08-21T20:11:40Z,0.2.0,,Landscape Recognition is optional and not included in the core score.,partial,65.5416,65.5416,100,,official,landscape_core,true
431690,Vilaplana,08,Baix Camp,2024-2026,23.1011,87.295948,68.951605,94.82315,792.376475,409.512817,1017.280807,607.76799,15.581624,203.352954,0.078902,false,,,,,88.6752,100,58.2803,1.4489,,70.8237,90,derived,icgc_landcover_2024;gencat_protected_areas;icgc_coast_202602,,2026-08-21T20:11:40Z,0.2.0,,Landscape Recognition is optional and not included in the core score.,partial,70.8237,70.8237,100,,official,landscape_core,true
431704,Vila-rodona,01,Alt Camp,2024-2026,33.0164,29.212498,15.961387,8.078424,313.389568,242.497504,391.846663,149.349158,6.215349,45.23471,0.356549,false,,,,,23.6162,9.801,15.7061,7.0648,,15.7022,90,derived,icgc_landcover_2024;gencat_protected_areas;icgc_coast_202602,,2026-08-21T20:11:40Z,0.2.0,,Landscape Recognition is optional and not included in the core score.,partial,15.7022,15.7022,100,,official,landscape_core,true
431711,Vila-seca,36,Tarragonès,2024-2026,21.6558,18.225907,1.497856,2.522817,33.575831,1.875465,65.186836,63.311371,1.541327,20.335141,2.122202,true,,,,,11.3102,3.0607,1.1491,82.7786,,17.4278,90,derived,icgc_landcover_2024;gencat_protected_areas;icgc_coast_202602,,2026-08-21T20:11:40Z,0.2.0,,Landscape Recognition is optional and not included in the core score.,partial,17.4278,17.4278,100,,official,landscape_core,true
431726,Vilaverd,16,Conca de Barberà,2024-2026,12.6149,83.324159,33.24025,29.927927,430.791277,254.38457,643.351627,388.967057,14.356612,132.255088,0.249334,false,,,,,84.2265,36.3093,45.2681,4.8962,,50.6081,90,derived,icgc_landcover_2024;gencat_protected_areas;icgc_coast_202602,,2026-08-21T20:11:40Z,0.2.0,,Landscape Recognition is optional and not included in the core score.,partial,50.6081,50.6081,100,,official,landscape_core,true
431732,la Vilella Alta,29,Priorat,2024-2026,5.1196,65.600232,32.044867,62.016934,365.576457,263.615948,488.187866,224.571918,18.565044,68.906069,0.096913,false,,,,,64.374,75.2405,47.0406,1.8132,,53.3732,90,derived,icgc_landcover_2024;gencat_protected_areas;icgc_coast_202602,,2026-08-21T20:11:40Z,0.2.0,,Landscape Recognition is optional and not included in the core score.,partial,53.3732,53.3732,100,,official,landscape_core,true
431747,la Vilella Baixa,29,Priorat,2024-2026,5.5045,63.729424,35.737848,85.797435,275.246777,196.014866,412.286552,216.271687,17.50038,66.716705,0.568942,false,,,,,62.2785,100,44.2542,11.3609,,59.5652,90,derived,icgc_landcover_2024;gencat_protected_areas;icgc_coast_202602,,2026-08-21T20:11:40Z,0.2.0,,Landscape Recognition is optional and not included in the core score.,partial,59.5652,59.5652,100,,official,landscape_core,true
431750,Vilalba dels Arcs,37,Terra Alta,2024-2026,67.2457,52.91398,31.095089,9.67249,383.33133,251.565489,493.03822,241.472731,11.271129,71.136508,0.053773,false,,,,,50.1642,11.7349,31.408,0.9406,,28.4843,90,derived,icgc_landcover_2024;gencat_protected_areas;icgc_coast_202602,,2026-08-21T20:11:40Z,0.2.0,,Landscape Recognition is optional and not included in the core score.,partial,28.4843,28.4843,100,,official,landscape_core,true
431763,Vimbodí i Poblet,16,Conca de Barberà,2024-2026,66.2203,70.579198,57.818377,55.990671,665.437646,475.035704,1019.345132,544.309428,14.577465,177.136882,0.07869,false,,,,,69.9509,67.9293,53.0452,1.4446,,54.9431,90,derived,icgc_landcover_2024;gencat_protected_areas;icgc_coast_202602,,2026-08-21T20:11:40Z,0.2.0,,Landscape Recognition is optional and not included in the core score.,partial,54.9431,54.9431,100,,official,landscape_core,true
431779,Vinebre,30,Ribera d'Ebre,2024-2026,26.5081,57.535761,14.08978,2.663108,189.442283,45.274077,382.107402,336.833325,12.078918,102.176863,0.387994,false,,,,,55.341,3.231,37.6959,7.7009,,30.7562,90,derived,icgc_landcover_2024;gencat_protected_areas;icgc_coast_202602,,2026-08-21T20:11:40Z,0.2.0,,Landscape Recognition is optional and not included in the core score.,partial,30.7562,30.7562,100,,official,landscape_core,true
431785,Vinyols i els Arcs,08,Baix Camp,2024-2026,10.9124,11.848936,1.200737,0,63.580331,26.778234,114.943115,88.164881,1.793046,27.926424,0.949623,false,,,,,4.1674,0,2.8806,19.0609,,5.0379,90,derived,icgc_landcover_2024;gencat_protected_areas;icgc_coast_202602,,2026-08-21T20:11:40Z,0.2.0,,Landscape Recognition is optional and not included in the core score.,partial,5.0379,5.0379,100,,official,landscape_core,true
439018,Deltebre,09,Baix Ebre,2024-2026,106.1009,10.187378,0.134725,29.447871,0.796717,0.091651,2.356938,2.265287,0.256173,0.735352,12.804639,true,,,,,2.3063,35.7269,0,100,,24.7389,90,derived,icgc_landcover_2024;gencat_protected_areas;icgc_coast_202602,,2026-08-21T20:11:40Z,0.2.0,,Landscape Recognition is optional and not included in the core score.,partial,24.7389,24.7389,100,,official,landscape_core,true
439023,Sant Jaume d'Enveja,22,Montsià,2024-2026,59.3683,10.504077,0.260629,42.450084,0.65247,0,1.964212,1.964212,0.212274,0.632309,20.49229,true,,,,,2.661,51.5015,0,100,,28.8067,90,derived,icgc_landcover_2024;gencat_protected_areas;icgc_coast_202602,,2026-08-21T20:11:40Z,0.2.0,,Landscape Recognition is optional and not included in the core score.,partial,28.8067,28.8067,100,,official,landscape_core,true
439039,Camarles,09,Baix Ebre,2024-2026,30.0157,11.177258,2.433219,1.881572,51.856951,0.366689,151.048747,150.682058,2.077719,52.273364,1.167716,false,,,,,3.415,2.2828,6.4513,23.4722,,6.8996,90,derived,icgc_landcover_2024;gencat_protected_areas;icgc_coast_202602,,2026-08-21T20:11:40Z,0.2.0,,Landscape Recognition is optional and not included in the core score.,partial,6.8996,6.8996,100,,official,landscape_core,true
439044,l'Aldea,09,Baix Ebre,2024-2026,30.4743,12.624977,2.775465,0.789491,31.64683,1.32864,111.91174,110.5831,1.703336,37.31726,2.267784,false,,,,,5.0366,0.9578,3.7292,45.7232,,9.793,90,derived,icgc_landcover_2024;gencat_protected_areas;icgc_coast_202602,,2026-08-21T20:11:40Z,0.2.0,,Landscape Recognition is optional and not included in the core score.,partial,9.793,9.793,100,,official,landscape_core,true
439057,Salou,36,Tarragonès,2024-2026,15.1248,26.371139,9.010344,0,20.03389,2.684406,44.309574,41.625168,3.062226,12.522342,1.368459,true,,,,,20.4336,0,3.5575,67.5327,,18.171,90,derived,icgc_landcover_2024;gencat_protected_areas;icgc_coast_202602,,2026-08-21T20:11:40Z,0.2.0,,Landscape Recognition is optional and not included in the core score.,partial,18.171,18.171,100,,official,landscape_core,true
439060,l'Ampolla,09,Baix Ebre,2024-2026,35.6196,15.090282,5.349949,11.29491,51.108787,0.1591,121.442155,121.283055,2.715083,39.385751,2.892534,true,,,,,7.798,13.7033,6.5089,98.36,,22.5364,90,derived,icgc_landcover_2024;gencat_protected_areas;icgc_coast_202602,,2026-08-21T20:11:40Z,0.2.0,,Landscape Recognition is optional and not included in the core score.,partial,22.5364,22.5364,100,,official,landscape_core,true
439076,la Canonja,36,Tarragonès,2024-2026,7.3528,25.606866,1.566085,0,27.748741,10.068527,55.46069,45.392163,1.308144,14.398619,1.675068,false,,,,,19.5776,0,0.2435,33.7345,,11.9732,90,derived,icgc_landcover_2024;gencat_protected_areas;icgc_coast_202602,,2026-08-21T20:11:40Z,0.2.0,,Landscape Recognition is optional and not included in the core score.,partial,11.9732,11.9732,100,,official,landscape_core,true
