municipality_code,municipality_name,comarca_code,comarca_name,reference_period,resident_population,non_resident_present,resident_absent,population_etca,population_etca_pct,etca_pressure,hut_count,hut_per_1000,hotel_count,rural_count,camping_count,tourist_establishments_count,tourist_establishments_per_1000,ieet_available,ieet_total_eur,ieet_hut_eur,ieet_eur_per_resident,etca_score,hut_density_score,tourist_supply_score,ieet_score,score_0_100,confidence_0_100,data_scope,source_id,source_updated_at,retrieved_at,method_version,missing_reason,notes,score_status,score_min_0_100,score_max_0_100,coverage_weight_pct,rank_stability_0_100,source_tier,method_variant,usable_for_composite
080018,Abrera,11,Baix Llobregat,2024,12981,1889,-2018,12852,99,0.990062,6,0.462214,1,0,0,7,0.53925,false,,,,19.0952,0.4726,0.1576,,10.652,75,municipality,idescat_etca;gencat_tourism_registry_t2h3-cgys,,2026-08-21T21:48:17Z,0.2.0,,IEET municipal not used; score is the documented base formula.,complete,10.652,10.652,100,,official,default,true
080023,Aguilar de Segarra,07,Bages,2024,,,,,,,1,3.412969,0,4,0,5,17.064846,false,,,,,3.4893,12.0694,,,0,missing,idescat_etca;gencat_tourism_registry_t2h3-cgys,,2026-08-21T21:48:17Z,0.2.0,not_published,ETCA is not published for every municipality.,engineering_pending,0,100,0,,official,default,false
080039,Alella,21,Maresme,2024,10200,1064,-1973,9291,91.1,0.910882,144,14.117647,2,0,0,146,14.313725,false,,,,7.4172,14.4334,10.0863,,9.7051,75,municipality,idescat_etca;gencat_tourism_registry_t2h3-cgys,,2026-08-21T21:48:17Z,0.2.0,,IEET municipal not used; score is the documented base formula.,complete,9.7051,9.7051,100,,official,default,true
080044,Alpens,43,Lluçanès,2024,,,,,,,11,41.198502,1,3,0,15,56.179775,false,,,,,42.1199,40.2637,,,0,missing,idescat_etca;gencat_tourism_registry_t2h3-cgys,,2026-08-21T21:48:17Z,0.2.0,not_published,ETCA is not published for every municipality.,engineering_pending,0,100,0,,official,default,false
080057,l'Ametlla del Vallès,41,Vallès Oriental,2024,9448,961,-1734,8675,91.8,0.918184,20,2.11685,0,5,0,25,2.646063,false,,,,8.494,2.1642,1.6762,,5.548,75,municipality,idescat_etca;gencat_tourism_registry_t2h3-cgys,,2026-08-21T21:48:17Z,0.2.0,,IEET municipal not used; score is the documented base formula.,complete,5.548,5.548,100,,official,default,true
080060,Arenys de Mar,21,Maresme,2024,16513,1951,-2029,16436,99.5,0.995337,227,13.746745,8,0,3,238,14.412887,false,,,,19.8731,14.0542,10.1578,,16.4753,75,municipality,idescat_etca;gencat_tourism_registry_t2h3-cgys,,2026-08-21T21:48:17Z,0.2.0,,IEET municipal not used; score is the documented base formula.,complete,16.4753,16.4753,100,,official,default,true
080076,Arenys de Munt,21,Maresme,2024,9444,399,-1546,8297,87.9,0.878547,81,8.576874,0,0,0,81,8.576874,false,,,,2.6482,8.7687,5.9512,,4.8389,75,municipality,idescat_etca;gencat_tourism_registry_t2h3-cgys,,2026-08-21T21:48:17Z,0.2.0,,IEET municipal not used; score is the documented base formula.,complete,4.8389,4.8389,100,,official,default,true
080082,Argençola,06,Anoia,2024,,,,,,,3,12.244898,0,2,0,5,20.408163,false,,,,,12.5187,14.4793,,,0,missing,idescat_etca;gencat_tourism_registry_t2h3-cgys,,2026-08-21T21:48:17Z,0.2.0,not_published,ETCA is not published for every municipality.,engineering_pending,0,100,0,,official,default,false
080095,Argentona,21,Maresme,2024,12850,1112,-1927,12035,93.7,0.936576,62,4.824903,1,1,0,64,4.980545,false,,,,11.2066,4.9328,3.3589,,8.0686,75,municipality,idescat_etca;gencat_tourism_registry_t2h3-cgys,,2026-08-21T21:48:17Z,0.2.0,,IEET municipal not used; score is the documented base formula.,complete,8.0686,8.0686,100,,official,default,true
080109,Artés,07,Bages,2024,6051,413,-741,5723,94.6,0.945794,4,0.661048,0,1,0,5,0.82631,false,,,,12.5662,0.6758,0.3645,,7.1533,75,municipality,idescat_etca;gencat_tourism_registry_t2h3-cgys,,2026-08-21T21:48:17Z,0.2.0,,IEET municipal not used; score is the documented base formula.,complete,7.1533,7.1533,100,,official,default,true
080116,Avià,14,Berguedà,2024,2242,164,-415,1990,88.8,0.8876,20,8.920607,2,6,1,29,12.93488,false,,,,3.9834,9.1201,9.0924,,6.2894,75,municipality,idescat_etca;gencat_tourism_registry_t2h3-cgys,,2026-08-21T21:48:17Z,0.2.0,,IEET municipal not used; score is the documented base formula.,complete,6.2894,6.2894,100,,official,default,true
080121,Avinyó,07,Bages,2024,2311,316,-277,2350,101.7,1.016876,6,2.596279,1,2,0,9,3.894418,false,,,,23.0498,2.6543,2.576,,13.8562,75,municipality,idescat_etca;gencat_tourism_registry_t2h3-cgys,,2026-08-21T21:48:17Z,0.2.0,,IEET municipal not used; score is the documented base formula.,complete,13.8562,13.8562,100,,official,default,true
080137,Avinyonet del Penedès,03,Alt Penedès,2024,1745,178,-259,1664,95.4,0.953582,19,10.888252,1,7,0,27,15.472779,false,,,,13.7148,11.1318,10.9218,,12.5105,75,municipality,idescat_etca;gencat_tourism_registry_t2h3-cgys,,2026-08-21T21:48:17Z,0.2.0,,IEET municipal not used; score is the documented base formula.,complete,12.5105,12.5105,100,,official,default,true
080142,Aiguafreda,24,Osona,2024,2582,183,-410,2355,91.2,0.912084,10,3.872967,1,0,0,11,4.260263,false,,,,7.5943,3.9596,2.8397,,5.7347,75,municipality,idescat_etca;gencat_tourism_registry_t2h3-cgys,,2026-08-21T21:48:17Z,0.2.0,,IEET municipal not used; score is the documented base formula.,complete,5.7347,5.7347,100,,official,default,true
080155,Badalona,13,Barcelonès,2024,226219,12063,-29733,208549,92.2,0.92189,223,0.98577,15,0,0,238,1.052078,false,,,,9.0406,1.0078,0.5272,,5.3297,75,municipality,idescat_etca;gencat_tourism_registry_t2h3-cgys,,2026-08-21T21:48:17Z,0.2.0,,IEET municipal not used; score is the documented base formula.,complete,5.3297,5.3297,100,,official,default,true
080168,Bagà,14,Berguedà,2024,2181,447,-322,2305,105.7,1.056855,37,16.964695,6,1,1,45,20.632737,false,,,,28.9462,17.3441,14.6411,,23.1847,75,municipality,idescat_etca;gencat_tourism_registry_t2h3-cgys,,2026-08-21T21:48:17Z,0.2.0,,IEET municipal not used; score is the documented base formula.,complete,23.1847,23.1847,100,,official,default,true
080174,Balenyà,24,Osona,2024,3999,187,-573,3613,90.3,0.903476,3,0.750188,0,0,0,3,0.750188,false,,,,6.3248,0.767,0.3096,,3.7323,75,municipality,idescat_etca;gencat_tourism_registry_t2h3-cgys,,2026-08-21T21:48:17Z,0.2.0,,IEET municipal not used; score is the documented base formula.,complete,3.7323,3.7323,100,,official,default,true
080180,Balsareny,07,Bages,2024,3325,204,-497,3032,91.2,0.91188,3,0.902256,0,1,0,4,1.203008,false,,,,7.5643,0.9224,0.636,,4.5182,75,municipality,idescat_etca;gencat_tourism_registry_t2h3-cgys,,2026-08-21T21:48:17Z,0.2.0,,IEET municipal not used; score is the documented base formula.,complete,4.5182,4.5182,100,,official,default,true
080193,Barcelona,13,Barcelonès,2024,1686208,292739,-194612,1784335,105.8,1.058194,10650,6.315947,754,0,0,11404,6.763104,false,,,,29.1437,6.4572,4.6438,,18.5721,75,municipality,idescat_etca;gencat_tourism_registry_t2h3-cgys,,2026-08-21T21:48:17Z,0.2.0,,IEET municipal not used; score is the documented base formula.,complete,18.5721,18.5721,100,,official,default,true
080207,Begues,11,Baix Llobregat,2024,7439,361,-1382,6418,86.3,0.86275,13,1.747547,0,1,0,14,1.881973,false,,,,0.3183,1.7866,1.1254,,0.8468,75,municipality,idescat_etca;gencat_tourism_registry_t2h3-cgys,,2026-08-21T21:48:17Z,0.2.0,,IEET municipal not used; score is the documented base formula.,complete,0.8468,0.8468,100,,official,default,true
080214,Bellprat,06,Anoia,2024,,,,,,,1,14.492754,0,1,0,2,28.985507,false,,,,,14.8169,20.6619,,,0,missing,idescat_etca;gencat_tourism_registry_t2h3-cgys,,2026-08-21T21:48:17Z,0.2.0,not_published,ETCA is not published for every municipality.,engineering_pending,0,100,0,,official,default,false
080229,Berga,14,Berguedà,2024,17195,1432,-1569,17057,99.2,0.991974,35,2.035475,4,4,1,44,2.558883,false,,,,19.3772,2.081,1.6133,,11.5004,75,municipality,idescat_etca;gencat_tourism_registry_t2h3-cgys,,2026-08-21T21:48:17Z,0.2.0,,IEET municipal not used; score is the documented base formula.,complete,11.5004,11.5004,100,,official,default,true
080235,Bigues i Riells del Fai,41,Vallès Oriental,2024,10035,683,-1749,8969,89.4,0.893772,2,0.199302,1,4,0,7,0.697559,false,,,,4.8936,0.2038,0.2717,,2.7968,75,municipality,idescat_etca;gencat_tourism_registry_t2h3-cgys,,2026-08-21T21:48:17Z,0.2.0,,IEET municipal not used; score is the documented base formula.,complete,2.7968,2.7968,100,,official,default,true
080240,Borredà,14,Berguedà,2024,,,,,,,17,39.170507,0,6,3,26,59.907834,false,,,,,40.0465,42.951,,,0,missing,idescat_etca;gencat_tourism_registry_t2h3-cgys,,2026-08-21T21:48:17Z,0.2.0,not_published,ETCA is not published for every municipality.,engineering_pending,0,100,0,,official,default,false
080253,el Bruc,06,Anoia,2024,2293,208,-463,2038,88.9,0.888792,14,6.105539,3,3,0,20,8.722198,false,,,,4.1591,6.2421,6.0559,,5.0592,75,municipality,idescat_etca;gencat_tourism_registry_t2h3-cgys,,2026-08-21T21:48:17Z,0.2.0,,IEET municipal not used; score is the documented base formula.,complete,5.0592,5.0592,100,,official,default,true
080266,el Brull,24,Osona,2024,,,,,,,6,20.20202,0,2,0,8,26.936027,false,,,,,20.6538,19.1846,,,0,missing,idescat_etca;gencat_tourism_registry_t2h3-cgys,,2026-08-21T21:48:17Z,0.2.0,not_published,ETCA is not published for every municipality.,engineering_pending,0,100,0,,official,default,false
080272,les Cabanyes,03,Alt Penedès,2024,1011,86,-189,907,89.7,0.897132,3,2.967359,0,0,0,3,2.967359,false,,,,5.3891,3.0337,1.9078,,4.104,75,municipality,idescat_etca;gencat_tourism_registry_t2h3-cgys,,2026-08-21T21:48:17Z,0.2.0,,IEET municipal not used; score is the documented base formula.,complete,4.104,4.104,100,,official,default,true
080288,Cabrera d'Anoia,06,Anoia,2024,1712,107,-329,1491,87.1,0.870911,6,3.504673,0,0,0,6,3.504673,false,,,,1.5219,3.5831,2.2951,,2.1918,75,municipality,idescat_etca;gencat_tourism_registry_t2h3-cgys,,2026-08-21T21:48:17Z,0.2.0,,IEET municipal not used; score is the documented base formula.,complete,2.1918,2.1918,100,,official,default,true
080291,Cabrera de Mar,21,Maresme,2024,5014,1348,-879,5484,109.4,1.093738,71,14.160351,2,1,0,74,14.758676,false,,,,34.3859,14.477,10.4071,,24.6129,75,municipality,idescat_etca;gencat_tourism_registry_t2h3-cgys,,2026-08-21T21:48:17Z,0.2.0,,IEET municipal not used; score is the documented base formula.,complete,24.6129,24.6129,100,,official,default,true
080305,Cabrils,21,Maresme,2024,7764,698,-1532,6930,89.3,0.892581,85,10.947965,3,0,0,88,11.334364,false,,,,4.718,11.1928,7.9388,,6.9809,75,municipality,idescat_etca;gencat_tourism_registry_t2h3-cgys,,2026-08-21T21:48:17Z,0.2.0,,IEET municipal not used; score is the documented base formula.,complete,6.9809,6.9809,100,,official,default,true
080312,Calaf,06,Anoia,2024,3595,303,-423,3475,96.7,0.96662,2,0.556328,1,0,0,3,0.834492,false,,,,15.6378,0.5688,0.3704,,8.8171,75,municipality,idescat_etca;gencat_tourism_registry_t2h3-cgys,,2026-08-21T21:48:17Z,0.2.0,,IEET municipal not used; score is the documented base formula.,complete,8.8171,8.8171,100,,official,default,true
080327,Caldes d'Estrac,21,Maresme,2024,3241,880,-674,3447,106.4,1.063561,197,60.783709,5,0,0,202,62.326442,false,,,,29.9352,62.1431,44.6943,,40.939,75,municipality,idescat_etca;gencat_tourism_registry_t2h3-cgys,,2026-08-21T21:48:17Z,0.2.0,,IEET municipal not used; score is the documented base formula.,complete,40.939,40.939,100,,official,default,true
080333,Caldes de Montbui,41,Vallès Oriental,2024,18334,1580,-2648,17266,94.2,0.941748,22,1.199956,4,2,1,29,1.581761,false,,,,11.9694,1.2268,0.909,,7.0717,75,municipality,idescat_etca;gencat_tourism_registry_t2h3-cgys,,2026-08-21T21:48:17Z,0.2.0,,IEET municipal not used; score is the documented base formula.,complete,7.0717,7.0717,100,,official,default,true
080348,Calders,42,Moianès,2024,1114,90,-190,1014,91,0.910233,4,3.590664,1,3,0,8,7.181329,false,,,,7.3215,3.671,4.9452,,5.9336,75,municipality,idescat_etca;gencat_tourism_registry_t2h3-cgys,,2026-08-21T21:48:17Z,0.2.0,,IEET municipal not used; score is the documented base formula.,complete,5.9336,5.9336,100,,official,default,true
080351,Calella,21,Maresme,2024,20207,8832,-2377,26662,131.9,1.319444,519,25.684169,43,0,3,565,27.960608,false,,,,67.6746,26.2586,19.9231,,47.7703,75,municipality,idescat_etca;gencat_tourism_registry_t2h3-cgys,,2026-08-21T21:48:17Z,0.2.0,,IEET municipal not used; score is the documented base formula.,complete,47.7703,47.7703,100,,official,default,true
080364,Calonge de Segarra,06,Anoia,2024,,,,,,,0,0,0,10,0,10,55.865922,false,,,,,0,40.0375,,,0,missing,idescat_etca;gencat_tourism_registry_t2h3-cgys,,2026-08-21T21:48:17Z,0.2.0,not_published,ETCA is not published for every municipality.,engineering_pending,0,100,0,,official,default,false
080370,Calldetenes,24,Osona,2024,2690,312,-485,2517,93.6,0.935688,5,1.858736,0,0,0,5,1.858736,false,,,,11.0756,1.9003,1.1087,,6.7884,75,municipality,idescat_etca;gencat_tourism_registry_t2h3-cgys,,2026-08-21T21:48:17Z,0.2.0,,IEET municipal not used; score is the documented base formula.,complete,6.7884,6.7884,100,,official,default,true
080386,Callús,07,Bages,2024,2151,99,-352,1898,88.2,0.88238,2,0.9298,0,0,0,2,0.9298,false,,,,3.2135,0.9506,0.4391,,2.0929,75,municipality,idescat_etca;gencat_tourism_registry_t2h3-cgys,,2026-08-21T21:48:17Z,0.2.0,,IEET municipal not used; score is the documented base formula.,complete,2.0929,2.0929,100,,official,default,true
080399,Campins,41,Vallès Oriental,2024,,,,,,,8,13.605442,0,1,0,9,15.306122,false,,,,,13.9097,10.8017,,,0,missing,idescat_etca;gencat_tourism_registry_t2h3-cgys,,2026-08-21T21:48:17Z,0.2.0,not_published,ETCA is not published for every municipality.,engineering_pending,0,100,0,,official,default,false
080403,Canet de Mar,21,Maresme,2024,15135,1851,-2212,14774,97.6,0.976148,327,21.60555,5,0,4,336,22.200198,false,,,,17.043,22.0887,15.771,,18.05,75,municipality,idescat_etca;gencat_tourism_registry_t2h3-cgys,,2026-08-21T21:48:17Z,0.2.0,,IEET municipal not used; score is the documented base formula.,complete,18.05,18.05,100,,official,default,true
080410,Canovelles,41,Vallès Oriental,2024,17264,836,-2552,15548,90.1,0.900602,8,0.463392,1,0,0,9,0.521316,false,,,,5.901,0.4738,0.1446,,3.3929,75,municipality,idescat_etca;gencat_tourism_registry_t2h3-cgys,,2026-08-21T21:48:17Z,0.2.0,,IEET municipal not used; score is the documented base formula.,complete,3.3929,3.3929,100,,official,default,true
080425,Cànoves i Samalús,41,Vallès Oriental,2024,3309,181,-657,2832,85.6,0.855848,9,2.719855,1,3,0,13,3.928679,false,,,,0,2.7807,2.6007,,1.2153,75,municipality,idescat_etca;gencat_tourism_registry_t2h3-cgys,,2026-08-21T21:48:17Z,0.2.0,,IEET municipal not used; score is the documented base formula.,complete,1.2153,1.2153,100,,official,default,true
080431,Canyelles,17,Garraf,2024,5360,457,-971,4846,90.4,0.904104,106,19.776119,0,2,0,108,20.149254,false,,,,6.4175,20.2184,14.2926,,11.4427,75,municipality,idescat_etca;gencat_tourism_registry_t2h3-cgys,,2026-08-21T21:48:17Z,0.2.0,,IEET municipal not used; score is the documented base formula.,complete,11.4427,11.4427,100,,official,default,true
080446,Capellades,06,Anoia,2024,5558,366,-639,5285,95.1,0.950882,2,0.359842,1,0,0,3,0.539763,false,,,,13.3165,0.3679,0.1579,,7.4476,75,municipality,idescat_etca;gencat_tourism_registry_t2h3-cgys,,2026-08-21T21:48:17Z,0.2.0,,IEET municipal not used; score is the documented base formula.,complete,7.4476,7.4476,100,,official,default,true
080459,Capolat,14,Berguedà,2024,,,,,,,5,53.763441,0,8,0,13,139.784946,false,,,,,54.9658,100,,,0,missing,idescat_etca;gencat_tourism_registry_t2h3-cgys,,2026-08-21T21:48:17Z,0.2.0,not_published,ETCA is not published for every municipality.,engineering_pending,0,100,0,,official,default,false
080462,Cardedeu,41,Vallès Oriental,2024,19091,1260,-3145,17206,90.1,0.901262,10,0.523807,3,1,0,14,0.73333,false,,,,5.9983,0.5355,0.2975,,3.4924,75,municipality,idescat_etca;gencat_tourism_registry_t2h3-cgys,,2026-08-21T21:48:17Z,0.2.0,,IEET municipal not used; score is the documented base formula.,complete,3.4924,3.4924,100,,official,default,true
080478,Cardona,07,Bages,2024,4566,442,-407,4600,100.7,1.007446,67,14.673675,5,6,0,78,17.082786,false,,,,21.6591,15.0018,12.0823,,18.0794,75,municipality,idescat_etca;gencat_tourism_registry_t2h3-cgys,,2026-08-21T21:48:17Z,0.2.0,,IEET municipal not used; score is the documented base formula.,complete,18.0794,18.0794,100,,official,default,true
080484,Carme,06,Anoia,2024,,,,,,,1,1.162791,0,0,0,1,1.162791,false,,,,,1.1888,0.607,,,0,missing,idescat_etca;gencat_tourism_registry_t2h3-cgys,,2026-08-21T21:48:17Z,0.2.0,not_published,ETCA is not published for every municipality.,engineering_pending,0,100,0,,official,default,false
080497,Casserres,14,Berguedà,2024,1675,131,-235,1571,93.8,0.93791,7,4.179104,1,22,0,30,17.910448,false,,,,11.4035,4.2726,12.6789,,9.8759,75,municipality,idescat_etca;gencat_tourism_registry_t2h3-cgys,,2026-08-21T21:48:17Z,0.2.0,,IEET municipal not used; score is the documented base formula.,complete,9.8759,9.8759,100,,official,default,true
080500,Castellar del Riu,14,Berguedà,2024,,,,,,,11,72.847682,1,3,2,17,112.582781,false,,,,,74.4769,80.9195,,,0,missing,idescat_etca;gencat_tourism_registry_t2h3-cgys,,2026-08-21T21:48:17Z,0.2.0,not_published,ETCA is not published for every municipality.,engineering_pending,0,100,0,,official,default,false
080517,Castellar del Vallès,40,Vallès Occidental,2024,25301,1383,-3778,22906,90.5,0.90534,21,0.830007,0,0,0,21,0.830007,false,,,,6.5997,0.8486,0.3671,,3.9154,75,municipality,idescat_etca;gencat_tourism_registry_t2h3-cgys,,2026-08-21T21:48:17Z,0.2.0,,IEET municipal not used; score is the documented base formula.,complete,3.9154,3.9154,100,,official,default,true
080522,Castellar de n'Hug,14,Berguedà,2024,,,,,,,20,120.481928,7,2,0,29,174.698795,false,,,,,100,100,,,0,missing,idescat_etca;gencat_tourism_registry_t2h3-cgys,,2026-08-21T21:48:17Z,0.2.0,not_published,ETCA is not published for every municipality.,engineering_pending,0,100,0,,official,default,false
080538,Castellbell i el Vilar,07,Bages,2024,4130,73,-568,3634,88,0.879903,11,2.663438,0,5,0,16,3.874092,false,,,,2.8481,2.723,2.5614,,2.7595,75,municipality,idescat_etca;gencat_tourism_registry_t2h3-cgys,,2026-08-21T21:48:17Z,0.2.0,,IEET municipal not used; score is the documented base formula.,complete,2.7595,2.7595,100,,official,default,true
080543,Castellbisbal,40,Vallès Occidental,2024,12965,2235,-1934,13267,102.3,1.023293,0,0,1,1,0,2,0.154261,false,,,,23.9963,0,0,,13.198,75,municipality,idescat_etca;gencat_tourism_registry_t2h3-cgys,,2026-08-21T21:48:17Z,0.2.0,,IEET municipal not used; score is the documented base formula.,complete,13.198,13.198,100,,official,default,true
080556,Castellcir,42,Moianès,2024,,,,,,,6,7.481297,0,0,0,6,7.481297,false,,,,,7.6486,5.1615,,,0,missing,idescat_etca;gencat_tourism_registry_t2h3-cgys,,2026-08-21T21:48:17Z,0.2.0,not_published,ETCA is not published for every municipality.,engineering_pending,0,100,0,,official,default,false
080569,Castelldefels,11,Baix Llobregat,2024,69196,8133,-11449,65880,95.2,0.952078,374,5.404937,31,0,1,406,5.867391,false,,,,13.493,5.5258,3.9981,,9.6022,75,municipality,idescat_etca;gencat_tourism_registry_t2h3-cgys,,2026-08-21T21:48:17Z,0.2.0,,IEET municipal not used; score is the documented base formula.,complete,9.6022,9.6022,100,,official,default,true
080575,Castell de l'Areny,14,Berguedà,2024,,,,,,,3,44.117647,0,3,0,6,88.235294,false,,,,,45.1043,63.3696,,,0,missing,idescat_etca;gencat_tourism_registry_t2h3-cgys,,2026-08-21T21:48:17Z,0.2.0,not_published,ETCA is not published for every municipality.,engineering_pending,0,100,0,,official,default,false
080581,Castellet i la Gornal,03,Alt Penedès,2024,2665,226,-507,2385,89.5,0.894934,28,10.506567,0,6,0,34,12.757974,false,,,,5.065,10.7415,8.9649,,7.2641,75,municipality,idescat_etca;gencat_tourism_registry_t2h3-cgys,,2026-08-21T21:48:17Z,0.2.0,,IEET municipal not used; score is the documented base formula.,complete,7.2641,7.2641,100,,official,default,true
080594,Castellfollit del Boix,07,Bages,2024,,,,,,,4,8.528785,0,9,0,13,27.71855,false,,,,,8.7195,19.7486,,,0,missing,idescat_etca;gencat_tourism_registry_t2h3-cgys,,2026-08-21T21:48:17Z,0.2.0,not_published,ETCA is not published for every municipality.,engineering_pending,0,100,0,,official,default,false
080608,Castellfollit de Riubregós,06,Anoia,2024,,,,,,,0,0,0,2,0,2,13.071895,false,,,,,0,9.1912,,,0,missing,idescat_etca;gencat_tourism_registry_t2h3-cgys,,2026-08-21T21:48:17Z,0.2.0,not_published,ETCA is not published for every municipality.,engineering_pending,0,100,0,,official,default,false
080615,Castellgalí,07,Bages,2024,2339,261,-409,2191,93.7,0.936725,0,0,0,0,0,0,0,false,,,,11.2286,0,0,,6.1757,75,municipality,idescat_etca;gencat_tourism_registry_t2h3-cgys,,2026-08-21T21:48:17Z,0.2.0,,IEET municipal not used; score is the documented base formula.,complete,6.1757,6.1757,100,,official,default,true
080620,Castellnou de Bages,07,Bages,2024,1430,123,-276,1277,89.3,0.893007,9,6.293706,2,4,0,15,10.48951,false,,,,4.7808,6.4345,7.3298,,5.704,75,municipality,idescat_etca;gencat_tourism_registry_t2h3-cgys,,2026-08-21T21:48:17Z,0.2.0,,IEET municipal not used; score is the documented base formula.,complete,5.704,5.704,100,,official,default,true
080636,Castellolí,06,Anoia,2024,,,,,,,1,1.492537,0,1,0,2,2.985075,false,,,,,1.5259,1.9205,,,0,missing,idescat_etca;gencat_tourism_registry_t2h3-cgys,,2026-08-21T21:48:17Z,0.2.0,not_published,ETCA is not published for every municipality.,engineering_pending,0,100,0,,official,default,false
080641,Castellterçol,42,Moianès,2024,2766,188,-440,2515,90.9,0.909255,10,3.615329,1,3,0,14,5.061461,false,,,,7.1772,3.6962,3.4172,,5.555,75,municipality,idescat_etca;gencat_tourism_registry_t2h3-cgys,,2026-08-21T21:48:17Z,0.2.0,,IEET municipal not used; score is the documented base formula.,complete,5.555,5.555,100,,official,default,true
080654,Castellví de la Marca,03,Alt Penedès,2024,1714,79,-291,1501,87.6,0.875729,6,3.500583,0,6,0,12,7.001167,false,,,,2.2325,3.5789,4.8154,,3.0857,75,municipality,idescat_etca;gencat_tourism_registry_t2h3-cgys,,2026-08-21T21:48:17Z,0.2.0,,IEET municipal not used; score is the documented base formula.,complete,3.0857,3.0857,100,,official,default,true
080667,Castellví de Rosanes,11,Baix Llobregat,2024,2098,402,-424,2077,99,0.98999,4,1.906578,0,0,0,4,1.906578,false,,,,19.0846,1.9492,1.1432,,11.2125,75,municipality,idescat_etca;gencat_tourism_registry_t2h3-cgys,,2026-08-21T21:48:17Z,0.2.0,,IEET municipal not used; score is the documented base formula.,complete,11.2125,11.2125,100,,official,default,true
080673,Centelles,24,Osona,2024,7771,759,-1048,7482,96.3,0.96281,8,1.029469,1,1,1,11,1.415519,false,,,,15.0759,1.0525,0.7892,,8.7127,75,municipality,idescat_etca;gencat_tourism_registry_t2h3-cgys,,2026-08-21T21:48:17Z,0.2.0,,IEET municipal not used; score is the documented base formula.,complete,8.7127,8.7127,100,,official,default,true
080689,Cervelló,11,Baix Llobregat,2024,9633,766,-1798,8601,89.3,0.892868,15,1.557147,1,0,0,16,1.660957,false,,,,4.7603,1.592,0.9661,,3.2094,75,municipality,idescat_etca;gencat_tourism_registry_t2h3-cgys,,2026-08-21T21:48:17Z,0.2.0,,IEET municipal not used; score is the documented base formula.,complete,3.2094,3.2094,100,,official,default,true
080692,Collbató,11,Baix Llobregat,2024,4847,510,-915,4442,91.6,0.916443,22,4.53889,2,2,0,26,5.364143,false,,,,8.2373,4.6404,3.6354,,6.4177,75,municipality,idescat_etca;gencat_tourism_registry_t2h3-cgys,,2026-08-21T21:48:17Z,0.2.0,,IEET municipal not used; score is the documented base formula.,complete,6.4177,6.4177,100,,official,default,true
080706,Collsuspina,42,Moianès,2024,,,,,,,7,17.948718,1,9,0,17,43.589744,false,,,,,18.3501,31.1887,,,0,missing,idescat_etca;gencat_tourism_registry_t2h3-cgys,,2026-08-21T21:48:17Z,0.2.0,not_published,ETCA is not published for every municipality.,engineering_pending,0,100,0,,official,default,false
080713,Copons,06,Anoia,2024,,,,,,,3,8.522727,0,0,0,3,8.522727,false,,,,,8.7133,5.9121,,,0,missing,idescat_etca;gencat_tourism_registry_t2h3-cgys,,2026-08-21T21:48:17Z,0.2.0,not_published,ETCA is not published for every municipality.,engineering_pending,0,100,0,,official,default,false
080728,Corbera de Llobregat,11,Baix Llobregat,2024,15783,758,-2760,13781,87.3,0.873155,34,2.154217,1,0,0,35,2.217576,false,,,,1.8528,2.2024,1.3673,,1.8431,75,municipality,idescat_etca;gencat_tourism_registry_t2h3-cgys,,2026-08-21T21:48:17Z,0.2.0,,IEET municipal not used; score is the documented base formula.,complete,1.8431,1.8431,100,,official,default,true
080734,Cornellà de Llobregat,11,Baix Llobregat,2024,91196,11714,-14415,88494,97,0.970372,89,0.97592,6,0,0,95,1.041712,false,,,,16.191,0.9977,0.5197,,9.2584,75,municipality,idescat_etca;gencat_tourism_registry_t2h3-cgys,,2026-08-21T21:48:17Z,0.2.0,,IEET municipal not used; score is the documented base formula.,complete,9.2584,9.2584,100,,official,default,true
080749,Cubelles,17,Garraf,2024,17300,3652,-2984,17968,103.9,1.038613,747,43.179191,6,0,1,754,43.583815,false,,,,26.2557,44.1449,31.1845,,31.7138,75,municipality,idescat_etca;gencat_tourism_registry_t2h3-cgys,,2026-08-21T21:48:17Z,0.2.0,,IEET municipal not used; score is the documented base formula.,complete,31.7138,31.7138,100,,official,default,true
080752,Dosrius,21,Maresme,2024,6152,592,-992,5753,93.5,0.935143,21,3.413524,0,4,0,25,4.063719,false,,,,10.9953,3.4899,2.698,,7.4595,75,municipality,idescat_etca;gencat_tourism_registry_t2h3-cgys,,2026-08-21T21:48:17Z,0.2.0,,IEET municipal not used; score is the documented base formula.,complete,7.4595,7.4595,100,,official,default,true
080765,Esparreguera,11,Baix Llobregat,2024,22499,1202,-3266,20435,90.8,0.908263,4,0.177786,1,0,0,5,0.222232,false,,,,7.0308,0.1818,0,,3.9124,75,municipality,idescat_etca;gencat_tourism_registry_t2h3-cgys,,2026-08-21T21:48:17Z,0.2.0,,IEET municipal not used; score is the documented base formula.,complete,3.9124,3.9124,100,,official,default,true
080771,Esplugues de Llobregat,11,Baix Llobregat,2024,47700,5930,-8465,45165,94.7,0.946855,18,0.377358,4,0,0,22,0.461216,false,,,,12.7227,0.3858,0.1013,,7.1142,75,municipality,idescat_etca;gencat_tourism_registry_t2h3-cgys,,2026-08-21T21:48:17Z,0.2.0,,IEET municipal not used; score is the documented base formula.,complete,7.1142,7.1142,100,,official,default,true
080787,l'Espunyola,14,Berguedà,2024,,,,,,,3,11.538462,2,11,0,16,61.538462,false,,,,,11.7965,44.1263,,,0,missing,idescat_etca;gencat_tourism_registry_t2h3-cgys,,2026-08-21T21:48:17Z,0.2.0,not_published,ETCA is not published for every municipality.,engineering_pending,0,100,0,,official,default,false
080790,l'Estany,42,Moianès,2024,,,,,,,4,10.230179,0,3,0,7,17.902813,false,,,,,10.459,12.6734,,,0,missing,idescat_etca;gencat_tourism_registry_t2h3-cgys,,2026-08-21T21:48:17Z,0.2.0,not_published,ETCA is not published for every municipality.,engineering_pending,0,100,0,,official,default,false
080804,Fígols,14,Berguedà,2024,,,,,,,2,48.780488,1,0,0,3,73.170732,false,,,,,49.8714,52.511,,,0,missing,idescat_etca;gencat_tourism_registry_t2h3-cgys,,2026-08-21T21:48:17Z,0.2.0,not_published,ETCA is not published for every municipality.,engineering_pending,0,100,0,,official,default,false
080811,Fogars de Montclús,41,Vallès Oriental,2024,,,,,,,13,26.369168,4,6,1,24,48.681542,false,,,,,26.9589,34.8589,,,0,missing,idescat_etca;gencat_tourism_registry_t2h3-cgys,,2026-08-21T21:48:17Z,0.2.0,not_published,ETCA is not published for every municipality.,engineering_pending,0,100,0,,official,default,false
080826,Fogars de la Selva,34,Selva,2024,1678,433,-262,1850,110.3,1.102503,23,13.706794,0,3,0,26,15.494636,false,,,,35.6787,14.0133,10.9375,,25.3141,75,municipality,idescat_etca;gencat_tourism_registry_t2h3-cgys,,2026-08-21T21:48:17Z,0.2.0,,IEET municipal not used; score is the documented base formula.,complete,25.3141,25.3141,100,,official,default,true
080832,Folgueroles,24,Osona,2024,2262,174,-430,2007,88.7,0.887268,0,0,0,1,0,1,0.442087,false,,,,3.9343,0,0.0875,,2.1814,75,municipality,idescat_etca;gencat_tourism_registry_t2h3-cgys,,2026-08-21T21:48:17Z,0.2.0,,IEET municipal not used; score is the documented base formula.,complete,2.1814,2.1814,100,,official,default,true
080847,Fonollosa,07,Bages,2024,1584,98,-270,1412,89.1,0.891414,4,2.525253,0,8,0,12,7.575758,false,,,,4.5459,2.5817,5.2295,,4.1916,75,municipality,idescat_etca;gencat_tourism_registry_t2h3-cgys,,2026-08-21T21:48:17Z,0.2.0,,IEET municipal not used; score is the documented base formula.,complete,4.1916,4.1916,100,,official,default,true
080850,Font-rubí,03,Alt Penedès,2024,1432,101,-229,1304,91.1,0.910615,11,7.681564,1,3,0,15,10.47486,false,,,,7.3777,7.8534,7.3192,,7.4849,75,municipality,idescat_etca;gencat_tourism_registry_t2h3-cgys,,2026-08-21T21:48:17Z,0.2.0,,IEET municipal not used; score is the documented base formula.,complete,7.4849,7.4849,100,,official,default,true
080863,les Franqueses del Vallès,41,Vallès Oriental,2024,20667,2497,-3394,19770,95.7,0.956597,7,0.338704,3,2,0,12,0.580636,false,,,,14.1595,0.3463,0.1874,,7.9118,75,municipality,idescat_etca;gencat_tourism_registry_t2h3-cgys,,2026-08-21T21:48:17Z,0.2.0,,IEET municipal not used; score is the documented base formula.,complete,7.9118,7.9118,100,,official,default,true
080879,Gallifa,40,Vallès Occidental,2024,,,,,,,1,5.847953,0,0,0,1,5.847953,false,,,,,5.9787,3.9841,,,0,missing,idescat_etca;gencat_tourism_registry_t2h3-cgys,,2026-08-21T21:48:17Z,0.2.0,not_published,ETCA is not published for every municipality.,engineering_pending,0,100,0,,official,default,false
080885,la Garriga,41,Vallès Oriental,2024,17277,1534,-2605,16206,93.8,0.93801,20,1.157608,6,1,0,27,1.562771,false,,,,11.4181,1.1835,0.8953,,6.7549,75,municipality,idescat_etca;gencat_tourism_registry_t2h3-cgys,,2026-08-21T21:48:17Z,0.2.0,,IEET municipal not used; score is the documented base formula.,complete,6.7549,6.7549,100,,official,default,true
080898,Gavà,11,Baix Llobregat,2024,47961,5504,-7131,46334,96.6,0.966077,245,5.108317,3,0,1,249,5.191718,false,,,,15.5576,5.2226,3.5111,,10.5646,75,municipality,idescat_etca;gencat_tourism_registry_t2h3-cgys,,2026-08-21T21:48:17Z,0.2.0,,IEET municipal not used; score is the documented base formula.,complete,10.5646,10.5646,100,,official,default,true
080902,Gaià,07,Bages,2024,,,,,,,1,5.747126,0,3,0,4,22.988506,false,,,,,5.8757,16.3392,,,0,missing,idescat_etca;gencat_tourism_registry_t2h3-cgys,,2026-08-21T21:48:17Z,0.2.0,not_published,ETCA is not published for every municipality.,engineering_pending,0,100,0,,official,default,false
080919,Gelida,03,Alt Penedès,2024,8078,209,-1418,6868,85,0.85021,12,1.485516,2,2,0,16,1.980688,false,,,,0,1.5187,1.1966,,0.619,75,municipality,idescat_etca;gencat_tourism_registry_t2h3-cgys,,2026-08-21T21:48:17Z,0.2.0,,IEET municipal not used; score is the documented base formula.,complete,0.619,0.619,100,,official,default,true
080924,Gironella,14,Berguedà,2024,5072,283,-596,4760,93.8,0.938486,15,2.957413,2,2,1,20,3.943218,false,,,,11.4883,3.0236,2.6112,,7.5967,75,municipality,idescat_etca;gencat_tourism_registry_t2h3-cgys,,2026-08-21T21:48:17Z,0.2.0,,IEET municipal not used; score is the documented base formula.,complete,7.5967,7.5967,100,,official,default,true
080930,Gisclareny,14,Berguedà,2024,,,,,,,3,107.142857,0,1,0,4,142.857143,false,,,,,100,100,,,0,missing,idescat_etca;gencat_tourism_registry_t2h3-cgys,,2026-08-21T21:48:17Z,0.2.0,not_published,ETCA is not published for every municipality.,engineering_pending,0,100,0,,official,default,false
080945,la Granada,03,Alt Penedès,2024,2263,166,-384,2045,90.4,0.903668,2,0.883783,0,0,0,2,0.883783,false,,,,6.3531,0.9035,0.4059,,3.8013,75,municipality,idescat_etca;gencat_tourism_registry_t2h3-cgys,,2026-08-21T21:48:17Z,0.2.0,,IEET municipal not used; score is the documented base formula.,complete,3.8013,3.8013,100,,official,default,true
080958,Granera,42,Moianès,2024,,,,,,,3,36.144578,0,2,0,5,60.240964,false,,,,,36.9529,43.1911,,,0,missing,idescat_etca;gencat_tourism_registry_t2h3-cgys,,2026-08-21T21:48:17Z,0.2.0,not_published,ETCA is not published for every municipality.,engineering_pending,0,100,0,,official,default,false
080961,Granollers,41,Vallès Oriental,2024,63897,9339,-8182,65054,101.8,1.018107,17,0.266053,11,0,0,28,0.438205,false,,,,23.2314,0.272,0.0847,,12.8622,75,municipality,idescat_etca;gencat_tourism_registry_t2h3-cgys,,2026-08-21T21:48:17Z,0.2.0,,IEET municipal not used; score is the documented base formula.,complete,12.8622,12.8622,100,,official,default,true
080977,Gualba,41,Vallès Oriental,2024,1743,372,-366,1750,100.4,1.004016,22,12.621916,1,2,1,26,14.91681,false,,,,21.1532,12.9042,10.521,,16.9645,75,municipality,idescat_etca;gencat_tourism_registry_t2h3-cgys,,2026-08-21T21:48:17Z,0.2.0,,IEET municipal not used; score is the documented base formula.,complete,16.9645,16.9645,100,,official,default,true
080983,Sant Salvador de Guardiola,07,Bages,2024,3478,274,-547,3205,92.2,0.921507,0,0,0,5,1,6,1.725129,false,,,,8.9841,0,1.0124,,5.1437,75,municipality,idescat_etca;gencat_tourism_registry_t2h3-cgys,,2026-08-21T21:48:17Z,0.2.0,,IEET municipal not used; score is the documented base formula.,complete,5.1437,5.1437,100,,official,default,true
080996,Guardiola de Berguedà,14,Berguedà,2024,951,182,-128,1005,105.7,1.056782,39,41.009464,2,2,1,44,46.267087,false,,,,28.9355,41.9266,33.1186,,33.0199,75,municipality,idescat_etca;gencat_tourism_registry_t2h3-cgys,,2026-08-21T21:48:17Z,0.2.0,,IEET municipal not used; score is the documented base formula.,complete,33.0199,33.0199,100,,official,default,true
081000,Gurb,24,Osona,2024,2711,1217,-515,3413,125.9,1.258945,3,1.106603,0,5,0,8,2.950941,false,,,,58.7519,1.1314,1.8959,,32.9756,75,municipality,idescat_etca;gencat_tourism_registry_t2h3-cgys,,2026-08-21T21:48:17Z,0.2.0,,IEET municipal not used; score is the documented base formula.,complete,32.9756,32.9756,100,,official,default,true
081017,l'Hospitalet de Llobregat,13,Barcelonès,2024,282299,23801,-43878,262223,92.9,0.928884,520,1.842019,30,0,0,550,1.948289,false,,,,10.0722,1.8832,1.1732,,6.2451,75,municipality,idescat_etca;gencat_tourism_registry_t2h3-cgys,,2026-08-21T21:48:17Z,0.2.0,,IEET municipal not used; score is the documented base formula.,complete,6.2451,6.2451,100,,official,default,true
081022,Igualada,06,Anoia,2024,41755,4056,-4247,41564,99.5,0.995426,43,1.029817,5,0,0,48,1.149563,false,,,,19.8862,1.0528,0.5975,,11.3201,75,municipality,idescat_etca;gencat_tourism_registry_t2h3-cgys,,2026-08-21T21:48:17Z,0.2.0,,IEET municipal not used; score is the documented base formula.,complete,11.3201,11.3201,100,,official,default,true
081038,Jorba,06,Anoia,2024,,,,,,,1,1.177856,1,4,0,6,7.067138,false,,,,,1.2042,4.8629,,,0,missing,idescat_etca;gencat_tourism_registry_t2h3-cgys,,2026-08-21T21:48:17Z,0.2.0,not_published,ETCA is not published for every municipality.,engineering_pending,0,100,0,,official,default,false
081043,la Llacuna,06,Anoia,2024,,,,,,,13,13.527575,0,6,1,20,20.811655,false,,,,,13.8301,14.7701,,,0,missing,idescat_etca;gencat_tourism_registry_t2h3-cgys,,2026-08-21T21:48:17Z,0.2.0,not_published,ETCA is not published for every municipality.,engineering_pending,0,100,0,,official,default,false
081056,la Llagosta,41,Vallès Oriental,2024,13070,682,-2048,11704,89.5,0.895486,0,0,4,0,0,4,0.306044,false,,,,5.1464,0,0,,2.8305,75,municipality,idescat_etca;gencat_tourism_registry_t2h3-cgys,,2026-08-21T21:48:17Z,0.2.0,,IEET municipal not used; score is the documented base formula.,complete,2.8305,2.8305,100,,official,default,true
081069,Llinars del Vallès,41,Vallès Oriental,2024,10699,1532,-1510,10720,100.2,1.001963,10,0.934667,0,6,0,16,1.495467,false,,,,20.8503,0.9556,0.8468,,11.8759,75,municipality,idescat_etca;gencat_tourism_registry_t2h3-cgys,,2026-08-21T21:48:17Z,0.2.0,,IEET municipal not used; score is the documented base formula.,complete,11.8759,11.8759,100,,official,default,true
081075,Lliçà d'Amunt,41,Vallès Oriental,2024,16225,994,-2621,14598,90,0.899723,18,1.109399,0,3,0,21,1.294299,false,,,,5.7713,1.1342,0.7018,,3.5981,75,municipality,idescat_etca;gencat_tourism_registry_t2h3-cgys,,2026-08-21T21:48:17Z,0.2.0,,IEET municipal not used; score is the documented base formula.,complete,3.5981,3.5981,100,,official,default,true
081081,Lliçà de Vall,41,Vallès Oriental,2024,6858,1485,-1111,7233,105.5,1.054681,3,0.437445,0,0,0,3,0.437445,false,,,,28.6255,0.4472,0.0842,,15.8727,75,municipality,idescat_etca;gencat_tourism_registry_t2h3-cgys,,2026-08-21T21:48:17Z,0.2.0,,IEET municipal not used; score is the documented base formula.,complete,15.8727,15.8727,100,,official,default,true
081094,Lluçà,43,Lluçanès,2024,,,,,,,2,7.142857,1,4,0,7,25,false,,,,,7.3026,17.7891,,,0,missing,idescat_etca;gencat_tourism_registry_t2h3-cgys,,2026-08-21T21:48:17Z,0.2.0,not_published,ETCA is not published for every municipality.,engineering_pending,0,100,0,,official,default,false
081108,Malgrat de Mar,21,Maresme,2024,19270,6783,-2187,23866,123.9,1.238505,369,19.148936,24,0,9,402,20.861443,false,,,,55.7373,19.5772,14.806,,38.511,75,municipality,idescat_etca;gencat_tourism_registry_t2h3-cgys,,2026-08-21T21:48:17Z,0.2.0,,IEET municipal not used; score is the documented base formula.,complete,38.511,38.511,100,,official,default,true
081115,Malla,24,Osona,2024,,,,,,,1,3.496503,0,2,0,3,10.48951,false,,,,,3.5747,7.3298,,,0,missing,idescat_etca;gencat_tourism_registry_t2h3-cgys,,2026-08-21T21:48:17Z,0.2.0,not_published,ETCA is not published for every municipality.,engineering_pending,0,100,0,,official,default,false
081120,Manlleu,24,Osona,2024,21291,902,-2304,19889,93.4,0.934151,0,0,2,2,0,4,0.187873,false,,,,10.8489,0,0,,5.9669,75,municipality,idescat_etca;gencat_tourism_registry_t2h3-cgys,,2026-08-21T21:48:17Z,0.2.0,,IEET municipal not used; score is the documented base formula.,complete,5.9669,5.9669,100,,official,default,true
081136,Manresa,07,Bages,2024,79737,6978,-7442,79274,99.4,0.994193,154,1.931349,8,1,2,165,2.069303,false,,,,19.7045,1.9745,1.2604,,11.5832,75,municipality,idescat_etca;gencat_tourism_registry_t2h3-cgys,,2026-08-21T21:48:17Z,0.2.0,,IEET municipal not used; score is the documented base formula.,complete,11.5832,11.5832,100,,official,default,true
081141,Martorell,11,Baix Llobregat,2024,28483,6870,-3744,31609,111,1.10975,9,0.315978,3,0,0,12,0.421304,false,,,,36.7475,0.323,0.0726,,20.3064,75,municipality,idescat_etca;gencat_tourism_registry_t2h3-cgys,,2026-08-21T21:48:17Z,0.2.0,,IEET municipal not used; score is the documented base formula.,complete,20.3064,20.3064,100,,official,default,true
081154,Martorelles,41,Vallès Oriental,2024,4984,1133,-886,5231,105,1.049559,2,0.401284,0,0,0,2,0.401284,false,,,,27.8701,0.4103,0.0581,,15.4428,75,municipality,idescat_etca;gencat_tourism_registry_t2h3-cgys,,2026-08-21T21:48:17Z,0.2.0,,IEET municipal not used; score is the documented base formula.,complete,15.4428,15.4428,100,,official,default,true
081167,les Masies de Roda,24,Osona,2024,,,,,,,0,0,1,0,0,1,1.319261,false,,,,,0,0.7198,,,0,missing,idescat_etca;gencat_tourism_registry_t2h3-cgys,,2026-08-21T21:48:17Z,0.2.0,not_published,ETCA is not published for every municipality.,engineering_pending,0,100,0,,official,default,false
081173,les Masies de Voltregà,24,Osona,2024,3292,1834,-524,4601,139.8,1.397631,0,0,1,2,0,3,0.9113,false,,,,79.2062,0,0.4257,,43.6486,75,municipality,idescat_etca;gencat_tourism_registry_t2h3-cgys,,2026-08-21T21:48:17Z,0.2.0,,IEET municipal not used; score is the documented base formula.,complete,43.6486,43.6486,100,,official,default,true
081189,el Masnou,21,Maresme,2024,24444,1741,-3817,22368,91.5,0.915071,134,5.481918,5,0,0,139,5.686467,false,,,,8.035,5.6045,3.8677,,6.5939,75,municipality,idescat_etca;gencat_tourism_registry_t2h3-cgys,,2026-08-21T21:48:17Z,0.2.0,,IEET municipal not used; score is the documented base formula.,complete,6.5939,6.5939,100,,official,default,true
081192,Masquefa,06,Anoia,2024,10020,439,-1504,8955,89.4,0.893713,4,0.399202,1,0,0,5,0.499002,false,,,,4.8848,0.4081,0.1286,,2.8144,75,municipality,idescat_etca;gencat_tourism_registry_t2h3-cgys,,2026-08-21T21:48:17Z,0.2.0,,IEET municipal not used; score is the documented base formula.,complete,2.8144,2.8144,100,,official,default,true
081206,Matadepera,40,Vallès Occidental,2024,9863,666,-1951,8577,87,0.869614,12,1.216668,0,0,0,12,1.216668,false,,,,1.3306,1.2439,0.6459,,1.172,75,municipality,idescat_etca;gencat_tourism_registry_t2h3-cgys,,2026-08-21T21:48:17Z,0.2.0,,IEET municipal not used; score is the documented base formula.,complete,1.172,1.172,100,,official,default,true
081213,Mataró,21,Maresme,2024,130887,9455,-13651,126691,96.8,0.967942,164,1.252989,6,2,1,173,1.321751,false,,,,15.8327,1.281,0.7216,,9.1726,75,municipality,idescat_etca;gencat_tourism_registry_t2h3-cgys,,2026-08-21T21:48:17Z,0.2.0,,IEET municipal not used; score is the documented base formula.,complete,9.1726,9.1726,100,,official,default,true
081228,Mediona,03,Alt Penedès,2024,2632,274,-396,2510,95.4,0.953647,12,4.559271,0,4,0,16,6.079027,false,,,,13.7245,4.6612,4.1507,,9.5439,75,municipality,idescat_etca;gencat_tourism_registry_t2h3-cgys,,2026-08-21T21:48:17Z,0.2.0,,IEET municipal not used; score is the documented base formula.,complete,9.5439,9.5439,100,,official,default,true
081234,Molins de Rei,11,Baix Llobregat,2024,26930,2239,-4772,24398,90.6,0.905978,6,0.2228,3,0,0,9,0.3342,false,,,,6.6939,0.2278,0.0098,,3.7406,75,municipality,idescat_etca;gencat_tourism_registry_t2h3-cgys,,2026-08-21T21:48:17Z,0.2.0,,IEET municipal not used; score is the documented base formula.,complete,3.7406,3.7406,100,,official,default,true
081249,Mollet del Vallès,41,Vallès Oriental,2024,52045,4305,-7458,48892,93.9,0.939418,2,0.038428,5,0,0,7,0.134499,false,,,,11.6258,0.0393,0,,6.404,75,municipality,idescat_etca;gencat_tourism_registry_t2h3-cgys,,2026-08-21T21:48:17Z,0.2.0,,IEET municipal not used; score is the documented base formula.,complete,6.404,6.404,100,,official,default,true
081252,Montcada i Reixac,40,Vallès Occidental,2024,37096,4335,-5417,36014,97.1,0.970832,13,0.350442,3,0,0,16,0.431313,false,,,,16.259,0.3583,0.0798,,9.048,75,municipality,idescat_etca;gencat_tourism_registry_t2h3-cgys,,2026-08-21T21:48:17Z,0.2.0,,IEET municipal not used; score is the documented base formula.,complete,9.048,9.048,100,,official,default,true
081265,Montgat,21,Maresme,2024,12646,903,-2299,11250,89,0.889609,67,5.298118,0,0,0,67,5.298118,false,,,,4.2797,5.4166,3.5878,,4.4255,75,municipality,idescat_etca;gencat_tourism_registry_t2h3-cgys,,2026-08-21T21:48:17Z,0.2.0,,IEET municipal not used; score is the documented base formula.,complete,4.4255,4.4255,100,,official,default,true
081271,Monistrol de Montserrat,07,Bages,2024,3188,236,-530,2894,90.8,0.907779,27,8.46926,3,1,0,31,9.723965,false,,,,6.9595,8.6587,6.778,,7.348,75,municipality,idescat_etca;gencat_tourism_registry_t2h3-cgys,,2026-08-21T21:48:17Z,0.2.0,,IEET municipal not used; score is the documented base formula.,complete,7.348,7.348,100,,official,default,true
081287,Monistrol de Calders,42,Moianès,2024,,,,,,,3,3.926702,1,1,0,5,6.544503,false,,,,,4.0145,4.4862,,,0,missing,idescat_etca;gencat_tourism_registry_t2h3-cgys,,2026-08-21T21:48:17Z,0.2.0,not_published,ETCA is not published for every municipality.,engineering_pending,0,100,0,,official,default,false
081290,Muntanyola,24,Osona,2024,,,,,,,3,4.285714,0,7,0,10,14.285714,false,,,,,4.3816,10.0661,,,0,missing,idescat_etca;gencat_tourism_registry_t2h3-cgys,,2026-08-21T21:48:17Z,0.2.0,not_published,ETCA is not published for every municipality.,engineering_pending,0,100,0,,official,default,false
081304,Montclar,14,Berguedà,2024,,,,,,,6,45.112782,0,5,0,11,82.706767,false,,,,,46.1217,59.3846,,,0,missing,idescat_etca;gencat_tourism_registry_t2h3-cgys,,2026-08-21T21:48:17Z,0.2.0,not_published,ETCA is not published for every municipality.,engineering_pending,0,100,0,,official,default,false
081311,Montesquiu,24,Osona,2024,1095,43,-174,963,87.9,0.879452,4,3.652968,0,0,0,4,3.652968,false,,,,2.7816,3.7347,2.402,,2.944,75,municipality,idescat_etca;gencat_tourism_registry_t2h3-cgys,,2026-08-21T21:48:17Z,0.2.0,,IEET municipal not used; score is the documented base formula.,complete,2.944,2.944,100,,official,default,true
081326,Montmajor,14,Berguedà,2024,,,,,,,10,21.231423,0,8,0,18,38.216561,false,,,,,21.7062,27.3157,,,0,missing,idescat_etca;gencat_tourism_registry_t2h3-cgys,,2026-08-21T21:48:17Z,0.2.0,not_published,ETCA is not published for every municipality.,engineering_pending,0,100,0,,official,default,false
081332,Montmaneu,06,Anoia,2024,,,,,,,1,5.494505,1,0,0,2,10.989011,false,,,,,5.6174,7.6898,,,0,missing,idescat_etca;gencat_tourism_registry_t2h3-cgys,,2026-08-21T21:48:17Z,0.2.0,not_published,ETCA is not published for every municipality.,engineering_pending,0,100,0,,official,default,false
081347,Figaró-Montmany,41,Vallès Oriental,2024,1190,116,-202,1104,92.8,0.927731,4,3.361345,1,2,0,7,5.882353,false,,,,9.9021,3.4365,4.0089,,7.1071,75,municipality,idescat_etca;gencat_tourism_registry_t2h3-cgys,,2026-08-21T21:48:17Z,0.2.0,,IEET municipal not used; score is the documented base formula.,complete,7.1071,7.1071,100,,official,default,true
081350,Montmeló,41,Vallès Oriental,2024,8887,943,-1352,8479,95.4,0.95409,1,0.112524,2,0,0,3,0.337572,false,,,,13.7898,0.115,0.0122,,7.6156,75,municipality,idescat_etca;gencat_tourism_registry_t2h3-cgys,,2026-08-21T21:48:17Z,0.2.0,,IEET municipal not used; score is the documented base formula.,complete,7.6156,7.6156,100,,official,default,true
081363,Montornès del Vallès,41,Vallès Oriental,2024,17039,1782,-2350,16471,96.7,0.966665,1,0.058689,1,1,0,3,0.176067,false,,,,15.6443,0.06,0,,8.6194,75,municipality,idescat_etca;gencat_tourism_registry_t2h3-cgys,,2026-08-21T21:48:17Z,0.2.0,,IEET municipal not used; score is the documented base formula.,complete,8.6194,8.6194,100,,official,default,true
081379,Montseny,41,Vallès Oriental,2024,,,,,,,14,36.175711,4,6,3,27,69.767442,false,,,,,36.9848,50.0578,,,0,missing,idescat_etca;gencat_tourism_registry_t2h3-cgys,,2026-08-21T21:48:17Z,0.2.0,not_published,ETCA is not published for every municipality.,engineering_pending,0,100,0,,official,default,false
081385,Moià,42,Moianès,2024,6715,281,-847,6149,91.6,0.915711,13,1.935964,1,8,0,22,3.276247,false,,,,8.1293,1.9793,2.1304,,5.392,75,municipality,idescat_etca;gencat_tourism_registry_t2h3-cgys,,2026-08-21T21:48:17Z,0.2.0,,IEET municipal not used; score is the documented base formula.,complete,5.392,5.392,100,,official,default,true
081398,Mura,07,Bages,2024,,,,,,,5,21.367521,0,5,0,10,42.735043,false,,,,,21.8454,30.5727,,,0,missing,idescat_etca;gencat_tourism_registry_t2h3-cgys,,2026-08-21T21:48:17Z,0.2.0,not_published,ETCA is not published for every municipality.,engineering_pending,0,100,0,,official,default,false
081402,Navarcles,07,Bages,2024,6158,189,-877,5471,88.8,0.888438,1,0.16239,2,0,0,3,0.487171,false,,,,4.1069,0.166,0.12,,2.3243,75,municipality,idescat_etca;gencat_tourism_registry_t2h3-cgys,,2026-08-21T21:48:17Z,0.2.0,,IEET municipal not used; score is the documented base formula.,complete,2.3243,2.3243,100,,official,default,true
081419,Navàs,07,Bages,2024,6183,199,-705,5677,91.8,0.918163,5,0.808669,1,0,0,6,0.970403,false,,,,8.4909,0.8268,0.4683,,4.9704,75,municipality,idescat_etca;gencat_tourism_registry_t2h3-cgys,,2026-08-21T21:48:17Z,0.2.0,,IEET municipal not used; score is the documented base formula.,complete,4.9704,4.9704,100,,official,default,true
081424,la Nou de Berguedà,14,Berguedà,2024,,,,,,,3,18.404908,2,6,0,11,67.484663,false,,,,,18.8165,48.4124,,,0,missing,idescat_etca;gencat_tourism_registry_t2h3-cgys,,2026-08-21T21:48:17Z,0.2.0,not_published,ETCA is not published for every municipality.,engineering_pending,0,100,0,,official,default,false
081430,Òdena,06,Anoia,2024,3695,342,-578,3459,93.6,0.93613,5,1.35318,0,0,0,5,1.35318,false,,,,11.1408,1.3834,0.7443,,6.6222,75,municipality,idescat_etca;gencat_tourism_registry_t2h3-cgys,,2026-08-21T21:48:17Z,0.2.0,,IEET municipal not used; score is the documented base formula.,complete,6.6222,6.6222,100,,official,default,true
081445,Olvan,14,Berguedà,2024,,,,,,,8,8.639309,0,11,0,19,20.518359,false,,,,,8.8325,14.5587,,,0,missing,idescat_etca;gencat_tourism_registry_t2h3-cgys,,2026-08-21T21:48:17Z,0.2.0,not_published,ETCA is not published for every municipality.,engineering_pending,0,100,0,,official,default,false
081458,Olèrdola,03,Alt Penedès,2024,3938,1428,-600,4766,121,1.210259,24,6.094464,2,5,0,31,7.872016,false,,,,51.5713,6.2308,5.4431,,31.0105,75,municipality,idescat_etca;gencat_tourism_registry_t2h3-cgys,,2026-08-21T21:48:17Z,0.2.0,,IEET municipal not used; score is the documented base formula.,complete,31.0105,31.0105,100,,official,default,true
081461,Olesa de Bonesvalls,03,Alt Penedès,2024,2092,162,-372,1882,90,0.899618,4,1.912046,0,3,0,7,3.34608,false,,,,5.7558,1.9548,2.1808,,4.0906,75,municipality,idescat_etca;gencat_tourism_registry_t2h3-cgys,,2026-08-21T21:48:17Z,0.2.0,,IEET municipal not used; score is the documented base formula.,complete,4.0906,4.0906,100,,official,default,true
081477,Olesa de Montserrat,11,Baix Llobregat,2024,24703,947,-3380,22270,90.2,0.90151,0,0,0,0,0,0,0,false,,,,6.0349,0,0,,3.3192,75,municipality,idescat_etca;gencat_tourism_registry_t2h3-cgys,,2026-08-21T21:48:17Z,0.2.0,,IEET municipal not used; score is the documented base formula.,complete,3.3192,3.3192,100,,official,default,true
081483,Olivella,17,Garraf,2024,4452,570,-864,4157,93.4,0.933738,213,47.843666,1,0,0,214,48.068284,false,,,,10.788,48.9137,34.4169,,25.0452,75,municipality,idescat_etca;gencat_tourism_registry_t2h3-cgys,,2026-08-21T21:48:17Z,0.2.0,,IEET municipal not used; score is the documented base formula.,complete,25.0452,25.0452,100,,official,default,true
081496,Olost,43,Lluçanès,2024,1213,254,-170,1297,106.9,1.06925,4,3.297609,1,8,1,14,11.541632,false,,,,30.7743,3.3714,8.0882,,19.3864,75,municipality,idescat_etca;gencat_tourism_registry_t2h3-cgys,,2026-08-21T21:48:17Z,0.2.0,,IEET municipal not used; score is the documented base formula.,complete,19.3864,19.3864,100,,official,default,true
081509,Orís,24,Osona,2024,,,,,,,0,0,0,0,0,0,0,false,,,,,0,0,,,0,missing,idescat_etca;gencat_tourism_registry_t2h3-cgys,,2026-08-21T21:48:17Z,0.2.0,not_published,ETCA is not published for every municipality.,engineering_pending,0,100,0,,official,default,false
081516,Oristà,43,Lluçanès,2024,,,,,,,3,5.395683,0,14,0,17,30.57554,false,,,,,5.5164,21.808,,,0,missing,idescat_etca;gencat_tourism_registry_t2h3-cgys,,2026-08-21T21:48:17Z,0.2.0,not_published,ETCA is not published for every municipality.,engineering_pending,0,100,0,,official,default,false
081521,Orpí,06,Anoia,2024,,,,,,,0,0,0,10,0,10,56.818182,false,,,,,0,40.7239,,,0,missing,idescat_etca;gencat_tourism_registry_t2h3-cgys,,2026-08-21T21:48:17Z,0.2.0,not_published,ETCA is not published for every municipality.,engineering_pending,0,100,0,,official,default,false
081537,Òrrius,21,Maresme,2024,,,,,,,9,11.056511,0,0,0,9,11.056511,false,,,,,11.3038,7.7385,,,0,missing,idescat_etca;gencat_tourism_registry_t2h3-cgys,,2026-08-21T21:48:17Z,0.2.0,not_published,ETCA is not published for every municipality.,engineering_pending,0,100,0,,official,default,false
081542,Pacs del Penedès,03,Alt Penedès,2024,,,,,,,2,2.141328,0,1,0,3,3.211991,false,,,,,2.1892,2.0841,,,0,missing,idescat_etca;gencat_tourism_registry_t2h3-cgys,,2026-08-21T21:48:17Z,0.2.0,not_published,ETCA is not published for every municipality.,engineering_pending,0,100,0,,official,default,false
081555,Palafolls,21,Maresme,2024,9933,1216,-1415,9734,98,0.979966,78,7.852613,1,5,0,84,8.45666,false,,,,17.6061,8.0282,5.8645,,12.8633,75,municipality,idescat_etca;gencat_tourism_registry_t2h3-cgys,,2026-08-21T21:48:17Z,0.2.0,,IEET municipal not used; score is the documented base formula.,complete,12.8633,12.8633,100,,official,default,true
081568,Palau-solità i Plegamans,40,Vallès Occidental,2024,15444,2618,-2264,15798,102.3,1.022922,5,0.32375,2,0,0,7,0.45325,false,,,,23.9415,0.331,0.0956,,13.2697,75,municipality,idescat_etca;gencat_tourism_registry_t2h3-cgys,,2026-08-21T21:48:17Z,0.2.0,,IEET municipal not used; score is the documented base formula.,complete,13.2697,13.2697,100,,official,default,true
081574,Pallejà,11,Baix Llobregat,2024,11811,890,-2090,10612,89.8,0.898484,28,2.370671,1,0,0,29,2.455338,false,,,,5.5886,2.4237,1.5387,,3.9874,75,municipality,idescat_etca;gencat_tourism_registry_t2h3-cgys,,2026-08-21T21:48:17Z,0.2.0,,IEET municipal not used; score is the documented base formula.,complete,3.9874,3.9874,100,,official,default,true
081580,el Papiol,11,Baix Llobregat,2024,4358,498,-822,4034,92.6,0.925654,3,0.688389,1,0,0,4,0.917852,false,,,,9.5958,0.7038,0.4305,,5.5397,75,municipality,idescat_etca;gencat_tourism_registry_t2h3-cgys,,2026-08-21T21:48:17Z,0.2.0,,IEET municipal not used; score is the documented base formula.,complete,5.5397,5.5397,100,,official,default,true
081593,Parets del Vallès,41,Vallès Oriental,2024,18879,3132,-3039,18973,100.5,1.004979,0,0,3,0,0,3,0.158907,false,,,,21.2952,0,0,,11.7124,75,municipality,idescat_etca;gencat_tourism_registry_t2h3-cgys,,2026-08-21T21:48:17Z,0.2.0,,IEET municipal not used; score is the documented base formula.,complete,11.7124,11.7124,100,,official,default,true
081607,Perafita,43,Lluçanès,2024,,,,,,,8,18.475751,0,6,0,14,32.332564,false,,,,,18.8889,23.0745,,,0,missing,idescat_etca;gencat_tourism_registry_t2h3-cgys,,2026-08-21T21:48:17Z,0.2.0,not_published,ETCA is not published for every municipality.,engineering_pending,0,100,0,,official,default,false
081614,Piera,06,Anoia,2024,17560,374,-2474,15460,88,0.88041,17,0.968109,0,1,0,18,1.025057,false,,,,2.9229,0.9898,0.5077,,1.9566,75,municipality,idescat_etca;gencat_tourism_registry_t2h3-cgys,,2026-08-21T21:48:17Z,0.2.0,,IEET municipal not used; score is the documented base formula.,complete,1.9566,1.9566,100,,official,default,true
081629,els Hostalets de Pierola,06,Anoia,2024,3232,204,-575,2860,88.5,0.884901,2,0.618812,0,1,0,3,0.928218,false,,,,3.5853,0.6327,0.4379,,2.2177,75,municipality,idescat_etca;gencat_tourism_registry_t2h3-cgys,,2026-08-21T21:48:17Z,0.2.0,,IEET municipal not used; score is the documented base formula.,complete,2.2177,2.2177,100,,official,default,true
081635,Pineda de Mar,21,Maresme,2024,29415,6328,-3176,32566,110.7,1.107122,842,28.624851,16,0,4,862,29.304776,false,,,,36.36,29.265,20.892,,31.4927,75,municipality,idescat_etca;gencat_tourism_registry_t2h3-cgys,,2026-08-21T21:48:17Z,0.2.0,,IEET municipal not used; score is the documented base formula.,complete,31.4927,31.4927,100,,official,default,true
081640,el Pla del Penedès,03,Alt Penedès,2024,1352,26,-245,1133,83.8,0.838018,7,5.177515,0,6,0,13,9.615385,false,,,,0,5.2933,6.6997,,2.6633,75,municipality,idescat_etca;gencat_tourism_registry_t2h3-cgys,,2026-08-21T21:48:17Z,0.2.0,,IEET municipal not used; score is the documented base formula.,complete,2.6633,2.6633,100,,official,default,true
081653,la Pobla de Claramunt,06,Anoia,2024,2356,547,-372,2531,107.4,1.074278,5,2.122241,1,0,0,6,2.546689,false,,,,31.516,2.1697,1.6045,,18.1971,75,municipality,idescat_etca;gencat_tourism_registry_t2h3-cgys,,2026-08-21T21:48:17Z,0.2.0,,IEET municipal not used; score is the documented base formula.,complete,18.1971,18.1971,100,,official,default,true
081666,la Pobla de Lillet,14,Berguedà,2024,1107,143,-129,1121,101.3,1.012647,24,21.680217,4,2,1,31,28.003613,false,,,,22.4261,22.1651,19.9541,,21.8665,75,municipality,idescat_etca;gencat_tourism_registry_t2h3-cgys,,2026-08-21T21:48:17Z,0.2.0,,IEET municipal not used; score is the documented base formula.,complete,21.8665,21.8665,100,,official,default,true
081672,Polinyà,40,Vallès Occidental,2024,8559,2076,-1290,9345,109.2,1.091833,2,0.233672,0,0,0,2,0.233672,false,,,,34.105,0.2389,0,,18.8175,75,municipality,idescat_etca;gencat_tourism_registry_t2h3-cgys,,2026-08-21T21:48:17Z,0.2.0,,IEET municipal not used; score is the documented base formula.,complete,18.8175,18.8175,100,,official,default,true
081688,Pontons,03,Alt Penedès,2024,,,,,,,10,19.417476,0,9,0,19,36.893204,false,,,,,19.8517,26.3618,,,0,missing,idescat_etca;gencat_tourism_registry_t2h3-cgys,,2026-08-21T21:48:17Z,0.2.0,not_published,ETCA is not published for every municipality.,engineering_pending,0,100,0,,official,default,false
081691,el Prat de Llobregat,11,Baix Llobregat,2024,65910,15313,-8726,72498,110,1.099954,20,0.303444,10,0,0,30,0.455166,false,,,,35.3028,0.3102,0.097,,19.5135,75,municipality,idescat_etca;gencat_tourism_registry_t2h3-cgys,,2026-08-21T21:48:17Z,0.2.0,,IEET municipal not used; score is the documented base formula.,complete,19.5135,19.5135,100,,official,default,true
081705,els Prats de Rei,06,Anoia,2024,,,,,,,2,3.616637,1,6,0,9,16.274864,false,,,,,3.6975,11.4999,,,0,missing,idescat_etca;gencat_tourism_registry_t2h3-cgys,,2026-08-21T21:48:17Z,0.2.0,not_published,ETCA is not published for every municipality.,engineering_pending,0,100,0,,official,default,false
081712,Prats de Lluçanès,43,Lluçanès,2024,2696,112,-297,2511,93.1,0.93138,1,0.37092,1,0,0,2,0.74184,false,,,,10.4403,0.3792,0.3036,,5.8977,75,municipality,idescat_etca;gencat_tourism_registry_t2h3-cgys,,2026-08-21T21:48:17Z,0.2.0,,IEET municipal not used; score is the documented base formula.,complete,5.8977,5.8977,100,,official,default,true
081727,Premià de Mar,21,Maresme,2024,28928,1097,-4970,25055,86.6,0.866116,79,2.730918,1,0,0,80,2.765487,false,,,,0.8147,2.792,1.7623,,1.4985,75,municipality,idescat_etca;gencat_tourism_registry_t2h3-cgys,,2026-08-21T21:48:17Z,0.2.0,,IEET municipal not used; score is the documented base formula.,complete,1.4985,1.4985,100,,official,default,true
081748,Puigdàlber,03,Alt Penedès,2024,,,,,,,1,1.610306,0,0,0,1,1.610306,false,,,,,1.6463,0.9296,,,0,missing,idescat_etca;gencat_tourism_registry_t2h3-cgys,,2026-08-21T21:48:17Z,0.2.0,not_published,ETCA is not published for every municipality.,engineering_pending,0,100,0,,official,default,false
081751,Puig-reig,14,Berguedà,2024,4482,273,-442,4313,96.2,0.962294,8,1.784917,2,8,1,19,4.239179,false,,,,14.9997,1.8248,2.8245,,9.2709,75,municipality,idescat_etca;gencat_tourism_registry_t2h3-cgys,,2026-08-21T21:48:17Z,0.2.0,,IEET municipal not used; score is the documented base formula.,complete,9.2709,9.2709,100,,official,default,true
081764,Pujalt,06,Anoia,2024,,,,,,,4,19.512195,1,17,0,22,107.317073,false,,,,,19.9486,77.1239,,,0,missing,idescat_etca;gencat_tourism_registry_t2h3-cgys,,2026-08-21T21:48:17Z,0.2.0,not_published,ETCA is not published for every municipality.,engineering_pending,0,100,0,,official,default,false
081770,la Quar,14,Berguedà,2024,,,,,,,3,68.181818,0,1,0,4,90.909091,false,,,,,69.7067,65.2969,,,0,missing,idescat_etca;gencat_tourism_registry_t2h3-cgys,,2026-08-21T21:48:17Z,0.2.0,not_published,ETCA is not published for every municipality.,engineering_pending,0,100,0,,official,default,false
081786,Rajadell,07,Bages,2024,,,,,,,1,1.672241,0,3,0,4,6.688963,false,,,,,1.7096,4.5903,,,0,missing,idescat_etca;gencat_tourism_registry_t2h3-cgys,,2026-08-21T21:48:17Z,0.2.0,not_published,ETCA is not published for every municipality.,engineering_pending,0,100,0,,official,default,false
081799,Rellinars,40,Vallès Occidental,2024,,,,,,,5,5.387931,0,2,0,7,7.543103,false,,,,,5.5084,5.206,,,0,missing,idescat_etca;gencat_tourism_registry_t2h3-cgys,,2026-08-21T21:48:17Z,0.2.0,not_published,ETCA is not published for every municipality.,engineering_pending,0,100,0,,official,default,false
081803,Ripollet,40,Vallès Occidental,2024,39430,1985,-6377,35038,88.9,0.888613,6,0.152168,1,0,0,7,0.17753,false,,,,4.1327,0.1556,0,,2.3119,75,municipality,idescat_etca;gencat_tourism_registry_t2h3-cgys,,2026-08-21T21:48:17Z,0.2.0,,IEET municipal not used; score is the documented base formula.,complete,2.3119,2.3119,100,,official,default,true
081810,la Roca del Vallès,41,Vallès Oriental,2024,10956,1577,-1875,10658,97.3,0.9728,14,1.277839,0,0,0,14,1.277839,false,,,,16.5493,1.3064,0.69,,9.5667,75,municipality,idescat_etca;gencat_tourism_registry_t2h3-cgys,,2026-08-21T21:48:17Z,0.2.0,,IEET municipal not used; score is the documented base formula.,complete,9.5667,9.5667,100,,official,default,true
081825,el Pont de Vilomara i Rocafort,07,Bages,2024,4139,68,-552,3656,88.3,0.883305,14,3.38246,0,0,0,14,3.38246,false,,,,3.3499,3.4581,2.207,,3.1484,75,municipality,idescat_etca;gencat_tourism_registry_t2h3-cgys,,2026-08-21T21:48:17Z,0.2.0,,IEET municipal not used; score is the documented base formula.,complete,3.1484,3.1484,100,,official,default,true
081831,Roda de Ter,24,Osona,2024,6883,257,-1020,6120,88.9,0.889147,20,2.90571,2,0,0,22,3.196281,false,,,,4.2115,2.9707,2.0728,,3.4736,75,municipality,idescat_etca;gencat_tourism_registry_t2h3-cgys,,2026-08-21T21:48:17Z,0.2.0,,IEET municipal not used; score is the documented base formula.,complete,3.4736,3.4736,100,,official,default,true
081846,Rubí,40,Vallès Occidental,2024,81523,4772,-10780,75515,92.6,0.926303,15,0.183997,4,0,0,19,0.233063,false,,,,9.6915,0.1881,0,,5.3773,75,municipality,idescat_etca;gencat_tourism_registry_t2h3-cgys,,2026-08-21T21:48:17Z,0.2.0,,IEET municipal not used; score is the documented base formula.,complete,5.3773,5.3773,100,,official,default,true
081859,Rubió,06,Anoia,2024,,,,,,,4,17.54386,0,2,0,6,26.315789,false,,,,,17.9362,18.7375,,,0,missing,idescat_etca;gencat_tourism_registry_t2h3-cgys,,2026-08-21T21:48:17Z,0.2.0,not_published,ETCA is not published for every municipality.,engineering_pending,0,100,0,,official,default,false
081878,Sabadell,40,Vallès Occidental,2024,221564,12264,-27641,206187,93.1,0.930598,65,0.293369,13,0,0,78,0.352043,false,,,,10.325,0.2999,0.0226,,5.7582,75,municipality,idescat_etca;gencat_tourism_registry_t2h3-cgys,,2026-08-21T21:48:17Z,0.2.0,,IEET municipal not used; score is the documented base formula.,complete,5.7582,5.7582,100,,official,default,true
081884,Sagàs,14,Berguedà,2024,,,,,,,0,0,1,19,0,20,130.718954,false,,,,,0,93.9922,,,0,missing,idescat_etca;gencat_tourism_registry_t2h3-cgys,,2026-08-21T21:48:17Z,0.2.0,not_published,ETCA is not published for every municipality.,engineering_pending,0,100,0,,official,default,false
081897,Sant Pere Sallavinera,06,Anoia,2024,,,,,,,1,5.649718,0,3,0,4,22.59887,false,,,,,5.7761,16.0583,,,0,missing,idescat_etca;gencat_tourism_registry_t2h3-cgys,,2026-08-21T21:48:17Z,0.2.0,not_published,ETCA is not published for every municipality.,engineering_pending,0,100,0,,official,default,false
081901,Saldes,14,Berguedà,2024,,,,,,,12,39.86711,3,4,4,23,76.41196,false,,,,,40.7587,54.8473,,,0,missing,idescat_etca;gencat_tourism_registry_t2h3-cgys,,2026-08-21T21:48:17Z,0.2.0,not_published,ETCA is not published for every municipality.,engineering_pending,0,100,0,,official,default,false
081918,Sallent,07,Bages,2024,6932,1255,-898,7288,105.1,1.051356,2,0.288517,2,5,0,9,1.298327,false,,,,28.1352,0.295,0.7047,,15.6891,75,municipality,idescat_etca;gencat_tourism_registry_t2h3-cgys,,2026-08-21T21:48:17Z,0.2.0,,IEET municipal not used; score is the documented base formula.,complete,15.6891,15.6891,100,,official,default,true
081923,Santpedor,07,Bages,2024,7707,982,-1088,7601,98.6,0.986246,4,0.519009,1,1,0,6,0.778513,false,,,,18.5324,0.5306,0.33,,10.3915,75,municipality,idescat_etca;gencat_tourism_registry_t2h3-cgys,,2026-08-21T21:48:17Z,0.2.0,,IEET municipal not used; score is the documented base formula.,complete,10.3915,10.3915,100,,official,default,true
081939,Sant Iscle de Vallalta,21,Maresme,2024,1463,219,-310,1373,93.8,0.938483,19,12.987013,0,8,0,27,18.455229,false,,,,11.4878,13.2775,13.0716,,12.252,75,municipality,idescat_etca;gencat_tourism_registry_t2h3-cgys,,2026-08-21T21:48:17Z,0.2.0,,IEET municipal not used; score is the documented base formula.,complete,12.252,12.252,100,,official,default,true
081944,Sant Adrià de Besòs,13,Barcelonès,2024,38672,4461,-6507,36627,94.7,0.947119,267,6.90422,4,0,0,271,7.007654,false,,,,12.7617,7.0586,4.8201,,9.7476,75,municipality,idescat_etca;gencat_tourism_registry_t2h3-cgys,,2026-08-21T21:48:17Z,0.2.0,,IEET municipal not used; score is the documented base formula.,complete,9.7476,9.7476,100,,official,default,true
081957,Sant Agustí de Lluçanès,24,Osona,2024,,,,,,,3,28.301887,0,9,0,12,113.207547,false,,,,,28.9348,81.3698,,,0,missing,idescat_etca;gencat_tourism_registry_t2h3-cgys,,2026-08-21T21:48:17Z,0.2.0,not_published,ETCA is not published for every municipality.,engineering_pending,0,100,0,,official,default,false
081960,Sant Andreu de la Barca,11,Baix Llobregat,2024,27039,2625,-3951,25713,95.1,0.95096,3,0.110951,2,0,0,5,0.184918,false,,,,13.3281,0.1134,0,,7.3588,75,municipality,idescat_etca;gencat_tourism_registry_t2h3-cgys,,2026-08-21T21:48:17Z,0.2.0,,IEET municipal not used; score is the documented base formula.,complete,7.3588,7.3588,100,,official,default,true
081976,Sant Andreu de Llavaneres,21,Maresme,2024,11942,1186,-2009,11119,93.1,0.931084,185,15.491542,1,0,0,186,15.575281,false,,,,10.3966,15.838,10.9957,,11.8768,75,municipality,idescat_etca;gencat_tourism_registry_t2h3-cgys,,2026-08-21T21:48:17Z,0.2.0,,IEET municipal not used; score is the documented base formula.,complete,11.8768,11.8768,100,,official,default,true
081982,Sant Antoni de Vilamajor,41,Vallès Oriental,2024,6654,362,-1119,5897,88.6,0.886234,22,3.306282,1,1,0,24,3.606853,false,,,,3.7818,3.3802,2.3687,,3.3988,75,municipality,idescat_etca;gencat_tourism_registry_t2h3-cgys,,2026-08-21T21:48:17Z,0.2.0,,IEET municipal not used; score is the documented base formula.,complete,3.3988,3.3988,100,,official,default,true
081995,Sant Bartomeu del Grau,24,Osona,2024,,,,,,,4,4.296455,0,3,0,7,7.518797,false,,,,,4.3925,5.1885,,,0,missing,idescat_etca;gencat_tourism_registry_t2h3-cgys,,2026-08-21T21:48:17Z,0.2.0,not_published,ETCA is not published for every municipality.,engineering_pending,0,100,0,,official,default,false
082009,Sant Boi de Llobregat,11,Baix Llobregat,2024,84588,6049,-11741,78896,93.3,0.932709,21,0.248262,6,0,0,27,0.319194,false,,,,10.6363,0.2538,0,,5.9134,75,municipality,idescat_etca;gencat_tourism_registry_t2h3-cgys,,2026-08-21T21:48:17Z,0.2.0,,IEET municipal not used; score is the documented base formula.,complete,5.9134,5.9134,100,,official,default,true
082016,Sant Boi de Lluçanès,24,Osona,2024,,,,,,,8,13.333333,0,5,0,13,21.666667,false,,,,,13.6315,15.3864,,,0,missing,idescat_etca;gencat_tourism_registry_t2h3-cgys,,2026-08-21T21:48:17Z,0.2.0,not_published,ETCA is not published for every municipality.,engineering_pending,0,100,0,,official,default,false
082021,Sant Celoni,41,Vallès Oriental,2024,18708,1926,-2227,18407,98.4,0.983911,6,0.320718,6,3,0,15,0.801796,false,,,,18.1879,0.3279,0.3468,,10.1547,75,municipality,idescat_etca;gencat_tourism_registry_t2h3-cgys,,2026-08-21T21:48:17Z,0.2.0,,IEET municipal not used; score is the documented base formula.,complete,10.1547,10.1547,100,,official,default,true
082037,Sant Cebrià de Vallalta,21,Maresme,2024,3812,718,-589,3941,103.4,1.033841,140,36.726128,0,0,1,141,36.988458,false,,,,25.5519,37.5475,26.4305,,28.7265,75,municipality,idescat_etca;gencat_tourism_registry_t2h3-cgys,,2026-08-21T21:48:17Z,0.2.0,,IEET municipal not used; score is the documented base formula.,complete,28.7265,28.7265,100,,official,default,true
082042,Sant Climent de Llobregat,11,Baix Llobregat,2024,4181,75,-837,3419,81.8,0.817747,0,0,0,0,0,0,0,false,,,,0,0,0,,0,75,municipality,idescat_etca;gencat_tourism_registry_t2h3-cgys,,2026-08-21T21:48:17Z,0.2.0,,IEET municipal not used; score is the documented base formula.,complete,0,0,100,,official,default,true
082055,Sant Cugat del Vallès,40,Vallès Occidental,2024,98649,19531,-17605,100574,102,1.019514,97,0.983284,11,0,0,108,1.094791,false,,,,23.4389,1.0053,0.558,,13.2543,75,municipality,idescat_etca;gencat_tourism_registry_t2h3-cgys,,2026-08-21T21:48:17Z,0.2.0,,IEET municipal not used; score is the documented base formula.,complete,13.2543,13.2543,100,,official,default,true
082068,Sant Cugat Sesgarrigues,03,Alt Penedès,2024,1028,151,-180,999,97.2,0.97179,4,3.891051,0,0,0,4,3.891051,false,,,,16.4002,3.9781,2.5736,,10.5294,75,municipality,idescat_etca;gencat_tourism_registry_t2h3-cgys,,2026-08-21T21:48:17Z,0.2.0,,IEET municipal not used; score is the documented base formula.,complete,10.5294,10.5294,100,,official,default,true
082074,Sant Esteve de Palautordera,41,Vallès Oriental,2024,3081,251,-608,2723,88.4,0.883804,12,3.894839,2,3,0,17,5.517689,false,,,,3.4235,3.9819,3.7461,,3.6276,75,municipality,idescat_etca;gencat_tourism_registry_t2h3-cgys,,2026-08-21T21:48:17Z,0.2.0,,IEET municipal not used; score is the documented base formula.,complete,3.6276,3.6276,100,,official,default,true
082080,Sant Esteve Sesrovires,11,Baix Llobregat,2024,8039,2183,-1011,9211,114.6,1.145789,6,0.746361,4,0,0,10,1.243936,false,,,,42.0629,0.7631,0.6655,,23.4585,75,municipality,idescat_etca;gencat_tourism_registry_t2h3-cgys,,2026-08-21T21:48:17Z,0.2.0,,IEET municipal not used; score is the documented base formula.,complete,23.4585,23.4585,100,,official,default,true
082093,Sant Fost de Campsentelles,41,Vallès Oriental,2024,9196,716,-1640,8272,90,0.899522,22,2.392344,0,0,0,22,2.392344,false,,,,5.7416,2.4458,1.4933,,4.068,75,municipality,idescat_etca;gencat_tourism_registry_t2h3-cgys,,2026-08-21T21:48:17Z,0.2.0,,IEET municipal not used; score is the documented base formula.,complete,4.068,4.068,100,,official,default,true
082107,Sant Feliu de Codines,41,Vallès Oriental,2024,6624,273,-1143,5755,86.9,0.86881,9,1.358696,0,0,0,9,1.358696,false,,,,1.2121,1.3891,0.7482,,1.1636,75,municipality,idescat_etca;gencat_tourism_registry_t2h3-cgys,,2026-08-21T21:48:17Z,0.2.0,,IEET municipal not used; score is the documented base formula.,complete,1.1636,1.1636,100,,official,default,true
082114,Sant Feliu de Llobregat,11,Baix Llobregat,2024,46381,5156,-8240,43297,93.4,0.933507,14,0.301848,2,0,0,16,0.344969,false,,,,10.754,0.3086,0.0175,,5.9953,75,municipality,idescat_etca;gencat_tourism_registry_t2h3-cgys,,2026-08-21T21:48:17Z,0.2.0,,IEET municipal not used; score is the documented base formula.,complete,5.9953,5.9953,100,,official,default,true
082129,Sant Feliu Sasserra,07,Bages,2024,,,,,,,4,6.309148,0,0,0,4,6.309148,false,,,,,6.4502,4.3166,,,0,missing,idescat_etca;gencat_tourism_registry_t2h3-cgys,,2026-08-21T21:48:17Z,0.2.0,not_published,ETCA is not published for every municipality.,engineering_pending,0,100,0,,official,default,false
082135,Sant Fruitós de Bages,07,Bages,2024,9225,1779,-1431,9572,103.8,1.037615,4,0.433604,2,0,0,6,0.650407,false,,,,26.1086,0.4433,0.2377,,14.5181,75,municipality,idescat_etca;gencat_tourism_registry_t2h3-cgys,,2026-08-21T21:48:17Z,0.2.0,,IEET municipal not used; score is the documented base formula.,complete,14.5181,14.5181,100,,official,default,true
082140,Vilassar de Dalt,21,Maresme,2024,9299,1117,-1469,8947,96.2,0.962146,50,5.376922,1,1,0,52,5.591999,false,,,,14.978,5.4972,3.7996,,10.3721,75,municipality,idescat_etca;gencat_tourism_registry_t2h3-cgys,,2026-08-21T21:48:17Z,0.2.0,,IEET municipal not used; score is the documented base formula.,complete,10.3721,10.3721,100,,official,default,true
082153,Sant Hipòlit de Voltregà,24,Osona,2024,3684,116,-602,3197,86.8,0.867807,1,0.271444,0,0,0,1,0.271444,false,,,,1.0641,0.2775,0,,0.6546,75,municipality,idescat_etca;gencat_tourism_registry_t2h3-cgys,,2026-08-21T21:48:17Z,0.2.0,,IEET municipal not used; score is the documented base formula.,complete,0.6546,0.6546,100,,official,default,true
082166,Sant Jaume de Frontanyà,14,Berguedà,2024,,,,,,,1,40,1,3,0,5,200,false,,,,,40.8946,100,,,0,missing,idescat_etca;gencat_tourism_registry_t2h3-cgys,,2026-08-21T21:48:17Z,0.2.0,not_published,ETCA is not published for every municipality.,engineering_pending,0,100,0,,official,default,false
082172,Sant Joan Despí,11,Baix Llobregat,2024,35012,4922,-6000,33933,96.9,0.969182,1,0.028562,4,0,0,5,0.142808,false,,,,16.0156,0.0292,0,,8.8159,75,municipality,idescat_etca;gencat_tourism_registry_t2h3-cgys,,2026-08-21T21:48:17Z,0.2.0,,IEET municipal not used; score is the documented base formula.,complete,8.8159,8.8159,100,,official,default,true
082188,Sant Joan de Vilatorrada,07,Bages,2024,10972,476,-1538,9910,90.3,0.903208,3,0.273423,1,0,0,4,0.364564,false,,,,6.2853,0.2795,0.0317,,3.5331,75,municipality,idescat_etca;gencat_tourism_registry_t2h3-cgys,,2026-08-21T21:48:17Z,0.2.0,,IEET municipal not used; score is the documented base formula.,complete,3.5331,3.5331,100,,official,default,true
082191,Vilassar de Mar,21,Maresme,2024,21169,2098,-3275,19992,94.4,0.9444,242,11.431811,4,0,0,246,11.620766,false,,,,12.3606,11.6875,8.1452,,11.3492,75,municipality,idescat_etca;gencat_tourism_registry_t2h3-cgys,,2026-08-21T21:48:17Z,0.2.0,,IEET municipal not used; score is the documented base formula.,complete,11.3492,11.3492,100,,official,default,true
082205,Sant Julià de Vilatorta,24,Osona,2024,3300,186,-649,2837,86,0.859697,9,2.727273,3,4,0,16,4.848485,false,,,,0,2.7883,3.2637,,1.3498,75,municipality,idescat_etca;gencat_tourism_registry_t2h3-cgys,,2026-08-21T21:48:17Z,0.2.0,,IEET municipal not used; score is the documented base formula.,complete,1.3498,1.3498,100,,official,default,true
082212,Sant Just Desvern,11,Baix Llobregat,2024,20815,3567,-4378,20004,96.1,0.961038,35,1.68148,3,0,0,38,1.825607,false,,,,14.8144,1.7191,1.0848,,8.7947,75,municipality,idescat_etca;gencat_tourism_registry_t2h3-cgys,,2026-08-21T21:48:17Z,0.2.0,,IEET municipal not used; score is the documented base formula.,complete,8.7947,8.7947,100,,official,default,true
082227,Sant Llorenç d'Hortons,03,Alt Penedès,2024,2617,173,-493,2297,87.8,0.877723,3,1.146351,0,4,0,7,2.674818,false,,,,2.5265,1.172,1.6969,,2.022,75,municipality,idescat_etca;gencat_tourism_registry_t2h3-cgys,,2026-08-21T21:48:17Z,0.2.0,,IEET municipal not used; score is the documented base formula.,complete,2.022,2.022,100,,official,default,true
082233,Sant Llorenç Savall,40,Vallès Occidental,2024,2580,195,-382,2393,92.8,0.927519,8,3.100775,1,1,0,10,3.875969,false,,,,9.8709,3.1701,2.5627,,6.7341,75,municipality,idescat_etca;gencat_tourism_registry_t2h3-cgys,,2026-08-21T21:48:17Z,0.2.0,,IEET municipal not used; score is the documented base formula.,complete,6.7341,6.7341,100,,official,default,true
082248,Sant Martí de Centelles,24,Osona,2024,1260,42,-229,1072,85.1,0.850794,1,0.793651,1,1,0,3,2.380952,false,,,,0,0.8114,1.4851,,0.4999,75,municipality,idescat_etca;gencat_tourism_registry_t2h3-cgys,,2026-08-21T21:48:17Z,0.2.0,,IEET municipal not used; score is the documented base formula.,complete,0.4999,0.4999,100,,official,default,true
082251,Sant Martí d'Albars,43,Lluçanès,2024,,,,,,,2,14.814815,0,0,0,2,14.814815,false,,,,,15.1461,10.4475,,,0,missing,idescat_etca;gencat_tourism_registry_t2h3-cgys,,2026-08-21T21:48:17Z,0.2.0,not_published,ETCA is not published for every municipality.,engineering_pending,0,100,0,,official,default,false
082264,Sant Martí de Tous,06,Anoia,2024,1273,36,-217,1092,85.8,0.857816,7,5.498822,0,9,0,16,12.568735,false,,,,0,5.6218,8.8285,,3.1711,75,municipality,idescat_etca;gencat_tourism_registry_t2h3-cgys,,2026-08-21T21:48:17Z,0.2.0,,IEET municipal not used; score is the documented base formula.,complete,3.1711,3.1711,100,,official,default,true
082270,Sant Martí Sarroca,03,Alt Penedès,2024,3385,176,-510,3051,90.1,0.901329,14,4.135894,1,10,0,25,7.385524,false,,,,6.0082,4.2284,5.0924,,5.3801,75,municipality,idescat_etca;gencat_tourism_registry_t2h3-cgys,,2026-08-21T21:48:17Z,0.2.0,,IEET municipal not used; score is the documented base formula.,complete,5.3801,5.3801,100,,official,default,true
082286,Sant Martí Sesgueioles,06,Anoia,2024,,,,,,,2,5.665722,0,0,0,2,5.665722,false,,,,,5.7924,3.8528,,,0,missing,idescat_etca;gencat_tourism_registry_t2h3-cgys,,2026-08-21T21:48:17Z,0.2.0,not_published,ETCA is not published for every municipality.,engineering_pending,0,100,0,,official,default,false
082299,Sant Mateu de Bages,07,Bages,2024,,,,,,,2,3.125,0,12,1,15,23.4375,false,,,,,3.1949,16.6628,,,0,missing,idescat_etca;gencat_tourism_registry_t2h3-cgys,,2026-08-21T21:48:17Z,0.2.0,not_published,ETCA is not published for every municipality.,engineering_pending,0,100,0,,official,default,false
082303,Premià de Dalt,21,Maresme,2024,10574,785,-2003,9356,88.5,0.884812,57,5.390581,2,0,0,59,5.579724,false,,,,3.5721,5.5111,3.7908,,4.1006,75,municipality,idescat_etca;gencat_tourism_registry_t2h3-cgys,,2026-08-21T21:48:17Z,0.2.0,,IEET municipal not used; score is the documented base formula.,complete,4.1006,4.1006,100,,official,default,true
082310,Sant Pere de Ribes,17,Garraf,2024,32006,1937,-4735,29208,91.3,0.912579,405,12.653877,5,4,0,414,12.935075,false,,,,7.6674,12.9369,9.0926,,9.2698,75,municipality,idescat_etca;gencat_tourism_registry_t2h3-cgys,,2026-08-21T21:48:17Z,0.2.0,,IEET municipal not used; score is the documented base formula.,complete,9.2698,9.2698,100,,official,default,true
082325,Sant Pere de Riudebitlles,03,Alt Penedès,2024,2495,149,-335,2310,92.6,0.925852,1,0.400802,1,0,0,2,0.801603,false,,,,9.6249,0.4098,0.3467,,5.4655,75,municipality,idescat_etca;gencat_tourism_registry_t2h3-cgys,,2026-08-21T21:48:17Z,0.2.0,,IEET municipal not used; score is the documented base formula.,complete,5.4655,5.4655,100,,official,default,true
082331,Sant Pere de Torelló,24,Osona,2024,2596,162,-315,2443,94.1,0.941063,11,4.237288,1,8,0,20,7.70416,false,,,,11.8684,4.3321,5.3221,,8.6751,75,municipality,idescat_etca;gencat_tourism_registry_t2h3-cgys,,2026-08-21T21:48:17Z,0.2.0,,IEET municipal not used; score is the documented base formula.,complete,8.6751,8.6751,100,,official,default,true
082346,Sant Pere de Vilamajor,41,Vallès Oriental,2024,4923,436,-826,4533,92.1,0.92078,26,5.281333,0,6,0,32,6.500102,false,,,,8.8769,5.3994,4.4542,,7.123,75,municipality,idescat_etca;gencat_tourism_registry_t2h3-cgys,,2026-08-21T21:48:17Z,0.2.0,,IEET municipal not used; score is the documented base formula.,complete,7.123,7.123,100,,official,default,true
082359,Sant Pol de Mar,21,Maresme,2024,5810,1751,-983,6578,113.2,1.132186,279,48.020654,3,0,2,284,48.881239,false,,,,40.0565,49.0946,35.0029,,41.3053,75,municipality,idescat_etca;gencat_tourism_registry_t2h3-cgys,,2026-08-21T21:48:17Z,0.2.0,,IEET municipal not used; score is the documented base formula.,complete,41.3053,41.3053,100,,official,default,true
082362,Sant Quintí de Mediona,03,Alt Penedès,2024,2511,196,-292,2414,96.1,0.96137,6,2.389486,0,1,0,7,2.787734,false,,,,14.8634,2.4429,1.7783,,9.1413,75,municipality,idescat_etca;gencat_tourism_registry_t2h3-cgys,,2026-08-21T21:48:17Z,0.2.0,,IEET municipal not used; score is the documented base formula.,complete,9.1413,9.1413,100,,official,default,true
082378,Sant Quirze de Besora,24,Osona,2024,2127,241,-283,2085,98,0.980254,7,3.29102,1,0,0,8,3.761166,false,,,,17.6486,3.3646,2.48,,11.0439,75,municipality,idescat_etca;gencat_tourism_registry_t2h3-cgys,,2026-08-21T21:48:17Z,0.2.0,,IEET municipal not used; score is the documented base formula.,complete,11.0439,11.0439,100,,official,default,true
082384,Sant Quirze del Vallès,40,Vallès Occidental,2024,20110,2464,-3847,18727,93.1,0.931228,5,0.248633,0,0,0,5,0.248633,false,,,,10.4179,0.2542,0,,5.7934,75,municipality,idescat_etca;gencat_tourism_registry_t2h3-cgys,,2026-08-21T21:48:17Z,0.2.0,,IEET municipal not used; score is the documented base formula.,complete,5.7934,5.7934,100,,official,default,true
082397,Sant Quirze Safaja,42,Moianès,2024,,,,,,,13,19.578313,1,1,1,16,24.096386,false,,,,,20.0162,17.1378,,,0,missing,idescat_etca;gencat_tourism_registry_t2h3-cgys,,2026-08-21T21:48:17Z,0.2.0,not_published,ETCA is not published for every municipality.,engineering_pending,0,100,0,,official,default,false
082401,Sant Sadurní d'Anoia,03,Alt Penedès,2024,12915,1438,-1370,12983,100.5,1.005265,7,0.542005,3,0,0,10,0.774293,false,,,,21.3374,0.5541,0.327,,11.9395,75,municipality,idescat_etca;gencat_tourism_registry_t2h3-cgys,,2026-08-21T21:48:17Z,0.2.0,,IEET municipal not used; score is the documented base formula.,complete,11.9395,11.9395,100,,official,default,true
082418,Sant Sadurní d'Osormort,24,Osona,2024,,,,,,,3,34.883721,1,0,1,5,58.139535,false,,,,,35.6639,41.6764,,,0,missing,idescat_etca;gencat_tourism_registry_t2h3-cgys,,2026-08-21T21:48:17Z,0.2.0,not_published,ETCA is not published for every municipality.,engineering_pending,0,100,0,,official,default,false
082423,Marganell,07,Bages,2024,,,,,,,5,16.07717,0,1,0,6,19.292605,false,,,,,16.4367,13.6751,,,0,missing,idescat_etca;gencat_tourism_registry_t2h3-cgys,,2026-08-21T21:48:17Z,0.2.0,not_published,ETCA is not published for every municipality.,engineering_pending,0,100,0,,official,default,false
082439,Santa Cecília de Voltregà,24,Osona,2024,,,,,,,1,5.076142,0,0,0,1,5.076142,false,,,,,5.1897,3.4278,,,0,missing,idescat_etca;gencat_tourism_registry_t2h3-cgys,,2026-08-21T21:48:17Z,0.2.0,not_published,ETCA is not published for every municipality.,engineering_pending,0,100,0,,official,default,false
082444,Santa Coloma de Cervelló,11,Baix Llobregat,2024,8334,344,-1609,7069,84.8,0.848212,9,1.079914,0,0,0,9,1.079914,false,,,,0,1.1041,0.5473,,0.3855,75,municipality,idescat_etca;gencat_tourism_registry_t2h3-cgys,,2026-08-21T21:48:17Z,0.2.0,,IEET municipal not used; score is the documented base formula.,complete,0.3855,0.3855,100,,official,default,true
082457,Santa Coloma de Gramenet,13,Barcelonès,2024,120903,3620,-17958,106565,88.1,0.881409,47,0.388741,4,0,0,51,0.421826,false,,,,3.0702,0.3974,0.0729,,1.8025,75,municipality,idescat_etca;gencat_tourism_registry_t2h3-cgys,,2026-08-21T21:48:17Z,0.2.0,,IEET municipal not used; score is the documented base formula.,complete,1.8025,1.8025,100,,official,default,true
082460,Santa Eugènia de Berga,24,Osona,2024,2300,561,-398,2463,107.1,1.07087,0,0,1,3,1,5,2.173913,false,,,,31.0132,0,1.3358,,17.3244,75,municipality,idescat_etca;gencat_tourism_registry_t2h3-cgys,,2026-08-21T21:48:17Z,0.2.0,,IEET municipal not used; score is the documented base formula.,complete,17.3244,17.3244,100,,official,default,true
082476,Santa Eulàlia de Riuprimer,24,Osona,2024,1486,30,-269,1247,83.9,0.839166,0,0,0,1,0,1,0.672948,false,,,,0,0,0.2539,,0.0508,75,municipality,idescat_etca;gencat_tourism_registry_t2h3-cgys,,2026-08-21T21:48:17Z,0.2.0,,IEET municipal not used; score is the documented base formula.,complete,0.0508,0.0508,100,,official,default,true
082482,Santa Eulàlia de Ronçana,41,Vallès Oriental,2024,7916,534,-1297,7153,90.4,0.903613,9,1.136938,0,5,1,15,1.894896,false,,,,6.345,1.1624,1.1347,,4.0073,75,municipality,idescat_etca;gencat_tourism_registry_t2h3-cgys,,2026-08-21T21:48:17Z,0.2.0,,IEET municipal not used; score is the documented base formula.,complete,4.0073,4.0073,100,,official,default,true
082495,Santa Fe del Penedès,03,Alt Penedès,2024,,,,,,,0,0,0,0,0,0,0,false,,,,,0,0,,,0,missing,idescat_etca;gencat_tourism_registry_t2h3-cgys,,2026-08-21T21:48:17Z,0.2.0,not_published,ETCA is not published for every municipality.,engineering_pending,0,100,0,,official,default,false
082508,Santa Margarida de Montbui,06,Anoia,2024,10519,120,-1594,9045,86,0.859873,4,0.380264,1,1,0,6,0.570396,false,,,,0,0.3888,0.18,,0.1332,75,municipality,idescat_etca;gencat_tourism_registry_t2h3-cgys,,2026-08-21T21:48:17Z,0.2.0,,IEET municipal not used; score is the documented base formula.,complete,0.1332,0.1332,100,,official,default,true
082515,Santa Margarida i els Monjos,03,Alt Penedès,2024,7718,673,-956,7435,96.3,0.963332,0,0,3,0,0,3,0.388702,false,,,,15.1529,0,0.0491,,8.3439,75,municipality,idescat_etca;gencat_tourism_registry_t2h3-cgys,,2026-08-21T21:48:17Z,0.2.0,,IEET municipal not used; score is the documented base formula.,complete,8.3439,8.3439,100,,official,default,true
082520,Barberà del Vallès,40,Vallès Occidental,2024,33644,5857,-5314,34187,101.6,1.01614,10,0.29723,3,0,0,13,0.386399,false,,,,22.9412,0.3039,0.0474,,12.7031,75,municipality,idescat_etca;gencat_tourism_registry_t2h3-cgys,,2026-08-21T21:48:17Z,0.2.0,,IEET municipal not used; score is the documented base formula.,complete,12.7031,12.7031,100,,official,default,true
082536,Santa Maria de Besora,24,Osona,2024,,,,,,,2,12.195122,0,3,0,5,30.487805,false,,,,,12.4679,21.7447,,,0,missing,idescat_etca;gencat_tourism_registry_t2h3-cgys,,2026-08-21T21:48:17Z,0.2.0,not_published,ETCA is not published for every municipality.,engineering_pending,0,100,0,,official,default,false
082541,l'Esquirol,24,Osona,2024,2275,441,-323,2393,105.2,1.051868,28,12.307692,2,5,0,35,15.384615,false,,,,28.2107,12.5829,10.8582,,20.8332,75,municipality,idescat_etca;gencat_tourism_registry_t2h3-cgys,,2026-08-21T21:48:17Z,0.2.0,,IEET municipal not used; score is the documented base formula.,complete,20.8332,20.8332,100,,official,default,true
082554,Santa Maria de Merlès,14,Berguedà,2024,,,,,,,0,0,1,12,1,14,78.212291,false,,,,,0,56.145,,,0,missing,idescat_etca;gencat_tourism_registry_t2h3-cgys,,2026-08-21T21:48:17Z,0.2.0,not_published,ETCA is not published for every municipality.,engineering_pending,0,100,0,,official,default,false
082567,Santa Maria de Martorelles,41,Vallès Oriental,2024,,,,,,,0,0,0,0,0,0,0,false,,,,,0,0,,,0,missing,idescat_etca;gencat_tourism_registry_t2h3-cgys,,2026-08-21T21:48:17Z,0.2.0,not_published,ETCA is not published for every municipality.,engineering_pending,0,100,0,,official,default,false
082573,Santa Maria de Miralles,06,Anoia,2024,,,,,,,2,13.888889,0,0,0,2,13.888889,false,,,,,14.1995,9.7801,,,0,missing,idescat_etca;gencat_tourism_registry_t2h3-cgys,,2026-08-21T21:48:17Z,0.2.0,not_published,ETCA is not published for every municipality.,engineering_pending,0,100,0,,official,default,false
082589,Santa Maria d'Oló,42,Moianès,2024,1078,147,-135,1090,101.1,1.011132,1,0.927644,2,3,0,6,5.565863,false,,,,22.2026,0.9484,3.7808,,13.2047,75,municipality,idescat_etca;gencat_tourism_registry_t2h3-cgys,,2026-08-21T21:48:17Z,0.2.0,,IEET municipal not used; score is the documented base formula.,complete,13.2047,13.2047,100,,official,default,true
082592,Santa Maria de Palautordera,41,Vallès Oriental,2024,9994,751,-1536,9208,92.1,0.921353,17,1.701021,3,3,0,23,2.301381,false,,,,8.9614,1.7391,1.4277,,5.6491,75,municipality,idescat_etca;gencat_tourism_registry_t2h3-cgys,,2026-08-21T21:48:17Z,0.2.0,,IEET municipal not used; score is the documented base formula.,complete,5.6491,5.6491,100,,official,default,true
082606,Santa Perpètua de Mogoda,40,Vallès Occidental,2024,25936,4437,-4019,26354,101.6,1.016117,0,0,1,0,0,1,0.038556,false,,,,22.9378,0,0,,12.6158,75,municipality,idescat_etca;gencat_tourism_registry_t2h3-cgys,,2026-08-21T21:48:17Z,0.2.0,,IEET municipal not used; score is the documented base formula.,complete,12.6158,12.6158,100,,official,default,true
082613,Santa Susanna,21,Maresme,2024,3999,7266,-688,10576,264.5,2.644661,429,107.276819,23,2,3,457,114.27857,false,,,,100,100,82.1419,,96.4284,75,municipality,idescat_etca;gencat_tourism_registry_t2h3-cgys,,2026-08-21T21:48:17Z,0.2.0,,IEET municipal not used; score is the documented base formula.,complete,96.4284,96.4284,100,,official,default,true
082628,Sant Vicenç de Castellet,07,Bages,2024,10131,410,-1228,9313,91.9,0.919258,1,0.098707,2,2,0,5,0.493535,false,,,,8.6524,0.1009,0.1246,,4.809,75,municipality,idescat_etca;gencat_tourism_registry_t2h3-cgys,,2026-08-21T21:48:17Z,0.2.0,,IEET municipal not used; score is the documented base formula.,complete,4.809,4.809,100,,official,default,true
082634,Sant Vicenç dels Horts,11,Baix Llobregat,2024,28595,1681,-4012,26264,91.8,0.918482,2,0.069942,0,0,0,2,0.069942,false,,,,8.538,0.0715,0,,4.7138,75,municipality,idescat_etca;gencat_tourism_registry_t2h3-cgys,,2026-08-21T21:48:17Z,0.2.0,,IEET municipal not used; score is the documented base formula.,complete,4.7138,4.7138,100,,official,default,true
082649,Sant Vicenç de Montalt,21,Maresme,2024,6725,1352,-1191,6887,102.4,1.024089,205,30.483271,4,0,0,209,31.078067,false,,,,24.1137,31.165,22.1702,,25.4878,75,municipality,idescat_etca;gencat_tourism_registry_t2h3-cgys,,2026-08-21T21:48:17Z,0.2.0,,IEET municipal not used; score is the documented base formula.,complete,25.4878,25.4878,100,,official,default,true
082652,Sant Vicenç de Torelló,24,Osona,2024,2090,154,-402,1841,88.1,0.880861,0,0,0,3,0,3,1.435407,false,,,,2.9894,0,0.8035,,1.8049,75,municipality,idescat_etca;gencat_tourism_registry_t2h3-cgys,,2026-08-21T21:48:17Z,0.2.0,,IEET municipal not used; score is the documented base formula.,complete,1.8049,1.8049,100,,official,default,true
082665,Cerdanyola del Vallès,40,Vallès Occidental,2024,57831,21594,-9319,70106,121.2,1.212256,11,0.190209,10,0,0,21,0.363127,false,,,,51.8659,0.1945,0.0306,,28.581,75,municipality,idescat_etca;gencat_tourism_registry_t2h3-cgys,,2026-08-21T21:48:17Z,0.2.0,,IEET municipal not used; score is the documented base formula.,complete,28.581,28.581,100,,official,default,true
082671,Sentmenat,40,Vallès Occidental,2024,9523,912,-1433,9003,94.5,0.945395,6,0.630054,0,0,0,6,0.630054,false,,,,12.5074,0.6441,0.223,,7.0847,75,municipality,idescat_etca;gencat_tourism_registry_t2h3-cgys,,2026-08-21T21:48:17Z,0.2.0,,IEET municipal not used; score is the documented base formula.,complete,7.0847,7.0847,100,,official,default,true
082687,Cercs,14,Berguedà,2024,1193,122,-184,1130,94.7,0.947192,25,20.955574,1,3,0,29,24.308466,false,,,,12.7724,21.4242,17.2906,,15.839,75,municipality,idescat_etca;gencat_tourism_registry_t2h3-cgys,,2026-08-21T21:48:17Z,0.2.0,,IEET municipal not used; score is the documented base formula.,complete,15.839,15.839,100,,official,default,true
082690,Seva,24,Osona,2024,3801,625,-705,3721,97.9,0.978953,29,7.629571,3,1,0,33,8.681926,false,,,,17.4567,7.8002,6.0269,,12.7566,75,municipality,idescat_etca;gencat_tourism_registry_t2h3-cgys,,2026-08-21T21:48:17Z,0.2.0,,IEET municipal not used; score is the documented base formula.,complete,12.7566,12.7566,100,,official,default,true
082704,Sitges,17,Garraf,2024,32496,10529,-5449,37576,115.6,1.156327,1702,52.375677,53,0,2,1757,54.068193,false,,,,43.617,53.547,38.7417,,45.1244,75,municipality,idescat_etca;gencat_tourism_registry_t2h3-cgys,,2026-08-21T21:48:17Z,0.2.0,,IEET municipal not used; score is the documented base formula.,complete,45.1244,45.1244,100,,official,default,true
082711,Sobremunt,43,Lluçanès,2024,,,,,,,4,44.94382,0,1,0,5,56.179775,false,,,,,45.949,40.2637,,,0,missing,idescat_etca;gencat_tourism_registry_t2h3-cgys,,2026-08-21T21:48:17Z,0.2.0,not_published,ETCA is not published for every municipality.,engineering_pending,0,100,0,,official,default,false
082726,Sora,24,Osona,2024,,,,,,,1,4.444444,1,1,0,3,13.333333,false,,,,,4.5438,9.3797,,,0,missing,idescat_etca;gencat_tourism_registry_t2h3-cgys,,2026-08-21T21:48:17Z,0.2.0,not_published,ETCA is not published for every municipality.,engineering_pending,0,100,0,,official,default,false
082732,Subirats,03,Alt Penedès,2024,3287,268,-556,3000,91.3,0.912686,16,4.86766,3,13,0,32,9.735321,false,,,,7.6832,4.9765,6.7862,,6.8271,75,municipality,idescat_etca;gencat_tourism_registry_t2h3-cgys,,2026-08-21T21:48:17Z,0.2.0,,IEET municipal not used; score is the documented base formula.,complete,6.8271,6.8271,100,,official,default,true
082747,Súria,07,Bages,2024,6072,251,-620,5703,93.9,0.939229,0,0,1,2,0,3,0.494071,false,,,,11.598,0,0.125,,6.4039,75,municipality,idescat_etca;gencat_tourism_registry_t2h3-cgys,,2026-08-21T21:48:17Z,0.2.0,,IEET municipal not used; score is the documented base formula.,complete,6.4039,6.4039,100,,official,default,true
082750,Tavèrnoles,24,Osona,2024,,,,,,,2,5.649718,1,4,0,7,19.774011,false,,,,,5.7761,14.0222,,,0,missing,idescat_etca;gencat_tourism_registry_t2h3-cgys,,2026-08-21T21:48:17Z,0.2.0,not_published,ETCA is not published for every municipality.,engineering_pending,0,100,0,,official,default,false
082763,Tagamanent,41,Vallès Oriental,2024,,,,,,,3,9.118541,0,1,0,4,12.158055,false,,,,,9.3225,8.5325,,,0,missing,idescat_etca;gencat_tourism_registry_t2h3-cgys,,2026-08-21T21:48:17Z,0.2.0,not_published,ETCA is not published for every municipality.,engineering_pending,0,100,0,,official,default,false
082779,Talamanca,07,Bages,2024,,,,,,,1,4.784689,0,2,1,4,19.138756,false,,,,,4.8917,13.5643,,,0,missing,idescat_etca;gencat_tourism_registry_t2h3-cgys,,2026-08-21T21:48:17Z,0.2.0,not_published,ETCA is not published for every municipality.,engineering_pending,0,100,0,,official,default,false
082785,Taradell,24,Osona,2024,6828,399,-1009,6218,91.1,0.910662,5,0.732279,0,7,1,13,1.903925,false,,,,7.3847,0.7487,1.1412,,4.477,75,municipality,idescat_etca;gencat_tourism_registry_t2h3-cgys,,2026-08-21T21:48:17Z,0.2.0,,IEET municipal not used; score is the documented base formula.,complete,4.477,4.477,100,,official,default,true
082798,Terrassa,40,Vallès Occidental,2024,228294,15267,-26329,217231,95.2,0.951541,157,0.68771,12,1,0,170,0.744654,false,,,,13.4137,0.7031,0.3056,,7.6144,75,municipality,idescat_etca;gencat_tourism_registry_t2h3-cgys,,2026-08-21T21:48:17Z,0.2.0,,IEET municipal not used; score is the documented base formula.,complete,7.6144,7.6144,100,,official,default,true
082802,Tavertet,24,Osona,2024,,,,,,,8,62.5,2,6,0,16,125,false,,,,,63.8978,89.87,,,0,missing,idescat_etca;gencat_tourism_registry_t2h3-cgys,,2026-08-21T21:48:17Z,0.2.0,not_published,ETCA is not published for every municipality.,engineering_pending,0,100,0,,official,default,false
082819,Teià,21,Maresme,2024,6812,375,-1272,5915,86.8,0.868321,43,6.31239,0,0,0,43,6.31239,false,,,,1.1399,6.4536,4.3189,,3.1041,75,municipality,idescat_etca;gencat_tourism_registry_t2h3-cgys,,2026-08-21T21:48:17Z,0.2.0,,IEET municipal not used; score is the documented base formula.,complete,3.1041,3.1041,100,,official,default,true
082824,Tiana,21,Maresme,2024,9323,476,-1965,7834,84,0.840287,23,2.467017,0,2,0,25,2.68154,false,,,,0,2.5222,1.7018,,0.9709,75,municipality,idescat_etca;gencat_tourism_registry_t2h3-cgys,,2026-08-21T21:48:17Z,0.2.0,,IEET municipal not used; score is the documented base formula.,complete,0.9709,0.9709,100,,official,default,true
082830,Tona,24,Osona,2024,8499,723,-1271,7951,93.6,0.935522,6,0.705965,3,0,0,9,1.058948,false,,,,11.0512,0.7218,0.5322,,6.3651,75,municipality,idescat_etca;gencat_tourism_registry_t2h3-cgys,,2026-08-21T21:48:17Z,0.2.0,,IEET municipal not used; score is the documented base formula.,complete,6.3651,6.3651,100,,official,default,true
082845,Tordera,21,Maresme,2024,18795,2294,-2437,18652,99.2,0.992392,124,6.597499,2,4,0,130,6.916733,false,,,,19.4387,6.745,4.7545,,13.3284,75,municipality,idescat_etca;gencat_tourism_registry_t2h3-cgys,,2026-08-21T21:48:17Z,0.2.0,,IEET municipal not used; score is the documented base formula.,complete,13.3284,13.3284,100,,official,default,true
082858,Torelló,24,Osona,2024,15107,918,-1759,14266,94.4,0.94433,0,0,1,1,0,2,0.132389,false,,,,12.3503,0,0,,6.7927,75,municipality,idescat_etca;gencat_tourism_registry_t2h3-cgys,,2026-08-21T21:48:17Z,0.2.0,,IEET municipal not used; score is the documented base formula.,complete,6.7927,6.7927,100,,official,default,true
082861,la Torre de Claramunt,06,Anoia,2024,4115,256,-669,3703,90,0.899878,14,3.402187,0,3,0,17,4.131227,false,,,,5.7942,3.4783,2.7467,,4.6057,75,municipality,idescat_etca;gencat_tourism_registry_t2h3-cgys,,2026-08-21T21:48:17Z,0.2.0,,IEET municipal not used; score is the documented base formula.,complete,4.6057,4.6057,100,,official,default,true
082877,Torrelavit,03,Alt Penedès,2024,1509,157,-250,1416,93.8,0.93837,3,1.988072,0,3,0,6,3.976143,false,,,,11.4712,2.0325,2.6349,,7.3443,75,municipality,idescat_etca;gencat_tourism_registry_t2h3-cgys,,2026-08-21T21:48:17Z,0.2.0,,IEET municipal not used; score is the documented base formula.,complete,7.3443,7.3443,100,,official,default,true
082883,Torrelles de Foix,03,Alt Penedès,2024,2662,270,-390,2542,95.5,0.954921,14,5.259204,3,10,0,27,10.14275,false,,,,13.9123,5.3768,7.0799,,10.4119,75,municipality,idescat_etca;gencat_tourism_registry_t2h3-cgys,,2026-08-21T21:48:17Z,0.2.0,,IEET municipal not used; score is the documented base formula.,complete,10.4119,10.4119,100,,official,default,true
082896,Torrelles de Llobregat,11,Baix Llobregat,2024,6136,161,-1157,5139,83.8,0.837516,7,1.140808,1,0,0,8,1.303781,false,,,,0,1.1663,0.7086,,0.4333,75,municipality,idescat_etca;gencat_tourism_registry_t2h3-cgys,,2026-08-21T21:48:17Z,0.2.0,,IEET municipal not used; score is the documented base formula.,complete,0.4333,0.4333,100,,official,default,true
082900,Ullastrell,40,Vallès Occidental,2024,2179,230,-428,1981,90.9,0.909133,0,0,0,0,0,0,0,false,,,,7.1591,0,0,,3.9375,75,municipality,idescat_etca;gencat_tourism_registry_t2h3-cgys,,2026-08-21T21:48:17Z,0.2.0,,IEET municipal not used; score is the documented base formula.,complete,3.9375,3.9375,100,,official,default,true
082917,Vacarisses,40,Vallès Occidental,2024,7549,620,-1231,6938,91.9,0.919062,8,1.059743,0,0,0,8,1.059743,false,,,,8.6236,1.0834,0.5327,,5.1204,75,municipality,idescat_etca;gencat_tourism_registry_t2h3-cgys,,2026-08-21T21:48:17Z,0.2.0,,IEET municipal not used; score is the documented base formula.,complete,5.1204,5.1204,100,,official,default,true
082922,Vallbona d'Anoia,06,Anoia,2024,1405,135,-206,1333,94.9,0.948754,2,1.423488,0,0,0,2,1.423488,false,,,,13.0028,1.4553,0.7949,,7.6743,75,municipality,idescat_etca;gencat_tourism_registry_t2h3-cgys,,2026-08-21T21:48:17Z,0.2.0,,IEET municipal not used; score is the documented base formula.,complete,7.6743,7.6743,100,,official,default,true
082938,Vallcebre,14,Berguedà,2024,,,,,,,11,42.307692,1,3,0,15,57.692308,false,,,,,43.2539,41.354,,,0,missing,idescat_etca;gencat_tourism_registry_t2h3-cgys,,2026-08-21T21:48:17Z,0.2.0,not_published,ETCA is not published for every municipality.,engineering_pending,0,100,0,,official,default,false
082943,Vallgorguina,41,Vallès Oriental,2024,3203,262,-653,2812,87.8,0.877927,35,10.927256,0,2,0,37,11.55167,false,,,,2.5567,11.1716,8.0954,,5.8182,75,municipality,idescat_etca;gencat_tourism_registry_t2h3-cgys,,2026-08-21T21:48:17Z,0.2.0,,IEET municipal not used; score is the documented base formula.,complete,5.8182,5.8182,100,,official,default,true
082956,Vallirana,11,Baix Llobregat,2024,15952,777,-2611,14117,88.5,0.884967,9,0.564193,1,0,0,10,0.626881,false,,,,3.595,0.5768,0.2207,,2.1656,75,municipality,idescat_etca;gencat_tourism_registry_t2h3-cgys,,2026-08-21T21:48:17Z,0.2.0,,IEET municipal not used; score is the documented base formula.,complete,2.1656,2.1656,100,,official,default,true
082969,Vallromanes,41,Vallès Oriental,2024,2749,372,-519,2602,94.7,0.946526,36,13.095671,2,1,1,40,14.550746,false,,,,12.6741,13.3885,10.2572,,12.3693,75,municipality,idescat_etca;gencat_tourism_registry_t2h3-cgys,,2026-08-21T21:48:17Z,0.2.0,,IEET municipal not used; score is the documented base formula.,complete,12.3693,12.3693,100,,official,default,true
082975,Veciana,06,Anoia,2024,,,,,,,1,5.882353,0,8,0,9,52.941176,false,,,,,6.0139,37.9293,,,0,missing,idescat_etca;gencat_tourism_registry_t2h3-cgys,,2026-08-21T21:48:17Z,0.2.0,not_published,ETCA is not published for every municipality.,engineering_pending,0,100,0,,official,default,false
082981,Vic,24,Osona,2024,49333,7564,-4755,52142,105.7,1.05694,46,0.932439,6,5,0,57,1.155413,false,,,,28.9587,0.9533,0.6017,,16.2859,75,municipality,idescat_etca;gencat_tourism_registry_t2h3-cgys,,2026-08-21T21:48:17Z,0.2.0,,IEET municipal not used; score is the documented base formula.,complete,16.2859,16.2859,100,,official,default,true
082994,Vilada,14,Berguedà,2024,,,,,,,5,11.627907,0,3,0,8,18.604651,false,,,,,11.888,13.1793,,,0,missing,idescat_etca;gencat_tourism_registry_t2h3-cgys,,2026-08-21T21:48:17Z,0.2.0,not_published,ETCA is not published for every municipality.,engineering_pending,0,100,0,,official,default,false
083008,Viladecavalls,40,Vallès Occidental,2024,7790,1192,-1487,7495,96.2,0.962131,3,0.385109,0,0,0,3,0.385109,false,,,,14.9757,0.3937,0.0465,,8.3444,75,municipality,idescat_etca;gencat_tourism_registry_t2h3-cgys,,2026-08-21T21:48:17Z,0.2.0,,IEET municipal not used; score is the documented base formula.,complete,8.3444,8.3444,100,,official,default,true
083015,Viladecans,11,Baix Llobregat,2024,67179,5768,-10896,62051,92.4,0.923667,22,0.327483,6,0,0,28,0.416797,false,,,,9.3027,0.3348,0.0693,,5.214,75,municipality,idescat_etca;gencat_tourism_registry_t2h3-cgys,,2026-08-21T21:48:17Z,0.2.0,,IEET municipal not used; score is the documented base formula.,complete,5.214,5.214,100,,official,default,true
083020,Vilanova del Camí,06,Anoia,2024,12853,348,-1780,11421,88.9,0.888586,0,0,0,0,0,0,0,false,,,,4.1288,0,0,,2.2708,75,municipality,idescat_etca;gencat_tourism_registry_t2h3-cgys,,2026-08-21T21:48:17Z,0.2.0,,IEET municipal not used; score is the documented base formula.,complete,2.2708,2.2708,100,,official,default,true
083036,Vilanova de Sau,24,Osona,2024,,,,,,,5,15.384615,1,4,1,11,33.846154,false,,,,,15.7287,24.1655,,,0,missing,idescat_etca;gencat_tourism_registry_t2h3-cgys,,2026-08-21T21:48:17Z,0.2.0,not_published,ETCA is not published for every municipality.,engineering_pending,0,100,0,,official,default,false
083041,Vilobí del Penedès,03,Alt Penedès,2024,1149,140,-198,1091,95,0.949521,4,3.481288,0,2,0,6,5.221932,false,,,,13.1159,3.5591,3.5329,,8.8101,75,municipality,idescat_etca;gencat_tourism_registry_t2h3-cgys,,2026-08-21T21:48:17Z,0.2.0,,IEET municipal not used; score is the documented base formula.,complete,8.8101,8.8101,100,,official,default,true
083054,Vilafranca del Penedès,03,Alt Penedès,2024,41541,2981,-4955,39567,95.2,0.952481,21,0.505525,7,0,0,28,0.674033,false,,,,13.5524,0.5168,0.2547,,7.634,75,municipality,idescat_etca;gencat_tourism_registry_t2h3-cgys,,2026-08-21T21:48:17Z,0.2.0,,IEET municipal not used; score is the documented base formula.,complete,7.634,7.634,100,,official,default,true
083067,Vilalba Sasserra,41,Vallès Oriental,2024,,,,,,,0,0,0,0,0,0,0,false,,,,,0,0,,,0,missing,idescat_etca;gencat_tourism_registry_t2h3-cgys,,2026-08-21T21:48:17Z,0.2.0,not_published,ETCA is not published for every municipality.,engineering_pending,0,100,0,,official,default,false
083073,Vilanova i la Geltrú,17,Garraf,2024,70293,6898,-8418,68773,97.8,0.978376,458,6.515585,8,3,3,472,6.714751,false,,,,17.3716,6.6613,4.6089,,12.1415,75,municipality,idescat_etca;gencat_tourism_registry_t2h3-cgys,,2026-08-21T21:48:17Z,0.2.0,,IEET municipal not used; score is the documented base formula.,complete,12.1415,12.1415,100,,official,default,true
083089,Viver i Serrateix,14,Berguedà,2024,,,,,,,0,0,1,11,1,13,73.033708,false,,,,,0,52.4122,,,0,missing,idescat_etca;gencat_tourism_registry_t2h3-cgys,,2026-08-21T21:48:17Z,0.2.0,not_published,ETCA is not published for every municipality.,engineering_pending,0,100,0,,official,default,false
089019,Rupit i Pruit,24,Osona,2024,,,,,,,16,57.761733,3,9,1,29,104.693141,false,,,,,59.0535,75.2326,,,0,missing,idescat_etca;gencat_tourism_registry_t2h3-cgys,,2026-08-21T21:48:17Z,0.2.0,not_published,ETCA is not published for every municipality.,engineering_pending,0,100,0,,official,default,false
089024,Vilanova del Vallès,41,Vallès Oriental,2024,5644,433,-975,5102,90.4,0.903969,10,1.771793,1,0,0,11,1.948972,false,,,,6.3975,1.8114,1.1737,,4.2062,75,municipality,idescat_etca;gencat_tourism_registry_t2h3-cgys,,2026-08-21T21:48:17Z,0.2.0,,IEET municipal not used; score is the documented base formula.,complete,4.2062,4.2062,100,,official,default,true
089030,Sant Julià de Cerdanyola,14,Berguedà,2024,,,,,,,2,8.547009,0,2,0,4,17.094017,false,,,,,8.7382,12.0904,,,0,missing,idescat_etca;gencat_tourism_registry_t2h3-cgys,,2026-08-21T21:48:17Z,0.2.0,not_published,ETCA is not published for every municipality.,engineering_pending,0,100,0,,official,default,false
089045,Badia del Vallès,40,Vallès Occidental,2024,13109,452,-1921,11640,88.8,0.88794,0,0,0,0,0,0,0,false,,,,4.0334,0,0,,2.2184,75,municipality,idescat_etca;gencat_tourism_registry_t2h3-cgys,,2026-08-21T21:48:17Z,0.2.0,,IEET municipal not used; score is the documented base formula.,complete,2.2184,2.2184,100,,official,default,true
089058,la Palma de Cervelló,11,Baix Llobregat,2024,3048,78,-532,2594,85.1,0.85105,0,0,0,0,0,0,0,false,,,,0,0,0,,0,75,municipality,idescat_etca;gencat_tourism_registry_t2h3-cgys,,2026-08-21T21:48:17Z,0.2.0,,IEET municipal not used; score is the documented base formula.,complete,0,0,100,,official,default,true
170010,Agullana,02,Alt Empordà,2024,,,,,,,14,15.891033,0,1,0,15,17.026107,false,,,,,16.2464,12.0414,,,0,missing,idescat_etca;gencat_tourism_registry_t2h3-cgys,,2026-08-21T21:48:17Z,0.2.0,not_published,ETCA is not published for every municipality.,engineering_pending,0,100,0,,official,default,false
170025,Aiguaviva,20,Gironès,2024,800,412,-154,1058,132.3,1.3225,4,5,0,0,0,4,5,false,,,,68.1254,5.1118,3.3729,,39.4215,75,municipality,idescat_etca;gencat_tourism_registry_t2h3-cgys,,2026-08-21T21:48:17Z,0.2.0,,IEET municipal not used; score is the documented base formula.,complete,39.4215,39.4215,100,,official,default,true
170031,Albanyà,02,Alt Empordà,2024,,,,,,,7,44.303797,1,6,1,15,94.936709,false,,,,,45.2946,68.2001,,,0,missing,idescat_etca;gencat_tourism_registry_t2h3-cgys,,2026-08-21T21:48:17Z,0.2.0,not_published,ETCA is not published for every municipality.,engineering_pending,0,100,0,,official,default,false
170046,Albons,10,Baix Empordà,2024,,,,,,,66,77.464789,1,4,0,71,83.333333,false,,,,,79.1972,59.8363,,,0,missing,idescat_etca;gencat_tourism_registry_t2h3-cgys,,2026-08-21T21:48:17Z,0.2.0,not_published,ETCA is not published for every municipality.,engineering_pending,0,100,0,,official,default,false
170059,el Far d'Empordà,02,Alt Empordà,2024,626,628,-108,1146,183.1,1.830671,1,1.597444,0,0,0,1,1.597444,false,,,,100,1.6332,0.9203,,55.5924,75,municipality,idescat_etca;gencat_tourism_registry_t2h3-cgys,,2026-08-21T21:48:17Z,0.2.0,,IEET municipal not used; score is the documented base formula.,complete,55.5924,55.5924,100,,official,default,true
170062,Alp,15,Cerdanya,2024,1727,1637,-218,3146,182.2,1.821656,301,174.290677,11,1,0,313,181.239143,false,,,,100,100,100,,100,75,municipality,idescat_etca;gencat_tourism_registry_t2h3-cgys,,2026-08-21T21:48:17Z,0.2.0,,IEET municipal not used; score is the documented base formula.,complete,100,100,100,,official,default,true
170078,Amer,34,Selva,2024,2421,689,-254,2856,118,1.179678,21,8.674102,3,1,0,25,10.326311,false,,,,47.061,8.8681,7.2122,,29.543,75,municipality,idescat_etca;gencat_tourism_registry_t2h3-cgys,,2026-08-21T21:48:17Z,0.2.0,,IEET municipal not used; score is the documented base formula.,complete,29.543,29.543,100,,official,default,true
170084,Anglès,34,Selva,2024,5915,429,-813,5531,93.5,0.93508,9,1.521555,2,2,0,13,2.197802,false,,,,10.986,1.5556,1.3531,,6.7018,75,municipality,idescat_etca;gencat_tourism_registry_t2h3-cgys,,2026-08-21T21:48:17Z,0.2.0,,IEET municipal not used; score is the documented base formula.,complete,6.7018,6.7018,100,,official,default,true
170097,Arbúcies,34,Selva,2024,6555,502,-689,6368,97.1,0.971472,44,6.712433,3,20,2,69,10.526316,false,,,,16.3534,6.8626,7.3563,,12.1813,75,municipality,idescat_etca;gencat_tourism_registry_t2h3-cgys,,2026-08-21T21:48:17Z,0.2.0,,IEET municipal not used; score is the documented base formula.,complete,12.1813,12.1813,100,,official,default,true
170101,Argelaguer,19,Garrotxa,2024,,,,,,,9,19.271949,0,2,0,11,23.554604,false,,,,,19.703,16.7472,,,0,missing,idescat_etca;gencat_tourism_registry_t2h3-cgys,,2026-08-21T21:48:17Z,0.2.0,not_published,ETCA is not published for every municipality.,engineering_pending,0,100,0,,official,default,false
170118,l'Armentera,02,Alt Empordà,2024,1070,143,-155,1058,98.9,0.988785,26,24.299065,0,4,0,30,28.037383,false,,,,18.9068,24.8425,19.9785,,20.6051,75,municipality,idescat_etca;gencat_tourism_registry_t2h3-cgys,,2026-08-21T21:48:17Z,0.2.0,,IEET municipal not used; score is the documented base formula.,complete,20.6051,20.6051,100,,official,default,true
170123,Avinyonet de Puigventós,02,Alt Empordà,2024,1689,142,-333,1498,88.7,0.886915,7,4.144464,3,0,0,10,5.920663,false,,,,3.8823,4.2372,4.0365,,4.0019,75,municipality,idescat_etca;gencat_tourism_registry_t2h3-cgys,,2026-08-21T21:48:17Z,0.2.0,,IEET municipal not used; score is the documented base formula.,complete,4.0019,4.0019,100,,official,default,true
170139,Begur,10,Baix Empordà,2024,4227,4365,-599,7994,189.1,1.891176,1764,417.317246,29,0,2,1795,424.651053,false,,,,100,100,100,,100,75,municipality,idescat_etca;gencat_tourism_registry_t2h3-cgys,,2026-08-21T21:48:17Z,0.2.0,,IEET municipal not used; score is the documented base formula.,complete,100,100,100,,official,default,true
170144,la Vajol,02,Alt Empordà,2024,,,,,,,4,36.363636,1,1,0,6,54.545455,false,,,,,37.1769,39.0857,,,0,missing,idescat_etca;gencat_tourism_registry_t2h3-cgys,,2026-08-21T21:48:17Z,0.2.0,not_published,ETCA is not published for every municipality.,engineering_pending,0,100,0,,official,default,false
170157,Banyoles,28,Pla de l'Estany,2024,20707,1598,-2215,20090,97,0.970203,102,4.92587,7,0,0,109,5.26392,false,,,,16.1662,5.036,3.5632,,10.8631,75,municipality,idescat_etca;gencat_tourism_registry_t2h3-cgys,,2026-08-21T21:48:17Z,0.2.0,,IEET municipal not used; score is the documented base formula.,complete,10.8631,10.8631,100,,official,default,true
170160,Bàscara,02,Alt Empordà,2024,1055,156,-159,1052,99.7,0.997156,21,19.905213,3,2,0,26,24.64455,false,,,,20.1415,20.3504,17.5329,,19.672,75,municipality,idescat_etca;gencat_tourism_registry_t2h3-cgys,,2026-08-21T21:48:17Z,0.2.0,,IEET municipal not used; score is the documented base formula.,complete,19.672,19.672,100,,official,default,true
170182,Bellcaire d'Empordà,10,Baix Empordà,2024,,,,,,,43,59.556787,0,0,0,43,59.556787,false,,,,,60.8887,42.6979,,,0,missing,idescat_etca;gencat_tourism_registry_t2h3-cgys,,2026-08-21T21:48:17Z,0.2.0,not_published,ETCA is not published for every municipality.,engineering_pending,0,100,0,,official,default,false
170195,Besalú,19,Garrotxa,2024,2577,270,-342,2506,97.2,0.972449,54,20.954598,5,0,1,60,23.282887,false,,,,16.4974,21.4232,16.5514,,17.7397,75,municipality,idescat_etca;gencat_tourism_registry_t2h3-cgys,,2026-08-21T21:48:17Z,0.2.0,,IEET municipal not used; score is the documented base formula.,complete,17.7397,17.7397,100,,official,default,true
170209,Bescanó,20,Gironès,2024,5122,383,-901,4604,89.9,0.898868,17,3.319016,0,0,0,17,3.319016,false,,,,5.6451,3.3932,2.1612,,4.3853,75,municipality,idescat_etca;gencat_tourism_registry_t2h3-cgys,,2026-08-21T21:48:17Z,0.2.0,,IEET municipal not used; score is the documented base formula.,complete,4.3853,4.3853,100,,official,default,true
170216,Beuda,19,Garrotxa,2024,,,,,,,11,54.455446,0,7,0,18,89.108911,false,,,,,55.6733,63.9993,,,0,missing,idescat_etca;gencat_tourism_registry_t2h3-cgys,,2026-08-21T21:48:17Z,0.2.0,not_published,ETCA is not published for every municipality.,engineering_pending,0,100,0,,official,default,false
170221,la Bisbal d'Empordà,10,Baix Empordà,2024,11637,590,-1237,10991,94.4,0.944487,49,4.210707,4,0,0,53,4.554438,false,,,,12.3735,4.3049,3.0518,,8.492,75,municipality,idescat_etca;gencat_tourism_registry_t2h3-cgys,,2026-08-21T21:48:17Z,0.2.0,,IEET municipal not used; score is the documented base formula.,complete,8.492,8.492,100,,official,default,true
170237,Blanes,34,Selva,2024,41935,10081,-4195,47821,114,1.14036,1277,30.45189,21,0,11,1309,31.214976,false,,,,41.2621,31.1329,22.2689,,34.9312,75,municipality,idescat_etca;gencat_tourism_registry_t2h3-cgys,,2026-08-21T21:48:17Z,0.2.0,,IEET municipal not used; score is the documented base formula.,complete,34.9312,34.9312,100,,official,default,true
170242,Bolvir,15,Cerdanya,2024,,,,,,,30,60.851927,2,4,0,36,73.022312,false,,,,,62.2128,52.404,,,0,missing,idescat_etca;gencat_tourism_registry_t2h3-cgys,,2026-08-21T21:48:17Z,0.2.0,not_published,ETCA is not published for every municipality.,engineering_pending,0,100,0,,official,default,false
170255,Bordils,20,Gironès,2024,1801,89,-318,1572,87.3,0.872848,5,2.776235,3,3,0,11,6.107718,false,,,,1.8077,2.8383,4.1714,,2.5381,75,municipality,idescat_etca;gencat_tourism_registry_t2h3-cgys,,2026-08-21T21:48:17Z,0.2.0,,IEET municipal not used; score is the documented base formula.,complete,2.5381,2.5381,100,,official,default,true
170268,Borrassà,02,Alt Empordà,2024,,,,,,,15,18.703242,0,1,0,16,19.950125,false,,,,,19.1215,14.1491,,,0,missing,idescat_etca;gencat_tourism_registry_t2h3-cgys,,2026-08-21T21:48:17Z,0.2.0,not_published,ETCA is not published for every municipality.,engineering_pending,0,100,0,,official,default,false
170274,Breda,34,Selva,2024,3917,169,-476,3610,92.2,0.921624,13,3.318866,2,0,0,15,3.829461,false,,,,9.0014,3.3931,2.5292,,6.3049,75,municipality,idescat_etca;gencat_tourism_registry_t2h3-cgys,,2026-08-21T21:48:17Z,0.2.0,,IEET municipal not used; score is the documented base formula.,complete,6.3049,6.3049,100,,official,default,true
170280,Brunyola i Sant Martí Sapresa,34,Selva,2024,,,,,,,10,25.062657,0,4,0,14,35.087719,false,,,,,25.6232,25.0604,,,0,missing,idescat_etca;gencat_tourism_registry_t2h3-cgys,,2026-08-21T21:48:17Z,0.2.0,not_published,ETCA is not published for every municipality.,engineering_pending,0,100,0,,official,default,false
170293,Boadella i les Escaules,02,Alt Empordà,2024,,,,,,,11,41.666667,0,4,0,15,56.818182,false,,,,,42.5985,40.7239,,,0,missing,idescat_etca;gencat_tourism_registry_t2h3-cgys,,2026-08-21T21:48:17Z,0.2.0,not_published,ETCA is not published for every municipality.,engineering_pending,0,100,0,,official,default,false
170307,Cabanes,02,Alt Empordà,2024,,,,,,,5,5.01002,0,0,0,5,5.01002,false,,,,,5.1221,3.3801,,,0,missing,idescat_etca;gencat_tourism_registry_t2h3-cgys,,2026-08-21T21:48:17Z,0.2.0,not_published,ETCA is not published for every municipality.,engineering_pending,0,100,0,,official,default,false
170314,Cabanelles,02,Alt Empordà,2024,,,,,,,13,45.454545,1,4,0,18,62.937063,false,,,,,46.4711,45.1345,,,0,missing,idescat_etca;gencat_tourism_registry_t2h3-cgys,,2026-08-21T21:48:17Z,0.2.0,not_published,ETCA is not published for every municipality.,engineering_pending,0,100,0,,official,default,false
170329,Cadaqués,02,Alt Empordà,2024,2894,2879,-282,5491,189.7,1.897374,997,344.505874,31,0,1,1029,355.563234,false,,,,100,100,100,,100,75,municipality,idescat_etca;gencat_tourism_registry_t2h3-cgys,,2026-08-21T21:48:17Z,0.2.0,,IEET municipal not used; score is the documented base formula.,complete,100,100,100,,official,default,true
170335,Caldes de Malavella,34,Selva,2024,8445,1315,-1142,8618,102,1.020485,227,26.879811,6,8,0,241,28.537596,false,,,,23.5822,27.481,20.339,,23.9083,75,municipality,idescat_etca;gencat_tourism_registry_t2h3-cgys,,2026-08-21T21:48:17Z,0.2.0,,IEET municipal not used; score is the documented base formula.,complete,23.9083,23.9083,100,,official,default,true
170340,Calonge i Sant Antoni,10,Baix Empordà,2024,12203,8492,-1520,19175,157.1,1.571335,2399,196.591002,13,5,6,2423,198.557732,false,,,,100,100,100,,100,75,municipality,idescat_etca;gencat_tourism_registry_t2h3-cgys,,2026-08-21T21:48:17Z,0.2.0,,IEET municipal not used; score is the documented base formula.,complete,100,100,100,,official,default,true
170353,Camós,28,Pla de l'Estany,2024,,,,,,,5,7.142857,1,9,0,15,21.428571,false,,,,,7.3026,15.2148,,,0,missing,idescat_etca;gencat_tourism_registry_t2h3-cgys,,2026-08-21T21:48:17Z,0.2.0,not_published,ETCA is not published for every municipality.,engineering_pending,0,100,0,,official,default,false
170366,Campdevànol,31,Ripollès,2024,3250,254,-472,3032,93.3,0.932923,16,4.923077,1,11,2,30,9.230769,false,,,,10.6679,5.0332,6.4225,,8.4101,75,municipality,idescat_etca;gencat_tourism_registry_t2h3-cgys,,2026-08-21T21:48:17Z,0.2.0,,IEET municipal not used; score is the documented base formula.,complete,8.4101,8.4101,100,,official,default,true
170372,Campelles,31,Ripollès,2024,,,,,,,10,61.349693,2,11,0,23,141.104294,false,,,,,62.7217,100,,,0,missing,idescat_etca;gencat_tourism_registry_t2h3-cgys,,2026-08-21T21:48:17Z,0.2.0,not_published,ETCA is not published for every municipality.,engineering_pending,0,100,0,,official,default,false
170388,Campllong,20,Gironès,2024,,,,,,,6,11.235955,0,3,0,9,16.853933,false,,,,,11.4872,11.9173,,,0,missing,idescat_etca;gencat_tourism_registry_t2h3-cgys,,2026-08-21T21:48:17Z,0.2.0,not_published,ETCA is not published for every municipality.,engineering_pending,0,100,0,,official,default,false
170391,Camprodon,31,Ripollès,2024,2521,1357,-263,3614,143.4,1.433558,165,65.450218,12,17,2,196,77.746926,false,,,,84.505,66.914,55.8095,,74.3681,75,municipality,idescat_etca;gencat_tourism_registry_t2h3-cgys,,2026-08-21T21:48:17Z,0.2.0,,IEET municipal not used; score is the documented base formula.,complete,74.3681,74.3681,100,,official,default,true
170405,Canet d'Adri,20,Gironès,2024,,,,,,,6,8.086253,0,6,0,12,16.172507,false,,,,,8.2671,11.4262,,,0,missing,idescat_etca;gencat_tourism_registry_t2h3-cgys,,2026-08-21T21:48:17Z,0.2.0,not_published,ETCA is not published for every municipality.,engineering_pending,0,100,0,,official,default,false
170412,Cantallops,02,Alt Empordà,2024,,,,,,,15,40.871935,2,1,0,18,49.046322,false,,,,,41.786,35.1219,,,0,missing,idescat_etca;gencat_tourism_registry_t2h3-cgys,,2026-08-21T21:48:17Z,0.2.0,not_published,ETCA is not published for every municipality.,engineering_pending,0,100,0,,official,default,false
170427,Capmany,02,Alt Empordà,2024,,,,,,,19,28.064993,1,10,1,31,45.790251,false,,,,,28.6926,32.7749,,,0,missing,idescat_etca;gencat_tourism_registry_t2h3-cgys,,2026-08-21T21:48:17Z,0.2.0,not_published,ETCA is not published for every municipality.,engineering_pending,0,100,0,,official,default,false
170433,Queralbs,31,Ripollès,2024,,,,,,,23,113.861386,5,8,0,36,178.217822,false,,,,,100,100,,,0,missing,idescat_etca;gencat_tourism_registry_t2h3-cgys,,2026-08-21T21:48:17Z,0.2.0,not_published,ETCA is not published for every municipality.,engineering_pending,0,100,0,,official,default,false
170448,Cassà de la Selva,20,Gironès,2024,10941,621,-1195,10367,94.8,0.947537,20,1.827986,4,4,0,28,2.559181,false,,,,12.8232,1.8689,1.6136,,7.8427,75,municipality,idescat_etca;gencat_tourism_registry_t2h3-cgys,,2026-08-21T21:48:17Z,0.2.0,,IEET municipal not used; score is the documented base formula.,complete,7.8427,7.8427,100,,official,default,true
170464,Castellfollit de la Roca,19,Garrotxa,2024,,,,,,,11,11.458333,1,1,0,13,13.541667,false,,,,,11.7146,9.5298,,,0,missing,idescat_etca;gencat_tourism_registry_t2h3-cgys,,2026-08-21T21:48:17Z,0.2.0,not_published,ETCA is not published for every municipality.,engineering_pending,0,100,0,,official,default,false
170470,Castelló d'Empúries,02,Alt Empordà,2024,12132,8226,-1346,19013,156.7,1.567178,3660,301.681503,13,4,5,3682,303.49489,false,,,,100,100,100,,100,75,municipality,idescat_etca;gencat_tourism_registry_t2h3-cgys,,2026-08-21T21:48:17Z,0.2.0,,IEET municipal not used; score is the documented base formula.,complete,100,100,100,,official,default,true
170486,"Castell d'Aro, Platja d'Aro i s'Agaró",10,Baix Empordà,2024,12773,10646,-1331,22087,172.9,1.729194,2903,227.276286,35,1,5,2944,230.486182,false,,,,100,100,100,,100,75,municipality,idescat_etca;gencat_tourism_registry_t2h3-cgys,,2026-08-21T21:48:17Z,0.2.0,,IEET municipal not used; score is the documented base formula.,complete,100,100,100,,official,default,true
170499,Celrà,20,Gironès,2024,5553,1113,-836,5830,105,1.049883,15,2.701243,1,2,0,18,3.241491,false,,,,27.9179,2.7617,2.1054,,16.4664,75,municipality,idescat_etca;gencat_tourism_registry_t2h3-cgys,,2026-08-21T21:48:17Z,0.2.0,,IEET municipal not used; score is the documented base formula.,complete,16.4664,16.4664,100,,official,default,true
170502,Cervià de Ter,20,Gironès,2024,997,68,-178,887,89,0.889669,2,2.006018,0,0,0,2,2.006018,false,,,,4.2885,2.0509,1.2148,,3.1144,75,municipality,idescat_etca;gencat_tourism_registry_t2h3-cgys,,2026-08-21T21:48:17Z,0.2.0,,IEET municipal not used; score is the documented base formula.,complete,3.1144,3.1144,100,,official,default,true
170519,Cistella,02,Alt Empordà,2024,,,,,,,15,52.631579,0,12,0,27,94.736842,false,,,,,53.8086,68.056,,,0,missing,idescat_etca;gencat_tourism_registry_t2h3-cgys,,2026-08-21T21:48:17Z,0.2.0,not_published,ETCA is not published for every municipality.,engineering_pending,0,100,0,,official,default,false
170524,Siurana,02,Alt Empordà,2024,,,,,,,7,37.234043,0,4,0,11,58.510638,false,,,,,38.0668,41.9438,,,0,missing,idescat_etca;gencat_tourism_registry_t2h3-cgys,,2026-08-21T21:48:17Z,0.2.0,not_published,ETCA is not published for every municipality.,engineering_pending,0,100,0,,official,default,false
170545,Colera,02,Alt Empordà,2024,490,596,-70,1016,207.3,2.073469,128,261.22449,3,0,1,132,269.387755,false,,,,100,100,100,,100,75,municipality,idescat_etca;gencat_tourism_registry_t2h3-cgys,,2026-08-21T21:48:17Z,0.2.0,,IEET municipal not used; score is the documented base formula.,complete,100,100,100,,official,default,true
170558,Colomers,10,Baix Empordà,2024,,,,,,,8,38.834951,0,0,0,8,38.834951,false,,,,,39.7035,27.7614,,,0,missing,idescat_etca;gencat_tourism_registry_t2h3-cgys,,2026-08-21T21:48:17Z,0.2.0,not_published,ETCA is not published for every municipality.,engineering_pending,0,100,0,,official,default,false
170561,Cornellà del Terri,28,Pla de l'Estany,2024,2394,645,-340,2699,112.7,1.127402,26,10.860485,1,15,0,42,17.54386,false,,,,39.351,11.1034,12.4146,,26.9018,75,municipality,idescat_etca;gencat_tourism_registry_t2h3-cgys,,2026-08-21T21:48:17Z,0.2.0,,IEET municipal not used; score is the documented base formula.,complete,26.9018,26.9018,100,,official,default,true
170577,Corçà,10,Baix Empordà,2024,1282,268,-193,1357,105.9,1.058502,44,34.321373,2,5,0,51,39.781591,false,,,,29.1892,35.0889,28.4438,,30.515,75,municipality,idescat_etca;gencat_tourism_registry_t2h3-cgys,,2026-08-21T21:48:17Z,0.2.0,,IEET municipal not used; score is the documented base formula.,complete,30.515,30.515,100,,official,default,true
170583,Crespià,28,Pla de l'Estany,2024,,,,,,,7,27.667984,0,8,0,15,59.288538,false,,,,,28.2868,42.5046,,,0,missing,idescat_etca;gencat_tourism_registry_t2h3-cgys,,2026-08-21T21:48:17Z,0.2.0,not_published,ETCA is not published for every municipality.,engineering_pending,0,100,0,,official,default,false
170600,Darnius,02,Alt Empordà,2024,,,,,,,15,26.737968,2,1,0,18,32.085561,false,,,,,27.3359,22.8964,,,0,missing,idescat_etca;gencat_tourism_registry_t2h3-cgys,,2026-08-21T21:48:17Z,0.2.0,not_published,ETCA is not published for every municipality.,engineering_pending,0,100,0,,official,default,false
170617,Das,15,Cerdanya,2024,,,,,,,17,65.1341,0,4,0,21,80.45977,false,,,,,66.5908,57.765,,,0,missing,idescat_etca;gencat_tourism_registry_t2h3-cgys,,2026-08-21T21:48:17Z,0.2.0,not_published,ETCA is not published for every municipality.,engineering_pending,0,100,0,,official,default,false
170622,l'Escala,02,Alt Empordà,2024,10630,8009,-1263,17376,163.5,1.634619,3158,297.083725,22,0,5,3185,299.623706,false,,,,100,100,100,,100,75,municipality,idescat_etca;gencat_tourism_registry_t2h3-cgys,,2026-08-21T21:48:17Z,0.2.0,,IEET municipal not used; score is the documented base formula.,complete,100,100,100,,official,default,true
170638,Espinelves,24,Osona,2024,,,,,,,11,41.984733,0,0,1,12,45.801527,false,,,,,42.9237,32.783,,,0,missing,idescat_etca;gencat_tourism_registry_t2h3-cgys,,2026-08-21T21:48:17Z,0.2.0,not_published,ETCA is not published for every municipality.,engineering_pending,0,100,0,,official,default,false
170643,Espolla,02,Alt Empordà,2024,,,,,,,7,17.54386,1,3,0,11,27.568922,false,,,,,17.9362,19.6408,,,0,missing,idescat_etca;gencat_tourism_registry_t2h3-cgys,,2026-08-21T21:48:17Z,0.2.0,not_published,ETCA is not published for every municipality.,engineering_pending,0,100,0,,official,default,false
170656,Esponellà,28,Pla de l'Estany,2024,,,,,,,12,27.027027,0,10,1,23,51.801802,false,,,,,27.6315,37.1081,,,0,missing,idescat_etca;gencat_tourism_registry_t2h3-cgys,,2026-08-21T21:48:17Z,0.2.0,not_published,ETCA is not published for every municipality.,engineering_pending,0,100,0,,official,default,false
170669,Figueres,02,Alt Empordà,2024,48670,4980,-5083,48568,99.8,0.997904,322,6.615985,24,0,1,347,7.129649,false,,,,20.2518,6.7639,4.908,,13.8111,75,municipality,idescat_etca;gencat_tourism_registry_t2h3-cgys,,2026-08-21T21:48:17Z,0.2.0,,IEET municipal not used; score is the documented base formula.,complete,13.8111,13.8111,100,,official,default,true
170675,Flaçà,20,Gironès,2024,1145,21,-182,984,85.9,0.859389,3,2.620087,0,0,0,3,2.620087,false,,,,0,2.6787,1.6575,,1.0012,75,municipality,idescat_etca;gencat_tourism_registry_t2h3-cgys,,2026-08-21T21:48:17Z,0.2.0,,IEET municipal not used; score is the documented base formula.,complete,1.0012,1.0012,100,,official,default,true
170681,Foixà,10,Baix Empordà,2024,,,,,,,24,80.536913,0,1,0,25,83.892617,false,,,,,82.3381,60.2394,,,0,missing,idescat_etca;gencat_tourism_registry_t2h3-cgys,,2026-08-21T21:48:17Z,0.2.0,not_published,ETCA is not published for every municipality.,engineering_pending,0,100,0,,official,default,false
170694,Fontanals de Cerdanya,15,Cerdanya,2024,,,,,,,64,124.031008,2,5,1,72,139.534884,false,,,,,100,100,,,0,missing,idescat_etca;gencat_tourism_registry_t2h3-cgys,,2026-08-21T21:48:17Z,0.2.0,not_published,ETCA is not published for every municipality.,engineering_pending,0,100,0,,official,default,false
170708,Fontanilles,10,Baix Empordà,2024,,,,,,,10,58.823529,0,14,0,24,141.176471,false,,,,,60.1391,100,,,0,missing,idescat_etca;gencat_tourism_registry_t2h3-cgys,,2026-08-21T21:48:17Z,0.2.0,not_published,ETCA is not published for every municipality.,engineering_pending,0,100,0,,official,default,false
170715,Fontcoberta,28,Pla de l'Estany,2024,1501,96,-258,1340,89.3,0.892738,14,9.327115,0,9,0,23,15.323118,false,,,,4.7411,9.5357,10.8139,,7.1543,75,municipality,idescat_etca;gencat_tourism_registry_t2h3-cgys,,2026-08-21T21:48:17Z,0.2.0,,IEET municipal not used; score is the documented base formula.,complete,7.1543,7.1543,100,,official,default,true
170736,Fornells de la Selva,20,Gironès,2024,2780,863,-519,3124,112.4,1.123741,12,4.316547,1,3,1,17,6.115108,false,,,,38.811,4.4131,4.1767,,23.2847,75,municipality,idescat_etca;gencat_tourism_registry_t2h3-cgys,,2026-08-21T21:48:17Z,0.2.0,,IEET municipal not used; score is the documented base formula.,complete,23.2847,23.2847,100,,official,default,true
170741,Fortià,02,Alt Empordà,2024,,,,,,,6,7.604563,0,2,0,8,10.139417,false,,,,,7.7746,7.0775,,,0,missing,idescat_etca;gencat_tourism_registry_t2h3-cgys,,2026-08-21T21:48:17Z,0.2.0,not_published,ETCA is not published for every municipality.,engineering_pending,0,100,0,,official,default,false
170754,Garrigàs,02,Alt Empordà,2024,,,,,,,17,35.490605,0,1,0,18,37.578288,false,,,,,36.2843,26.8556,,,0,missing,idescat_etca;gencat_tourism_registry_t2h3-cgys,,2026-08-21T21:48:17Z,0.2.0,not_published,ETCA is not published for every municipality.,engineering_pending,0,100,0,,official,default,false
170767,Garrigoles,10,Baix Empordà,2024,,,,,,,8,43.715847,0,1,0,9,49.180328,false,,,,,44.6935,35.2185,,,0,missing,idescat_etca;gencat_tourism_registry_t2h3-cgys,,2026-08-21T21:48:17Z,0.2.0,not_published,ETCA is not published for every municipality.,engineering_pending,0,100,0,,official,default,false
170773,Garriguella,02,Alt Empordà,2024,967,260,-152,1075,111.2,1.111686,34,35.16029,2,9,1,46,47.569804,false,,,,37.033,35.9466,34.0576,,36.1663,75,municipality,idescat_etca;gencat_tourism_registry_t2h3-cgys,,2026-08-21T21:48:17Z,0.2.0,,IEET municipal not used; score is the documented base formula.,complete,36.1663,36.1663,100,,official,default,true
170789,Ger,15,Cerdanya,2024,,,,,,,54,107.784431,2,3,0,59,117.764471,false,,,,,100,84.6545,,,0,missing,idescat_etca;gencat_tourism_registry_t2h3-cgys,,2026-08-21T21:48:17Z,0.2.0,not_published,ETCA is not published for every municipality.,engineering_pending,0,100,0,,official,default,false
170792,Girona,20,Gironès,2024,106476,25251,-11173,120554,113.2,1.132218,753,7.072016,30,1,0,784,7.363162,false,,,,40.0612,7.2302,5.0763,,24.8565,75,municipality,idescat_etca;gencat_tourism_registry_t2h3-cgys,,2026-08-21T21:48:17Z,0.2.0,,IEET municipal not used; score is the documented base formula.,complete,24.8565,24.8565,100,,official,default,true
170806,Gombrèn,31,Ripollès,2024,,,,,,,8,38.834951,2,6,0,16,77.669903,false,,,,,39.7035,55.754,,,0,missing,idescat_etca;gencat_tourism_registry_t2h3-cgys,,2026-08-21T21:48:17Z,0.2.0,not_published,ETCA is not published for every municipality.,engineering_pending,0,100,0,,official,default,false
170813,Gualta,10,Baix Empordà,2024,,,,,,,32,73.226545,1,2,0,35,80.091533,false,,,,,74.8642,57.4995,,,0,missing,idescat_etca;gencat_tourism_registry_t2h3-cgys,,2026-08-21T21:48:17Z,0.2.0,not_published,ETCA is not published for every municipality.,engineering_pending,0,100,0,,official,default,false
170828,Guils de Cerdanya,15,Cerdanya,2024,,,,,,,44,78.711986,0,0,1,45,80.500894,false,,,,,80.4723,57.7946,,,0,missing,idescat_etca;gencat_tourism_registry_t2h3-cgys,,2026-08-21T21:48:17Z,0.2.0,not_published,ETCA is not published for every municipality.,engineering_pending,0,100,0,,official,default,false
170834,Hostalric,34,Selva,2024,4443,467,-499,4411,99.3,0.992798,13,2.925951,0,0,0,13,2.925951,false,,,,19.4986,2.9914,1.8779,,11.8477,75,municipality,idescat_etca;gencat_tourism_registry_t2h3-cgys,,2026-08-21T21:48:17Z,0.2.0,,IEET municipal not used; score is the documented base formula.,complete,11.8477,11.8477,100,,official,default,true
170849,Isòvol,15,Cerdanya,2024,,,,,,,42,133.757962,1,5,1,49,156.050955,false,,,,,100,100,,,0,missing,idescat_etca;gencat_tourism_registry_t2h3-cgys,,2026-08-21T21:48:17Z,0.2.0,not_published,ETCA is not published for every municipality.,engineering_pending,0,100,0,,official,default,false
170852,Jafre,10,Baix Empordà,2024,,,,,,,9,23.4375,0,0,0,9,23.4375,false,,,,,23.9617,16.6628,,,0,missing,idescat_etca;gencat_tourism_registry_t2h3-cgys,,2026-08-21T21:48:17Z,0.2.0,not_published,ETCA is not published for every municipality.,engineering_pending,0,100,0,,official,default,false
170865,la Jonquera,02,Alt Empordà,2024,3361,3447,-475,6332,188.4,1.883963,7,2.082713,11,0,0,18,5.355549,false,,,,100,2.1293,3.6292,,56.2582,75,municipality,idescat_etca;gencat_tourism_registry_t2h3-cgys,,2026-08-21T21:48:17Z,0.2.0,,IEET municipal not used; score is the documented base formula.,complete,56.2582,56.2582,100,,official,default,true
170871,Juià,20,Gironès,2024,,,,,,,7,21.875,0,1,0,8,25,false,,,,,22.3642,17.7891,,,0,missing,idescat_etca;gencat_tourism_registry_t2h3-cgys,,2026-08-21T21:48:17Z,0.2.0,not_published,ETCA is not published for every municipality.,engineering_pending,0,100,0,,official,default,false
170887,Lladó,02,Alt Empordà,2024,,,,,,,19,23.08627,0,3,0,22,26.73147,false,,,,,23.6026,19.0371,,,0,missing,idescat_etca;gencat_tourism_registry_t2h3-cgys,,2026-08-21T21:48:17Z,0.2.0,not_published,ETCA is not published for every municipality.,engineering_pending,0,100,0,,official,default,false
170890,Llagostera,20,Gironès,2024,9486,467,-1090,8864,93.4,0.93443,47,4.95467,4,6,1,58,6.114274,false,,,,10.8901,5.0655,4.1761,,8.0912,75,municipality,idescat_etca;gencat_tourism_registry_t2h3-cgys,,2026-08-21T21:48:17Z,0.2.0,,IEET municipal not used; score is the documented base formula.,complete,8.0912,8.0912,100,,official,default,true
170904,Llambilles,20,Gironès,2024,,,,,,,9,12.295082,0,0,0,9,12.295082,false,,,,,12.5701,8.6313,,,0,missing,idescat_etca;gencat_tourism_registry_t2h3-cgys,,2026-08-21T21:48:17Z,0.2.0,not_published,ETCA is not published for every municipality.,engineering_pending,0,100,0,,official,default,false
170911,Llanars,31,Ripollès,2024,,,,,,,27,52.224371,2,1,0,30,58.027079,false,,,,,53.3923,41.5953,,,0,missing,idescat_etca;gencat_tourism_registry_t2h3-cgys,,2026-08-21T21:48:17Z,0.2.0,not_published,ETCA is not published for every municipality.,engineering_pending,0,100,0,,official,default,false
170926,Llançà,02,Alt Empordà,2024,5048,3616,-528,8136,161.2,1.611727,1684,333.597464,14,0,1,1699,336.568938,false,,,,100,100,100,,100,75,municipality,idescat_etca;gencat_tourism_registry_t2h3-cgys,,2026-08-21T21:48:17Z,0.2.0,,IEET municipal not used; score is the documented base formula.,complete,100,100,100,,official,default,true
170932,Llers,02,Alt Empordà,2024,1262,244,-202,1304,103.3,1.033281,9,7.131537,2,1,0,12,9.508716,false,,,,25.4693,7.291,6.6228,,17.1554,75,municipality,idescat_etca;gencat_tourism_registry_t2h3-cgys,,2026-08-21T21:48:17Z,0.2.0,,IEET municipal not used; score is the documented base formula.,complete,17.1554,17.1554,100,,official,default,true
170947,Llívia,15,Cerdanya,2024,1561,594,-270,1884,120.7,1.206919,104,66.623959,7,4,0,115,73.670724,false,,,,51.0787,68.114,52.8714,,55.6961,75,municipality,idescat_etca;gencat_tourism_registry_t2h3-cgys,,2026-08-21T21:48:17Z,0.2.0,,IEET municipal not used; score is the documented base formula.,complete,55.6961,55.6961,100,,official,default,true
170950,Lloret de Mar,34,Selva,2024,42134,22589,-3950,60773,144.2,1.442374,3116,73.954526,124,1,4,3245,77.016186,false,,,,85.8053,75.6085,55.2828,,77.1516,75,municipality,idescat_etca;gencat_tourism_registry_t2h3-cgys,,2026-08-21T21:48:17Z,0.2.0,,IEET municipal not used; score is the documented base formula.,complete,77.1516,77.1516,100,,official,default,true
170963,les Llosses,31,Ripollès,2024,,,,,,,8,40.609137,2,14,1,25,126.903553,false,,,,,41.5173,91.242,,,0,missing,idescat_etca;gencat_tourism_registry_t2h3-cgys,,2026-08-21T21:48:17Z,0.2.0,not_published,ETCA is not published for every municipality.,engineering_pending,0,100,0,,official,default,false
170979,Madremanya,20,Gironès,2024,,,,,,,21,75.812274,3,1,0,25,90.252708,false,,,,,77.5078,64.8238,,,0,missing,idescat_etca;gencat_tourism_registry_t2h3-cgys,,2026-08-21T21:48:17Z,0.2.0,not_published,ETCA is not published for every municipality.,engineering_pending,0,100,0,,official,default,false
170985,Maià de Montcal,19,Garrotxa,2024,,,,,,,13,26.104418,2,2,1,18,36.144578,false,,,,,26.6882,25.8222,,,0,missing,idescat_etca;gencat_tourism_registry_t2h3-cgys,,2026-08-21T21:48:17Z,0.2.0,not_published,ETCA is not published for every municipality.,engineering_pending,0,100,0,,official,default,false
170998,Meranges,15,Cerdanya,2024,,,,,,,1,9.009009,1,1,0,3,27.027027,false,,,,,9.2105,19.2502,,,0,missing,idescat_etca;gencat_tourism_registry_t2h3-cgys,,2026-08-21T21:48:17Z,0.2.0,not_published,ETCA is not published for every municipality.,engineering_pending,0,100,0,,official,default,false
171002,Masarac i Vilarnadal,02,Alt Empordà,2024,,,,,,,6,20.618557,0,1,0,7,24.054983,false,,,,,21.0797,17.1079,,,0,missing,idescat_etca;gencat_tourism_registry_t2h3-cgys,,2026-08-21T21:48:17Z,0.2.0,not_published,ETCA is not published for every municipality.,engineering_pending,0,100,0,,official,default,false
171019,Massanes,34,Selva,2024,,,,,,,5,5.675369,0,1,0,6,6.810443,false,,,,,5.8023,4.6779,,,0,missing,idescat_etca;gencat_tourism_registry_t2h3-cgys,,2026-08-21T21:48:17Z,0.2.0,not_published,ETCA is not published for every municipality.,engineering_pending,0,100,0,,official,default,false
171024,Maçanet de Cabrenys,02,Alt Empordà,2024,,,,,,,29,37.760417,5,5,1,40,52.083333,false,,,,,38.6049,37.311,,,0,missing,idescat_etca;gencat_tourism_registry_t2h3-cgys,,2026-08-21T21:48:17Z,0.2.0,not_published,ETCA is not published for every municipality.,engineering_pending,0,100,0,,official,default,false
171030,Maçanet de la Selva,34,Selva,2024,7972,1193,-884,8281,103.9,1.038761,137,17.185148,1,1,0,139,17.436026,false,,,,26.2775,17.5695,12.3369,,21.3124,75,municipality,idescat_etca;gencat_tourism_registry_t2h3-cgys,,2026-08-21T21:48:17Z,0.2.0,,IEET municipal not used; score is the documented base formula.,complete,21.3124,21.3124,100,,official,default,true
171058,Mieres,19,Garrotxa,2024,,,,,,,8,21.73913,0,5,0,13,35.326087,false,,,,,22.2253,25.2322,,,0,missing,idescat_etca;gencat_tourism_registry_t2h3-cgys,,2026-08-21T21:48:17Z,0.2.0,not_published,ETCA is not published for every municipality.,engineering_pending,0,100,0,,official,default,false
171061,Mollet de Peralada,02,Alt Empordà,2024,,,,,,,3,14.851485,1,1,0,5,24.752475,false,,,,,15.1836,17.6107,,,0,missing,idescat_etca;gencat_tourism_registry_t2h3-cgys,,2026-08-21T21:48:17Z,0.2.0,not_published,ETCA is not published for every municipality.,engineering_pending,0,100,0,,official,default,false
171077,Molló,31,Ripollès,2024,,,,,,,31,88.571429,2,7,0,40,114.285714,false,,,,,90.5523,82.147,,,0,missing,idescat_etca;gencat_tourism_registry_t2h3-cgys,,2026-08-21T21:48:17Z,0.2.0,not_published,ETCA is not published for every municipality.,engineering_pending,0,100,0,,official,default,false
171096,Montagut i Oix,19,Garrotxa,2024,1002,163,-222,943,94.1,0.941118,22,21.956088,3,6,4,35,34.93014,false,,,,11.8765,22.4471,24.9468,,17.1332,75,municipality,idescat_etca;gencat_tourism_registry_t2h3-cgys,,2026-08-21T21:48:17Z,0.2.0,,IEET municipal not used; score is the documented base formula.,complete,17.1332,17.1332,100,,official,default,true
171100,Mont-ras,10,Baix Empordà,2024,1691,610,-249,2052,121.3,1.213483,78,46.126552,0,1,2,81,47.900651,false,,,,52.0468,47.1581,34.2961,,47.2745,75,municipality,idescat_etca;gencat_tourism_registry_t2h3-cgys,,2026-08-21T21:48:17Z,0.2.0,,IEET municipal not used; score is the documented base formula.,complete,47.2745,47.2745,100,,official,default,true
171117,Navata,02,Alt Empordà,2024,1466,351,-265,1552,105.9,1.058663,92,62.755798,2,2,0,96,65.484311,false,,,,29.2129,64.1593,46.9705,,41.501,75,municipality,idescat_etca;gencat_tourism_registry_t2h3-cgys,,2026-08-21T21:48:17Z,0.2.0,,IEET municipal not used; score is the documented base formula.,complete,41.501,41.501,100,,official,default,true
171122,Ogassa,31,Ripollès,2024,,,,,,,6,27.027027,1,3,0,10,45.045045,false,,,,,27.6315,32.2377,,,0,missing,idescat_etca;gencat_tourism_registry_t2h3-cgys,,2026-08-21T21:48:17Z,0.2.0,not_published,ETCA is not published for every municipality.,engineering_pending,0,100,0,,official,default,false
171143,Olot,19,Garrotxa,2024,38836,1875,-3808,36903,95,0.950227,102,2.626429,13,7,2,124,3.192914,false,,,,13.2199,2.6852,2.0704,,8.3563,75,municipality,idescat_etca;gencat_tourism_registry_t2h3-cgys,,2026-08-21T21:48:17Z,0.2.0,,IEET municipal not used; score is the documented base formula.,complete,8.3563,8.3563,100,,official,default,true
171156,Ordis,02,Alt Empordà,2024,,,,,,,9,21.89781,0,1,0,10,24.3309,false,,,,,22.3875,17.3068,,,0,missing,idescat_etca;gencat_tourism_registry_t2h3-cgys,,2026-08-21T21:48:17Z,0.2.0,not_published,ETCA is not published for every municipality.,engineering_pending,0,100,0,,official,default,false
171169,Osor,34,Selva,2024,,,,,,,18,41.958042,0,3,1,22,51.282051,false,,,,,42.8964,36.7334,,,0,missing,idescat_etca;gencat_tourism_registry_t2h3-cgys,,2026-08-21T21:48:17Z,0.2.0,not_published,ETCA is not published for every municipality.,engineering_pending,0,100,0,,official,default,false
171175,Palafrugell,10,Baix Empordà,2024,24245,8570,-1995,30820,127.1,1.27119,2770,114.250361,33,2,4,2809,115.85894,false,,,,60.5578,100,83.281,,74.963,75,municipality,idescat_etca;gencat_tourism_registry_t2h3-cgys,,2026-08-21T21:48:17Z,0.2.0,,IEET municipal not used; score is the documented base formula.,complete,74.963,74.963,100,,official,default,true
171181,Palamós,10,Baix Empordà,2024,18619,6323,-1874,23068,123.9,1.238949,1626,87.330147,12,2,4,1644,88.296901,false,,,,55.8028,89.2832,63.414,,65.6951,75,municipality,idescat_etca;gencat_tourism_registry_t2h3-cgys,,2026-08-21T21:48:17Z,0.2.0,,IEET municipal not used; score is the documented base formula.,complete,65.6951,65.6951,100,,official,default,true
171194,Palau de Santa Eulàlia,02,Alt Empordà,2024,,,,,,,6,48.387097,0,2,0,8,64.516129,false,,,,,49.4692,46.2727,,,0,missing,idescat_etca;gencat_tourism_registry_t2h3-cgys,,2026-08-21T21:48:17Z,0.2.0,not_published,ETCA is not published for every municipality.,engineering_pending,0,100,0,,official,default,false
171208,Palau-saverdera,02,Alt Empordà,2024,1498,216,-270,1444,96.4,0.963952,98,65.420561,3,3,0,104,69.425901,false,,,,15.2442,66.8836,49.8117,,35.0675,75,municipality,idescat_etca;gencat_tourism_registry_t2h3-cgys,,2026-08-21T21:48:17Z,0.2.0,,IEET municipal not used; score is the documented base formula.,complete,35.0675,35.0675,100,,official,default,true
171215,Palau-sator,10,Baix Empordà,2024,,,,,,,31,96.875,2,10,0,43,134.375,false,,,,,99.0415,96.6275,,,0,missing,idescat_etca;gencat_tourism_registry_t2h3-cgys,,2026-08-21T21:48:17Z,0.2.0,not_published,ETCA is not published for every municipality.,engineering_pending,0,100,0,,official,default,false
171236,Palol de Revardit,28,Pla de l'Estany,2024,,,,,,,5,10.799136,0,4,0,9,19.438445,false,,,,,11.0407,13.7803,,,0,missing,idescat_etca;gencat_tourism_registry_t2h3-cgys,,2026-08-21T21:48:17Z,0.2.0,not_published,ETCA is not published for every municipality.,engineering_pending,0,100,0,,official,default,false
171241,Pals,10,Baix Empordà,2024,2583,4744,-460,6867,265.9,2.658537,1409,545.489741,9,8,5,1431,554.006969,false,,,,100,100,100,,100,75,municipality,idescat_etca;gencat_tourism_registry_t2h3-cgys,,2026-08-21T21:48:17Z,0.2.0,,IEET municipal not used; score is the documented base formula.,complete,100,100,100,,official,default,true
171254,Pardines,31,Ripollès,2024,,,,,,,10,59.52381,1,6,1,18,107.142857,false,,,,,60.855,76.9984,,,0,missing,idescat_etca;gencat_tourism_registry_t2h3-cgys,,2026-08-21T21:48:17Z,0.2.0,not_published,ETCA is not published for every municipality.,engineering_pending,0,100,0,,official,default,false
171267,Parlavà,10,Baix Empordà,2024,,,,,,,21,48.275862,0,8,0,29,66.666667,false,,,,,49.3555,47.8228,,,0,missing,idescat_etca;gencat_tourism_registry_t2h3-cgys,,2026-08-21T21:48:17Z,0.2.0,not_published,ETCA is not published for every municipality.,engineering_pending,0,100,0,,official,default,false
171289,Pau,02,Alt Empordà,2024,,,,,,,36,64.516129,2,2,0,40,71.684588,false,,,,,65.959,51.4397,,,0,missing,idescat_etca;gencat_tourism_registry_t2h3-cgys,,2026-08-21T21:48:17Z,0.2.0,not_published,ETCA is not published for every municipality.,engineering_pending,0,100,0,,official,default,false
171292,Pedret i Marzà,02,Alt Empordà,2024,,,,,,,5,24.038462,0,4,0,9,43.269231,false,,,,,24.5761,30.9577,,,0,missing,idescat_etca;gencat_tourism_registry_t2h3-cgys,,2026-08-21T21:48:17Z,0.2.0,not_published,ETCA is not published for every municipality.,engineering_pending,0,100,0,,official,default,false
171306,la Pera,10,Baix Empordà,2024,,,,,,,16,35.634744,2,3,0,21,46.770601,false,,,,,36.4317,33.4815,,,0,missing,idescat_etca;gencat_tourism_registry_t2h3-cgys,,2026-08-21T21:48:17Z,0.2.0,not_published,ETCA is not published for every municipality.,engineering_pending,0,100,0,,official,default,false
171328,Peralada,02,Alt Empordà,2024,2047,395,-355,2087,102,1.019541,60,29.311187,4,13,0,77,37.616023,false,,,,23.4429,29.9667,26.8828,,25.7618,75,municipality,idescat_etca;gencat_tourism_registry_t2h3-cgys,,2026-08-21T21:48:17Z,0.2.0,,IEET municipal not used; score is the documented base formula.,complete,25.7618,25.7618,100,,official,default,true
171334,les Planes d'Hostoles,19,Garrotxa,2024,1748,131,-233,1646,94.2,0.941648,35,20.022883,2,9,2,48,27.459954,false,,,,11.9546,20.4707,19.5622,,15.6051,75,municipality,idescat_etca;gencat_tourism_registry_t2h3-cgys,,2026-08-21T21:48:17Z,0.2.0,,IEET municipal not used; score is the documented base formula.,complete,15.6051,15.6051,100,,official,default,true
171349,Planoles,31,Ripollès,2024,,,,,,,15,47.923323,2,2,1,20,63.897764,false,,,,,48.9951,45.8269,,,0,missing,idescat_etca;gencat_tourism_registry_t2h3-cgys,,2026-08-21T21:48:17Z,0.2.0,not_published,ETCA is not published for every municipality.,engineering_pending,0,100,0,,official,default,false
171352,Pont de Molins,02,Alt Empordà,2024,,,,,,,7,11.945392,3,0,0,10,17.064846,false,,,,,12.2125,12.0694,,,0,missing,idescat_etca;gencat_tourism_registry_t2h3-cgys,,2026-08-21T21:48:17Z,0.2.0,not_published,ETCA is not published for every municipality.,engineering_pending,0,100,0,,official,default,false
171365,Pontós,02,Alt Empordà,2024,,,,,,,10,33.898305,1,4,0,15,50.847458,false,,,,,34.6564,36.4202,,,0,missing,idescat_etca;gencat_tourism_registry_t2h3-cgys,,2026-08-21T21:48:17Z,0.2.0,not_published,ETCA is not published for every municipality.,engineering_pending,0,100,0,,official,default,false
171371,Porqueres,28,Pla de l'Estany,2024,4782,320,-806,4296,89.8,0.898369,13,2.718528,4,11,1,29,6.064408,false,,,,5.5716,2.7793,4.1402,,4.5872,75,municipality,idescat_etca;gencat_tourism_registry_t2h3-cgys,,2026-08-21T21:48:17Z,0.2.0,,IEET municipal not used; score is the documented base formula.,complete,4.5872,4.5872,100,,official,default,true
171387,Portbou,02,Alt Empordà,2024,1082,787,-118,1751,161.8,1.618299,47,43.438078,4,0,0,51,47.134935,false,,,,100,44.4095,33.7441,,72.8512,75,municipality,idescat_etca;gencat_tourism_registry_t2h3-cgys,,2026-08-21T21:48:17Z,0.2.0,,IEET municipal not used; score is the documented base formula.,complete,72.8512,72.8512,100,,official,default,true
171390,les Preses,19,Garrotxa,2024,1924,559,-349,2134,110.9,1.109148,14,7.276507,1,0,1,16,8.316008,false,,,,36.6587,7.4392,5.7631,,23.1747,75,municipality,idescat_etca;gencat_tourism_registry_t2h3-cgys,,2026-08-21T21:48:17Z,0.2.0,,IEET municipal not used; score is the documented base formula.,complete,23.1747,23.1747,100,,official,default,true
171404,el Port de la Selva,02,Alt Empordà,2024,1058,2124,-118,3065,289.7,2.896975,630,595.463138,10,0,3,643,607.750473,false,,,,100,100,100,,100,75,municipality,idescat_etca;gencat_tourism_registry_t2h3-cgys,,2026-08-21T21:48:17Z,0.2.0,,IEET municipal not used; score is the documented base formula.,complete,100,100,100,,official,default,true
171411,Puigcerdà,15,Cerdanya,2024,10041,3358,-1118,12281,122.3,1.223085,290,28.881585,14,16,1,321,31.968927,false,,,,53.463,29.5275,22.8124,,41.349,75,municipality,idescat_etca;gencat_tourism_registry_t2h3-cgys,,2026-08-21T21:48:17Z,0.2.0,,IEET municipal not used; score is the documented base formula.,complete,41.349,41.349,100,,official,default,true
171426,Quart,20,Gironès,2024,4099,166,-803,3462,84.5,0.844596,7,1.707734,0,5,0,12,2.927543,false,,,,0,1.7459,1.8791,,0.8123,75,municipality,idescat_etca;gencat_tourism_registry_t2h3-cgys,,2026-08-21T21:48:17Z,0.2.0,,IEET municipal not used; score is the documented base formula.,complete,0.8123,0.8123,100,,official,default,true
171432,Rabós,02,Alt Empordà,2024,,,,,,,19,80.508475,0,2,0,21,88.983051,false,,,,,82.309,63.9086,,,0,missing,idescat_etca;gencat_tourism_registry_t2h3-cgys,,2026-08-21T21:48:17Z,0.2.0,not_published,ETCA is not published for every municipality.,engineering_pending,0,100,0,,official,default,false
171447,Regencós,10,Baix Empordà,2024,,,,,,,21,76.642336,3,1,0,25,91.240876,false,,,,,78.3564,65.5361,,,0,missing,idescat_etca;gencat_tourism_registry_t2h3-cgys,,2026-08-21T21:48:17Z,0.2.0,not_published,ETCA is not published for every municipality.,engineering_pending,0,100,0,,official,default,false
171450,Ribes de Freser,31,Ripollès,2024,1846,596,-243,2199,119.1,1.191224,76,41.170098,12,7,1,96,52.004334,false,,,,48.7639,42.0908,37.254,,44.7936,75,municipality,idescat_etca;gencat_tourism_registry_t2h3-cgys,,2026-08-21T21:48:17Z,0.2.0,,IEET municipal not used; score is the documented base formula.,complete,44.7936,44.7936,100,,official,default,true
171463,Riells i Viabrea,34,Selva,2024,4497,359,-747,4109,91.4,0.91372,16,3.557928,2,0,0,18,4.002668,false,,,,7.8357,3.6375,2.654,,5.7498,75,municipality,idescat_etca;gencat_tourism_registry_t2h3-cgys,,2026-08-21T21:48:17Z,0.2.0,,IEET municipal not used; score is the documented base formula.,complete,5.7498,5.7498,100,,official,default,true
171479,Ripoll,31,Ripollès,2024,10773,1228,-981,11020,102.3,1.022928,36,3.341688,4,15,2,57,5.291005,false,,,,23.9424,3.4164,3.5827,,14.739,75,municipality,idescat_etca;gencat_tourism_registry_t2h3-cgys,,2026-08-21T21:48:17Z,0.2.0,,IEET municipal not used; score is the documented base formula.,complete,14.739,14.739,100,,official,default,true
171485,Riudarenes,34,Selva,2024,2444,607,-278,2773,113.5,1.134615,23,9.410802,4,6,1,34,13.91162,false,,,,40.4149,9.6213,9.7965,,26.5928,75,municipality,idescat_etca;gencat_tourism_registry_t2h3-cgys,,2026-08-21T21:48:17Z,0.2.0,,IEET municipal not used; score is the documented base formula.,complete,26.5928,26.5928,100,,official,default,true
171498,Riudaura,19,Garrotxa,2024,,,,,,,7,13.307985,0,5,0,12,22.813688,false,,,,,13.6056,16.2132,,,0,missing,idescat_etca;gencat_tourism_registry_t2h3-cgys,,2026-08-21T21:48:17Z,0.2.0,not_published,ETCA is not published for every municipality.,engineering_pending,0,100,0,,official,default,false
171501,Riudellots de la Selva,34,Selva,2024,2128,2248,-353,4023,189.1,1.890508,3,1.409774,2,2,0,7,3.289474,false,,,,100,1.4413,2.14,,55.7883,75,municipality,idescat_etca;gencat_tourism_registry_t2h3-cgys,,2026-08-21T21:48:17Z,0.2.0,,IEET municipal not used; score is the documented base formula.,complete,55.7883,55.7883,100,,official,default,true
171518,Riumors,02,Alt Empordà,2024,,,,,,,11,42.635659,0,1,0,12,46.511628,false,,,,,43.5892,33.2949,,,0,missing,idescat_etca;gencat_tourism_registry_t2h3-cgys,,2026-08-21T21:48:17Z,0.2.0,not_published,ETCA is not published for every municipality.,engineering_pending,0,100,0,,official,default,false
171523,Roses,02,Alt Empordà,2024,20255,11423,-1967,29711,146.7,1.466848,5340,263.638608,45,2,4,5391,266.156505,false,,,,89.4148,100,100,,94.1781,75,municipality,idescat_etca;gencat_tourism_registry_t2h3-cgys,,2026-08-21T21:48:17Z,0.2.0,,IEET municipal not used; score is the documented base formula.,complete,94.1781,94.1781,100,,official,default,true
171539,Rupià,10,Baix Empordà,2024,,,,,,,25,77.399381,0,2,0,27,83.591331,false,,,,,79.1304,60.0222,,,0,missing,idescat_etca;gencat_tourism_registry_t2h3-cgys,,2026-08-21T21:48:17Z,0.2.0,not_published,ETCA is not published for every municipality.,engineering_pending,0,100,0,,official,default,false
171544,Sales de Llierca,19,Garrotxa,2024,,,,,,,8,48.780488,1,2,1,12,73.170732,false,,,,,49.8714,52.511,,,0,missing,idescat_etca;gencat_tourism_registry_t2h3-cgys,,2026-08-21T21:48:17Z,0.2.0,not_published,ETCA is not published for every municipality.,engineering_pending,0,100,0,,official,default,false
171557,Salt,20,Gironès,2024,33946,2632,-3640,32938,97,0.970306,5,0.147293,6,0,0,11,0.324044,false,,,,16.1813,0.1506,0.0024,,8.9378,75,municipality,idescat_etca;gencat_tourism_registry_t2h3-cgys,,2026-08-21T21:48:17Z,0.2.0,,IEET municipal not used; score is the documented base formula.,complete,8.9378,8.9378,100,,official,default,true
171576,Sant Andreu Salou,20,Gironès,2024,,,,,,,3,18.404908,0,3,0,6,36.809816,false,,,,,18.8165,26.3017,,,0,missing,idescat_etca;gencat_tourism_registry_t2h3-cgys,,2026-08-21T21:48:17Z,0.2.0,not_published,ETCA is not published for every municipality.,engineering_pending,0,100,0,,official,default,false
171582,Sant Climent Sescebes,02,Alt Empordà,2024,,,,,,,11,15.918958,1,3,0,15,21.70767,false,,,,,16.275,15.4159,,,0,missing,idescat_etca;gencat_tourism_registry_t2h3-cgys,,2026-08-21T21:48:17Z,0.2.0,not_published,ETCA is not published for every municipality.,engineering_pending,0,100,0,,official,default,false
171595,Sant Feliu de Buixalleu,34,Selva,2024,878,281,-141,1018,115.9,1.159453,14,15.94533,0,1,1,16,18.223235,false,,,,44.0781,16.3019,12.9043,,30.8993,75,municipality,idescat_etca;gencat_tourism_registry_t2h3-cgys,,2026-08-21T21:48:17Z,0.2.0,,IEET municipal not used; score is the documented base formula.,complete,30.8993,30.8993,100,,official,default,true
171609,Sant Feliu de Guíxols,10,Baix Empordà,2024,22934,4805,-2224,25515,111.3,1.11254,1053,45.914363,28,1,1,1083,47.222464,false,,,,37.1591,46.9412,33.8072,,38.9342,75,municipality,idescat_etca;gencat_tourism_registry_t2h3-cgys,,2026-08-21T21:48:17Z,0.2.0,,IEET municipal not used; score is the documented base formula.,complete,38.9342,38.9342,100,,official,default,true
171616,Sant Feliu de Pallerols,19,Garrotxa,2024,1670,113,-264,1519,91,0.909581,20,11.976048,4,16,1,41,24.550898,false,,,,7.2252,12.2439,17.4654,,10.5279,75,municipality,idescat_etca;gencat_tourism_registry_t2h3-cgys,,2026-08-21T21:48:17Z,0.2.0,,IEET municipal not used; score is the documented base formula.,complete,10.5279,10.5279,100,,official,default,true
171621,Sant Ferriol,19,Garrotxa,2024,,,,,,,10,40.322581,2,8,0,20,80.645161,false,,,,,41.2244,57.8986,,,0,missing,idescat_etca;gencat_tourism_registry_t2h3-cgys,,2026-08-21T21:48:17Z,0.2.0,not_published,ETCA is not published for every municipality.,engineering_pending,0,100,0,,official,default,false
171637,Sant Gregori,20,Gironès,2024,4244,876,-674,4446,104.8,1.047597,18,4.241282,0,14,1,33,7.775683,false,,,,27.5807,4.3361,5.3737,,17.3282,75,municipality,idescat_etca;gencat_tourism_registry_t2h3-cgys,,2026-08-21T21:48:17Z,0.2.0,,IEET municipal not used; score is the documented base formula.,complete,17.3282,17.3282,100,,official,default,true
171642,Sant Hilari Sacalm,34,Selva,2024,5969,432,-671,5730,96,0.95996,52,8.711677,7,8,1,68,11.392193,false,,,,14.6554,8.9065,7.9805,,11.8832,75,municipality,idescat_etca;gencat_tourism_registry_t2h3-cgys,,2026-08-21T21:48:17Z,0.2.0,,IEET municipal not used; score is the documented base formula.,complete,11.8832,11.8832,100,,official,default,true
171655,Sant Jaume de Llierca,19,Garrotxa,2024,851,566,-141,1276,149.9,1.499412,12,14.101058,0,0,0,12,14.101058,false,,,,94.2177,14.4164,9.933,,57.4104,75,municipality,idescat_etca;gencat_tourism_registry_t2h3-cgys,,2026-08-21T21:48:17Z,0.2.0,,IEET municipal not used; score is the documented base formula.,complete,57.4104,57.4104,100,,official,default,true
171668,Sant Jordi Desvalls,20,Gironès,2024,,,,,,,17,19.296254,0,2,0,19,21.566402,false,,,,,19.7278,15.3141,,,0,missing,idescat_etca;gencat_tourism_registry_t2h3-cgys,,2026-08-21T21:48:17Z,0.2.0,not_published,ETCA is not published for every municipality.,engineering_pending,0,100,0,,official,default,false
171674,Sant Joan de les Abadesses,31,Ripollès,2024,3373,419,-388,3404,100.9,1.009191,79,23.421287,3,25,1,108,32.018974,false,,,,21.9164,23.9451,22.8484,,22.61,75,municipality,idescat_etca;gencat_tourism_registry_t2h3-cgys,,2026-08-21T21:48:17Z,0.2.0,,IEET municipal not used; score is the documented base formula.,complete,22.61,22.61,100,,official,default,true
171680,Sant Joan de Mollet,20,Gironès,2024,,,,,,,1,1.865672,0,0,0,1,1.865672,false,,,,,1.9074,1.1137,,,0,missing,idescat_etca;gencat_tourism_registry_t2h3-cgys,,2026-08-21T21:48:17Z,0.2.0,not_published,ETCA is not published for every municipality.,engineering_pending,0,100,0,,official,default,false
171693,Sant Julià de Ramis,20,Gironès,2024,3639,240,-703,3176,87.3,0.872767,15,4.122012,4,0,0,19,5.221215,false,,,,1.7957,4.2142,3.5324,,2.7477,75,municipality,idescat_etca;gencat_tourism_registry_t2h3-cgys,,2026-08-21T21:48:17Z,0.2.0,,IEET municipal not used; score is the documented base formula.,complete,2.7477,2.7477,100,,official,default,true
171707,Vallfogona de Ripollès,31,Ripollès,2024,,,,,,,2,8.96861,0,9,1,12,53.811659,false,,,,,9.1692,38.5568,,,0,missing,idescat_etca;gencat_tourism_registry_t2h3-cgys,,2026-08-21T21:48:17Z,0.2.0,not_published,ETCA is not published for every municipality.,engineering_pending,0,100,0,,official,default,false
171714,Sant Llorenç de la Muga,02,Alt Empordà,2024,,,,,,,12,48.582996,2,5,1,20,80.97166,false,,,,,49.6695,58.1339,,,0,missing,idescat_etca;gencat_tourism_registry_t2h3-cgys,,2026-08-21T21:48:17Z,0.2.0,not_published,ETCA is not published for every municipality.,engineering_pending,0,100,0,,official,default,false
171729,Sant Martí de Llémena,20,Gironès,2024,,,,,,,8,11.004127,0,11,0,19,26.134801,false,,,,,11.2502,18.6071,,,0,missing,idescat_etca;gencat_tourism_registry_t2h3-cgys,,2026-08-21T21:48:17Z,0.2.0,not_published,ETCA is not published for every municipality.,engineering_pending,0,100,0,,official,default,false
171735,Sant Martí Vell,20,Gironès,2024,,,,,,,10,37.037037,1,5,0,16,59.259259,false,,,,,37.8653,42.4835,,,0,missing,idescat_etca;gencat_tourism_registry_t2h3-cgys,,2026-08-21T21:48:17Z,0.2.0,not_published,ETCA is not published for every municipality.,engineering_pending,0,100,0,,official,default,false
171740,Sant Miquel de Campmajor,28,Pla de l'Estany,2024,,,,,,,3,11.673152,0,4,1,8,31.128405,false,,,,,11.9342,22.2065,,,0,missing,idescat_etca;gencat_tourism_registry_t2h3-cgys,,2026-08-21T21:48:17Z,0.2.0,not_published,ETCA is not published for every municipality.,engineering_pending,0,100,0,,official,default,false
171753,Sant Miquel de Fluvià,02,Alt Empordà,2024,,,,,,,19,22.144522,0,0,0,19,22.144522,false,,,,,22.6398,15.7308,,,0,missing,idescat_etca;gencat_tourism_registry_t2h3-cgys,,2026-08-21T21:48:17Z,0.2.0,not_published,ETCA is not published for every municipality.,engineering_pending,0,100,0,,official,default,false
171766,Sant Mori,02,Alt Empordà,2024,,,,,,,18,107.784431,0,2,0,20,119.760479,false,,,,,100,86.0933,,,0,missing,idescat_etca;gencat_tourism_registry_t2h3-cgys,,2026-08-21T21:48:17Z,0.2.0,not_published,ETCA is not published for every municipality.,engineering_pending,0,100,0,,official,default,false
171772,Sant Pau de Segúries,31,Ripollès,2024,,,,,,,16,22.253129,3,6,1,26,36.161335,false,,,,,22.7508,25.8343,,,0,missing,idescat_etca;gencat_tourism_registry_t2h3-cgys,,2026-08-21T21:48:17Z,0.2.0,not_published,ETCA is not published for every municipality.,engineering_pending,0,100,0,,official,default,false
171788,Sant Pere Pescador,02,Alt Empordà,2024,2207,3242,-304,5145,233.1,2.331219,184,83.371092,5,5,7,201,91.073856,false,,,,100,85.2356,65.4157,,89.392,75,municipality,idescat_etca;gencat_tourism_registry_t2h3-cgys,,2026-08-21T21:48:17Z,0.2.0,,IEET municipal not used; score is the documented base formula.,complete,89.392,89.392,100,,official,default,true
171805,Santa Coloma de Farners,34,Selva,2024,13874,857,-1497,13234,95.4,0.953871,19,1.369468,7,7,0,33,2.37855,false,,,,13.7574,1.4001,1.4834,,8.2133,75,municipality,idescat_etca;gencat_tourism_registry_t2h3-cgys,,2026-08-21T21:48:17Z,0.2.0,,IEET municipal not used; score is the documented base formula.,complete,8.2133,8.2133,100,,official,default,true
171812,Santa Cristina d'Aro,10,Baix Empordà,2024,5833,2219,-952,7101,121.7,1.217384,392,67.20384,5,6,2,405,69.432539,false,,,,52.6221,68.7068,49.8164,,56.0821,75,municipality,idescat_etca;gencat_tourism_registry_t2h3-cgys,,2026-08-21T21:48:17Z,0.2.0,,IEET municipal not used; score is the documented base formula.,complete,56.0821,56.0821,100,,official,default,true
171827,Santa Llogaia d'Àlguema,02,Alt Empordà,2024,,,,,,,0,0,0,0,0,0,0,false,,,,,0,0,,,0,missing,idescat_etca;gencat_tourism_registry_t2h3-cgys,,2026-08-21T21:48:17Z,0.2.0,not_published,ETCA is not published for every municipality.,engineering_pending,0,100,0,,official,default,false
171833,Sant Aniol de Finestres,19,Garrotxa,2024,,,,,,,13,34.120735,3,2,0,18,47.244094,false,,,,,34.8838,33.8228,,,0,missing,idescat_etca;gencat_tourism_registry_t2h3-cgys,,2026-08-21T21:48:17Z,0.2.0,not_published,ETCA is not published for every municipality.,engineering_pending,0,100,0,,official,default,false
171848,Santa Pau,19,Garrotxa,2024,1610,295,-276,1629,101.2,1.011801,34,21.118012,5,11,3,53,32.919255,false,,,,22.3014,21.5903,23.4974,,22.3628,75,municipality,idescat_etca;gencat_tourism_registry_t2h3-cgys,,2026-08-21T21:48:17Z,0.2.0,,IEET municipal not used; score is the documented base formula.,complete,22.3628,22.3628,100,,official,default,true
171851,Sant Joan les Fonts,19,Garrotxa,2024,3103,868,-515,3456,111.4,1.113761,17,5.478569,1,8,0,26,8.378988,false,,,,37.3391,5.6011,5.8085,,23.0985,75,municipality,idescat_etca;gencat_tourism_registry_t2h3-cgys,,2026-08-21T21:48:17Z,0.2.0,,IEET municipal not used; score is the documented base formula.,complete,23.0985,23.0985,100,,official,default,true
171864,Sarrià de Ter,20,Gironès,2024,5378,464,-873,4969,92.4,0.923949,1,0.185943,2,0,0,3,0.557828,false,,,,9.3444,0.1901,0.171,,5.2211,75,municipality,idescat_etca;gencat_tourism_registry_t2h3-cgys,,2026-08-21T21:48:17Z,0.2.0,,IEET municipal not used; score is the documented base formula.,complete,5.2211,5.2211,100,,official,default,true
171870,"Saus, Camallera i Llampaies",02,Alt Empordà,2024,908,209,-116,1001,110.2,1.102423,45,49.559471,2,7,0,54,59.471366,false,,,,35.6669,50.6678,42.6363,,40.811,75,municipality,idescat_etca;gencat_tourism_registry_t2h3-cgys,,2026-08-21T21:48:17Z,0.2.0,,IEET municipal not used; score is the documented base formula.,complete,40.811,40.811,100,,official,default,true
171886,la Selva de Mar,02,Alt Empordà,2024,,,,,,,40,179.372197,1,0,0,41,183.856502,false,,,,,100,100,,,0,missing,idescat_etca;gencat_tourism_registry_t2h3-cgys,,2026-08-21T21:48:17Z,0.2.0,not_published,ETCA is not published for every municipality.,engineering_pending,0,100,0,,official,default,false
171899,la Cellera de Ter,34,Selva,2024,2013,207,-297,1923,95.5,0.955291,9,4.470939,1,1,0,11,5.464481,false,,,,13.9668,4.5709,3.7077,,9.566,75,municipality,idescat_etca;gencat_tourism_registry_t2h3-cgys,,2026-08-21T21:48:17Z,0.2.0,,IEET municipal not used; score is the documented base formula.,complete,9.566,9.566,100,,official,default,true
171903,Serinyà,28,Pla de l'Estany,2024,1196,107,-197,1105,92.4,0.923913,9,7.525084,2,7,0,18,15.050167,false,,,,9.339,7.6934,10.6172,,9.1832,75,municipality,idescat_etca;gencat_tourism_registry_t2h3-cgys,,2026-08-21T21:48:17Z,0.2.0,,IEET municipal not used; score is the documented base formula.,complete,9.1832,9.1832,100,,official,default,true
171910,Serra de Daró,10,Baix Empordà,2024,,,,,,,13,53.941909,0,6,0,19,78.838174,false,,,,,55.1483,56.5961,,,0,missing,idescat_etca;gencat_tourism_registry_t2h3-cgys,,2026-08-21T21:48:17Z,0.2.0,not_published,ETCA is not published for every municipality.,engineering_pending,0,100,0,,official,default,false
171925,Setcases,31,Ripollès,2024,,,,,,,43,219.387755,9,1,0,53,270.408163,false,,,,,100,100,,,0,missing,idescat_etca;gencat_tourism_registry_t2h3-cgys,,2026-08-21T21:48:17Z,0.2.0,not_published,ETCA is not published for every municipality.,engineering_pending,0,100,0,,official,default,false
171931,Sils,34,Selva,2024,6706,847,-930,6624,98.8,0.987772,69,10.289293,1,2,0,72,10.736654,false,,,,18.7574,10.5194,7.5079,,14.448,75,municipality,idescat_etca;gencat_tourism_registry_t2h3-cgys,,2026-08-21T21:48:17Z,0.2.0,,IEET municipal not used; score is the documented base formula.,complete,14.448,14.448,100,,official,default,true
171946,Susqueda,34,Selva,2024,,,,,,,8,77.669903,3,2,0,13,126.213592,false,,,,,79.4069,90.7447,,,0,missing,idescat_etca;gencat_tourism_registry_t2h3-cgys,,2026-08-21T21:48:17Z,0.2.0,not_published,ETCA is not published for every municipality.,engineering_pending,0,100,0,,official,default,false
171959,la Tallada d'Empordà,10,Baix Empordà,2024,,,,,,,26,53.608247,0,0,0,26,53.608247,false,,,,,54.8072,38.4102,,,0,missing,idescat_etca;gencat_tourism_registry_t2h3-cgys,,2026-08-21T21:48:17Z,0.2.0,not_published,ETCA is not published for every municipality.,engineering_pending,0,100,0,,official,default,false
171962,Terrades,02,Alt Empordà,2024,,,,,,,10,29.673591,2,2,0,14,41.543027,false,,,,,30.3372,29.7134,,,0,missing,idescat_etca;gencat_tourism_registry_t2h3-cgys,,2026-08-21T21:48:17Z,0.2.0,not_published,ETCA is not published for every municipality.,engineering_pending,0,100,0,,official,default,false
171978,Torrent,10,Baix Empordà,2024,,,,,,,10,55.248619,1,0,0,11,60.773481,false,,,,,56.4842,43.5749,,,0,missing,idescat_etca;gencat_tourism_registry_t2h3-cgys,,2026-08-21T21:48:17Z,0.2.0,not_published,ETCA is not published for every municipality.,engineering_pending,0,100,0,,official,default,false
171984,Torroella de Fluvià,02,Alt Empordà,2024,,,,,,,41,52.971576,1,7,0,49,63.307494,false,,,,,54.1562,45.4015,,,0,missing,idescat_etca;gencat_tourism_registry_t2h3-cgys,,2026-08-21T21:48:17Z,0.2.0,not_published,ETCA is not published for every municipality.,engineering_pending,0,100,0,,official,default,false
171997,Torroella de Montgrí,10,Baix Empordà,2024,12421,9870,-1177,21114,170,1.699863,2638,212.382256,23,9,10,2680,215.763626,false,,,,100,100,100,,100,75,municipality,idescat_etca;gencat_tourism_registry_t2h3-cgys,,2026-08-21T21:48:17Z,0.2.0,,IEET municipal not used; score is the documented base formula.,complete,100,100,100,,official,default,true
172001,Tortellà,19,Garrotxa,2024,,,,,,,9,10.613208,1,4,0,14,16.509434,false,,,,,10.8506,11.669,,,0,missing,idescat_etca;gencat_tourism_registry_t2h3-cgys,,2026-08-21T21:48:17Z,0.2.0,not_published,ETCA is not published for every municipality.,engineering_pending,0,100,0,,official,default,false
172018,Toses,31,Ripollès,2024,,,,,,,20,101.010101,1,6,0,27,136.363636,false,,,,,100,98.061,,,0,missing,idescat_etca;gencat_tourism_registry_t2h3-cgys,,2026-08-21T21:48:17Z,0.2.0,not_published,ETCA is not published for every municipality.,engineering_pending,0,100,0,,official,default,false
172023,Tossa de Mar,34,Selva,2024,6241,7420,-561,13100,209.9,2.099023,1475,236.34033,62,0,5,1542,247.075789,false,,,,100,100,100,,100,75,municipality,idescat_etca;gencat_tourism_registry_t2h3-cgys,,2026-08-21T21:48:17Z,0.2.0,,IEET municipal not used; score is the documented base formula.,complete,100,100,100,,official,default,true
172039,Ultramort,10,Baix Empordà,2024,,,,,,,14,64.220183,0,1,1,16,73.394495,false,,,,,65.6564,52.6723,,,0,missing,idescat_etca;gencat_tourism_registry_t2h3-cgys,,2026-08-21T21:48:17Z,0.2.0,not_published,ETCA is not published for every municipality.,engineering_pending,0,100,0,,official,default,false
172044,Ullà,10,Baix Empordà,2024,1221,122,-169,1174,96.2,0.961507,21,17.199017,0,1,0,22,18.018018,false,,,,14.8836,17.5837,12.7564,,15.1332,75,municipality,idescat_etca;gencat_tourism_registry_t2h3-cgys,,2026-08-21T21:48:17Z,0.2.0,,IEET municipal not used; score is the documented base formula.,complete,15.1332,15.1332,100,,official,default,true
172057,Ullastret,10,Baix Empordà,2024,,,,,,,18,71.428571,1,3,0,22,87.301587,false,,,,,73.026,62.6966,,,0,missing,idescat_etca;gencat_tourism_registry_t2h3-cgys,,2026-08-21T21:48:17Z,0.2.0,not_published,ETCA is not published for every municipality.,engineering_pending,0,100,0,,official,default,false
172060,Urús,15,Cerdanya,2024,,,,,,,46,228.855721,0,3,0,49,243.781095,false,,,,,100,100,,,0,missing,idescat_etca;gencat_tourism_registry_t2h3-cgys,,2026-08-21T21:48:17Z,0.2.0,not_published,ETCA is not published for every municipality.,engineering_pending,0,100,0,,official,default,false
172076,la Vall d'en Bas,19,Garrotxa,2024,3221,307,-538,2990,92.8,0.928283,54,16.76498,3,19,0,76,23.595157,false,,,,9.9836,17.1399,16.7765,,13.1313,75,municipality,idescat_etca;gencat_tourism_registry_t2h3-cgys,,2026-08-21T21:48:17Z,0.2.0,,IEET municipal not used; score is the documented base formula.,complete,13.1313,13.1313,100,,official,default,true
172082,la Vall de Bianya,19,Garrotxa,2024,1347,416,-257,1507,111.9,1.118782,18,13.363029,1,36,2,57,42.316258,false,,,,38.0797,13.6619,30.2708,,30.4135,75,municipality,idescat_etca;gencat_tourism_registry_t2h3-cgys,,2026-08-21T21:48:17Z,0.2.0,,IEET municipal not used; score is the documented base formula.,complete,30.4135,30.4135,100,,official,default,true
172095,Vall-llobrega,10,Baix Empordà,2024,912,347,-169,1090,119.5,1.195175,47,51.535088,1,2,1,51,55.921053,false,,,,49.3467,52.6876,40.0773,,48.328,75,municipality,idescat_etca;gencat_tourism_registry_t2h3-cgys,,2026-08-21T21:48:17Z,0.2.0,,IEET municipal not used; score is the documented base formula.,complete,48.328,48.328,100,,official,default,true
172109,Ventalló,02,Alt Empordà,2024,,,,,,,55,59.652928,2,8,0,65,70.498915,false,,,,,60.987,50.5851,,,0,missing,idescat_etca;gencat_tourism_registry_t2h3-cgys,,2026-08-21T21:48:17Z,0.2.0,not_published,ETCA is not published for every municipality.,engineering_pending,0,100,0,,official,default,false
172116,Verges,10,Baix Empordà,2024,1180,208,-200,1187,100.6,1.005932,15,12.711864,1,2,0,18,15.254237,false,,,,21.4358,12.9962,10.7643,,17.1916,75,municipality,idescat_etca;gencat_tourism_registry_t2h3-cgys,,2026-08-21T21:48:17Z,0.2.0,,IEET municipal not used; score is the documented base formula.,complete,17.1916,17.1916,100,,official,default,true
172121,Vidrà,24,Osona,2024,,,,,,,4,23.952096,2,6,1,13,77.844311,false,,,,,24.4878,55.8797,,,0,missing,idescat_etca;gencat_tourism_registry_t2h3-cgys,,2026-08-21T21:48:17Z,0.2.0,not_published,ETCA is not published for every municipality.,engineering_pending,0,100,0,,official,default,false
172137,Vidreres,34,Selva,2024,8655,1103,-1072,8685,100.3,1.003466,297,34.315425,2,2,0,301,34.777585,false,,,,21.0721,35.0829,24.8369,,25.3278,75,municipality,idescat_etca;gencat_tourism_registry_t2h3-cgys,,2026-08-21T21:48:17Z,0.2.0,,IEET municipal not used; score is the documented base formula.,complete,25.3278,25.3278,100,,official,default,true
172142,Vilabertran,02,Alt Empordà,2024,,,,,,,3,3.118503,1,1,0,5,5.197505,false,,,,,3.1882,3.5153,,,0,missing,idescat_etca;gencat_tourism_registry_t2h3-cgys,,2026-08-21T21:48:17Z,0.2.0,not_published,ETCA is not published for every municipality.,engineering_pending,0,100,0,,official,default,false
172155,Vilablareix,20,Gironès,2024,3772,545,-659,3658,97,0.969777,5,1.325557,0,0,0,5,1.325557,false,,,,16.1034,1.3552,0.7243,,9.3405,75,municipality,idescat_etca;gencat_tourism_registry_t2h3-cgys,,2026-08-21T21:48:17Z,0.2.0,,IEET municipal not used; score is the documented base formula.,complete,9.3405,9.3405,100,,official,default,true
172168,Viladasens,20,Gironès,2024,,,,,,,4,19.512195,0,0,0,4,19.512195,false,,,,,19.9486,13.8334,,,0,missing,idescat_etca;gencat_tourism_registry_t2h3-cgys,,2026-08-21T21:48:17Z,0.2.0,not_published,ETCA is not published for every municipality.,engineering_pending,0,100,0,,official,default,false
172174,Viladamat,02,Alt Empordà,2024,,,,,,,14,28.056112,3,3,0,20,40.08016,false,,,,,28.6836,28.659,,,0,missing,idescat_etca;gencat_tourism_registry_t2h3-cgys,,2026-08-21T21:48:17Z,0.2.0,not_published,ETCA is not published for every municipality.,engineering_pending,0,100,0,,official,default,false
172180,Vilademuls,28,Pla de l'Estany,2024,,,,,,,38,42.316258,3,31,0,72,80.178174,false,,,,,43.2626,57.562,,,0,missing,idescat_etca;gencat_tourism_registry_t2h3-cgys,,2026-08-21T21:48:17Z,0.2.0,not_published,ETCA is not published for every municipality.,engineering_pending,0,100,0,,official,default,false
172207,Viladrau,24,Osona,2024,1175,549,-162,1562,132.9,1.329362,24,20.425532,6,4,0,34,28.93617,false,,,,69.1374,20.8823,20.6263,,47.3714,75,municipality,idescat_etca;gencat_tourism_registry_t2h3-cgys,,2026-08-21T21:48:17Z,0.2.0,,IEET municipal not used; score is the documented base formula.,complete,47.3714,47.3714,100,,official,default,true
172214,Vilafant,02,Alt Empordà,2024,5696,292,-826,5163,90.6,0.906426,10,1.755618,1,0,0,11,1.93118,false,,,,6.7598,1.7949,1.1609,,4.3988,75,municipality,idescat_etca;gencat_tourism_registry_t2h3-cgys,,2026-08-21T21:48:17Z,0.2.0,,IEET municipal not used; score is the documented base formula.,complete,4.3988,4.3988,100,,official,default,true
172229,Vilaür,02,Alt Empordà,2024,,,,,,,13,79.754601,0,2,0,15,92.02454,false,,,,,81.5383,66.101,,,0,missing,idescat_etca;gencat_tourism_registry_t2h3-cgys,,2026-08-21T21:48:17Z,0.2.0,not_published,ETCA is not published for every municipality.,engineering_pending,0,100,0,,official,default,false
172235,Vilajuïga,02,Alt Empordà,2024,1183,56,-192,1047,88.5,0.885038,11,9.298394,1,1,0,13,10.989011,false,,,,3.6055,9.5063,7.6898,,5.8976,75,municipality,idescat_etca;gencat_tourism_registry_t2h3-cgys,,2026-08-21T21:48:17Z,0.2.0,,IEET municipal not used; score is the documented base formula.,complete,5.8976,5.8976,100,,official,default,true
172240,Vilallonga de Ter,31,Ripollès,2024,,,,,,,54,136.363636,4,7,1,66,166.666667,false,,,,,100,100,,,0,missing,idescat_etca;gencat_tourism_registry_t2h3-cgys,,2026-08-21T21:48:17Z,0.2.0,not_published,ETCA is not published for every municipality.,engineering_pending,0,100,0,,official,default,false
172253,Vilamacolum,02,Alt Empordà,2024,,,,,,,9,22.44389,0,2,0,11,27.431421,false,,,,,22.9458,19.5417,,,0,missing,idescat_etca;gencat_tourism_registry_t2h3-cgys,,2026-08-21T21:48:17Z,0.2.0,not_published,ETCA is not published for every municipality.,engineering_pending,0,100,0,,official,default,false
172266,Vilamalla,02,Alt Empordà,2024,1220,599,-198,1621,132.9,1.328689,2,1.639344,0,0,0,2,1.639344,false,,,,69.0381,1.676,0.9505,,38.5801,75,municipality,idescat_etca;gencat_tourism_registry_t2h3-cgys,,2026-08-21T21:48:17Z,0.2.0,,IEET municipal not used; score is the documented base formula.,complete,38.5801,38.5801,100,,official,default,true
172272,Vilamaniscle,02,Alt Empordà,2024,,,,,,,9,48.648649,0,4,0,13,70.27027,false,,,,,49.7366,50.4203,,,0,missing,idescat_etca;gencat_tourism_registry_t2h3-cgys,,2026-08-21T21:48:17Z,0.2.0,not_published,ETCA is not published for every municipality.,engineering_pending,0,100,0,,official,default,false
172288,Vilanant,02,Alt Empordà,2024,,,,,,,10,24.691358,0,4,0,14,34.567901,false,,,,,25.2436,24.6857,,,0,missing,idescat_etca;gencat_tourism_registry_t2h3-cgys,,2026-08-21T21:48:17Z,0.2.0,not_published,ETCA is not published for every municipality.,engineering_pending,0,100,0,,official,default,false
172305,Vila-sacra,02,Alt Empordà,2024,,,,,,,2,2.275313,0,1,0,3,3.412969,false,,,,,2.3262,2.229,,,0,missing,idescat_etca;gencat_tourism_registry_t2h3-cgys,,2026-08-21T21:48:17Z,0.2.0,not_published,ETCA is not published for every municipality.,engineering_pending,0,100,0,,official,default,false
172327,Vilopriu,10,Baix Empordà,2024,,,,,,,28,127.272727,0,5,0,33,150,false,,,,,100,100,,,0,missing,idescat_etca;gencat_tourism_registry_t2h3-cgys,,2026-08-21T21:48:17Z,0.2.0,not_published,ETCA is not published for every municipality.,engineering_pending,0,100,0,,official,default,false
172333,Vilobí d'Onyar,34,Selva,2024,3304,483,-482,3305,100,1.000303,14,4.237288,1,8,0,23,6.961259,false,,,,20.6055,4.3321,4.7866,,13.3734,75,municipality,idescat_etca;gencat_tourism_registry_t2h3-cgys,,2026-08-21T21:48:17Z,0.2.0,,IEET municipal not used; score is the documented base formula.,complete,13.3734,13.3734,100,,official,default,true
172348,Biure,02,Alt Empordà,2024,,,,,,,5,22.026432,0,0,0,5,22.026432,false,,,,,22.519,15.6457,,,0,missing,idescat_etca;gencat_tourism_registry_t2h3-cgys,,2026-08-21T21:48:17Z,0.2.0,not_published,ETCA is not published for every municipality.,engineering_pending,0,100,0,,official,default,false
179011,"Cruïlles, Monells i Sant Sadurní de l'Heura",10,Baix Empordà,2024,1323,304,-239,1388,104.9,1.049131,69,52.154195,3,12,0,84,63.492063,false,,,,27.807,53.3206,45.5345,,37.7309,75,municipality,idescat_etca;gencat_tourism_registry_t2h3-cgys,,2026-08-21T21:48:17Z,0.2.0,,IEET municipal not used; score is the documented base formula.,complete,37.7309,37.7309,100,,official,default,true
179026,Forallac,10,Baix Empordà,2024,1761,366,-285,1842,104.6,1.045997,106,60.193072,7,11,0,124,70.414537,false,,,,27.3448,61.5392,50.5243,,40.5293,75,municipality,idescat_etca;gencat_tourism_registry_t2h3-cgys,,2026-08-21T21:48:17Z,0.2.0,,IEET municipal not used; score is the documented base formula.,complete,40.5293,40.5293,100,,official,default,true
179032,Sant Julià del Llor i Bonmatí,34,Selva,2024,1387,20,-291,1115,80.4,0.803893,8,5.767844,0,1,0,9,6.488825,false,,,,0,5.8968,4.4461,,2.3634,75,municipality,idescat_etca;gencat_tourism_registry_t2h3-cgys,,2026-08-21T21:48:17Z,0.2.0,,IEET municipal not used; score is the documented base formula.,complete,2.3634,2.3634,100,,official,default,true
250019,Abella de la Conca,25,Pallars Jussà,2024,,,,,,,6,37.037037,0,2,0,8,49.382716,false,,,,,37.8653,35.3644,,,0,missing,idescat_etca;gencat_tourism_registry_t2h3-cgys,,2026-08-21T21:48:17Z,0.2.0,not_published,ETCA is not published for every municipality.,engineering_pending,0,100,0,,official,default,false
250024,Àger,23,Noguera,2024,,,,,,,34,53.543307,3,13,1,51,80.314961,false,,,,,54.7408,57.6606,,,0,missing,idescat_etca;gencat_tourism_registry_t2h3-cgys,,2026-08-21T21:48:17Z,0.2.0,not_published,ETCA is not published for every municipality.,engineering_pending,0,100,0,,official,default,false
250030,Agramunt,38,Urgell,2024,5592,240,-606,5226,93.5,0.934549,12,2.145923,2,3,0,17,3.040057,false,,,,10.9077,2.1939,1.9602,,6.9398,75,municipality,idescat_etca;gencat_tourism_registry_t2h3-cgys,,2026-08-21T21:48:17Z,0.2.0,,IEET municipal not used; score is the documented base formula.,complete,6.9398,6.9398,100,,official,default,true
250045,els Alamús,33,Segrià,2024,,,,,,,1,1.194743,0,0,0,1,1.194743,false,,,,,1.2215,0.6301,,,0,missing,idescat_etca;gencat_tourism_registry_t2h3-cgys,,2026-08-21T21:48:17Z,0.2.0,not_published,ETCA is not published for every municipality.,engineering_pending,0,100,0,,official,default,false
250058,Alàs i Cerc,04,Alt Urgell,2024,,,,,,,8,25,1,1,0,10,31.25,false,,,,,25.5591,22.2941,,,0,missing,idescat_etca;gencat_tourism_registry_t2h3-cgys,,2026-08-21T21:48:17Z,0.2.0,not_published,ETCA is not published for every municipality.,engineering_pending,0,100,0,,official,default,false
250061,l'Albagés,18,Garrigues,2024,,,,,,,2,5.899705,0,0,0,2,5.899705,false,,,,,6.0316,4.0214,,,0,missing,idescat_etca;gencat_tourism_registry_t2h3-cgys,,2026-08-21T21:48:17Z,0.2.0,not_published,ETCA is not published for every municipality.,engineering_pending,0,100,0,,official,default,false
250077,Albatàrrec,33,Segrià,2024,2247,59,-357,1949,86.7,0.867379,1,0.445038,0,0,0,1,0.445038,false,,,,1.0009,0.455,0.0897,,0.6822,75,municipality,idescat_etca;gencat_tourism_registry_t2h3-cgys,,2026-08-21T21:48:17Z,0.2.0,,IEET municipal not used; score is the documented base formula.,complete,0.6822,0.6822,100,,official,default,true
250083,Albesa,23,Noguera,2024,1571,30,-178,1423,90.6,0.905792,1,0.636537,0,0,0,1,0.636537,false,,,,6.6665,0.6508,0.2277,,3.8748,75,municipality,idescat_etca;gencat_tourism_registry_t2h3-cgys,,2026-08-21T21:48:17Z,0.2.0,,IEET municipal not used; score is the documented base formula.,complete,3.8748,3.8748,100,,official,default,true
250096,l'Albi,18,Garrigues,2024,,,,,,,2,2.617801,0,0,0,2,2.617801,false,,,,,2.6763,1.6558,,,0,missing,idescat_etca;gencat_tourism_registry_t2h3-cgys,,2026-08-21T21:48:17Z,0.2.0,not_published,ETCA is not published for every municipality.,engineering_pending,0,100,0,,official,default,false
250100,Alcanó,33,Segrià,2024,,,,,,,0,0,0,0,0,0,0,false,,,,,0,0,,,0,missing,idescat_etca;gencat_tourism_registry_t2h3-cgys,,2026-08-21T21:48:17Z,0.2.0,not_published,ETCA is not published for every municipality.,engineering_pending,0,100,0,,official,default,false
250117,Alcarràs,33,Segrià,2024,10217,542,-1079,9681,94.8,0.947538,1,0.097876,2,1,0,4,0.391504,false,,,,12.8235,0.1001,0.0511,,7.0882,75,municipality,idescat_etca;gencat_tourism_registry_t2h3-cgys,,2026-08-21T21:48:17Z,0.2.0,,IEET municipal not used; score is the documented base formula.,complete,7.0882,7.0882,100,,official,default,true
250122,Alcoletge,33,Segrià,2024,3621,210,-571,3259,90,0.900028,2,0.552334,0,0,0,2,0.552334,false,,,,5.8162,0.5647,0.167,,3.3735,75,municipality,idescat_etca;gencat_tourism_registry_t2h3-cgys,,2026-08-21T21:48:17Z,0.2.0,,IEET municipal not used; score is the documented base formula.,complete,3.3735,3.3735,100,,official,default,true
250138,Alfarràs,33,Segrià,2024,2759,91,-404,2446,88.7,0.886553,2,0.7249,1,1,0,4,1.449801,false,,,,3.8289,0.7411,0.8139,,2.454,75,municipality,idescat_etca;gencat_tourism_registry_t2h3-cgys,,2026-08-21T21:48:17Z,0.2.0,,IEET municipal not used; score is the documented base formula.,complete,2.454,2.454,100,,official,default,true
250143,Alfés,33,Segrià,2024,,,,,,,0,0,0,0,0,0,0,false,,,,,0,0,,,0,missing,idescat_etca;gencat_tourism_registry_t2h3-cgys,,2026-08-21T21:48:17Z,0.2.0,not_published,ETCA is not published for every municipality.,engineering_pending,0,100,0,,official,default,false
250156,Algerri,23,Noguera,2024,,,,,,,2,4.716981,1,0,0,3,7.075472,false,,,,,4.8225,4.8689,,,0,missing,idescat_etca;gencat_tourism_registry_t2h3-cgys,,2026-08-21T21:48:17Z,0.2.0,not_published,ETCA is not published for every municipality.,engineering_pending,0,100,0,,official,default,false
250169,Alguaire,33,Segrià,2024,2992,207,-449,2751,91.9,0.919452,2,0.668449,1,0,0,3,1.002674,false,,,,8.6811,0.6834,0.4916,,5.0438,75,municipality,idescat_etca;gencat_tourism_registry_t2h3-cgys,,2026-08-21T21:48:17Z,0.2.0,,IEET municipal not used; score is the documented base formula.,complete,5.0438,5.0438,100,,official,default,true
250175,Alins,26,Pallars Sobirà,2024,,,,,,,33,122.222222,4,19,2,58,214.814815,false,,,,,100,100,,,0,missing,idescat_etca;gencat_tourism_registry_t2h3-cgys,,2026-08-21T21:48:17Z,0.2.0,not_published,ETCA is not published for every municipality.,engineering_pending,0,100,0,,official,default,false
250194,Almacelles,33,Segrià,2024,7031,268,-811,6488,92.3,0.922771,2,0.284455,0,0,0,2,0.284455,false,,,,9.1705,0.2908,0,,5.1165,75,municipality,idescat_etca;gencat_tourism_registry_t2h3-cgys,,2026-08-21T21:48:17Z,0.2.0,,IEET municipal not used; score is the documented base formula.,complete,5.1165,5.1165,100,,official,default,true
250208,Almatret,33,Segrià,2024,,,,,,,3,10.273973,0,2,0,5,17.123288,false,,,,,10.5037,12.1115,,,0,missing,idescat_etca;gencat_tourism_registry_t2h3-cgys,,2026-08-21T21:48:17Z,0.2.0,not_published,ETCA is not published for every municipality.,engineering_pending,0,100,0,,official,default,false
250215,Almenar,33,Segrià,2024,3321,170,-366,3125,94.1,0.940982,2,0.602228,0,2,0,4,1.204456,false,,,,11.8564,0.6157,0.6371,,6.8024,75,municipality,idescat_etca;gencat_tourism_registry_t2h3-cgys,,2026-08-21T21:48:17Z,0.2.0,,IEET municipal not used; score is the documented base formula.,complete,6.8024,6.8024,100,,official,default,true
250220,Alòs de Balaguer,23,Noguera,2024,,,,,,,6,51.282051,0,1,1,8,68.376068,false,,,,,52.4289,49.0549,,,0,missing,idescat_etca;gencat_tourism_registry_t2h3-cgys,,2026-08-21T21:48:17Z,0.2.0,not_published,ETCA is not published for every municipality.,engineering_pending,0,100,0,,official,default,false
250236,Alpicat,33,Segrià,2024,6466,86,-1228,5324,82.3,0.823384,3,0.463965,0,0,0,3,0.463965,false,,,,0,0.4743,0.1033,,0.1392,75,municipality,idescat_etca;gencat_tourism_registry_t2h3-cgys,,2026-08-21T21:48:17Z,0.2.0,,IEET municipal not used; score is the documented base formula.,complete,0.1392,0.1392,100,,official,default,true
250241,Alt Àneu,26,Pallars Sobirà,2024,,,,,,,96,210.526316,3,7,0,106,232.45614,false,,,,,100,100,,,0,missing,idescat_etca;gencat_tourism_registry_t2h3-cgys,,2026-08-21T21:48:17Z,0.2.0,not_published,ETCA is not published for every municipality.,engineering_pending,0,100,0,,official,default,false
250254,Naut Aran,39,Val d'Aran,2024,1896,2646,-270,4272,225.3,2.253165,1267,668.248945,48,5,1,1321,696.729958,false,,,,100,100,100,,100,75,municipality,idescat_etca;gencat_tourism_registry_t2h3-cgys,,2026-08-21T21:48:17Z,0.2.0,,IEET municipal not used; score is the documented base formula.,complete,100,100,100,,official,default,true
250273,Anglesola,38,Urgell,2024,1370,181,-183,1368,99.9,0.99854,1,0.729927,0,0,0,1,0.729927,false,,,,20.3455,0.7463,0.295,,11.4356,75,municipality,idescat_etca;gencat_tourism_registry_t2h3-cgys,,2026-08-21T21:48:17Z,0.2.0,,IEET municipal not used; score is the documented base formula.,complete,11.4356,11.4356,100,,official,default,true
250292,Arbeca,18,Garrigues,2024,2085,80,-261,1904,91.3,0.913189,11,5.275779,1,0,0,12,5.755396,false,,,,7.7574,5.3938,3.9174,,6.3985,75,municipality,idescat_etca;gencat_tourism_registry_t2h3-cgys,,2026-08-21T21:48:17Z,0.2.0,,IEET municipal not used; score is the documented base formula.,complete,6.3985,6.3985,100,,official,default,true
250306,el Pont de Bar,04,Alt Urgell,2024,,,,,,,12,71.856287,2,7,1,22,131.736527,false,,,,,73.4633,94.7257,,,0,missing,idescat_etca;gencat_tourism_registry_t2h3-cgys,,2026-08-21T21:48:17Z,0.2.0,not_published,ETCA is not published for every municipality.,engineering_pending,0,100,0,,official,default,false
250313,Arres,39,Val d'Aran,2024,,,,,,,6,103.448276,0,1,1,8,137.931034,false,,,,,100,99.1908,,,0,missing,idescat_etca;gencat_tourism_registry_t2h3-cgys,,2026-08-21T21:48:17Z,0.2.0,not_published,ETCA is not published for every municipality.,engineering_pending,0,100,0,,official,default,false
250328,Arsèguel,04,Alt Urgell,2024,,,,,,,4,47.058824,1,4,0,9,105.882353,false,,,,,48.1113,76.0898,,,0,missing,idescat_etca;gencat_tourism_registry_t2h3-cgys,,2026-08-21T21:48:17Z,0.2.0,not_published,ETCA is not published for every municipality.,engineering_pending,0,100,0,,official,default,false
250334,Artesa de Lleida,33,Segrià,2024,1536,74,-236,1375,89.5,0.895182,1,0.651042,0,0,0,1,0.651042,false,,,,5.1016,0.6656,0.2381,,3.0199,75,municipality,idescat_etca;gencat_tourism_registry_t2h3-cgys,,2026-08-21T21:48:17Z,0.2.0,,IEET municipal not used; score is the documented base formula.,complete,3.0199,3.0199,100,,official,default,true
250349,Artesa de Segre,23,Noguera,2024,3519,156,-438,3237,92,0.919864,15,4.262575,1,6,0,22,6.251776,false,,,,8.7418,4.3579,4.2752,,6.7525,75,municipality,idescat_etca;gencat_tourism_registry_t2h3-cgys,,2026-08-21T21:48:17Z,0.2.0,,IEET municipal not used; score is the documented base formula.,complete,6.7525,6.7525,100,,official,default,true
250352,la Sentiu de Sió,23,Noguera,2024,,,,,,,1,2.232143,0,0,0,1,2.232143,false,,,,,2.2821,1.3778,,,0,missing,idescat_etca;gencat_tourism_registry_t2h3-cgys,,2026-08-21T21:48:17Z,0.2.0,not_published,ETCA is not published for every municipality.,engineering_pending,0,100,0,,official,default,false
250365,Aspa,33,Segrià,2024,,,,,,,1,4.310345,0,0,0,1,4.310345,false,,,,,4.4067,2.8758,,,0,missing,idescat_etca;gencat_tourism_registry_t2h3-cgys,,2026-08-21T21:48:17Z,0.2.0,not_published,ETCA is not published for every municipality.,engineering_pending,0,100,0,,official,default,false
250371,les Avellanes i Santa Linya,23,Noguera,2024,,,,,,,17,39.170507,2,3,0,22,50.691244,false,,,,,40.0465,36.3076,,,0,missing,idescat_etca;gencat_tourism_registry_t2h3-cgys,,2026-08-21T21:48:17Z,0.2.0,not_published,ETCA is not published for every municipality.,engineering_pending,0,100,0,,official,default,false
250387,Aitona,33,Segrià,2024,2575,105,-264,2416,93.8,0.938252,3,1.165049,0,1,0,4,1.553398,false,,,,11.4539,1.1911,0.8886,,6.7751,75,municipality,idescat_etca;gencat_tourism_registry_t2h3-cgys,,2026-08-21T21:48:17Z,0.2.0,,IEET municipal not used; score is the documented base formula.,complete,6.7751,6.7751,100,,official,default,true
250390,Baix Pallars,26,Pallars Sobirà,2024,,,,,,,18,51.428571,0,12,0,30,85.714286,false,,,,,52.5787,61.5525,,,0,missing,idescat_etca;gencat_tourism_registry_t2h3-cgys,,2026-08-21T21:48:17Z,0.2.0,not_published,ETCA is not published for every municipality.,engineering_pending,0,100,0,,official,default,false
250404,Balaguer,23,Noguera,2024,17597,638,-1513,16722,95,0.950276,31,1.761664,6,2,0,39,2.216287,false,,,,13.2272,1.8011,1.3664,,7.9985,75,municipality,idescat_etca;gencat_tourism_registry_t2h3-cgys,,2026-08-21T21:48:17Z,0.2.0,,IEET municipal not used; score is the documented base formula.,complete,7.9985,7.9985,100,,official,default,true
250411,Barbens,27,Pla d'Urgell,2024,,,,,,,0,0,0,1,0,1,1.098901,false,,,,,0,0.561,,,0,missing,idescat_etca;gencat_tourism_registry_t2h3-cgys,,2026-08-21T21:48:17Z,0.2.0,not_published,ETCA is not published for every municipality.,engineering_pending,0,100,0,,official,default,false
250426,la Baronia de Rialb,23,Noguera,2024,,,,,,,19,87.962963,1,5,0,25,115.740741,false,,,,,89.9302,83.1958,,,0,missing,idescat_etca;gencat_tourism_registry_t2h3-cgys,,2026-08-21T21:48:17Z,0.2.0,not_published,ETCA is not published for every municipality.,engineering_pending,0,100,0,,official,default,false
250432,la Vall de Boí,05,Alta Ribagorça,2024,1119,1087,-166,2040,182.3,1.823056,410,366.39857,27,51,2,490,437.890974,false,,,,100,100,100,,100,75,municipality,idescat_etca;gencat_tourism_registry_t2h3-cgys,,2026-08-21T21:48:17Z,0.2.0,,IEET municipal not used; score is the documented base formula.,complete,100,100,100,,official,default,true
250447,Bassella,04,Alt Urgell,2024,,,,,,,1,4.651163,1,9,1,12,55.813953,false,,,,,4.7552,40.0001,,,0,missing,idescat_etca;gencat_tourism_registry_t2h3-cgys,,2026-08-21T21:48:17Z,0.2.0,not_published,ETCA is not published for every municipality.,engineering_pending,0,100,0,,official,default,false
250450,Bausen,39,Val d'Aran,2024,,,,,,,3,48.387097,0,0,0,3,48.387097,false,,,,,49.4692,34.6467,,,0,missing,idescat_etca;gencat_tourism_registry_t2h3-cgys,,2026-08-21T21:48:17Z,0.2.0,not_published,ETCA is not published for every municipality.,engineering_pending,0,100,0,,official,default,false
250463,Belianes,38,Urgell,2024,,,,,,,1,1.953125,0,1,0,2,3.90625,false,,,,,1.9968,2.5845,,,0,missing,idescat_etca;gencat_tourism_registry_t2h3-cgys,,2026-08-21T21:48:17Z,0.2.0,not_published,ETCA is not published for every municipality.,engineering_pending,0,100,0,,official,default,false
250479,Bellcaire d'Urgell,23,Noguera,2024,1226,169,-179,1216,99.2,0.991843,5,4.078303,0,1,0,6,4.893964,false,,,,19.3579,4.1695,3.2965,,12.3485,75,municipality,idescat_etca;gencat_tourism_registry_t2h3-cgys,,2026-08-21T21:48:17Z,0.2.0,,IEET municipal not used; score is the documented base formula.,complete,12.3485,12.3485,100,,official,default,true
250485,Bell-lloc d'Urgell,27,Pla d'Urgell,2024,2347,139,-347,2139,91.1,0.911376,0,0,0,0,0,0,0,false,,,,7.49,0,0,,4.1195,75,municipality,idescat_etca;gencat_tourism_registry_t2h3-cgys,,2026-08-21T21:48:17Z,0.2.0,,IEET municipal not used; score is the documented base formula.,complete,4.1195,4.1195,100,,official,default,true
250498,Bellmunt d'Urgell,23,Noguera,2024,,,,,,,3,17.241379,0,0,0,3,17.241379,false,,,,,17.627,12.1966,,,0,missing,idescat_etca;gencat_tourism_registry_t2h3-cgys,,2026-08-21T21:48:17Z,0.2.0,not_published,ETCA is not published for every municipality.,engineering_pending,0,100,0,,official,default,false
250501,Bellpuig,38,Urgell,2024,5246,265,-540,4971,94.8,0.947579,6,1.143729,1,1,0,8,1.524971,false,,,,12.8295,1.1693,0.8681,,7.5222,75,municipality,idescat_etca;gencat_tourism_registry_t2h3-cgys,,2026-08-21T21:48:17Z,0.2.0,,IEET municipal not used; score is the documented base formula.,complete,7.5222,7.5222,100,,official,default,true
250518,Bellver de Cerdanya,15,Cerdanya,2024,2266,1004,-398,2872,126.7,1.267432,152,67.078553,10,8,1,171,75.463372,false,,,,60.0035,68.5787,54.1635,,60.9793,75,municipality,idescat_etca;gencat_tourism_registry_t2h3-cgys,,2026-08-21T21:48:17Z,0.2.0,,IEET municipal not used; score is the documented base formula.,complete,60.9793,60.9793,100,,official,default,true
250523,Bellvís,27,Pla d'Urgell,2024,2251,62,-305,2008,89.2,0.892048,1,0.444247,0,0,0,1,0.444247,false,,,,4.6393,0.4542,0.0891,,2.683,75,municipality,idescat_etca;gencat_tourism_registry_t2h3-cgys,,2026-08-21T21:48:17Z,0.2.0,,IEET municipal not used; score is the documented base formula.,complete,2.683,2.683,100,,official,default,true
250539,Benavent de Segrià,33,Segrià,2024,1571,49,-309,1312,83.5,0.835137,1,0.636537,0,0,0,1,0.636537,false,,,,0,0.6508,0.2277,,0.2082,75,municipality,idescat_etca;gencat_tourism_registry_t2h3-cgys,,2026-08-21T21:48:17Z,0.2.0,,IEET municipal not used; score is the documented base formula.,complete,0.2082,0.2082,100,,official,default,true
250557,Biosca,35,Solsonès,2024,,,,,,,5,27.027027,0,13,0,18,97.297297,false,,,,,27.6315,69.9016,,,0,missing,idescat_etca;gencat_tourism_registry_t2h3-cgys,,2026-08-21T21:48:17Z,0.2.0,not_published,ETCA is not published for every municipality.,engineering_pending,0,100,0,,official,default,false
250560,Bovera,18,Garrigues,2024,,,,,,,0,0,0,0,0,0,0,false,,,,,0,0,,,0,missing,idescat_etca;gencat_tourism_registry_t2h3-cgys,,2026-08-21T21:48:17Z,0.2.0,not_published,ETCA is not published for every municipality.,engineering_pending,0,100,0,,official,default,false
250576,Es Bòrdes,39,Val d'Aran,2024,,,,,,,27,96.085409,0,1,0,28,99.644128,false,,,,,98.2343,71.5932,,,0,missing,idescat_etca;gencat_tourism_registry_t2h3-cgys,,2026-08-21T21:48:17Z,0.2.0,not_published,ETCA is not published for every municipality.,engineering_pending,0,100,0,,official,default,false
250582,les Borges Blanques,18,Garrigues,2024,6340,547,-648,6239,98.4,0.984069,11,1.735016,1,2,0,14,2.208202,false,,,,18.2113,1.7738,1.3606,,10.7318,75,municipality,idescat_etca;gencat_tourism_registry_t2h3-cgys,,2026-08-21T21:48:17Z,0.2.0,,IEET municipal not used; score is the documented base formula.,complete,10.7318,10.7318,100,,official,default,true
250595,Bossòst,39,Val d'Aran,2024,1144,224,-286,1082,94.6,0.945804,37,32.342657,7,1,1,46,40.20979,false,,,,12.5677,33.066,28.7524,,20.9292,75,municipality,idescat_etca;gencat_tourism_registry_t2h3-cgys,,2026-08-21T21:48:17Z,0.2.0,,IEET municipal not used; score is the documented base formula.,complete,20.9292,20.9292,100,,official,default,true
250609,Cabanabona,23,Noguera,2024,,,,,,,1,14.285714,0,2,0,3,42.857143,false,,,,,14.6052,30.6607,,,0,missing,idescat_etca;gencat_tourism_registry_t2h3-cgys,,2026-08-21T21:48:17Z,0.2.0,not_published,ETCA is not published for every municipality.,engineering_pending,0,100,0,,official,default,false
250616,Cabó,04,Alt Urgell,2024,,,,,,,1,11.494253,0,1,0,2,22.988506,false,,,,,11.7513,16.3392,,,0,missing,idescat_etca;gencat_tourism_registry_t2h3-cgys,,2026-08-21T21:48:17Z,0.2.0,not_published,ETCA is not published for every municipality.,engineering_pending,0,100,0,,official,default,false
250621,Camarasa,23,Noguera,2024,818,280,-99,1000,122.2,1.222494,39,47.677262,1,4,2,46,56.234719,false,,,,53.3758,48.7435,40.3033,,49.6032,75,municipality,idescat_etca;gencat_tourism_registry_t2h3-cgys,,2026-08-21T21:48:17Z,0.2.0,,IEET municipal not used; score is the documented base formula.,complete,49.6032,49.6032,100,,official,default,true
250637,Canejan,39,Val d'Aran,2024,,,,,,,4,41.666667,0,0,0,4,41.666667,false,,,,,42.5985,29.8026,,,0,missing,idescat_etca;gencat_tourism_registry_t2h3-cgys,,2026-08-21T21:48:17Z,0.2.0,not_published,ETCA is not published for every municipality.,engineering_pending,0,100,0,,official,default,false
250642,Castellar de la Ribera,35,Solsonès,2024,,,,,,,1,7.633588,1,1,0,3,22.900763,false,,,,,7.8043,16.2759,,,0,missing,idescat_etca;gencat_tourism_registry_t2h3-cgys,,2026-08-21T21:48:17Z,0.2.0,not_published,ETCA is not published for every municipality.,engineering_pending,0,100,0,,official,default,false
250674,Castelldans,18,Garrigues,2024,,,,,,,1,1.04712,1,0,0,2,2.094241,false,,,,,1.0705,1.2784,,,0,missing,idescat_etca;gencat_tourism_registry_t2h3-cgys,,2026-08-21T21:48:17Z,0.2.0,not_published,ETCA is not published for every municipality.,engineering_pending,0,100,0,,official,default,false
250680,Castellnou de Seana,27,Pla d'Urgell,2024,,,,,,,0,0,0,2,0,2,2.728513,false,,,,,0,1.7356,,,0,missing,idescat_etca;gencat_tourism_registry_t2h3-cgys,,2026-08-21T21:48:17Z,0.2.0,not_published,ETCA is not published for every municipality.,engineering_pending,0,100,0,,official,default,false
250693,Castelló de Farfanya,23,Noguera,2024,,,,,,,2,3.649635,0,0,0,2,3.649635,false,,,,,3.7313,2.3996,,,0,missing,idescat_etca;gencat_tourism_registry_t2h3-cgys,,2026-08-21T21:48:17Z,0.2.0,not_published,ETCA is not published for every municipality.,engineering_pending,0,100,0,,official,default,false
250707,Castellserà,38,Urgell,2024,,,,,,,3,3.039514,0,1,0,4,4.052685,false,,,,,3.1075,2.6901,,,0,missing,idescat_etca;gencat_tourism_registry_t2h3-cgys,,2026-08-21T21:48:17Z,0.2.0,not_published,ETCA is not published for every municipality.,engineering_pending,0,100,0,,official,default,false
250714,Cava,04,Alt Urgell,2024,,,,,,,4,105.263158,1,3,0,8,210.526316,false,,,,,100,100,,,0,missing,idescat_etca;gencat_tourism_registry_t2h3-cgys,,2026-08-21T21:48:17Z,0.2.0,not_published,ETCA is not published for every municipality.,engineering_pending,0,100,0,,official,default,false
250729,Cervera,32,Segarra,2024,9553,667,-1206,9014,94.4,0.943578,7,0.732754,5,3,0,15,1.570187,false,,,,12.2393,0.7491,0.9007,,7.099,75,municipality,idescat_etca;gencat_tourism_registry_t2h3-cgys,,2026-08-21T21:48:17Z,0.2.0,,IEET municipal not used; score is the documented base formula.,complete,7.099,7.099,100,,official,default,true
250735,Cervià de les Garrigues,18,Garrigues,2024,,,,,,,7,10.989011,0,0,0,7,10.989011,false,,,,,11.2348,7.6898,,,0,missing,idescat_etca;gencat_tourism_registry_t2h3-cgys,,2026-08-21T21:48:17Z,0.2.0,not_published,ETCA is not published for every municipality.,engineering_pending,0,100,0,,official,default,false
250740,Ciutadilla,38,Urgell,2024,,,,,,,0,0,0,1,0,1,5.376344,false,,,,,0,3.6442,,,0,missing,idescat_etca;gencat_tourism_registry_t2h3-cgys,,2026-08-21T21:48:17Z,0.2.0,not_published,ETCA is not published for every municipality.,engineering_pending,0,100,0,,official,default,false
250753,Clariana de Cardener,35,Solsonès,2024,,,,,,,1,6.25,1,5,1,8,50,false,,,,,6.3898,35.8093,,,0,missing,idescat_etca;gencat_tourism_registry_t2h3-cgys,,2026-08-21T21:48:17Z,0.2.0,not_published,ETCA is not published for every municipality.,engineering_pending,0,100,0,,official,default,false
250766,el Cogul,18,Garrigues,2024,,,,,,,0,0,0,0,0,0,0,false,,,,,0,0,,,0,missing,idescat_etca;gencat_tourism_registry_t2h3-cgys,,2026-08-21T21:48:17Z,0.2.0,not_published,ETCA is not published for every municipality.,engineering_pending,0,100,0,,official,default,false
250772,Coll de Nargó,04,Alt Urgell,2024,,,,,,,26,44.444444,2,10,0,38,64.957265,false,,,,,45.4384,46.5906,,,0,missing,idescat_etca;gencat_tourism_registry_t2h3-cgys,,2026-08-21T21:48:17Z,0.2.0,not_published,ETCA is not published for every municipality.,engineering_pending,0,100,0,,official,default,false
250788,Corbins,33,Segrià,2024,1483,168,-220,1431,96.5,0.964936,2,1.348618,0,0,0,2,1.348618,false,,,,15.3894,1.3788,0.741,,8.9571,75,municipality,idescat_etca;gencat_tourism_registry_t2h3-cgys,,2026-08-21T21:48:17Z,0.2.0,,IEET municipal not used; score is the documented base formula.,complete,8.9571,8.9571,100,,official,default,true
250791,Cubells,23,Noguera,2024,,,,,,,7,19.774011,1,0,0,8,22.59887,false,,,,,20.2162,16.0583,,,0,missing,idescat_etca;gencat_tourism_registry_t2h3-cgys,,2026-08-21T21:48:17Z,0.2.0,not_published,ETCA is not published for every municipality.,engineering_pending,0,100,0,,official,default,false
250812,l'Espluga Calba,18,Garrigues,2024,,,,,,,2,6.17284,0,0,0,2,6.17284,false,,,,,6.3109,4.2183,,,0,missing,idescat_etca;gencat_tourism_registry_t2h3-cgys,,2026-08-21T21:48:17Z,0.2.0,not_published,ETCA is not published for every municipality.,engineering_pending,0,100,0,,official,default,false
250827,Espot,26,Pallars Sobirà,2024,,,,,,,83,220.159151,6,5,6,100,265.251989,false,,,,,100,100,,,0,missing,idescat_etca;gencat_tourism_registry_t2h3-cgys,,2026-08-21T21:48:17Z,0.2.0,not_published,ETCA is not published for every municipality.,engineering_pending,0,100,0,,official,default,false
250851,Estaràs,32,Segarra,2024,,,,,,,0,0,0,1,0,1,6.21118,false,,,,,0,4.2459,,,0,missing,idescat_etca;gencat_tourism_registry_t2h3-cgys,,2026-08-21T21:48:17Z,0.2.0,not_published,ETCA is not published for every municipality.,engineering_pending,0,100,0,,official,default,false
250864,Esterri d'Àneu,26,Pallars Sobirà,2024,920,509,-131,1299,141.2,1.411957,189,205.434783,9,1,1,200,217.391304,false,,,,81.3191,100,100,,89.7255,75,municipality,idescat_etca;gencat_tourism_registry_t2h3-cgys,,2026-08-21T21:48:17Z,0.2.0,,IEET municipal not used; score is the documented base formula.,complete,89.7255,89.7255,100,,official,default,true
250870,Esterri de Cardós,26,Pallars Sobirà,2024,,,,,,,3,47.619048,0,8,0,11,174.603175,false,,,,,48.684,100,,,0,missing,idescat_etca;gencat_tourism_registry_t2h3-cgys,,2026-08-21T21:48:17Z,0.2.0,not_published,ETCA is not published for every municipality.,engineering_pending,0,100,0,,official,default,false
250886,Estamariu,04,Alt Urgell,2024,,,,,,,1,7.462687,3,2,0,6,44.776119,false,,,,,7.6296,32.0439,,,0,missing,idescat_etca;gencat_tourism_registry_t2h3-cgys,,2026-08-21T21:48:17Z,0.2.0,not_published,ETCA is not published for every municipality.,engineering_pending,0,100,0,,official,default,false
250899,Farrera,26,Pallars Sobirà,2024,,,,,,,8,66.666667,1,2,0,11,91.666667,false,,,,,68.1576,65.843,,,0,missing,idescat_etca;gencat_tourism_registry_t2h3-cgys,,2026-08-21T21:48:17Z,0.2.0,not_published,ETCA is not published for every municipality.,engineering_pending,0,100,0,,official,default,false
250925,la Floresta,18,Garrigues,2024,,,,,,,0,0,0,0,0,0,0,false,,,,,0,0,,,0,missing,idescat_etca;gencat_tourism_registry_t2h3-cgys,,2026-08-21T21:48:17Z,0.2.0,not_published,ETCA is not published for every municipality.,engineering_pending,0,100,0,,official,default,false
250931,Fondarella,27,Pla d'Urgell,2024,,,,,,,0,0,1,0,0,1,1.207729,false,,,,,0,0.6394,,,0,missing,idescat_etca;gencat_tourism_registry_t2h3-cgys,,2026-08-21T21:48:17Z,0.2.0,not_published,ETCA is not published for every municipality.,engineering_pending,0,100,0,,official,default,false
250946,Foradada,23,Noguera,2024,,,,,,,13,67.010309,0,5,0,18,92.783505,false,,,,,68.5089,66.648,,,0,missing,idescat_etca;gencat_tourism_registry_t2h3-cgys,,2026-08-21T21:48:17Z,0.2.0,not_published,ETCA is not published for every municipality.,engineering_pending,0,100,0,,official,default,false
250962,la Fuliola,38,Urgell,2024,1249,43,-165,1127,90.2,0.902322,3,2.401922,0,0,0,3,2.401922,false,,,,6.1546,2.4556,1.5002,,4.299,75,municipality,idescat_etca;gencat_tourism_registry_t2h3-cgys,,2026-08-21T21:48:17Z,0.2.0,,IEET municipal not used; score is the documented base formula.,complete,4.299,4.299,100,,official,default,true
250978,Fulleda,18,Garrigues,2024,,,,,,,1,11.494253,0,0,0,1,11.494253,false,,,,,11.7513,8.054,,,0,missing,idescat_etca;gencat_tourism_registry_t2h3-cgys,,2026-08-21T21:48:17Z,0.2.0,not_published,ETCA is not published for every municipality.,engineering_pending,0,100,0,,official,default,false
250984,Gavet de la Conca,25,Pallars Jussà,2024,,,,,,,14,54.474708,0,9,0,23,89.494163,false,,,,,55.693,64.277,,,0,missing,idescat_etca;gencat_tourism_registry_t2h3-cgys,,2026-08-21T21:48:17Z,0.2.0,not_published,ETCA is not published for every municipality.,engineering_pending,0,100,0,,official,default,false
250997,Golmés,27,Pla d'Urgell,2024,1913,108,-315,1706,89.2,0.891793,2,1.045478,0,0,0,2,1.045478,false,,,,4.6017,1.0689,0.5225,,2.9027,75,municipality,idescat_etca;gencat_tourism_registry_t2h3-cgys,,2026-08-21T21:48:17Z,0.2.0,,IEET municipal not used; score is the documented base formula.,complete,2.9027,2.9027,100,,official,default,true
251001,Gósol,14,Berguedà,2024,,,,,,,14,67.63285,2,3,1,20,96.618357,false,,,,,69.1454,69.4122,,,0,missing,idescat_etca;gencat_tourism_registry_t2h3-cgys,,2026-08-21T21:48:17Z,0.2.0,not_published,ETCA is not published for every municipality.,engineering_pending,0,100,0,,official,default,false
251018,la Granadella,18,Garrigues,2024,,,,,,,4,5.326232,1,0,0,5,6.65779,false,,,,,5.4453,4.5679,,,0,missing,idescat_etca;gencat_tourism_registry_t2h3-cgys,,2026-08-21T21:48:17Z,0.2.0,not_published,ETCA is not published for every municipality.,engineering_pending,0,100,0,,official,default,false
251023,la Granja d'Escarp,33,Segrià,2024,,,,,,,0,0,0,2,0,2,2.012072,false,,,,,0,1.2192,,,0,missing,idescat_etca;gencat_tourism_registry_t2h3-cgys,,2026-08-21T21:48:17Z,0.2.0,not_published,ETCA is not published for every municipality.,engineering_pending,0,100,0,,official,default,false
251039,Granyanella,32,Segarra,2024,,,,,,,0,0,1,2,0,3,19.480519,false,,,,,0,13.8106,,,0,missing,idescat_etca;gencat_tourism_registry_t2h3-cgys,,2026-08-21T21:48:17Z,0.2.0,not_published,ETCA is not published for every municipality.,engineering_pending,0,100,0,,official,default,false
251044,Granyena de Segarra,32,Segarra,2024,,,,,,,2,13.422819,0,1,0,3,20.134228,false,,,,,13.723,14.2818,,,0,missing,idescat_etca;gencat_tourism_registry_t2h3-cgys,,2026-08-21T21:48:17Z,0.2.0,not_published,ETCA is not published for every municipality.,engineering_pending,0,100,0,,official,default,false
251057,Granyena de les Garrigues,18,Garrigues,2024,,,,,,,1,5.747126,2,0,0,3,17.241379,false,,,,,5.8757,12.1966,,,0,missing,idescat_etca;gencat_tourism_registry_t2h3-cgys,,2026-08-21T21:48:17Z,0.2.0,not_published,ETCA is not published for every municipality.,engineering_pending,0,100,0,,official,default,false
251095,Guimerà,38,Urgell,2024,,,,,,,6,23.715415,0,2,0,8,31.620553,false,,,,,24.2458,22.5612,,,0,missing,idescat_etca;gencat_tourism_registry_t2h3-cgys,,2026-08-21T21:48:17Z,0.2.0,not_published,ETCA is not published for every municipality.,engineering_pending,0,100,0,,official,default,false
251109,Guissona,32,Segarra,2024,7586,917,-612,7891,104,1.040206,0,0,1,1,0,2,0.263644,false,,,,26.4907,0,0,,14.5699,75,municipality,idescat_etca;gencat_tourism_registry_t2h3-cgys,,2026-08-21T21:48:17Z,0.2.0,,IEET municipal not used; score is the documented base formula.,complete,14.5699,14.5699,100,,official,default,true
251116,Guixers,35,Solsonès,2024,,,,,,,6,48,1,10,0,17,136,false,,,,,49.0735,97.7988,,,0,missing,idescat_etca;gencat_tourism_registry_t2h3-cgys,,2026-08-21T21:48:17Z,0.2.0,not_published,ETCA is not published for every municipality.,engineering_pending,0,100,0,,official,default,false
251121,Ivars de Noguera,23,Noguera,2024,,,,,,,3,9.433962,0,1,0,4,12.578616,false,,,,,9.6449,8.8356,,,0,missing,idescat_etca;gencat_tourism_registry_t2h3-cgys,,2026-08-21T21:48:17Z,0.2.0,not_published,ETCA is not published for every municipality.,engineering_pending,0,100,0,,official,default,false
251137,Ivars d'Urgell,27,Pla d'Urgell,2024,1591,85,-264,1412,88.7,0.887492,1,0.628536,1,5,0,7,4.399749,false,,,,3.9674,0.6426,2.9403,,2.9308,75,municipality,idescat_etca;gencat_tourism_registry_t2h3-cgys,,2026-08-21T21:48:17Z,0.2.0,,IEET municipal not used; score is the documented base formula.,complete,2.9308,2.9308,100,,official,default,true
251142,Ivorra,32,Segarra,2024,,,,,,,0,0,0,1,0,1,9.90099,false,,,,,0,6.9056,,,0,missing,idescat_etca;gencat_tourism_registry_t2h3-cgys,,2026-08-21T21:48:17Z,0.2.0,not_published,ETCA is not published for every municipality.,engineering_pending,0,100,0,,official,default,false
251155,Isona i Conca Dellà,25,Pallars Jussà,2024,1042,218,-124,1135,108.9,1.089251,22,21.113244,0,4,0,26,24.952015,false,,,,33.7243,21.5854,17.7545,,27.4956,75,municipality,idescat_etca;gencat_tourism_registry_t2h3-cgys,,2026-08-21T21:48:17Z,0.2.0,,IEET municipal not used; score is the documented base formula.,complete,27.4956,27.4956,100,,official,default,true
251180,Juncosa,18,Garrigues,2024,,,,,,,7,18.469657,0,0,0,7,18.469657,false,,,,,18.8827,13.082,,,0,missing,idescat_etca;gencat_tourism_registry_t2h3-cgys,,2026-08-21T21:48:17Z,0.2.0,not_published,ETCA is not published for every municipality.,engineering_pending,0,100,0,,official,default,false
251193,Juneda,18,Garrigues,2024,3523,163,-471,3215,91.3,0.912575,3,0.851547,0,1,0,4,1.135396,false,,,,7.6667,0.8706,0.5873,,4.5518,75,municipality,idescat_etca;gencat_tourism_registry_t2h3-cgys,,2026-08-21T21:48:17Z,0.2.0,,IEET municipal not used; score is the documented base formula.,complete,4.5518,4.5518,100,,official,default,true
251207,Lleida,33,Segrià,2024,144878,15906,-11553,149231,103,1.030046,90,0.621212,25,2,0,117,0.807576,false,,,,24.9922,0.6351,0.351,,13.9747,75,municipality,idescat_etca;gencat_tourism_registry_t2h3-cgys,,2026-08-21T21:48:17Z,0.2.0,,IEET municipal not used; score is the documented base formula.,complete,13.9747,13.9747,100,,official,default,true
251214,Les,39,Val d'Aran,2024,1031,204,-145,1090,105.7,1.057226,46,44.616877,6,0,1,53,51.406402,false,,,,29.0009,45.6147,36.8231,,34.7188,75,municipality,idescat_etca;gencat_tourism_registry_t2h3-cgys,,2026-08-21T21:48:17Z,0.2.0,,IEET municipal not used; score is the documented base formula.,complete,34.7188,34.7188,100,,official,default,true
251229,Linyola,27,Pla d'Urgell,2024,2737,43,-361,2420,88.4,0.88418,3,1.096091,1,1,0,5,1.826818,false,,,,3.4789,1.1206,1.0857,,2.4107,75,municipality,idescat_etca;gencat_tourism_registry_t2h3-cgys,,2026-08-21T21:48:17Z,0.2.0,,IEET municipal not used; score is the documented base formula.,complete,2.4107,2.4107,100,,official,default,true
251235,Lladorre,26,Pallars Sobirà,2024,,,,,,,3,12.195122,3,9,2,17,69.105691,false,,,,,12.4679,49.5809,,,0,missing,idescat_etca;gencat_tourism_registry_t2h3-cgys,,2026-08-21T21:48:17Z,0.2.0,not_published,ETCA is not published for every municipality.,engineering_pending,0,100,0,,official,default,false
251240,Lladurs,35,Solsonès,2024,,,,,,,2,10.752688,3,28,0,33,177.419355,false,,,,,10.9932,100,,,0,missing,idescat_etca;gencat_tourism_registry_t2h3-cgys,,2026-08-21T21:48:17Z,0.2.0,not_published,ETCA is not published for every municipality.,engineering_pending,0,100,0,,official,default,false
251253,Llardecans,33,Segrià,2024,,,,,,,1,2.252252,0,1,0,2,4.504505,false,,,,,2.3026,3.0158,,,0,missing,idescat_etca;gencat_tourism_registry_t2h3-cgys,,2026-08-21T21:48:17Z,0.2.0,not_published,ETCA is not published for every municipality.,engineering_pending,0,100,0,,official,default,false
251266,Llavorsí,26,Pallars Sobirà,2024,,,,,,,45,131.195335,4,0,2,51,148.688047,false,,,,,100,100,,,0,missing,idescat_etca;gencat_tourism_registry_t2h3-cgys,,2026-08-21T21:48:17Z,0.2.0,not_published,ETCA is not published for every municipality.,engineering_pending,0,100,0,,official,default,false
251272,Lles de Cerdanya,15,Cerdanya,2024,,,,,,,8,27.210884,5,12,1,26,88.435374,false,,,,,27.8194,63.5139,,,0,missing,idescat_etca;gencat_tourism_registry_t2h3-cgys,,2026-08-21T21:48:17Z,0.2.0,not_published,ETCA is not published for every municipality.,engineering_pending,0,100,0,,official,default,false
251288,Llimiana,25,Pallars Jussà,2024,,,,,,,5,38.461538,1,1,0,7,53.846154,false,,,,,39.3217,38.5816,,,0,missing,idescat_etca;gencat_tourism_registry_t2h3-cgys,,2026-08-21T21:48:17Z,0.2.0,not_published,ETCA is not published for every municipality.,engineering_pending,0,100,0,,official,default,false
251291,Llobera,35,Solsonès,2024,,,,,,,0,0,0,4,0,4,19.900498,false,,,,,0,14.1133,,,0,missing,idescat_etca;gencat_tourism_registry_t2h3-cgys,,2026-08-21T21:48:17Z,0.2.0,not_published,ETCA is not published for every municipality.,engineering_pending,0,100,0,,official,default,false
251305,Maldà,38,Urgell,2024,,,,,,,4,16.666667,0,2,0,6,25,false,,,,,17.0394,17.7891,,,0,missing,idescat_etca;gencat_tourism_registry_t2h3-cgys,,2026-08-21T21:48:17Z,0.2.0,not_published,ETCA is not published for every municipality.,engineering_pending,0,100,0,,official,default,false
251312,Massalcoreig,33,Segrià,2024,,,,,,,0,0,0,0,0,0,0,false,,,,,0,0,,,0,missing,idescat_etca;gencat_tourism_registry_t2h3-cgys,,2026-08-21T21:48:17Z,0.2.0,not_published,ETCA is not published for every municipality.,engineering_pending,0,100,0,,official,default,false
251327,Massoteres,32,Segarra,2024,,,,,,,2,8.849558,1,4,0,7,30.973451,false,,,,,9.0475,22.0948,,,0,missing,idescat_etca;gencat_tourism_registry_t2h3-cgys,,2026-08-21T21:48:17Z,0.2.0,not_published,ETCA is not published for every municipality.,engineering_pending,0,100,0,,official,default,false
251333,Maials,33,Segrià,2024,,,,,,,0,0,0,3,0,3,3.174603,false,,,,,0,2.0572,,,0,missing,idescat_etca;gencat_tourism_registry_t2h3-cgys,,2026-08-21T21:48:17Z,0.2.0,not_published,ETCA is not published for every municipality.,engineering_pending,0,100,0,,official,default,false
251348,Menàrguens,23,Noguera,2024,,,,,,,1,1.246883,0,0,0,1,1.246883,false,,,,,1.2748,0.6676,,,0,missing,idescat_etca;gencat_tourism_registry_t2h3-cgys,,2026-08-21T21:48:17Z,0.2.0,not_published,ETCA is not published for every municipality.,engineering_pending,0,100,0,,official,default,false
251351,Miralcamp,27,Pla d'Urgell,2024,1389,189,-209,1369,98.6,0.985601,0,0,1,1,0,2,1.439885,false,,,,18.4372,0,0.8068,,10.3018,75,municipality,idescat_etca;gencat_tourism_registry_t2h3-cgys,,2026-08-21T21:48:17Z,0.2.0,,IEET municipal not used; score is the documented base formula.,complete,10.3018,10.3018,100,,official,default,true
251364,la Molsosa,35,Solsonès,2024,,,,,,,0,0,0,7,0,7,69.306931,false,,,,,0,49.7259,,,0,missing,idescat_etca;gencat_tourism_registry_t2h3-cgys,,2026-08-21T21:48:17Z,0.2.0,not_published,ETCA is not published for every municipality.,engineering_pending,0,100,0,,official,default,false
251370,Mollerussa,27,Pla d'Urgell,2024,15680,1711,-1533,15858,101.1,1.011352,5,0.318878,2,0,0,7,0.446429,false,,,,22.2351,0.326,0.0907,,12.3289,75,municipality,idescat_etca;gencat_tourism_registry_t2h3-cgys,,2026-08-21T21:48:17Z,0.2.0,,IEET municipal not used; score is the documented base formula.,complete,12.3289,12.3289,100,,official,default,true
251386,Montgai,23,Noguera,2024,,,,,,,1,1.55521,0,4,0,5,7.77605,false,,,,,1.59,5.3739,,,0,missing,idescat_etca;gencat_tourism_registry_t2h3-cgys,,2026-08-21T21:48:17Z,0.2.0,not_published,ETCA is not published for every municipality.,engineering_pending,0,100,0,,official,default,false
251399,Montellà i Martinet,15,Cerdanya,2024,,,,,,,48,79.338843,2,4,0,54,89.256198,false,,,,,81.1132,64.1055,,,0,missing,idescat_etca;gencat_tourism_registry_t2h3-cgys,,2026-08-21T21:48:17Z,0.2.0,not_published,ETCA is not published for every municipality.,engineering_pending,0,100,0,,official,default,false
251403,Montferrer i Castellbò,04,Alt Urgell,2024,1163,242,-205,1200,103.2,1.031814,27,23.215821,2,5,2,36,30.954428,false,,,,25.253,23.735,22.0811,,24.2391,75,municipality,idescat_etca;gencat_tourism_registry_t2h3-cgys,,2026-08-21T21:48:17Z,0.2.0,,IEET municipal not used; score is the documented base formula.,complete,24.2391,24.2391,100,,official,default,true
251410,Montoliu de Segarra,32,Segarra,2024,,,,,,,2,10.989011,0,2,0,4,21.978022,false,,,,,11.2348,15.6108,,,0,missing,idescat_etca;gencat_tourism_registry_t2h3-cgys,,2026-08-21T21:48:17Z,0.2.0,not_published,ETCA is not published for every municipality.,engineering_pending,0,100,0,,official,default,false
251425,Montoliu de Lleida,33,Segrià,2024,,,,,,,0,0,0,0,0,0,0,false,,,,,0,0,,,0,missing,idescat_etca;gencat_tourism_registry_t2h3-cgys,,2026-08-21T21:48:17Z,0.2.0,not_published,ETCA is not published for every municipality.,engineering_pending,0,100,0,,official,default,false
251431,Montornès de Segarra,32,Segarra,2024,,,,,,,2,22.988506,0,3,0,5,57.471264,false,,,,,23.5026,41.1947,,,0,missing,idescat_etca;gencat_tourism_registry_t2h3-cgys,,2026-08-21T21:48:17Z,0.2.0,not_published,ETCA is not published for every municipality.,engineering_pending,0,100,0,,official,default,false
251459,Nalec,38,Urgell,2024,,,,,,,4,43.956044,0,1,0,5,54.945055,false,,,,,44.9391,39.3737,,,0,missing,idescat_etca;gencat_tourism_registry_t2h3-cgys,,2026-08-21T21:48:17Z,0.2.0,not_published,ETCA is not published for every municipality.,engineering_pending,0,100,0,,official,default,false
251462,Navès,35,Solsonès,2024,,,,,,,6,20.20202,0,22,2,30,101.010101,false,,,,,20.6538,72.5778,,,0,missing,idescat_etca;gencat_tourism_registry_t2h3-cgys,,2026-08-21T21:48:17Z,0.2.0,not_published,ETCA is not published for every municipality.,engineering_pending,0,100,0,,official,default,false
251484,Odèn,35,Solsonès,2024,,,,,,,10,43.478261,2,20,1,33,143.478261,false,,,,,44.4506,100,,,0,missing,idescat_etca;gencat_tourism_registry_t2h3-cgys,,2026-08-21T21:48:17Z,0.2.0,not_published,ETCA is not published for every municipality.,engineering_pending,0,100,0,,official,default,false
251497,Oliana,04,Alt Urgell,2024,1828,311,-184,1956,107,1.070022,7,3.829322,2,1,1,11,6.017505,false,,,,30.8882,3.915,4.1063,,18.7885,75,municipality,idescat_etca;gencat_tourism_registry_t2h3-cgys,,2026-08-21T21:48:17Z,0.2.0,,IEET municipal not used; score is the documented base formula.,complete,18.7885,18.7885,100,,official,default,true
251500,Oliola,23,Noguera,2024,,,,,,,2,10.416667,0,4,0,6,31.25,false,,,,,10.6496,22.2941,,,0,missing,idescat_etca;gencat_tourism_registry_t2h3-cgys,,2026-08-21T21:48:17Z,0.2.0,not_published,ETCA is not published for every municipality.,engineering_pending,0,100,0,,official,default,false
251517,Olius,35,Solsonès,2024,1003,128,-194,937,93.4,0.934197,2,1.994018,1,7,0,10,9.97009,false,,,,10.8558,2.0386,6.9554,,7.8714,75,municipality,idescat_etca;gencat_tourism_registry_t2h3-cgys,,2026-08-21T21:48:17Z,0.2.0,,IEET municipal not used; score is the documented base formula.,complete,7.8714,7.8714,100,,official,default,true
251522,les Oluges,32,Segarra,2024,,,,,,,0,0,0,4,0,4,23.952096,false,,,,,0,17.0338,,,0,missing,idescat_etca;gencat_tourism_registry_t2h3-cgys,,2026-08-21T21:48:17Z,0.2.0,not_published,ETCA is not published for every municipality.,engineering_pending,0,100,0,,official,default,false
251538,els Omellons,18,Garrigues,2024,,,,,,,2,10.695187,0,0,0,2,10.695187,false,,,,,10.9344,7.4781,,,0,missing,idescat_etca;gencat_tourism_registry_t2h3-cgys,,2026-08-21T21:48:17Z,0.2.0,not_published,ETCA is not published for every municipality.,engineering_pending,0,100,0,,official,default,false
251543,els Omells de na Gaia,38,Urgell,2024,,,,,,,5,39.68254,0,1,0,6,47.619048,false,,,,,40.57,34.0931,,,0,missing,idescat_etca;gencat_tourism_registry_t2h3-cgys,,2026-08-21T21:48:17Z,0.2.0,not_published,ETCA is not published for every municipality.,engineering_pending,0,100,0,,official,default,false
251556,Organyà,04,Alt Urgell,2024,,,,,,,21,24.676851,3,3,1,28,32.902468,false,,,,,25.2287,23.4853,,,0,missing,idescat_etca;gencat_tourism_registry_t2h3-cgys,,2026-08-21T21:48:17Z,0.2.0,not_published,ETCA is not published for every municipality.,engineering_pending,0,100,0,,official,default,false
251569,Os de Balaguer,23,Noguera,2024,1072,50,-158,965,90,0.900187,13,12.126866,1,2,0,16,14.925373,false,,,,5.8397,12.3981,10.5272,,8.4168,75,municipality,idescat_etca;gencat_tourism_registry_t2h3-cgys,,2026-08-21T21:48:17Z,0.2.0,,IEET municipal not used; score is the documented base formula.,complete,8.4168,8.4168,100,,official,default,true
251575,Ossó de Sió,38,Urgell,2024,,,,,,,1,5,0,7,0,8,40,false,,,,,5.1118,28.6012,,,0,missing,idescat_etca;gencat_tourism_registry_t2h3-cgys,,2026-08-21T21:48:17Z,0.2.0,not_published,ETCA is not published for every municipality.,engineering_pending,0,100,0,,official,default,false
251581,el Palau d'Anglesola,27,Pla d'Urgell,2024,2200,147,-356,1991,90.5,0.905,0,0,1,0,0,1,0.454545,false,,,,6.5496,0,0.0965,,3.6216,75,municipality,idescat_etca;gencat_tourism_registry_t2h3-cgys,,2026-08-21T21:48:17Z,0.2.0,,IEET municipal not used; score is the documented base formula.,complete,3.6216,3.6216,100,,official,default,true
251615,Conca de Dalt,25,Pallars Jussà,2024,,,,,,,17,38.724374,1,8,0,26,59.225513,false,,,,,39.5904,42.4591,,,0,missing,idescat_etca;gencat_tourism_registry_t2h3-cgys,,2026-08-21T21:48:17Z,0.2.0,not_published,ETCA is not published for every municipality.,engineering_pending,0,100,0,,official,default,false
251636,la Coma i la Pedra,35,Solsonès,2024,,,,,,,24,86.330935,5,1,0,30,107.913669,false,,,,,88.2617,77.554,,,0,missing,idescat_etca;gencat_tourism_registry_t2h3-cgys,,2026-08-21T21:48:17Z,0.2.0,not_published,ETCA is not published for every municipality.,engineering_pending,0,100,0,,official,default,false
251641,Penelles,23,Noguera,2024,,,,,,,7,16.241299,0,1,0,8,18.561485,false,,,,,16.6045,13.1482,,,0,missing,idescat_etca;gencat_tourism_registry_t2h3-cgys,,2026-08-21T21:48:17Z,0.2.0,not_published,ETCA is not published for every municipality.,engineering_pending,0,100,0,,official,default,false
251654,Peramola,04,Alt Urgell,2024,,,,,,,10,29.498525,3,2,0,15,44.247788,false,,,,,30.1582,31.6631,,,0,missing,idescat_etca;gencat_tourism_registry_t2h3-cgys,,2026-08-21T21:48:17Z,0.2.0,not_published,ETCA is not published for every municipality.,engineering_pending,0,100,0,,official,default,false
251667,Pinell de Solsonès,35,Solsonès,2024,,,,,,,2,10.10101,0,6,0,8,40.40404,false,,,,,10.3269,28.8925,,,0,missing,idescat_etca;gencat_tourism_registry_t2h3-cgys,,2026-08-21T21:48:17Z,0.2.0,not_published,ETCA is not published for every municipality.,engineering_pending,0,100,0,,official,default,false
251673,Pinós,35,Solsonès,2024,,,,,,,0,0,0,7,0,7,25.547445,false,,,,,0,18.1837,,,0,missing,idescat_etca;gencat_tourism_registry_t2h3-cgys,,2026-08-21T21:48:17Z,0.2.0,not_published,ETCA is not published for every municipality.,engineering_pending,0,100,0,,official,default,false
251689,el Poal,27,Pla d'Urgell,2024,,,,,,,0,0,0,2,0,2,3.08642,false,,,,,0,1.9936,,,0,missing,idescat_etca;gencat_tourism_registry_t2h3-cgys,,2026-08-21T21:48:17Z,0.2.0,not_published,ETCA is not published for every municipality.,engineering_pending,0,100,0,,official,default,false
251692,la Pobla de Cérvoles,18,Garrigues,2024,,,,,,,6,28.846154,0,1,0,7,33.653846,false,,,,,29.4913,24.0269,,,0,missing,idescat_etca;gencat_tourism_registry_t2h3-cgys,,2026-08-21T21:48:17Z,0.2.0,not_published,ETCA is not published for every municipality.,engineering_pending,0,100,0,,official,default,false
251706,Bellaguarda,18,Garrigues,2024,,,,,,,3,10.452962,0,0,0,3,10.452962,false,,,,,10.6867,7.3035,,,0,missing,idescat_etca;gencat_tourism_registry_t2h3-cgys,,2026-08-21T21:48:17Z,0.2.0,not_published,ETCA is not published for every municipality.,engineering_pending,0,100,0,,official,default,false
251713,la Pobla de Segur,25,Pallars Jussà,2024,3043,367,-459,2951,97,0.969767,52,17.0884,3,1,1,57,18.731515,false,,,,16.1018,17.4706,13.2707,,15.8778,75,municipality,idescat_etca;gencat_tourism_registry_t2h3-cgys,,2026-08-21T21:48:17Z,0.2.0,,IEET municipal not used; score is the documented base formula.,complete,15.8778,15.8778,100,,official,default,true
251728,Ponts,23,Noguera,2024,2670,102,-299,2472,92.6,0.925843,6,2.247191,5,0,0,11,4.11985,false,,,,9.6236,2.2974,2.7385,,6.415,75,municipality,idescat_etca;gencat_tourism_registry_t2h3-cgys,,2026-08-21T21:48:17Z,0.2.0,,IEET municipal not used; score is the documented base formula.,complete,6.415,6.415,100,,official,default,true
251734,el Pont de Suert,05,Alta Ribagorça,2024,2415,600,-253,2763,114.4,1.144099,52,21.532091,13,16,3,84,34.782609,false,,,,41.8136,22.0136,24.8405,,33.469,75,municipality,idescat_etca;gencat_tourism_registry_t2h3-cgys,,2026-08-21T21:48:17Z,0.2.0,,IEET municipal not used; score is the documented base formula.,complete,33.469,33.469,100,,official,default,true
251749,la Portella,33,Segrià,2024,,,,,,,0,0,0,0,0,0,0,false,,,,,0,0,,,0,missing,idescat_etca;gencat_tourism_registry_t2h3-cgys,,2026-08-21T21:48:17Z,0.2.0,not_published,ETCA is not published for every municipality.,engineering_pending,0,100,0,,official,default,false
251752,Prats i Sansor,15,Cerdanya,2024,,,,,,,23,91.269841,2,1,0,26,103.174603,false,,,,,93.311,74.138,,,0,missing,idescat_etca;gencat_tourism_registry_t2h3-cgys,,2026-08-21T21:48:17Z,0.2.0,not_published,ETCA is not published for every municipality.,engineering_pending,0,100,0,,official,default,false
251765,Preixana,38,Urgell,2024,,,,,,,5,12.5,0,0,0,5,12.5,false,,,,,12.7796,8.779,,,0,missing,idescat_etca;gencat_tourism_registry_t2h3-cgys,,2026-08-21T21:48:17Z,0.2.0,not_published,ETCA is not published for every municipality.,engineering_pending,0,100,0,,official,default,false
251771,Preixens,23,Noguera,2024,,,,,,,4,10.025063,2,4,0,10,25.062657,false,,,,,10.2493,17.8343,,,0,missing,idescat_etca;gencat_tourism_registry_t2h3-cgys,,2026-08-21T21:48:17Z,0.2.0,not_published,ETCA is not published for every municipality.,engineering_pending,0,100,0,,official,default,false
251790,Prullans,15,Cerdanya,2024,,,,,,,12,44.444444,3,1,1,17,62.962963,false,,,,,45.4384,45.1531,,,0,missing,idescat_etca;gencat_tourism_registry_t2h3-cgys,,2026-08-21T21:48:17Z,0.2.0,not_published,ETCA is not published for every municipality.,engineering_pending,0,100,0,,official,default,false
251804,Puiggròs,18,Garrigues,2024,,,,,,,2,7.407407,0,1,0,3,11.111111,false,,,,,7.5731,7.7779,,,0,missing,idescat_etca;gencat_tourism_registry_t2h3-cgys,,2026-08-21T21:48:17Z,0.2.0,not_published,ETCA is not published for every municipality.,engineering_pending,0,100,0,,official,default,false
251811,Puigverd d'Agramunt,38,Urgell,2024,,,,,,,1,4.1841,0,1,0,2,8.368201,false,,,,,4.2777,5.8007,,,0,missing,idescat_etca;gencat_tourism_registry_t2h3-cgys,,2026-08-21T21:48:17Z,0.2.0,not_published,ETCA is not published for every municipality.,engineering_pending,0,100,0,,official,default,false
251826,Puigverd de Lleida,33,Segrià,2024,1417,19,-238,1198,84.5,0.845448,1,0.705716,0,0,0,1,0.705716,false,,,,0,0.7215,0.2776,,0.2359,75,municipality,idescat_etca;gencat_tourism_registry_t2h3-cgys,,2026-08-21T21:48:17Z,0.2.0,,IEET municipal not used; score is the documented base formula.,complete,0.2359,0.2359,100,,official,default,true
251832,Rialp,26,Pallars Sobirà,2024,663,460,-99,1024,154.4,1.544495,81,122.171946,6,12,0,99,149.321267,false,,,,100,100,100,,100,75,municipality,idescat_etca;gencat_tourism_registry_t2h3-cgys,,2026-08-21T21:48:17Z,0.2.0,,IEET municipal not used; score is the documented base formula.,complete,100,100,100,,official,default,true
251850,Ribera d'Urgellet,04,Alt Urgell,2024,,,,,,,22,22.403259,2,9,0,33,33.604888,false,,,,,22.9043,23.9916,,,0,missing,idescat_etca;gencat_tourism_registry_t2h3-cgys,,2026-08-21T21:48:17Z,0.2.0,not_published,ETCA is not published for every municipality.,engineering_pending,0,100,0,,official,default,false
251863,Riner,35,Solsonès,2024,,,,,,,15,55.555556,3,2,0,20,74.074074,false,,,,,56.798,53.1621,,,0,missing,idescat_etca;gencat_tourism_registry_t2h3-cgys,,2026-08-21T21:48:17Z,0.2.0,not_published,ETCA is not published for every municipality.,engineering_pending,0,100,0,,official,default,false
251898,Rosselló,33,Segrià,2024,3353,130,-491,2992,89.2,0.892335,1,0.29824,0,0,0,1,0.29824,false,,,,4.6817,0.3049,0,,2.6512,75,municipality,idescat_etca;gencat_tourism_registry_t2h3-cgys,,2026-08-21T21:48:17Z,0.2.0,,IEET municipal not used; score is the documented base formula.,complete,2.6512,2.6512,100,,official,default,true
251902,Salàs de Pallars,25,Pallars Jussà,2024,,,,,,,19,51.630435,1,2,0,22,59.782609,false,,,,,52.7851,42.8607,,,0,missing,idescat_etca;gencat_tourism_registry_t2h3-cgys,,2026-08-21T21:48:17Z,0.2.0,not_published,ETCA is not published for every municipality.,engineering_pending,0,100,0,,official,default,false
251919,Sanaüja,32,Segarra,2024,,,,,,,0,0,0,1,0,1,2.57732,false,,,,,0,1.6266,,,0,missing,idescat_etca;gencat_tourism_registry_t2h3-cgys,,2026-08-21T21:48:17Z,0.2.0,not_published,ETCA is not published for every municipality.,engineering_pending,0,100,0,,official,default,false
251924,Sant Guim de Freixenet,32,Segarra,2024,1214,70,-178,1106,91.1,0.911038,2,1.647446,0,4,0,6,4.942339,false,,,,7.4401,1.6843,3.3314,,5.1794,75,municipality,idescat_etca;gencat_tourism_registry_t2h3-cgys,,2026-08-21T21:48:17Z,0.2.0,,IEET municipal not used; score is the documented base formula.,complete,5.1794,5.1794,100,,official,default,true
251930,Sant Llorenç de Morunys,35,Solsonès,2024,1000,371,-99,1272,127.2,1.272,43,43,3,3,1,50,50,false,,,,60.6773,43.9617,35.8093,,51.5248,75,municipality,idescat_etca;gencat_tourism_registry_t2h3-cgys,,2026-08-21T21:48:17Z,0.2.0,,IEET municipal not used; score is the documented base formula.,complete,51.5248,51.5248,100,,official,default,true
251945,Sant Ramon,32,Segarra,2024,,,,,,,5,10.351967,0,0,0,5,10.351967,false,,,,,10.5835,7.2307,,,0,missing,idescat_etca;gencat_tourism_registry_t2h3-cgys,,2026-08-21T21:48:17Z,0.2.0,not_published,ETCA is not published for every municipality.,engineering_pending,0,100,0,,official,default,false
251961,Sant Esteve de la Sarga,25,Pallars Jussà,2024,,,,,,,3,25.423729,0,3,0,6,50.847458,false,,,,,25.9923,36.4202,,,0,missing,idescat_etca;gencat_tourism_registry_t2h3-cgys,,2026-08-21T21:48:17Z,0.2.0,not_published,ETCA is not published for every municipality.,engineering_pending,0,100,0,,official,default,false
251977,Sant Guim de la Plana,32,Segarra,2024,,,,,,,1,5.208333,0,1,0,2,10.416667,false,,,,,5.3248,7.2773,,,0,missing,idescat_etca;gencat_tourism_registry_t2h3-cgys,,2026-08-21T21:48:17Z,0.2.0,not_published,ETCA is not published for every municipality.,engineering_pending,0,100,0,,official,default,false
252000,Sarroca de Lleida,33,Segrià,2024,,,,,,,1,2.610966,0,0,0,1,2.610966,false,,,,,2.6694,1.6509,,,0,missing,idescat_etca;gencat_tourism_registry_t2h3-cgys,,2026-08-21T21:48:17Z,0.2.0,not_published,ETCA is not published for every municipality.,engineering_pending,0,100,0,,official,default,false
252017,Sarroca de Bellera,25,Pallars Jussà,2024,,,,,,,6,54.054054,1,11,1,19,171.171171,false,,,,,55.2629,100,,,0,missing,idescat_etca;gencat_tourism_registry_t2h3-cgys,,2026-08-21T21:48:17Z,0.2.0,not_published,ETCA is not published for every municipality.,engineering_pending,0,100,0,,official,default,false
252022,Senterada,25,Pallars Jussà,2024,,,,,,,9,55.900621,0,5,1,15,93.167702,false,,,,,57.1508,66.925,,,0,missing,idescat_etca;gencat_tourism_registry_t2h3-cgys,,2026-08-21T21:48:17Z,0.2.0,not_published,ETCA is not published for every municipality.,engineering_pending,0,100,0,,official,default,false
252038,la Seu d'Urgell,04,Alt Urgell,2024,12759,1224,-1409,12574,98.6,0.9855,53,4.153931,11,5,0,69,5.407947,false,,,,18.4224,4.2468,3.667,,11.9274,75,municipality,idescat_etca;gencat_tourism_registry_t2h3-cgys,,2026-08-21T21:48:17Z,0.2.0,,IEET municipal not used; score is the documented base formula.,complete,11.9274,11.9274,100,,official,default,true
252043,Seròs,33,Segrià,2024,1890,119,-180,1829,96.8,0.967725,2,1.058201,0,0,0,2,1.058201,false,,,,15.8007,1.0819,0.5316,,9.0672,75,municipality,idescat_etca;gencat_tourism_registry_t2h3-cgys,,2026-08-21T21:48:17Z,0.2.0,,IEET municipal not used; score is the documented base formula.,complete,9.0672,9.0672,100,,official,default,true
252056,Sidamon,27,Pla d'Urgell,2024,,,,,,,0,0,0,0,0,0,0,false,,,,,0,0,,,0,missing,idescat_etca;gencat_tourism_registry_t2h3-cgys,,2026-08-21T21:48:17Z,0.2.0,not_published,ETCA is not published for every municipality.,engineering_pending,0,100,0,,official,default,false
252069,el Soleràs,18,Garrigues,2024,,,,,,,1,3.194888,0,0,0,1,3.194888,false,,,,,3.2663,2.0718,,,0,missing,idescat_etca;gencat_tourism_registry_t2h3-cgys,,2026-08-21T21:48:17Z,0.2.0,not_published,ETCA is not published for every municipality.,engineering_pending,0,100,0,,official,default,false
252075,Solsona,35,Solsonès,2024,9393,982,-826,9549,101.7,1.016608,42,4.471415,5,6,1,54,5.748962,false,,,,23.0103,4.5714,3.9128,,14.5811,75,municipality,idescat_etca;gencat_tourism_registry_t2h3-cgys,,2026-08-21T21:48:17Z,0.2.0,,IEET municipal not used; score is the documented base formula.,complete,14.5811,14.5811,100,,official,default,true
252081,Soriguera,26,Pallars Sobirà,2024,,,,,,,19,42.316258,4,14,1,38,84.632517,false,,,,,43.2626,60.7727,,,0,missing,idescat_etca;gencat_tourism_registry_t2h3-cgys,,2026-08-21T21:48:17Z,0.2.0,not_published,ETCA is not published for every municipality.,engineering_pending,0,100,0,,official,default,false
252094,Sort,26,Pallars Sobirà,2024,2258,1143,-209,3192,141.4,1.41364,127,56.244464,11,7,3,148,65.54473,false,,,,81.5674,57.5023,47.0141,,68.6405,75,municipality,idescat_etca;gencat_tourism_registry_t2h3-cgys,,2026-08-21T21:48:17Z,0.2.0,,IEET municipal not used; score is the documented base formula.,complete,68.6405,68.6405,100,,official,default,true
252108,Soses,33,Segrià,2024,1870,244,-264,1850,98.9,0.989305,0,0,1,0,0,1,0.534759,false,,,,18.9835,0,0.1543,,10.4718,75,municipality,idescat_etca;gencat_tourism_registry_t2h3-cgys,,2026-08-21T21:48:17Z,0.2.0,,IEET municipal not used; score is the documented base formula.,complete,10.4718,10.4718,100,,official,default,true
252115,Sudanell,33,Segrià,2024,,,,,,,1,1.086957,0,0,0,1,1.086957,false,,,,,1.1113,0.5524,,,0,missing,idescat_etca;gencat_tourism_registry_t2h3-cgys,,2026-08-21T21:48:17Z,0.2.0,not_published,ETCA is not published for every municipality.,engineering_pending,0,100,0,,official,default,false
252120,Sunyer,33,Segrià,2024,,,,,,,1,3.225806,0,0,0,1,3.225806,false,,,,,3.2979,2.0941,,,0,missing,idescat_etca;gencat_tourism_registry_t2h3-cgys,,2026-08-21T21:48:17Z,0.2.0,not_published,ETCA is not published for every municipality.,engineering_pending,0,100,0,,official,default,false
252154,Talarn,25,Pallars Jussà,2024,,,,,,,12,21.466905,0,1,1,14,25.044723,false,,,,,21.947,17.8213,,,0,missing,idescat_etca;gencat_tourism_registry_t2h3-cgys,,2026-08-21T21:48:17Z,0.2.0,not_published,ETCA is not published for every municipality.,engineering_pending,0,100,0,,official,default,false
252167,Talavera,32,Segarra,2024,,,,,,,4,14.234875,0,4,0,8,28.469751,false,,,,,14.5532,20.2901,,,0,missing,idescat_etca;gencat_tourism_registry_t2h3-cgys,,2026-08-21T21:48:17Z,0.2.0,not_published,ETCA is not published for every municipality.,engineering_pending,0,100,0,,official,default,false
252173,Tàrrega,38,Urgell,2024,18570,1051,-1916,17705,95.3,0.953419,26,1.400108,2,3,0,31,1.669359,false,,,,13.6908,1.4314,0.9722,,8.0822,75,municipality,idescat_etca;gencat_tourism_registry_t2h3-cgys,,2026-08-21T21:48:17Z,0.2.0,,IEET municipal not used; score is the documented base formula.,complete,8.0822,8.0822,100,,official,default,true
252189,Tarrés,18,Garrigues,2024,,,,,,,8,64,0,0,0,8,64,false,,,,,65.4313,45.9006,,,0,missing,idescat_etca;gencat_tourism_registry_t2h3-cgys,,2026-08-21T21:48:17Z,0.2.0,not_published,ETCA is not published for every municipality.,engineering_pending,0,100,0,,official,default,false
252192,Tarroja de Segarra,32,Segarra,2024,,,,,,,2,12.269939,0,0,0,2,12.269939,false,,,,,12.5443,8.6132,,,0,missing,idescat_etca;gencat_tourism_registry_t2h3-cgys,,2026-08-21T21:48:17Z,0.2.0,not_published,ETCA is not published for every municipality.,engineering_pending,0,100,0,,official,default,false
252206,Térmens,23,Noguera,2024,1344,201,-179,1366,101.6,1.016369,0,0,0,0,0,0,0,false,,,,22.9751,0,0,,12.6363,75,municipality,idescat_etca;gencat_tourism_registry_t2h3-cgys,,2026-08-21T21:48:17Z,0.2.0,,IEET municipal not used; score is the documented base formula.,complete,12.6363,12.6363,100,,official,default,true
252213,Tírvia,26,Pallars Sobirà,2024,,,,,,,4,28.776978,1,1,0,6,43.165468,false,,,,,29.4206,30.8829,,,0,missing,idescat_etca;gencat_tourism_registry_t2h3-cgys,,2026-08-21T21:48:17Z,0.2.0,not_published,ETCA is not published for every municipality.,engineering_pending,0,100,0,,official,default,false
252228,Tiurana,23,Noguera,2024,,,,,,,6,86.956522,0,0,0,6,86.956522,false,,,,,88.9012,62.4479,,,0,missing,idescat_etca;gencat_tourism_registry_t2h3-cgys,,2026-08-21T21:48:17Z,0.2.0,not_published,ETCA is not published for every municipality.,engineering_pending,0,100,0,,official,default,false
252234,Torà,35,Solsonès,2024,1253,128,-149,1232,98.3,0.98324,9,7.182761,2,5,0,16,12.769354,false,,,,18.089,7.3434,8.9731,,13.5794,75,municipality,idescat_etca;gencat_tourism_registry_t2h3-cgys,,2026-08-21T21:48:17Z,0.2.0,,IEET municipal not used; score is the documented base formula.,complete,13.5794,13.5794,100,,official,default,true
252249,els Torms,18,Garrigues,2024,,,,,,,1,7.407407,0,0,0,1,7.407407,false,,,,,7.5731,5.1082,,,0,missing,idescat_etca;gencat_tourism_registry_t2h3-cgys,,2026-08-21T21:48:17Z,0.2.0,not_published,ETCA is not published for every municipality.,engineering_pending,0,100,0,,official,default,false
252252,Tornabous,38,Urgell,2024,,,,,,,1,1.207729,0,3,0,4,4.830918,false,,,,,1.2347,3.251,,,0,missing,idescat_etca;gencat_tourism_registry_t2h3-cgys,,2026-08-21T21:48:17Z,0.2.0,not_published,ETCA is not published for every municipality.,engineering_pending,0,100,0,,official,default,false
252265,Torrebesses,33,Segrià,2024,,,,,,,3,10.714286,0,0,0,3,10.714286,false,,,,,10.9539,7.4918,,,0,missing,idescat_etca;gencat_tourism_registry_t2h3-cgys,,2026-08-21T21:48:17Z,0.2.0,not_published,ETCA is not published for every municipality.,engineering_pending,0,100,0,,official,default,false
252271,la Torre de Cabdella,25,Pallars Jussà,2024,,,,,,,44,57.894737,4,10,1,59,77.631579,false,,,,,59.1895,55.7264,,,0,missing,idescat_etca;gencat_tourism_registry_t2h3-cgys,,2026-08-21T21:48:17Z,0.2.0,not_published,ETCA is not published for every municipality.,engineering_pending,0,100,0,,official,default,false
252287,Torrefarrera,33,Segrià,2024,4904,646,-826,4724,96.3,0.963295,1,0.203915,1,0,0,2,0.40783,false,,,,15.1474,0.2085,0.0628,,8.3958,75,municipality,idescat_etca;gencat_tourism_registry_t2h3-cgys,,2026-08-21T21:48:17Z,0.2.0,,IEET municipal not used; score is the documented base formula.,complete,8.3958,8.3958,100,,official,default,true
252304,Torregrossa,27,Pla d'Urgell,2024,2227,45,-290,1983,89,0.890436,6,2.694207,0,0,0,6,2.694207,false,,,,4.4015,2.7545,1.7109,,3.4516,75,municipality,idescat_etca;gencat_tourism_registry_t2h3-cgys,,2026-08-21T21:48:17Z,0.2.0,,IEET municipal not used; score is the documented base formula.,complete,3.4516,3.4516,100,,official,default,true
252311,Torrelameu,23,Noguera,2024,,,,,,,1,1.22549,0,0,0,1,1.22549,false,,,,,1.2529,0.6522,,,0,missing,idescat_etca;gencat_tourism_registry_t2h3-cgys,,2026-08-21T21:48:17Z,0.2.0,not_published,ETCA is not published for every municipality.,engineering_pending,0,100,0,,official,default,false
252326,Torres de Segre,33,Segrià,2024,2268,97,-275,2091,92.2,0.921958,2,0.881834,1,0,0,3,1.322751,false,,,,9.0506,0.9016,0.7223,,5.3477,75,municipality,idescat_etca;gencat_tourism_registry_t2h3-cgys,,2026-08-21T21:48:17Z,0.2.0,,IEET municipal not used; score is the documented base formula.,complete,5.3477,5.3477,100,,official,default,true
252332,Torre-serona,33,Segrià,2024,,,,,,,0,0,0,0,0,0,0,false,,,,,0,0,,,0,missing,idescat_etca;gencat_tourism_registry_t2h3-cgys,,2026-08-21T21:48:17Z,0.2.0,not_published,ETCA is not published for every municipality.,engineering_pending,0,100,0,,official,default,false
252347,Tremp,25,Pallars Jussà,2024,6056,1064,-707,6414,105.9,1.059115,95,15.686922,5,3,1,104,17.173052,false,,,,29.2795,16.0377,12.1474,,22.5426,75,municipality,idescat_etca;gencat_tourism_registry_t2h3-cgys,,2026-08-21T21:48:17Z,0.2.0,,IEET municipal not used; score is the documented base formula.,complete,22.5426,22.5426,100,,official,default,true
252385,Vallbona de les Monges,38,Urgell,2024,,,,,,,6,26.785714,2,0,0,8,35.714286,false,,,,,27.3848,25.512,,,0,missing,idescat_etca;gencat_tourism_registry_t2h3-cgys,,2026-08-21T21:48:17Z,0.2.0,not_published,ETCA is not published for every municipality.,engineering_pending,0,100,0,,official,default,false
252398,les Valls de Valira,04,Alt Urgell,2024,,,,,,,20,23.584906,7,11,1,39,45.990566,false,,,,,24.1124,32.9193,,,0,missing,idescat_etca;gencat_tourism_registry_t2h3-cgys,,2026-08-21T21:48:17Z,0.2.0,not_published,ETCA is not published for every municipality.,engineering_pending,0,100,0,,official,default,false
252402,Vallfogona de Balaguer,23,Noguera,2024,2016,203,-343,1876,93.1,0.930556,6,2.97619,0,0,0,6,2.97619,false,,,,10.3187,3.0428,1.9141,,6.8188,75,municipality,idescat_etca;gencat_tourism_registry_t2h3-cgys,,2026-08-21T21:48:17Z,0.2.0,,IEET municipal not used; score is the documented base formula.,complete,6.8188,6.8188,100,,official,default,true
252424,Verdú,38,Urgell,2024,,,,,,,3,3.432494,0,0,0,3,3.432494,false,,,,,3.5093,2.243,,,0,missing,idescat_etca;gencat_tourism_registry_t2h3-cgys,,2026-08-21T21:48:17Z,0.2.0,not_published,ETCA is not published for every municipality.,engineering_pending,0,100,0,,official,default,false
252430,Vielha e Mijaran,39,Val d'Aran,2024,5793,2482,-848,7427,128.2,1.282065,305,52.64975,53,9,2,369,63.697566,false,,,,62.1617,53.8272,45.6826,,56.7823,75,municipality,idescat_etca;gencat_tourism_registry_t2h3-cgys,,2026-08-21T21:48:17Z,0.2.0,,IEET municipal not used; score is the documented base formula.,complete,56.7823,56.7823,100,,official,default,true
252445,Vilagrassa,38,Urgell,2024,,,,,,,0,0,1,3,0,4,6.379585,false,,,,,0,4.3673,,,0,missing,idescat_etca;gencat_tourism_registry_t2h3-cgys,,2026-08-21T21:48:17Z,0.2.0,not_published,ETCA is not published for every municipality.,engineering_pending,0,100,0,,official,default,false
252458,Vilaller,05,Alta Ribagorça,2024,,,,,,,31,62.374245,5,7,0,43,86.519115,false,,,,,63.7692,62.1326,,,0,missing,idescat_etca;gencat_tourism_registry_t2h3-cgys,,2026-08-21T21:48:17Z,0.2.0,not_published,ETCA is not published for every municipality.,engineering_pending,0,100,0,,official,default,false
252477,Vilamòs,39,Val d'Aran,2024,,,,,,,12,68.965517,0,2,3,17,97.701149,false,,,,,70.5079,70.1927,,,0,missing,idescat_etca;gencat_tourism_registry_t2h3-cgys,,2026-08-21T21:48:17Z,0.2.0,not_published,ETCA is not published for every municipality.,engineering_pending,0,100,0,,official,default,false
252483,Vilanova de Bellpuig,27,Pla d'Urgell,2024,1168,55,-165,1058,90.6,0.905822,2,1.712329,0,1,0,3,2.568493,false,,,,6.6708,1.7506,1.6203,,4.4306,75,municipality,idescat_etca;gencat_tourism_registry_t2h3-cgys,,2026-08-21T21:48:17Z,0.2.0,,IEET municipal not used; score is the documented base formula.,complete,4.4306,4.4306,100,,official,default,true
252496,Vilanova de l'Aguda,23,Noguera,2024,,,,,,,3,15.463918,0,5,0,8,41.237113,false,,,,,15.8098,29.4929,,,0,missing,idescat_etca;gencat_tourism_registry_t2h3-cgys,,2026-08-21T21:48:17Z,0.2.0,not_published,ETCA is not published for every municipality.,engineering_pending,0,100,0,,official,default,false
252509,Vilanova de Meià,23,Noguera,2024,,,,,,,10,20.920502,1,3,0,14,29.288703,false,,,,,21.3884,20.8804,,,0,missing,idescat_etca;gencat_tourism_registry_t2h3-cgys,,2026-08-21T21:48:17Z,0.2.0,not_published,ETCA is not published for every municipality.,engineering_pending,0,100,0,,official,default,false
252516,Vilanova de Segrià,33,Segrià,2024,1057,18,-179,896,84.8,0.847682,1,0.946074,0,0,0,1,0.946074,false,,,,0,0.9672,0.4508,,0.332,75,municipality,idescat_etca;gencat_tourism_registry_t2h3-cgys,,2026-08-21T21:48:17Z,0.2.0,,IEET municipal not used; score is the documented base formula.,complete,0.332,0.332,100,,official,default,true
252521,Vila-sana,27,Pla d'Urgell,2024,,,,,,,5,6.6313,0,0,0,5,6.6313,false,,,,,6.7796,4.5488,,,0,missing,idescat_etca;gencat_tourism_registry_t2h3-cgys,,2026-08-21T21:48:17Z,0.2.0,not_published,ETCA is not published for every municipality.,engineering_pending,0,100,0,,official,default,false
252537,el Vilosell,18,Garrigues,2024,,,,,,,8,44.94382,1,3,0,12,67.41573,false,,,,,45.949,48.3627,,,0,missing,idescat_etca;gencat_tourism_registry_t2h3-cgys,,2026-08-21T21:48:17Z,0.2.0,not_published,ETCA is not published for every municipality.,engineering_pending,0,100,0,,official,default,false
252542,Vilanova de la Barca,33,Segrià,2024,1100,76,-164,1011,91.9,0.919091,0,0,2,0,1,3,2.727273,false,,,,8.6278,0,1.7347,,5.0922,75,municipality,idescat_etca;gencat_tourism_registry_t2h3-cgys,,2026-08-21T21:48:17Z,0.2.0,,IEET municipal not used; score is the documented base formula.,complete,5.0922,5.0922,100,,official,default,true
252555,Vinaixa,18,Garrigues,2024,,,,,,,7,16.091954,0,0,0,7,16.091954,false,,,,,16.4518,11.3681,,,0,missing,idescat_etca;gencat_tourism_registry_t2h3-cgys,,2026-08-21T21:48:17Z,0.2.0,not_published,ETCA is not published for every municipality.,engineering_pending,0,100,0,,official,default,false
259010,Vall de Cardós,26,Pallars Sobirà,2024,,,,,,,22,56.265985,5,4,3,34,86.956522,false,,,,,57.5243,62.4479,,,0,missing,idescat_etca;gencat_tourism_registry_t2h3-cgys,,2026-08-21T21:48:17Z,0.2.0,not_published,ETCA is not published for every municipality.,engineering_pending,0,100,0,,official,default,false
259025,Sant Martí de Riucorb,38,Urgell,2024,,,,,,,9,13.333333,0,2,0,11,16.296296,false,,,,,13.6315,11.5154,,,0,missing,idescat_etca;gencat_tourism_registry_t2h3-cgys,,2026-08-21T21:48:17Z,0.2.0,not_published,ETCA is not published for every municipality.,engineering_pending,0,100,0,,official,default,false
259031,la Guingueta d'Àneu,26,Pallars Sobirà,2024,,,,,,,31,112.318841,3,3,2,39,141.304348,false,,,,,100,100,,,0,missing,idescat_etca;gencat_tourism_registry_t2h3-cgys,,2026-08-21T21:48:17Z,0.2.0,not_published,ETCA is not published for every municipality.,engineering_pending,0,100,0,,official,default,false
259046,Castell de Mur,25,Pallars Jussà,2024,,,,,,,12,75.471698,2,5,0,19,119.496855,false,,,,,77.1596,85.9032,,,0,missing,idescat_etca;gencat_tourism_registry_t2h3-cgys,,2026-08-21T21:48:17Z,0.2.0,not_published,ETCA is not published for every municipality.,engineering_pending,0,100,0,,official,default,false
259059,Ribera d'Ondara,32,Segarra,2024,,,,,,,6,13.761468,0,2,0,8,18.348624,false,,,,,14.0692,12.9947,,,0,missing,idescat_etca;gencat_tourism_registry_t2h3-cgys,,2026-08-21T21:48:17Z,0.2.0,not_published,ETCA is not published for every municipality.,engineering_pending,0,100,0,,official,default,false
259062,les Valls d'Aguilar,04,Alt Urgell,2024,,,,,,,10,38.610039,0,12,0,22,84.942085,false,,,,,39.4735,60.9959,,,0,missing,idescat_etca;gencat_tourism_registry_t2h3-cgys,,2026-08-21T21:48:17Z,0.2.0,not_published,ETCA is not published for every municipality.,engineering_pending,0,100,0,,official,default,false
259078,Torrefeta i Florejacs,32,Segarra,2024,,,,,,,6,10.118044,0,8,0,14,23.608769,false,,,,,10.3443,16.7863,,,0,missing,idescat_etca;gencat_tourism_registry_t2h3-cgys,,2026-08-21T21:48:17Z,0.2.0,not_published,ETCA is not published for every municipality.,engineering_pending,0,100,0,,official,default,false
259084,Fígols i Alinyà,04,Alt Urgell,2024,,,,,,,8,34.042553,1,2,0,11,46.808511,false,,,,,34.8039,33.5089,,,0,missing,idescat_etca;gencat_tourism_registry_t2h3-cgys,,2026-08-21T21:48:17Z,0.2.0,not_published,ETCA is not published for every municipality.,engineering_pending,0,100,0,,official,default,false
259097,la Vansa i Fórnols,04,Alt Urgell,2024,,,,,,,1,5.291005,1,9,1,12,63.492063,false,,,,,5.4093,45.5345,,,0,missing,idescat_etca;gencat_tourism_registry_t2h3-cgys,,2026-08-21T21:48:17Z,0.2.0,not_published,ETCA is not published for every municipality.,engineering_pending,0,100,0,,official,default,false
259101,Josa i Tuixén,04,Alt Urgell,2024,,,,,,,5,45.454545,1,4,0,10,90.909091,false,,,,,46.4711,65.2969,,,0,missing,idescat_etca;gencat_tourism_registry_t2h3-cgys,,2026-08-21T21:48:17Z,0.2.0,not_published,ETCA is not published for every municipality.,engineering_pending,0,100,0,,official,default,false
259118,els Plans de Sió,32,Segarra,2024,,,,,,,4,7.8125,0,3,0,7,13.671875,false,,,,,7.9872,9.6237,,,0,missing,idescat_etca;gencat_tourism_registry_t2h3-cgys,,2026-08-21T21:48:17Z,0.2.0,not_published,ETCA is not published for every municipality.,engineering_pending,0,100,0,,official,default,false
259123,Gimenells i el Pla de la Font,33,Segrià,2024,1095,34,-143,986,90,0.900457,0,0,0,0,0,0,0,false,,,,5.8795,0,0,,3.2337,75,municipality,idescat_etca;gencat_tourism_registry_t2h3-cgys,,2026-08-21T21:48:17Z,0.2.0,,IEET municipal not used; score is the documented base formula.,complete,3.2337,3.2337,100,,official,default,true
259139,Riu de Cerdanya,15,Cerdanya,2024,,,,,,,6,62.5,1,0,0,7,72.916667,false,,,,,63.8978,52.3278,,,0,missing,idescat_etca;gencat_tourism_registry_t2h3-cgys,,2026-08-21T21:48:17Z,0.2.0,not_published,ETCA is not published for every municipality.,engineering_pending,0,100,0,,official,default,false
430017,Aiguamúrcia,01,Alt Camp,2024,965,182,-132,1015,105.2,1.051813,17,17.61658,2,18,0,37,38.341969,false,,,,28.2027,18.0106,27.4061,,25.4954,75,municipality,idescat_etca;gencat_tourism_registry_t2h3-cgys,,2026-08-21T21:48:17Z,0.2.0,,IEET municipal not used; score is the documented base formula.,complete,25.4954,25.4954,100,,official,default,true
430022,Albinyana,12,Baix Penedès,2024,2678,104,-349,2433,90.9,0.908514,9,3.360717,1,1,0,11,4.107543,false,,,,7.0678,3.4359,2.7296,,5.2922,75,municipality,idescat_etca;gencat_tourism_registry_t2h3-cgys,,2026-08-21T21:48:17Z,0.2.0,,IEET municipal not used; score is the documented base formula.,complete,5.2922,5.2922,100,,official,default,true
430038,l'Albiol,08,Baix Camp,2024,,,,,,,6,10.791367,0,5,0,11,19.784173,false,,,,,11.0327,14.0295,,,0,missing,idescat_etca;gencat_tourism_registry_t2h3-cgys,,2026-08-21T21:48:17Z,0.2.0,not_published,ETCA is not published for every municipality.,engineering_pending,0,100,0,,official,default,false
430043,Alcanar,22,Montsià,2024,9871,1408,-1234,10046,101.8,1.017729,487,49.33644,4,7,3,501,50.754736,false,,,,23.1756,50.4398,36.3533,,32.6272,75,municipality,idescat_etca;gencat_tourism_registry_t2h3-cgys,,2026-08-21T21:48:17Z,0.2.0,,IEET municipal not used; score is the documented base formula.,complete,32.6272,32.6272,100,,official,default,true
430056,Alcover,01,Alt Camp,2024,5334,392,-620,5106,95.7,0.957255,10,1.874766,1,4,0,15,2.812148,false,,,,14.2566,1.9167,1.7959,,8.6795,75,municipality,idescat_etca;gencat_tourism_registry_t2h3-cgys,,2026-08-21T21:48:17Z,0.2.0,,IEET municipal not used; score is the documented base formula.,complete,8.6795,8.6795,100,,official,default,true
430069,Aldover,09,Baix Ebre,2024,,,,,,,9,9.89011,0,3,0,12,13.186813,false,,,,,10.1113,9.274,,,0,missing,idescat_etca;gencat_tourism_registry_t2h3-cgys,,2026-08-21T21:48:17Z,0.2.0,not_published,ETCA is not published for every municipality.,engineering_pending,0,100,0,,official,default,false
430075,l'Aleixar,08,Baix Camp,2024,,,,,,,4,3.898635,0,3,0,7,6.822612,false,,,,,3.9858,4.6867,,,0,missing,idescat_etca;gencat_tourism_registry_t2h3-cgys,,2026-08-21T21:48:17Z,0.2.0,not_published,ETCA is not published for every municipality.,engineering_pending,0,100,0,,official,default,false
430081,Alfara de Carles,09,Baix Ebre,2024,,,,,,,17,47.887324,1,3,0,21,59.15493,false,,,,,48.9583,42.4083,,,0,missing,idescat_etca;gencat_tourism_registry_t2h3-cgys,,2026-08-21T21:48:17Z,0.2.0,not_published,ETCA is not published for every municipality.,engineering_pending,0,100,0,,official,default,false
430094,Alforja,08,Baix Camp,2024,2027,119,-302,1845,91,0.910212,28,13.813518,0,4,0,32,15.786877,false,,,,7.3183,14.1224,11.1482,,9.7853,75,municipality,idescat_etca;gencat_tourism_registry_t2h3-cgys,,2026-08-21T21:48:17Z,0.2.0,,IEET municipal not used; score is the documented base formula.,complete,9.7853,9.7853,100,,official,default,true
430108,Alió,01,Alt Camp,2024,,,,,,,0,0,0,0,0,0,0,false,,,,,0,0,,,0,missing,idescat_etca;gencat_tourism_registry_t2h3-cgys,,2026-08-21T21:48:17Z,0.2.0,not_published,ETCA is not published for every municipality.,engineering_pending,0,100,0,,official,default,false
430115,Almoster,08,Baix Camp,2024,1338,38,-277,1098,82.1,0.820628,7,5.231689,0,0,0,7,5.231689,false,,,,0,5.3487,3.5399,,2.0452,75,municipality,idescat_etca;gencat_tourism_registry_t2h3-cgys,,2026-08-21T21:48:17Z,0.2.0,,IEET municipal not used; score is the documented base formula.,complete,2.0452,2.0452,100,,official,default,true
430120,Altafulla,36,Tarragonès,2024,5809,2844,-1015,7638,131.5,1.314856,337,58.013427,7,0,2,346,59.562747,false,,,,66.998,59.3109,42.7022,,60.2171,75,municipality,idescat_etca;gencat_tourism_registry_t2h3-cgys,,2026-08-21T21:48:17Z,0.2.0,,IEET municipal not used; score is the documented base formula.,complete,60.2171,60.2171,100,,official,default,true
430136,l'Ametlla de Mar,09,Baix Ebre,2024,7347,3486,-659,10174,138.5,1.384783,1792,243.909079,5,2,2,1801,245.134068,false,,,,77.3113,100,100,,87.5212,75,municipality,idescat_etca;gencat_tourism_registry_t2h3-cgys,,2026-08-21T21:48:17Z,0.2.0,,IEET municipal not used; score is the documented base formula.,complete,87.5212,87.5212,100,,official,default,true
430141,Amposta,22,Montsià,2024,22623,2448,-2095,22977,101.6,1.015648,212,9.370994,8,13,2,235,10.387659,false,,,,22.8687,9.5806,7.2564,,16.4242,75,municipality,idescat_etca;gencat_tourism_registry_t2h3-cgys,,2026-08-21T21:48:17Z,0.2.0,,IEET municipal not used; score is the documented base formula.,complete,16.4242,16.4242,100,,official,default,true
430154,Arbolí,08,Baix Camp,2024,,,,,,,10,72.463768,1,0,0,11,79.710145,false,,,,,74.0844,57.2246,,,0,missing,idescat_etca;gencat_tourism_registry_t2h3-cgys,,2026-08-21T21:48:17Z,0.2.0,not_published,ETCA is not published for every municipality.,engineering_pending,0,100,0,,official,default,false
430167,l'Arboç,12,Baix Penedès,2024,5745,1196,-732,6208,108.1,1.080592,8,1.392515,1,0,0,9,1.56658,false,,,,32.4471,1.4237,0.8981,,18.3815,75,municipality,idescat_etca;gencat_tourism_registry_t2h3-cgys,,2026-08-21T21:48:17Z,0.2.0,,IEET municipal not used; score is the documented base formula.,complete,18.3815,18.3815,100,,official,default,true
430173,l'Argentera,08,Baix Camp,2024,,,,,,,3,21.582734,0,3,0,6,43.165468,false,,,,,22.0654,30.8829,,,0,missing,idescat_etca;gencat_tourism_registry_t2h3-cgys,,2026-08-21T21:48:17Z,0.2.0,not_published,ETCA is not published for every municipality.,engineering_pending,0,100,0,,official,default,false
430189,Arnes,37,Terra Alta,2024,,,,,,,23,50,3,5,1,32,69.565217,false,,,,,51.1182,49.9121,,,0,missing,idescat_etca;gencat_tourism_registry_t2h3-cgys,,2026-08-21T21:48:17Z,0.2.0,not_published,ETCA is not published for every municipality.,engineering_pending,0,100,0,,official,default,false
430192,Ascó,30,Ribera d'Ebre,2024,1609,340,-199,1750,108.8,1.087632,2,1.243008,0,0,0,2,1.243008,false,,,,33.4854,1.2708,0.6648,,18.8676,75,municipality,idescat_etca;gencat_tourism_registry_t2h3-cgys,,2026-08-21T21:48:17Z,0.2.0,,IEET municipal not used; score is the documented base formula.,complete,18.8676,18.8676,100,,official,default,true
430206,Banyeres del Penedès,12,Baix Penedès,2024,3340,302,-617,3025,90.6,0.905689,17,5.08982,2,5,0,24,7.185629,false,,,,6.6512,5.2037,4.9483,,5.9487,75,municipality,idescat_etca;gencat_tourism_registry_t2h3-cgys,,2026-08-21T21:48:17Z,0.2.0,,IEET municipal not used; score is the documented base formula.,complete,5.9487,5.9487,100,,official,default,true
430213,Barberà de la Conca,16,Conca de Barberà,2024,,,,,,,6,12.345679,0,2,0,8,16.460905,false,,,,,12.6218,11.634,,,0,missing,idescat_etca;gencat_tourism_registry_t2h3-cgys,,2026-08-21T21:48:17Z,0.2.0,not_published,ETCA is not published for every municipality.,engineering_pending,0,100,0,,official,default,false
430228,Batea,37,Terra Alta,2024,1881,83,-156,1808,96.1,0.961191,5,2.658161,2,2,0,9,4.784689,false,,,,14.837,2.7176,3.2177,,9.4833,75,municipality,idescat_etca;gencat_tourism_registry_t2h3-cgys,,2026-08-21T21:48:17Z,0.2.0,,IEET municipal not used; score is the documented base formula.,complete,9.4833,9.4833,100,,official,default,true
430234,Bellmunt del Priorat,29,Priorat,2024,,,,,,,1,3.472222,1,1,0,3,10.416667,false,,,,,3.5499,7.2773,,,0,missing,idescat_etca;gencat_tourism_registry_t2h3-cgys,,2026-08-21T21:48:17Z,0.2.0,not_published,ETCA is not published for every municipality.,engineering_pending,0,100,0,,official,default,false
430249,Bellvei,12,Baix Penedès,2024,2409,556,-339,2627,109,1.090494,18,7.47198,0,0,0,18,7.47198,false,,,,33.9075,7.6391,5.1547,,21.5898,75,municipality,idescat_etca;gencat_tourism_registry_t2h3-cgys,,2026-08-21T21:48:17Z,0.2.0,,IEET municipal not used; score is the documented base formula.,complete,21.5898,21.5898,100,,official,default,true
430252,Benifallet,09,Baix Ebre,2024,,,,,,,17,24.011299,2,7,0,26,36.723164,false,,,,,24.5483,26.2392,,,0,missing,idescat_etca;gencat_tourism_registry_t2h3-cgys,,2026-08-21T21:48:17Z,0.2.0,not_published,ETCA is not published for every municipality.,engineering_pending,0,100,0,,official,default,false
430265,Benissanet,30,Ribera d'Ebre,2024,1192,122,-154,1160,97.3,0.973154,8,6.711409,2,4,0,14,11.744966,false,,,,16.6015,6.8615,8.2347,,12.4931,75,municipality,idescat_etca;gencat_tourism_registry_t2h3-cgys,,2026-08-21T21:48:17Z,0.2.0,,IEET municipal not used; score is the documented base formula.,complete,12.4931,12.4931,100,,official,default,true
430271,la Bisbal de Montsant,29,Priorat,2024,,,,,,,5,23.364486,0,5,0,10,46.728972,false,,,,,23.887,33.4515,,,0,missing,idescat_etca;gencat_tourism_registry_t2h3-cgys,,2026-08-21T21:48:17Z,0.2.0,not_published,ETCA is not published for every municipality.,engineering_pending,0,100,0,,official,default,false
430287,la Bisbal del Penedès,12,Baix Penedès,2024,4183,970,-528,4626,110.6,1.105905,31,7.410949,0,1,0,32,7.650012,false,,,,36.1804,7.5767,5.2831,,22.85,75,municipality,idescat_etca;gencat_tourism_registry_t2h3-cgys,,2026-08-21T21:48:17Z,0.2.0,,IEET municipal not used; score is the documented base formula.,complete,22.85,22.85,100,,official,default,true
430290,Blancafort,16,Conca de Barberà,2024,,,,,,,3,7.653061,0,0,0,3,7.653061,false,,,,,7.8242,5.2853,,,0,missing,idescat_etca;gencat_tourism_registry_t2h3-cgys,,2026-08-21T21:48:17Z,0.2.0,not_published,ETCA is not published for every municipality.,engineering_pending,0,100,0,,official,default,false
430304,Bonastre,12,Baix Penedès,2024,,,,,,,5,6.426735,0,1,0,6,7.712082,false,,,,,6.5705,5.3278,,,0,missing,idescat_etca;gencat_tourism_registry_t2h3-cgys,,2026-08-21T21:48:17Z,0.2.0,not_published,ETCA is not published for every municipality.,engineering_pending,0,100,0,,official,default,false
430311,les Borges del Camp,08,Baix Camp,2024,2256,227,-317,2166,96,0.960106,11,4.875887,0,0,0,11,4.875887,false,,,,14.6771,4.9849,3.2835,,9.9753,75,municipality,idescat_etca;gencat_tourism_registry_t2h3-cgys,,2026-08-21T21:48:17Z,0.2.0,,IEET municipal not used; score is the documented base formula.,complete,9.9753,9.9753,100,,official,default,true
430326,Bot,37,Terra Alta,2024,,,,,,,13,23.853211,2,3,1,19,34.862385,false,,,,,24.3867,24.898,,,0,missing,idescat_etca;gencat_tourism_registry_t2h3-cgys,,2026-08-21T21:48:17Z,0.2.0,not_published,ETCA is not published for every municipality.,engineering_pending,0,100,0,,official,default,false
430332,Botarell,08,Baix Camp,2024,1170,221,-227,1164,99.5,0.994872,11,9.401709,2,0,0,13,11.111111,false,,,,19.8045,9.612,7.7779,,14.8511,75,municipality,idescat_etca;gencat_tourism_registry_t2h3-cgys,,2026-08-21T21:48:17Z,0.2.0,,IEET municipal not used; score is the documented base formula.,complete,14.8511,14.8511,100,,official,default,true
430347,Bràfim,01,Alt Camp,2024,,,,,,,0,0,0,1,0,1,1.41844,false,,,,,0,0.7913,,,0,missing,idescat_etca;gencat_tourism_registry_t2h3-cgys,,2026-08-21T21:48:17Z,0.2.0,not_published,ETCA is not published for every municipality.,engineering_pending,0,100,0,,official,default,false
430350,Cabacés,29,Priorat,2024,,,,,,,3,10.169492,0,0,0,3,10.169492,false,,,,,10.3969,7.0991,,,0,missing,idescat_etca;gencat_tourism_registry_t2h3-cgys,,2026-08-21T21:48:17Z,0.2.0,not_published,ETCA is not published for every municipality.,engineering_pending,0,100,0,,official,default,false
430363,Cabra del Camp,01,Alt Camp,2024,1325,146,-196,1275,96.2,0.962264,9,6.792453,0,1,0,10,7.54717,false,,,,14.9953,6.9444,5.2089,,11.0253,75,municipality,idescat_etca;gencat_tourism_registry_t2h3-cgys,,2026-08-21T21:48:17Z,0.2.0,,IEET municipal not used; score is the documented base formula.,complete,11.0253,11.0253,100,,official,default,true
430379,Calafell,12,Baix Penedès,2024,31567,12270,-3886,39951,126.6,1.265594,1697,53.758672,10,0,0,1707,54.075459,false,,,,59.7325,54.9609,38.7469,,54.3425,75,municipality,idescat_etca;gencat_tourism_registry_t2h3-cgys,,2026-08-21T21:48:17Z,0.2.0,,IEET municipal not used; score is the documented base formula.,complete,54.3425,54.3425,100,,official,default,true
430385,Cambrils,08,Baix Camp,2024,36686,17849,-4880,49656,135.4,1.353541,3765,102.627705,27,1,4,3797,103.499973,false,,,,72.7035,100,74.3725,,79.8614,75,municipality,idescat_etca;gencat_tourism_registry_t2h3-cgys,,2026-08-21T21:48:17Z,0.2.0,,IEET municipal not used; score is the documented base formula.,complete,79.8614,79.8614,100,,official,default,true
430398,Capafonts,08,Baix Camp,2024,,,,,,,9,89.108911,1,5,0,15,148.514851,false,,,,,91.1018,100,,,0,missing,idescat_etca;gencat_tourism_registry_t2h3-cgys,,2026-08-21T21:48:17Z,0.2.0,not_published,ETCA is not published for every municipality.,engineering_pending,0,100,0,,official,default,false
430402,Capçanes,29,Priorat,2024,,,,,,,4,8.96861,0,1,0,5,11.210762,false,,,,,9.1692,7.8497,,,0,missing,idescat_etca;gencat_tourism_registry_t2h3-cgys,,2026-08-21T21:48:17Z,0.2.0,not_published,ETCA is not published for every municipality.,engineering_pending,0,100,0,,official,default,false
430419,Caseres,37,Terra Alta,2024,,,,,,,5,20,1,4,0,10,40,false,,,,,20.4473,28.6012,,,0,missing,idescat_etca;gencat_tourism_registry_t2h3-cgys,,2026-08-21T21:48:17Z,0.2.0,not_published,ETCA is not published for every municipality.,engineering_pending,0,100,0,,official,default,false
430424,Castellvell del Camp,08,Baix Camp,2024,2991,87,-547,2532,84.7,0.84654,12,4.012036,0,0,0,12,4.012036,false,,,,0,4.1018,2.6608,,1.5576,75,municipality,idescat_etca;gencat_tourism_registry_t2h3-cgys,,2026-08-21T21:48:17Z,0.2.0,,IEET municipal not used; score is the documented base formula.,complete,1.5576,1.5576,100,,official,default,true
430430,el Catllar,36,Tarragonès,2024,5215,402,-998,4619,88.6,0.885714,40,7.670182,0,3,0,43,8.245446,false,,,,3.7052,7.8417,5.7123,,5.1407,75,municipality,idescat_etca;gencat_tourism_registry_t2h3-cgys,,2026-08-21T21:48:17Z,0.2.0,,IEET municipal not used; score is the documented base formula.,complete,5.1407,5.1407,100,,official,default,true
430445,la Sénia,22,Montsià,2024,5618,193,-534,5277,93.9,0.939302,10,1.779993,2,0,0,12,2.135991,false,,,,11.6087,1.8198,1.3085,,7.1014,75,municipality,idescat_etca;gencat_tourism_registry_t2h3-cgys,,2026-08-21T21:48:17Z,0.2.0,,IEET municipal not used; score is the documented base formula.,complete,7.1014,7.1014,100,,official,default,true
430458,Colldejou,08,Baix Camp,2024,,,,,,,6,38.216561,1,1,0,8,50.955414,false,,,,,39.0712,36.498,,,0,missing,idescat_etca;gencat_tourism_registry_t2h3-cgys,,2026-08-21T21:48:17Z,0.2.0,not_published,ETCA is not published for every municipality.,engineering_pending,0,100,0,,official,default,false
430461,Conesa,16,Conca de Barberà,2024,,,,,,,1,8.849558,0,3,0,4,35.39823,false,,,,,9.0475,25.2842,,,0,missing,idescat_etca;gencat_tourism_registry_t2h3-cgys,,2026-08-21T21:48:17Z,0.2.0,not_published,ETCA is not published for every municipality.,engineering_pending,0,100,0,,official,default,false
430477,Constantí,36,Tarragonès,2024,6921,1711,-907,7725,111.6,1.116168,8,1.155902,0,0,0,8,1.155902,false,,,,37.6941,1.1818,0.6021,,21.1476,75,municipality,idescat_etca;gencat_tourism_registry_t2h3-cgys,,2026-08-21T21:48:17Z,0.2.0,,IEET municipal not used; score is the documented base formula.,complete,21.1476,21.1476,100,,official,default,true
430483,Corbera d'Ebre,37,Terra Alta,2024,1016,26,-132,910,89.6,0.895669,12,11.811024,0,2,0,14,13.779528,false,,,,5.1734,12.0752,9.7013,,7.8044,75,municipality,idescat_etca;gencat_tourism_registry_t2h3-cgys,,2026-08-21T21:48:17Z,0.2.0,,IEET municipal not used; score is the documented base formula.,complete,7.8044,7.8044,100,,official,default,true
430496,Cornudella de Montsant,29,Priorat,2024,1033,355,-100,1287,124.6,1.245886,58,56.147144,2,11,1,72,69.699903,false,,,,56.8258,57.4028,50.0092,,55.6067,75,municipality,idescat_etca;gencat_tourism_registry_t2h3-cgys,,2026-08-21T21:48:17Z,0.2.0,,IEET municipal not used; score is the documented base formula.,complete,55.6067,55.6067,100,,official,default,true
430509,Creixell,36,Tarragonès,2024,4169,2871,-699,6341,152.1,1.520988,255,61.165747,2,0,5,262,62.844807,false,,,,97.3998,62.5337,45.068,,78.2169,75,municipality,idescat_etca;gencat_tourism_registry_t2h3-cgys,,2026-08-21T21:48:17Z,0.2.0,,IEET municipal not used; score is the documented base formula.,complete,78.2169,78.2169,100,,official,default,true
430516,Cunit,12,Baix Penedès,2024,15750,5122,-2055,18817,119.5,1.19473,649,41.206349,3,0,1,653,41.460317,false,,,,49.281,42.1279,29.6538,,43.5673,75,municipality,idescat_etca;gencat_tourism_registry_t2h3-cgys,,2026-08-21T21:48:17Z,0.2.0,,IEET municipal not used; score is the documented base formula.,complete,43.5673,43.5673,100,,official,default,true
430521,Xerta,09,Baix Ebre,2024,1153,106,-168,1091,94.6,0.946227,9,7.805724,2,0,0,11,9.54033,false,,,,12.6301,7.9803,6.6456,,10.2707,75,municipality,idescat_etca;gencat_tourism_registry_t2h3-cgys,,2026-08-21T21:48:17Z,0.2.0,,IEET municipal not used; score is the documented base formula.,complete,10.2707,10.2707,100,,official,default,true
430537,Duesaigües,08,Baix Camp,2024,,,,,,,12,54.794521,0,1,0,13,59.360731,false,,,,,56.02,42.5566,,,0,missing,idescat_etca;gencat_tourism_registry_t2h3-cgys,,2026-08-21T21:48:17Z,0.2.0,not_published,ETCA is not published for every municipality.,engineering_pending,0,100,0,,official,default,false
430542,l'Espluga de Francolí,16,Conca de Barberà,2024,3850,365,-480,3735,97,0.97013,28,7.272727,6,3,0,37,9.61039,false,,,,16.1554,7.4354,6.6961,,12.0835,75,municipality,idescat_etca;gencat_tourism_registry_t2h3-cgys,,2026-08-21T21:48:17Z,0.2.0,,IEET municipal not used; score is the documented base formula.,complete,12.0835,12.0835,100,,official,default,true
430555,Falset,29,Priorat,2024,2875,319,-275,2919,101.5,1.015304,19,6.608696,4,4,0,27,9.391304,false,,,,22.818,6.7565,6.5382,,15.5467,75,municipality,idescat_etca;gencat_tourism_registry_t2h3-cgys,,2026-08-21T21:48:17Z,0.2.0,,IEET municipal not used; score is the documented base formula.,complete,15.5467,15.5467,100,,official,default,true
430568,la Fatarella,37,Terra Alta,2024,,,,,,,4,4.756243,2,0,0,6,7.134364,false,,,,,4.8626,4.9114,,,0,missing,idescat_etca;gencat_tourism_registry_t2h3-cgys,,2026-08-21T21:48:17Z,0.2.0,not_published,ETCA is not published for every municipality.,engineering_pending,0,100,0,,official,default,false
430574,la Febró,08,Baix Camp,2024,,,,,,,1,28.571429,0,1,0,2,57.142857,false,,,,,29.2104,40.9579,,,0,missing,idescat_etca;gencat_tourism_registry_t2h3-cgys,,2026-08-21T21:48:17Z,0.2.0,not_published,ETCA is not published for every municipality.,engineering_pending,0,100,0,,official,default,false
430580,la Figuera,29,Priorat,2024,,,,,,,4,34.482759,0,0,0,4,34.482759,false,,,,,35.2539,24.6243,,,0,missing,idescat_etca;gencat_tourism_registry_t2h3-cgys,,2026-08-21T21:48:17Z,0.2.0,not_published,ETCA is not published for every municipality.,engineering_pending,0,100,0,,official,default,false
430593,Figuerola del Camp,01,Alt Camp,2024,,,,,,,3,8.746356,0,1,0,4,11.661808,false,,,,,8.942,8.1748,,,0,missing,idescat_etca;gencat_tourism_registry_t2h3-cgys,,2026-08-21T21:48:17Z,0.2.0,not_published,ETCA is not published for every municipality.,engineering_pending,0,100,0,,official,default,false
430607,Flix,30,Ribera d'Ebre,2024,3323,412,-344,3390,102,1.020163,7,2.10653,2,1,0,10,3.009329,false,,,,23.5346,2.1536,1.938,,13.87,75,municipality,idescat_etca;gencat_tourism_registry_t2h3-cgys,,2026-08-21T21:48:17Z,0.2.0,,IEET municipal not used; score is the documented base formula.,complete,13.87,13.87,100,,official,default,true
430614,Forès,16,Conca de Barberà,2024,,,,,,,3,76.923077,0,0,0,3,76.923077,false,,,,,78.6434,55.2157,,,0,missing,idescat_etca;gencat_tourism_registry_t2h3-cgys,,2026-08-21T21:48:17Z,0.2.0,not_published,ETCA is not published for every municipality.,engineering_pending,0,100,0,,official,default,false
430629,Freginals,22,Montsià,2024,,,,,,,2,4.494382,0,0,0,2,4.494382,false,,,,,4.5949,3.0085,,,0,missing,idescat_etca;gencat_tourism_registry_t2h3-cgys,,2026-08-21T21:48:17Z,0.2.0,not_published,ETCA is not published for every municipality.,engineering_pending,0,100,0,,official,default,false
430635,la Galera,22,Montsià,2024,,,,,,,13,17.783858,0,1,0,14,19.151847,false,,,,,18.1816,13.5737,,,0,missing,idescat_etca;gencat_tourism_registry_t2h3-cgys,,2026-08-21T21:48:17Z,0.2.0,not_published,ETCA is not published for every municipality.,engineering_pending,0,100,0,,official,default,false
430640,Gandesa,37,Terra Alta,2024,3160,367,-285,3243,102.6,1.026266,11,3.481013,3,0,0,14,4.43038,false,,,,24.4347,3.5589,2.9623,,14.9213,75,municipality,idescat_etca;gencat_tourism_registry_t2h3-cgys,,2026-08-21T21:48:17Z,0.2.0,,IEET municipal not used; score is the documented base formula.,complete,14.9213,14.9213,100,,official,default,true
430653,Garcia,30,Ribera d'Ebre,2024,,,,,,,1,1.801802,0,2,0,3,5.405405,false,,,,,1.8421,3.6651,,,0,missing,idescat_etca;gencat_tourism_registry_t2h3-cgys,,2026-08-21T21:48:17Z,0.2.0,not_published,ETCA is not published for every municipality.,engineering_pending,0,100,0,,official,default,false
430666,els Garidells,01,Alt Camp,2024,,,,,,,1,4.739336,0,1,0,2,9.478673,false,,,,,4.8453,6.6012,,,0,missing,idescat_etca;gencat_tourism_registry_t2h3-cgys,,2026-08-21T21:48:17Z,0.2.0,not_published,ETCA is not published for every municipality.,engineering_pending,0,100,0,,official,default,false
430672,Ginestar,30,Ribera d'Ebre,2024,,,,,,,2,2.503129,0,6,0,8,10.012516,false,,,,,2.5591,6.986,,,0,missing,idescat_etca;gencat_tourism_registry_t2h3-cgys,,2026-08-21T21:48:17Z,0.2.0,not_published,ETCA is not published for every municipality.,engineering_pending,0,100,0,,official,default,false
430688,Godall,22,Montsià,2024,,,,,,,8,13.333333,0,0,0,8,13.333333,false,,,,,13.6315,9.3797,,,0,missing,idescat_etca;gencat_tourism_registry_t2h3-cgys,,2026-08-21T21:48:17Z,0.2.0,not_published,ETCA is not published for every municipality.,engineering_pending,0,100,0,,official,default,false
430691,Gratallops,29,Priorat,2024,,,,,,,11,48.45815,6,1,0,18,79.295154,false,,,,,49.5419,56.9255,,,0,missing,idescat_etca;gencat_tourism_registry_t2h3-cgys,,2026-08-21T21:48:17Z,0.2.0,not_published,ETCA is not published for every municipality.,engineering_pending,0,100,0,,official,default,false
430705,els Guiamets,29,Priorat,2024,,,,,,,0,0,1,1,0,2,7.905138,false,,,,,0,5.467,,,0,missing,idescat_etca;gencat_tourism_registry_t2h3-cgys,,2026-08-21T21:48:17Z,0.2.0,not_published,ETCA is not published for every municipality.,engineering_pending,0,100,0,,official,default,false
430712,Horta de Sant Joan,37,Terra Alta,2024,1157,186,-119,1224,105.8,1.057908,37,31.979257,3,15,0,55,47.536733,false,,,,29.1016,32.6944,34.0338,,30.9862,75,municipality,idescat_etca;gencat_tourism_registry_t2h3-cgys,,2026-08-21T21:48:17Z,0.2.0,,IEET municipal not used; score is the documented base formula.,complete,30.9862,30.9862,100,,official,default,true
430727,el Lloar,29,Priorat,2024,,,,,,,4,40,0,1,0,5,50,false,,,,,40.8946,35.8093,,,0,missing,idescat_etca;gencat_tourism_registry_t2h3-cgys,,2026-08-21T21:48:17Z,0.2.0,not_published,ETCA is not published for every municipality.,engineering_pending,0,100,0,,official,default,false
430733,Llorac,16,Conca de Barberà,2024,,,,,,,3,28.571429,0,1,0,4,38.095238,false,,,,,29.2104,27.2282,,,0,missing,idescat_etca;gencat_tourism_registry_t2h3-cgys,,2026-08-21T21:48:17Z,0.2.0,not_published,ETCA is not published for every municipality.,engineering_pending,0,100,0,,official,default,false
430748,Llorenç del Penedès,12,Baix Penedès,2024,2422,211,-354,2279,94.1,0.940958,8,3.303055,0,0,0,8,3.303055,false,,,,11.8529,3.3769,2.1497,,7.7933,75,municipality,idescat_etca;gencat_tourism_registry_t2h3-cgys,,2026-08-21T21:48:17Z,0.2.0,,IEET municipal not used; score is the documented base formula.,complete,7.7933,7.7933,100,,official,default,true
430751,Margalef,29,Priorat,2024,,,,,,,24,218.181818,1,1,0,26,236.363636,false,,,,,100,100,,,0,missing,idescat_etca;gencat_tourism_registry_t2h3-cgys,,2026-08-21T21:48:17Z,0.2.0,not_published,ETCA is not published for every municipality.,engineering_pending,0,100,0,,official,default,false
430764,Marçà,29,Priorat,2024,,,,,,,11,17.628205,0,1,0,12,19.230769,false,,,,,18.0224,13.6306,,,0,missing,idescat_etca;gencat_tourism_registry_t2h3-cgys,,2026-08-21T21:48:17Z,0.2.0,not_published,ETCA is not published for every municipality.,engineering_pending,0,100,0,,official,default,false
430770,Mas de Barberans,22,Montsià,2024,,,,,,,3,5.607477,0,2,0,5,9.345794,false,,,,,5.7329,6.5054,,,0,missing,idescat_etca;gencat_tourism_registry_t2h3-cgys,,2026-08-21T21:48:17Z,0.2.0,not_published,ETCA is not published for every municipality.,engineering_pending,0,100,0,,official,default,false
430786,Masdenverge,22,Montsià,2024,1149,18,-191,976,84.9,0.849434,4,3.481288,1,4,0,9,7.832898,false,,,,0,3.5591,5.4149,,1.9728,75,municipality,idescat_etca;gencat_tourism_registry_t2h3-cgys,,2026-08-21T21:48:17Z,0.2.0,,IEET municipal not used; score is the documented base formula.,complete,1.9728,1.9728,100,,official,default,true
430799,Masllorenç,12,Baix Penedès,2024,,,,,,,4,7.042254,0,1,0,5,8.802817,false,,,,,7.1997,6.114,,,0,missing,idescat_etca;gencat_tourism_registry_t2h3-cgys,,2026-08-21T21:48:17Z,0.2.0,not_published,ETCA is not published for every municipality.,engineering_pending,0,100,0,,official,default,false
430803,la Masó,01,Alt Camp,2024,,,,,,,0,0,0,0,0,0,0,false,,,,,0,0,,,0,missing,idescat_etca;gencat_tourism_registry_t2h3-cgys,,2026-08-21T21:48:17Z,0.2.0,not_published,ETCA is not published for every municipality.,engineering_pending,0,100,0,,official,default,false
430810,Maspujols,08,Baix Camp,2024,,,,,,,6,6.543075,0,0,0,6,6.543075,false,,,,,6.6894,4.4852,,,0,missing,idescat_etca;gencat_tourism_registry_t2h3-cgys,,2026-08-21T21:48:17Z,0.2.0,not_published,ETCA is not published for every municipality.,engineering_pending,0,100,0,,official,default,false
430825,el Masroig,29,Priorat,2024,,,,,,,5,10.48218,0,1,0,6,12.578616,false,,,,,10.7166,8.8356,,,0,missing,idescat_etca;gencat_tourism_registry_t2h3-cgys,,2026-08-21T21:48:17Z,0.2.0,not_published,ETCA is not published for every municipality.,engineering_pending,0,100,0,,official,default,false
430831,el Milà,01,Alt Camp,2024,,,,,,,0,0,0,2,0,2,10.309278,false,,,,,0,7.1999,,,0,missing,idescat_etca;gencat_tourism_registry_t2h3-cgys,,2026-08-21T21:48:17Z,0.2.0,not_published,ETCA is not published for every municipality.,engineering_pending,0,100,0,,official,default,false
430846,Miravet,30,Ribera d'Ebre,2024,,,,,,,18,25.677603,0,8,0,26,37.089872,false,,,,,26.2519,26.5036,,,0,missing,idescat_etca;gencat_tourism_registry_t2h3-cgys,,2026-08-21T21:48:17Z,0.2.0,not_published,ETCA is not published for every municipality.,engineering_pending,0,100,0,,official,default,false
430859,el Molar,29,Priorat,2024,,,,,,,0,0,0,1,0,1,3.322259,false,,,,,0,2.1636,,,0,missing,idescat_etca;gencat_tourism_registry_t2h3-cgys,,2026-08-21T21:48:17Z,0.2.0,not_published,ETCA is not published for every municipality.,engineering_pending,0,100,0,,official,default,false
430862,Montblanc,16,Conca de Barberà,2024,7539,1444,-630,8354,110.8,1.108105,47,6.234249,5,6,1,59,7.825972,false,,,,36.5049,6.3737,5.4099,,22.7531,75,municipality,idescat_etca;gencat_tourism_registry_t2h3-cgys,,2026-08-21T21:48:17Z,0.2.0,,IEET municipal not used; score is the documented base formula.,complete,22.7531,22.7531,100,,official,default,true
430884,Montbrió del Camp,08,Baix Camp,2024,3137,410,-576,2971,94.7,0.947083,16,5.100414,2,2,0,20,6.375518,false,,,,12.7563,5.2145,4.3644,,9.1925,75,municipality,idescat_etca;gencat_tourism_registry_t2h3-cgys,,2026-08-21T21:48:17Z,0.2.0,,IEET municipal not used; score is the documented base formula.,complete,9.1925,9.1925,100,,official,default,true
430897,Montferri,01,Alt Camp,2024,,,,,,,2,3.929273,0,3,0,5,9.823183,false,,,,,4.0171,6.8495,,,0,missing,idescat_etca;gencat_tourism_registry_t2h3-cgys,,2026-08-21T21:48:17Z,0.2.0,not_published,ETCA is not published for every municipality.,engineering_pending,0,100,0,,official,default,false
430901,el Montmell,12,Baix Penedès,2024,1916,325,-220,2021,105.5,1.054802,34,17.745303,0,3,0,37,19.311065,false,,,,28.6434,18.1422,13.6885,,23.0271,75,municipality,idescat_etca;gencat_tourism_registry_t2h3-cgys,,2026-08-21T21:48:17Z,0.2.0,,IEET municipal not used; score is the documented base formula.,complete,23.0271,23.0271,100,,official,default,true
430918,Mont-ral,01,Alt Camp,2024,,,,,,,8,45.454545,1,6,0,15,85.227273,false,,,,,46.4711,61.2014,,,0,missing,idescat_etca;gencat_tourism_registry_t2h3-cgys,,2026-08-21T21:48:17Z,0.2.0,not_published,ETCA is not published for every municipality.,engineering_pending,0,100,0,,official,default,false
430923,Mont-roig del Camp,08,Baix Camp,2024,14185,10110,-1530,22764,160.5,1.604794,2967,209.164611,13,0,6,2986,210.504054,false,,,,100,100,100,,100,75,municipality,idescat_etca;gencat_tourism_registry_t2h3-cgys,,2026-08-21T21:48:17Z,0.2.0,,IEET municipal not used; score is the documented base formula.,complete,100,100,100,,official,default,true
430939,Móra d'Ebre,30,Ribera d'Ebre,2024,5739,624,-712,5650,98.4,0.984492,25,4.35616,4,1,0,30,5.227392,false,,,,18.2736,4.4536,3.5368,,11.8712,75,municipality,idescat_etca;gencat_tourism_registry_t2h3-cgys,,2026-08-21T21:48:17Z,0.2.0,,IEET municipal not used; score is the documented base formula.,complete,11.8712,11.8712,100,,official,default,true
430944,Móra la Nova,30,Ribera d'Ebre,2024,3309,206,-569,2947,89.1,0.890601,7,2.115443,3,0,0,10,3.022061,false,,,,4.426,2.1628,1.9472,,3.3644,75,municipality,idescat_etca;gencat_tourism_registry_t2h3-cgys,,2026-08-21T21:48:17Z,0.2.0,,IEET municipal not used; score is the documented base formula.,complete,3.3644,3.3644,100,,official,default,true
430957,el Morell,36,Tarragonès,2024,3851,855,-581,4125,107.1,1.07115,3,0.779018,5,0,0,8,2.077382,false,,,,31.0546,0.7964,1.2663,,17.5324,75,municipality,idescat_etca;gencat_tourism_registry_t2h3-cgys,,2026-08-21T21:48:17Z,0.2.0,,IEET municipal not used; score is the documented base formula.,complete,17.5324,17.5324,100,,official,default,true
430960,la Morera de Montsant,29,Priorat,2024,,,,,,,10,64.935065,3,0,0,13,84.415584,false,,,,,66.3873,60.6164,,,0,missing,idescat_etca;gencat_tourism_registry_t2h3-cgys,,2026-08-21T21:48:17Z,0.2.0,not_published,ETCA is not published for every municipality.,engineering_pending,0,100,0,,official,default,false
430976,la Nou de Gaià,36,Tarragonès,2024,,,,,,,4,6.644518,0,0,0,4,6.644518,false,,,,,6.7931,4.5583,,,0,missing,idescat_etca;gencat_tourism_registry_t2h3-cgys,,2026-08-21T21:48:17Z,0.2.0,not_published,ETCA is not published for every municipality.,engineering_pending,0,100,0,,official,default,false
430982,Nulles,01,Alt Camp,2024,,,,,,,5,8.992806,0,7,0,12,21.582734,false,,,,,9.1939,15.3259,,,0,missing,idescat_etca;gencat_tourism_registry_t2h3-cgys,,2026-08-21T21:48:17Z,0.2.0,not_published,ETCA is not published for every municipality.,engineering_pending,0,100,0,,official,default,false
430995,la Palma d'Ebre,30,Ribera d'Ebre,2024,,,,,,,1,3.021148,0,0,0,1,3.021148,false,,,,,3.0887,1.9465,,,0,missing,idescat_etca;gencat_tourism_registry_t2h3-cgys,,2026-08-21T21:48:17Z,0.2.0,not_published,ETCA is not published for every municipality.,engineering_pending,0,100,0,,official,default,false
431009,els Pallaresos,36,Tarragonès,2024,5018,299,-884,4433,88.3,0.88342,3,0.597848,0,0,0,3,0.597848,false,,,,3.3668,0.6112,0.1998,,2.0445,75,municipality,idescat_etca;gencat_tourism_registry_t2h3-cgys,,2026-08-21T21:48:17Z,0.2.0,,IEET municipal not used; score is the documented base formula.,complete,2.0445,2.0445,100,,official,default,true
431016,Passanant i Belltall,16,Conca de Barberà,2024,,,,,,,3,20.134228,1,2,0,6,40.268456,false,,,,,20.5845,28.7947,,,0,missing,idescat_etca;gencat_tourism_registry_t2h3-cgys,,2026-08-21T21:48:17Z,0.2.0,not_published,ETCA is not published for every municipality.,engineering_pending,0,100,0,,official,default,false
431021,Paüls,09,Baix Ebre,2024,,,,,,,10,18.050542,0,3,0,13,23.465704,false,,,,,18.4542,16.6832,,,0,missing,idescat_etca;gencat_tourism_registry_t2h3-cgys,,2026-08-21T21:48:17Z,0.2.0,not_published,ETCA is not published for every municipality.,engineering_pending,0,100,0,,official,default,false
431037,Perafort,36,Tarragonès,2024,1319,113,-299,1132,85.8,0.858226,0,0,1,0,0,1,0.75815,false,,,,0,0,0.3154,,0.0631,75,municipality,idescat_etca;gencat_tourism_registry_t2h3-cgys,,2026-08-21T21:48:17Z,0.2.0,,IEET municipal not used; score is the documented base formula.,complete,0.0631,0.0631,100,,official,default,true
431042,el Perelló,09,Baix Ebre,2024,2933,680,-305,3309,112.8,1.128196,185,63.075349,6,7,0,198,67.507671,false,,,,39.4681,64.486,48.429,,47.5148,75,municipality,idescat_etca;gencat_tourism_registry_t2h3-cgys,,2026-08-21T21:48:17Z,0.2.0,,IEET municipal not used; score is the documented base formula.,complete,47.5148,47.5148,100,,official,default,true
431055,les Piles de Gaià,16,Conca de Barberà,2024,,,,,,,4,17.54386,0,3,0,7,30.701754,false,,,,,17.9362,21.899,,,0,missing,idescat_etca;gencat_tourism_registry_t2h3-cgys,,2026-08-21T21:48:17Z,0.2.0,not_published,ETCA is not published for every municipality.,engineering_pending,0,100,0,,official,default,false
431068,el Pinell de Brai,37,Terra Alta,2024,975,80,-155,901,92.4,0.924103,8,8.205128,1,2,0,11,11.282051,false,,,,9.367,8.3886,7.9011,,8.8292,75,municipality,idescat_etca;gencat_tourism_registry_t2h3-cgys,,2026-08-21T21:48:17Z,0.2.0,,IEET municipal not used; score is the documented base formula.,complete,8.8292,8.8292,100,,official,default,true
431074,Pira,16,Conca de Barberà,2024,,,,,,,1,1.953125,0,3,0,4,7.8125,false,,,,,1.9968,5.4002,,,0,missing,idescat_etca;gencat_tourism_registry_t2h3-cgys,,2026-08-21T21:48:17Z,0.2.0,not_published,ETCA is not published for every municipality.,engineering_pending,0,100,0,,official,default,false
431080,el Pla de Santa Maria,01,Alt Camp,2024,2391,370,-330,2431,101.7,1.016729,2,0.83647,0,1,0,3,1.254705,false,,,,23.0282,0.8552,0.6733,,13.014,75,municipality,idescat_etca;gencat_tourism_registry_t2h3-cgys,,2026-08-21T21:48:17Z,0.2.0,,IEET municipal not used; score is the documented base formula.,complete,13.014,13.014,100,,official,default,true
431093,la Pobla de Mafumet,36,Tarragonès,2024,4127,747,-637,4237,102.7,1.026654,3,0.72692,1,0,0,4,0.969227,false,,,,24.4919,0.7432,0.4675,,13.7498,75,municipality,idescat_etca;gencat_tourism_registry_t2h3-cgys,,2026-08-21T21:48:17Z,0.2.0,,IEET municipal not used; score is the documented base formula.,complete,13.7498,13.7498,100,,official,default,true
431107,la Pobla de Massaluca,37,Terra Alta,2024,,,,,,,3,8.72093,0,1,1,5,14.534884,false,,,,,8.916,10.2457,,,0,missing,idescat_etca;gencat_tourism_registry_t2h3-cgys,,2026-08-21T21:48:17Z,0.2.0,not_published,ETCA is not published for every municipality.,engineering_pending,0,100,0,,official,default,false
431114,la Pobla de Montornès,36,Tarragonès,2024,3357,807,-602,3562,106.1,1.061066,58,17.277331,0,0,0,58,17.277331,false,,,,29.5674,17.6637,12.2225,,23.1225,75,municipality,idescat_etca;gencat_tourism_registry_t2h3-cgys,,2026-08-21T21:48:17Z,0.2.0,,IEET municipal not used; score is the documented base formula.,complete,23.1225,23.1225,100,,official,default,true
431129,Poboleda,29,Priorat,2024,,,,,,,16,46.376812,2,1,1,20,57.971014,false,,,,,47.414,41.5549,,,0,missing,idescat_etca;gencat_tourism_registry_t2h3-cgys,,2026-08-21T21:48:17Z,0.2.0,not_published,ETCA is not published for every municipality.,engineering_pending,0,100,0,,official,default,false
431135,el Pont d'Armentera,01,Alt Camp,2024,,,,,,,1,1.972387,0,0,0,1,1.972387,false,,,,,2.0165,1.1906,,,0,missing,idescat_etca;gencat_tourism_registry_t2h3-cgys,,2026-08-21T21:48:17Z,0.2.0,not_published,ETCA is not published for every municipality.,engineering_pending,0,100,0,,official,default,false
431140,Porrera,29,Priorat,2024,,,,,,,9,22.113022,2,7,0,18,44.226044,false,,,,,22.6076,31.6474,,,0,missing,idescat_etca;gencat_tourism_registry_t2h3-cgys,,2026-08-21T21:48:17Z,0.2.0,not_published,ETCA is not published for every municipality.,engineering_pending,0,100,0,,official,default,false
431153,Pradell de la Teixeta,29,Priorat,2024,,,,,,,2,10.989011,0,2,0,4,21.978022,false,,,,,11.2348,15.6108,,,0,missing,idescat_etca;gencat_tourism_registry_t2h3-cgys,,2026-08-21T21:48:17Z,0.2.0,not_published,ETCA is not published for every municipality.,engineering_pending,0,100,0,,official,default,false
431166,Prades,08,Baix Camp,2024,671,535,-82,1124,167.5,1.675112,52,77.496274,3,3,1,59,87.928465,false,,,,100,79.2294,63.1485,,87.4371,75,municipality,idescat_etca;gencat_tourism_registry_t2h3-cgys,,2026-08-21T21:48:17Z,0.2.0,,IEET municipal not used; score is the documented base formula.,complete,87.4371,87.4371,100,,official,default,true
431172,Prat de Comte,37,Terra Alta,2024,,,,,,,4,22.222222,1,1,0,6,33.333333,false,,,,,22.7192,23.7958,,,0,missing,idescat_etca;gencat_tourism_registry_t2h3-cgys,,2026-08-21T21:48:17Z,0.2.0,not_published,ETCA is not published for every municipality.,engineering_pending,0,100,0,,official,default,false
431188,Pratdip,08,Baix Camp,2024,,,,,,,77,98.214286,1,1,0,79,100.765306,false,,,,,100,72.4014,,,0,missing,idescat_etca;gencat_tourism_registry_t2h3-cgys,,2026-08-21T21:48:17Z,0.2.0,not_published,ETCA is not published for every municipality.,engineering_pending,0,100,0,,official,default,false
431191,Puigpelat,01,Alt Camp,2024,1208,246,-280,1175,97.3,0.972682,6,4.966887,0,0,0,6,4.966887,false,,,,16.5318,5.078,3.349,,11.0318,75,municipality,idescat_etca;gencat_tourism_registry_t2h3-cgys,,2026-08-21T21:48:17Z,0.2.0,,IEET municipal not used; score is the documented base formula.,complete,11.0318,11.0318,100,,official,default,true
431205,Querol,01,Alt Camp,2024,,,,,,,8,13.029316,0,4,0,12,19.543974,false,,,,,13.3207,13.8563,,,0,missing,idescat_etca;gencat_tourism_registry_t2h3-cgys,,2026-08-21T21:48:17Z,0.2.0,not_published,ETCA is not published for every municipality.,engineering_pending,0,100,0,,official,default,false
431212,Rasquera,30,Ribera d'Ebre,2024,,,,,,,27,34.263959,0,5,0,32,40.609137,false,,,,,35.0302,29.0403,,,0,missing,idescat_etca;gencat_tourism_registry_t2h3-cgys,,2026-08-21T21:48:17Z,0.2.0,not_published,ETCA is not published for every municipality.,engineering_pending,0,100,0,,official,default,false
431227,Renau,36,Tarragonès,2024,,,,,,,3,18.181818,0,5,0,8,48.484848,false,,,,,18.5884,34.7172,,,0,missing,idescat_etca;gencat_tourism_registry_t2h3-cgys,,2026-08-21T21:48:17Z,0.2.0,not_published,ETCA is not published for every municipality.,engineering_pending,0,100,0,,official,default,false
431233,Reus,08,Baix Camp,2024,109961,8191,-11266,106885,97.2,0.972026,181,1.646038,10,2,0,193,1.755168,false,,,,16.4351,1.6829,1.034,,9.6668,75,municipality,idescat_etca;gencat_tourism_registry_t2h3-cgys,,2026-08-21T21:48:17Z,0.2.0,,IEET municipal not used; score is the documented base formula.,complete,9.6668,9.6668,100,,official,default,true
431248,la Riba,01,Alt Camp,2024,,,,,,,2,3.484321,0,0,0,2,3.484321,false,,,,,3.5622,2.2804,,,0,missing,idescat_etca;gencat_tourism_registry_t2h3-cgys,,2026-08-21T21:48:17Z,0.2.0,not_published,ETCA is not published for every municipality.,engineering_pending,0,100,0,,official,default,false
431251,Riba-roja d'Ebre,30,Ribera d'Ebre,2024,1126,111,-145,1092,97,0.969805,15,13.321492,1,0,1,17,15.097691,false,,,,16.1074,13.6194,10.6514,,14.3942,75,municipality,idescat_etca;gencat_tourism_registry_t2h3-cgys,,2026-08-21T21:48:17Z,0.2.0,,IEET municipal not used; score is the documented base formula.,complete,14.3942,14.3942,100,,official,default,true
431264,la Riera de Gaià,36,Tarragonès,2024,1806,126,-316,1616,89.5,0.894795,34,18.826135,1,1,0,36,19.933555,false,,,,5.0445,19.2472,14.1372,,10.4137,75,municipality,idescat_etca;gencat_tourism_registry_t2h3-cgys,,2026-08-21T21:48:17Z,0.2.0,,IEET municipal not used; score is the documented base formula.,complete,10.4137,10.4137,100,,official,default,true
431270,Riudecanyes,08,Baix Camp,2024,1359,141,-258,1242,91.4,0.913907,23,16.924209,0,1,0,24,17.660044,false,,,,7.8633,17.3027,12.4984,,11.1502,75,municipality,idescat_etca;gencat_tourism_registry_t2h3-cgys,,2026-08-21T21:48:17Z,0.2.0,,IEET municipal not used; score is the documented base formula.,complete,11.1502,11.1502,100,,official,default,true
431286,Riudecols,08,Baix Camp,2024,1248,93,-181,1160,92.9,0.929487,7,5.608974,0,1,0,8,6.410256,false,,,,10.1611,5.7344,4.3894,,7.9001,75,municipality,idescat_etca;gencat_tourism_registry_t2h3-cgys,,2026-08-21T21:48:17Z,0.2.0,,IEET municipal not used; score is the documented base formula.,complete,7.9001,7.9001,100,,official,default,true
431299,Riudoms,08,Baix Camp,2024,6954,545,-913,6586,94.7,0.947081,21,3.019845,1,3,0,25,3.595053,false,,,,12.756,3.0874,2.3602,,8.2597,75,municipality,idescat_etca;gencat_tourism_registry_t2h3-cgys,,2026-08-21T21:48:17Z,0.2.0,,IEET municipal not used; score is the documented base formula.,complete,8.2597,8.2597,100,,official,default,true
431303,Rocafort de Queralt,16,Conca de Barberà,2024,,,,,,,5,20.325203,0,1,0,6,24.390244,false,,,,,20.7798,17.3496,,,0,missing,idescat_etca;gencat_tourism_registry_t2h3-cgys,,2026-08-21T21:48:17Z,0.2.0,not_published,ETCA is not published for every municipality.,engineering_pending,0,100,0,,official,default,false
431310,Roda de Berà,36,Tarragonès,2024,8027,4698,-999,11725,146.1,1.460695,538,67.023795,1,2,3,544,67.771272,false,,,,88.5074,68.5227,48.619,,75.5335,75,municipality,idescat_etca;gencat_tourism_registry_t2h3-cgys,,2026-08-21T21:48:17Z,0.2.0,,IEET municipal not used; score is the documented base formula.,complete,75.5335,75.5335,100,,official,default,true
431325,Rodonyà,01,Alt Camp,2024,,,,,,,2,3.861004,1,1,0,4,7.722008,false,,,,,3.9474,5.335,,,0,missing,idescat_etca;gencat_tourism_registry_t2h3-cgys,,2026-08-21T21:48:17Z,0.2.0,not_published,ETCA is not published for every municipality.,engineering_pending,0,100,0,,official,default,false
431331,Roquetes,09,Baix Ebre,2024,8374,387,-1218,7544,90.1,0.900884,12,1.433007,0,6,0,18,2.14951,false,,,,5.9425,1.4651,1.3183,,3.8983,75,municipality,idescat_etca;gencat_tourism_registry_t2h3-cgys,,2026-08-21T21:48:17Z,0.2.0,,IEET municipal not used; score is the documented base formula.,complete,3.8983,3.8983,100,,official,default,true
431346,el Rourell,01,Alt Camp,2024,,,,,,,2,5.194805,0,1,0,3,7.792208,false,,,,,5.311,5.3856,,,0,missing,idescat_etca;gencat_tourism_registry_t2h3-cgys,,2026-08-21T21:48:17Z,0.2.0,not_published,ETCA is not published for every municipality.,engineering_pending,0,100,0,,official,default,false
431359,Salomó,36,Tarragonès,2024,,,,,,,30,57.142857,1,1,0,32,60.952381,false,,,,,58.4208,43.7039,,,0,missing,idescat_etca;gencat_tourism_registry_t2h3-cgys,,2026-08-21T21:48:17Z,0.2.0,not_published,ETCA is not published for every municipality.,engineering_pending,0,100,0,,official,default,false
431362,la Ràpita,22,Montsià,2024,15802,2564,-1647,16719,105.8,1.058031,680,43.032528,11,1,0,692,43.791925,false,,,,29.1196,43.9949,31.3345,,33.2814,75,municipality,idescat_etca;gencat_tourism_registry_t2h3-cgys,,2026-08-21T21:48:17Z,0.2.0,,IEET municipal not used; score is the documented base formula.,complete,33.2814,33.2814,100,,official,default,true
431378,Sant Jaume dels Domenys,12,Baix Penedès,2024,2806,427,-449,2785,99.3,0.992516,23,8.196721,4,4,0,31,11.047755,false,,,,19.4571,8.38,7.7322,,14.3428,75,municipality,idescat_etca;gencat_tourism_registry_t2h3-cgys,,2026-08-21T21:48:17Z,0.2.0,,IEET municipal not used; score is the documented base formula.,complete,14.3428,14.3428,100,,official,default,true
431384,Santa Bàrbara,22,Montsià,2024,3819,233,-430,3622,94.8,0.948416,9,2.356638,3,1,0,13,3.404032,false,,,,12.9529,2.4093,2.2225,,8.1709,75,municipality,idescat_etca;gencat_tourism_registry_t2h3-cgys,,2026-08-21T21:48:17Z,0.2.0,,IEET municipal not used; score is the documented base formula.,complete,8.1709,8.1709,100,,official,default,true
431397,Santa Coloma de Queralt,16,Conca de Barberà,2024,2823,240,-304,2759,97.7,0.977329,7,2.479632,0,2,0,9,3.188098,false,,,,17.2172,2.5351,2.0669,,10.5166,75,municipality,idescat_etca;gencat_tourism_registry_t2h3-cgys,,2026-08-21T21:48:17Z,0.2.0,,IEET municipal not used; score is the documented base formula.,complete,10.5166,10.5166,100,,official,default,true
431401,Santa Oliva,12,Baix Penedès,2024,3679,1196,-500,4375,118.9,1.189182,18,4.892634,0,0,0,18,4.892634,false,,,,48.4627,5.0021,3.2955,,28.5641,75,municipality,idescat_etca;gencat_tourism_registry_t2h3-cgys,,2026-08-21T21:48:17Z,0.2.0,,IEET municipal not used; score is the documented base formula.,complete,28.5641,28.5641,100,,official,default,true
431418,Pontils,16,Conca de Barberà,2024,,,,,,,2,16.260163,1,1,0,4,32.520325,false,,,,,16.6238,23.2098,,,0,missing,idescat_etca;gencat_tourism_registry_t2h3-cgys,,2026-08-21T21:48:17Z,0.2.0,not_published,ETCA is not published for every municipality.,engineering_pending,0,100,0,,official,default,false
431423,Sarral,16,Conca de Barberà,2024,1588,383,-196,1774,111.7,1.117128,3,1.889169,0,3,0,6,3.778338,false,,,,37.8358,1.9314,2.4923,,21.791,75,municipality,idescat_etca;gencat_tourism_registry_t2h3-cgys,,2026-08-21T21:48:17Z,0.2.0,,IEET municipal not used; score is the documented base formula.,complete,21.791,21.791,100,,official,default,true
431439,Savallà del Comtat,16,Conca de Barberà,2024,,,,,,,2,40.816327,0,2,0,4,81.632653,false,,,,,41.7292,58.6104,,,0,missing,idescat_etca;gencat_tourism_registry_t2h3-cgys,,2026-08-21T21:48:17Z,0.2.0,not_published,ETCA is not published for every municipality.,engineering_pending,0,100,0,,official,default,false
431444,la Secuita,36,Tarragonès,2024,1828,79,-351,1556,85.1,0.851204,10,5.47046,0,0,0,10,5.47046,false,,,,0,5.5928,3.712,,2.1406,75,municipality,idescat_etca;gencat_tourism_registry_t2h3-cgys,,2026-08-21T21:48:17Z,0.2.0,,IEET municipal not used; score is the documented base formula.,complete,2.1406,2.1406,100,,official,default,true
431457,la Selva del Camp,08,Baix Camp,2024,5839,711,-753,5797,99.3,0.992807,10,1.712622,2,2,0,14,2.397671,false,,,,19.5,1.7509,1.4971,,11.4621,75,municipality,idescat_etca;gencat_tourism_registry_t2h3-cgys,,2026-08-21T21:48:17Z,0.2.0,,IEET municipal not used; score is the documented base formula.,complete,11.4621,11.4621,100,,official,default,true
431460,Senan,16,Conca de Barberà,2024,,,,,,,2,42.553191,0,0,0,2,42.553191,false,,,,,43.5049,30.4416,,,0,missing,idescat_etca;gencat_tourism_registry_t2h3-cgys,,2026-08-21T21:48:17Z,0.2.0,not_published,ETCA is not published for every municipality.,engineering_pending,0,100,0,,official,default,false
431476,Solivella,16,Conca de Barberà,2024,,,,,,,2,3.12989,1,4,0,7,10.954617,false,,,,,3.1999,7.6651,,,0,missing,idescat_etca;gencat_tourism_registry_t2h3-cgys,,2026-08-21T21:48:17Z,0.2.0,not_published,ETCA is not published for every municipality.,engineering_pending,0,100,0,,official,default,false
431482,Tarragona,36,Tarragonès,2024,141018,28019,-12928,156109,110.7,1.107015,2064,14.636429,29,1,7,2101,14.898807,false,,,,36.3441,14.9638,10.5081,,25.8318,75,municipality,idescat_etca;gencat_tourism_registry_t2h3-cgys,,2026-08-21T21:48:17Z,0.2.0,,IEET municipal not used; score is the documented base formula.,complete,25.8318,25.8318,100,,official,default,true
431495,Tivenys,09,Baix Ebre,2024,,,,,,,13,13.655462,0,5,0,18,18.907563,false,,,,,13.9609,13.3976,,,0,missing,idescat_etca;gencat_tourism_registry_t2h3-cgys,,2026-08-21T21:48:17Z,0.2.0,not_published,ETCA is not published for every municipality.,engineering_pending,0,100,0,,official,default,false
431508,Tivissa,30,Ribera d'Ebre,2024,1624,383,-190,1817,111.9,1.118842,18,11.083744,2,8,1,29,17.857143,false,,,,38.0886,11.3316,12.6405,,26.3097,75,municipality,idescat_etca;gencat_tourism_registry_t2h3-cgys,,2026-08-21T21:48:17Z,0.2.0,,IEET municipal not used; score is the documented base formula.,complete,26.3097,26.3097,100,,official,default,true
431515,la Torre de Fontaubella,29,Priorat,2024,,,,,,,3,25,0,2,0,5,41.666667,false,,,,,25.5591,29.8026,,,0,missing,idescat_etca;gencat_tourism_registry_t2h3-cgys,,2026-08-21T21:48:17Z,0.2.0,not_published,ETCA is not published for every municipality.,engineering_pending,0,100,0,,official,default,false
431520,la Torre de l'Espanyol,30,Ribera d'Ebre,2024,,,,,,,4,6.23053,0,2,0,6,9.345794,false,,,,,6.3699,6.5054,,,0,missing,idescat_etca;gencat_tourism_registry_t2h3-cgys,,2026-08-21T21:48:17Z,0.2.0,not_published,ETCA is not published for every municipality.,engineering_pending,0,100,0,,official,default,false
431536,Torredembarra,36,Tarragonès,2024,17953,6183,-2335,21801,121.4,1.214337,1209,67.342505,4,0,4,1217,67.788113,false,,,,52.1728,68.8486,48.6311,,55.6334,75,municipality,idescat_etca;gencat_tourism_registry_t2h3-cgys,,2026-08-21T21:48:17Z,0.2.0,,IEET municipal not used; score is the documented base formula.,complete,55.6334,55.6334,100,,official,default,true
431541,Torroja del Priorat,29,Priorat,2024,,,,,,,7,54.6875,2,5,0,14,109.375,false,,,,,55.9105,78.6073,,,0,missing,idescat_etca;gencat_tourism_registry_t2h3-cgys,,2026-08-21T21:48:17Z,0.2.0,not_published,ETCA is not published for every municipality.,engineering_pending,0,100,0,,official,default,false
431554,Tortosa,09,Baix Ebre,2024,35513,4456,-3119,36850,103.8,1.037648,85,2.39349,8,6,0,99,2.787712,false,,,,26.1135,2.447,1.7783,,15.3298,75,municipality,idescat_etca;gencat_tourism_registry_t2h3-cgys,,2026-08-21T21:48:17Z,0.2.0,,IEET municipal not used; score is the documented base formula.,complete,15.3298,15.3298,100,,official,default,true
431567,Ulldecona,22,Montsià,2024,6598,448,-654,6392,96.9,0.968778,29,4.395271,3,1,0,33,5.001516,false,,,,15.9561,4.4936,3.374,,10.5741,75,municipality,idescat_etca;gencat_tourism_registry_t2h3-cgys,,2026-08-21T21:48:17Z,0.2.0,,IEET municipal not used; score is the documented base formula.,complete,10.5741,10.5741,100,,official,default,true
431573,Ulldemolins,29,Priorat,2024,,,,,,,23,58.974359,1,0,1,25,64.102564,false,,,,,60.2933,45.9746,,,0,missing,idescat_etca;gencat_tourism_registry_t2h3-cgys,,2026-08-21T21:48:17Z,0.2.0,not_published,ETCA is not published for every municipality.,engineering_pending,0,100,0,,official,default,false
431589,Vallclara,16,Conca de Barberà,2024,,,,,,,1,10.989011,0,2,0,3,32.967033,false,,,,,11.2348,23.5318,,,0,missing,idescat_etca;gencat_tourism_registry_t2h3-cgys,,2026-08-21T21:48:17Z,0.2.0,not_published,ETCA is not published for every municipality.,engineering_pending,0,100,0,,official,default,false
431592,Vallfogona de Riucorb,16,Conca de Barberà,2024,,,,,,,1,10.309278,3,1,0,5,51.546392,false,,,,,10.5398,36.924,,,0,missing,idescat_etca;gencat_tourism_registry_t2h3-cgys,,2026-08-21T21:48:17Z,0.2.0,not_published,ETCA is not published for every municipality.,engineering_pending,0,100,0,,official,default,false
431606,Vallmoll,01,Alt Camp,2024,1937,161,-395,1703,87.9,0.879195,4,2.065049,0,0,0,4,2.065049,false,,,,2.7436,2.1112,1.2574,,2.2883,75,municipality,idescat_etca;gencat_tourism_registry_t2h3-cgys,,2026-08-21T21:48:17Z,0.2.0,,IEET municipal not used; score is the documented base formula.,complete,2.2883,2.2883,100,,official,default,true
431613,Valls,01,Alt Camp,2024,25085,2598,-2362,25321,100.9,1.009408,7,0.279051,2,4,0,13,0.518238,false,,,,21.9484,0.2853,0.1424,,12.1714,75,municipality,idescat_etca;gencat_tourism_registry_t2h3-cgys,,2026-08-21T21:48:17Z,0.2.0,,IEET municipal not used; score is the documented base formula.,complete,12.1714,12.1714,100,,official,default,true
431628,Vandellòs i l'Hospitalet de l'Infant,08,Baix Camp,2024,7082,2587,-852,8817,124.5,1.244987,578,81.615363,9,4,3,594,83.874612,false,,,,56.6933,83.4406,60.2264,,64.0867,75,municipality,idescat_etca;gencat_tourism_registry_t2h3-cgys,,2026-08-21T21:48:17Z,0.2.0,,IEET municipal not used; score is the documented base formula.,complete,64.0867,64.0867,100,,official,default,true
431634,el Vendrell,12,Baix Penedès,2024,40526,11907,-4279,48154,118.8,1.188225,862,21.270296,12,1,3,878,21.665104,false,,,,48.3216,21.746,15.3853,,35.0904,75,municipality,idescat_etca;gencat_tourism_registry_t2h3-cgys,,2026-08-21T21:48:17Z,0.2.0,,IEET municipal not used; score is the documented base formula.,complete,35.0904,35.0904,100,,official,default,true
431649,Vespella de Gaià,36,Tarragonès,2024,,,,,,,29,57.768924,0,2,0,31,61.752988,false,,,,,59.0609,44.281,,,0,missing,idescat_etca;gencat_tourism_registry_t2h3-cgys,,2026-08-21T21:48:17Z,0.2.0,not_published,ETCA is not published for every municipality.,engineering_pending,0,100,0,,official,default,false
431652,Vilabella,01,Alt Camp,2024,,,,,,,1,1.367989,0,5,0,6,8.207934,false,,,,,1.3986,5.6852,,,0,missing,idescat_etca;gencat_tourism_registry_t2h3-cgys,,2026-08-21T21:48:17Z,0.2.0,not_published,ETCA is not published for every municipality.,engineering_pending,0,100,0,,official,default,false
431665,Vilallonga del Camp,36,Tarragonès,2024,2462,141,-389,2214,89.9,0.899269,1,0.406174,0,1,0,2,0.812348,false,,,,5.7043,0.4153,0.3544,,3.3121,75,municipality,idescat_etca;gencat_tourism_registry_t2h3-cgys,,2026-08-21T21:48:17Z,0.2.0,,IEET municipal not used; score is the documented base formula.,complete,3.3121,3.3121,100,,official,default,true
431671,Vilanova d'Escornalbou,08,Baix Camp,2024,,,,,,,13,21.138211,2,2,0,17,27.642276,false,,,,,21.611,19.6937,,,0,missing,idescat_etca;gencat_tourism_registry_t2h3-cgys,,2026-08-21T21:48:17Z,0.2.0,not_published,ETCA is not published for every municipality.,engineering_pending,0,100,0,,official,default,false
431687,Vilanova de Prades,16,Conca de Barberà,2024,,,,,,,1,9.090909,0,0,1,2,18.181818,false,,,,,9.2942,12.8745,,,0,missing,idescat_etca;gencat_tourism_registry_t2h3-cgys,,2026-08-21T21:48:17Z,0.2.0,not_published,ETCA is not published for every municipality.,engineering_pending,0,100,0,,official,default,false
431690,Vilaplana,08,Baix Camp,2024,,,,,,,3,5.376344,0,3,0,6,10.752688,false,,,,,5.4966,7.5195,,,0,missing,idescat_etca;gencat_tourism_registry_t2h3-cgys,,2026-08-21T21:48:17Z,0.2.0,not_published,ETCA is not published for every municipality.,engineering_pending,0,100,0,,official,default,false
431704,Vila-rodona,01,Alt Camp,2024,1379,68,-195,1252,90.8,0.907904,4,2.900653,0,6,0,10,7.251632,false,,,,6.9779,2.9655,4.9959,,5.5784,75,municipality,idescat_etca;gencat_tourism_registry_t2h3-cgys,,2026-08-21T21:48:17Z,0.2.0,,IEET municipal not used; score is the documented base formula.,complete,5.5784,5.5784,100,,official,default,true
431711,Vila-seca,36,Tarragonès,2024,24061,10333,-3434,30960,128.7,1.28673,1444,60.014131,13,0,1,1458,60.595985,false,,,,62.8497,61.3563,43.447,,58.5958,75,municipality,idescat_etca;gencat_tourism_registry_t2h3-cgys,,2026-08-21T21:48:17Z,0.2.0,,IEET municipal not used; score is the documented base formula.,complete,58.5958,58.5958,100,,official,default,true
431726,Vilaverd,16,Conca de Barberà,2024,,,,,,,2,4.048583,1,4,0,7,14.17004,false,,,,,4.1391,9.9828,,,0,missing,idescat_etca;gencat_tourism_registry_t2h3-cgys,,2026-08-21T21:48:17Z,0.2.0,not_published,ETCA is not published for every municipality.,engineering_pending,0,100,0,,official,default,false
431732,la Vilella Alta,29,Priorat,2024,,,,,,,4,30.769231,0,0,0,4,30.769231,false,,,,,31.4574,21.9476,,,0,missing,idescat_etca;gencat_tourism_registry_t2h3-cgys,,2026-08-21T21:48:17Z,0.2.0,not_published,ETCA is not published for every municipality.,engineering_pending,0,100,0,,official,default,false
431747,la Vilella Baixa,29,Priorat,2024,,,,,,,22,108.910891,1,3,0,26,128.712871,false,,,,,100,92.5462,,,0,missing,idescat_etca;gencat_tourism_registry_t2h3-cgys,,2026-08-21T21:48:17Z,0.2.0,not_published,ETCA is not published for every municipality.,engineering_pending,0,100,0,,official,default,false
431750,Vilalba dels Arcs,37,Terra Alta,2024,,,,,,,5,8.156607,1,1,0,7,11.41925,false,,,,,8.339,8,,,0,missing,idescat_etca;gencat_tourism_registry_t2h3-cgys,,2026-08-21T21:48:17Z,0.2.0,not_published,ETCA is not published for every municipality.,engineering_pending,0,100,0,,official,default,false
431763,Vimbodí i Poblet,16,Conca de Barberà,2024,,,,,,,18,20.247469,2,4,0,24,26.996625,false,,,,,20.7003,19.2283,,,0,missing,idescat_etca;gencat_tourism_registry_t2h3-cgys,,2026-08-21T21:48:17Z,0.2.0,not_published,ETCA is not published for every municipality.,engineering_pending,0,100,0,,official,default,false
431779,Vinebre,30,Ribera d'Ebre,2024,,,,,,,6,14.018692,2,0,0,8,18.691589,false,,,,,14.3322,13.2419,,,0,missing,idescat_etca;gencat_tourism_registry_t2h3-cgys,,2026-08-21T21:48:17Z,0.2.0,not_published,ETCA is not published for every municipality.,engineering_pending,0,100,0,,official,default,false
431785,Vinyols i els Arcs,08,Baix Camp,2024,2425,696,-436,2685,110.7,1.107216,134,55.257732,2,1,2,139,57.319588,false,,,,36.3739,56.4935,41.0853,,42.3461,75,municipality,idescat_etca;gencat_tourism_registry_t2h3-cgys,,2026-08-21T21:48:17Z,0.2.0,,IEET municipal not used; score is the documented base formula.,complete,42.3461,42.3461,100,,official,default,true
439018,Deltebre,09,Baix Ebre,2024,11941,1801,-1056,12685,106.2,1.062306,848,71.015828,10,23,1,882,73.863161,false,,,,29.7502,72.604,53.0101,,45.1156,75,municipality,idescat_etca;gencat_tourism_registry_t2h3-cgys,,2026-08-21T21:48:17Z,0.2.0,,IEET municipal not used; score is the documented base formula.,complete,45.1156,45.1156,100,,official,default,true
439023,Sant Jaume d'Enveja,22,Montsià,2024,3671,367,-445,3594,97.9,0.979025,161,43.85726,0,4,0,165,44.946881,false,,,,17.4673,44.8381,32.167,,27.2499,75,municipality,idescat_etca;gencat_tourism_registry_t2h3-cgys,,2026-08-21T21:48:17Z,0.2.0,,IEET municipal not used; score is the documented base formula.,complete,27.2499,27.2499,100,,official,default,true
439039,Camarles,09,Baix Ebre,2024,3428,288,-337,3380,98.6,0.985998,57,16.627771,0,5,0,62,18.086348,false,,,,18.4957,16.9996,12.8057,,16.9837,75,municipality,idescat_etca;gencat_tourism_registry_t2h3-cgys,,2026-08-21T21:48:17Z,0.2.0,,IEET municipal not used; score is the documented base formula.,complete,16.9837,16.9837,100,,official,default,true
439044,l'Aldea,09,Baix Ebre,2024,4554,603,-577,4580,100.6,1.005709,27,5.928854,1,3,0,31,6.807202,false,,,,21.4029,6.0614,4.6756,,14.2221,75,municipality,idescat_etca;gencat_tourism_registry_t2h3-cgys,,2026-08-21T21:48:17Z,0.2.0,,IEET municipal not used; score is the documented base formula.,complete,14.2221,14.2221,100,,official,default,true
439057,Salou,36,Tarragonès,2024,30442,35305,-3527,62220,204.4,2.043887,7130,234.215886,70,0,2,7202,236.581039,false,,,,100,100,100,,100,75,municipality,idescat_etca;gencat_tourism_registry_t2h3-cgys,,2026-08-21T21:48:17Z,0.2.0,,IEET municipal not used; score is the documented base formula.,complete,100,100,100,,official,default,true
439060,l'Ampolla,09,Baix Ebre,2024,3692,2228,-556,5364,145.3,1.452871,682,184.723727,4,5,1,692,187.432286,false,,,,87.3534,100,100,,93.0444,75,municipality,idescat_etca;gencat_tourism_registry_t2h3-cgys,,2026-08-21T21:48:17Z,0.2.0,,IEET municipal not used; score is the documented base formula.,complete,93.0444,93.0444,100,,official,default,true
439076,la Canonja,36,Tarragonès,2024,5936,905,-652,6189,104.3,1.042621,3,0.505391,1,0,0,4,0.673854,false,,,,26.8469,0.5167,0.2546,,14.9459,75,municipality,idescat_etca;gencat_tourism_registry_t2h3-cgys,,2026-08-21T21:48:17Z,0.2.0,,IEET municipal not used; score is the documented base formula.,complete,14.9459,14.9459,100,,official,default,true
