municipality_code,municipality_name,comarca_code,comarca_name,reference_period,subject_to_special_hut_license_regime,existing_hut_count,population,hut_per_100_residents,explicit_local_moratorium,explicit_local_prohibition,local_regulation_checked,regulation_reference,score_0_100,confidence_0_100,data_scope,source_id,source_updated_at,retrieved_at,method_version,missing_reason,notes,score_status,score_min_0_100,score_max_0_100,coverage_weight_pct,rank_stability_0_100,source_tier,method_variant,usable_for_composite
080018,Abrera,11,Baix Llobregat,2025S1,true,6,13207,0.04543,,,false,"Decreto-ley 3/2023, annex; DOGC 9036, 08/11/2023; effective from 09/11/2023",40,70,municipality,decree_law_3_2023;t2h3-cgys,,2026-08-21T18:25:40Z,0.2.0,,A score of 100 only means the municipality is outside the regional special regime; local planning has not been reviewed.,complete,40,40,100,,official,default,true
080023,Aguilar de Segarra,07,Bages,2025S1,false,1,293,0.341297,,,false,"Decreto-ley 3/2023, annex; DOGC 9036, 08/11/2023; effective from 09/11/2023",100,60,municipality,decree_law_3_2023;t2h3-cgys,,2026-08-21T18:25:40Z,0.2.0,,A score of 100 only means the municipality is outside the regional special regime; local planning has not been reviewed.,complete,100,100,100,,official,default,true
080039,Alella,21,Maresme,2025S1,true,144,10251,1.404741,,,false,"Decreto-ley 3/2023, annex; DOGC 9036, 08/11/2023; effective from 09/11/2023",40,70,municipality,decree_law_3_2023;t2h3-cgys,,2026-08-21T18:25:40Z,0.2.0,,A score of 100 only means the municipality is outside the regional special regime; local planning has not been reviewed.,complete,40,40,100,,official,default,true
080044,Alpens,43,Lluçanès,2025S1,false,11,267,4.11985,,,false,"Decreto-ley 3/2023, annex; DOGC 9036, 08/11/2023; effective from 09/11/2023",100,60,municipality,decree_law_3_2023;t2h3-cgys,,2026-08-21T18:25:40Z,0.2.0,,A score of 100 only means the municipality is outside the regional special regime; local planning has not been reviewed.,complete,100,100,100,,official,default,true
080057,l'Ametlla del Vallès,41,Vallès Oriental,2025S1,false,20,9473,0.211126,,,false,"Decreto-ley 3/2023, annex; DOGC 9036, 08/11/2023; effective from 09/11/2023",100,60,municipality,decree_law_3_2023;t2h3-cgys,,2026-08-21T18:25:40Z,0.2.0,,A score of 100 only means the municipality is outside the regional special regime; local planning has not been reviewed.,complete,100,100,100,,official,default,true
080060,Arenys de Mar,21,Maresme,2025S1,true,227,16982,1.336709,,,false,"Decreto-ley 3/2023, annex; DOGC 9036, 08/11/2023; effective from 09/11/2023",40,70,municipality,decree_law_3_2023;t2h3-cgys,,2026-08-21T18:25:40Z,0.2.0,,A score of 100 only means the municipality is outside the regional special regime; local planning has not been reviewed.,complete,40,40,100,,official,default,true
080076,Arenys de Munt,21,Maresme,2025S1,true,81,9527,0.850215,,,false,"Decreto-ley 3/2023, annex; DOGC 9036, 08/11/2023; effective from 09/11/2023",40,70,municipality,decree_law_3_2023;t2h3-cgys,,2026-08-21T18:25:40Z,0.2.0,,A score of 100 only means the municipality is outside the regional special regime; local planning has not been reviewed.,complete,40,40,100,,official,default,true
080082,Argençola,06,Anoia,2025S1,false,3,245,1.22449,,,false,"Decreto-ley 3/2023, annex; DOGC 9036, 08/11/2023; effective from 09/11/2023",100,60,municipality,decree_law_3_2023;t2h3-cgys,,2026-08-21T18:25:40Z,0.2.0,,A score of 100 only means the municipality is outside the regional special regime; local planning has not been reviewed.,complete,100,100,100,,official,default,true
080095,Argentona,21,Maresme,2025S1,true,62,12891,0.480956,,,false,"Decreto-ley 3/2023, annex; DOGC 9036, 08/11/2023; effective from 09/11/2023",40,70,municipality,decree_law_3_2023;t2h3-cgys,,2026-08-21T18:25:40Z,0.2.0,,A score of 100 only means the municipality is outside the regional special regime; local planning has not been reviewed.,complete,40,40,100,,official,default,true
080109,Artés,07,Bages,2025S1,false,4,6211,0.064402,,,false,"Decreto-ley 3/2023, annex; DOGC 9036, 08/11/2023; effective from 09/11/2023",100,60,municipality,decree_law_3_2023;t2h3-cgys,,2026-08-21T18:25:40Z,0.2.0,,A score of 100 only means the municipality is outside the regional special regime; local planning has not been reviewed.,complete,100,100,100,,official,default,true
080116,Avià,14,Berguedà,2025S1,false,20,2263,0.883783,,,false,"Decreto-ley 3/2023, annex; DOGC 9036, 08/11/2023; effective from 09/11/2023",100,60,municipality,decree_law_3_2023;t2h3-cgys,,2026-08-21T18:25:40Z,0.2.0,,A score of 100 only means the municipality is outside the regional special regime; local planning has not been reviewed.,complete,100,100,100,,official,default,true
080121,Avinyó,07,Bages,2025S1,false,6,2325,0.258065,,,false,"Decreto-ley 3/2023, annex; DOGC 9036, 08/11/2023; effective from 09/11/2023",100,60,municipality,decree_law_3_2023;t2h3-cgys,,2026-08-21T18:25:40Z,0.2.0,,A score of 100 only means the municipality is outside the regional special regime; local planning has not been reviewed.,complete,100,100,100,,official,default,true
080137,Avinyonet del Penedès,03,Alt Penedès,2025S1,false,19,1787,1.063234,,,false,"Decreto-ley 3/2023, annex; DOGC 9036, 08/11/2023; effective from 09/11/2023",100,60,municipality,decree_law_3_2023;t2h3-cgys,,2026-08-21T18:25:40Z,0.2.0,,A score of 100 only means the municipality is outside the regional special regime; local planning has not been reviewed.,complete,100,100,100,,official,default,true
080142,Aiguafreda,24,Osona,2025S1,false,10,2569,0.389257,,,false,"Decreto-ley 3/2023, annex; DOGC 9036, 08/11/2023; effective from 09/11/2023",100,60,municipality,decree_law_3_2023;t2h3-cgys,,2026-08-21T18:25:40Z,0.2.0,,A score of 100 only means the municipality is outside the regional special regime; local planning has not been reviewed.,complete,100,100,100,,official,default,true
080155,Badalona,13,Barcelonès,2025S1,true,223,230642,0.096687,,,false,"Decreto-ley 3/2023, annex; DOGC 9036, 08/11/2023; effective from 09/11/2023",40,70,municipality,decree_law_3_2023;t2h3-cgys,,2026-08-21T18:25:40Z,0.2.0,,A score of 100 only means the municipality is outside the regional special regime; local planning has not been reviewed.,complete,40,40,100,,official,default,true
080168,Bagà,14,Berguedà,2025S1,false,37,2167,1.70743,,,false,"Decreto-ley 3/2023, annex; DOGC 9036, 08/11/2023; effective from 09/11/2023",100,60,municipality,decree_law_3_2023;t2h3-cgys,,2026-08-21T18:25:40Z,0.2.0,,A score of 100 only means the municipality is outside the regional special regime; local planning has not been reviewed.,complete,100,100,100,,official,default,true
080174,Balenyà,24,Osona,2025S1,false,3,4007,0.074869,,,false,"Decreto-ley 3/2023, annex; DOGC 9036, 08/11/2023; effective from 09/11/2023",100,60,municipality,decree_law_3_2023;t2h3-cgys,,2026-08-21T18:25:40Z,0.2.0,,A score of 100 only means the municipality is outside the regional special regime; local planning has not been reviewed.,complete,100,100,100,,official,default,true
080180,Balsareny,07,Bages,2025S1,false,3,3354,0.089445,,,false,"Decreto-ley 3/2023, annex; DOGC 9036, 08/11/2023; effective from 09/11/2023",100,60,municipality,decree_law_3_2023;t2h3-cgys,,2026-08-21T18:25:40Z,0.2.0,,A score of 100 only means the municipality is outside the regional special regime; local planning has not been reviewed.,complete,100,100,100,,official,default,true
080193,Barcelona,13,Barcelonès,2025S1,true,10650,1713247,0.621627,,,false,"Decreto-ley 3/2023, annex; DOGC 9036, 08/11/2023; effective from 09/11/2023",40,70,municipality,decree_law_3_2023;t2h3-cgys,,2026-08-21T18:25:40Z,0.2.0,,A score of 100 only means the municipality is outside the regional special regime; local planning has not been reviewed.,complete,40,40,100,,official,default,true
080207,Begues,11,Baix Llobregat,2025S1,false,13,7545,0.1723,,,false,"Decreto-ley 3/2023, annex; DOGC 9036, 08/11/2023; effective from 09/11/2023",100,60,municipality,decree_law_3_2023;t2h3-cgys,,2026-08-21T18:25:40Z,0.2.0,,A score of 100 only means the municipality is outside the regional special regime; local planning has not been reviewed.,complete,100,100,100,,official,default,true
080214,Bellprat,06,Anoia,2025S1,false,1,69,1.449275,,,false,"Decreto-ley 3/2023, annex; DOGC 9036, 08/11/2023; effective from 09/11/2023",100,60,municipality,decree_law_3_2023;t2h3-cgys,,2026-08-21T18:25:40Z,0.2.0,,A score of 100 only means the municipality is outside the regional special regime; local planning has not been reviewed.,complete,100,100,100,,official,default,true
080229,Berga,14,Berguedà,2025S1,true,35,17539,0.199555,,,false,"Decreto-ley 3/2023, annex; DOGC 9036, 08/11/2023; effective from 09/11/2023",40,70,municipality,decree_law_3_2023;t2h3-cgys,,2026-08-21T18:25:40Z,0.2.0,,A score of 100 only means the municipality is outside the regional special regime; local planning has not been reviewed.,complete,40,40,100,,official,default,true
080235,Bigues i Riells del Fai,41,Vallès Oriental,2025S1,false,2,10124,0.019755,,,false,"Decreto-ley 3/2023, annex; DOGC 9036, 08/11/2023; effective from 09/11/2023",100,60,municipality,decree_law_3_2023;t2h3-cgys,,2026-08-21T18:25:40Z,0.2.0,,A score of 100 only means the municipality is outside the regional special regime; local planning has not been reviewed.,complete,100,100,100,,official,default,true
080240,Borredà,14,Berguedà,2025S1,false,17,434,3.917051,,,false,"Decreto-ley 3/2023, annex; DOGC 9036, 08/11/2023; effective from 09/11/2023",100,60,municipality,decree_law_3_2023;t2h3-cgys,,2026-08-21T18:25:40Z,0.2.0,,A score of 100 only means the municipality is outside the regional special regime; local planning has not been reviewed.,complete,100,100,100,,official,default,true
080253,el Bruc,06,Anoia,2025S1,false,14,2294,0.610288,,,false,"Decreto-ley 3/2023, annex; DOGC 9036, 08/11/2023; effective from 09/11/2023",100,60,municipality,decree_law_3_2023;t2h3-cgys,,2026-08-21T18:25:40Z,0.2.0,,A score of 100 only means the municipality is outside the regional special regime; local planning has not been reviewed.,complete,100,100,100,,official,default,true
080266,el Brull,24,Osona,2025S1,false,6,297,2.020202,,,false,"Decreto-ley 3/2023, annex; DOGC 9036, 08/11/2023; effective from 09/11/2023",100,60,municipality,decree_law_3_2023;t2h3-cgys,,2026-08-21T18:25:40Z,0.2.0,,A score of 100 only means the municipality is outside the regional special regime; local planning has not been reviewed.,complete,100,100,100,,official,default,true
080272,les Cabanyes,03,Alt Penedès,2025S1,false,3,1064,0.281955,,,false,"Decreto-ley 3/2023, annex; DOGC 9036, 08/11/2023; effective from 09/11/2023",100,60,municipality,decree_law_3_2023;t2h3-cgys,,2026-08-21T18:25:40Z,0.2.0,,A score of 100 only means the municipality is outside the regional special regime; local planning has not been reviewed.,complete,100,100,100,,official,default,true
080288,Cabrera d'Anoia,06,Anoia,2025S1,false,6,1777,0.337648,,,false,"Decreto-ley 3/2023, annex; DOGC 9036, 08/11/2023; effective from 09/11/2023",100,60,municipality,decree_law_3_2023;t2h3-cgys,,2026-08-21T18:25:40Z,0.2.0,,A score of 100 only means the municipality is outside the regional special regime; local planning has not been reviewed.,complete,100,100,100,,official,default,true
080291,Cabrera de Mar,21,Maresme,2025S1,true,71,5053,1.405106,,,false,"Decreto-ley 3/2023, annex; DOGC 9036, 08/11/2023; effective from 09/11/2023",40,70,municipality,decree_law_3_2023;t2h3-cgys,,2026-08-21T18:25:40Z,0.2.0,,A score of 100 only means the municipality is outside the regional special regime; local planning has not been reviewed.,complete,40,40,100,,official,default,true
080305,Cabrils,21,Maresme,2025S1,true,85,7755,1.096067,,,false,"Decreto-ley 3/2023, annex; DOGC 9036, 08/11/2023; effective from 09/11/2023",40,70,municipality,decree_law_3_2023;t2h3-cgys,,2026-08-21T18:25:40Z,0.2.0,,A score of 100 only means the municipality is outside the regional special regime; local planning has not been reviewed.,complete,40,40,100,,official,default,true
080312,Calaf,06,Anoia,2025S1,false,2,3627,0.055142,,,false,"Decreto-ley 3/2023, annex; DOGC 9036, 08/11/2023; effective from 09/11/2023",100,60,municipality,decree_law_3_2023;t2h3-cgys,,2026-08-21T18:25:40Z,0.2.0,,A score of 100 only means the municipality is outside the regional special regime; local planning has not been reviewed.,complete,100,100,100,,official,default,true
080327,Caldes d'Estrac,21,Maresme,2025S1,true,197,3348,5.88411,,,false,"Decreto-ley 3/2023, annex; DOGC 9036, 08/11/2023; effective from 09/11/2023",40,70,municipality,decree_law_3_2023;t2h3-cgys,,2026-08-21T18:25:40Z,0.2.0,,A score of 100 only means the municipality is outside the regional special regime; local planning has not been reviewed.,complete,40,40,100,,official,default,true
080333,Caldes de Montbui,41,Vallès Oriental,2025S1,true,22,18554,0.118573,,,false,"Decreto-ley 3/2023, annex; DOGC 9036, 08/11/2023; effective from 09/11/2023",40,70,municipality,decree_law_3_2023;t2h3-cgys,,2026-08-21T18:25:40Z,0.2.0,,A score of 100 only means the municipality is outside the regional special regime; local planning has not been reviewed.,complete,40,40,100,,official,default,true
080348,Calders,42,Moianès,2025S1,false,4,1121,0.356824,,,false,"Decreto-ley 3/2023, annex; DOGC 9036, 08/11/2023; effective from 09/11/2023",100,60,municipality,decree_law_3_2023;t2h3-cgys,,2026-08-21T18:25:40Z,0.2.0,,A score of 100 only means the municipality is outside the regional special regime; local planning has not been reviewed.,complete,100,100,100,,official,default,true
080351,Calella,21,Maresme,2025S1,true,519,20775,2.498195,,,false,"Decreto-ley 3/2023, annex; DOGC 9036, 08/11/2023; effective from 09/11/2023",40,70,municipality,decree_law_3_2023;t2h3-cgys,,2026-08-21T18:25:40Z,0.2.0,,A score of 100 only means the municipality is outside the regional special regime; local planning has not been reviewed.,complete,40,40,100,,official,default,true
080364,Calonge de Segarra,06,Anoia,2025S1,false,0,179,0,,,false,"Decreto-ley 3/2023, annex; DOGC 9036, 08/11/2023; effective from 09/11/2023",100,60,municipality,decree_law_3_2023;t2h3-cgys,,2026-08-21T18:25:40Z,0.2.0,,A score of 100 only means the municipality is outside the regional special regime; local planning has not been reviewed.,complete,100,100,100,,official,default,true
080370,Calldetenes,24,Osona,2025S1,true,5,2724,0.183554,,,false,"Decreto-ley 3/2023, annex; DOGC 9036, 08/11/2023; effective from 09/11/2023",40,70,municipality,decree_law_3_2023;t2h3-cgys,,2026-08-21T18:25:40Z,0.2.0,,A score of 100 only means the municipality is outside the regional special regime; local planning has not been reviewed.,complete,40,40,100,,official,default,true
080386,Callús,07,Bages,2025S1,false,2,2193,0.091199,,,false,"Decreto-ley 3/2023, annex; DOGC 9036, 08/11/2023; effective from 09/11/2023",100,60,municipality,decree_law_3_2023;t2h3-cgys,,2026-08-21T18:25:40Z,0.2.0,,A score of 100 only means the municipality is outside the regional special regime; local planning has not been reviewed.,complete,100,100,100,,official,default,true
080399,Campins,41,Vallès Oriental,2025S1,false,8,588,1.360544,,,false,"Decreto-ley 3/2023, annex; DOGC 9036, 08/11/2023; effective from 09/11/2023",100,60,municipality,decree_law_3_2023;t2h3-cgys,,2026-08-21T18:25:40Z,0.2.0,,A score of 100 only means the municipality is outside the regional special regime; local planning has not been reviewed.,complete,100,100,100,,official,default,true
080403,Canet de Mar,21,Maresme,2025S1,true,327,15191,2.15259,,,false,"Decreto-ley 3/2023, annex; DOGC 9036, 08/11/2023; effective from 09/11/2023",40,70,municipality,decree_law_3_2023;t2h3-cgys,,2026-08-21T18:25:40Z,0.2.0,,A score of 100 only means the municipality is outside the regional special regime; local planning has not been reviewed.,complete,40,40,100,,official,default,true
080410,Canovelles,41,Vallès Oriental,2025S1,true,8,17445,0.045858,,,false,"Decreto-ley 3/2023, annex; DOGC 9036, 08/11/2023; effective from 09/11/2023",40,70,municipality,decree_law_3_2023;t2h3-cgys,,2026-08-21T18:25:40Z,0.2.0,,A score of 100 only means the municipality is outside the regional special regime; local planning has not been reviewed.,complete,40,40,100,,official,default,true
080425,Cànoves i Samalús,41,Vallès Oriental,2025S1,false,9,3393,0.265252,,,false,"Decreto-ley 3/2023, annex; DOGC 9036, 08/11/2023; effective from 09/11/2023",100,60,municipality,decree_law_3_2023;t2h3-cgys,,2026-08-21T18:25:40Z,0.2.0,,A score of 100 only means the municipality is outside the regional special regime; local planning has not been reviewed.,complete,100,100,100,,official,default,true
080431,Canyelles,17,Garraf,2025S1,false,106,5494,1.929378,,,false,"Decreto-ley 3/2023, annex; DOGC 9036, 08/11/2023; effective from 09/11/2023",100,60,municipality,decree_law_3_2023;t2h3-cgys,,2026-08-21T18:25:40Z,0.2.0,,A score of 100 only means the municipality is outside the regional special regime; local planning has not been reviewed.,complete,100,100,100,,official,default,true
080446,Capellades,06,Anoia,2025S1,false,2,5598,0.035727,,,false,"Decreto-ley 3/2023, annex; DOGC 9036, 08/11/2023; effective from 09/11/2023",100,60,municipality,decree_law_3_2023;t2h3-cgys,,2026-08-21T18:25:40Z,0.2.0,,A score of 100 only means the municipality is outside the regional special regime; local planning has not been reviewed.,complete,100,100,100,,official,default,true
080459,Capolat,14,Berguedà,2025S1,false,5,93,5.376344,,,false,"Decreto-ley 3/2023, annex; DOGC 9036, 08/11/2023; effective from 09/11/2023",100,60,municipality,decree_law_3_2023;t2h3-cgys,,2026-08-21T18:25:40Z,0.2.0,,A score of 100 only means the municipality is outside the regional special regime; local planning has not been reviewed.,complete,100,100,100,,official,default,true
080462,Cardedeu,41,Vallès Oriental,2025S1,true,10,19050,0.052493,,,false,"Decreto-ley 3/2023, annex; DOGC 9036, 08/11/2023; effective from 09/11/2023",40,70,municipality,decree_law_3_2023;t2h3-cgys,,2026-08-21T18:25:40Z,0.2.0,,A score of 100 only means the municipality is outside the regional special regime; local planning has not been reviewed.,complete,40,40,100,,official,default,true
080478,Cardona,07,Bages,2025S1,false,67,4540,1.475771,,,false,"Decreto-ley 3/2023, annex; DOGC 9036, 08/11/2023; effective from 09/11/2023",100,60,municipality,decree_law_3_2023;t2h3-cgys,,2026-08-21T18:25:40Z,0.2.0,,A score of 100 only means the municipality is outside the regional special regime; local planning has not been reviewed.,complete,100,100,100,,official,default,true
080484,Carme,06,Anoia,2025S1,false,1,860,0.116279,,,false,"Decreto-ley 3/2023, annex; DOGC 9036, 08/11/2023; effective from 09/11/2023",100,60,municipality,decree_law_3_2023;t2h3-cgys,,2026-08-21T18:25:40Z,0.2.0,,A score of 100 only means the municipality is outside the regional special regime; local planning has not been reviewed.,complete,100,100,100,,official,default,true
080497,Casserres,14,Berguedà,2025S1,false,7,1665,0.42042,,,false,"Decreto-ley 3/2023, annex; DOGC 9036, 08/11/2023; effective from 09/11/2023",100,60,municipality,decree_law_3_2023;t2h3-cgys,,2026-08-21T18:25:40Z,0.2.0,,A score of 100 only means the municipality is outside the regional special regime; local planning has not been reviewed.,complete,100,100,100,,official,default,true
080500,Castellar del Riu,14,Berguedà,2025S1,true,11,151,7.284768,,,false,"Decreto-ley 3/2023, annex; DOGC 9036, 08/11/2023; effective from 09/11/2023",40,70,municipality,decree_law_3_2023;t2h3-cgys,,2026-08-21T18:25:40Z,0.2.0,,A score of 100 only means the municipality is outside the regional special regime; local planning has not been reviewed.,complete,40,40,100,,official,default,true
080517,Castellar del Vallès,40,Vallès Occidental,2025S1,true,21,25395,0.082693,,,false,"Decreto-ley 3/2023, annex; DOGC 9036, 08/11/2023; effective from 09/11/2023",40,70,municipality,decree_law_3_2023;t2h3-cgys,,2026-08-21T18:25:40Z,0.2.0,,A score of 100 only means the municipality is outside the regional special regime; local planning has not been reviewed.,complete,40,40,100,,official,default,true
080522,Castellar de n'Hug,14,Berguedà,2025S1,true,20,166,12.048193,,,false,"Decreto-ley 3/2023, annex; DOGC 9036, 08/11/2023; effective from 09/11/2023",40,70,municipality,decree_law_3_2023;t2h3-cgys,,2026-08-21T18:25:40Z,0.2.0,,A score of 100 only means the municipality is outside the regional special regime; local planning has not been reviewed.,complete,40,40,100,,official,default,true
080538,Castellbell i el Vilar,07,Bages,2025S1,false,11,4163,0.264233,,,false,"Decreto-ley 3/2023, annex; DOGC 9036, 08/11/2023; effective from 09/11/2023",100,60,municipality,decree_law_3_2023;t2h3-cgys,,2026-08-21T18:25:40Z,0.2.0,,A score of 100 only means the municipality is outside the regional special regime; local planning has not been reviewed.,complete,100,100,100,,official,default,true
080543,Castellbisbal,40,Vallès Occidental,2025S1,true,0,13058,0,,,false,"Decreto-ley 3/2023, annex; DOGC 9036, 08/11/2023; effective from 09/11/2023",40,70,municipality,decree_law_3_2023;t2h3-cgys,,2026-08-21T18:25:40Z,0.2.0,,A score of 100 only means the municipality is outside the regional special regime; local planning has not been reviewed.,complete,40,40,100,,official,default,true
080556,Castellcir,42,Moianès,2025S1,false,6,802,0.74813,,,false,"Decreto-ley 3/2023, annex; DOGC 9036, 08/11/2023; effective from 09/11/2023",100,60,municipality,decree_law_3_2023;t2h3-cgys,,2026-08-21T18:25:40Z,0.2.0,,A score of 100 only means the municipality is outside the regional special regime; local planning has not been reviewed.,complete,100,100,100,,official,default,true
080569,Castelldefels,11,Baix Llobregat,2025S1,true,374,69689,0.53667,,,false,"Decreto-ley 3/2023, annex; DOGC 9036, 08/11/2023; effective from 09/11/2023",40,70,municipality,decree_law_3_2023;t2h3-cgys,,2026-08-21T18:25:40Z,0.2.0,,A score of 100 only means the municipality is outside the regional special regime; local planning has not been reviewed.,complete,40,40,100,,official,default,true
080575,Castell de l'Areny,14,Berguedà,2025S1,true,3,68,4.411765,,,false,"Decreto-ley 3/2023, annex; DOGC 9036, 08/11/2023; effective from 09/11/2023",40,70,municipality,decree_law_3_2023;t2h3-cgys,,2026-08-21T18:25:40Z,0.2.0,,A score of 100 only means the municipality is outside the regional special regime; local planning has not been reviewed.,complete,40,40,100,,official,default,true
080581,Castellet i la Gornal,03,Alt Penedès,2025S1,false,28,2773,1.009737,,,false,"Decreto-ley 3/2023, annex; DOGC 9036, 08/11/2023; effective from 09/11/2023",100,60,municipality,decree_law_3_2023;t2h3-cgys,,2026-08-21T18:25:40Z,0.2.0,,A score of 100 only means the municipality is outside the regional special regime; local planning has not been reviewed.,complete,100,100,100,,official,default,true
080594,Castellfollit del Boix,07,Bages,2025S1,false,4,469,0.852878,,,false,"Decreto-ley 3/2023, annex; DOGC 9036, 08/11/2023; effective from 09/11/2023",100,60,municipality,decree_law_3_2023;t2h3-cgys,,2026-08-21T18:25:40Z,0.2.0,,A score of 100 only means the municipality is outside the regional special regime; local planning has not been reviewed.,complete,100,100,100,,official,default,true
080608,Castellfollit de Riubregós,06,Anoia,2025S1,false,0,153,0,,,false,"Decreto-ley 3/2023, annex; DOGC 9036, 08/11/2023; effective from 09/11/2023",100,60,municipality,decree_law_3_2023;t2h3-cgys,,2026-08-21T18:25:40Z,0.2.0,,A score of 100 only means the municipality is outside the regional special regime; local planning has not been reviewed.,complete,100,100,100,,official,default,true
080615,Castellgalí,07,Bages,2025S1,false,0,2411,0,,,false,"Decreto-ley 3/2023, annex; DOGC 9036, 08/11/2023; effective from 09/11/2023",100,60,municipality,decree_law_3_2023;t2h3-cgys,,2026-08-21T18:25:40Z,0.2.0,,A score of 100 only means the municipality is outside the regional special regime; local planning has not been reviewed.,complete,100,100,100,,official,default,true
080620,Castellnou de Bages,07,Bages,2025S1,false,9,1471,0.611829,,,false,"Decreto-ley 3/2023, annex; DOGC 9036, 08/11/2023; effective from 09/11/2023",100,60,municipality,decree_law_3_2023;t2h3-cgys,,2026-08-21T18:25:40Z,0.2.0,,A score of 100 only means the municipality is outside the regional special regime; local planning has not been reviewed.,complete,100,100,100,,official,default,true
080636,Castellolí,06,Anoia,2025S1,false,1,670,0.149254,,,false,"Decreto-ley 3/2023, annex; DOGC 9036, 08/11/2023; effective from 09/11/2023",100,60,municipality,decree_law_3_2023;t2h3-cgys,,2026-08-21T18:25:40Z,0.2.0,,A score of 100 only means the municipality is outside the regional special regime; local planning has not been reviewed.,complete,100,100,100,,official,default,true
080641,Castellterçol,42,Moianès,2025S1,false,10,2742,0.364697,,,false,"Decreto-ley 3/2023, annex; DOGC 9036, 08/11/2023; effective from 09/11/2023",100,60,municipality,decree_law_3_2023;t2h3-cgys,,2026-08-21T18:25:40Z,0.2.0,,A score of 100 only means the municipality is outside the regional special regime; local planning has not been reviewed.,complete,100,100,100,,official,default,true
080654,Castellví de la Marca,03,Alt Penedès,2025S1,false,6,1718,0.349243,,,false,"Decreto-ley 3/2023, annex; DOGC 9036, 08/11/2023; effective from 09/11/2023",100,60,municipality,decree_law_3_2023;t2h3-cgys,,2026-08-21T18:25:40Z,0.2.0,,A score of 100 only means the municipality is outside the regional special regime; local planning has not been reviewed.,complete,100,100,100,,official,default,true
080667,Castellví de Rosanes,11,Baix Llobregat,2025S1,false,4,2166,0.184672,,,false,"Decreto-ley 3/2023, annex; DOGC 9036, 08/11/2023; effective from 09/11/2023",100,60,municipality,decree_law_3_2023;t2h3-cgys,,2026-08-21T18:25:40Z,0.2.0,,A score of 100 only means the municipality is outside the regional special regime; local planning has not been reviewed.,complete,100,100,100,,official,default,true
080673,Centelles,24,Osona,2025S1,false,8,7860,0.101781,,,false,"Decreto-ley 3/2023, annex; DOGC 9036, 08/11/2023; effective from 09/11/2023",100,60,municipality,decree_law_3_2023;t2h3-cgys,,2026-08-21T18:25:40Z,0.2.0,,A score of 100 only means the municipality is outside the regional special regime; local planning has not been reviewed.,complete,100,100,100,,official,default,true
080689,Cervelló,11,Baix Llobregat,2025S1,true,15,9726,0.154226,,,false,"Decreto-ley 3/2023, annex; DOGC 9036, 08/11/2023; effective from 09/11/2023",40,70,municipality,decree_law_3_2023;t2h3-cgys,,2026-08-21T18:25:40Z,0.2.0,,A score of 100 only means the municipality is outside the regional special regime; local planning has not been reviewed.,complete,40,40,100,,official,default,true
080692,Collbató,11,Baix Llobregat,2025S1,false,22,4820,0.456432,,,false,"Decreto-ley 3/2023, annex; DOGC 9036, 08/11/2023; effective from 09/11/2023",100,60,municipality,decree_law_3_2023;t2h3-cgys,,2026-08-21T18:25:40Z,0.2.0,,A score of 100 only means the municipality is outside the regional special regime; local planning has not been reviewed.,complete,100,100,100,,official,default,true
080706,Collsuspina,42,Moianès,2025S1,false,7,390,1.794872,,,false,"Decreto-ley 3/2023, annex; DOGC 9036, 08/11/2023; effective from 09/11/2023",100,60,municipality,decree_law_3_2023;t2h3-cgys,,2026-08-21T18:25:40Z,0.2.0,,A score of 100 only means the municipality is outside the regional special regime; local planning has not been reviewed.,complete,100,100,100,,official,default,true
080713,Copons,06,Anoia,2025S1,false,3,352,0.852273,,,false,"Decreto-ley 3/2023, annex; DOGC 9036, 08/11/2023; effective from 09/11/2023",100,60,municipality,decree_law_3_2023;t2h3-cgys,,2026-08-21T18:25:40Z,0.2.0,,A score of 100 only means the municipality is outside the regional special regime; local planning has not been reviewed.,complete,100,100,100,,official,default,true
080728,Corbera de Llobregat,11,Baix Llobregat,2025S1,true,34,16044,0.211917,,,false,"Decreto-ley 3/2023, annex; DOGC 9036, 08/11/2023; effective from 09/11/2023",40,70,municipality,decree_law_3_2023;t2h3-cgys,,2026-08-21T18:25:40Z,0.2.0,,A score of 100 only means the municipality is outside the regional special regime; local planning has not been reviewed.,complete,40,40,100,,official,default,true
080734,Cornellà de Llobregat,11,Baix Llobregat,2025S1,true,89,92255,0.096472,,,false,"Decreto-ley 3/2023, annex; DOGC 9036, 08/11/2023; effective from 09/11/2023",40,70,municipality,decree_law_3_2023;t2h3-cgys,,2026-08-21T18:25:40Z,0.2.0,,A score of 100 only means the municipality is outside the regional special regime; local planning has not been reviewed.,complete,40,40,100,,official,default,true
080749,Cubelles,17,Garraf,2025S1,true,747,17648,4.232774,,,false,"Decreto-ley 3/2023, annex; DOGC 9036, 08/11/2023; effective from 09/11/2023",40,70,municipality,decree_law_3_2023;t2h3-cgys,,2026-08-21T18:25:40Z,0.2.0,,A score of 100 only means the municipality is outside the regional special regime; local planning has not been reviewed.,complete,40,40,100,,official,default,true
080752,Dosrius,21,Maresme,2025S1,false,21,6307,0.332963,,,false,"Decreto-ley 3/2023, annex; DOGC 9036, 08/11/2023; effective from 09/11/2023",100,60,municipality,decree_law_3_2023;t2h3-cgys,,2026-08-21T18:25:40Z,0.2.0,,A score of 100 only means the municipality is outside the regional special regime; local planning has not been reviewed.,complete,100,100,100,,official,default,true
080765,Esparreguera,11,Baix Llobregat,2025S1,true,4,22639,0.017669,,,false,"Decreto-ley 3/2023, annex; DOGC 9036, 08/11/2023; effective from 09/11/2023",40,70,municipality,decree_law_3_2023;t2h3-cgys,,2026-08-21T18:25:40Z,0.2.0,,A score of 100 only means the municipality is outside the regional special regime; local planning has not been reviewed.,complete,40,40,100,,official,default,true
080771,Esplugues de Llobregat,11,Baix Llobregat,2025S1,true,18,48424,0.037172,,,false,"Decreto-ley 3/2023, annex; DOGC 9036, 08/11/2023; effective from 09/11/2023",40,70,municipality,decree_law_3_2023;t2h3-cgys,,2026-08-21T18:25:40Z,0.2.0,,A score of 100 only means the municipality is outside the regional special regime; local planning has not been reviewed.,complete,40,40,100,,official,default,true
080787,l'Espunyola,14,Berguedà,2025S1,false,3,260,1.153846,,,false,"Decreto-ley 3/2023, annex; DOGC 9036, 08/11/2023; effective from 09/11/2023",100,60,municipality,decree_law_3_2023;t2h3-cgys,,2026-08-21T18:25:40Z,0.2.0,,A score of 100 only means the municipality is outside the regional special regime; local planning has not been reviewed.,complete,100,100,100,,official,default,true
080790,l'Estany,42,Moianès,2025S1,false,4,391,1.023018,,,false,"Decreto-ley 3/2023, annex; DOGC 9036, 08/11/2023; effective from 09/11/2023",100,60,municipality,decree_law_3_2023;t2h3-cgys,,2026-08-21T18:25:40Z,0.2.0,,A score of 100 only means the municipality is outside the regional special regime; local planning has not been reviewed.,complete,100,100,100,,official,default,true
080804,Fígols,14,Berguedà,2025S1,false,2,41,4.878049,,,false,"Decreto-ley 3/2023, annex; DOGC 9036, 08/11/2023; effective from 09/11/2023",100,60,municipality,decree_law_3_2023;t2h3-cgys,,2026-08-21T18:25:40Z,0.2.0,,A score of 100 only means the municipality is outside the regional special regime; local planning has not been reviewed.,complete,100,100,100,,official,default,true
080811,Fogars de Montclús,41,Vallès Oriental,2025S1,false,13,493,2.636917,,,false,"Decreto-ley 3/2023, annex; DOGC 9036, 08/11/2023; effective from 09/11/2023",100,60,municipality,decree_law_3_2023;t2h3-cgys,,2026-08-21T18:25:40Z,0.2.0,,A score of 100 only means the municipality is outside the regional special regime; local planning has not been reviewed.,complete,100,100,100,,official,default,true
080826,Fogars de la Selva,34,Selva,2025S1,false,23,1705,1.348974,,,false,"Decreto-ley 3/2023, annex; DOGC 9036, 08/11/2023; effective from 09/11/2023",100,60,municipality,decree_law_3_2023;t2h3-cgys,,2026-08-21T18:25:40Z,0.2.0,,A score of 100 only means the municipality is outside the regional special regime; local planning has not been reviewed.,complete,100,100,100,,official,default,true
080832,Folgueroles,24,Osona,2025S1,false,0,2262,0,,,false,"Decreto-ley 3/2023, annex; DOGC 9036, 08/11/2023; effective from 09/11/2023",100,60,municipality,decree_law_3_2023;t2h3-cgys,,2026-08-21T18:25:40Z,0.2.0,,A score of 100 only means the municipality is outside the regional special regime; local planning has not been reviewed.,complete,100,100,100,,official,default,true
080847,Fonollosa,07,Bages,2025S1,false,4,1571,0.254615,,,false,"Decreto-ley 3/2023, annex; DOGC 9036, 08/11/2023; effective from 09/11/2023",100,60,municipality,decree_law_3_2023;t2h3-cgys,,2026-08-21T18:25:40Z,0.2.0,,A score of 100 only means the municipality is outside the regional special regime; local planning has not been reviewed.,complete,100,100,100,,official,default,true
080850,Font-rubí,03,Alt Penedès,2025S1,false,11,1436,0.766017,,,false,"Decreto-ley 3/2023, annex; DOGC 9036, 08/11/2023; effective from 09/11/2023",100,60,municipality,decree_law_3_2023;t2h3-cgys,,2026-08-21T18:25:40Z,0.2.0,,A score of 100 only means the municipality is outside the regional special regime; local planning has not been reviewed.,complete,100,100,100,,official,default,true
080863,les Franqueses del Vallès,41,Vallès Oriental,2025S1,true,7,20855,0.033565,,,false,"Decreto-ley 3/2023, annex; DOGC 9036, 08/11/2023; effective from 09/11/2023",40,70,municipality,decree_law_3_2023;t2h3-cgys,,2026-08-21T18:25:40Z,0.2.0,,A score of 100 only means the municipality is outside the regional special regime; local planning has not been reviewed.,complete,40,40,100,,official,default,true
080879,Gallifa,40,Vallès Occidental,2025S1,false,1,171,0.584795,,,false,"Decreto-ley 3/2023, annex; DOGC 9036, 08/11/2023; effective from 09/11/2023",100,60,municipality,decree_law_3_2023;t2h3-cgys,,2026-08-21T18:25:40Z,0.2.0,,A score of 100 only means the municipality is outside the regional special regime; local planning has not been reviewed.,complete,100,100,100,,official,default,true
080885,la Garriga,41,Vallès Oriental,2025S1,true,20,17386,0.115035,,,false,"Decreto-ley 3/2023, annex; DOGC 9036, 08/11/2023; effective from 09/11/2023",40,70,municipality,decree_law_3_2023;t2h3-cgys,,2026-08-21T18:25:40Z,0.2.0,,A score of 100 only means the municipality is outside the regional special regime; local planning has not been reviewed.,complete,40,40,100,,official,default,true
080898,Gavà,11,Baix Llobregat,2025S1,true,245,48181,0.508499,,,false,"Decreto-ley 3/2023, annex; DOGC 9036, 08/11/2023; effective from 09/11/2023",40,70,municipality,decree_law_3_2023;t2h3-cgys,,2026-08-21T18:25:40Z,0.2.0,,A score of 100 only means the municipality is outside the regional special regime; local planning has not been reviewed.,complete,40,40,100,,official,default,true
080902,Gaià,07,Bages,2025S1,false,1,174,0.574713,,,false,"Decreto-ley 3/2023, annex; DOGC 9036, 08/11/2023; effective from 09/11/2023",100,60,municipality,decree_law_3_2023;t2h3-cgys,,2026-08-21T18:25:40Z,0.2.0,,A score of 100 only means the municipality is outside the regional special regime; local planning has not been reviewed.,complete,100,100,100,,official,default,true
080919,Gelida,03,Alt Penedès,2025S1,false,12,8192,0.146484,,,false,"Decreto-ley 3/2023, annex; DOGC 9036, 08/11/2023; effective from 09/11/2023",100,60,municipality,decree_law_3_2023;t2h3-cgys,,2026-08-21T18:25:40Z,0.2.0,,A score of 100 only means the municipality is outside the regional special regime; local planning has not been reviewed.,complete,100,100,100,,official,default,true
080924,Gironella,14,Berguedà,2025S1,false,15,5082,0.295159,,,false,"Decreto-ley 3/2023, annex; DOGC 9036, 08/11/2023; effective from 09/11/2023",100,60,municipality,decree_law_3_2023;t2h3-cgys,,2026-08-21T18:25:40Z,0.2.0,,A score of 100 only means the municipality is outside the regional special regime; local planning has not been reviewed.,complete,100,100,100,,official,default,true
080930,Gisclareny,14,Berguedà,2025S1,true,3,28,10.714286,,,false,"Decreto-ley 3/2023, annex; DOGC 9036, 08/11/2023; effective from 09/11/2023",40,70,municipality,decree_law_3_2023;t2h3-cgys,,2026-08-21T18:25:40Z,0.2.0,,A score of 100 only means the municipality is outside the regional special regime; local planning has not been reviewed.,complete,40,40,100,,official,default,true
080945,la Granada,03,Alt Penedès,2025S1,false,2,2281,0.087681,,,false,"Decreto-ley 3/2023, annex; DOGC 9036, 08/11/2023; effective from 09/11/2023",100,60,municipality,decree_law_3_2023;t2h3-cgys,,2026-08-21T18:25:40Z,0.2.0,,A score of 100 only means the municipality is outside the regional special regime; local planning has not been reviewed.,complete,100,100,100,,official,default,true
080958,Granera,42,Moianès,2025S1,false,3,83,3.614458,,,false,"Decreto-ley 3/2023, annex; DOGC 9036, 08/11/2023; effective from 09/11/2023",100,60,municipality,decree_law_3_2023;t2h3-cgys,,2026-08-21T18:25:40Z,0.2.0,,A score of 100 only means the municipality is outside the regional special regime; local planning has not been reviewed.,complete,100,100,100,,official,default,true
080961,Granollers,41,Vallès Oriental,2025S1,true,17,65123,0.026104,,,false,"Decreto-ley 3/2023, annex; DOGC 9036, 08/11/2023; effective from 09/11/2023",40,70,municipality,decree_law_3_2023;t2h3-cgys,,2026-08-21T18:25:40Z,0.2.0,,A score of 100 only means the municipality is outside the regional special regime; local planning has not been reviewed.,complete,40,40,100,,official,default,true
080977,Gualba,41,Vallès Oriental,2025S1,false,22,1753,1.254991,,,false,"Decreto-ley 3/2023, annex; DOGC 9036, 08/11/2023; effective from 09/11/2023",100,60,municipality,decree_law_3_2023;t2h3-cgys,,2026-08-21T18:25:40Z,0.2.0,,A score of 100 only means the municipality is outside the regional special regime; local planning has not been reviewed.,complete,100,100,100,,official,default,true
080983,Sant Salvador de Guardiola,07,Bages,2025S1,false,0,3596,0,,,false,"Decreto-ley 3/2023, annex; DOGC 9036, 08/11/2023; effective from 09/11/2023",100,60,municipality,decree_law_3_2023;t2h3-cgys,,2026-08-21T18:25:40Z,0.2.0,,A score of 100 only means the municipality is outside the regional special regime; local planning has not been reviewed.,complete,100,100,100,,official,default,true
080996,Guardiola de Berguedà,14,Berguedà,2025S1,false,39,962,4.054054,,,false,"Decreto-ley 3/2023, annex; DOGC 9036, 08/11/2023; effective from 09/11/2023",100,60,municipality,decree_law_3_2023;t2h3-cgys,,2026-08-21T18:25:40Z,0.2.0,,A score of 100 only means the municipality is outside the regional special regime; local planning has not been reviewed.,complete,100,100,100,,official,default,true
081000,Gurb,24,Osona,2025S1,false,3,2738,0.109569,,,false,"Decreto-ley 3/2023, annex; DOGC 9036, 08/11/2023; effective from 09/11/2023",100,60,municipality,decree_law_3_2023;t2h3-cgys,,2026-08-21T18:25:40Z,0.2.0,,A score of 100 only means the municipality is outside the regional special regime; local planning has not been reviewed.,complete,100,100,100,,official,default,true
081017,l'Hospitalet de Llobregat,13,Barcelonès,2025S1,true,520,292161,0.177984,,,false,"Decreto-ley 3/2023, annex; DOGC 9036, 08/11/2023; effective from 09/11/2023",40,70,municipality,decree_law_3_2023;t2h3-cgys,,2026-08-21T18:25:40Z,0.2.0,,A score of 100 only means the municipality is outside the regional special regime; local planning has not been reviewed.,complete,40,40,100,,official,default,true
081022,Igualada,06,Anoia,2025S1,true,43,42449,0.101298,,,false,"Decreto-ley 3/2023, annex; DOGC 9036, 08/11/2023; effective from 09/11/2023",40,70,municipality,decree_law_3_2023;t2h3-cgys,,2026-08-21T18:25:40Z,0.2.0,,A score of 100 only means the municipality is outside the regional special regime; local planning has not been reviewed.,complete,40,40,100,,official,default,true
081038,Jorba,06,Anoia,2025S1,false,1,849,0.117786,,,false,"Decreto-ley 3/2023, annex; DOGC 9036, 08/11/2023; effective from 09/11/2023",100,60,municipality,decree_law_3_2023;t2h3-cgys,,2026-08-21T18:25:40Z,0.2.0,,A score of 100 only means the municipality is outside the regional special regime; local planning has not been reviewed.,complete,100,100,100,,official,default,true
081043,la Llacuna,06,Anoia,2025S1,false,13,961,1.352758,,,false,"Decreto-ley 3/2023, annex; DOGC 9036, 08/11/2023; effective from 09/11/2023",100,60,municipality,decree_law_3_2023;t2h3-cgys,,2026-08-21T18:25:40Z,0.2.0,,A score of 100 only means the municipality is outside the regional special regime; local planning has not been reviewed.,complete,100,100,100,,official,default,true
081056,la Llagosta,41,Vallès Oriental,2025S1,true,0,13254,0,,,false,"Decreto-ley 3/2023, annex; DOGC 9036, 08/11/2023; effective from 09/11/2023",40,70,municipality,decree_law_3_2023;t2h3-cgys,,2026-08-21T18:25:40Z,0.2.0,,A score of 100 only means the municipality is outside the regional special regime; local planning has not been reviewed.,complete,40,40,100,,official,default,true
081069,Llinars del Vallès,41,Vallès Oriental,2025S1,true,10,10931,0.091483,,,false,"Decreto-ley 3/2023, annex; DOGC 9036, 08/11/2023; effective from 09/11/2023",40,70,municipality,decree_law_3_2023;t2h3-cgys,,2026-08-21T18:25:40Z,0.2.0,,A score of 100 only means the municipality is outside the regional special regime; local planning has not been reviewed.,complete,40,40,100,,official,default,true
081075,Lliçà d'Amunt,41,Vallès Oriental,2025S1,false,18,16519,0.108965,,,false,"Decreto-ley 3/2023, annex; DOGC 9036, 08/11/2023; effective from 09/11/2023",100,60,municipality,decree_law_3_2023;t2h3-cgys,,2026-08-21T18:25:40Z,0.2.0,,A score of 100 only means the municipality is outside the regional special regime; local planning has not been reviewed.,complete,100,100,100,,official,default,true
081081,Lliçà de Vall,41,Vallès Oriental,2025S1,false,3,6891,0.043535,,,false,"Decreto-ley 3/2023, annex; DOGC 9036, 08/11/2023; effective from 09/11/2023",100,60,municipality,decree_law_3_2023;t2h3-cgys,,2026-08-21T18:25:40Z,0.2.0,,A score of 100 only means the municipality is outside the regional special regime; local planning has not been reviewed.,complete,100,100,100,,official,default,true
081094,Lluçà,43,Lluçanès,2025S1,false,2,280,0.714286,,,false,"Decreto-ley 3/2023, annex; DOGC 9036, 08/11/2023; effective from 09/11/2023",100,60,municipality,decree_law_3_2023;t2h3-cgys,,2026-08-21T18:25:40Z,0.2.0,,A score of 100 only means the municipality is outside the regional special regime; local planning has not been reviewed.,complete,100,100,100,,official,default,true
081108,Malgrat de Mar,21,Maresme,2025S1,true,369,19630,1.879776,,,false,"Decreto-ley 3/2023, annex; DOGC 9036, 08/11/2023; effective from 09/11/2023",40,70,municipality,decree_law_3_2023;t2h3-cgys,,2026-08-21T18:25:40Z,0.2.0,,A score of 100 only means the municipality is outside the regional special regime; local planning has not been reviewed.,complete,40,40,100,,official,default,true
081115,Malla,24,Osona,2025S1,false,1,286,0.34965,,,false,"Decreto-ley 3/2023, annex; DOGC 9036, 08/11/2023; effective from 09/11/2023",100,60,municipality,decree_law_3_2023;t2h3-cgys,,2026-08-21T18:25:40Z,0.2.0,,A score of 100 only means the municipality is outside the regional special regime; local planning has not been reviewed.,complete,100,100,100,,official,default,true
081120,Manlleu,24,Osona,2025S1,true,0,21321,0,,,false,"Decreto-ley 3/2023, annex; DOGC 9036, 08/11/2023; effective from 09/11/2023",40,70,municipality,decree_law_3_2023;t2h3-cgys,,2026-08-21T18:25:40Z,0.2.0,,A score of 100 only means the municipality is outside the regional special regime; local planning has not been reviewed.,complete,40,40,100,,official,default,true
081136,Manresa,07,Bages,2025S1,true,154,80692,0.190849,,,false,"Decreto-ley 3/2023, annex; DOGC 9036, 08/11/2023; effective from 09/11/2023",40,70,municipality,decree_law_3_2023;t2h3-cgys,,2026-08-21T18:25:40Z,0.2.0,,A score of 100 only means the municipality is outside the regional special regime; local planning has not been reviewed.,complete,40,40,100,,official,default,true
081141,Martorell,11,Baix Llobregat,2025S1,false,9,28989,0.031046,,,false,"Decreto-ley 3/2023, annex; DOGC 9036, 08/11/2023; effective from 09/11/2023",100,60,municipality,decree_law_3_2023;t2h3-cgys,,2026-08-21T18:25:40Z,0.2.0,,A score of 100 only means the municipality is outside the regional special regime; local planning has not been reviewed.,complete,100,100,100,,official,default,true
081154,Martorelles,41,Vallès Oriental,2025S1,false,2,4987,0.040104,,,false,"Decreto-ley 3/2023, annex; DOGC 9036, 08/11/2023; effective from 09/11/2023",100,60,municipality,decree_law_3_2023;t2h3-cgys,,2026-08-21T18:25:40Z,0.2.0,,A score of 100 only means the municipality is outside the regional special regime; local planning has not been reviewed.,complete,100,100,100,,official,default,true
081167,les Masies de Roda,24,Osona,2025S1,false,0,758,0,,,false,"Decreto-ley 3/2023, annex; DOGC 9036, 08/11/2023; effective from 09/11/2023",100,60,municipality,decree_law_3_2023;t2h3-cgys,,2026-08-21T18:25:40Z,0.2.0,,A score of 100 only means the municipality is outside the regional special regime; local planning has not been reviewed.,complete,100,100,100,,official,default,true
081173,les Masies de Voltregà,24,Osona,2025S1,false,0,3345,0,,,false,"Decreto-ley 3/2023, annex; DOGC 9036, 08/11/2023; effective from 09/11/2023",100,60,municipality,decree_law_3_2023;t2h3-cgys,,2026-08-21T18:25:40Z,0.2.0,,A score of 100 only means the municipality is outside the regional special regime; local planning has not been reviewed.,complete,100,100,100,,official,default,true
081189,el Masnou,21,Maresme,2025S1,true,134,24727,0.541918,,,false,"Decreto-ley 3/2023, annex; DOGC 9036, 08/11/2023; effective from 09/11/2023",40,70,municipality,decree_law_3_2023;t2h3-cgys,,2026-08-21T18:25:40Z,0.2.0,,A score of 100 only means the municipality is outside the regional special regime; local planning has not been reviewed.,complete,40,40,100,,official,default,true
081192,Masquefa,06,Anoia,2025S1,false,4,10111,0.039561,,,false,"Decreto-ley 3/2023, annex; DOGC 9036, 08/11/2023; effective from 09/11/2023",100,60,municipality,decree_law_3_2023;t2h3-cgys,,2026-08-21T18:25:40Z,0.2.0,,A score of 100 only means the municipality is outside the regional special regime; local planning has not been reviewed.,complete,100,100,100,,official,default,true
081206,Matadepera,40,Vallès Occidental,2025S1,true,12,9808,0.122349,,,false,"Decreto-ley 3/2023, annex; DOGC 9036, 08/11/2023; effective from 09/11/2023",40,70,municipality,decree_law_3_2023;t2h3-cgys,,2026-08-21T18:25:40Z,0.2.0,,A score of 100 only means the municipality is outside the regional special regime; local planning has not been reviewed.,complete,40,40,100,,official,default,true
081213,Mataró,21,Maresme,2025S1,true,164,131370,0.124838,,,false,"Decreto-ley 3/2023, annex; DOGC 9036, 08/11/2023; effective from 09/11/2023",40,70,municipality,decree_law_3_2023;t2h3-cgys,,2026-08-21T18:25:40Z,0.2.0,,A score of 100 only means the municipality is outside the regional special regime; local planning has not been reviewed.,complete,40,40,100,,official,default,true
081228,Mediona,03,Alt Penedès,2025S1,false,12,2664,0.45045,,,false,"Decreto-ley 3/2023, annex; DOGC 9036, 08/11/2023; effective from 09/11/2023",100,60,municipality,decree_law_3_2023;t2h3-cgys,,2026-08-21T18:25:40Z,0.2.0,,A score of 100 only means the municipality is outside the regional special regime; local planning has not been reviewed.,complete,100,100,100,,official,default,true
081234,Molins de Rei,11,Baix Llobregat,2025S1,true,6,27291,0.021985,,,false,"Decreto-ley 3/2023, annex; DOGC 9036, 08/11/2023; effective from 09/11/2023",40,70,municipality,decree_law_3_2023;t2h3-cgys,,2026-08-21T18:25:40Z,0.2.0,,A score of 100 only means the municipality is outside the regional special regime; local planning has not been reviewed.,complete,40,40,100,,official,default,true
081249,Mollet del Vallès,41,Vallès Oriental,2025S1,true,2,52759,0.003791,,,false,"Decreto-ley 3/2023, annex; DOGC 9036, 08/11/2023; effective from 09/11/2023",40,70,municipality,decree_law_3_2023;t2h3-cgys,,2026-08-21T18:25:40Z,0.2.0,,A score of 100 only means the municipality is outside the regional special regime; local planning has not been reviewed.,complete,40,40,100,,official,default,true
081252,Montcada i Reixac,40,Vallès Occidental,2025S1,true,13,37446,0.034717,,,false,"Decreto-ley 3/2023, annex; DOGC 9036, 08/11/2023; effective from 09/11/2023",40,70,municipality,decree_law_3_2023;t2h3-cgys,,2026-08-21T18:25:40Z,0.2.0,,A score of 100 only means the municipality is outside the regional special regime; local planning has not been reviewed.,complete,40,40,100,,official,default,true
081265,Montgat,21,Maresme,2025S1,true,67,12835,0.52201,,,false,"Decreto-ley 3/2023, annex; DOGC 9036, 08/11/2023; effective from 09/11/2023",40,70,municipality,decree_law_3_2023;t2h3-cgys,,2026-08-21T18:25:40Z,0.2.0,,A score of 100 only means the municipality is outside the regional special regime; local planning has not been reviewed.,complete,40,40,100,,official,default,true
081271,Monistrol de Montserrat,07,Bages,2025S1,false,27,3233,0.835138,,,false,"Decreto-ley 3/2023, annex; DOGC 9036, 08/11/2023; effective from 09/11/2023",100,60,municipality,decree_law_3_2023;t2h3-cgys,,2026-08-21T18:25:40Z,0.2.0,,A score of 100 only means the municipality is outside the regional special regime; local planning has not been reviewed.,complete,100,100,100,,official,default,true
081287,Monistrol de Calders,42,Moianès,2025S1,false,3,764,0.39267,,,false,"Decreto-ley 3/2023, annex; DOGC 9036, 08/11/2023; effective from 09/11/2023",100,60,municipality,decree_law_3_2023;t2h3-cgys,,2026-08-21T18:25:40Z,0.2.0,,A score of 100 only means the municipality is outside the regional special regime; local planning has not been reviewed.,complete,100,100,100,,official,default,true
081290,Muntanyola,24,Osona,2025S1,false,3,700,0.428571,,,false,"Decreto-ley 3/2023, annex; DOGC 9036, 08/11/2023; effective from 09/11/2023",100,60,municipality,decree_law_3_2023;t2h3-cgys,,2026-08-21T18:25:40Z,0.2.0,,A score of 100 only means the municipality is outside the regional special regime; local planning has not been reviewed.,complete,100,100,100,,official,default,true
081304,Montclar,14,Berguedà,2025S1,false,6,133,4.511278,,,false,"Decreto-ley 3/2023, annex; DOGC 9036, 08/11/2023; effective from 09/11/2023",100,60,municipality,decree_law_3_2023;t2h3-cgys,,2026-08-21T18:25:40Z,0.2.0,,A score of 100 only means the municipality is outside the regional special regime; local planning has not been reviewed.,complete,100,100,100,,official,default,true
081311,Montesquiu,24,Osona,2025S1,false,4,1133,0.353045,,,false,"Decreto-ley 3/2023, annex; DOGC 9036, 08/11/2023; effective from 09/11/2023",100,60,municipality,decree_law_3_2023;t2h3-cgys,,2026-08-21T18:25:40Z,0.2.0,,A score of 100 only means the municipality is outside the regional special regime; local planning has not been reviewed.,complete,100,100,100,,official,default,true
081326,Montmajor,14,Berguedà,2025S1,false,10,471,2.123142,,,false,"Decreto-ley 3/2023, annex; DOGC 9036, 08/11/2023; effective from 09/11/2023",100,60,municipality,decree_law_3_2023;t2h3-cgys,,2026-08-21T18:25:40Z,0.2.0,,A score of 100 only means the municipality is outside the regional special regime; local planning has not been reviewed.,complete,100,100,100,,official,default,true
081332,Montmaneu,06,Anoia,2025S1,false,1,182,0.549451,,,false,"Decreto-ley 3/2023, annex; DOGC 9036, 08/11/2023; effective from 09/11/2023",100,60,municipality,decree_law_3_2023;t2h3-cgys,,2026-08-21T18:25:40Z,0.2.0,,A score of 100 only means the municipality is outside the regional special regime; local planning has not been reviewed.,complete,100,100,100,,official,default,true
081347,Figaró-Montmany,41,Vallès Oriental,2025S1,false,4,1187,0.336984,,,false,"Decreto-ley 3/2023, annex; DOGC 9036, 08/11/2023; effective from 09/11/2023",100,60,municipality,decree_law_3_2023;t2h3-cgys,,2026-08-21T18:25:40Z,0.2.0,,A score of 100 only means the municipality is outside the regional special regime; local planning has not been reviewed.,complete,100,100,100,,official,default,true
081350,Montmeló,41,Vallès Oriental,2025S1,true,1,8868,0.011276,,,false,"Decreto-ley 3/2023, annex; DOGC 9036, 08/11/2023; effective from 09/11/2023",40,70,municipality,decree_law_3_2023;t2h3-cgys,,2026-08-21T18:25:40Z,0.2.0,,A score of 100 only means the municipality is outside the regional special regime; local planning has not been reviewed.,complete,40,40,100,,official,default,true
081363,Montornès del Vallès,41,Vallès Oriental,2025S1,true,1,17062,0.005861,,,false,"Decreto-ley 3/2023, annex; DOGC 9036, 08/11/2023; effective from 09/11/2023",40,70,municipality,decree_law_3_2023;t2h3-cgys,,2026-08-21T18:25:40Z,0.2.0,,A score of 100 only means the municipality is outside the regional special regime; local planning has not been reviewed.,complete,40,40,100,,official,default,true
081379,Montseny,41,Vallès Oriental,2025S1,false,14,387,3.617571,,,false,"Decreto-ley 3/2023, annex; DOGC 9036, 08/11/2023; effective from 09/11/2023",100,60,municipality,decree_law_3_2023;t2h3-cgys,,2026-08-21T18:25:40Z,0.2.0,,A score of 100 only means the municipality is outside the regional special regime; local planning has not been reviewed.,complete,100,100,100,,official,default,true
081385,Moià,42,Moianès,2025S1,false,13,6807,0.19098,,,false,"Decreto-ley 3/2023, annex; DOGC 9036, 08/11/2023; effective from 09/11/2023",100,60,municipality,decree_law_3_2023;t2h3-cgys,,2026-08-21T18:25:40Z,0.2.0,,A score of 100 only means the municipality is outside the regional special regime; local planning has not been reviewed.,complete,100,100,100,,official,default,true
081398,Mura,07,Bages,2025S1,false,5,234,2.136752,,,false,"Decreto-ley 3/2023, annex; DOGC 9036, 08/11/2023; effective from 09/11/2023",100,60,municipality,decree_law_3_2023;t2h3-cgys,,2026-08-21T18:25:40Z,0.2.0,,A score of 100 only means the municipality is outside the regional special regime; local planning has not been reviewed.,complete,100,100,100,,official,default,true
081402,Navarcles,07,Bages,2025S1,false,1,6277,0.015931,,,false,"Decreto-ley 3/2023, annex; DOGC 9036, 08/11/2023; effective from 09/11/2023",100,60,municipality,decree_law_3_2023;t2h3-cgys,,2026-08-21T18:25:40Z,0.2.0,,A score of 100 only means the municipality is outside the regional special regime; local planning has not been reviewed.,complete,100,100,100,,official,default,true
081419,Navàs,07,Bages,2025S1,false,5,6242,0.080103,,,false,"Decreto-ley 3/2023, annex; DOGC 9036, 08/11/2023; effective from 09/11/2023",100,60,municipality,decree_law_3_2023;t2h3-cgys,,2026-08-21T18:25:40Z,0.2.0,,A score of 100 only means the municipality is outside the regional special regime; local planning has not been reviewed.,complete,100,100,100,,official,default,true
081424,la Nou de Berguedà,14,Berguedà,2025S1,false,3,163,1.840491,,,false,"Decreto-ley 3/2023, annex; DOGC 9036, 08/11/2023; effective from 09/11/2023",100,60,municipality,decree_law_3_2023;t2h3-cgys,,2026-08-21T18:25:40Z,0.2.0,,A score of 100 only means the municipality is outside the regional special regime; local planning has not been reviewed.,complete,100,100,100,,official,default,true
081430,Òdena,06,Anoia,2025S1,false,5,3756,0.13312,,,false,"Decreto-ley 3/2023, annex; DOGC 9036, 08/11/2023; effective from 09/11/2023",100,60,municipality,decree_law_3_2023;t2h3-cgys,,2026-08-21T18:25:40Z,0.2.0,,A score of 100 only means the municipality is outside the regional special regime; local planning has not been reviewed.,complete,100,100,100,,official,default,true
081445,Olvan,14,Berguedà,2025S1,false,8,926,0.863931,,,false,"Decreto-ley 3/2023, annex; DOGC 9036, 08/11/2023; effective from 09/11/2023",100,60,municipality,decree_law_3_2023;t2h3-cgys,,2026-08-21T18:25:40Z,0.2.0,,A score of 100 only means the municipality is outside the regional special regime; local planning has not been reviewed.,complete,100,100,100,,official,default,true
081458,Olèrdola,03,Alt Penedès,2025S1,false,24,3953,0.607134,,,false,"Decreto-ley 3/2023, annex; DOGC 9036, 08/11/2023; effective from 09/11/2023",100,60,municipality,decree_law_3_2023;t2h3-cgys,,2026-08-21T18:25:40Z,0.2.0,,A score of 100 only means the municipality is outside the regional special regime; local planning has not been reviewed.,complete,100,100,100,,official,default,true
081461,Olesa de Bonesvalls,03,Alt Penedès,2025S1,false,4,2134,0.187441,,,false,"Decreto-ley 3/2023, annex; DOGC 9036, 08/11/2023; effective from 09/11/2023",100,60,municipality,decree_law_3_2023;t2h3-cgys,,2026-08-21T18:25:40Z,0.2.0,,A score of 100 only means the municipality is outside the regional special regime; local planning has not been reviewed.,complete,100,100,100,,official,default,true
081477,Olesa de Montserrat,11,Baix Llobregat,2025S1,true,0,25000,0,,,false,"Decreto-ley 3/2023, annex; DOGC 9036, 08/11/2023; effective from 09/11/2023",40,70,municipality,decree_law_3_2023;t2h3-cgys,,2026-08-21T18:25:40Z,0.2.0,,A score of 100 only means the municipality is outside the regional special regime; local planning has not been reviewed.,complete,40,40,100,,official,default,true
081483,Olivella,17,Garraf,2025S1,false,213,4473,4.761905,,,false,"Decreto-ley 3/2023, annex; DOGC 9036, 08/11/2023; effective from 09/11/2023",100,60,municipality,decree_law_3_2023;t2h3-cgys,,2026-08-21T18:25:40Z,0.2.0,,A score of 100 only means the municipality is outside the regional special regime; local planning has not been reviewed.,complete,100,100,100,,official,default,true
081496,Olost,43,Lluçanès,2025S1,false,4,1204,0.332226,,,false,"Decreto-ley 3/2023, annex; DOGC 9036, 08/11/2023; effective from 09/11/2023",100,60,municipality,decree_law_3_2023;t2h3-cgys,,2026-08-21T18:25:40Z,0.2.0,,A score of 100 only means the municipality is outside the regional special regime; local planning has not been reviewed.,complete,100,100,100,,official,default,true
081509,Orís,24,Osona,2025S1,false,0,352,0,,,false,"Decreto-ley 3/2023, annex; DOGC 9036, 08/11/2023; effective from 09/11/2023",100,60,municipality,decree_law_3_2023;t2h3-cgys,,2026-08-21T18:25:40Z,0.2.0,,A score of 100 only means the municipality is outside the regional special regime; local planning has not been reviewed.,complete,100,100,100,,official,default,true
081516,Oristà,43,Lluçanès,2025S1,false,3,556,0.539568,,,false,"Decreto-ley 3/2023, annex; DOGC 9036, 08/11/2023; effective from 09/11/2023",100,60,municipality,decree_law_3_2023;t2h3-cgys,,2026-08-21T18:25:40Z,0.2.0,,A score of 100 only means the municipality is outside the regional special regime; local planning has not been reviewed.,complete,100,100,100,,official,default,true
081521,Orpí,06,Anoia,2025S1,false,0,176,0,,,false,"Decreto-ley 3/2023, annex; DOGC 9036, 08/11/2023; effective from 09/11/2023",100,60,municipality,decree_law_3_2023;t2h3-cgys,,2026-08-21T18:25:40Z,0.2.0,,A score of 100 only means the municipality is outside the regional special regime; local planning has not been reviewed.,complete,100,100,100,,official,default,true
081537,Òrrius,21,Maresme,2025S1,false,9,814,1.105651,,,false,"Decreto-ley 3/2023, annex; DOGC 9036, 08/11/2023; effective from 09/11/2023",100,60,municipality,decree_law_3_2023;t2h3-cgys,,2026-08-21T18:25:40Z,0.2.0,,A score of 100 only means the municipality is outside the regional special regime; local planning has not been reviewed.,complete,100,100,100,,official,default,true
081542,Pacs del Penedès,03,Alt Penedès,2025S1,false,2,934,0.214133,,,false,"Decreto-ley 3/2023, annex; DOGC 9036, 08/11/2023; effective from 09/11/2023",100,60,municipality,decree_law_3_2023;t2h3-cgys,,2026-08-21T18:25:40Z,0.2.0,,A score of 100 only means the municipality is outside the regional special regime; local planning has not been reviewed.,complete,100,100,100,,official,default,true
081555,Palafolls,21,Maresme,2025S1,true,78,10026,0.777977,,,false,"Decreto-ley 3/2023, annex; DOGC 9036, 08/11/2023; effective from 09/11/2023",40,70,municipality,decree_law_3_2023;t2h3-cgys,,2026-08-21T18:25:40Z,0.2.0,,A score of 100 only means the municipality is outside the regional special regime; local planning has not been reviewed.,complete,40,40,100,,official,default,true
081568,Palau-solità i Plegamans,40,Vallès Occidental,2025S1,true,5,15584,0.032084,,,false,"Decreto-ley 3/2023, annex; DOGC 9036, 08/11/2023; effective from 09/11/2023",40,70,municipality,decree_law_3_2023;t2h3-cgys,,2026-08-21T18:25:40Z,0.2.0,,A score of 100 only means the municipality is outside the regional special regime; local planning has not been reviewed.,complete,40,40,100,,official,default,true
081574,Pallejà,11,Baix Llobregat,2025S1,false,28,11976,0.233801,,,false,"Decreto-ley 3/2023, annex; DOGC 9036, 08/11/2023; effective from 09/11/2023",100,60,municipality,decree_law_3_2023;t2h3-cgys,,2026-08-21T18:25:40Z,0.2.0,,A score of 100 only means the municipality is outside the regional special regime; local planning has not been reviewed.,complete,100,100,100,,official,default,true
081580,el Papiol,11,Baix Llobregat,2025S1,true,3,4404,0.06812,,,false,"Decreto-ley 3/2023, annex; DOGC 9036, 08/11/2023; effective from 09/11/2023",40,70,municipality,decree_law_3_2023;t2h3-cgys,,2026-08-21T18:25:40Z,0.2.0,,A score of 100 only means the municipality is outside the regional special regime; local planning has not been reviewed.,complete,40,40,100,,official,default,true
081593,Parets del Vallès,41,Vallès Oriental,2025S1,true,0,18899,0,,,false,"Decreto-ley 3/2023, annex; DOGC 9036, 08/11/2023; effective from 09/11/2023",40,70,municipality,decree_law_3_2023;t2h3-cgys,,2026-08-21T18:25:40Z,0.2.0,,A score of 100 only means the municipality is outside the regional special regime; local planning has not been reviewed.,complete,40,40,100,,official,default,true
081607,Perafita,43,Lluçanès,2025S1,false,8,433,1.847575,,,false,"Decreto-ley 3/2023, annex; DOGC 9036, 08/11/2023; effective from 09/11/2023",100,60,municipality,decree_law_3_2023;t2h3-cgys,,2026-08-21T18:25:40Z,0.2.0,,A score of 100 only means the municipality is outside the regional special regime; local planning has not been reviewed.,complete,100,100,100,,official,default,true
081614,Piera,06,Anoia,2025S1,false,17,17884,0.095057,,,false,"Decreto-ley 3/2023, annex; DOGC 9036, 08/11/2023; effective from 09/11/2023",100,60,municipality,decree_law_3_2023;t2h3-cgys,,2026-08-21T18:25:40Z,0.2.0,,A score of 100 only means the municipality is outside the regional special regime; local planning has not been reviewed.,complete,100,100,100,,official,default,true
081629,els Hostalets de Pierola,06,Anoia,2025S1,false,2,3254,0.061463,,,false,"Decreto-ley 3/2023, annex; DOGC 9036, 08/11/2023; effective from 09/11/2023",100,60,municipality,decree_law_3_2023;t2h3-cgys,,2026-08-21T18:25:40Z,0.2.0,,A score of 100 only means the municipality is outside the regional special regime; local planning has not been reviewed.,complete,100,100,100,,official,default,true
081635,Pineda de Mar,21,Maresme,2025S1,true,842,30071,2.80004,,,false,"Decreto-ley 3/2023, annex; DOGC 9036, 08/11/2023; effective from 09/11/2023",40,70,municipality,decree_law_3_2023;t2h3-cgys,,2026-08-21T18:25:40Z,0.2.0,,A score of 100 only means the municipality is outside the regional special regime; local planning has not been reviewed.,complete,40,40,100,,official,default,true
081640,el Pla del Penedès,03,Alt Penedès,2025S1,false,7,1392,0.502874,,,false,"Decreto-ley 3/2023, annex; DOGC 9036, 08/11/2023; effective from 09/11/2023",100,60,municipality,decree_law_3_2023;t2h3-cgys,,2026-08-21T18:25:40Z,0.2.0,,A score of 100 only means the municipality is outside the regional special regime; local planning has not been reviewed.,complete,100,100,100,,official,default,true
081653,la Pobla de Claramunt,06,Anoia,2025S1,false,5,2350,0.212766,,,false,"Decreto-ley 3/2023, annex; DOGC 9036, 08/11/2023; effective from 09/11/2023",100,60,municipality,decree_law_3_2023;t2h3-cgys,,2026-08-21T18:25:40Z,0.2.0,,A score of 100 only means the municipality is outside the regional special regime; local planning has not been reviewed.,complete,100,100,100,,official,default,true
081666,la Pobla de Lillet,14,Berguedà,2025S1,false,24,1106,2.169982,,,false,"Decreto-ley 3/2023, annex; DOGC 9036, 08/11/2023; effective from 09/11/2023",100,60,municipality,decree_law_3_2023;t2h3-cgys,,2026-08-21T18:25:40Z,0.2.0,,A score of 100 only means the municipality is outside the regional special regime; local planning has not been reviewed.,complete,100,100,100,,official,default,true
081672,Polinyà,40,Vallès Occidental,2025S1,true,2,8572,0.023332,,,false,"Decreto-ley 3/2023, annex; DOGC 9036, 08/11/2023; effective from 09/11/2023",40,70,municipality,decree_law_3_2023;t2h3-cgys,,2026-08-21T18:25:40Z,0.2.0,,A score of 100 only means the municipality is outside the regional special regime; local planning has not been reviewed.,complete,40,40,100,,official,default,true
081688,Pontons,03,Alt Penedès,2025S1,false,10,515,1.941748,,,false,"Decreto-ley 3/2023, annex; DOGC 9036, 08/11/2023; effective from 09/11/2023",100,60,municipality,decree_law_3_2023;t2h3-cgys,,2026-08-21T18:25:40Z,0.2.0,,A score of 100 only means the municipality is outside the regional special regime; local planning has not been reviewed.,complete,100,100,100,,official,default,true
081691,el Prat de Llobregat,11,Baix Llobregat,2025S1,true,20,66251,0.030188,,,false,"Decreto-ley 3/2023, annex; DOGC 9036, 08/11/2023; effective from 09/11/2023",40,70,municipality,decree_law_3_2023;t2h3-cgys,,2026-08-21T18:25:40Z,0.2.0,,A score of 100 only means the municipality is outside the regional special regime; local planning has not been reviewed.,complete,40,40,100,,official,default,true
081705,els Prats de Rei,06,Anoia,2025S1,false,2,553,0.361664,,,false,"Decreto-ley 3/2023, annex; DOGC 9036, 08/11/2023; effective from 09/11/2023",100,60,municipality,decree_law_3_2023;t2h3-cgys,,2026-08-21T18:25:40Z,0.2.0,,A score of 100 only means the municipality is outside the regional special regime; local planning has not been reviewed.,complete,100,100,100,,official,default,true
081712,Prats de Lluçanès,43,Lluçanès,2025S1,false,1,2759,0.036245,,,false,"Decreto-ley 3/2023, annex; DOGC 9036, 08/11/2023; effective from 09/11/2023",100,60,municipality,decree_law_3_2023;t2h3-cgys,,2026-08-21T18:25:40Z,0.2.0,,A score of 100 only means the municipality is outside the regional special regime; local planning has not been reviewed.,complete,100,100,100,,official,default,true
081727,Premià de Mar,21,Maresme,2025S1,true,79,29348,0.269184,,,false,"Decreto-ley 3/2023, annex; DOGC 9036, 08/11/2023; effective from 09/11/2023",40,70,municipality,decree_law_3_2023;t2h3-cgys,,2026-08-21T18:25:40Z,0.2.0,,A score of 100 only means the municipality is outside the regional special regime; local planning has not been reviewed.,complete,40,40,100,,official,default,true
081748,Puigdàlber,03,Alt Penedès,2025S1,false,1,621,0.161031,,,false,"Decreto-ley 3/2023, annex; DOGC 9036, 08/11/2023; effective from 09/11/2023",100,60,municipality,decree_law_3_2023;t2h3-cgys,,2026-08-21T18:25:40Z,0.2.0,,A score of 100 only means the municipality is outside the regional special regime; local planning has not been reviewed.,complete,100,100,100,,official,default,true
081751,Puig-reig,14,Berguedà,2025S1,false,8,4558,0.175516,,,false,"Decreto-ley 3/2023, annex; DOGC 9036, 08/11/2023; effective from 09/11/2023",100,60,municipality,decree_law_3_2023;t2h3-cgys,,2026-08-21T18:25:40Z,0.2.0,,A score of 100 only means the municipality is outside the regional special regime; local planning has not been reviewed.,complete,100,100,100,,official,default,true
081764,Pujalt,06,Anoia,2025S1,false,4,205,1.95122,,,false,"Decreto-ley 3/2023, annex; DOGC 9036, 08/11/2023; effective from 09/11/2023",100,60,municipality,decree_law_3_2023;t2h3-cgys,,2026-08-21T18:25:40Z,0.2.0,,A score of 100 only means the municipality is outside the regional special regime; local planning has not been reviewed.,complete,100,100,100,,official,default,true
081770,la Quar,14,Berguedà,2025S1,false,3,44,6.818182,,,false,"Decreto-ley 3/2023, annex; DOGC 9036, 08/11/2023; effective from 09/11/2023",100,60,municipality,decree_law_3_2023;t2h3-cgys,,2026-08-21T18:25:40Z,0.2.0,,A score of 100 only means the municipality is outside the regional special regime; local planning has not been reviewed.,complete,100,100,100,,official,default,true
081786,Rajadell,07,Bages,2025S1,false,1,598,0.167224,,,false,"Decreto-ley 3/2023, annex; DOGC 9036, 08/11/2023; effective from 09/11/2023",100,60,municipality,decree_law_3_2023;t2h3-cgys,,2026-08-21T18:25:40Z,0.2.0,,A score of 100 only means the municipality is outside the regional special regime; local planning has not been reviewed.,complete,100,100,100,,official,default,true
081799,Rellinars,40,Vallès Occidental,2025S1,false,5,928,0.538793,,,false,"Decreto-ley 3/2023, annex; DOGC 9036, 08/11/2023; effective from 09/11/2023",100,60,municipality,decree_law_3_2023;t2h3-cgys,,2026-08-21T18:25:40Z,0.2.0,,A score of 100 only means the municipality is outside the regional special regime; local planning has not been reviewed.,complete,100,100,100,,official,default,true
081803,Ripollet,40,Vallès Occidental,2025S1,true,6,39773,0.015086,,,false,"Decreto-ley 3/2023, annex; DOGC 9036, 08/11/2023; effective from 09/11/2023",40,70,municipality,decree_law_3_2023;t2h3-cgys,,2026-08-21T18:25:40Z,0.2.0,,A score of 100 only means the municipality is outside the regional special regime; local planning has not been reviewed.,complete,40,40,100,,official,default,true
081810,la Roca del Vallès,41,Vallès Oriental,2025S1,true,14,11021,0.12703,,,false,"Decreto-ley 3/2023, annex; DOGC 9036, 08/11/2023; effective from 09/11/2023",40,70,municipality,decree_law_3_2023;t2h3-cgys,,2026-08-21T18:25:40Z,0.2.0,,A score of 100 only means the municipality is outside the regional special regime; local planning has not been reviewed.,complete,40,40,100,,official,default,true
081825,el Pont de Vilomara i Rocafort,07,Bages,2025S1,false,14,4201,0.333254,,,false,"Decreto-ley 3/2023, annex; DOGC 9036, 08/11/2023; effective from 09/11/2023",100,60,municipality,decree_law_3_2023;t2h3-cgys,,2026-08-21T18:25:40Z,0.2.0,,A score of 100 only means the municipality is outside the regional special regime; local planning has not been reviewed.,complete,100,100,100,,official,default,true
081831,Roda de Ter,24,Osona,2025S1,false,20,6948,0.287853,,,false,"Decreto-ley 3/2023, annex; DOGC 9036, 08/11/2023; effective from 09/11/2023",100,60,municipality,decree_law_3_2023;t2h3-cgys,,2026-08-21T18:25:40Z,0.2.0,,A score of 100 only means the municipality is outside the regional special regime; local planning has not been reviewed.,complete,100,100,100,,official,default,true
081846,Rubí,40,Vallès Occidental,2025S1,true,15,82825,0.01811,,,false,"Decreto-ley 3/2023, annex; DOGC 9036, 08/11/2023; effective from 09/11/2023",40,70,municipality,decree_law_3_2023;t2h3-cgys,,2026-08-21T18:25:40Z,0.2.0,,A score of 100 only means the municipality is outside the regional special regime; local planning has not been reviewed.,complete,40,40,100,,official,default,true
081859,Rubió,06,Anoia,2025S1,false,4,228,1.754386,,,false,"Decreto-ley 3/2023, annex; DOGC 9036, 08/11/2023; effective from 09/11/2023",100,60,municipality,decree_law_3_2023;t2h3-cgys,,2026-08-21T18:25:40Z,0.2.0,,A score of 100 only means the municipality is outside the regional special regime; local planning has not been reviewed.,complete,100,100,100,,official,default,true
081878,Sabadell,40,Vallès Occidental,2025S1,true,65,224589,0.028942,,,false,"Decreto-ley 3/2023, annex; DOGC 9036, 08/11/2023; effective from 09/11/2023",40,70,municipality,decree_law_3_2023;t2h3-cgys,,2026-08-21T18:25:40Z,0.2.0,,A score of 100 only means the municipality is outside the regional special regime; local planning has not been reviewed.,complete,40,40,100,,official,default,true
081884,Sagàs,14,Berguedà,2025S1,false,0,153,0,,,false,"Decreto-ley 3/2023, annex; DOGC 9036, 08/11/2023; effective from 09/11/2023",100,60,municipality,decree_law_3_2023;t2h3-cgys,,2026-08-21T18:25:40Z,0.2.0,,A score of 100 only means the municipality is outside the regional special regime; local planning has not been reviewed.,complete,100,100,100,,official,default,true
081897,Sant Pere Sallavinera,06,Anoia,2025S1,false,1,177,0.564972,,,false,"Decreto-ley 3/2023, annex; DOGC 9036, 08/11/2023; effective from 09/11/2023",100,60,municipality,decree_law_3_2023;t2h3-cgys,,2026-08-21T18:25:40Z,0.2.0,,A score of 100 only means the municipality is outside the regional special regime; local planning has not been reviewed.,complete,100,100,100,,official,default,true
081901,Saldes,14,Berguedà,2025S1,false,12,301,3.986711,,,false,"Decreto-ley 3/2023, annex; DOGC 9036, 08/11/2023; effective from 09/11/2023",100,60,municipality,decree_law_3_2023;t2h3-cgys,,2026-08-21T18:25:40Z,0.2.0,,A score of 100 only means the municipality is outside the regional special regime; local planning has not been reviewed.,complete,100,100,100,,official,default,true
081918,Sallent,07,Bages,2025S1,false,2,7043,0.028397,,,false,"Decreto-ley 3/2023, annex; DOGC 9036, 08/11/2023; effective from 09/11/2023",100,60,municipality,decree_law_3_2023;t2h3-cgys,,2026-08-21T18:25:40Z,0.2.0,,A score of 100 only means the municipality is outside the regional special regime; local planning has not been reviewed.,complete,100,100,100,,official,default,true
081923,Santpedor,07,Bages,2025S1,false,4,7739,0.051686,,,false,"Decreto-ley 3/2023, annex; DOGC 9036, 08/11/2023; effective from 09/11/2023",100,60,municipality,decree_law_3_2023;t2h3-cgys,,2026-08-21T18:25:40Z,0.2.0,,A score of 100 only means the municipality is outside the regional special regime; local planning has not been reviewed.,complete,100,100,100,,official,default,true
081939,Sant Iscle de Vallalta,21,Maresme,2025S1,false,19,1482,1.282051,,,false,"Decreto-ley 3/2023, annex; DOGC 9036, 08/11/2023; effective from 09/11/2023",100,60,municipality,decree_law_3_2023;t2h3-cgys,,2026-08-21T18:25:40Z,0.2.0,,A score of 100 only means the municipality is outside the regional special regime; local planning has not been reviewed.,complete,100,100,100,,official,default,true
081944,Sant Adrià de Besòs,13,Barcelonès,2025S1,true,267,38980,0.684967,,,false,"Decreto-ley 3/2023, annex; DOGC 9036, 08/11/2023; effective from 09/11/2023",40,70,municipality,decree_law_3_2023;t2h3-cgys,,2026-08-21T18:25:40Z,0.2.0,,A score of 100 only means the municipality is outside the regional special regime; local planning has not been reviewed.,complete,40,40,100,,official,default,true
081957,Sant Agustí de Lluçanès,24,Osona,2025S1,false,3,106,2.830189,,,false,"Decreto-ley 3/2023, annex; DOGC 9036, 08/11/2023; effective from 09/11/2023",100,60,municipality,decree_law_3_2023;t2h3-cgys,,2026-08-21T18:25:40Z,0.2.0,,A score of 100 only means the municipality is outside the regional special regime; local planning has not been reviewed.,complete,100,100,100,,official,default,true
081960,Sant Andreu de la Barca,11,Baix Llobregat,2025S1,false,3,27069,0.011083,,,false,"Decreto-ley 3/2023, annex; DOGC 9036, 08/11/2023; effective from 09/11/2023",100,60,municipality,decree_law_3_2023;t2h3-cgys,,2026-08-21T18:25:40Z,0.2.0,,A score of 100 only means the municipality is outside the regional special regime; local planning has not been reviewed.,complete,100,100,100,,official,default,true
081976,Sant Andreu de Llavaneres,21,Maresme,2025S1,true,185,11910,1.553317,,,false,"Decreto-ley 3/2023, annex; DOGC 9036, 08/11/2023; effective from 09/11/2023",40,70,municipality,decree_law_3_2023;t2h3-cgys,,2026-08-21T18:25:40Z,0.2.0,,A score of 100 only means the municipality is outside the regional special regime; local planning has not been reviewed.,complete,40,40,100,,official,default,true
081982,Sant Antoni de Vilamajor,41,Vallès Oriental,2025S1,false,22,6722,0.327284,,,false,"Decreto-ley 3/2023, annex; DOGC 9036, 08/11/2023; effective from 09/11/2023",100,60,municipality,decree_law_3_2023;t2h3-cgys,,2026-08-21T18:25:40Z,0.2.0,,A score of 100 only means the municipality is outside the regional special regime; local planning has not been reviewed.,complete,100,100,100,,official,default,true
081995,Sant Bartomeu del Grau,24,Osona,2025S1,false,4,931,0.429646,,,false,"Decreto-ley 3/2023, annex; DOGC 9036, 08/11/2023; effective from 09/11/2023",100,60,municipality,decree_law_3_2023;t2h3-cgys,,2026-08-21T18:25:40Z,0.2.0,,A score of 100 only means the municipality is outside the regional special regime; local planning has not been reviewed.,complete,100,100,100,,official,default,true
082009,Sant Boi de Llobregat,11,Baix Llobregat,2025S1,true,21,85317,0.024614,,,false,"Decreto-ley 3/2023, annex; DOGC 9036, 08/11/2023; effective from 09/11/2023",40,70,municipality,decree_law_3_2023;t2h3-cgys,,2026-08-21T18:25:40Z,0.2.0,,A score of 100 only means the municipality is outside the regional special regime; local planning has not been reviewed.,complete,40,40,100,,official,default,true
082016,Sant Boi de Lluçanès,24,Osona,2025S1,false,8,600,1.333333,,,false,"Decreto-ley 3/2023, annex; DOGC 9036, 08/11/2023; effective from 09/11/2023",100,60,municipality,decree_law_3_2023;t2h3-cgys,,2026-08-21T18:25:40Z,0.2.0,,A score of 100 only means the municipality is outside the regional special regime; local planning has not been reviewed.,complete,100,100,100,,official,default,true
082021,Sant Celoni,41,Vallès Oriental,2025S1,true,6,18916,0.031719,,,false,"Decreto-ley 3/2023, annex; DOGC 9036, 08/11/2023; effective from 09/11/2023",40,70,municipality,decree_law_3_2023;t2h3-cgys,,2026-08-21T18:25:40Z,0.2.0,,A score of 100 only means the municipality is outside the regional special regime; local planning has not been reviewed.,complete,40,40,100,,official,default,true
082037,Sant Cebrià de Vallalta,21,Maresme,2025S1,false,140,3855,3.631647,,,false,"Decreto-ley 3/2023, annex; DOGC 9036, 08/11/2023; effective from 09/11/2023",100,60,municipality,decree_law_3_2023;t2h3-cgys,,2026-08-21T18:25:40Z,0.2.0,,A score of 100 only means the municipality is outside the regional special regime; local planning has not been reviewed.,complete,100,100,100,,official,default,true
082042,Sant Climent de Llobregat,11,Baix Llobregat,2025S1,true,0,4187,0,,,false,"Decreto-ley 3/2023, annex; DOGC 9036, 08/11/2023; effective from 09/11/2023",40,70,municipality,decree_law_3_2023;t2h3-cgys,,2026-08-21T18:25:40Z,0.2.0,,A score of 100 only means the municipality is outside the regional special regime; local planning has not been reviewed.,complete,40,40,100,,official,default,true
082055,Sant Cugat del Vallès,40,Vallès Occidental,2025S1,true,97,97959,0.099021,,,false,"Decreto-ley 3/2023, annex; DOGC 9036, 08/11/2023; effective from 09/11/2023",40,70,municipality,decree_law_3_2023;t2h3-cgys,,2026-08-21T18:25:40Z,0.2.0,,A score of 100 only means the municipality is outside the regional special regime; local planning has not been reviewed.,complete,40,40,100,,official,default,true
082068,Sant Cugat Sesgarrigues,03,Alt Penedès,2025S1,false,4,1037,0.385728,,,false,"Decreto-ley 3/2023, annex; DOGC 9036, 08/11/2023; effective from 09/11/2023",100,60,municipality,decree_law_3_2023;t2h3-cgys,,2026-08-21T18:25:40Z,0.2.0,,A score of 100 only means the municipality is outside the regional special regime; local planning has not been reviewed.,complete,100,100,100,,official,default,true
082074,Sant Esteve de Palautordera,41,Vallès Oriental,2025S1,false,12,3099,0.387222,,,false,"Decreto-ley 3/2023, annex; DOGC 9036, 08/11/2023; effective from 09/11/2023",100,60,municipality,decree_law_3_2023;t2h3-cgys,,2026-08-21T18:25:40Z,0.2.0,,A score of 100 only means the municipality is outside the regional special regime; local planning has not been reviewed.,complete,100,100,100,,official,default,true
082080,Sant Esteve Sesrovires,11,Baix Llobregat,2025S1,true,6,8112,0.073964,,,false,"Decreto-ley 3/2023, annex; DOGC 9036, 08/11/2023; effective from 09/11/2023",40,70,municipality,decree_law_3_2023;t2h3-cgys,,2026-08-21T18:25:40Z,0.2.0,,A score of 100 only means the municipality is outside the regional special regime; local planning has not been reviewed.,complete,40,40,100,,official,default,true
082093,Sant Fost de Campsentelles,41,Vallès Oriental,2025S1,true,22,9400,0.234043,,,false,"Decreto-ley 3/2023, annex; DOGC 9036, 08/11/2023; effective from 09/11/2023",40,70,municipality,decree_law_3_2023;t2h3-cgys,,2026-08-21T18:25:40Z,0.2.0,,A score of 100 only means the municipality is outside the regional special regime; local planning has not been reviewed.,complete,40,40,100,,official,default,true
082107,Sant Feliu de Codines,41,Vallès Oriental,2025S1,false,9,6821,0.131945,,,false,"Decreto-ley 3/2023, annex; DOGC 9036, 08/11/2023; effective from 09/11/2023",100,60,municipality,decree_law_3_2023;t2h3-cgys,,2026-08-21T18:25:40Z,0.2.0,,A score of 100 only means the municipality is outside the regional special regime; local planning has not been reviewed.,complete,100,100,100,,official,default,true
082114,Sant Feliu de Llobregat,11,Baix Llobregat,2025S1,true,14,46688,0.029986,,,false,"Decreto-ley 3/2023, annex; DOGC 9036, 08/11/2023; effective from 09/11/2023",40,70,municipality,decree_law_3_2023;t2h3-cgys,,2026-08-21T18:25:40Z,0.2.0,,A score of 100 only means the municipality is outside the regional special regime; local planning has not been reviewed.,complete,40,40,100,,official,default,true
082129,Sant Feliu Sasserra,07,Bages,2025S1,false,4,634,0.630915,,,false,"Decreto-ley 3/2023, annex; DOGC 9036, 08/11/2023; effective from 09/11/2023",100,60,municipality,decree_law_3_2023;t2h3-cgys,,2026-08-21T18:25:40Z,0.2.0,,A score of 100 only means the municipality is outside the regional special regime; local planning has not been reviewed.,complete,100,100,100,,official,default,true
082135,Sant Fruitós de Bages,07,Bages,2025S1,true,4,9324,0.0429,,,false,"Decreto-ley 3/2023, annex; DOGC 9036, 08/11/2023; effective from 09/11/2023",40,70,municipality,decree_law_3_2023;t2h3-cgys,,2026-08-21T18:25:40Z,0.2.0,,A score of 100 only means the municipality is outside the regional special regime; local planning has not been reviewed.,complete,40,40,100,,official,default,true
082140,Vilassar de Dalt,21,Maresme,2025S1,true,50,9433,0.530054,,,false,"Decreto-ley 3/2023, annex; DOGC 9036, 08/11/2023; effective from 09/11/2023",40,70,municipality,decree_law_3_2023;t2h3-cgys,,2026-08-21T18:25:40Z,0.2.0,,A score of 100 only means the municipality is outside the regional special regime; local planning has not been reviewed.,complete,40,40,100,,official,default,true
082153,Sant Hipòlit de Voltregà,24,Osona,2025S1,false,1,3649,0.027405,,,false,"Decreto-ley 3/2023, annex; DOGC 9036, 08/11/2023; effective from 09/11/2023",100,60,municipality,decree_law_3_2023;t2h3-cgys,,2026-08-21T18:25:40Z,0.2.0,,A score of 100 only means the municipality is outside the regional special regime; local planning has not been reviewed.,complete,100,100,100,,official,default,true
082166,Sant Jaume de Frontanyà,14,Berguedà,2025S1,true,1,25,4,,,false,"Decreto-ley 3/2023, annex; DOGC 9036, 08/11/2023; effective from 09/11/2023",40,70,municipality,decree_law_3_2023;t2h3-cgys,,2026-08-21T18:25:40Z,0.2.0,,A score of 100 only means the municipality is outside the regional special regime; local planning has not been reviewed.,complete,40,40,100,,official,default,true
082172,Sant Joan Despí,11,Baix Llobregat,2025S1,true,1,35811,0.002792,,,false,"Decreto-ley 3/2023, annex; DOGC 9036, 08/11/2023; effective from 09/11/2023",40,70,municipality,decree_law_3_2023;t2h3-cgys,,2026-08-21T18:25:40Z,0.2.0,,A score of 100 only means the municipality is outside the regional special regime; local planning has not been reviewed.,complete,40,40,100,,official,default,true
082188,Sant Joan de Vilatorrada,07,Bages,2025S1,false,3,11109,0.027005,,,false,"Decreto-ley 3/2023, annex; DOGC 9036, 08/11/2023; effective from 09/11/2023",100,60,municipality,decree_law_3_2023;t2h3-cgys,,2026-08-21T18:25:40Z,0.2.0,,A score of 100 only means the municipality is outside the regional special regime; local planning has not been reviewed.,complete,100,100,100,,official,default,true
082191,Vilassar de Mar,21,Maresme,2025S1,true,242,21234,1.139682,,,false,"Decreto-ley 3/2023, annex; DOGC 9036, 08/11/2023; effective from 09/11/2023",40,70,municipality,decree_law_3_2023;t2h3-cgys,,2026-08-21T18:25:40Z,0.2.0,,A score of 100 only means the municipality is outside the regional special regime; local planning has not been reviewed.,complete,40,40,100,,official,default,true
082205,Sant Julià de Vilatorta,24,Osona,2025S1,false,9,3336,0.269784,,,false,"Decreto-ley 3/2023, annex; DOGC 9036, 08/11/2023; effective from 09/11/2023",100,60,municipality,decree_law_3_2023;t2h3-cgys,,2026-08-21T18:25:40Z,0.2.0,,A score of 100 only means the municipality is outside the regional special regime; local planning has not been reviewed.,complete,100,100,100,,official,default,true
082212,Sant Just Desvern,11,Baix Llobregat,2025S1,true,35,21045,0.16631,,,false,"Decreto-ley 3/2023, annex; DOGC 9036, 08/11/2023; effective from 09/11/2023",40,70,municipality,decree_law_3_2023;t2h3-cgys,,2026-08-21T18:25:40Z,0.2.0,,A score of 100 only means the municipality is outside the regional special regime; local planning has not been reviewed.,complete,40,40,100,,official,default,true
082227,Sant Llorenç d'Hortons,03,Alt Penedès,2025S1,false,3,2621,0.11446,,,false,"Decreto-ley 3/2023, annex; DOGC 9036, 08/11/2023; effective from 09/11/2023",100,60,municipality,decree_law_3_2023;t2h3-cgys,,2026-08-21T18:25:40Z,0.2.0,,A score of 100 only means the municipality is outside the regional special regime; local planning has not been reviewed.,complete,100,100,100,,official,default,true
082233,Sant Llorenç Savall,40,Vallès Occidental,2025S1,false,8,2591,0.308761,,,false,"Decreto-ley 3/2023, annex; DOGC 9036, 08/11/2023; effective from 09/11/2023",100,60,municipality,decree_law_3_2023;t2h3-cgys,,2026-08-21T18:25:40Z,0.2.0,,A score of 100 only means the municipality is outside the regional special regime; local planning has not been reviewed.,complete,100,100,100,,official,default,true
082248,Sant Martí de Centelles,24,Osona,2025S1,false,1,1261,0.079302,,,false,"Decreto-ley 3/2023, annex; DOGC 9036, 08/11/2023; effective from 09/11/2023",100,60,municipality,decree_law_3_2023;t2h3-cgys,,2026-08-21T18:25:40Z,0.2.0,,A score of 100 only means the municipality is outside the regional special regime; local planning has not been reviewed.,complete,100,100,100,,official,default,true
082251,Sant Martí d'Albars,43,Lluçanès,2025S1,false,2,135,1.481481,,,false,"Decreto-ley 3/2023, annex; DOGC 9036, 08/11/2023; effective from 09/11/2023",100,60,municipality,decree_law_3_2023;t2h3-cgys,,2026-08-21T18:25:40Z,0.2.0,,A score of 100 only means the municipality is outside the regional special regime; local planning has not been reviewed.,complete,100,100,100,,official,default,true
082264,Sant Martí de Tous,06,Anoia,2025S1,false,7,1269,0.551615,,,false,"Decreto-ley 3/2023, annex; DOGC 9036, 08/11/2023; effective from 09/11/2023",100,60,municipality,decree_law_3_2023;t2h3-cgys,,2026-08-21T18:25:40Z,0.2.0,,A score of 100 only means the municipality is outside the regional special regime; local planning has not been reviewed.,complete,100,100,100,,official,default,true
082270,Sant Martí Sarroca,03,Alt Penedès,2025S1,false,14,3476,0.402762,,,false,"Decreto-ley 3/2023, annex; DOGC 9036, 08/11/2023; effective from 09/11/2023",100,60,municipality,decree_law_3_2023;t2h3-cgys,,2026-08-21T18:25:40Z,0.2.0,,A score of 100 only means the municipality is outside the regional special regime; local planning has not been reviewed.,complete,100,100,100,,official,default,true
082286,Sant Martí Sesgueioles,06,Anoia,2025S1,false,2,353,0.566572,,,false,"Decreto-ley 3/2023, annex; DOGC 9036, 08/11/2023; effective from 09/11/2023",100,60,municipality,decree_law_3_2023;t2h3-cgys,,2026-08-21T18:25:40Z,0.2.0,,A score of 100 only means the municipality is outside the regional special regime; local planning has not been reviewed.,complete,100,100,100,,official,default,true
082299,Sant Mateu de Bages,07,Bages,2025S1,false,2,640,0.3125,,,false,"Decreto-ley 3/2023, annex; DOGC 9036, 08/11/2023; effective from 09/11/2023",100,60,municipality,decree_law_3_2023;t2h3-cgys,,2026-08-21T18:25:40Z,0.2.0,,A score of 100 only means the municipality is outside the regional special regime; local planning has not been reviewed.,complete,100,100,100,,official,default,true
082303,Premià de Dalt,21,Maresme,2025S1,true,57,10601,0.537685,,,false,"Decreto-ley 3/2023, annex; DOGC 9036, 08/11/2023; effective from 09/11/2023",40,70,municipality,decree_law_3_2023;t2h3-cgys,,2026-08-21T18:25:40Z,0.2.0,,A score of 100 only means the municipality is outside the regional special regime; local planning has not been reviewed.,complete,40,40,100,,official,default,true
082310,Sant Pere de Ribes,17,Garraf,2025S1,true,405,32613,1.241836,,,false,"Decreto-ley 3/2023, annex; DOGC 9036, 08/11/2023; effective from 09/11/2023",40,70,municipality,decree_law_3_2023;t2h3-cgys,,2026-08-21T18:25:40Z,0.2.0,,A score of 100 only means the municipality is outside the regional special regime; local planning has not been reviewed.,complete,40,40,100,,official,default,true
082325,Sant Pere de Riudebitlles,03,Alt Penedès,2025S1,false,1,2512,0.039809,,,false,"Decreto-ley 3/2023, annex; DOGC 9036, 08/11/2023; effective from 09/11/2023",100,60,municipality,decree_law_3_2023;t2h3-cgys,,2026-08-21T18:25:40Z,0.2.0,,A score of 100 only means the municipality is outside the regional special regime; local planning has not been reviewed.,complete,100,100,100,,official,default,true
082331,Sant Pere de Torelló,24,Osona,2025S1,false,11,2607,0.421941,,,false,"Decreto-ley 3/2023, annex; DOGC 9036, 08/11/2023; effective from 09/11/2023",100,60,municipality,decree_law_3_2023;t2h3-cgys,,2026-08-21T18:25:40Z,0.2.0,,A score of 100 only means the municipality is outside the regional special regime; local planning has not been reviewed.,complete,100,100,100,,official,default,true
082346,Sant Pere de Vilamajor,41,Vallès Oriental,2025S1,false,26,5069,0.512922,,,false,"Decreto-ley 3/2023, annex; DOGC 9036, 08/11/2023; effective from 09/11/2023",100,60,municipality,decree_law_3_2023;t2h3-cgys,,2026-08-21T18:25:40Z,0.2.0,,A score of 100 only means the municipality is outside the regional special regime; local planning has not been reviewed.,complete,100,100,100,,official,default,true
082359,Sant Pol de Mar,21,Maresme,2025S1,true,279,5778,4.82866,,,false,"Decreto-ley 3/2023, annex; DOGC 9036, 08/11/2023; effective from 09/11/2023",40,70,municipality,decree_law_3_2023;t2h3-cgys,,2026-08-21T18:25:40Z,0.2.0,,A score of 100 only means the municipality is outside the regional special regime; local planning has not been reviewed.,complete,40,40,100,,official,default,true
082362,Sant Quintí de Mediona,03,Alt Penedès,2025S1,false,6,2585,0.232108,,,false,"Decreto-ley 3/2023, annex; DOGC 9036, 08/11/2023; effective from 09/11/2023",100,60,municipality,decree_law_3_2023;t2h3-cgys,,2026-08-21T18:25:40Z,0.2.0,,A score of 100 only means the municipality is outside the regional special regime; local planning has not been reviewed.,complete,100,100,100,,official,default,true
082378,Sant Quirze de Besora,24,Osona,2025S1,false,7,2163,0.323625,,,false,"Decreto-ley 3/2023, annex; DOGC 9036, 08/11/2023; effective from 09/11/2023",100,60,municipality,decree_law_3_2023;t2h3-cgys,,2026-08-21T18:25:40Z,0.2.0,,A score of 100 only means the municipality is outside the regional special regime; local planning has not been reviewed.,complete,100,100,100,,official,default,true
082384,Sant Quirze del Vallès,40,Vallès Occidental,2025S1,true,5,20175,0.024783,,,false,"Decreto-ley 3/2023, annex; DOGC 9036, 08/11/2023; effective from 09/11/2023",40,70,municipality,decree_law_3_2023;t2h3-cgys,,2026-08-21T18:25:40Z,0.2.0,,A score of 100 only means the municipality is outside the regional special regime; local planning has not been reviewed.,complete,40,40,100,,official,default,true
082397,Sant Quirze Safaja,42,Moianès,2025S1,false,13,664,1.957831,,,false,"Decreto-ley 3/2023, annex; DOGC 9036, 08/11/2023; effective from 09/11/2023",100,60,municipality,decree_law_3_2023;t2h3-cgys,,2026-08-21T18:25:40Z,0.2.0,,A score of 100 only means the municipality is outside the regional special regime; local planning has not been reviewed.,complete,100,100,100,,official,default,true
082401,Sant Sadurní d'Anoia,03,Alt Penedès,2025S1,true,7,12930,0.054138,,,false,"Decreto-ley 3/2023, annex; DOGC 9036, 08/11/2023; effective from 09/11/2023",40,70,municipality,decree_law_3_2023;t2h3-cgys,,2026-08-21T18:25:40Z,0.2.0,,A score of 100 only means the municipality is outside the regional special regime; local planning has not been reviewed.,complete,40,40,100,,official,default,true
082418,Sant Sadurní d'Osormort,24,Osona,2025S1,false,3,86,3.488372,,,false,"Decreto-ley 3/2023, annex; DOGC 9036, 08/11/2023; effective from 09/11/2023",100,60,municipality,decree_law_3_2023;t2h3-cgys,,2026-08-21T18:25:40Z,0.2.0,,A score of 100 only means the municipality is outside the regional special regime; local planning has not been reviewed.,complete,100,100,100,,official,default,true
082423,Marganell,07,Bages,2025S1,false,5,311,1.607717,,,false,"Decreto-ley 3/2023, annex; DOGC 9036, 08/11/2023; effective from 09/11/2023",100,60,municipality,decree_law_3_2023;t2h3-cgys,,2026-08-21T18:25:40Z,0.2.0,,A score of 100 only means the municipality is outside the regional special regime; local planning has not been reviewed.,complete,100,100,100,,official,default,true
082439,Santa Cecília de Voltregà,24,Osona,2025S1,false,1,197,0.507614,,,false,"Decreto-ley 3/2023, annex; DOGC 9036, 08/11/2023; effective from 09/11/2023",100,60,municipality,decree_law_3_2023;t2h3-cgys,,2026-08-21T18:25:40Z,0.2.0,,A score of 100 only means the municipality is outside the regional special regime; local planning has not been reviewed.,complete,100,100,100,,official,default,true
082444,Santa Coloma de Cervelló,11,Baix Llobregat,2025S1,true,9,8275,0.108761,,,false,"Decreto-ley 3/2023, annex; DOGC 9036, 08/11/2023; effective from 09/11/2023",40,70,municipality,decree_law_3_2023;t2h3-cgys,,2026-08-21T18:25:40Z,0.2.0,,A score of 100 only means the municipality is outside the regional special regime; local planning has not been reviewed.,complete,40,40,100,,official,default,true
082457,Santa Coloma de Gramenet,13,Barcelonès,2025S1,true,47,123250,0.038134,,,false,"Decreto-ley 3/2023, annex; DOGC 9036, 08/11/2023; effective from 09/11/2023",40,70,municipality,decree_law_3_2023;t2h3-cgys,,2026-08-21T18:25:40Z,0.2.0,,A score of 100 only means the municipality is outside the regional special regime; local planning has not been reviewed.,complete,40,40,100,,official,default,true
082460,Santa Eugènia de Berga,24,Osona,2025S1,false,0,2350,0,,,false,"Decreto-ley 3/2023, annex; DOGC 9036, 08/11/2023; effective from 09/11/2023",100,60,municipality,decree_law_3_2023;t2h3-cgys,,2026-08-21T18:25:40Z,0.2.0,,A score of 100 only means the municipality is outside the regional special regime; local planning has not been reviewed.,complete,100,100,100,,official,default,true
082476,Santa Eulàlia de Riuprimer,24,Osona,2025S1,false,0,1516,0,,,false,"Decreto-ley 3/2023, annex; DOGC 9036, 08/11/2023; effective from 09/11/2023",100,60,municipality,decree_law_3_2023;t2h3-cgys,,2026-08-21T18:25:40Z,0.2.0,,A score of 100 only means the municipality is outside the regional special regime; local planning has not been reviewed.,complete,100,100,100,,official,default,true
082482,Santa Eulàlia de Ronçana,41,Vallès Oriental,2025S1,false,9,7955,0.113136,,,false,"Decreto-ley 3/2023, annex; DOGC 9036, 08/11/2023; effective from 09/11/2023",100,60,municipality,decree_law_3_2023;t2h3-cgys,,2026-08-21T18:25:40Z,0.2.0,,A score of 100 only means the municipality is outside the regional special regime; local planning has not been reviewed.,complete,100,100,100,,official,default,true
082495,Santa Fe del Penedès,03,Alt Penedès,2025S1,false,0,367,0,,,false,"Decreto-ley 3/2023, annex; DOGC 9036, 08/11/2023; effective from 09/11/2023",100,60,municipality,decree_law_3_2023;t2h3-cgys,,2026-08-21T18:25:40Z,0.2.0,,A score of 100 only means the municipality is outside the regional special regime; local planning has not been reviewed.,complete,100,100,100,,official,default,true
082508,Santa Margarida de Montbui,06,Anoia,2025S1,true,4,10601,0.037732,,,false,"Decreto-ley 3/2023, annex; DOGC 9036, 08/11/2023; effective from 09/11/2023",40,70,municipality,decree_law_3_2023;t2h3-cgys,,2026-08-21T18:25:40Z,0.2.0,,A score of 100 only means the municipality is outside the regional special regime; local planning has not been reviewed.,complete,40,40,100,,official,default,true
082515,Santa Margarida i els Monjos,03,Alt Penedès,2025S1,false,0,7775,0,,,false,"Decreto-ley 3/2023, annex; DOGC 9036, 08/11/2023; effective from 09/11/2023",100,60,municipality,decree_law_3_2023;t2h3-cgys,,2026-08-21T18:25:40Z,0.2.0,,A score of 100 only means the municipality is outside the regional special regime; local planning has not been reviewed.,complete,100,100,100,,official,default,true
082520,Barberà del Vallès,40,Vallès Occidental,2025S1,true,10,34031,0.029385,,,false,"Decreto-ley 3/2023, annex; DOGC 9036, 08/11/2023; effective from 09/11/2023",40,70,municipality,decree_law_3_2023;t2h3-cgys,,2026-08-21T18:25:40Z,0.2.0,,A score of 100 only means the municipality is outside the regional special regime; local planning has not been reviewed.,complete,40,40,100,,official,default,true
082536,Santa Maria de Besora,24,Osona,2025S1,false,2,164,1.219512,,,false,"Decreto-ley 3/2023, annex; DOGC 9036, 08/11/2023; effective from 09/11/2023",100,60,municipality,decree_law_3_2023;t2h3-cgys,,2026-08-21T18:25:40Z,0.2.0,,A score of 100 only means the municipality is outside the regional special regime; local planning has not been reviewed.,complete,100,100,100,,official,default,true
082541,l'Esquirol,24,Osona,2025S1,false,28,2303,1.215805,,,false,"Decreto-ley 3/2023, annex; DOGC 9036, 08/11/2023; effective from 09/11/2023",100,60,municipality,decree_law_3_2023;t2h3-cgys,,2026-08-21T18:25:40Z,0.2.0,,A score of 100 only means the municipality is outside the regional special regime; local planning has not been reviewed.,complete,100,100,100,,official,default,true
082554,Santa Maria de Merlès,14,Berguedà,2025S1,false,0,179,0,,,false,"Decreto-ley 3/2023, annex; DOGC 9036, 08/11/2023; effective from 09/11/2023",100,60,municipality,decree_law_3_2023;t2h3-cgys,,2026-08-21T18:25:40Z,0.2.0,,A score of 100 only means the municipality is outside the regional special regime; local planning has not been reviewed.,complete,100,100,100,,official,default,true
082567,Santa Maria de Martorelles,41,Vallès Oriental,2025S1,false,0,867,0,,,false,"Decreto-ley 3/2023, annex; DOGC 9036, 08/11/2023; effective from 09/11/2023",100,60,municipality,decree_law_3_2023;t2h3-cgys,,2026-08-21T18:25:40Z,0.2.0,,A score of 100 only means the municipality is outside the regional special regime; local planning has not been reviewed.,complete,100,100,100,,official,default,true
082573,Santa Maria de Miralles,06,Anoia,2025S1,false,2,144,1.388889,,,false,"Decreto-ley 3/2023, annex; DOGC 9036, 08/11/2023; effective from 09/11/2023",100,60,municipality,decree_law_3_2023;t2h3-cgys,,2026-08-21T18:25:40Z,0.2.0,,A score of 100 only means the municipality is outside the regional special regime; local planning has not been reviewed.,complete,100,100,100,,official,default,true
082589,Santa Maria d'Oló,42,Moianès,2025S1,false,1,1100,0.090909,,,false,"Decreto-ley 3/2023, annex; DOGC 9036, 08/11/2023; effective from 09/11/2023",100,60,municipality,decree_law_3_2023;t2h3-cgys,,2026-08-21T18:25:40Z,0.2.0,,A score of 100 only means the municipality is outside the regional special regime; local planning has not been reviewed.,complete,100,100,100,,official,default,true
082592,Santa Maria de Palautordera,41,Vallès Oriental,2025S1,false,17,10060,0.168986,,,false,"Decreto-ley 3/2023, annex; DOGC 9036, 08/11/2023; effective from 09/11/2023",100,60,municipality,decree_law_3_2023;t2h3-cgys,,2026-08-21T18:25:40Z,0.2.0,,A score of 100 only means the municipality is outside the regional special regime; local planning has not been reviewed.,complete,100,100,100,,official,default,true
082606,Santa Perpètua de Mogoda,40,Vallès Occidental,2025S1,true,0,26101,0,,,false,"Decreto-ley 3/2023, annex; DOGC 9036, 08/11/2023; effective from 09/11/2023",40,70,municipality,decree_law_3_2023;t2h3-cgys,,2026-08-21T18:25:40Z,0.2.0,,A score of 100 only means the municipality is outside the regional special regime; local planning has not been reviewed.,complete,40,40,100,,official,default,true
082613,Santa Susanna,21,Maresme,2025S1,true,429,4049,10.595209,,,false,"Decreto-ley 3/2023, annex; DOGC 9036, 08/11/2023; effective from 09/11/2023",40,70,municipality,decree_law_3_2023;t2h3-cgys,,2026-08-21T18:25:40Z,0.2.0,,A score of 100 only means the municipality is outside the regional special regime; local planning has not been reviewed.,complete,40,40,100,,official,default,true
082628,Sant Vicenç de Castellet,07,Bages,2025S1,false,1,10167,0.009836,,,false,"Decreto-ley 3/2023, annex; DOGC 9036, 08/11/2023; effective from 09/11/2023",100,60,municipality,decree_law_3_2023;t2h3-cgys,,2026-08-21T18:25:40Z,0.2.0,,A score of 100 only means the municipality is outside the regional special regime; local planning has not been reviewed.,complete,100,100,100,,official,default,true
082634,Sant Vicenç dels Horts,11,Baix Llobregat,2025S1,true,2,28760,0.006954,,,false,"Decreto-ley 3/2023, annex; DOGC 9036, 08/11/2023; effective from 09/11/2023",40,70,municipality,decree_law_3_2023;t2h3-cgys,,2026-08-21T18:25:40Z,0.2.0,,A score of 100 only means the municipality is outside the regional special regime; local planning has not been reviewed.,complete,40,40,100,,official,default,true
082649,Sant Vicenç de Montalt,21,Maresme,2025S1,true,205,6829,3.001904,,,false,"Decreto-ley 3/2023, annex; DOGC 9036, 08/11/2023; effective from 09/11/2023",40,70,municipality,decree_law_3_2023;t2h3-cgys,,2026-08-21T18:25:40Z,0.2.0,,A score of 100 only means the municipality is outside the regional special regime; local planning has not been reviewed.,complete,40,40,100,,official,default,true
082652,Sant Vicenç de Torelló,24,Osona,2025S1,false,0,2118,0,,,false,"Decreto-ley 3/2023, annex; DOGC 9036, 08/11/2023; effective from 09/11/2023",100,60,municipality,decree_law_3_2023;t2h3-cgys,,2026-08-21T18:25:40Z,0.2.0,,A score of 100 only means the municipality is outside the regional special regime; local planning has not been reviewed.,complete,100,100,100,,official,default,true
082665,Cerdanyola del Vallès,40,Vallès Occidental,2025S1,true,11,58264,0.01888,,,false,"Decreto-ley 3/2023, annex; DOGC 9036, 08/11/2023; effective from 09/11/2023",40,70,municipality,decree_law_3_2023;t2h3-cgys,,2026-08-21T18:25:40Z,0.2.0,,A score of 100 only means the municipality is outside the regional special regime; local planning has not been reviewed.,complete,40,40,100,,official,default,true
082671,Sentmenat,40,Vallès Occidental,2025S1,false,6,9528,0.062972,,,false,"Decreto-ley 3/2023, annex; DOGC 9036, 08/11/2023; effective from 09/11/2023",100,60,municipality,decree_law_3_2023;t2h3-cgys,,2026-08-21T18:25:40Z,0.2.0,,A score of 100 only means the municipality is outside the regional special regime; local planning has not been reviewed.,complete,100,100,100,,official,default,true
082687,Cercs,14,Berguedà,2025S1,false,25,1236,2.022654,,,false,"Decreto-ley 3/2023, annex; DOGC 9036, 08/11/2023; effective from 09/11/2023",100,60,municipality,decree_law_3_2023;t2h3-cgys,,2026-08-21T18:25:40Z,0.2.0,,A score of 100 only means the municipality is outside the regional special regime; local planning has not been reviewed.,complete,100,100,100,,official,default,true
082690,Seva,24,Osona,2025S1,false,29,3818,0.75956,,,false,"Decreto-ley 3/2023, annex; DOGC 9036, 08/11/2023; effective from 09/11/2023",100,60,municipality,decree_law_3_2023;t2h3-cgys,,2026-08-21T18:25:40Z,0.2.0,,A score of 100 only means the municipality is outside the regional special regime; local planning has not been reviewed.,complete,100,100,100,,official,default,true
082704,Sitges,17,Garraf,2025S1,true,1702,32690,5.206485,,,false,"Decreto-ley 3/2023, annex; DOGC 9036, 08/11/2023; effective from 09/11/2023",40,70,municipality,decree_law_3_2023;t2h3-cgys,,2026-08-21T18:25:40Z,0.2.0,,A score of 100 only means the municipality is outside the regional special regime; local planning has not been reviewed.,complete,40,40,100,,official,default,true
082711,Sobremunt,43,Lluçanès,2025S1,false,4,89,4.494382,,,false,"Decreto-ley 3/2023, annex; DOGC 9036, 08/11/2023; effective from 09/11/2023",100,60,municipality,decree_law_3_2023;t2h3-cgys,,2026-08-21T18:25:40Z,0.2.0,,A score of 100 only means the municipality is outside the regional special regime; local planning has not been reviewed.,complete,100,100,100,,official,default,true
082726,Sora,24,Osona,2025S1,false,1,225,0.444444,,,false,"Decreto-ley 3/2023, annex; DOGC 9036, 08/11/2023; effective from 09/11/2023",100,60,municipality,decree_law_3_2023;t2h3-cgys,,2026-08-21T18:25:40Z,0.2.0,,A score of 100 only means the municipality is outside the regional special regime; local planning has not been reviewed.,complete,100,100,100,,official,default,true
082732,Subirats,03,Alt Penedès,2025S1,false,16,3287,0.486766,,,false,"Decreto-ley 3/2023, annex; DOGC 9036, 08/11/2023; effective from 09/11/2023",100,60,municipality,decree_law_3_2023;t2h3-cgys,,2026-08-21T18:25:40Z,0.2.0,,A score of 100 only means the municipality is outside the regional special regime; local planning has not been reviewed.,complete,100,100,100,,official,default,true
082747,Súria,07,Bages,2025S1,false,0,6196,0,,,false,"Decreto-ley 3/2023, annex; DOGC 9036, 08/11/2023; effective from 09/11/2023",100,60,municipality,decree_law_3_2023;t2h3-cgys,,2026-08-21T18:25:40Z,0.2.0,,A score of 100 only means the municipality is outside the regional special regime; local planning has not been reviewed.,complete,100,100,100,,official,default,true
082750,Tavèrnoles,24,Osona,2025S1,false,2,354,0.564972,,,false,"Decreto-ley 3/2023, annex; DOGC 9036, 08/11/2023; effective from 09/11/2023",100,60,municipality,decree_law_3_2023;t2h3-cgys,,2026-08-21T18:25:40Z,0.2.0,,A score of 100 only means the municipality is outside the regional special regime; local planning has not been reviewed.,complete,100,100,100,,official,default,true
082763,Tagamanent,41,Vallès Oriental,2025S1,false,3,329,0.911854,,,false,"Decreto-ley 3/2023, annex; DOGC 9036, 08/11/2023; effective from 09/11/2023",100,60,municipality,decree_law_3_2023;t2h3-cgys,,2026-08-21T18:25:40Z,0.2.0,,A score of 100 only means the municipality is outside the regional special regime; local planning has not been reviewed.,complete,100,100,100,,official,default,true
082779,Talamanca,07,Bages,2025S1,false,1,209,0.478469,,,false,"Decreto-ley 3/2023, annex; DOGC 9036, 08/11/2023; effective from 09/11/2023",100,60,municipality,decree_law_3_2023;t2h3-cgys,,2026-08-21T18:25:40Z,0.2.0,,A score of 100 only means the municipality is outside the regional special regime; local planning has not been reviewed.,complete,100,100,100,,official,default,true
082785,Taradell,24,Osona,2025S1,false,5,6838,0.073121,,,false,"Decreto-ley 3/2023, annex; DOGC 9036, 08/11/2023; effective from 09/11/2023",100,60,municipality,decree_law_3_2023;t2h3-cgys,,2026-08-21T18:25:40Z,0.2.0,,A score of 100 only means the municipality is outside the regional special regime; local planning has not been reviewed.,complete,100,100,100,,official,default,true
082798,Terrassa,40,Vallès Occidental,2025S1,true,157,232676,0.067476,,,false,"Decreto-ley 3/2023, annex; DOGC 9036, 08/11/2023; effective from 09/11/2023",40,70,municipality,decree_law_3_2023;t2h3-cgys,,2026-08-21T18:25:40Z,0.2.0,,A score of 100 only means the municipality is outside the regional special regime; local planning has not been reviewed.,complete,40,40,100,,official,default,true
082802,Tavertet,24,Osona,2025S1,true,8,128,6.25,,,false,"Decreto-ley 3/2023, annex; DOGC 9036, 08/11/2023; effective from 09/11/2023",40,70,municipality,decree_law_3_2023;t2h3-cgys,,2026-08-21T18:25:40Z,0.2.0,,A score of 100 only means the municipality is outside the regional special regime; local planning has not been reviewed.,complete,40,40,100,,official,default,true
082819,Teià,21,Maresme,2025S1,true,43,6894,0.623731,,,false,"Decreto-ley 3/2023, annex; DOGC 9036, 08/11/2023; effective from 09/11/2023",40,70,municipality,decree_law_3_2023;t2h3-cgys,,2026-08-21T18:25:40Z,0.2.0,,A score of 100 only means the municipality is outside the regional special regime; local planning has not been reviewed.,complete,40,40,100,,official,default,true
082824,Tiana,21,Maresme,2025S1,true,23,9362,0.245674,,,false,"Decreto-ley 3/2023, annex; DOGC 9036, 08/11/2023; effective from 09/11/2023",40,70,municipality,decree_law_3_2023;t2h3-cgys,,2026-08-21T18:25:40Z,0.2.0,,A score of 100 only means the municipality is outside the regional special regime; local planning has not been reviewed.,complete,40,40,100,,official,default,true
082830,Tona,24,Osona,2025S1,true,6,8513,0.07048,,,false,"Decreto-ley 3/2023, annex; DOGC 9036, 08/11/2023; effective from 09/11/2023",40,70,municipality,decree_law_3_2023;t2h3-cgys,,2026-08-21T18:25:40Z,0.2.0,,A score of 100 only means the municipality is outside the regional special regime; local planning has not been reviewed.,complete,40,40,100,,official,default,true
082845,Tordera,21,Maresme,2025S1,false,124,19047,0.651021,,,false,"Decreto-ley 3/2023, annex; DOGC 9036, 08/11/2023; effective from 09/11/2023",100,60,municipality,decree_law_3_2023;t2h3-cgys,,2026-08-21T18:25:40Z,0.2.0,,A score of 100 only means the municipality is outside the regional special regime; local planning has not been reviewed.,complete,100,100,100,,official,default,true
082858,Torelló,24,Osona,2025S1,true,0,15334,0,,,false,"Decreto-ley 3/2023, annex; DOGC 9036, 08/11/2023; effective from 09/11/2023",40,70,municipality,decree_law_3_2023;t2h3-cgys,,2026-08-21T18:25:40Z,0.2.0,,A score of 100 only means the municipality is outside the regional special regime; local planning has not been reviewed.,complete,40,40,100,,official,default,true
082861,la Torre de Claramunt,06,Anoia,2025S1,false,14,4154,0.337025,,,false,"Decreto-ley 3/2023, annex; DOGC 9036, 08/11/2023; effective from 09/11/2023",100,60,municipality,decree_law_3_2023;t2h3-cgys,,2026-08-21T18:25:40Z,0.2.0,,A score of 100 only means the municipality is outside the regional special regime; local planning has not been reviewed.,complete,100,100,100,,official,default,true
082877,Torrelavit,03,Alt Penedès,2025S1,false,3,1575,0.190476,,,false,"Decreto-ley 3/2023, annex; DOGC 9036, 08/11/2023; effective from 09/11/2023",100,60,municipality,decree_law_3_2023;t2h3-cgys,,2026-08-21T18:25:40Z,0.2.0,,A score of 100 only means the municipality is outside the regional special regime; local planning has not been reviewed.,complete,100,100,100,,official,default,true
082883,Torrelles de Foix,03,Alt Penedès,2025S1,false,14,2751,0.508906,,,false,"Decreto-ley 3/2023, annex; DOGC 9036, 08/11/2023; effective from 09/11/2023",100,60,municipality,decree_law_3_2023;t2h3-cgys,,2026-08-21T18:25:40Z,0.2.0,,A score of 100 only means the municipality is outside the regional special regime; local planning has not been reviewed.,complete,100,100,100,,official,default,true
082896,Torrelles de Llobregat,11,Baix Llobregat,2025S1,true,7,6162,0.113599,,,false,"Decreto-ley 3/2023, annex; DOGC 9036, 08/11/2023; effective from 09/11/2023",40,70,municipality,decree_law_3_2023;t2h3-cgys,,2026-08-21T18:25:40Z,0.2.0,,A score of 100 only means the municipality is outside the regional special regime; local planning has not been reviewed.,complete,40,40,100,,official,default,true
082900,Ullastrell,40,Vallès Occidental,2025S1,false,0,2170,0,,,false,"Decreto-ley 3/2023, annex; DOGC 9036, 08/11/2023; effective from 09/11/2023",100,60,municipality,decree_law_3_2023;t2h3-cgys,,2026-08-21T18:25:40Z,0.2.0,,A score of 100 only means the municipality is outside the regional special regime; local planning has not been reviewed.,complete,100,100,100,,official,default,true
082917,Vacarisses,40,Vallès Occidental,2025S1,false,8,7710,0.103761,,,false,"Decreto-ley 3/2023, annex; DOGC 9036, 08/11/2023; effective from 09/11/2023",100,60,municipality,decree_law_3_2023;t2h3-cgys,,2026-08-21T18:25:40Z,0.2.0,,A score of 100 only means the municipality is outside the regional special regime; local planning has not been reviewed.,complete,100,100,100,,official,default,true
082922,Vallbona d'Anoia,06,Anoia,2025S1,false,2,1420,0.140845,,,false,"Decreto-ley 3/2023, annex; DOGC 9036, 08/11/2023; effective from 09/11/2023",100,60,municipality,decree_law_3_2023;t2h3-cgys,,2026-08-21T18:25:40Z,0.2.0,,A score of 100 only means the municipality is outside the regional special regime; local planning has not been reviewed.,complete,100,100,100,,official,default,true
082938,Vallcebre,14,Berguedà,2025S1,false,11,260,4.230769,,,false,"Decreto-ley 3/2023, annex; DOGC 9036, 08/11/2023; effective from 09/11/2023",100,60,municipality,decree_law_3_2023;t2h3-cgys,,2026-08-21T18:25:40Z,0.2.0,,A score of 100 only means the municipality is outside the regional special regime; local planning has not been reviewed.,complete,100,100,100,,official,default,true
082943,Vallgorguina,41,Vallès Oriental,2025S1,false,35,3273,1.069355,,,false,"Decreto-ley 3/2023, annex; DOGC 9036, 08/11/2023; effective from 09/11/2023",100,60,municipality,decree_law_3_2023;t2h3-cgys,,2026-08-21T18:25:40Z,0.2.0,,A score of 100 only means the municipality is outside the regional special regime; local planning has not been reviewed.,complete,100,100,100,,official,default,true
082956,Vallirana,11,Baix Llobregat,2025S1,true,9,16239,0.055422,,,false,"Decreto-ley 3/2023, annex; DOGC 9036, 08/11/2023; effective from 09/11/2023",40,70,municipality,decree_law_3_2023;t2h3-cgys,,2026-08-21T18:25:40Z,0.2.0,,A score of 100 only means the municipality is outside the regional special regime; local planning has not been reviewed.,complete,40,40,100,,official,default,true
082969,Vallromanes,41,Vallès Oriental,2025S1,false,36,2782,1.294033,,,false,"Decreto-ley 3/2023, annex; DOGC 9036, 08/11/2023; effective from 09/11/2023",100,60,municipality,decree_law_3_2023;t2h3-cgys,,2026-08-21T18:25:40Z,0.2.0,,A score of 100 only means the municipality is outside the regional special regime; local planning has not been reviewed.,complete,100,100,100,,official,default,true
082975,Veciana,06,Anoia,2025S1,false,1,170,0.588235,,,false,"Decreto-ley 3/2023, annex; DOGC 9036, 08/11/2023; effective from 09/11/2023",100,60,municipality,decree_law_3_2023;t2h3-cgys,,2026-08-21T18:25:40Z,0.2.0,,A score of 100 only means the municipality is outside the regional special regime; local planning has not been reviewed.,complete,100,100,100,,official,default,true
082981,Vic,24,Osona,2025S1,true,46,50405,0.091261,,,false,"Decreto-ley 3/2023, annex; DOGC 9036, 08/11/2023; effective from 09/11/2023",40,70,municipality,decree_law_3_2023;t2h3-cgys,,2026-08-21T18:25:40Z,0.2.0,,A score of 100 only means the municipality is outside the regional special regime; local planning has not been reviewed.,complete,40,40,100,,official,default,true
082994,Vilada,14,Berguedà,2025S1,false,5,430,1.162791,,,false,"Decreto-ley 3/2023, annex; DOGC 9036, 08/11/2023; effective from 09/11/2023",100,60,municipality,decree_law_3_2023;t2h3-cgys,,2026-08-21T18:25:40Z,0.2.0,,A score of 100 only means the municipality is outside the regional special regime; local planning has not been reviewed.,complete,100,100,100,,official,default,true
083008,Viladecavalls,40,Vallès Occidental,2025S1,false,3,7816,0.038383,,,false,"Decreto-ley 3/2023, annex; DOGC 9036, 08/11/2023; effective from 09/11/2023",100,60,municipality,decree_law_3_2023;t2h3-cgys,,2026-08-21T18:25:40Z,0.2.0,,A score of 100 only means the municipality is outside the regional special regime; local planning has not been reviewed.,complete,100,100,100,,official,default,true
083015,Viladecans,11,Baix Llobregat,2025S1,true,22,67536,0.032575,,,false,"Decreto-ley 3/2023, annex; DOGC 9036, 08/11/2023; effective from 09/11/2023",40,70,municipality,decree_law_3_2023;t2h3-cgys,,2026-08-21T18:25:40Z,0.2.0,,A score of 100 only means the municipality is outside the regional special regime; local planning has not been reviewed.,complete,40,40,100,,official,default,true
083020,Vilanova del Camí,06,Anoia,2025S1,true,0,12886,0,,,false,"Decreto-ley 3/2023, annex; DOGC 9036, 08/11/2023; effective from 09/11/2023",40,70,municipality,decree_law_3_2023;t2h3-cgys,,2026-08-21T18:25:40Z,0.2.0,,A score of 100 only means the municipality is outside the regional special regime; local planning has not been reviewed.,complete,40,40,100,,official,default,true
083036,Vilanova de Sau,24,Osona,2025S1,false,5,325,1.538462,,,false,"Decreto-ley 3/2023, annex; DOGC 9036, 08/11/2023; effective from 09/11/2023",100,60,municipality,decree_law_3_2023;t2h3-cgys,,2026-08-21T18:25:40Z,0.2.0,,A score of 100 only means the municipality is outside the regional special regime; local planning has not been reviewed.,complete,100,100,100,,official,default,true
083041,Vilobí del Penedès,03,Alt Penedès,2025S1,false,4,1157,0.345722,,,false,"Decreto-ley 3/2023, annex; DOGC 9036, 08/11/2023; effective from 09/11/2023",100,60,municipality,decree_law_3_2023;t2h3-cgys,,2026-08-21T18:25:40Z,0.2.0,,A score of 100 only means the municipality is outside the regional special regime; local planning has not been reviewed.,complete,100,100,100,,official,default,true
083054,Vilafranca del Penedès,03,Alt Penedès,2025S1,true,21,42561,0.049341,,,false,"Decreto-ley 3/2023, annex; DOGC 9036, 08/11/2023; effective from 09/11/2023",40,70,municipality,decree_law_3_2023;t2h3-cgys,,2026-08-21T18:25:40Z,0.2.0,,A score of 100 only means the municipality is outside the regional special regime; local planning has not been reviewed.,complete,40,40,100,,official,default,true
083067,Vilalba Sasserra,41,Vallès Oriental,2025S1,false,0,790,0,,,false,"Decreto-ley 3/2023, annex; DOGC 9036, 08/11/2023; effective from 09/11/2023",100,60,municipality,decree_law_3_2023;t2h3-cgys,,2026-08-21T18:25:40Z,0.2.0,,A score of 100 only means the municipality is outside the regional special regime; local planning has not been reviewed.,complete,100,100,100,,official,default,true
083073,Vilanova i la Geltrú,17,Garraf,2025S1,true,458,71305,0.642311,,,false,"Decreto-ley 3/2023, annex; DOGC 9036, 08/11/2023; effective from 09/11/2023",40,70,municipality,decree_law_3_2023;t2h3-cgys,,2026-08-21T18:25:40Z,0.2.0,,A score of 100 only means the municipality is outside the regional special regime; local planning has not been reviewed.,complete,40,40,100,,official,default,true
083089,Viver i Serrateix,14,Berguedà,2025S1,false,0,178,0,,,false,"Decreto-ley 3/2023, annex; DOGC 9036, 08/11/2023; effective from 09/11/2023",100,60,municipality,decree_law_3_2023;t2h3-cgys,,2026-08-21T18:25:40Z,0.2.0,,A score of 100 only means the municipality is outside the regional special regime; local planning has not been reviewed.,complete,100,100,100,,official,default,true
089019,Rupit i Pruit,24,Osona,2025S1,true,16,277,5.776173,,,false,"Decreto-ley 3/2023, annex; DOGC 9036, 08/11/2023; effective from 09/11/2023",40,70,municipality,decree_law_3_2023;t2h3-cgys,,2026-08-21T18:25:40Z,0.2.0,,A score of 100 only means the municipality is outside the regional special regime; local planning has not been reviewed.,complete,40,40,100,,official,default,true
089024,Vilanova del Vallès,41,Vallès Oriental,2025S1,false,10,5697,0.175531,,,false,"Decreto-ley 3/2023, annex; DOGC 9036, 08/11/2023; effective from 09/11/2023",100,60,municipality,decree_law_3_2023;t2h3-cgys,,2026-08-21T18:25:40Z,0.2.0,,A score of 100 only means the municipality is outside the regional special regime; local planning has not been reviewed.,complete,100,100,100,,official,default,true
089030,Sant Julià de Cerdanyola,14,Berguedà,2025S1,false,2,234,0.854701,,,false,"Decreto-ley 3/2023, annex; DOGC 9036, 08/11/2023; effective from 09/11/2023",100,60,municipality,decree_law_3_2023;t2h3-cgys,,2026-08-21T18:25:40Z,0.2.0,,A score of 100 only means the municipality is outside the regional special regime; local planning has not been reviewed.,complete,100,100,100,,official,default,true
089045,Badia del Vallès,40,Vallès Occidental,2025S1,true,0,13058,0,,,false,"Decreto-ley 3/2023, annex; DOGC 9036, 08/11/2023; effective from 09/11/2023",40,70,municipality,decree_law_3_2023;t2h3-cgys,,2026-08-21T18:25:40Z,0.2.0,,A score of 100 only means the municipality is outside the regional special regime; local planning has not been reviewed.,complete,40,40,100,,official,default,true
089058,la Palma de Cervelló,11,Baix Llobregat,2025S1,false,0,3059,0,,,false,"Decreto-ley 3/2023, annex; DOGC 9036, 08/11/2023; effective from 09/11/2023",100,60,municipality,decree_law_3_2023;t2h3-cgys,,2026-08-21T18:25:40Z,0.2.0,,A score of 100 only means the municipality is outside the regional special regime; local planning has not been reviewed.,complete,100,100,100,,official,default,true
170010,Agullana,02,Alt Empordà,2025S1,false,14,881,1.589103,,,false,"Decreto-ley 3/2023, annex; DOGC 9036, 08/11/2023; effective from 09/11/2023",100,60,municipality,decree_law_3_2023;t2h3-cgys,,2026-08-21T18:25:40Z,0.2.0,,A score of 100 only means the municipality is outside the regional special regime; local planning has not been reviewed.,complete,100,100,100,,official,default,true
170025,Aiguaviva,20,Gironès,2025S1,false,4,805,0.496894,,,false,"Decreto-ley 3/2023, annex; DOGC 9036, 08/11/2023; effective from 09/11/2023",100,60,municipality,decree_law_3_2023;t2h3-cgys,,2026-08-21T18:25:40Z,0.2.0,,A score of 100 only means the municipality is outside the regional special regime; local planning has not been reviewed.,complete,100,100,100,,official,default,true
170031,Albanyà,02,Alt Empordà,2025S1,false,7,158,4.43038,,,false,"Decreto-ley 3/2023, annex; DOGC 9036, 08/11/2023; effective from 09/11/2023",100,60,municipality,decree_law_3_2023;t2h3-cgys,,2026-08-21T18:25:40Z,0.2.0,,A score of 100 only means the municipality is outside the regional special regime; local planning has not been reviewed.,complete,100,100,100,,official,default,true
170046,Albons,10,Baix Empordà,2025S1,true,66,852,7.746479,,,false,"Decreto-ley 3/2023, annex; DOGC 9036, 08/11/2023; effective from 09/11/2023",40,70,municipality,decree_law_3_2023;t2h3-cgys,,2026-08-21T18:25:40Z,0.2.0,,A score of 100 only means the municipality is outside the regional special regime; local planning has not been reviewed.,complete,40,40,100,,official,default,true
170059,el Far d'Empordà,02,Alt Empordà,2025S1,false,1,624,0.160256,,,false,"Decreto-ley 3/2023, annex; DOGC 9036, 08/11/2023; effective from 09/11/2023",100,60,municipality,decree_law_3_2023;t2h3-cgys,,2026-08-21T18:25:40Z,0.2.0,,A score of 100 only means the municipality is outside the regional special regime; local planning has not been reviewed.,complete,100,100,100,,official,default,true
170062,Alp,15,Cerdanya,2025S1,true,301,1724,17.459397,,,false,"Decreto-ley 3/2023, annex; DOGC 9036, 08/11/2023; effective from 09/11/2023",40,70,municipality,decree_law_3_2023;t2h3-cgys,,2026-08-21T18:25:40Z,0.2.0,,A score of 100 only means the municipality is outside the regional special regime; local planning has not been reviewed.,complete,40,40,100,,official,default,true
170078,Amer,34,Selva,2025S1,false,21,2419,0.868127,,,false,"Decreto-ley 3/2023, annex; DOGC 9036, 08/11/2023; effective from 09/11/2023",100,60,municipality,decree_law_3_2023;t2h3-cgys,,2026-08-21T18:25:40Z,0.2.0,,A score of 100 only means the municipality is outside the regional special regime; local planning has not been reviewed.,complete,100,100,100,,official,default,true
170084,Anglès,34,Selva,2025S1,false,9,5904,0.152439,,,false,"Decreto-ley 3/2023, annex; DOGC 9036, 08/11/2023; effective from 09/11/2023",100,60,municipality,decree_law_3_2023;t2h3-cgys,,2026-08-21T18:25:40Z,0.2.0,,A score of 100 only means the municipality is outside the regional special regime; local planning has not been reviewed.,complete,100,100,100,,official,default,true
170097,Arbúcies,34,Selva,2025S1,false,44,6635,0.66315,,,false,"Decreto-ley 3/2023, annex; DOGC 9036, 08/11/2023; effective from 09/11/2023",100,60,municipality,decree_law_3_2023;t2h3-cgys,,2026-08-21T18:25:40Z,0.2.0,,A score of 100 only means the municipality is outside the regional special regime; local planning has not been reviewed.,complete,100,100,100,,official,default,true
170101,Argelaguer,19,Garrotxa,2025S1,false,9,467,1.927195,,,false,"Decreto-ley 3/2023, annex; DOGC 9036, 08/11/2023; effective from 09/11/2023",100,60,municipality,decree_law_3_2023;t2h3-cgys,,2026-08-21T18:25:40Z,0.2.0,,A score of 100 only means the municipality is outside the regional special regime; local planning has not been reviewed.,complete,100,100,100,,official,default,true
170118,l'Armentera,02,Alt Empordà,2025S1,false,26,1076,2.416357,,,false,"Decreto-ley 3/2023, annex; DOGC 9036, 08/11/2023; effective from 09/11/2023",100,60,municipality,decree_law_3_2023;t2h3-cgys,,2026-08-21T18:25:40Z,0.2.0,,A score of 100 only means the municipality is outside the regional special regime; local planning has not been reviewed.,complete,100,100,100,,official,default,true
170123,Avinyonet de Puigventós,02,Alt Empordà,2025S1,false,7,1669,0.419413,,,false,"Decreto-ley 3/2023, annex; DOGC 9036, 08/11/2023; effective from 09/11/2023",100,60,municipality,decree_law_3_2023;t2h3-cgys,,2026-08-21T18:25:40Z,0.2.0,,A score of 100 only means the municipality is outside the regional special regime; local planning has not been reviewed.,complete,100,100,100,,official,default,true
170139,Begur,10,Baix Empordà,2025S1,true,1764,4286,41.157256,,,false,"Decreto-ley 3/2023, annex; DOGC 9036, 08/11/2023; effective from 09/11/2023",40,70,municipality,decree_law_3_2023;t2h3-cgys,,2026-08-21T18:25:40Z,0.2.0,,A score of 100 only means the municipality is outside the regional special regime; local planning has not been reviewed.,complete,40,40,100,,official,default,true
170144,la Vajol,02,Alt Empordà,2025S1,false,4,110,3.636364,,,false,"Decreto-ley 3/2023, annex; DOGC 9036, 08/11/2023; effective from 09/11/2023",100,60,municipality,decree_law_3_2023;t2h3-cgys,,2026-08-21T18:25:40Z,0.2.0,,A score of 100 only means the municipality is outside the regional special regime; local planning has not been reviewed.,complete,100,100,100,,official,default,true
170157,Banyoles,28,Pla de l'Estany,2025S1,true,102,20887,0.488342,,,false,"Decreto-ley 3/2023, annex; DOGC 9036, 08/11/2023; effective from 09/11/2023",40,70,municipality,decree_law_3_2023;t2h3-cgys,,2026-08-21T18:25:40Z,0.2.0,,A score of 100 only means the municipality is outside the regional special regime; local planning has not been reviewed.,complete,40,40,100,,official,default,true
170160,Bàscara,02,Alt Empordà,2025S1,false,21,1048,2.003817,,,false,"Decreto-ley 3/2023, annex; DOGC 9036, 08/11/2023; effective from 09/11/2023",100,60,municipality,decree_law_3_2023;t2h3-cgys,,2026-08-21T18:25:40Z,0.2.0,,A score of 100 only means the municipality is outside the regional special regime; local planning has not been reviewed.,complete,100,100,100,,official,default,true
170182,Bellcaire d'Empordà,10,Baix Empordà,2025S1,true,43,722,5.955679,,,false,"Decreto-ley 3/2023, annex; DOGC 9036, 08/11/2023; effective from 09/11/2023",40,70,municipality,decree_law_3_2023;t2h3-cgys,,2026-08-21T18:25:40Z,0.2.0,,A score of 100 only means the municipality is outside the regional special regime; local planning has not been reviewed.,complete,40,40,100,,official,default,true
170195,Besalú,19,Garrotxa,2025S1,false,54,2591,2.084137,,,false,"Decreto-ley 3/2023, annex; DOGC 9036, 08/11/2023; effective from 09/11/2023",100,60,municipality,decree_law_3_2023;t2h3-cgys,,2026-08-21T18:25:40Z,0.2.0,,A score of 100 only means the municipality is outside the regional special regime; local planning has not been reviewed.,complete,100,100,100,,official,default,true
170209,Bescanó,20,Gironès,2025S1,false,17,5087,0.334185,,,false,"Decreto-ley 3/2023, annex; DOGC 9036, 08/11/2023; effective from 09/11/2023",100,60,municipality,decree_law_3_2023;t2h3-cgys,,2026-08-21T18:25:40Z,0.2.0,,A score of 100 only means the municipality is outside the regional special regime; local planning has not been reviewed.,complete,100,100,100,,official,default,true
170216,Beuda,19,Garrotxa,2025S1,false,11,202,5.445545,,,false,"Decreto-ley 3/2023, annex; DOGC 9036, 08/11/2023; effective from 09/11/2023",100,60,municipality,decree_law_3_2023;t2h3-cgys,,2026-08-21T18:25:40Z,0.2.0,,A score of 100 only means the municipality is outside the regional special regime; local planning has not been reviewed.,complete,100,100,100,,official,default,true
170221,la Bisbal d'Empordà,10,Baix Empordà,2025S1,true,49,11731,0.417697,,,false,"Decreto-ley 3/2023, annex; DOGC 9036, 08/11/2023; effective from 09/11/2023",40,70,municipality,decree_law_3_2023;t2h3-cgys,,2026-08-21T18:25:40Z,0.2.0,,A score of 100 only means the municipality is outside the regional special regime; local planning has not been reviewed.,complete,40,40,100,,official,default,true
170237,Blanes,34,Selva,2025S1,true,1277,42446,3.008528,,,false,"Decreto-ley 3/2023, annex; DOGC 9036, 08/11/2023; effective from 09/11/2023",40,70,municipality,decree_law_3_2023;t2h3-cgys,,2026-08-21T18:25:40Z,0.2.0,,A score of 100 only means the municipality is outside the regional special regime; local planning has not been reviewed.,complete,40,40,100,,official,default,true
170242,Bolvir,15,Cerdanya,2025S1,true,30,493,6.085193,,,false,"Decreto-ley 3/2023, annex; DOGC 9036, 08/11/2023; effective from 09/11/2023",40,70,municipality,decree_law_3_2023;t2h3-cgys,,2026-08-21T18:25:40Z,0.2.0,,A score of 100 only means the municipality is outside the regional special regime; local planning has not been reviewed.,complete,40,40,100,,official,default,true
170255,Bordils,20,Gironès,2025S1,false,5,1824,0.274123,,,false,"Decreto-ley 3/2023, annex; DOGC 9036, 08/11/2023; effective from 09/11/2023",100,60,municipality,decree_law_3_2023;t2h3-cgys,,2026-08-21T18:25:40Z,0.2.0,,A score of 100 only means the municipality is outside the regional special regime; local planning has not been reviewed.,complete,100,100,100,,official,default,true
170268,Borrassà,02,Alt Empordà,2025S1,false,15,802,1.870324,,,false,"Decreto-ley 3/2023, annex; DOGC 9036, 08/11/2023; effective from 09/11/2023",100,60,municipality,decree_law_3_2023;t2h3-cgys,,2026-08-21T18:25:40Z,0.2.0,,A score of 100 only means the municipality is outside the regional special regime; local planning has not been reviewed.,complete,100,100,100,,official,default,true
170274,Breda,34,Selva,2025S1,false,13,3964,0.327952,,,false,"Decreto-ley 3/2023, annex; DOGC 9036, 08/11/2023; effective from 09/11/2023",100,60,municipality,decree_law_3_2023;t2h3-cgys,,2026-08-21T18:25:40Z,0.2.0,,A score of 100 only means the municipality is outside the regional special regime; local planning has not been reviewed.,complete,100,100,100,,official,default,true
170280,Brunyola i Sant Martí Sapresa,34,Selva,2025S1,false,10,399,2.506266,,,false,"Decreto-ley 3/2023, annex; DOGC 9036, 08/11/2023; effective from 09/11/2023",100,60,municipality,decree_law_3_2023;t2h3-cgys,,2026-08-21T18:25:40Z,0.2.0,,A score of 100 only means the municipality is outside the regional special regime; local planning has not been reviewed.,complete,100,100,100,,official,default,true
170293,Boadella i les Escaules,02,Alt Empordà,2025S1,false,11,264,4.166667,,,false,"Decreto-ley 3/2023, annex; DOGC 9036, 08/11/2023; effective from 09/11/2023",100,60,municipality,decree_law_3_2023;t2h3-cgys,,2026-08-21T18:25:40Z,0.2.0,,A score of 100 only means the municipality is outside the regional special regime; local planning has not been reviewed.,complete,100,100,100,,official,default,true
170307,Cabanes,02,Alt Empordà,2025S1,false,5,998,0.501002,,,false,"Decreto-ley 3/2023, annex; DOGC 9036, 08/11/2023; effective from 09/11/2023",100,60,municipality,decree_law_3_2023;t2h3-cgys,,2026-08-21T18:25:40Z,0.2.0,,A score of 100 only means the municipality is outside the regional special regime; local planning has not been reviewed.,complete,100,100,100,,official,default,true
170314,Cabanelles,02,Alt Empordà,2025S1,true,13,286,4.545455,,,false,"Decreto-ley 3/2023, annex; DOGC 9036, 08/11/2023; effective from 09/11/2023",40,70,municipality,decree_law_3_2023;t2h3-cgys,,2026-08-21T18:25:40Z,0.2.0,,A score of 100 only means the municipality is outside the regional special regime; local planning has not been reviewed.,complete,40,40,100,,official,default,true
170329,Cadaqués,02,Alt Empordà,2025S1,true,997,2906,34.308328,,,false,"Decreto-ley 3/2023, annex; DOGC 9036, 08/11/2023; effective from 09/11/2023",40,70,municipality,decree_law_3_2023;t2h3-cgys,,2026-08-21T18:25:40Z,0.2.0,,A score of 100 only means the municipality is outside the regional special regime; local planning has not been reviewed.,complete,40,40,100,,official,default,true
170335,Caldes de Malavella,34,Selva,2025S1,false,227,8644,2.626099,,,false,"Decreto-ley 3/2023, annex; DOGC 9036, 08/11/2023; effective from 09/11/2023",100,60,municipality,decree_law_3_2023;t2h3-cgys,,2026-08-21T18:25:40Z,0.2.0,,A score of 100 only means the municipality is outside the regional special regime; local planning has not been reviewed.,complete,100,100,100,,official,default,true
170340,Calonge i Sant Antoni,10,Baix Empordà,2025S1,true,2399,12268,19.55494,,,false,"Decreto-ley 3/2023, annex; DOGC 9036, 08/11/2023; effective from 09/11/2023",40,70,municipality,decree_law_3_2023;t2h3-cgys,,2026-08-21T18:25:40Z,0.2.0,,A score of 100 only means the municipality is outside the regional special regime; local planning has not been reviewed.,complete,40,40,100,,official,default,true
170353,Camós,28,Pla de l'Estany,2025S1,false,5,700,0.714286,,,false,"Decreto-ley 3/2023, annex; DOGC 9036, 08/11/2023; effective from 09/11/2023",100,60,municipality,decree_law_3_2023;t2h3-cgys,,2026-08-21T18:25:40Z,0.2.0,,A score of 100 only means the municipality is outside the regional special regime; local planning has not been reviewed.,complete,100,100,100,,official,default,true
170366,Campdevànol,31,Ripollès,2025S1,false,16,3240,0.493827,,,false,"Decreto-ley 3/2023, annex; DOGC 9036, 08/11/2023; effective from 09/11/2023",100,60,municipality,decree_law_3_2023;t2h3-cgys,,2026-08-21T18:25:40Z,0.2.0,,A score of 100 only means the municipality is outside the regional special regime; local planning has not been reviewed.,complete,100,100,100,,official,default,true
170372,Campelles,31,Ripollès,2025S1,true,10,163,6.134969,,,false,"Decreto-ley 3/2023, annex; DOGC 9036, 08/11/2023; effective from 09/11/2023",40,70,municipality,decree_law_3_2023;t2h3-cgys,,2026-08-21T18:25:40Z,0.2.0,,A score of 100 only means the municipality is outside the regional special regime; local planning has not been reviewed.,complete,40,40,100,,official,default,true
170388,Campllong,20,Gironès,2025S1,false,6,534,1.123596,,,false,"Decreto-ley 3/2023, annex; DOGC 9036, 08/11/2023; effective from 09/11/2023",100,60,municipality,decree_law_3_2023;t2h3-cgys,,2026-08-21T18:25:40Z,0.2.0,,A score of 100 only means the municipality is outside the regional special regime; local planning has not been reviewed.,complete,100,100,100,,official,default,true
170391,Camprodon,31,Ripollès,2025S1,true,165,2560,6.445312,,,false,"Decreto-ley 3/2023, annex; DOGC 9036, 08/11/2023; effective from 09/11/2023",40,70,municipality,decree_law_3_2023;t2h3-cgys,,2026-08-21T18:25:40Z,0.2.0,,A score of 100 only means the municipality is outside the regional special regime; local planning has not been reviewed.,complete,40,40,100,,official,default,true
170405,Canet d'Adri,20,Gironès,2025S1,false,6,742,0.808625,,,false,"Decreto-ley 3/2023, annex; DOGC 9036, 08/11/2023; effective from 09/11/2023",100,60,municipality,decree_law_3_2023;t2h3-cgys,,2026-08-21T18:25:40Z,0.2.0,,A score of 100 only means the municipality is outside the regional special regime; local planning has not been reviewed.,complete,100,100,100,,official,default,true
170412,Cantallops,02,Alt Empordà,2025S1,true,15,367,4.087193,,,false,"Decreto-ley 3/2023, annex; DOGC 9036, 08/11/2023; effective from 09/11/2023",40,70,municipality,decree_law_3_2023;t2h3-cgys,,2026-08-21T18:25:40Z,0.2.0,,A score of 100 only means the municipality is outside the regional special regime; local planning has not been reviewed.,complete,40,40,100,,official,default,true
170427,Capmany,02,Alt Empordà,2025S1,false,19,677,2.806499,,,false,"Decreto-ley 3/2023, annex; DOGC 9036, 08/11/2023; effective from 09/11/2023",100,60,municipality,decree_law_3_2023;t2h3-cgys,,2026-08-21T18:25:40Z,0.2.0,,A score of 100 only means the municipality is outside the regional special regime; local planning has not been reviewed.,complete,100,100,100,,official,default,true
170433,Queralbs,31,Ripollès,2025S1,true,23,202,11.386139,,,false,"Decreto-ley 3/2023, annex; DOGC 9036, 08/11/2023; effective from 09/11/2023",40,70,municipality,decree_law_3_2023;t2h3-cgys,,2026-08-21T18:25:40Z,0.2.0,,A score of 100 only means the municipality is outside the regional special regime; local planning has not been reviewed.,complete,40,40,100,,official,default,true
170448,Cassà de la Selva,20,Gironès,2025S1,false,20,11167,0.179099,,,false,"Decreto-ley 3/2023, annex; DOGC 9036, 08/11/2023; effective from 09/11/2023",100,60,municipality,decree_law_3_2023;t2h3-cgys,,2026-08-21T18:25:40Z,0.2.0,,A score of 100 only means the municipality is outside the regional special regime; local planning has not been reviewed.,complete,100,100,100,,official,default,true
170464,Castellfollit de la Roca,19,Garrotxa,2025S1,false,11,960,1.145833,,,false,"Decreto-ley 3/2023, annex; DOGC 9036, 08/11/2023; effective from 09/11/2023",100,60,municipality,decree_law_3_2023;t2h3-cgys,,2026-08-21T18:25:40Z,0.2.0,,A score of 100 only means the municipality is outside the regional special regime; local planning has not been reviewed.,complete,100,100,100,,official,default,true
170470,Castelló d'Empúries,02,Alt Empordà,2025S1,true,3660,12275,29.816701,,,false,"Decreto-ley 3/2023, annex; DOGC 9036, 08/11/2023; effective from 09/11/2023",40,70,municipality,decree_law_3_2023;t2h3-cgys,,2026-08-21T18:25:40Z,0.2.0,,A score of 100 only means the municipality is outside the regional special regime; local planning has not been reviewed.,complete,40,40,100,,official,default,true
170486,"Castell d'Aro, Platja d'Aro i s'Agaró",10,Baix Empordà,2025S1,true,2903,12889,22.523082,,,false,"Decreto-ley 3/2023, annex; DOGC 9036, 08/11/2023; effective from 09/11/2023",40,70,municipality,decree_law_3_2023;t2h3-cgys,,2026-08-21T18:25:40Z,0.2.0,,A score of 100 only means the municipality is outside the regional special regime; local planning has not been reviewed.,complete,40,40,100,,official,default,true
170499,Celrà,20,Gironès,2025S1,false,15,5613,0.267237,,,false,"Decreto-ley 3/2023, annex; DOGC 9036, 08/11/2023; effective from 09/11/2023",100,60,municipality,decree_law_3_2023;t2h3-cgys,,2026-08-21T18:25:40Z,0.2.0,,A score of 100 only means the municipality is outside the regional special regime; local planning has not been reviewed.,complete,100,100,100,,official,default,true
170502,Cervià de Ter,20,Gironès,2025S1,false,2,1030,0.194175,,,false,"Decreto-ley 3/2023, annex; DOGC 9036, 08/11/2023; effective from 09/11/2023",100,60,municipality,decree_law_3_2023;t2h3-cgys,,2026-08-21T18:25:40Z,0.2.0,,A score of 100 only means the municipality is outside the regional special regime; local planning has not been reviewed.,complete,100,100,100,,official,default,true
170519,Cistella,02,Alt Empordà,2025S1,false,15,285,5.263158,,,false,"Decreto-ley 3/2023, annex; DOGC 9036, 08/11/2023; effective from 09/11/2023",100,60,municipality,decree_law_3_2023;t2h3-cgys,,2026-08-21T18:25:40Z,0.2.0,,A score of 100 only means the municipality is outside the regional special regime; local planning has not been reviewed.,complete,100,100,100,,official,default,true
170524,Siurana,02,Alt Empordà,2025S1,true,7,188,3.723404,,,false,"Decreto-ley 3/2023, annex; DOGC 9036, 08/11/2023; effective from 09/11/2023",40,70,municipality,decree_law_3_2023;t2h3-cgys,,2026-08-21T18:25:40Z,0.2.0,,A score of 100 only means the municipality is outside the regional special regime; local planning has not been reviewed.,complete,40,40,100,,official,default,true
170545,Colera,02,Alt Empordà,2025S1,true,128,489,26.175869,,,false,"Decreto-ley 3/2023, annex; DOGC 9036, 08/11/2023; effective from 09/11/2023",40,70,municipality,decree_law_3_2023;t2h3-cgys,,2026-08-21T18:25:40Z,0.2.0,,A score of 100 only means the municipality is outside the regional special regime; local planning has not been reviewed.,complete,40,40,100,,official,default,true
170558,Colomers,10,Baix Empordà,2025S1,false,8,206,3.883495,,,false,"Decreto-ley 3/2023, annex; DOGC 9036, 08/11/2023; effective from 09/11/2023",100,60,municipality,decree_law_3_2023;t2h3-cgys,,2026-08-21T18:25:40Z,0.2.0,,A score of 100 only means the municipality is outside the regional special regime; local planning has not been reviewed.,complete,100,100,100,,official,default,true
170561,Cornellà del Terri,28,Pla de l'Estany,2025S1,false,26,2413,1.077497,,,false,"Decreto-ley 3/2023, annex; DOGC 9036, 08/11/2023; effective from 09/11/2023",100,60,municipality,decree_law_3_2023;t2h3-cgys,,2026-08-21T18:25:40Z,0.2.0,,A score of 100 only means the municipality is outside the regional special regime; local planning has not been reviewed.,complete,100,100,100,,official,default,true
170577,Corçà,10,Baix Empordà,2025S1,false,44,1285,3.424125,,,false,"Decreto-ley 3/2023, annex; DOGC 9036, 08/11/2023; effective from 09/11/2023",100,60,municipality,decree_law_3_2023;t2h3-cgys,,2026-08-21T18:25:40Z,0.2.0,,A score of 100 only means the municipality is outside the regional special regime; local planning has not been reviewed.,complete,100,100,100,,official,default,true
170583,Crespià,28,Pla de l'Estany,2025S1,false,7,253,2.766798,,,false,"Decreto-ley 3/2023, annex; DOGC 9036, 08/11/2023; effective from 09/11/2023",100,60,municipality,decree_law_3_2023;t2h3-cgys,,2026-08-21T18:25:40Z,0.2.0,,A score of 100 only means the municipality is outside the regional special regime; local planning has not been reviewed.,complete,100,100,100,,official,default,true
170600,Darnius,02,Alt Empordà,2025S1,false,15,561,2.673797,,,false,"Decreto-ley 3/2023, annex; DOGC 9036, 08/11/2023; effective from 09/11/2023",100,60,municipality,decree_law_3_2023;t2h3-cgys,,2026-08-21T18:25:40Z,0.2.0,,A score of 100 only means the municipality is outside the regional special regime; local planning has not been reviewed.,complete,100,100,100,,official,default,true
170617,Das,15,Cerdanya,2025S1,true,17,261,6.51341,,,false,"Decreto-ley 3/2023, annex; DOGC 9036, 08/11/2023; effective from 09/11/2023",40,70,municipality,decree_law_3_2023;t2h3-cgys,,2026-08-21T18:25:40Z,0.2.0,,A score of 100 only means the municipality is outside the regional special regime; local planning has not been reviewed.,complete,40,40,100,,official,default,true
170622,l'Escala,02,Alt Empordà,2025S1,true,3158,10641,29.677662,,,false,"Decreto-ley 3/2023, annex; DOGC 9036, 08/11/2023; effective from 09/11/2023",40,70,municipality,decree_law_3_2023;t2h3-cgys,,2026-08-21T18:25:40Z,0.2.0,,A score of 100 only means the municipality is outside the regional special regime; local planning has not been reviewed.,complete,40,40,100,,official,default,true
170638,Espinelves,24,Osona,2025S1,false,11,262,4.198473,,,false,"Decreto-ley 3/2023, annex; DOGC 9036, 08/11/2023; effective from 09/11/2023",100,60,municipality,decree_law_3_2023;t2h3-cgys,,2026-08-21T18:25:40Z,0.2.0,,A score of 100 only means the municipality is outside the regional special regime; local planning has not been reviewed.,complete,100,100,100,,official,default,true
170643,Espolla,02,Alt Empordà,2025S1,false,7,399,1.754386,,,false,"Decreto-ley 3/2023, annex; DOGC 9036, 08/11/2023; effective from 09/11/2023",100,60,municipality,decree_law_3_2023;t2h3-cgys,,2026-08-21T18:25:40Z,0.2.0,,A score of 100 only means the municipality is outside the regional special regime; local planning has not been reviewed.,complete,100,100,100,,official,default,true
170656,Esponellà,28,Pla de l'Estany,2025S1,false,12,444,2.702703,,,false,"Decreto-ley 3/2023, annex; DOGC 9036, 08/11/2023; effective from 09/11/2023",100,60,municipality,decree_law_3_2023;t2h3-cgys,,2026-08-21T18:25:40Z,0.2.0,,A score of 100 only means the municipality is outside the regional special regime; local planning has not been reviewed.,complete,100,100,100,,official,default,true
170669,Figueres,02,Alt Empordà,2025S1,true,322,49556,0.64977,,,false,"Decreto-ley 3/2023, annex; DOGC 9036, 08/11/2023; effective from 09/11/2023",40,70,municipality,decree_law_3_2023;t2h3-cgys,,2026-08-21T18:25:40Z,0.2.0,,A score of 100 only means the municipality is outside the regional special regime; local planning has not been reviewed.,complete,40,40,100,,official,default,true
170675,Flaçà,20,Gironès,2025S1,false,3,1174,0.255537,,,false,"Decreto-ley 3/2023, annex; DOGC 9036, 08/11/2023; effective from 09/11/2023",100,60,municipality,decree_law_3_2023;t2h3-cgys,,2026-08-21T18:25:40Z,0.2.0,,A score of 100 only means the municipality is outside the regional special regime; local planning has not been reviewed.,complete,100,100,100,,official,default,true
170681,Foixà,10,Baix Empordà,2025S1,true,24,298,8.053691,,,false,"Decreto-ley 3/2023, annex; DOGC 9036, 08/11/2023; effective from 09/11/2023",40,70,municipality,decree_law_3_2023;t2h3-cgys,,2026-08-21T18:25:40Z,0.2.0,,A score of 100 only means the municipality is outside the regional special regime; local planning has not been reviewed.,complete,40,40,100,,official,default,true
170694,Fontanals de Cerdanya,15,Cerdanya,2025S1,true,64,516,12.403101,,,false,"Decreto-ley 3/2023, annex; DOGC 9036, 08/11/2023; effective from 09/11/2023",40,70,municipality,decree_law_3_2023;t2h3-cgys,,2026-08-21T18:25:40Z,0.2.0,,A score of 100 only means the municipality is outside the regional special regime; local planning has not been reviewed.,complete,40,40,100,,official,default,true
170708,Fontanilles,10,Baix Empordà,2025S1,false,10,170,5.882353,,,false,"Decreto-ley 3/2023, annex; DOGC 9036, 08/11/2023; effective from 09/11/2023",100,60,municipality,decree_law_3_2023;t2h3-cgys,,2026-08-21T18:25:40Z,0.2.0,,A score of 100 only means the municipality is outside the regional special regime; local planning has not been reviewed.,complete,100,100,100,,official,default,true
170715,Fontcoberta,28,Pla de l'Estany,2025S1,false,14,1482,0.944669,,,false,"Decreto-ley 3/2023, annex; DOGC 9036, 08/11/2023; effective from 09/11/2023",100,60,municipality,decree_law_3_2023;t2h3-cgys,,2026-08-21T18:25:40Z,0.2.0,,A score of 100 only means the municipality is outside the regional special regime; local planning has not been reviewed.,complete,100,100,100,,official,default,true
170736,Fornells de la Selva,20,Gironès,2025S1,false,12,2813,0.426591,,,false,"Decreto-ley 3/2023, annex; DOGC 9036, 08/11/2023; effective from 09/11/2023",100,60,municipality,decree_law_3_2023;t2h3-cgys,,2026-08-21T18:25:40Z,0.2.0,,A score of 100 only means the municipality is outside the regional special regime; local planning has not been reviewed.,complete,100,100,100,,official,default,true
170741,Fortià,02,Alt Empordà,2025S1,false,6,789,0.760456,,,false,"Decreto-ley 3/2023, annex; DOGC 9036, 08/11/2023; effective from 09/11/2023",100,60,municipality,decree_law_3_2023;t2h3-cgys,,2026-08-21T18:25:40Z,0.2.0,,A score of 100 only means the municipality is outside the regional special regime; local planning has not been reviewed.,complete,100,100,100,,official,default,true
170754,Garrigàs,02,Alt Empordà,2025S1,false,17,479,3.549061,,,false,"Decreto-ley 3/2023, annex; DOGC 9036, 08/11/2023; effective from 09/11/2023",100,60,municipality,decree_law_3_2023;t2h3-cgys,,2026-08-21T18:25:40Z,0.2.0,,A score of 100 only means the municipality is outside the regional special regime; local planning has not been reviewed.,complete,100,100,100,,official,default,true
170767,Garrigoles,10,Baix Empordà,2025S1,true,8,183,4.371585,,,false,"Decreto-ley 3/2023, annex; DOGC 9036, 08/11/2023; effective from 09/11/2023",40,70,municipality,decree_law_3_2023;t2h3-cgys,,2026-08-21T18:25:40Z,0.2.0,,A score of 100 only means the municipality is outside the regional special regime; local planning has not been reviewed.,complete,40,40,100,,official,default,true
170773,Garriguella,02,Alt Empordà,2025S1,false,34,989,3.437816,,,false,"Decreto-ley 3/2023, annex; DOGC 9036, 08/11/2023; effective from 09/11/2023",100,60,municipality,decree_law_3_2023;t2h3-cgys,,2026-08-21T18:25:40Z,0.2.0,,A score of 100 only means the municipality is outside the regional special regime; local planning has not been reviewed.,complete,100,100,100,,official,default,true
170789,Ger,15,Cerdanya,2025S1,true,54,501,10.778443,,,false,"Decreto-ley 3/2023, annex; DOGC 9036, 08/11/2023; effective from 09/11/2023",40,70,municipality,decree_law_3_2023;t2h3-cgys,,2026-08-21T18:25:40Z,0.2.0,,A score of 100 only means the municipality is outside the regional special regime; local planning has not been reviewed.,complete,40,40,100,,official,default,true
170792,Girona,20,Gironès,2025S1,true,753,108352,0.694957,,,false,"Decreto-ley 3/2023, annex; DOGC 9036, 08/11/2023; effective from 09/11/2023",40,70,municipality,decree_law_3_2023;t2h3-cgys,,2026-08-21T18:25:40Z,0.2.0,,A score of 100 only means the municipality is outside the regional special regime; local planning has not been reviewed.,complete,40,40,100,,official,default,true
170806,Gombrèn,31,Ripollès,2025S1,false,8,206,3.883495,,,false,"Decreto-ley 3/2023, annex; DOGC 9036, 08/11/2023; effective from 09/11/2023",100,60,municipality,decree_law_3_2023;t2h3-cgys,,2026-08-21T18:25:40Z,0.2.0,,A score of 100 only means the municipality is outside the regional special regime; local planning has not been reviewed.,complete,100,100,100,,official,default,true
170813,Gualta,10,Baix Empordà,2025S1,true,32,437,7.322654,,,false,"Decreto-ley 3/2023, annex; DOGC 9036, 08/11/2023; effective from 09/11/2023",40,70,municipality,decree_law_3_2023;t2h3-cgys,,2026-08-21T18:25:40Z,0.2.0,,A score of 100 only means the municipality is outside the regional special regime; local planning has not been reviewed.,complete,40,40,100,,official,default,true
170828,Guils de Cerdanya,15,Cerdanya,2025S1,true,44,559,7.871199,,,false,"Decreto-ley 3/2023, annex; DOGC 9036, 08/11/2023; effective from 09/11/2023",40,70,municipality,decree_law_3_2023;t2h3-cgys,,2026-08-21T18:25:40Z,0.2.0,,A score of 100 only means the municipality is outside the regional special regime; local planning has not been reviewed.,complete,40,40,100,,official,default,true
170834,Hostalric,34,Selva,2025S1,false,13,4464,0.291219,,,false,"Decreto-ley 3/2023, annex; DOGC 9036, 08/11/2023; effective from 09/11/2023",100,60,municipality,decree_law_3_2023;t2h3-cgys,,2026-08-21T18:25:40Z,0.2.0,,A score of 100 only means the municipality is outside the regional special regime; local planning has not been reviewed.,complete,100,100,100,,official,default,true
170849,Isòvol,15,Cerdanya,2025S1,true,42,314,13.375796,,,false,"Decreto-ley 3/2023, annex; DOGC 9036, 08/11/2023; effective from 09/11/2023",40,70,municipality,decree_law_3_2023;t2h3-cgys,,2026-08-21T18:25:40Z,0.2.0,,A score of 100 only means the municipality is outside the regional special regime; local planning has not been reviewed.,complete,40,40,100,,official,default,true
170852,Jafre,10,Baix Empordà,2025S1,false,9,384,2.34375,,,false,"Decreto-ley 3/2023, annex; DOGC 9036, 08/11/2023; effective from 09/11/2023",100,60,municipality,decree_law_3_2023;t2h3-cgys,,2026-08-21T18:25:40Z,0.2.0,,A score of 100 only means the municipality is outside the regional special regime; local planning has not been reviewed.,complete,100,100,100,,official,default,true
170865,la Jonquera,02,Alt Empordà,2025S1,false,7,3410,0.205279,,,false,"Decreto-ley 3/2023, annex; DOGC 9036, 08/11/2023; effective from 09/11/2023",100,60,municipality,decree_law_3_2023;t2h3-cgys,,2026-08-21T18:25:40Z,0.2.0,,A score of 100 only means the municipality is outside the regional special regime; local planning has not been reviewed.,complete,100,100,100,,official,default,true
170871,Juià,20,Gironès,2025S1,false,7,320,2.1875,,,false,"Decreto-ley 3/2023, annex; DOGC 9036, 08/11/2023; effective from 09/11/2023",100,60,municipality,decree_law_3_2023;t2h3-cgys,,2026-08-21T18:25:40Z,0.2.0,,A score of 100 only means the municipality is outside the regional special regime; local planning has not been reviewed.,complete,100,100,100,,official,default,true
170887,Lladó,02,Alt Empordà,2025S1,false,19,823,2.308627,,,false,"Decreto-ley 3/2023, annex; DOGC 9036, 08/11/2023; effective from 09/11/2023",100,60,municipality,decree_law_3_2023;t2h3-cgys,,2026-08-21T18:25:40Z,0.2.0,,A score of 100 only means the municipality is outside the regional special regime; local planning has not been reviewed.,complete,100,100,100,,official,default,true
170890,Llagostera,20,Gironès,2025S1,false,47,9579,0.490657,,,false,"Decreto-ley 3/2023, annex; DOGC 9036, 08/11/2023; effective from 09/11/2023",100,60,municipality,decree_law_3_2023;t2h3-cgys,,2026-08-21T18:25:40Z,0.2.0,,A score of 100 only means the municipality is outside the regional special regime; local planning has not been reviewed.,complete,100,100,100,,official,default,true
170904,Llambilles,20,Gironès,2025S1,false,9,732,1.229508,,,false,"Decreto-ley 3/2023, annex; DOGC 9036, 08/11/2023; effective from 09/11/2023",100,60,municipality,decree_law_3_2023;t2h3-cgys,,2026-08-21T18:25:40Z,0.2.0,,A score of 100 only means the municipality is outside the regional special regime; local planning has not been reviewed.,complete,100,100,100,,official,default,true
170911,Llanars,31,Ripollès,2025S1,false,27,517,5.222437,,,false,"Decreto-ley 3/2023, annex; DOGC 9036, 08/11/2023; effective from 09/11/2023",100,60,municipality,decree_law_3_2023;t2h3-cgys,,2026-08-21T18:25:40Z,0.2.0,,A score of 100 only means the municipality is outside the regional special regime; local planning has not been reviewed.,complete,100,100,100,,official,default,true
170926,Llançà,02,Alt Empordà,2025S1,true,1684,5033,33.459169,,,false,"Decreto-ley 3/2023, annex; DOGC 9036, 08/11/2023; effective from 09/11/2023",40,70,municipality,decree_law_3_2023;t2h3-cgys,,2026-08-21T18:25:40Z,0.2.0,,A score of 100 only means the municipality is outside the regional special regime; local planning has not been reviewed.,complete,40,40,100,,official,default,true
170932,Llers,02,Alt Empordà,2025S1,false,9,1268,0.709779,,,false,"Decreto-ley 3/2023, annex; DOGC 9036, 08/11/2023; effective from 09/11/2023",100,60,municipality,decree_law_3_2023;t2h3-cgys,,2026-08-21T18:25:40Z,0.2.0,,A score of 100 only means the municipality is outside the regional special regime; local planning has not been reviewed.,complete,100,100,100,,official,default,true
170947,Llívia,15,Cerdanya,2025S1,true,104,1572,6.615776,,,false,"Decreto-ley 3/2023, annex; DOGC 9036, 08/11/2023; effective from 09/11/2023",40,70,municipality,decree_law_3_2023;t2h3-cgys,,2026-08-21T18:25:40Z,0.2.0,,A score of 100 only means the municipality is outside the regional special regime; local planning has not been reviewed.,complete,40,40,100,,official,default,true
170950,Lloret de Mar,34,Selva,2025S1,true,3116,41944,7.428953,,,false,"Decreto-ley 3/2023, annex; DOGC 9036, 08/11/2023; effective from 09/11/2023",40,70,municipality,decree_law_3_2023;t2h3-cgys,,2026-08-21T18:25:40Z,0.2.0,,A score of 100 only means the municipality is outside the regional special regime; local planning has not been reviewed.,complete,40,40,100,,official,default,true
170963,les Llosses,31,Ripollès,2025S1,false,8,197,4.060914,,,false,"Decreto-ley 3/2023, annex; DOGC 9036, 08/11/2023; effective from 09/11/2023",100,60,municipality,decree_law_3_2023;t2h3-cgys,,2026-08-21T18:25:40Z,0.2.0,,A score of 100 only means the municipality is outside the regional special regime; local planning has not been reviewed.,complete,100,100,100,,official,default,true
170979,Madremanya,20,Gironès,2025S1,true,21,277,7.581227,,,false,"Decreto-ley 3/2023, annex; DOGC 9036, 08/11/2023; effective from 09/11/2023",40,70,municipality,decree_law_3_2023;t2h3-cgys,,2026-08-21T18:25:40Z,0.2.0,,A score of 100 only means the municipality is outside the regional special regime; local planning has not been reviewed.,complete,40,40,100,,official,default,true
170985,Maià de Montcal,19,Garrotxa,2025S1,false,13,498,2.610442,,,false,"Decreto-ley 3/2023, annex; DOGC 9036, 08/11/2023; effective from 09/11/2023",100,60,municipality,decree_law_3_2023;t2h3-cgys,,2026-08-21T18:25:40Z,0.2.0,,A score of 100 only means the municipality is outside the regional special regime; local planning has not been reviewed.,complete,100,100,100,,official,default,true
170998,Meranges,15,Cerdanya,2025S1,false,1,111,0.900901,,,false,"Decreto-ley 3/2023, annex; DOGC 9036, 08/11/2023; effective from 09/11/2023",100,60,municipality,decree_law_3_2023;t2h3-cgys,,2026-08-21T18:25:40Z,0.2.0,,A score of 100 only means the municipality is outside the regional special regime; local planning has not been reviewed.,complete,100,100,100,,official,default,true
171002,Masarac i Vilarnadal,02,Alt Empordà,2025S1,false,6,291,2.061856,,,false,"Decreto-ley 3/2023, annex; DOGC 9036, 08/11/2023; effective from 09/11/2023",100,60,municipality,decree_law_3_2023;t2h3-cgys,,2026-08-21T18:25:40Z,0.2.0,,A score of 100 only means the municipality is outside the regional special regime; local planning has not been reviewed.,complete,100,100,100,,official,default,true
171019,Massanes,34,Selva,2025S1,false,5,881,0.567537,,,false,"Decreto-ley 3/2023, annex; DOGC 9036, 08/11/2023; effective from 09/11/2023",100,60,municipality,decree_law_3_2023;t2h3-cgys,,2026-08-21T18:25:40Z,0.2.0,,A score of 100 only means the municipality is outside the regional special regime; local planning has not been reviewed.,complete,100,100,100,,official,default,true
171024,Maçanet de Cabrenys,02,Alt Empordà,2025S1,false,29,768,3.776042,,,false,"Decreto-ley 3/2023, annex; DOGC 9036, 08/11/2023; effective from 09/11/2023",100,60,municipality,decree_law_3_2023;t2h3-cgys,,2026-08-21T18:25:40Z,0.2.0,,A score of 100 only means the municipality is outside the regional special regime; local planning has not been reviewed.,complete,100,100,100,,official,default,true
171030,Maçanet de la Selva,34,Selva,2025S1,false,137,8065,1.698698,,,false,"Decreto-ley 3/2023, annex; DOGC 9036, 08/11/2023; effective from 09/11/2023",100,60,municipality,decree_law_3_2023;t2h3-cgys,,2026-08-21T18:25:40Z,0.2.0,,A score of 100 only means the municipality is outside the regional special regime; local planning has not been reviewed.,complete,100,100,100,,official,default,true
171058,Mieres,19,Garrotxa,2025S1,false,8,368,2.173913,,,false,"Decreto-ley 3/2023, annex; DOGC 9036, 08/11/2023; effective from 09/11/2023",100,60,municipality,decree_law_3_2023;t2h3-cgys,,2026-08-21T18:25:40Z,0.2.0,,A score of 100 only means the municipality is outside the regional special regime; local planning has not been reviewed.,complete,100,100,100,,official,default,true
171061,Mollet de Peralada,02,Alt Empordà,2025S1,false,3,202,1.485149,,,false,"Decreto-ley 3/2023, annex; DOGC 9036, 08/11/2023; effective from 09/11/2023",100,60,municipality,decree_law_3_2023;t2h3-cgys,,2026-08-21T18:25:40Z,0.2.0,,A score of 100 only means the municipality is outside the regional special regime; local planning has not been reviewed.,complete,100,100,100,,official,default,true
171077,Molló,31,Ripollès,2025S1,true,31,350,8.857143,,,false,"Decreto-ley 3/2023, annex; DOGC 9036, 08/11/2023; effective from 09/11/2023",40,70,municipality,decree_law_3_2023;t2h3-cgys,,2026-08-21T18:25:40Z,0.2.0,,A score of 100 only means the municipality is outside the regional special regime; local planning has not been reviewed.,complete,40,40,100,,official,default,true
171096,Montagut i Oix,19,Garrotxa,2025S1,false,22,1014,2.169625,,,false,"Decreto-ley 3/2023, annex; DOGC 9036, 08/11/2023; effective from 09/11/2023",100,60,municipality,decree_law_3_2023;t2h3-cgys,,2026-08-21T18:25:40Z,0.2.0,,A score of 100 only means the municipality is outside the regional special regime; local planning has not been reviewed.,complete,100,100,100,,official,default,true
171100,Mont-ras,10,Baix Empordà,2025S1,false,78,1690,4.615385,,,false,"Decreto-ley 3/2023, annex; DOGC 9036, 08/11/2023; effective from 09/11/2023",100,60,municipality,decree_law_3_2023;t2h3-cgys,,2026-08-21T18:25:40Z,0.2.0,,A score of 100 only means the municipality is outside the regional special regime; local planning has not been reviewed.,complete,100,100,100,,official,default,true
171117,Navata,02,Alt Empordà,2025S1,false,92,1504,6.117021,,,false,"Decreto-ley 3/2023, annex; DOGC 9036, 08/11/2023; effective from 09/11/2023",100,60,municipality,decree_law_3_2023;t2h3-cgys,,2026-08-21T18:25:40Z,0.2.0,,A score of 100 only means the municipality is outside the regional special regime; local planning has not been reviewed.,complete,100,100,100,,official,default,true
171122,Ogassa,31,Ripollès,2025S1,false,6,222,2.702703,,,false,"Decreto-ley 3/2023, annex; DOGC 9036, 08/11/2023; effective from 09/11/2023",100,60,municipality,decree_law_3_2023;t2h3-cgys,,2026-08-21T18:25:40Z,0.2.0,,A score of 100 only means the municipality is outside the regional special regime; local planning has not been reviewed.,complete,100,100,100,,official,default,true
171143,Olot,19,Garrotxa,2025S1,true,102,39516,0.258123,,,false,"Decreto-ley 3/2023, annex; DOGC 9036, 08/11/2023; effective from 09/11/2023",40,70,municipality,decree_law_3_2023;t2h3-cgys,,2026-08-21T18:25:40Z,0.2.0,,A score of 100 only means the municipality is outside the regional special regime; local planning has not been reviewed.,complete,40,40,100,,official,default,true
171156,Ordis,02,Alt Empordà,2025S1,false,9,411,2.189781,,,false,"Decreto-ley 3/2023, annex; DOGC 9036, 08/11/2023; effective from 09/11/2023",100,60,municipality,decree_law_3_2023;t2h3-cgys,,2026-08-21T18:25:40Z,0.2.0,,A score of 100 only means the municipality is outside the regional special regime; local planning has not been reviewed.,complete,100,100,100,,official,default,true
171169,Osor,34,Selva,2025S1,false,18,429,4.195804,,,false,"Decreto-ley 3/2023, annex; DOGC 9036, 08/11/2023; effective from 09/11/2023",100,60,municipality,decree_law_3_2023;t2h3-cgys,,2026-08-21T18:25:40Z,0.2.0,,A score of 100 only means the municipality is outside the regional special regime; local planning has not been reviewed.,complete,100,100,100,,official,default,true
171175,Palafrugell,10,Baix Empordà,2025S1,true,2770,24556,11.280339,,,false,"Decreto-ley 3/2023, annex; DOGC 9036, 08/11/2023; effective from 09/11/2023",40,70,municipality,decree_law_3_2023;t2h3-cgys,,2026-08-21T18:25:40Z,0.2.0,,A score of 100 only means the municipality is outside the regional special regime; local planning has not been reviewed.,complete,40,40,100,,official,default,true
171181,Palamós,10,Baix Empordà,2025S1,true,1626,18921,8.593626,,,false,"Decreto-ley 3/2023, annex; DOGC 9036, 08/11/2023; effective from 09/11/2023",40,70,municipality,decree_law_3_2023;t2h3-cgys,,2026-08-21T18:25:40Z,0.2.0,,A score of 100 only means the municipality is outside the regional special regime; local planning has not been reviewed.,complete,40,40,100,,official,default,true
171194,Palau de Santa Eulàlia,02,Alt Empordà,2025S1,false,6,124,4.83871,,,false,"Decreto-ley 3/2023, annex; DOGC 9036, 08/11/2023; effective from 09/11/2023",100,60,municipality,decree_law_3_2023;t2h3-cgys,,2026-08-21T18:25:40Z,0.2.0,,A score of 100 only means the municipality is outside the regional special regime; local planning has not been reviewed.,complete,100,100,100,,official,default,true
171208,Palau-saverdera,02,Alt Empordà,2025S1,true,98,1524,6.430446,,,false,"Decreto-ley 3/2023, annex; DOGC 9036, 08/11/2023; effective from 09/11/2023",40,70,municipality,decree_law_3_2023;t2h3-cgys,,2026-08-21T18:25:40Z,0.2.0,,A score of 100 only means the municipality is outside the regional special regime; local planning has not been reviewed.,complete,40,40,100,,official,default,true
171215,Palau-sator,10,Baix Empordà,2025S1,true,31,320,9.6875,,,false,"Decreto-ley 3/2023, annex; DOGC 9036, 08/11/2023; effective from 09/11/2023",40,70,municipality,decree_law_3_2023;t2h3-cgys,,2026-08-21T18:25:40Z,0.2.0,,A score of 100 only means the municipality is outside the regional special regime; local planning has not been reviewed.,complete,40,40,100,,official,default,true
171236,Palol de Revardit,28,Pla de l'Estany,2025S1,false,5,463,1.079914,,,false,"Decreto-ley 3/2023, annex; DOGC 9036, 08/11/2023; effective from 09/11/2023",100,60,municipality,decree_law_3_2023;t2h3-cgys,,2026-08-21T18:25:40Z,0.2.0,,A score of 100 only means the municipality is outside the regional special regime; local planning has not been reviewed.,complete,100,100,100,,official,default,true
171241,Pals,10,Baix Empordà,2025S1,true,1409,2552,55.211599,,,false,"Decreto-ley 3/2023, annex; DOGC 9036, 08/11/2023; effective from 09/11/2023",40,70,municipality,decree_law_3_2023;t2h3-cgys,,2026-08-21T18:25:40Z,0.2.0,,A score of 100 only means the municipality is outside the regional special regime; local planning has not been reviewed.,complete,40,40,100,,official,default,true
171254,Pardines,31,Ripollès,2025S1,true,10,168,5.952381,,,false,"Decreto-ley 3/2023, annex; DOGC 9036, 08/11/2023; effective from 09/11/2023",40,70,municipality,decree_law_3_2023;t2h3-cgys,,2026-08-21T18:25:40Z,0.2.0,,A score of 100 only means the municipality is outside the regional special regime; local planning has not been reviewed.,complete,40,40,100,,official,default,true
171267,Parlavà,10,Baix Empordà,2025S1,false,21,435,4.827586,,,false,"Decreto-ley 3/2023, annex; DOGC 9036, 08/11/2023; effective from 09/11/2023",100,60,municipality,decree_law_3_2023;t2h3-cgys,,2026-08-21T18:25:40Z,0.2.0,,A score of 100 only means the municipality is outside the regional special regime; local planning has not been reviewed.,complete,100,100,100,,official,default,true
171289,Pau,02,Alt Empordà,2025S1,true,36,558,6.451613,,,false,"Decreto-ley 3/2023, annex; DOGC 9036, 08/11/2023; effective from 09/11/2023",40,70,municipality,decree_law_3_2023;t2h3-cgys,,2026-08-21T18:25:40Z,0.2.0,,A score of 100 only means the municipality is outside the regional special regime; local planning has not been reviewed.,complete,40,40,100,,official,default,true
171292,Pedret i Marzà,02,Alt Empordà,2025S1,false,5,208,2.403846,,,false,"Decreto-ley 3/2023, annex; DOGC 9036, 08/11/2023; effective from 09/11/2023",100,60,municipality,decree_law_3_2023;t2h3-cgys,,2026-08-21T18:25:40Z,0.2.0,,A score of 100 only means the municipality is outside the regional special regime; local planning has not been reviewed.,complete,100,100,100,,official,default,true
171306,la Pera,10,Baix Empordà,2025S1,false,16,449,3.563474,,,false,"Decreto-ley 3/2023, annex; DOGC 9036, 08/11/2023; effective from 09/11/2023",100,60,municipality,decree_law_3_2023;t2h3-cgys,,2026-08-21T18:25:40Z,0.2.0,,A score of 100 only means the municipality is outside the regional special regime; local planning has not been reviewed.,complete,100,100,100,,official,default,true
171328,Peralada,02,Alt Empordà,2025S1,false,60,2087,2.87494,,,false,"Decreto-ley 3/2023, annex; DOGC 9036, 08/11/2023; effective from 09/11/2023",100,60,municipality,decree_law_3_2023;t2h3-cgys,,2026-08-21T18:25:40Z,0.2.0,,A score of 100 only means the municipality is outside the regional special regime; local planning has not been reviewed.,complete,100,100,100,,official,default,true
171334,les Planes d'Hostoles,19,Garrotxa,2025S1,false,35,1747,2.003434,,,false,"Decreto-ley 3/2023, annex; DOGC 9036, 08/11/2023; effective from 09/11/2023",100,60,municipality,decree_law_3_2023;t2h3-cgys,,2026-08-21T18:25:40Z,0.2.0,,A score of 100 only means the municipality is outside the regional special regime; local planning has not been reviewed.,complete,100,100,100,,official,default,true
171349,Planoles,31,Ripollès,2025S1,true,15,313,4.792332,,,false,"Decreto-ley 3/2023, annex; DOGC 9036, 08/11/2023; effective from 09/11/2023",40,70,municipality,decree_law_3_2023;t2h3-cgys,,2026-08-21T18:25:40Z,0.2.0,,A score of 100 only means the municipality is outside the regional special regime; local planning has not been reviewed.,complete,40,40,100,,official,default,true
171352,Pont de Molins,02,Alt Empordà,2025S1,false,7,586,1.194539,,,false,"Decreto-ley 3/2023, annex; DOGC 9036, 08/11/2023; effective from 09/11/2023",100,60,municipality,decree_law_3_2023;t2h3-cgys,,2026-08-21T18:25:40Z,0.2.0,,A score of 100 only means the municipality is outside the regional special regime; local planning has not been reviewed.,complete,100,100,100,,official,default,true
171365,Pontós,02,Alt Empordà,2025S1,false,10,295,3.389831,,,false,"Decreto-ley 3/2023, annex; DOGC 9036, 08/11/2023; effective from 09/11/2023",100,60,municipality,decree_law_3_2023;t2h3-cgys,,2026-08-21T18:25:40Z,0.2.0,,A score of 100 only means the municipality is outside the regional special regime; local planning has not been reviewed.,complete,100,100,100,,official,default,true
171371,Porqueres,28,Pla de l'Estany,2025S1,true,13,4804,0.270608,,,false,"Decreto-ley 3/2023, annex; DOGC 9036, 08/11/2023; effective from 09/11/2023",40,70,municipality,decree_law_3_2023;t2h3-cgys,,2026-08-21T18:25:40Z,0.2.0,,A score of 100 only means the municipality is outside the regional special regime; local planning has not been reviewed.,complete,40,40,100,,official,default,true
171387,Portbou,02,Alt Empordà,2025S1,false,47,1132,4.151943,,,false,"Decreto-ley 3/2023, annex; DOGC 9036, 08/11/2023; effective from 09/11/2023",100,60,municipality,decree_law_3_2023;t2h3-cgys,,2026-08-21T18:25:40Z,0.2.0,,A score of 100 only means the municipality is outside the regional special regime; local planning has not been reviewed.,complete,100,100,100,,official,default,true
171390,les Preses,19,Garrotxa,2025S1,false,14,1946,0.719424,,,false,"Decreto-ley 3/2023, annex; DOGC 9036, 08/11/2023; effective from 09/11/2023",100,60,municipality,decree_law_3_2023;t2h3-cgys,,2026-08-21T18:25:40Z,0.2.0,,A score of 100 only means the municipality is outside the regional special regime; local planning has not been reviewed.,complete,100,100,100,,official,default,true
171404,el Port de la Selva,02,Alt Empordà,2025S1,true,630,1055,59.71564,,,false,"Decreto-ley 3/2023, annex; DOGC 9036, 08/11/2023; effective from 09/11/2023",40,70,municipality,decree_law_3_2023;t2h3-cgys,,2026-08-21T18:25:40Z,0.2.0,,A score of 100 only means the municipality is outside the regional special regime; local planning has not been reviewed.,complete,40,40,100,,official,default,true
171411,Puigcerdà,15,Cerdanya,2025S1,true,290,10053,2.884711,,,false,"Decreto-ley 3/2023, annex; DOGC 9036, 08/11/2023; effective from 09/11/2023",40,70,municipality,decree_law_3_2023;t2h3-cgys,,2026-08-21T18:25:40Z,0.2.0,,A score of 100 only means the municipality is outside the regional special regime; local planning has not been reviewed.,complete,40,40,100,,official,default,true
171426,Quart,20,Gironès,2025S1,false,7,4161,0.168229,,,false,"Decreto-ley 3/2023, annex; DOGC 9036, 08/11/2023; effective from 09/11/2023",100,60,municipality,decree_law_3_2023;t2h3-cgys,,2026-08-21T18:25:40Z,0.2.0,,A score of 100 only means the municipality is outside the regional special regime; local planning has not been reviewed.,complete,100,100,100,,official,default,true
171432,Rabós,02,Alt Empordà,2025S1,true,19,236,8.050847,,,false,"Decreto-ley 3/2023, annex; DOGC 9036, 08/11/2023; effective from 09/11/2023",40,70,municipality,decree_law_3_2023;t2h3-cgys,,2026-08-21T18:25:40Z,0.2.0,,A score of 100 only means the municipality is outside the regional special regime; local planning has not been reviewed.,complete,40,40,100,,official,default,true
171447,Regencós,10,Baix Empordà,2025S1,true,21,274,7.664234,,,false,"Decreto-ley 3/2023, annex; DOGC 9036, 08/11/2023; effective from 09/11/2023",40,70,municipality,decree_law_3_2023;t2h3-cgys,,2026-08-21T18:25:40Z,0.2.0,,A score of 100 only means the municipality is outside the regional special regime; local planning has not been reviewed.,complete,40,40,100,,official,default,true
171450,Ribes de Freser,31,Ripollès,2025S1,false,76,1839,4.132681,,,false,"Decreto-ley 3/2023, annex; DOGC 9036, 08/11/2023; effective from 09/11/2023",100,60,municipality,decree_law_3_2023;t2h3-cgys,,2026-08-21T18:25:40Z,0.2.0,,A score of 100 only means the municipality is outside the regional special regime; local planning has not been reviewed.,complete,100,100,100,,official,default,true
171463,Riells i Viabrea,34,Selva,2025S1,false,16,4627,0.345796,,,false,"Decreto-ley 3/2023, annex; DOGC 9036, 08/11/2023; effective from 09/11/2023",100,60,municipality,decree_law_3_2023;t2h3-cgys,,2026-08-21T18:25:40Z,0.2.0,,A score of 100 only means the municipality is outside the regional special regime; local planning has not been reviewed.,complete,100,100,100,,official,default,true
171479,Ripoll,31,Ripollès,2025S1,true,36,10812,0.332963,,,false,"Decreto-ley 3/2023, annex; DOGC 9036, 08/11/2023; effective from 09/11/2023",40,70,municipality,decree_law_3_2023;t2h3-cgys,,2026-08-21T18:25:40Z,0.2.0,,A score of 100 only means the municipality is outside the regional special regime; local planning has not been reviewed.,complete,40,40,100,,official,default,true
171485,Riudarenes,34,Selva,2025S1,false,23,2524,0.911252,,,false,"Decreto-ley 3/2023, annex; DOGC 9036, 08/11/2023; effective from 09/11/2023",100,60,municipality,decree_law_3_2023;t2h3-cgys,,2026-08-21T18:25:40Z,0.2.0,,A score of 100 only means the municipality is outside the regional special regime; local planning has not been reviewed.,complete,100,100,100,,official,default,true
171498,Riudaura,19,Garrotxa,2025S1,false,7,526,1.330798,,,false,"Decreto-ley 3/2023, annex; DOGC 9036, 08/11/2023; effective from 09/11/2023",100,60,municipality,decree_law_3_2023;t2h3-cgys,,2026-08-21T18:25:40Z,0.2.0,,A score of 100 only means the municipality is outside the regional special regime; local planning has not been reviewed.,complete,100,100,100,,official,default,true
171501,Riudellots de la Selva,34,Selva,2025S1,false,3,2121,0.141443,,,false,"Decreto-ley 3/2023, annex; DOGC 9036, 08/11/2023; effective from 09/11/2023",100,60,municipality,decree_law_3_2023;t2h3-cgys,,2026-08-21T18:25:40Z,0.2.0,,A score of 100 only means the municipality is outside the regional special regime; local planning has not been reviewed.,complete,100,100,100,,official,default,true
171518,Riumors,02,Alt Empordà,2025S1,false,11,258,4.263566,,,false,"Decreto-ley 3/2023, annex; DOGC 9036, 08/11/2023; effective from 09/11/2023",100,60,municipality,decree_law_3_2023;t2h3-cgys,,2026-08-21T18:25:40Z,0.2.0,,A score of 100 only means the municipality is outside the regional special regime; local planning has not been reviewed.,complete,100,100,100,,official,default,true
171523,Roses,02,Alt Empordà,2025S1,true,5340,20175,26.468401,,,false,"Decreto-ley 3/2023, annex; DOGC 9036, 08/11/2023; effective from 09/11/2023",40,70,municipality,decree_law_3_2023;t2h3-cgys,,2026-08-21T18:25:40Z,0.2.0,,A score of 100 only means the municipality is outside the regional special regime; local planning has not been reviewed.,complete,40,40,100,,official,default,true
171539,Rupià,10,Baix Empordà,2025S1,true,25,323,7.739938,,,false,"Decreto-ley 3/2023, annex; DOGC 9036, 08/11/2023; effective from 09/11/2023",40,70,municipality,decree_law_3_2023;t2h3-cgys,,2026-08-21T18:25:40Z,0.2.0,,A score of 100 only means the municipality is outside the regional special regime; local planning has not been reviewed.,complete,40,40,100,,official,default,true
171544,Sales de Llierca,19,Garrotxa,2025S1,false,8,164,4.878049,,,false,"Decreto-ley 3/2023, annex; DOGC 9036, 08/11/2023; effective from 09/11/2023",100,60,municipality,decree_law_3_2023;t2h3-cgys,,2026-08-21T18:25:40Z,0.2.0,,A score of 100 only means the municipality is outside the regional special regime; local planning has not been reviewed.,complete,100,100,100,,official,default,true
171557,Salt,20,Gironès,2025S1,true,5,34603,0.01445,,,false,"Decreto-ley 3/2023, annex; DOGC 9036, 08/11/2023; effective from 09/11/2023",40,70,municipality,decree_law_3_2023;t2h3-cgys,,2026-08-21T18:25:40Z,0.2.0,,A score of 100 only means the municipality is outside the regional special regime; local planning has not been reviewed.,complete,40,40,100,,official,default,true
171576,Sant Andreu Salou,20,Gironès,2025S1,false,3,163,1.840491,,,false,"Decreto-ley 3/2023, annex; DOGC 9036, 08/11/2023; effective from 09/11/2023",100,60,municipality,decree_law_3_2023;t2h3-cgys,,2026-08-21T18:25:40Z,0.2.0,,A score of 100 only means the municipality is outside the regional special regime; local planning has not been reviewed.,complete,100,100,100,,official,default,true
171582,Sant Climent Sescebes,02,Alt Empordà,2025S1,false,11,691,1.591896,,,false,"Decreto-ley 3/2023, annex; DOGC 9036, 08/11/2023; effective from 09/11/2023",100,60,municipality,decree_law_3_2023;t2h3-cgys,,2026-08-21T18:25:40Z,0.2.0,,A score of 100 only means the municipality is outside the regional special regime; local planning has not been reviewed.,complete,100,100,100,,official,default,true
171595,Sant Feliu de Buixalleu,34,Selva,2025S1,false,14,883,1.585504,,,false,"Decreto-ley 3/2023, annex; DOGC 9036, 08/11/2023; effective from 09/11/2023",100,60,municipality,decree_law_3_2023;t2h3-cgys,,2026-08-21T18:25:40Z,0.2.0,,A score of 100 only means the municipality is outside the regional special regime; local planning has not been reviewed.,complete,100,100,100,,official,default,true
171609,Sant Feliu de Guíxols,10,Baix Empordà,2025S1,true,1053,23060,4.566349,,,false,"Decreto-ley 3/2023, annex; DOGC 9036, 08/11/2023; effective from 09/11/2023",40,70,municipality,decree_law_3_2023;t2h3-cgys,,2026-08-21T18:25:40Z,0.2.0,,A score of 100 only means the municipality is outside the regional special regime; local planning has not been reviewed.,complete,40,40,100,,official,default,true
171616,Sant Feliu de Pallerols,19,Garrotxa,2025S1,false,20,1658,1.206273,,,false,"Decreto-ley 3/2023, annex; DOGC 9036, 08/11/2023; effective from 09/11/2023",100,60,municipality,decree_law_3_2023;t2h3-cgys,,2026-08-21T18:25:40Z,0.2.0,,A score of 100 only means the municipality is outside the regional special regime; local planning has not been reviewed.,complete,100,100,100,,official,default,true
171621,Sant Ferriol,19,Garrotxa,2025S1,false,10,248,4.032258,,,false,"Decreto-ley 3/2023, annex; DOGC 9036, 08/11/2023; effective from 09/11/2023",100,60,municipality,decree_law_3_2023;t2h3-cgys,,2026-08-21T18:25:40Z,0.2.0,,A score of 100 only means the municipality is outside the regional special regime; local planning has not been reviewed.,complete,100,100,100,,official,default,true
171637,Sant Gregori,20,Gironès,2025S1,false,18,4187,0.429902,,,false,"Decreto-ley 3/2023, annex; DOGC 9036, 08/11/2023; effective from 09/11/2023",100,60,municipality,decree_law_3_2023;t2h3-cgys,,2026-08-21T18:25:40Z,0.2.0,,A score of 100 only means the municipality is outside the regional special regime; local planning has not been reviewed.,complete,100,100,100,,official,default,true
171642,Sant Hilari Sacalm,34,Selva,2025S1,false,52,6071,0.856531,,,false,"Decreto-ley 3/2023, annex; DOGC 9036, 08/11/2023; effective from 09/11/2023",100,60,municipality,decree_law_3_2023;t2h3-cgys,,2026-08-21T18:25:40Z,0.2.0,,A score of 100 only means the municipality is outside the regional special regime; local planning has not been reviewed.,complete,100,100,100,,official,default,true
171655,Sant Jaume de Llierca,19,Garrotxa,2025S1,false,12,861,1.393728,,,false,"Decreto-ley 3/2023, annex; DOGC 9036, 08/11/2023; effective from 09/11/2023",100,60,municipality,decree_law_3_2023;t2h3-cgys,,2026-08-21T18:25:40Z,0.2.0,,A score of 100 only means the municipality is outside the regional special regime; local planning has not been reviewed.,complete,100,100,100,,official,default,true
171668,Sant Jordi Desvalls,20,Gironès,2025S1,false,17,881,1.929625,,,false,"Decreto-ley 3/2023, annex; DOGC 9036, 08/11/2023; effective from 09/11/2023",100,60,municipality,decree_law_3_2023;t2h3-cgys,,2026-08-21T18:25:40Z,0.2.0,,A score of 100 only means the municipality is outside the regional special regime; local planning has not been reviewed.,complete,100,100,100,,official,default,true
171674,Sant Joan de les Abadesses,31,Ripollès,2025S1,false,79,3393,2.328323,,,false,"Decreto-ley 3/2023, annex; DOGC 9036, 08/11/2023; effective from 09/11/2023",100,60,municipality,decree_law_3_2023;t2h3-cgys,,2026-08-21T18:25:40Z,0.2.0,,A score of 100 only means the municipality is outside the regional special regime; local planning has not been reviewed.,complete,100,100,100,,official,default,true
171680,Sant Joan de Mollet,20,Gironès,2025S1,false,1,536,0.186567,,,false,"Decreto-ley 3/2023, annex; DOGC 9036, 08/11/2023; effective from 09/11/2023",100,60,municipality,decree_law_3_2023;t2h3-cgys,,2026-08-21T18:25:40Z,0.2.0,,A score of 100 only means the municipality is outside the regional special regime; local planning has not been reviewed.,complete,100,100,100,,official,default,true
171693,Sant Julià de Ramis,20,Gironès,2025S1,false,15,3702,0.405186,,,false,"Decreto-ley 3/2023, annex; DOGC 9036, 08/11/2023; effective from 09/11/2023",100,60,municipality,decree_law_3_2023;t2h3-cgys,,2026-08-21T18:25:40Z,0.2.0,,A score of 100 only means the municipality is outside the regional special regime; local planning has not been reviewed.,complete,100,100,100,,official,default,true
171707,Vallfogona de Ripollès,31,Ripollès,2025S1,false,2,223,0.896861,,,false,"Decreto-ley 3/2023, annex; DOGC 9036, 08/11/2023; effective from 09/11/2023",100,60,municipality,decree_law_3_2023;t2h3-cgys,,2026-08-21T18:25:40Z,0.2.0,,A score of 100 only means the municipality is outside the regional special regime; local planning has not been reviewed.,complete,100,100,100,,official,default,true
171714,Sant Llorenç de la Muga,02,Alt Empordà,2025S1,false,12,247,4.8583,,,false,"Decreto-ley 3/2023, annex; DOGC 9036, 08/11/2023; effective from 09/11/2023",100,60,municipality,decree_law_3_2023;t2h3-cgys,,2026-08-21T18:25:40Z,0.2.0,,A score of 100 only means the municipality is outside the regional special regime; local planning has not been reviewed.,complete,100,100,100,,official,default,true
171729,Sant Martí de Llémena,20,Gironès,2025S1,false,8,727,1.100413,,,false,"Decreto-ley 3/2023, annex; DOGC 9036, 08/11/2023; effective from 09/11/2023",100,60,municipality,decree_law_3_2023;t2h3-cgys,,2026-08-21T18:25:40Z,0.2.0,,A score of 100 only means the municipality is outside the regional special regime; local planning has not been reviewed.,complete,100,100,100,,official,default,true
171735,Sant Martí Vell,20,Gironès,2025S1,false,10,270,3.703704,,,false,"Decreto-ley 3/2023, annex; DOGC 9036, 08/11/2023; effective from 09/11/2023",100,60,municipality,decree_law_3_2023;t2h3-cgys,,2026-08-21T18:25:40Z,0.2.0,,A score of 100 only means the municipality is outside the regional special regime; local planning has not been reviewed.,complete,100,100,100,,official,default,true
171740,Sant Miquel de Campmajor,28,Pla de l'Estany,2025S1,false,3,257,1.167315,,,false,"Decreto-ley 3/2023, annex; DOGC 9036, 08/11/2023; effective from 09/11/2023",100,60,municipality,decree_law_3_2023;t2h3-cgys,,2026-08-21T18:25:40Z,0.2.0,,A score of 100 only means the municipality is outside the regional special regime; local planning has not been reviewed.,complete,100,100,100,,official,default,true
171753,Sant Miquel de Fluvià,02,Alt Empordà,2025S1,false,19,858,2.214452,,,false,"Decreto-ley 3/2023, annex; DOGC 9036, 08/11/2023; effective from 09/11/2023",100,60,municipality,decree_law_3_2023;t2h3-cgys,,2026-08-21T18:25:40Z,0.2.0,,A score of 100 only means the municipality is outside the regional special regime; local planning has not been reviewed.,complete,100,100,100,,official,default,true
171766,Sant Mori,02,Alt Empordà,2025S1,true,18,167,10.778443,,,false,"Decreto-ley 3/2023, annex; DOGC 9036, 08/11/2023; effective from 09/11/2023",40,70,municipality,decree_law_3_2023;t2h3-cgys,,2026-08-21T18:25:40Z,0.2.0,,A score of 100 only means the municipality is outside the regional special regime; local planning has not been reviewed.,complete,40,40,100,,official,default,true
171772,Sant Pau de Segúries,31,Ripollès,2025S1,false,16,719,2.225313,,,false,"Decreto-ley 3/2023, annex; DOGC 9036, 08/11/2023; effective from 09/11/2023",100,60,municipality,decree_law_3_2023;t2h3-cgys,,2026-08-21T18:25:40Z,0.2.0,,A score of 100 only means the municipality is outside the regional special regime; local planning has not been reviewed.,complete,100,100,100,,official,default,true
171788,Sant Pere Pescador,02,Alt Empordà,2025S1,true,184,2285,8.052516,,,false,"Decreto-ley 3/2023, annex; DOGC 9036, 08/11/2023; effective from 09/11/2023",40,70,municipality,decree_law_3_2023;t2h3-cgys,,2026-08-21T18:25:40Z,0.2.0,,A score of 100 only means the municipality is outside the regional special regime; local planning has not been reviewed.,complete,40,40,100,,official,default,true
171805,Santa Coloma de Farners,34,Selva,2025S1,true,19,14218,0.133633,,,false,"Decreto-ley 3/2023, annex; DOGC 9036, 08/11/2023; effective from 09/11/2023",40,70,municipality,decree_law_3_2023;t2h3-cgys,,2026-08-21T18:25:40Z,0.2.0,,A score of 100 only means the municipality is outside the regional special regime; local planning has not been reviewed.,complete,40,40,100,,official,default,true
171812,Santa Cristina d'Aro,10,Baix Empordà,2025S1,true,392,5972,6.563965,,,false,"Decreto-ley 3/2023, annex; DOGC 9036, 08/11/2023; effective from 09/11/2023",40,70,municipality,decree_law_3_2023;t2h3-cgys,,2026-08-21T18:25:40Z,0.2.0,,A score of 100 only means the municipality is outside the regional special regime; local planning has not been reviewed.,complete,40,40,100,,official,default,true
171827,Santa Llogaia d'Àlguema,02,Alt Empordà,2025S1,false,0,400,0,,,false,"Decreto-ley 3/2023, annex; DOGC 9036, 08/11/2023; effective from 09/11/2023",100,60,municipality,decree_law_3_2023;t2h3-cgys,,2026-08-21T18:25:40Z,0.2.0,,A score of 100 only means the municipality is outside the regional special regime; local planning has not been reviewed.,complete,100,100,100,,official,default,true
171833,Sant Aniol de Finestres,19,Garrotxa,2025S1,false,13,381,3.412073,,,false,"Decreto-ley 3/2023, annex; DOGC 9036, 08/11/2023; effective from 09/11/2023",100,60,municipality,decree_law_3_2023;t2h3-cgys,,2026-08-21T18:25:40Z,0.2.0,,A score of 100 only means the municipality is outside the regional special regime; local planning has not been reviewed.,complete,100,100,100,,official,default,true
171848,Santa Pau,19,Garrotxa,2025S1,false,34,1578,2.154626,,,false,"Decreto-ley 3/2023, annex; DOGC 9036, 08/11/2023; effective from 09/11/2023",100,60,municipality,decree_law_3_2023;t2h3-cgys,,2026-08-21T18:25:40Z,0.2.0,,A score of 100 only means the municipality is outside the regional special regime; local planning has not been reviewed.,complete,100,100,100,,official,default,true
171851,Sant Joan les Fonts,19,Garrotxa,2025S1,false,17,3159,0.538145,,,false,"Decreto-ley 3/2023, annex; DOGC 9036, 08/11/2023; effective from 09/11/2023",100,60,municipality,decree_law_3_2023;t2h3-cgys,,2026-08-21T18:25:40Z,0.2.0,,A score of 100 only means the municipality is outside the regional special regime; local planning has not been reviewed.,complete,100,100,100,,official,default,true
171864,Sarrià de Ter,20,Gironès,2025S1,true,1,5404,0.018505,,,false,"Decreto-ley 3/2023, annex; DOGC 9036, 08/11/2023; effective from 09/11/2023",40,70,municipality,decree_law_3_2023;t2h3-cgys,,2026-08-21T18:25:40Z,0.2.0,,A score of 100 only means the municipality is outside the regional special regime; local planning has not been reviewed.,complete,40,40,100,,official,default,true
171870,"Saus, Camallera i Llampaies",02,Alt Empordà,2025S1,false,45,908,4.955947,,,false,"Decreto-ley 3/2023, annex; DOGC 9036, 08/11/2023; effective from 09/11/2023",100,60,municipality,decree_law_3_2023;t2h3-cgys,,2026-08-21T18:25:40Z,0.2.0,,A score of 100 only means the municipality is outside the regional special regime; local planning has not been reviewed.,complete,100,100,100,,official,default,true
171886,la Selva de Mar,02,Alt Empordà,2025S1,true,40,223,17.93722,,,false,"Decreto-ley 3/2023, annex; DOGC 9036, 08/11/2023; effective from 09/11/2023",40,70,municipality,decree_law_3_2023;t2h3-cgys,,2026-08-21T18:25:40Z,0.2.0,,A score of 100 only means the municipality is outside the regional special regime; local planning has not been reviewed.,complete,40,40,100,,official,default,true
171899,la Cellera de Ter,34,Selva,2025S1,false,9,2033,0.442696,,,false,"Decreto-ley 3/2023, annex; DOGC 9036, 08/11/2023; effective from 09/11/2023",100,60,municipality,decree_law_3_2023;t2h3-cgys,,2026-08-21T18:25:40Z,0.2.0,,A score of 100 only means the municipality is outside the regional special regime; local planning has not been reviewed.,complete,100,100,100,,official,default,true
171903,Serinyà,28,Pla de l'Estany,2025S1,false,9,1227,0.733496,,,false,"Decreto-ley 3/2023, annex; DOGC 9036, 08/11/2023; effective from 09/11/2023",100,60,municipality,decree_law_3_2023;t2h3-cgys,,2026-08-21T18:25:40Z,0.2.0,,A score of 100 only means the municipality is outside the regional special regime; local planning has not been reviewed.,complete,100,100,100,,official,default,true
171910,Serra de Daró,10,Baix Empordà,2025S1,false,13,241,5.394191,,,false,"Decreto-ley 3/2023, annex; DOGC 9036, 08/11/2023; effective from 09/11/2023",100,60,municipality,decree_law_3_2023;t2h3-cgys,,2026-08-21T18:25:40Z,0.2.0,,A score of 100 only means the municipality is outside the regional special regime; local planning has not been reviewed.,complete,100,100,100,,official,default,true
171925,Setcases,31,Ripollès,2025S1,true,43,196,21.938776,,,false,"Decreto-ley 3/2023, annex; DOGC 9036, 08/11/2023; effective from 09/11/2023",40,70,municipality,decree_law_3_2023;t2h3-cgys,,2026-08-21T18:25:40Z,0.2.0,,A score of 100 only means the municipality is outside the regional special regime; local planning has not been reviewed.,complete,40,40,100,,official,default,true
171931,Sils,34,Selva,2025S1,false,69,6924,0.996534,,,false,"Decreto-ley 3/2023, annex; DOGC 9036, 08/11/2023; effective from 09/11/2023",100,60,municipality,decree_law_3_2023;t2h3-cgys,,2026-08-21T18:25:40Z,0.2.0,,A score of 100 only means the municipality is outside the regional special regime; local planning has not been reviewed.,complete,100,100,100,,official,default,true
171946,Susqueda,34,Selva,2025S1,true,8,103,7.76699,,,false,"Decreto-ley 3/2023, annex; DOGC 9036, 08/11/2023; effective from 09/11/2023",40,70,municipality,decree_law_3_2023;t2h3-cgys,,2026-08-21T18:25:40Z,0.2.0,,A score of 100 only means the municipality is outside the regional special regime; local planning has not been reviewed.,complete,40,40,100,,official,default,true
171959,la Tallada d'Empordà,10,Baix Empordà,2025S1,false,26,485,5.360825,,,false,"Decreto-ley 3/2023, annex; DOGC 9036, 08/11/2023; effective from 09/11/2023",100,60,municipality,decree_law_3_2023;t2h3-cgys,,2026-08-21T18:25:40Z,0.2.0,,A score of 100 only means the municipality is outside the regional special regime; local planning has not been reviewed.,complete,100,100,100,,official,default,true
171962,Terrades,02,Alt Empordà,2025S1,false,10,337,2.967359,,,false,"Decreto-ley 3/2023, annex; DOGC 9036, 08/11/2023; effective from 09/11/2023",100,60,municipality,decree_law_3_2023;t2h3-cgys,,2026-08-21T18:25:40Z,0.2.0,,A score of 100 only means the municipality is outside the regional special regime; local planning has not been reviewed.,complete,100,100,100,,official,default,true
171978,Torrent,10,Baix Empordà,2025S1,true,10,181,5.524862,,,false,"Decreto-ley 3/2023, annex; DOGC 9036, 08/11/2023; effective from 09/11/2023",40,70,municipality,decree_law_3_2023;t2h3-cgys,,2026-08-21T18:25:40Z,0.2.0,,A score of 100 only means the municipality is outside the regional special regime; local planning has not been reviewed.,complete,40,40,100,,official,default,true
171984,Torroella de Fluvià,02,Alt Empordà,2025S1,true,41,774,5.297158,,,false,"Decreto-ley 3/2023, annex; DOGC 9036, 08/11/2023; effective from 09/11/2023",40,70,municipality,decree_law_3_2023;t2h3-cgys,,2026-08-21T18:25:40Z,0.2.0,,A score of 100 only means the municipality is outside the regional special regime; local planning has not been reviewed.,complete,40,40,100,,official,default,true
171997,Torroella de Montgrí,10,Baix Empordà,2025S1,true,2638,12507,21.092188,,,false,"Decreto-ley 3/2023, annex; DOGC 9036, 08/11/2023; effective from 09/11/2023",40,70,municipality,decree_law_3_2023;t2h3-cgys,,2026-08-21T18:25:40Z,0.2.0,,A score of 100 only means the municipality is outside the regional special regime; local planning has not been reviewed.,complete,40,40,100,,official,default,true
172001,Tortellà,19,Garrotxa,2025S1,false,9,848,1.061321,,,false,"Decreto-ley 3/2023, annex; DOGC 9036, 08/11/2023; effective from 09/11/2023",100,60,municipality,decree_law_3_2023;t2h3-cgys,,2026-08-21T18:25:40Z,0.2.0,,A score of 100 only means the municipality is outside the regional special regime; local planning has not been reviewed.,complete,100,100,100,,official,default,true
172018,Toses,31,Ripollès,2025S1,true,20,198,10.10101,,,false,"Decreto-ley 3/2023, annex; DOGC 9036, 08/11/2023; effective from 09/11/2023",40,70,municipality,decree_law_3_2023;t2h3-cgys,,2026-08-21T18:25:40Z,0.2.0,,A score of 100 only means the municipality is outside the regional special regime; local planning has not been reviewed.,complete,40,40,100,,official,default,true
172023,Tossa de Mar,34,Selva,2025S1,true,1475,6293,23.438741,,,false,"Decreto-ley 3/2023, annex; DOGC 9036, 08/11/2023; effective from 09/11/2023",40,70,municipality,decree_law_3_2023;t2h3-cgys,,2026-08-21T18:25:40Z,0.2.0,,A score of 100 only means the municipality is outside the regional special regime; local planning has not been reviewed.,complete,40,40,100,,official,default,true
172039,Ultramort,10,Baix Empordà,2025S1,false,14,218,6.422018,,,false,"Decreto-ley 3/2023, annex; DOGC 9036, 08/11/2023; effective from 09/11/2023",100,60,municipality,decree_law_3_2023;t2h3-cgys,,2026-08-21T18:25:40Z,0.2.0,,A score of 100 only means the municipality is outside the regional special regime; local planning has not been reviewed.,complete,100,100,100,,official,default,true
172044,Ullà,10,Baix Empordà,2025S1,false,21,1256,1.671975,,,false,"Decreto-ley 3/2023, annex; DOGC 9036, 08/11/2023; effective from 09/11/2023",100,60,municipality,decree_law_3_2023;t2h3-cgys,,2026-08-21T18:25:40Z,0.2.0,,A score of 100 only means the municipality is outside the regional special regime; local planning has not been reviewed.,complete,100,100,100,,official,default,true
172057,Ullastret,10,Baix Empordà,2025S1,true,18,252,7.142857,,,false,"Decreto-ley 3/2023, annex; DOGC 9036, 08/11/2023; effective from 09/11/2023",40,70,municipality,decree_law_3_2023;t2h3-cgys,,2026-08-21T18:25:40Z,0.2.0,,A score of 100 only means the municipality is outside the regional special regime; local planning has not been reviewed.,complete,40,40,100,,official,default,true
172060,Urús,15,Cerdanya,2025S1,true,46,201,22.885572,,,false,"Decreto-ley 3/2023, annex; DOGC 9036, 08/11/2023; effective from 09/11/2023",40,70,municipality,decree_law_3_2023;t2h3-cgys,,2026-08-21T18:25:40Z,0.2.0,,A score of 100 only means the municipality is outside the regional special regime; local planning has not been reviewed.,complete,40,40,100,,official,default,true
172076,la Vall d'en Bas,19,Garrotxa,2025S1,false,54,3265,1.653905,,,false,"Decreto-ley 3/2023, annex; DOGC 9036, 08/11/2023; effective from 09/11/2023",100,60,municipality,decree_law_3_2023;t2h3-cgys,,2026-08-21T18:25:40Z,0.2.0,,A score of 100 only means the municipality is outside the regional special regime; local planning has not been reviewed.,complete,100,100,100,,official,default,true
172082,la Vall de Bianya,19,Garrotxa,2025S1,false,18,1342,1.341282,,,false,"Decreto-ley 3/2023, annex; DOGC 9036, 08/11/2023; effective from 09/11/2023",100,60,municipality,decree_law_3_2023;t2h3-cgys,,2026-08-21T18:25:40Z,0.2.0,,A score of 100 only means the municipality is outside the regional special regime; local planning has not been reviewed.,complete,100,100,100,,official,default,true
172095,Vall-llobrega,10,Baix Empordà,2025S1,true,47,902,5.210643,,,false,"Decreto-ley 3/2023, annex; DOGC 9036, 08/11/2023; effective from 09/11/2023",40,70,municipality,decree_law_3_2023;t2h3-cgys,,2026-08-21T18:25:40Z,0.2.0,,A score of 100 only means the municipality is outside the regional special regime; local planning has not been reviewed.,complete,40,40,100,,official,default,true
172109,Ventalló,02,Alt Empordà,2025S1,true,55,922,5.965293,,,false,"Decreto-ley 3/2023, annex; DOGC 9036, 08/11/2023; effective from 09/11/2023",40,70,municipality,decree_law_3_2023;t2h3-cgys,,2026-08-21T18:25:40Z,0.2.0,,A score of 100 only means the municipality is outside the regional special regime; local planning has not been reviewed.,complete,40,40,100,,official,default,true
172116,Verges,10,Baix Empordà,2025S1,false,15,1160,1.293103,,,false,"Decreto-ley 3/2023, annex; DOGC 9036, 08/11/2023; effective from 09/11/2023",100,60,municipality,decree_law_3_2023;t2h3-cgys,,2026-08-21T18:25:40Z,0.2.0,,A score of 100 only means the municipality is outside the regional special regime; local planning has not been reviewed.,complete,100,100,100,,official,default,true
172121,Vidrà,24,Osona,2025S1,false,4,167,2.39521,,,false,"Decreto-ley 3/2023, annex; DOGC 9036, 08/11/2023; effective from 09/11/2023",100,60,municipality,decree_law_3_2023;t2h3-cgys,,2026-08-21T18:25:40Z,0.2.0,,A score of 100 only means the municipality is outside the regional special regime; local planning has not been reviewed.,complete,100,100,100,,official,default,true
172137,Vidreres,34,Selva,2025S1,false,297,8852,3.355174,,,false,"Decreto-ley 3/2023, annex; DOGC 9036, 08/11/2023; effective from 09/11/2023",100,60,municipality,decree_law_3_2023;t2h3-cgys,,2026-08-21T18:25:40Z,0.2.0,,A score of 100 only means the municipality is outside the regional special regime; local planning has not been reviewed.,complete,100,100,100,,official,default,true
172142,Vilabertran,02,Alt Empordà,2025S1,false,3,962,0.31185,,,false,"Decreto-ley 3/2023, annex; DOGC 9036, 08/11/2023; effective from 09/11/2023",100,60,municipality,decree_law_3_2023;t2h3-cgys,,2026-08-21T18:25:40Z,0.2.0,,A score of 100 only means the municipality is outside the regional special regime; local planning has not been reviewed.,complete,100,100,100,,official,default,true
172155,Vilablareix,20,Gironès,2025S1,false,5,4079,0.122579,,,false,"Decreto-ley 3/2023, annex; DOGC 9036, 08/11/2023; effective from 09/11/2023",100,60,municipality,decree_law_3_2023;t2h3-cgys,,2026-08-21T18:25:40Z,0.2.0,,A score of 100 only means the municipality is outside the regional special regime; local planning has not been reviewed.,complete,100,100,100,,official,default,true
172168,Viladasens,20,Gironès,2025S1,false,4,205,1.95122,,,false,"Decreto-ley 3/2023, annex; DOGC 9036, 08/11/2023; effective from 09/11/2023",100,60,municipality,decree_law_3_2023;t2h3-cgys,,2026-08-21T18:25:40Z,0.2.0,,A score of 100 only means the municipality is outside the regional special regime; local planning has not been reviewed.,complete,100,100,100,,official,default,true
172174,Viladamat,02,Alt Empordà,2025S1,false,14,499,2.805611,,,false,"Decreto-ley 3/2023, annex; DOGC 9036, 08/11/2023; effective from 09/11/2023",100,60,municipality,decree_law_3_2023;t2h3-cgys,,2026-08-21T18:25:40Z,0.2.0,,A score of 100 only means the municipality is outside the regional special regime; local planning has not been reviewed.,complete,100,100,100,,official,default,true
172180,Vilademuls,28,Pla de l'Estany,2025S1,false,38,898,4.231626,,,false,"Decreto-ley 3/2023, annex; DOGC 9036, 08/11/2023; effective from 09/11/2023",100,60,municipality,decree_law_3_2023;t2h3-cgys,,2026-08-21T18:25:40Z,0.2.0,,A score of 100 only means the municipality is outside the regional special regime; local planning has not been reviewed.,complete,100,100,100,,official,default,true
172207,Viladrau,24,Osona,2025S1,false,24,1182,2.030457,,,false,"Decreto-ley 3/2023, annex; DOGC 9036, 08/11/2023; effective from 09/11/2023",100,60,municipality,decree_law_3_2023;t2h3-cgys,,2026-08-21T18:25:40Z,0.2.0,,A score of 100 only means the municipality is outside the regional special regime; local planning has not been reviewed.,complete,100,100,100,,official,default,true
172214,Vilafant,02,Alt Empordà,2025S1,false,10,5664,0.176554,,,false,"Decreto-ley 3/2023, annex; DOGC 9036, 08/11/2023; effective from 09/11/2023",100,60,municipality,decree_law_3_2023;t2h3-cgys,,2026-08-21T18:25:40Z,0.2.0,,A score of 100 only means the municipality is outside the regional special regime; local planning has not been reviewed.,complete,100,100,100,,official,default,true
172229,Vilaür,02,Alt Empordà,2025S1,true,13,163,7.97546,,,false,"Decreto-ley 3/2023, annex; DOGC 9036, 08/11/2023; effective from 09/11/2023",40,70,municipality,decree_law_3_2023;t2h3-cgys,,2026-08-21T18:25:40Z,0.2.0,,A score of 100 only means the municipality is outside the regional special regime; local planning has not been reviewed.,complete,40,40,100,,official,default,true
172235,Vilajuïga,02,Alt Empordà,2025S1,false,11,1180,0.932203,,,false,"Decreto-ley 3/2023, annex; DOGC 9036, 08/11/2023; effective from 09/11/2023",100,60,municipality,decree_law_3_2023;t2h3-cgys,,2026-08-21T18:25:40Z,0.2.0,,A score of 100 only means the municipality is outside the regional special regime; local planning has not been reviewed.,complete,100,100,100,,official,default,true
172240,Vilallonga de Ter,31,Ripollès,2025S1,true,54,396,13.636364,,,false,"Decreto-ley 3/2023, annex; DOGC 9036, 08/11/2023; effective from 09/11/2023",40,70,municipality,decree_law_3_2023;t2h3-cgys,,2026-08-21T18:25:40Z,0.2.0,,A score of 100 only means the municipality is outside the regional special regime; local planning has not been reviewed.,complete,40,40,100,,official,default,true
172253,Vilamacolum,02,Alt Empordà,2025S1,false,9,401,2.244389,,,false,"Decreto-ley 3/2023, annex; DOGC 9036, 08/11/2023; effective from 09/11/2023",100,60,municipality,decree_law_3_2023;t2h3-cgys,,2026-08-21T18:25:40Z,0.2.0,,A score of 100 only means the municipality is outside the regional special regime; local planning has not been reviewed.,complete,100,100,100,,official,default,true
172266,Vilamalla,02,Alt Empordà,2025S1,false,2,1202,0.166389,,,false,"Decreto-ley 3/2023, annex; DOGC 9036, 08/11/2023; effective from 09/11/2023",100,60,municipality,decree_law_3_2023;t2h3-cgys,,2026-08-21T18:25:40Z,0.2.0,,A score of 100 only means the municipality is outside the regional special regime; local planning has not been reviewed.,complete,100,100,100,,official,default,true
172272,Vilamaniscle,02,Alt Empordà,2025S1,true,9,185,4.864865,,,false,"Decreto-ley 3/2023, annex; DOGC 9036, 08/11/2023; effective from 09/11/2023",40,70,municipality,decree_law_3_2023;t2h3-cgys,,2026-08-21T18:25:40Z,0.2.0,,A score of 100 only means the municipality is outside the regional special regime; local planning has not been reviewed.,complete,40,40,100,,official,default,true
172288,Vilanant,02,Alt Empordà,2025S1,false,10,405,2.469136,,,false,"Decreto-ley 3/2023, annex; DOGC 9036, 08/11/2023; effective from 09/11/2023",100,60,municipality,decree_law_3_2023;t2h3-cgys,,2026-08-21T18:25:40Z,0.2.0,,A score of 100 only means the municipality is outside the regional special regime; local planning has not been reviewed.,complete,100,100,100,,official,default,true
172305,Vila-sacra,02,Alt Empordà,2025S1,false,2,879,0.227531,,,false,"Decreto-ley 3/2023, annex; DOGC 9036, 08/11/2023; effective from 09/11/2023",100,60,municipality,decree_law_3_2023;t2h3-cgys,,2026-08-21T18:25:40Z,0.2.0,,A score of 100 only means the municipality is outside the regional special regime; local planning has not been reviewed.,complete,100,100,100,,official,default,true
172327,Vilopriu,10,Baix Empordà,2025S1,true,28,220,12.727273,,,false,"Decreto-ley 3/2023, annex; DOGC 9036, 08/11/2023; effective from 09/11/2023",40,70,municipality,decree_law_3_2023;t2h3-cgys,,2026-08-21T18:25:40Z,0.2.0,,A score of 100 only means the municipality is outside the regional special regime; local planning has not been reviewed.,complete,40,40,100,,official,default,true
172333,Vilobí d'Onyar,34,Selva,2025S1,false,14,3298,0.4245,,,false,"Decreto-ley 3/2023, annex; DOGC 9036, 08/11/2023; effective from 09/11/2023",100,60,municipality,decree_law_3_2023;t2h3-cgys,,2026-08-21T18:25:40Z,0.2.0,,A score of 100 only means the municipality is outside the regional special regime; local planning has not been reviewed.,complete,100,100,100,,official,default,true
172348,Biure,02,Alt Empordà,2025S1,false,5,227,2.202643,,,false,"Decreto-ley 3/2023, annex; DOGC 9036, 08/11/2023; effective from 09/11/2023",100,60,municipality,decree_law_3_2023;t2h3-cgys,,2026-08-21T18:25:40Z,0.2.0,,A score of 100 only means the municipality is outside the regional special regime; local planning has not been reviewed.,complete,100,100,100,,official,default,true
179011,"Cruïlles, Monells i Sant Sadurní de l'Heura",10,Baix Empordà,2025S1,true,69,1347,5.122494,,,false,"Decreto-ley 3/2023, annex; DOGC 9036, 08/11/2023; effective from 09/11/2023",40,70,municipality,decree_law_3_2023;t2h3-cgys,,2026-08-21T18:25:40Z,0.2.0,,A score of 100 only means the municipality is outside the regional special regime; local planning has not been reviewed.,complete,40,40,100,,official,default,true
179026,Forallac,10,Baix Empordà,2025S1,false,106,1786,5.93505,,,false,"Decreto-ley 3/2023, annex; DOGC 9036, 08/11/2023; effective from 09/11/2023",100,60,municipality,decree_law_3_2023;t2h3-cgys,,2026-08-21T18:25:40Z,0.2.0,,A score of 100 only means the municipality is outside the regional special regime; local planning has not been reviewed.,complete,100,100,100,,official,default,true
179032,Sant Julià del Llor i Bonmatí,34,Selva,2025S1,false,8,1462,0.547196,,,false,"Decreto-ley 3/2023, annex; DOGC 9036, 08/11/2023; effective from 09/11/2023",100,60,municipality,decree_law_3_2023;t2h3-cgys,,2026-08-21T18:25:40Z,0.2.0,,A score of 100 only means the municipality is outside the regional special regime; local planning has not been reviewed.,complete,100,100,100,,official,default,true
250019,Abella de la Conca,25,Pallars Jussà,2025S1,false,6,162,3.703704,,,false,"Decreto-ley 3/2023, annex; DOGC 9036, 08/11/2023; effective from 09/11/2023",100,60,municipality,decree_law_3_2023;t2h3-cgys,,2026-08-21T18:25:40Z,0.2.0,,A score of 100 only means the municipality is outside the regional special regime; local planning has not been reviewed.,complete,100,100,100,,official,default,true
250024,Àger,23,Noguera,2025S1,true,34,635,5.354331,,,false,"Decreto-ley 3/2023, annex; DOGC 9036, 08/11/2023; effective from 09/11/2023",40,70,municipality,decree_law_3_2023;t2h3-cgys,,2026-08-21T18:25:40Z,0.2.0,,A score of 100 only means the municipality is outside the regional special regime; local planning has not been reviewed.,complete,40,40,100,,official,default,true
250030,Agramunt,38,Urgell,2025S1,false,12,5638,0.212841,,,false,"Decreto-ley 3/2023, annex; DOGC 9036, 08/11/2023; effective from 09/11/2023",100,60,municipality,decree_law_3_2023;t2h3-cgys,,2026-08-21T18:25:40Z,0.2.0,,A score of 100 only means the municipality is outside the regional special regime; local planning has not been reviewed.,complete,100,100,100,,official,default,true
250045,els Alamús,33,Segrià,2025S1,false,1,837,0.119474,,,false,"Decreto-ley 3/2023, annex; DOGC 9036, 08/11/2023; effective from 09/11/2023",100,60,municipality,decree_law_3_2023;t2h3-cgys,,2026-08-21T18:25:40Z,0.2.0,,A score of 100 only means the municipality is outside the regional special regime; local planning has not been reviewed.,complete,100,100,100,,official,default,true
250058,Alàs i Cerc,04,Alt Urgell,2025S1,false,8,320,2.5,,,false,"Decreto-ley 3/2023, annex; DOGC 9036, 08/11/2023; effective from 09/11/2023",100,60,municipality,decree_law_3_2023;t2h3-cgys,,2026-08-21T18:25:40Z,0.2.0,,A score of 100 only means the municipality is outside the regional special regime; local planning has not been reviewed.,complete,100,100,100,,official,default,true
250061,l'Albagés,18,Garrigues,2025S1,false,2,339,0.589971,,,false,"Decreto-ley 3/2023, annex; DOGC 9036, 08/11/2023; effective from 09/11/2023",100,60,municipality,decree_law_3_2023;t2h3-cgys,,2026-08-21T18:25:40Z,0.2.0,,A score of 100 only means the municipality is outside the regional special regime; local planning has not been reviewed.,complete,100,100,100,,official,default,true
250077,Albatàrrec,33,Segrià,2025S1,false,1,2312,0.043253,,,false,"Decreto-ley 3/2023, annex; DOGC 9036, 08/11/2023; effective from 09/11/2023",100,60,municipality,decree_law_3_2023;t2h3-cgys,,2026-08-21T18:25:40Z,0.2.0,,A score of 100 only means the municipality is outside the regional special regime; local planning has not been reviewed.,complete,100,100,100,,official,default,true
250083,Albesa,23,Noguera,2025S1,false,1,1582,0.063211,,,false,"Decreto-ley 3/2023, annex; DOGC 9036, 08/11/2023; effective from 09/11/2023",100,60,municipality,decree_law_3_2023;t2h3-cgys,,2026-08-21T18:25:40Z,0.2.0,,A score of 100 only means the municipality is outside the regional special regime; local planning has not been reviewed.,complete,100,100,100,,official,default,true
250096,l'Albi,18,Garrigues,2025S1,false,2,764,0.26178,,,false,"Decreto-ley 3/2023, annex; DOGC 9036, 08/11/2023; effective from 09/11/2023",100,60,municipality,decree_law_3_2023;t2h3-cgys,,2026-08-21T18:25:40Z,0.2.0,,A score of 100 only means the municipality is outside the regional special regime; local planning has not been reviewed.,complete,100,100,100,,official,default,true
250100,Alcanó,33,Segrià,2025S1,false,0,247,0,,,false,"Decreto-ley 3/2023, annex; DOGC 9036, 08/11/2023; effective from 09/11/2023",100,60,municipality,decree_law_3_2023;t2h3-cgys,,2026-08-21T18:25:40Z,0.2.0,,A score of 100 only means the municipality is outside the regional special regime; local planning has not been reviewed.,complete,100,100,100,,official,default,true
250117,Alcarràs,33,Segrià,2025S1,false,1,10556,0.009473,,,false,"Decreto-ley 3/2023, annex; DOGC 9036, 08/11/2023; effective from 09/11/2023",100,60,municipality,decree_law_3_2023;t2h3-cgys,,2026-08-21T18:25:40Z,0.2.0,,A score of 100 only means the municipality is outside the regional special regime; local planning has not been reviewed.,complete,100,100,100,,official,default,true
250122,Alcoletge,33,Segrià,2025S1,false,2,3679,0.054363,,,false,"Decreto-ley 3/2023, annex; DOGC 9036, 08/11/2023; effective from 09/11/2023",100,60,municipality,decree_law_3_2023;t2h3-cgys,,2026-08-21T18:25:40Z,0.2.0,,A score of 100 only means the municipality is outside the regional special regime; local planning has not been reviewed.,complete,100,100,100,,official,default,true
250138,Alfarràs,33,Segrià,2025S1,false,2,2790,0.071685,,,false,"Decreto-ley 3/2023, annex; DOGC 9036, 08/11/2023; effective from 09/11/2023",100,60,municipality,decree_law_3_2023;t2h3-cgys,,2026-08-21T18:25:40Z,0.2.0,,A score of 100 only means the municipality is outside the regional special regime; local planning has not been reviewed.,complete,100,100,100,,official,default,true
250143,Alfés,33,Segrià,2025S1,false,0,284,0,,,false,"Decreto-ley 3/2023, annex; DOGC 9036, 08/11/2023; effective from 09/11/2023",100,60,municipality,decree_law_3_2023;t2h3-cgys,,2026-08-21T18:25:40Z,0.2.0,,A score of 100 only means the municipality is outside the regional special regime; local planning has not been reviewed.,complete,100,100,100,,official,default,true
250156,Algerri,23,Noguera,2025S1,false,2,424,0.471698,,,false,"Decreto-ley 3/2023, annex; DOGC 9036, 08/11/2023; effective from 09/11/2023",100,60,municipality,decree_law_3_2023;t2h3-cgys,,2026-08-21T18:25:40Z,0.2.0,,A score of 100 only means the municipality is outside the regional special regime; local planning has not been reviewed.,complete,100,100,100,,official,default,true
250169,Alguaire,33,Segrià,2025S1,false,2,3057,0.065424,,,false,"Decreto-ley 3/2023, annex; DOGC 9036, 08/11/2023; effective from 09/11/2023",100,60,municipality,decree_law_3_2023;t2h3-cgys,,2026-08-21T18:25:40Z,0.2.0,,A score of 100 only means the municipality is outside the regional special regime; local planning has not been reviewed.,complete,100,100,100,,official,default,true
250175,Alins,26,Pallars Sobirà,2025S1,true,33,270,12.222222,,,false,"Decreto-ley 3/2023, annex; DOGC 9036, 08/11/2023; effective from 09/11/2023",40,70,municipality,decree_law_3_2023;t2h3-cgys,,2026-08-21T18:25:40Z,0.2.0,,A score of 100 only means the municipality is outside the regional special regime; local planning has not been reviewed.,complete,40,40,100,,official,default,true
250194,Almacelles,33,Segrià,2025S1,false,2,7197,0.027789,,,false,"Decreto-ley 3/2023, annex; DOGC 9036, 08/11/2023; effective from 09/11/2023",100,60,municipality,decree_law_3_2023;t2h3-cgys,,2026-08-21T18:25:40Z,0.2.0,,A score of 100 only means the municipality is outside the regional special regime; local planning has not been reviewed.,complete,100,100,100,,official,default,true
250208,Almatret,33,Segrià,2025S1,false,3,292,1.027397,,,false,"Decreto-ley 3/2023, annex; DOGC 9036, 08/11/2023; effective from 09/11/2023",100,60,municipality,decree_law_3_2023;t2h3-cgys,,2026-08-21T18:25:40Z,0.2.0,,A score of 100 only means the municipality is outside the regional special regime; local planning has not been reviewed.,complete,100,100,100,,official,default,true
250215,Almenar,33,Segrià,2025S1,false,2,3357,0.059577,,,false,"Decreto-ley 3/2023, annex; DOGC 9036, 08/11/2023; effective from 09/11/2023",100,60,municipality,decree_law_3_2023;t2h3-cgys,,2026-08-21T18:25:40Z,0.2.0,,A score of 100 only means the municipality is outside the regional special regime; local planning has not been reviewed.,complete,100,100,100,,official,default,true
250220,Alòs de Balaguer,23,Noguera,2025S1,true,6,117,5.128205,,,false,"Decreto-ley 3/2023, annex; DOGC 9036, 08/11/2023; effective from 09/11/2023",40,70,municipality,decree_law_3_2023;t2h3-cgys,,2026-08-21T18:25:40Z,0.2.0,,A score of 100 only means the municipality is outside the regional special regime; local planning has not been reviewed.,complete,40,40,100,,official,default,true
250236,Alpicat,33,Segrià,2025S1,false,3,6556,0.04576,,,false,"Decreto-ley 3/2023, annex; DOGC 9036, 08/11/2023; effective from 09/11/2023",100,60,municipality,decree_law_3_2023;t2h3-cgys,,2026-08-21T18:25:40Z,0.2.0,,A score of 100 only means the municipality is outside the regional special regime; local planning has not been reviewed.,complete,100,100,100,,official,default,true
250241,Alt Àneu,26,Pallars Sobirà,2025S1,true,96,456,21.052632,,,false,"Decreto-ley 3/2023, annex; DOGC 9036, 08/11/2023; effective from 09/11/2023",40,70,municipality,decree_law_3_2023;t2h3-cgys,,2026-08-21T18:25:40Z,0.2.0,,A score of 100 only means the municipality is outside the regional special regime; local planning has not been reviewed.,complete,40,40,100,,official,default,true
250254,Naut Aran,39,Val d'Aran,2025S1,true,1267,1893,66.930798,,,false,"Decreto-ley 3/2023, annex; DOGC 9036, 08/11/2023; effective from 09/11/2023",40,70,municipality,decree_law_3_2023;t2h3-cgys,,2026-08-21T18:25:40Z,0.2.0,,A score of 100 only means the municipality is outside the regional special regime; local planning has not been reviewed.,complete,40,40,100,,official,default,true
250273,Anglesola,38,Urgell,2025S1,false,1,1395,0.071685,,,false,"Decreto-ley 3/2023, annex; DOGC 9036, 08/11/2023; effective from 09/11/2023",100,60,municipality,decree_law_3_2023;t2h3-cgys,,2026-08-21T18:25:40Z,0.2.0,,A score of 100 only means the municipality is outside the regional special regime; local planning has not been reviewed.,complete,100,100,100,,official,default,true
250292,Arbeca,18,Garrigues,2025S1,false,11,2166,0.507849,,,false,"Decreto-ley 3/2023, annex; DOGC 9036, 08/11/2023; effective from 09/11/2023",100,60,municipality,decree_law_3_2023;t2h3-cgys,,2026-08-21T18:25:40Z,0.2.0,,A score of 100 only means the municipality is outside the regional special regime; local planning has not been reviewed.,complete,100,100,100,,official,default,true
250306,el Pont de Bar,04,Alt Urgell,2025S1,false,12,167,7.185629,,,false,"Decreto-ley 3/2023, annex; DOGC 9036, 08/11/2023; effective from 09/11/2023",100,60,municipality,decree_law_3_2023;t2h3-cgys,,2026-08-21T18:25:40Z,0.2.0,,A score of 100 only means the municipality is outside the regional special regime; local planning has not been reviewed.,complete,100,100,100,,official,default,true
250313,Arres,39,Val d'Aran,2025S1,true,6,58,10.344828,,,false,"Decreto-ley 3/2023, annex; DOGC 9036, 08/11/2023; effective from 09/11/2023",40,70,municipality,decree_law_3_2023;t2h3-cgys,,2026-08-21T18:25:40Z,0.2.0,,A score of 100 only means the municipality is outside the regional special regime; local planning has not been reviewed.,complete,40,40,100,,official,default,true
250328,Arsèguel,04,Alt Urgell,2025S1,true,4,85,4.705882,,,false,"Decreto-ley 3/2023, annex; DOGC 9036, 08/11/2023; effective from 09/11/2023",40,70,municipality,decree_law_3_2023;t2h3-cgys,,2026-08-21T18:25:40Z,0.2.0,,A score of 100 only means the municipality is outside the regional special regime; local planning has not been reviewed.,complete,40,40,100,,official,default,true
250334,Artesa de Lleida,33,Segrià,2025S1,false,1,1545,0.064725,,,false,"Decreto-ley 3/2023, annex; DOGC 9036, 08/11/2023; effective from 09/11/2023",100,60,municipality,decree_law_3_2023;t2h3-cgys,,2026-08-21T18:25:40Z,0.2.0,,A score of 100 only means the municipality is outside the regional special regime; local planning has not been reviewed.,complete,100,100,100,,official,default,true
250349,Artesa de Segre,23,Noguera,2025S1,false,15,3594,0.417362,,,false,"Decreto-ley 3/2023, annex; DOGC 9036, 08/11/2023; effective from 09/11/2023",100,60,municipality,decree_law_3_2023;t2h3-cgys,,2026-08-21T18:25:40Z,0.2.0,,A score of 100 only means the municipality is outside the regional special regime; local planning has not been reviewed.,complete,100,100,100,,official,default,true
250352,la Sentiu de Sió,23,Noguera,2025S1,false,1,448,0.223214,,,false,"Decreto-ley 3/2023, annex; DOGC 9036, 08/11/2023; effective from 09/11/2023",100,60,municipality,decree_law_3_2023;t2h3-cgys,,2026-08-21T18:25:40Z,0.2.0,,A score of 100 only means the municipality is outside the regional special regime; local planning has not been reviewed.,complete,100,100,100,,official,default,true
250365,Aspa,33,Segrià,2025S1,false,1,232,0.431034,,,false,"Decreto-ley 3/2023, annex; DOGC 9036, 08/11/2023; effective from 09/11/2023",100,60,municipality,decree_law_3_2023;t2h3-cgys,,2026-08-21T18:25:40Z,0.2.0,,A score of 100 only means the municipality is outside the regional special regime; local planning has not been reviewed.,complete,100,100,100,,official,default,true
250371,les Avellanes i Santa Linya,23,Noguera,2025S1,false,17,434,3.917051,,,false,"Decreto-ley 3/2023, annex; DOGC 9036, 08/11/2023; effective from 09/11/2023",100,60,municipality,decree_law_3_2023;t2h3-cgys,,2026-08-21T18:25:40Z,0.2.0,,A score of 100 only means the municipality is outside the regional special regime; local planning has not been reviewed.,complete,100,100,100,,official,default,true
250387,Aitona,33,Segrià,2025S1,false,3,2575,0.116505,,,false,"Decreto-ley 3/2023, annex; DOGC 9036, 08/11/2023; effective from 09/11/2023",100,60,municipality,decree_law_3_2023;t2h3-cgys,,2026-08-21T18:25:40Z,0.2.0,,A score of 100 only means the municipality is outside the regional special regime; local planning has not been reviewed.,complete,100,100,100,,official,default,true
250390,Baix Pallars,26,Pallars Sobirà,2025S1,true,18,350,5.142857,,,false,"Decreto-ley 3/2023, annex; DOGC 9036, 08/11/2023; effective from 09/11/2023",40,70,municipality,decree_law_3_2023;t2h3-cgys,,2026-08-21T18:25:40Z,0.2.0,,A score of 100 only means the municipality is outside the regional special regime; local planning has not been reviewed.,complete,40,40,100,,official,default,true
250404,Balaguer,23,Noguera,2025S1,true,31,17667,0.175468,,,false,"Decreto-ley 3/2023, annex; DOGC 9036, 08/11/2023; effective from 09/11/2023",40,70,municipality,decree_law_3_2023;t2h3-cgys,,2026-08-21T18:25:40Z,0.2.0,,A score of 100 only means the municipality is outside the regional special regime; local planning has not been reviewed.,complete,40,40,100,,official,default,true
250411,Barbens,27,Pla d'Urgell,2025S1,false,0,910,0,,,false,"Decreto-ley 3/2023, annex; DOGC 9036, 08/11/2023; effective from 09/11/2023",100,60,municipality,decree_law_3_2023;t2h3-cgys,,2026-08-21T18:25:40Z,0.2.0,,A score of 100 only means the municipality is outside the regional special regime; local planning has not been reviewed.,complete,100,100,100,,official,default,true
250426,la Baronia de Rialb,23,Noguera,2025S1,true,19,216,8.796296,,,false,"Decreto-ley 3/2023, annex; DOGC 9036, 08/11/2023; effective from 09/11/2023",40,70,municipality,decree_law_3_2023;t2h3-cgys,,2026-08-21T18:25:40Z,0.2.0,,A score of 100 only means the municipality is outside the regional special regime; local planning has not been reviewed.,complete,40,40,100,,official,default,true
250432,la Vall de Boí,05,Alta Ribagorça,2025S1,true,410,1129,36.315323,,,false,"Decreto-ley 3/2023, annex; DOGC 9036, 08/11/2023; effective from 09/11/2023",40,70,municipality,decree_law_3_2023;t2h3-cgys,,2026-08-21T18:25:40Z,0.2.0,,A score of 100 only means the municipality is outside the regional special regime; local planning has not been reviewed.,complete,40,40,100,,official,default,true
250447,Bassella,04,Alt Urgell,2025S1,false,1,215,0.465116,,,false,"Decreto-ley 3/2023, annex; DOGC 9036, 08/11/2023; effective from 09/11/2023",100,60,municipality,decree_law_3_2023;t2h3-cgys,,2026-08-21T18:25:40Z,0.2.0,,A score of 100 only means the municipality is outside the regional special regime; local planning has not been reviewed.,complete,100,100,100,,official,default,true
250450,Bausen,39,Val d'Aran,2025S1,false,3,62,4.83871,,,false,"Decreto-ley 3/2023, annex; DOGC 9036, 08/11/2023; effective from 09/11/2023",100,60,municipality,decree_law_3_2023;t2h3-cgys,,2026-08-21T18:25:40Z,0.2.0,,A score of 100 only means the municipality is outside the regional special regime; local planning has not been reviewed.,complete,100,100,100,,official,default,true
250463,Belianes,38,Urgell,2025S1,false,1,512,0.195312,,,false,"Decreto-ley 3/2023, annex; DOGC 9036, 08/11/2023; effective from 09/11/2023",100,60,municipality,decree_law_3_2023;t2h3-cgys,,2026-08-21T18:25:40Z,0.2.0,,A score of 100 only means the municipality is outside the regional special regime; local planning has not been reviewed.,complete,100,100,100,,official,default,true
250479,Bellcaire d'Urgell,23,Noguera,2025S1,false,5,1272,0.393082,,,false,"Decreto-ley 3/2023, annex; DOGC 9036, 08/11/2023; effective from 09/11/2023",100,60,municipality,decree_law_3_2023;t2h3-cgys,,2026-08-21T18:25:40Z,0.2.0,,A score of 100 only means the municipality is outside the regional special regime; local planning has not been reviewed.,complete,100,100,100,,official,default,true
250485,Bell-lloc d'Urgell,27,Pla d'Urgell,2025S1,false,0,2359,0,,,false,"Decreto-ley 3/2023, annex; DOGC 9036, 08/11/2023; effective from 09/11/2023",100,60,municipality,decree_law_3_2023;t2h3-cgys,,2026-08-21T18:25:40Z,0.2.0,,A score of 100 only means the municipality is outside the regional special regime; local planning has not been reviewed.,complete,100,100,100,,official,default,true
250498,Bellmunt d'Urgell,23,Noguera,2025S1,false,3,174,1.724138,,,false,"Decreto-ley 3/2023, annex; DOGC 9036, 08/11/2023; effective from 09/11/2023",100,60,municipality,decree_law_3_2023;t2h3-cgys,,2026-08-21T18:25:40Z,0.2.0,,A score of 100 only means the municipality is outside the regional special regime; local planning has not been reviewed.,complete,100,100,100,,official,default,true
250501,Bellpuig,38,Urgell,2025S1,false,6,5531,0.108479,,,false,"Decreto-ley 3/2023, annex; DOGC 9036, 08/11/2023; effective from 09/11/2023",100,60,municipality,decree_law_3_2023;t2h3-cgys,,2026-08-21T18:25:40Z,0.2.0,,A score of 100 only means the municipality is outside the regional special regime; local planning has not been reviewed.,complete,100,100,100,,official,default,true
250518,Bellver de Cerdanya,15,Cerdanya,2025S1,true,152,2289,6.640454,,,false,"Decreto-ley 3/2023, annex; DOGC 9036, 08/11/2023; effective from 09/11/2023",40,70,municipality,decree_law_3_2023;t2h3-cgys,,2026-08-21T18:25:40Z,0.2.0,,A score of 100 only means the municipality is outside the regional special regime; local planning has not been reviewed.,complete,40,40,100,,official,default,true
250523,Bellvís,27,Pla d'Urgell,2025S1,false,1,2239,0.044663,,,false,"Decreto-ley 3/2023, annex; DOGC 9036, 08/11/2023; effective from 09/11/2023",100,60,municipality,decree_law_3_2023;t2h3-cgys,,2026-08-21T18:25:40Z,0.2.0,,A score of 100 only means the municipality is outside the regional special regime; local planning has not been reviewed.,complete,100,100,100,,official,default,true
250539,Benavent de Segrià,33,Segrià,2025S1,false,1,1565,0.063898,,,false,"Decreto-ley 3/2023, annex; DOGC 9036, 08/11/2023; effective from 09/11/2023",100,60,municipality,decree_law_3_2023;t2h3-cgys,,2026-08-21T18:25:40Z,0.2.0,,A score of 100 only means the municipality is outside the regional special regime; local planning has not been reviewed.,complete,100,100,100,,official,default,true
250557,Biosca,35,Solsonès,2025S1,false,5,185,2.702703,,,false,"Decreto-ley 3/2023, annex; DOGC 9036, 08/11/2023; effective from 09/11/2023",100,60,municipality,decree_law_3_2023;t2h3-cgys,,2026-08-21T18:25:40Z,0.2.0,,A score of 100 only means the municipality is outside the regional special regime; local planning has not been reviewed.,complete,100,100,100,,official,default,true
250560,Bovera,18,Garrigues,2025S1,false,0,252,0,,,false,"Decreto-ley 3/2023, annex; DOGC 9036, 08/11/2023; effective from 09/11/2023",100,60,municipality,decree_law_3_2023;t2h3-cgys,,2026-08-21T18:25:40Z,0.2.0,,A score of 100 only means the municipality is outside the regional special regime; local planning has not been reviewed.,complete,100,100,100,,official,default,true
250576,Es Bòrdes,39,Val d'Aran,2025S1,true,27,281,9.608541,,,false,"Decreto-ley 3/2023, annex; DOGC 9036, 08/11/2023; effective from 09/11/2023",40,70,municipality,decree_law_3_2023;t2h3-cgys,,2026-08-21T18:25:40Z,0.2.0,,A score of 100 only means the municipality is outside the regional special regime; local planning has not been reviewed.,complete,40,40,100,,official,default,true
250582,les Borges Blanques,18,Garrigues,2025S1,false,11,6458,0.170331,,,false,"Decreto-ley 3/2023, annex; DOGC 9036, 08/11/2023; effective from 09/11/2023",100,60,municipality,decree_law_3_2023;t2h3-cgys,,2026-08-21T18:25:40Z,0.2.0,,A score of 100 only means the municipality is outside the regional special regime; local planning has not been reviewed.,complete,100,100,100,,official,default,true
250595,Bossòst,39,Val d'Aran,2025S1,false,37,1178,3.140917,,,false,"Decreto-ley 3/2023, annex; DOGC 9036, 08/11/2023; effective from 09/11/2023",100,60,municipality,decree_law_3_2023;t2h3-cgys,,2026-08-21T18:25:40Z,0.2.0,,A score of 100 only means the municipality is outside the regional special regime; local planning has not been reviewed.,complete,100,100,100,,official,default,true
250609,Cabanabona,23,Noguera,2025S1,false,1,70,1.428571,,,false,"Decreto-ley 3/2023, annex; DOGC 9036, 08/11/2023; effective from 09/11/2023",100,60,municipality,decree_law_3_2023;t2h3-cgys,,2026-08-21T18:25:40Z,0.2.0,,A score of 100 only means the municipality is outside the regional special regime; local planning has not been reviewed.,complete,100,100,100,,official,default,true
250616,Cabó,04,Alt Urgell,2025S1,false,1,87,1.149425,,,false,"Decreto-ley 3/2023, annex; DOGC 9036, 08/11/2023; effective from 09/11/2023",100,60,municipality,decree_law_3_2023;t2h3-cgys,,2026-08-21T18:25:40Z,0.2.0,,A score of 100 only means the municipality is outside the regional special regime; local planning has not been reviewed.,complete,100,100,100,,official,default,true
250621,Camarasa,23,Noguera,2025S1,false,39,800,4.875,,,false,"Decreto-ley 3/2023, annex; DOGC 9036, 08/11/2023; effective from 09/11/2023",100,60,municipality,decree_law_3_2023;t2h3-cgys,,2026-08-21T18:25:40Z,0.2.0,,A score of 100 only means the municipality is outside the regional special regime; local planning has not been reviewed.,complete,100,100,100,,official,default,true
250637,Canejan,39,Val d'Aran,2025S1,false,4,96,4.166667,,,false,"Decreto-ley 3/2023, annex; DOGC 9036, 08/11/2023; effective from 09/11/2023",100,60,municipality,decree_law_3_2023;t2h3-cgys,,2026-08-21T18:25:40Z,0.2.0,,A score of 100 only means the municipality is outside the regional special regime; local planning has not been reviewed.,complete,100,100,100,,official,default,true
250642,Castellar de la Ribera,35,Solsonès,2025S1,false,1,131,0.763359,,,false,"Decreto-ley 3/2023, annex; DOGC 9036, 08/11/2023; effective from 09/11/2023",100,60,municipality,decree_law_3_2023;t2h3-cgys,,2026-08-21T18:25:40Z,0.2.0,,A score of 100 only means the municipality is outside the regional special regime; local planning has not been reviewed.,complete,100,100,100,,official,default,true
250674,Castelldans,18,Garrigues,2025S1,false,1,955,0.104712,,,false,"Decreto-ley 3/2023, annex; DOGC 9036, 08/11/2023; effective from 09/11/2023",100,60,municipality,decree_law_3_2023;t2h3-cgys,,2026-08-21T18:25:40Z,0.2.0,,A score of 100 only means the municipality is outside the regional special regime; local planning has not been reviewed.,complete,100,100,100,,official,default,true
250680,Castellnou de Seana,27,Pla d'Urgell,2025S1,false,0,733,0,,,false,"Decreto-ley 3/2023, annex; DOGC 9036, 08/11/2023; effective from 09/11/2023",100,60,municipality,decree_law_3_2023;t2h3-cgys,,2026-08-21T18:25:40Z,0.2.0,,A score of 100 only means the municipality is outside the regional special regime; local planning has not been reviewed.,complete,100,100,100,,official,default,true
250693,Castelló de Farfanya,23,Noguera,2025S1,false,2,548,0.364964,,,false,"Decreto-ley 3/2023, annex; DOGC 9036, 08/11/2023; effective from 09/11/2023",100,60,municipality,decree_law_3_2023;t2h3-cgys,,2026-08-21T18:25:40Z,0.2.0,,A score of 100 only means the municipality is outside the regional special regime; local planning has not been reviewed.,complete,100,100,100,,official,default,true
250707,Castellserà,38,Urgell,2025S1,false,3,987,0.303951,,,false,"Decreto-ley 3/2023, annex; DOGC 9036, 08/11/2023; effective from 09/11/2023",100,60,municipality,decree_law_3_2023;t2h3-cgys,,2026-08-21T18:25:40Z,0.2.0,,A score of 100 only means the municipality is outside the regional special regime; local planning has not been reviewed.,complete,100,100,100,,official,default,true
250714,Cava,04,Alt Urgell,2025S1,true,4,38,10.526316,,,false,"Decreto-ley 3/2023, annex; DOGC 9036, 08/11/2023; effective from 09/11/2023",40,70,municipality,decree_law_3_2023;t2h3-cgys,,2026-08-21T18:25:40Z,0.2.0,,A score of 100 only means the municipality is outside the regional special regime; local planning has not been reviewed.,complete,40,40,100,,official,default,true
250729,Cervera,32,Segarra,2025S1,true,7,9630,0.07269,,,false,"Decreto-ley 3/2023, annex; DOGC 9036, 08/11/2023; effective from 09/11/2023",40,70,municipality,decree_law_3_2023;t2h3-cgys,,2026-08-21T18:25:40Z,0.2.0,,A score of 100 only means the municipality is outside the regional special regime; local planning has not been reviewed.,complete,40,40,100,,official,default,true
250735,Cervià de les Garrigues,18,Garrigues,2025S1,false,7,637,1.098901,,,false,"Decreto-ley 3/2023, annex; DOGC 9036, 08/11/2023; effective from 09/11/2023",100,60,municipality,decree_law_3_2023;t2h3-cgys,,2026-08-21T18:25:40Z,0.2.0,,A score of 100 only means the municipality is outside the regional special regime; local planning has not been reviewed.,complete,100,100,100,,official,default,true
250740,Ciutadilla,38,Urgell,2025S1,false,0,186,0,,,false,"Decreto-ley 3/2023, annex; DOGC 9036, 08/11/2023; effective from 09/11/2023",100,60,municipality,decree_law_3_2023;t2h3-cgys,,2026-08-21T18:25:40Z,0.2.0,,A score of 100 only means the municipality is outside the regional special regime; local planning has not been reviewed.,complete,100,100,100,,official,default,true
250753,Clariana de Cardener,35,Solsonès,2025S1,false,1,160,0.625,,,false,"Decreto-ley 3/2023, annex; DOGC 9036, 08/11/2023; effective from 09/11/2023",100,60,municipality,decree_law_3_2023;t2h3-cgys,,2026-08-21T18:25:40Z,0.2.0,,A score of 100 only means the municipality is outside the regional special regime; local planning has not been reviewed.,complete,100,100,100,,official,default,true
250766,el Cogul,18,Garrigues,2025S1,false,0,162,0,,,false,"Decreto-ley 3/2023, annex; DOGC 9036, 08/11/2023; effective from 09/11/2023",100,60,municipality,decree_law_3_2023;t2h3-cgys,,2026-08-21T18:25:40Z,0.2.0,,A score of 100 only means the municipality is outside the regional special regime; local planning has not been reviewed.,complete,100,100,100,,official,default,true
250772,Coll de Nargó,04,Alt Urgell,2025S1,false,26,585,4.444444,,,false,"Decreto-ley 3/2023, annex; DOGC 9036, 08/11/2023; effective from 09/11/2023",100,60,municipality,decree_law_3_2023;t2h3-cgys,,2026-08-21T18:25:40Z,0.2.0,,A score of 100 only means the municipality is outside the regional special regime; local planning has not been reviewed.,complete,100,100,100,,official,default,true
250788,Corbins,33,Segrià,2025S1,false,2,1490,0.134228,,,false,"Decreto-ley 3/2023, annex; DOGC 9036, 08/11/2023; effective from 09/11/2023",100,60,municipality,decree_law_3_2023;t2h3-cgys,,2026-08-21T18:25:40Z,0.2.0,,A score of 100 only means the municipality is outside the regional special regime; local planning has not been reviewed.,complete,100,100,100,,official,default,true
250791,Cubells,23,Noguera,2025S1,false,7,354,1.977401,,,false,"Decreto-ley 3/2023, annex; DOGC 9036, 08/11/2023; effective from 09/11/2023",100,60,municipality,decree_law_3_2023;t2h3-cgys,,2026-08-21T18:25:40Z,0.2.0,,A score of 100 only means the municipality is outside the regional special regime; local planning has not been reviewed.,complete,100,100,100,,official,default,true
250812,l'Espluga Calba,18,Garrigues,2025S1,false,2,324,0.617284,,,false,"Decreto-ley 3/2023, annex; DOGC 9036, 08/11/2023; effective from 09/11/2023",100,60,municipality,decree_law_3_2023;t2h3-cgys,,2026-08-21T18:25:40Z,0.2.0,,A score of 100 only means the municipality is outside the regional special regime; local planning has not been reviewed.,complete,100,100,100,,official,default,true
250827,Espot,26,Pallars Sobirà,2025S1,true,83,377,22.015915,,,false,"Decreto-ley 3/2023, annex; DOGC 9036, 08/11/2023; effective from 09/11/2023",40,70,municipality,decree_law_3_2023;t2h3-cgys,,2026-08-21T18:25:40Z,0.2.0,,A score of 100 only means the municipality is outside the regional special regime; local planning has not been reviewed.,complete,40,40,100,,official,default,true
250851,Estaràs,32,Segarra,2025S1,false,0,161,0,,,false,"Decreto-ley 3/2023, annex; DOGC 9036, 08/11/2023; effective from 09/11/2023",100,60,municipality,decree_law_3_2023;t2h3-cgys,,2026-08-21T18:25:40Z,0.2.0,,A score of 100 only means the municipality is outside the regional special regime; local planning has not been reviewed.,complete,100,100,100,,official,default,true
250864,Esterri d'Àneu,26,Pallars Sobirà,2025S1,true,189,914,20.678337,,,false,"Decreto-ley 3/2023, annex; DOGC 9036, 08/11/2023; effective from 09/11/2023",40,70,municipality,decree_law_3_2023;t2h3-cgys,,2026-08-21T18:25:40Z,0.2.0,,A score of 100 only means the municipality is outside the regional special regime; local planning has not been reviewed.,complete,40,40,100,,official,default,true
250870,Esterri de Cardós,26,Pallars Sobirà,2025S1,false,3,63,4.761905,,,false,"Decreto-ley 3/2023, annex; DOGC 9036, 08/11/2023; effective from 09/11/2023",100,60,municipality,decree_law_3_2023;t2h3-cgys,,2026-08-21T18:25:40Z,0.2.0,,A score of 100 only means the municipality is outside the regional special regime; local planning has not been reviewed.,complete,100,100,100,,official,default,true
250886,Estamariu,04,Alt Urgell,2025S1,false,1,134,0.746269,,,false,"Decreto-ley 3/2023, annex; DOGC 9036, 08/11/2023; effective from 09/11/2023",100,60,municipality,decree_law_3_2023;t2h3-cgys,,2026-08-21T18:25:40Z,0.2.0,,A score of 100 only means the municipality is outside the regional special regime; local planning has not been reviewed.,complete,100,100,100,,official,default,true
250899,Farrera,26,Pallars Sobirà,2025S1,true,8,120,6.666667,,,false,"Decreto-ley 3/2023, annex; DOGC 9036, 08/11/2023; effective from 09/11/2023",40,70,municipality,decree_law_3_2023;t2h3-cgys,,2026-08-21T18:25:40Z,0.2.0,,A score of 100 only means the municipality is outside the regional special regime; local planning has not been reviewed.,complete,40,40,100,,official,default,true
250925,la Floresta,18,Garrigues,2025S1,false,0,159,0,,,false,"Decreto-ley 3/2023, annex; DOGC 9036, 08/11/2023; effective from 09/11/2023",100,60,municipality,decree_law_3_2023;t2h3-cgys,,2026-08-21T18:25:40Z,0.2.0,,A score of 100 only means the municipality is outside the regional special regime; local planning has not been reviewed.,complete,100,100,100,,official,default,true
250931,Fondarella,27,Pla d'Urgell,2025S1,false,0,828,0,,,false,"Decreto-ley 3/2023, annex; DOGC 9036, 08/11/2023; effective from 09/11/2023",100,60,municipality,decree_law_3_2023;t2h3-cgys,,2026-08-21T18:25:40Z,0.2.0,,A score of 100 only means the municipality is outside the regional special regime; local planning has not been reviewed.,complete,100,100,100,,official,default,true
250946,Foradada,23,Noguera,2025S1,true,13,194,6.701031,,,false,"Decreto-ley 3/2023, annex; DOGC 9036, 08/11/2023; effective from 09/11/2023",40,70,municipality,decree_law_3_2023;t2h3-cgys,,2026-08-21T18:25:40Z,0.2.0,,A score of 100 only means the municipality is outside the regional special regime; local planning has not been reviewed.,complete,40,40,100,,official,default,true
250962,la Fuliola,38,Urgell,2025S1,false,3,1277,0.234926,,,false,"Decreto-ley 3/2023, annex; DOGC 9036, 08/11/2023; effective from 09/11/2023",100,60,municipality,decree_law_3_2023;t2h3-cgys,,2026-08-21T18:25:40Z,0.2.0,,A score of 100 only means the municipality is outside the regional special regime; local planning has not been reviewed.,complete,100,100,100,,official,default,true
250978,Fulleda,18,Garrigues,2025S1,false,1,87,1.149425,,,false,"Decreto-ley 3/2023, annex; DOGC 9036, 08/11/2023; effective from 09/11/2023",100,60,municipality,decree_law_3_2023;t2h3-cgys,,2026-08-21T18:25:40Z,0.2.0,,A score of 100 only means the municipality is outside the regional special regime; local planning has not been reviewed.,complete,100,100,100,,official,default,true
250984,Gavet de la Conca,25,Pallars Jussà,2025S1,false,14,257,5.447471,,,false,"Decreto-ley 3/2023, annex; DOGC 9036, 08/11/2023; effective from 09/11/2023",100,60,municipality,decree_law_3_2023;t2h3-cgys,,2026-08-21T18:25:40Z,0.2.0,,A score of 100 only means the municipality is outside the regional special regime; local planning has not been reviewed.,complete,100,100,100,,official,default,true
250997,Golmés,27,Pla d'Urgell,2025S1,false,2,1914,0.104493,,,false,"Decreto-ley 3/2023, annex; DOGC 9036, 08/11/2023; effective from 09/11/2023",100,60,municipality,decree_law_3_2023;t2h3-cgys,,2026-08-21T18:25:40Z,0.2.0,,A score of 100 only means the municipality is outside the regional special regime; local planning has not been reviewed.,complete,100,100,100,,official,default,true
251001,Gósol,14,Berguedà,2025S1,true,14,207,6.763285,,,false,"Decreto-ley 3/2023, annex; DOGC 9036, 08/11/2023; effective from 09/11/2023",40,70,municipality,decree_law_3_2023;t2h3-cgys,,2026-08-21T18:25:40Z,0.2.0,,A score of 100 only means the municipality is outside the regional special regime; local planning has not been reviewed.,complete,40,40,100,,official,default,true
251018,la Granadella,18,Garrigues,2025S1,false,4,751,0.532623,,,false,"Decreto-ley 3/2023, annex; DOGC 9036, 08/11/2023; effective from 09/11/2023",100,60,municipality,decree_law_3_2023;t2h3-cgys,,2026-08-21T18:25:40Z,0.2.0,,A score of 100 only means the municipality is outside the regional special regime; local planning has not been reviewed.,complete,100,100,100,,official,default,true
251023,la Granja d'Escarp,33,Segrià,2025S1,false,0,994,0,,,false,"Decreto-ley 3/2023, annex; DOGC 9036, 08/11/2023; effective from 09/11/2023",100,60,municipality,decree_law_3_2023;t2h3-cgys,,2026-08-21T18:25:40Z,0.2.0,,A score of 100 only means the municipality is outside the regional special regime; local planning has not been reviewed.,complete,100,100,100,,official,default,true
251039,Granyanella,32,Segarra,2025S1,false,0,154,0,,,false,"Decreto-ley 3/2023, annex; DOGC 9036, 08/11/2023; effective from 09/11/2023",100,60,municipality,decree_law_3_2023;t2h3-cgys,,2026-08-21T18:25:40Z,0.2.0,,A score of 100 only means the municipality is outside the regional special regime; local planning has not been reviewed.,complete,100,100,100,,official,default,true
251044,Granyena de Segarra,32,Segarra,2025S1,false,2,149,1.342282,,,false,"Decreto-ley 3/2023, annex; DOGC 9036, 08/11/2023; effective from 09/11/2023",100,60,municipality,decree_law_3_2023;t2h3-cgys,,2026-08-21T18:25:40Z,0.2.0,,A score of 100 only means the municipality is outside the regional special regime; local planning has not been reviewed.,complete,100,100,100,,official,default,true
251057,Granyena de les Garrigues,18,Garrigues,2025S1,false,1,174,0.574713,,,false,"Decreto-ley 3/2023, annex; DOGC 9036, 08/11/2023; effective from 09/11/2023",100,60,municipality,decree_law_3_2023;t2h3-cgys,,2026-08-21T18:25:40Z,0.2.0,,A score of 100 only means the municipality is outside the regional special regime; local planning has not been reviewed.,complete,100,100,100,,official,default,true
251095,Guimerà,38,Urgell,2025S1,false,6,253,2.371542,,,false,"Decreto-ley 3/2023, annex; DOGC 9036, 08/11/2023; effective from 09/11/2023",100,60,municipality,decree_law_3_2023;t2h3-cgys,,2026-08-21T18:25:40Z,0.2.0,,A score of 100 only means the municipality is outside the regional special regime; local planning has not been reviewed.,complete,100,100,100,,official,default,true
251109,Guissona,32,Segarra,2025S1,true,0,7715,0,,,false,"Decreto-ley 3/2023, annex; DOGC 9036, 08/11/2023; effective from 09/11/2023",40,70,municipality,decree_law_3_2023;t2h3-cgys,,2026-08-21T18:25:40Z,0.2.0,,A score of 100 only means the municipality is outside the regional special regime; local planning has not been reviewed.,complete,40,40,100,,official,default,true
251116,Guixers,35,Solsonès,2025S1,false,6,125,4.8,,,false,"Decreto-ley 3/2023, annex; DOGC 9036, 08/11/2023; effective from 09/11/2023",100,60,municipality,decree_law_3_2023;t2h3-cgys,,2026-08-21T18:25:40Z,0.2.0,,A score of 100 only means the municipality is outside the regional special regime; local planning has not been reviewed.,complete,100,100,100,,official,default,true
251121,Ivars de Noguera,23,Noguera,2025S1,false,3,318,0.943396,,,false,"Decreto-ley 3/2023, annex; DOGC 9036, 08/11/2023; effective from 09/11/2023",100,60,municipality,decree_law_3_2023;t2h3-cgys,,2026-08-21T18:25:40Z,0.2.0,,A score of 100 only means the municipality is outside the regional special regime; local planning has not been reviewed.,complete,100,100,100,,official,default,true
251137,Ivars d'Urgell,27,Pla d'Urgell,2025S1,false,1,1598,0.062578,,,false,"Decreto-ley 3/2023, annex; DOGC 9036, 08/11/2023; effective from 09/11/2023",100,60,municipality,decree_law_3_2023;t2h3-cgys,,2026-08-21T18:25:40Z,0.2.0,,A score of 100 only means the municipality is outside the regional special regime; local planning has not been reviewed.,complete,100,100,100,,official,default,true
251142,Ivorra,32,Segarra,2025S1,false,0,101,0,,,false,"Decreto-ley 3/2023, annex; DOGC 9036, 08/11/2023; effective from 09/11/2023",100,60,municipality,decree_law_3_2023;t2h3-cgys,,2026-08-21T18:25:40Z,0.2.0,,A score of 100 only means the municipality is outside the regional special regime; local planning has not been reviewed.,complete,100,100,100,,official,default,true
251155,Isona i Conca Dellà,25,Pallars Jussà,2025S1,false,22,1034,2.12766,,,false,"Decreto-ley 3/2023, annex; DOGC 9036, 08/11/2023; effective from 09/11/2023",100,60,municipality,decree_law_3_2023;t2h3-cgys,,2026-08-21T18:25:40Z,0.2.0,,A score of 100 only means the municipality is outside the regional special regime; local planning has not been reviewed.,complete,100,100,100,,official,default,true
251180,Juncosa,18,Garrigues,2025S1,false,7,379,1.846966,,,false,"Decreto-ley 3/2023, annex; DOGC 9036, 08/11/2023; effective from 09/11/2023",100,60,municipality,decree_law_3_2023;t2h3-cgys,,2026-08-21T18:25:40Z,0.2.0,,A score of 100 only means the municipality is outside the regional special regime; local planning has not been reviewed.,complete,100,100,100,,official,default,true
251193,Juneda,18,Garrigues,2025S1,false,3,3523,0.085155,,,false,"Decreto-ley 3/2023, annex; DOGC 9036, 08/11/2023; effective from 09/11/2023",100,60,municipality,decree_law_3_2023;t2h3-cgys,,2026-08-21T18:25:40Z,0.2.0,,A score of 100 only means the municipality is outside the regional special regime; local planning has not been reviewed.,complete,100,100,100,,official,default,true
251207,Lleida,33,Segrià,2025S1,true,90,147369,0.061071,,,false,"Decreto-ley 3/2023, annex; DOGC 9036, 08/11/2023; effective from 09/11/2023",40,70,municipality,decree_law_3_2023;t2h3-cgys,,2026-08-21T18:25:40Z,0.2.0,,A score of 100 only means the municipality is outside the regional special regime; local planning has not been reviewed.,complete,40,40,100,,official,default,true
251214,Les,39,Val d'Aran,2025S1,false,46,1052,4.372624,,,false,"Decreto-ley 3/2023, annex; DOGC 9036, 08/11/2023; effective from 09/11/2023",100,60,municipality,decree_law_3_2023;t2h3-cgys,,2026-08-21T18:25:40Z,0.2.0,,A score of 100 only means the municipality is outside the regional special regime; local planning has not been reviewed.,complete,100,100,100,,official,default,true
251229,Linyola,27,Pla d'Urgell,2025S1,false,3,2755,0.108893,,,false,"Decreto-ley 3/2023, annex; DOGC 9036, 08/11/2023; effective from 09/11/2023",100,60,municipality,decree_law_3_2023;t2h3-cgys,,2026-08-21T18:25:40Z,0.2.0,,A score of 100 only means the municipality is outside the regional special regime; local planning has not been reviewed.,complete,100,100,100,,official,default,true
251235,Lladorre,26,Pallars Sobirà,2025S1,false,3,246,1.219512,,,false,"Decreto-ley 3/2023, annex; DOGC 9036, 08/11/2023; effective from 09/11/2023",100,60,municipality,decree_law_3_2023;t2h3-cgys,,2026-08-21T18:25:40Z,0.2.0,,A score of 100 only means the municipality is outside the regional special regime; local planning has not been reviewed.,complete,100,100,100,,official,default,true
251240,Lladurs,35,Solsonès,2025S1,false,2,186,1.075269,,,false,"Decreto-ley 3/2023, annex; DOGC 9036, 08/11/2023; effective from 09/11/2023",100,60,municipality,decree_law_3_2023;t2h3-cgys,,2026-08-21T18:25:40Z,0.2.0,,A score of 100 only means the municipality is outside the regional special regime; local planning has not been reviewed.,complete,100,100,100,,official,default,true
251253,Llardecans,33,Segrià,2025S1,false,1,444,0.225225,,,false,"Decreto-ley 3/2023, annex; DOGC 9036, 08/11/2023; effective from 09/11/2023",100,60,municipality,decree_law_3_2023;t2h3-cgys,,2026-08-21T18:25:40Z,0.2.0,,A score of 100 only means the municipality is outside the regional special regime; local planning has not been reviewed.,complete,100,100,100,,official,default,true
251266,Llavorsí,26,Pallars Sobirà,2025S1,true,45,343,13.119534,,,false,"Decreto-ley 3/2023, annex; DOGC 9036, 08/11/2023; effective from 09/11/2023",40,70,municipality,decree_law_3_2023;t2h3-cgys,,2026-08-21T18:25:40Z,0.2.0,,A score of 100 only means the municipality is outside the regional special regime; local planning has not been reviewed.,complete,40,40,100,,official,default,true
251272,Lles de Cerdanya,15,Cerdanya,2025S1,false,8,294,2.721088,,,false,"Decreto-ley 3/2023, annex; DOGC 9036, 08/11/2023; effective from 09/11/2023",100,60,municipality,decree_law_3_2023;t2h3-cgys,,2026-08-21T18:25:40Z,0.2.0,,A score of 100 only means the municipality is outside the regional special regime; local planning has not been reviewed.,complete,100,100,100,,official,default,true
251288,Llimiana,25,Pallars Jussà,2025S1,false,5,130,3.846154,,,false,"Decreto-ley 3/2023, annex; DOGC 9036, 08/11/2023; effective from 09/11/2023",100,60,municipality,decree_law_3_2023;t2h3-cgys,,2026-08-21T18:25:40Z,0.2.0,,A score of 100 only means the municipality is outside the regional special regime; local planning has not been reviewed.,complete,100,100,100,,official,default,true
251291,Llobera,35,Solsonès,2025S1,false,0,201,0,,,false,"Decreto-ley 3/2023, annex; DOGC 9036, 08/11/2023; effective from 09/11/2023",100,60,municipality,decree_law_3_2023;t2h3-cgys,,2026-08-21T18:25:40Z,0.2.0,,A score of 100 only means the municipality is outside the regional special regime; local planning has not been reviewed.,complete,100,100,100,,official,default,true
251305,Maldà,38,Urgell,2025S1,false,4,240,1.666667,,,false,"Decreto-ley 3/2023, annex; DOGC 9036, 08/11/2023; effective from 09/11/2023",100,60,municipality,decree_law_3_2023;t2h3-cgys,,2026-08-21T18:25:40Z,0.2.0,,A score of 100 only means the municipality is outside the regional special regime; local planning has not been reviewed.,complete,100,100,100,,official,default,true
251312,Massalcoreig,33,Segrià,2025S1,false,0,589,0,,,false,"Decreto-ley 3/2023, annex; DOGC 9036, 08/11/2023; effective from 09/11/2023",100,60,municipality,decree_law_3_2023;t2h3-cgys,,2026-08-21T18:25:40Z,0.2.0,,A score of 100 only means the municipality is outside the regional special regime; local planning has not been reviewed.,complete,100,100,100,,official,default,true
251327,Massoteres,32,Segarra,2025S1,false,2,226,0.884956,,,false,"Decreto-ley 3/2023, annex; DOGC 9036, 08/11/2023; effective from 09/11/2023",100,60,municipality,decree_law_3_2023;t2h3-cgys,,2026-08-21T18:25:40Z,0.2.0,,A score of 100 only means the municipality is outside the regional special regime; local planning has not been reviewed.,complete,100,100,100,,official,default,true
251333,Maials,33,Segrià,2025S1,false,0,945,0,,,false,"Decreto-ley 3/2023, annex; DOGC 9036, 08/11/2023; effective from 09/11/2023",100,60,municipality,decree_law_3_2023;t2h3-cgys,,2026-08-21T18:25:40Z,0.2.0,,A score of 100 only means the municipality is outside the regional special regime; local planning has not been reviewed.,complete,100,100,100,,official,default,true
251348,Menàrguens,23,Noguera,2025S1,false,1,802,0.124688,,,false,"Decreto-ley 3/2023, annex; DOGC 9036, 08/11/2023; effective from 09/11/2023",100,60,municipality,decree_law_3_2023;t2h3-cgys,,2026-08-21T18:25:40Z,0.2.0,,A score of 100 only means the municipality is outside the regional special regime; local planning has not been reviewed.,complete,100,100,100,,official,default,true
251351,Miralcamp,27,Pla d'Urgell,2025S1,false,0,1359,0,,,false,"Decreto-ley 3/2023, annex; DOGC 9036, 08/11/2023; effective from 09/11/2023",100,60,municipality,decree_law_3_2023;t2h3-cgys,,2026-08-21T18:25:40Z,0.2.0,,A score of 100 only means the municipality is outside the regional special regime; local planning has not been reviewed.,complete,100,100,100,,official,default,true
251364,la Molsosa,35,Solsonès,2025S1,false,0,101,0,,,false,"Decreto-ley 3/2023, annex; DOGC 9036, 08/11/2023; effective from 09/11/2023",100,60,municipality,decree_law_3_2023;t2h3-cgys,,2026-08-21T18:25:40Z,0.2.0,,A score of 100 only means the municipality is outside the regional special regime; local planning has not been reviewed.,complete,100,100,100,,official,default,true
251370,Mollerussa,27,Pla d'Urgell,2025S1,true,5,16016,0.031219,,,false,"Decreto-ley 3/2023, annex; DOGC 9036, 08/11/2023; effective from 09/11/2023",40,70,municipality,decree_law_3_2023;t2h3-cgys,,2026-08-21T18:25:40Z,0.2.0,,A score of 100 only means the municipality is outside the regional special regime; local planning has not been reviewed.,complete,40,40,100,,official,default,true
251386,Montgai,23,Noguera,2025S1,false,1,643,0.155521,,,false,"Decreto-ley 3/2023, annex; DOGC 9036, 08/11/2023; effective from 09/11/2023",100,60,municipality,decree_law_3_2023;t2h3-cgys,,2026-08-21T18:25:40Z,0.2.0,,A score of 100 only means the municipality is outside the regional special regime; local planning has not been reviewed.,complete,100,100,100,,official,default,true
251399,Montellà i Martinet,15,Cerdanya,2025S1,true,48,605,7.933884,,,false,"Decreto-ley 3/2023, annex; DOGC 9036, 08/11/2023; effective from 09/11/2023",40,70,municipality,decree_law_3_2023;t2h3-cgys,,2026-08-21T18:25:40Z,0.2.0,,A score of 100 only means the municipality is outside the regional special regime; local planning has not been reviewed.,complete,40,40,100,,official,default,true
251403,Montferrer i Castellbò,04,Alt Urgell,2025S1,false,27,1161,2.325581,,,false,"Decreto-ley 3/2023, annex; DOGC 9036, 08/11/2023; effective from 09/11/2023",100,60,municipality,decree_law_3_2023;t2h3-cgys,,2026-08-21T18:25:40Z,0.2.0,,A score of 100 only means the municipality is outside the regional special regime; local planning has not been reviewed.,complete,100,100,100,,official,default,true
251410,Montoliu de Segarra,32,Segarra,2025S1,false,2,182,1.098901,,,false,"Decreto-ley 3/2023, annex; DOGC 9036, 08/11/2023; effective from 09/11/2023",100,60,municipality,decree_law_3_2023;t2h3-cgys,,2026-08-21T18:25:40Z,0.2.0,,A score of 100 only means the municipality is outside the regional special regime; local planning has not been reviewed.,complete,100,100,100,,official,default,true
251425,Montoliu de Lleida,33,Segrià,2025S1,false,0,491,0,,,false,"Decreto-ley 3/2023, annex; DOGC 9036, 08/11/2023; effective from 09/11/2023",100,60,municipality,decree_law_3_2023;t2h3-cgys,,2026-08-21T18:25:40Z,0.2.0,,A score of 100 only means the municipality is outside the regional special regime; local planning has not been reviewed.,complete,100,100,100,,official,default,true
251431,Montornès de Segarra,32,Segarra,2025S1,false,2,87,2.298851,,,false,"Decreto-ley 3/2023, annex; DOGC 9036, 08/11/2023; effective from 09/11/2023",100,60,municipality,decree_law_3_2023;t2h3-cgys,,2026-08-21T18:25:40Z,0.2.0,,A score of 100 only means the municipality is outside the regional special regime; local planning has not been reviewed.,complete,100,100,100,,official,default,true
251459,Nalec,38,Urgell,2025S1,false,4,91,4.395604,,,false,"Decreto-ley 3/2023, annex; DOGC 9036, 08/11/2023; effective from 09/11/2023",100,60,municipality,decree_law_3_2023;t2h3-cgys,,2026-08-21T18:25:40Z,0.2.0,,A score of 100 only means the municipality is outside the regional special regime; local planning has not been reviewed.,complete,100,100,100,,official,default,true
251462,Navès,35,Solsonès,2025S1,false,6,297,2.020202,,,false,"Decreto-ley 3/2023, annex; DOGC 9036, 08/11/2023; effective from 09/11/2023",100,60,municipality,decree_law_3_2023;t2h3-cgys,,2026-08-21T18:25:40Z,0.2.0,,A score of 100 only means the municipality is outside the regional special regime; local planning has not been reviewed.,complete,100,100,100,,official,default,true
251484,Odèn,35,Solsonès,2025S1,false,10,230,4.347826,,,false,"Decreto-ley 3/2023, annex; DOGC 9036, 08/11/2023; effective from 09/11/2023",100,60,municipality,decree_law_3_2023;t2h3-cgys,,2026-08-21T18:25:40Z,0.2.0,,A score of 100 only means the municipality is outside the regional special regime; local planning has not been reviewed.,complete,100,100,100,,official,default,true
251497,Oliana,04,Alt Urgell,2025S1,false,7,1869,0.374532,,,false,"Decreto-ley 3/2023, annex; DOGC 9036, 08/11/2023; effective from 09/11/2023",100,60,municipality,decree_law_3_2023;t2h3-cgys,,2026-08-21T18:25:40Z,0.2.0,,A score of 100 only means the municipality is outside the regional special regime; local planning has not been reviewed.,complete,100,100,100,,official,default,true
251500,Oliola,23,Noguera,2025S1,false,2,192,1.041667,,,false,"Decreto-ley 3/2023, annex; DOGC 9036, 08/11/2023; effective from 09/11/2023",100,60,municipality,decree_law_3_2023;t2h3-cgys,,2026-08-21T18:25:40Z,0.2.0,,A score of 100 only means the municipality is outside the regional special regime; local planning has not been reviewed.,complete,100,100,100,,official,default,true
251517,Olius,35,Solsonès,2025S1,false,2,989,0.202224,,,false,"Decreto-ley 3/2023, annex; DOGC 9036, 08/11/2023; effective from 09/11/2023",100,60,municipality,decree_law_3_2023;t2h3-cgys,,2026-08-21T18:25:40Z,0.2.0,,A score of 100 only means the municipality is outside the regional special regime; local planning has not been reviewed.,complete,100,100,100,,official,default,true
251522,les Oluges,32,Segarra,2025S1,false,0,167,0,,,false,"Decreto-ley 3/2023, annex; DOGC 9036, 08/11/2023; effective from 09/11/2023",100,60,municipality,decree_law_3_2023;t2h3-cgys,,2026-08-21T18:25:40Z,0.2.0,,A score of 100 only means the municipality is outside the regional special regime; local planning has not been reviewed.,complete,100,100,100,,official,default,true
251538,els Omellons,18,Garrigues,2025S1,false,2,187,1.069519,,,false,"Decreto-ley 3/2023, annex; DOGC 9036, 08/11/2023; effective from 09/11/2023",100,60,municipality,decree_law_3_2023;t2h3-cgys,,2026-08-21T18:25:40Z,0.2.0,,A score of 100 only means the municipality is outside the regional special regime; local planning has not been reviewed.,complete,100,100,100,,official,default,true
251543,els Omells de na Gaia,38,Urgell,2025S1,false,5,126,3.968254,,,false,"Decreto-ley 3/2023, annex; DOGC 9036, 08/11/2023; effective from 09/11/2023",100,60,municipality,decree_law_3_2023;t2h3-cgys,,2026-08-21T18:25:40Z,0.2.0,,A score of 100 only means the municipality is outside the regional special regime; local planning has not been reviewed.,complete,100,100,100,,official,default,true
251556,Organyà,04,Alt Urgell,2025S1,false,21,851,2.467685,,,false,"Decreto-ley 3/2023, annex; DOGC 9036, 08/11/2023; effective from 09/11/2023",100,60,municipality,decree_law_3_2023;t2h3-cgys,,2026-08-21T18:25:40Z,0.2.0,,A score of 100 only means the municipality is outside the regional special regime; local planning has not been reviewed.,complete,100,100,100,,official,default,true
251569,Os de Balaguer,23,Noguera,2025S1,false,13,1094,1.1883,,,false,"Decreto-ley 3/2023, annex; DOGC 9036, 08/11/2023; effective from 09/11/2023",100,60,municipality,decree_law_3_2023;t2h3-cgys,,2026-08-21T18:25:40Z,0.2.0,,A score of 100 only means the municipality is outside the regional special regime; local planning has not been reviewed.,complete,100,100,100,,official,default,true
251575,Ossó de Sió,38,Urgell,2025S1,false,1,200,0.5,,,false,"Decreto-ley 3/2023, annex; DOGC 9036, 08/11/2023; effective from 09/11/2023",100,60,municipality,decree_law_3_2023;t2h3-cgys,,2026-08-21T18:25:40Z,0.2.0,,A score of 100 only means the municipality is outside the regional special regime; local planning has not been reviewed.,complete,100,100,100,,official,default,true
251581,el Palau d'Anglesola,27,Pla d'Urgell,2025S1,false,0,2225,0,,,false,"Decreto-ley 3/2023, annex; DOGC 9036, 08/11/2023; effective from 09/11/2023",100,60,municipality,decree_law_3_2023;t2h3-cgys,,2026-08-21T18:25:40Z,0.2.0,,A score of 100 only means the municipality is outside the regional special regime; local planning has not been reviewed.,complete,100,100,100,,official,default,true
251615,Conca de Dalt,25,Pallars Jussà,2025S1,false,17,439,3.872437,,,false,"Decreto-ley 3/2023, annex; DOGC 9036, 08/11/2023; effective from 09/11/2023",100,60,municipality,decree_law_3_2023;t2h3-cgys,,2026-08-21T18:25:40Z,0.2.0,,A score of 100 only means the municipality is outside the regional special regime; local planning has not been reviewed.,complete,100,100,100,,official,default,true
251636,la Coma i la Pedra,35,Solsonès,2025S1,true,24,278,8.633094,,,false,"Decreto-ley 3/2023, annex; DOGC 9036, 08/11/2023; effective from 09/11/2023",40,70,municipality,decree_law_3_2023;t2h3-cgys,,2026-08-21T18:25:40Z,0.2.0,,A score of 100 only means the municipality is outside the regional special regime; local planning has not been reviewed.,complete,40,40,100,,official,default,true
251641,Penelles,23,Noguera,2025S1,false,7,431,1.62413,,,false,"Decreto-ley 3/2023, annex; DOGC 9036, 08/11/2023; effective from 09/11/2023",100,60,municipality,decree_law_3_2023;t2h3-cgys,,2026-08-21T18:25:40Z,0.2.0,,A score of 100 only means the municipality is outside the regional special regime; local planning has not been reviewed.,complete,100,100,100,,official,default,true
251654,Peramola,04,Alt Urgell,2025S1,false,10,339,2.949853,,,false,"Decreto-ley 3/2023, annex; DOGC 9036, 08/11/2023; effective from 09/11/2023",100,60,municipality,decree_law_3_2023;t2h3-cgys,,2026-08-21T18:25:40Z,0.2.0,,A score of 100 only means the municipality is outside the regional special regime; local planning has not been reviewed.,complete,100,100,100,,official,default,true
251667,Pinell de Solsonès,35,Solsonès,2025S1,false,2,198,1.010101,,,false,"Decreto-ley 3/2023, annex; DOGC 9036, 08/11/2023; effective from 09/11/2023",100,60,municipality,decree_law_3_2023;t2h3-cgys,,2026-08-21T18:25:40Z,0.2.0,,A score of 100 only means the municipality is outside the regional special regime; local planning has not been reviewed.,complete,100,100,100,,official,default,true
251673,Pinós,35,Solsonès,2025S1,false,0,274,0,,,false,"Decreto-ley 3/2023, annex; DOGC 9036, 08/11/2023; effective from 09/11/2023",100,60,municipality,decree_law_3_2023;t2h3-cgys,,2026-08-21T18:25:40Z,0.2.0,,A score of 100 only means the municipality is outside the regional special regime; local planning has not been reviewed.,complete,100,100,100,,official,default,true
251689,el Poal,27,Pla d'Urgell,2025S1,false,0,648,0,,,false,"Decreto-ley 3/2023, annex; DOGC 9036, 08/11/2023; effective from 09/11/2023",100,60,municipality,decree_law_3_2023;t2h3-cgys,,2026-08-21T18:25:40Z,0.2.0,,A score of 100 only means the municipality is outside the regional special regime; local planning has not been reviewed.,complete,100,100,100,,official,default,true
251692,la Pobla de Cérvoles,18,Garrigues,2025S1,false,6,208,2.884615,,,false,"Decreto-ley 3/2023, annex; DOGC 9036, 08/11/2023; effective from 09/11/2023",100,60,municipality,decree_law_3_2023;t2h3-cgys,,2026-08-21T18:25:40Z,0.2.0,,A score of 100 only means the municipality is outside the regional special regime; local planning has not been reviewed.,complete,100,100,100,,official,default,true
251706,Bellaguarda,18,Garrigues,2025S1,false,3,287,1.045296,,,false,"Decreto-ley 3/2023, annex; DOGC 9036, 08/11/2023; effective from 09/11/2023",100,60,municipality,decree_law_3_2023;t2h3-cgys,,2026-08-21T18:25:40Z,0.2.0,,A score of 100 only means the municipality is outside the regional special regime; local planning has not been reviewed.,complete,100,100,100,,official,default,true
251713,la Pobla de Segur,25,Pallars Jussà,2025S1,false,52,3179,1.635735,,,false,"Decreto-ley 3/2023, annex; DOGC 9036, 08/11/2023; effective from 09/11/2023",100,60,municipality,decree_law_3_2023;t2h3-cgys,,2026-08-21T18:25:40Z,0.2.0,,A score of 100 only means the municipality is outside the regional special regime; local planning has not been reviewed.,complete,100,100,100,,official,default,true
251728,Ponts,23,Noguera,2025S1,false,6,2639,0.227359,,,false,"Decreto-ley 3/2023, annex; DOGC 9036, 08/11/2023; effective from 09/11/2023",100,60,municipality,decree_law_3_2023;t2h3-cgys,,2026-08-21T18:25:40Z,0.2.0,,A score of 100 only means the municipality is outside the regional special regime; local planning has not been reviewed.,complete,100,100,100,,official,default,true
251734,el Pont de Suert,05,Alta Ribagorça,2025S1,false,52,2425,2.14433,,,false,"Decreto-ley 3/2023, annex; DOGC 9036, 08/11/2023; effective from 09/11/2023",100,60,municipality,decree_law_3_2023;t2h3-cgys,,2026-08-21T18:25:40Z,0.2.0,,A score of 100 only means the municipality is outside the regional special regime; local planning has not been reviewed.,complete,100,100,100,,official,default,true
251749,la Portella,33,Segrià,2025S1,false,0,730,0,,,false,"Decreto-ley 3/2023, annex; DOGC 9036, 08/11/2023; effective from 09/11/2023",100,60,municipality,decree_law_3_2023;t2h3-cgys,,2026-08-21T18:25:40Z,0.2.0,,A score of 100 only means the municipality is outside the regional special regime; local planning has not been reviewed.,complete,100,100,100,,official,default,true
251752,Prats i Sansor,15,Cerdanya,2025S1,true,23,252,9.126984,,,false,"Decreto-ley 3/2023, annex; DOGC 9036, 08/11/2023; effective from 09/11/2023",40,70,municipality,decree_law_3_2023;t2h3-cgys,,2026-08-21T18:25:40Z,0.2.0,,A score of 100 only means the municipality is outside the regional special regime; local planning has not been reviewed.,complete,40,40,100,,official,default,true
251765,Preixana,38,Urgell,2025S1,false,5,400,1.25,,,false,"Decreto-ley 3/2023, annex; DOGC 9036, 08/11/2023; effective from 09/11/2023",100,60,municipality,decree_law_3_2023;t2h3-cgys,,2026-08-21T18:25:40Z,0.2.0,,A score of 100 only means the municipality is outside the regional special regime; local planning has not been reviewed.,complete,100,100,100,,official,default,true
251771,Preixens,23,Noguera,2025S1,false,4,399,1.002506,,,false,"Decreto-ley 3/2023, annex; DOGC 9036, 08/11/2023; effective from 09/11/2023",100,60,municipality,decree_law_3_2023;t2h3-cgys,,2026-08-21T18:25:40Z,0.2.0,,A score of 100 only means the municipality is outside the regional special regime; local planning has not been reviewed.,complete,100,100,100,,official,default,true
251790,Prullans,15,Cerdanya,2025S1,false,12,270,4.444444,,,false,"Decreto-ley 3/2023, annex; DOGC 9036, 08/11/2023; effective from 09/11/2023",100,60,municipality,decree_law_3_2023;t2h3-cgys,,2026-08-21T18:25:40Z,0.2.0,,A score of 100 only means the municipality is outside the regional special regime; local planning has not been reviewed.,complete,100,100,100,,official,default,true
251804,Puiggròs,18,Garrigues,2025S1,false,2,270,0.740741,,,false,"Decreto-ley 3/2023, annex; DOGC 9036, 08/11/2023; effective from 09/11/2023",100,60,municipality,decree_law_3_2023;t2h3-cgys,,2026-08-21T18:25:40Z,0.2.0,,A score of 100 only means the municipality is outside the regional special regime; local planning has not been reviewed.,complete,100,100,100,,official,default,true
251811,Puigverd d'Agramunt,38,Urgell,2025S1,false,1,239,0.41841,,,false,"Decreto-ley 3/2023, annex; DOGC 9036, 08/11/2023; effective from 09/11/2023",100,60,municipality,decree_law_3_2023;t2h3-cgys,,2026-08-21T18:25:40Z,0.2.0,,A score of 100 only means the municipality is outside the regional special regime; local planning has not been reviewed.,complete,100,100,100,,official,default,true
251826,Puigverd de Lleida,33,Segrià,2025S1,false,1,1416,0.070621,,,false,"Decreto-ley 3/2023, annex; DOGC 9036, 08/11/2023; effective from 09/11/2023",100,60,municipality,decree_law_3_2023;t2h3-cgys,,2026-08-21T18:25:40Z,0.2.0,,A score of 100 only means the municipality is outside the regional special regime; local planning has not been reviewed.,complete,100,100,100,,official,default,true
251832,Rialp,26,Pallars Sobirà,2025S1,true,81,651,12.442396,,,false,"Decreto-ley 3/2023, annex; DOGC 9036, 08/11/2023; effective from 09/11/2023",40,70,municipality,decree_law_3_2023;t2h3-cgys,,2026-08-21T18:25:40Z,0.2.0,,A score of 100 only means the municipality is outside the regional special regime; local planning has not been reviewed.,complete,40,40,100,,official,default,true
251850,Ribera d'Urgellet,04,Alt Urgell,2025S1,false,22,982,2.240326,,,false,"Decreto-ley 3/2023, annex; DOGC 9036, 08/11/2023; effective from 09/11/2023",100,60,municipality,decree_law_3_2023;t2h3-cgys,,2026-08-21T18:25:40Z,0.2.0,,A score of 100 only means the municipality is outside the regional special regime; local planning has not been reviewed.,complete,100,100,100,,official,default,true
251863,Riner,35,Solsonès,2025S1,true,15,270,5.555556,,,false,"Decreto-ley 3/2023, annex; DOGC 9036, 08/11/2023; effective from 09/11/2023",40,70,municipality,decree_law_3_2023;t2h3-cgys,,2026-08-21T18:25:40Z,0.2.0,,A score of 100 only means the municipality is outside the regional special regime; local planning has not been reviewed.,complete,40,40,100,,official,default,true
251898,Rosselló,33,Segrià,2025S1,false,1,3398,0.029429,,,false,"Decreto-ley 3/2023, annex; DOGC 9036, 08/11/2023; effective from 09/11/2023",100,60,municipality,decree_law_3_2023;t2h3-cgys,,2026-08-21T18:25:40Z,0.2.0,,A score of 100 only means the municipality is outside the regional special regime; local planning has not been reviewed.,complete,100,100,100,,official,default,true
251902,Salàs de Pallars,25,Pallars Jussà,2025S1,false,19,368,5.163043,,,false,"Decreto-ley 3/2023, annex; DOGC 9036, 08/11/2023; effective from 09/11/2023",100,60,municipality,decree_law_3_2023;t2h3-cgys,,2026-08-21T18:25:40Z,0.2.0,,A score of 100 only means the municipality is outside the regional special regime; local planning has not been reviewed.,complete,100,100,100,,official,default,true
251919,Sanaüja,32,Segarra,2025S1,false,0,388,0,,,false,"Decreto-ley 3/2023, annex; DOGC 9036, 08/11/2023; effective from 09/11/2023",100,60,municipality,decree_law_3_2023;t2h3-cgys,,2026-08-21T18:25:40Z,0.2.0,,A score of 100 only means the municipality is outside the regional special regime; local planning has not been reviewed.,complete,100,100,100,,official,default,true
251924,Sant Guim de Freixenet,32,Segarra,2025S1,false,2,1233,0.162206,,,false,"Decreto-ley 3/2023, annex; DOGC 9036, 08/11/2023; effective from 09/11/2023",100,60,municipality,decree_law_3_2023;t2h3-cgys,,2026-08-21T18:25:40Z,0.2.0,,A score of 100 only means the municipality is outside the regional special regime; local planning has not been reviewed.,complete,100,100,100,,official,default,true
251930,Sant Llorenç de Morunys,35,Solsonès,2025S1,false,43,982,4.378819,,,false,"Decreto-ley 3/2023, annex; DOGC 9036, 08/11/2023; effective from 09/11/2023",100,60,municipality,decree_law_3_2023;t2h3-cgys,,2026-08-21T18:25:40Z,0.2.0,,A score of 100 only means the municipality is outside the regional special regime; local planning has not been reviewed.,complete,100,100,100,,official,default,true
251945,Sant Ramon,32,Segarra,2025S1,false,5,483,1.035197,,,false,"Decreto-ley 3/2023, annex; DOGC 9036, 08/11/2023; effective from 09/11/2023",100,60,municipality,decree_law_3_2023;t2h3-cgys,,2026-08-21T18:25:40Z,0.2.0,,A score of 100 only means the municipality is outside the regional special regime; local planning has not been reviewed.,complete,100,100,100,,official,default,true
251961,Sant Esteve de la Sarga,25,Pallars Jussà,2025S1,false,3,118,2.542373,,,false,"Decreto-ley 3/2023, annex; DOGC 9036, 08/11/2023; effective from 09/11/2023",100,60,municipality,decree_law_3_2023;t2h3-cgys,,2026-08-21T18:25:40Z,0.2.0,,A score of 100 only means the municipality is outside the regional special regime; local planning has not been reviewed.,complete,100,100,100,,official,default,true
251977,Sant Guim de la Plana,32,Segarra,2025S1,false,1,192,0.520833,,,false,"Decreto-ley 3/2023, annex; DOGC 9036, 08/11/2023; effective from 09/11/2023",100,60,municipality,decree_law_3_2023;t2h3-cgys,,2026-08-21T18:25:40Z,0.2.0,,A score of 100 only means the municipality is outside the regional special regime; local planning has not been reviewed.,complete,100,100,100,,official,default,true
252000,Sarroca de Lleida,33,Segrià,2025S1,false,1,383,0.261097,,,false,"Decreto-ley 3/2023, annex; DOGC 9036, 08/11/2023; effective from 09/11/2023",100,60,municipality,decree_law_3_2023;t2h3-cgys,,2026-08-21T18:25:40Z,0.2.0,,A score of 100 only means the municipality is outside the regional special regime; local planning has not been reviewed.,complete,100,100,100,,official,default,true
252017,Sarroca de Bellera,25,Pallars Jussà,2025S1,false,6,111,5.405405,,,false,"Decreto-ley 3/2023, annex; DOGC 9036, 08/11/2023; effective from 09/11/2023",100,60,municipality,decree_law_3_2023;t2h3-cgys,,2026-08-21T18:25:40Z,0.2.0,,A score of 100 only means the municipality is outside the regional special regime; local planning has not been reviewed.,complete,100,100,100,,official,default,true
252022,Senterada,25,Pallars Jussà,2025S1,true,9,161,5.590062,,,false,"Decreto-ley 3/2023, annex; DOGC 9036, 08/11/2023; effective from 09/11/2023",40,70,municipality,decree_law_3_2023;t2h3-cgys,,2026-08-21T18:25:40Z,0.2.0,,A score of 100 only means the municipality is outside the regional special regime; local planning has not been reviewed.,complete,40,40,100,,official,default,true
252038,la Seu d'Urgell,04,Alt Urgell,2025S1,true,53,13003,0.407598,,,false,"Decreto-ley 3/2023, annex; DOGC 9036, 08/11/2023; effective from 09/11/2023",40,70,municipality,decree_law_3_2023;t2h3-cgys,,2026-08-21T18:25:40Z,0.2.0,,A score of 100 only means the municipality is outside the regional special regime; local planning has not been reviewed.,complete,40,40,100,,official,default,true
252043,Seròs,33,Segrià,2025S1,false,2,1922,0.104058,,,false,"Decreto-ley 3/2023, annex; DOGC 9036, 08/11/2023; effective from 09/11/2023",100,60,municipality,decree_law_3_2023;t2h3-cgys,,2026-08-21T18:25:40Z,0.2.0,,A score of 100 only means the municipality is outside the regional special regime; local planning has not been reviewed.,complete,100,100,100,,official,default,true
252056,Sidamon,27,Pla d'Urgell,2025S1,false,0,757,0,,,false,"Decreto-ley 3/2023, annex; DOGC 9036, 08/11/2023; effective from 09/11/2023",100,60,municipality,decree_law_3_2023;t2h3-cgys,,2026-08-21T18:25:40Z,0.2.0,,A score of 100 only means the municipality is outside the regional special regime; local planning has not been reviewed.,complete,100,100,100,,official,default,true
252069,el Soleràs,18,Garrigues,2025S1,false,1,313,0.319489,,,false,"Decreto-ley 3/2023, annex; DOGC 9036, 08/11/2023; effective from 09/11/2023",100,60,municipality,decree_law_3_2023;t2h3-cgys,,2026-08-21T18:25:40Z,0.2.0,,A score of 100 only means the municipality is outside the regional special regime; local planning has not been reviewed.,complete,100,100,100,,official,default,true
252075,Solsona,35,Solsonès,2025S1,true,42,9741,0.431167,,,false,"Decreto-ley 3/2023, annex; DOGC 9036, 08/11/2023; effective from 09/11/2023",40,70,municipality,decree_law_3_2023;t2h3-cgys,,2026-08-21T18:25:40Z,0.2.0,,A score of 100 only means the municipality is outside the regional special regime; local planning has not been reviewed.,complete,40,40,100,,official,default,true
252081,Soriguera,26,Pallars Sobirà,2025S1,false,19,449,4.231626,,,false,"Decreto-ley 3/2023, annex; DOGC 9036, 08/11/2023; effective from 09/11/2023",100,60,municipality,decree_law_3_2023;t2h3-cgys,,2026-08-21T18:25:40Z,0.2.0,,A score of 100 only means the municipality is outside the regional special regime; local planning has not been reviewed.,complete,100,100,100,,official,default,true
252094,Sort,26,Pallars Sobirà,2025S1,true,127,2287,5.553126,,,false,"Decreto-ley 3/2023, annex; DOGC 9036, 08/11/2023; effective from 09/11/2023",40,70,municipality,decree_law_3_2023;t2h3-cgys,,2026-08-21T18:25:40Z,0.2.0,,A score of 100 only means the municipality is outside the regional special regime; local planning has not been reviewed.,complete,40,40,100,,official,default,true
252108,Soses,33,Segrià,2025S1,false,0,1884,0,,,false,"Decreto-ley 3/2023, annex; DOGC 9036, 08/11/2023; effective from 09/11/2023",100,60,municipality,decree_law_3_2023;t2h3-cgys,,2026-08-21T18:25:40Z,0.2.0,,A score of 100 only means the municipality is outside the regional special regime; local planning has not been reviewed.,complete,100,100,100,,official,default,true
252115,Sudanell,33,Segrià,2025S1,false,1,920,0.108696,,,false,"Decreto-ley 3/2023, annex; DOGC 9036, 08/11/2023; effective from 09/11/2023",100,60,municipality,decree_law_3_2023;t2h3-cgys,,2026-08-21T18:25:40Z,0.2.0,,A score of 100 only means the municipality is outside the regional special regime; local planning has not been reviewed.,complete,100,100,100,,official,default,true
252120,Sunyer,33,Segrià,2025S1,false,1,310,0.322581,,,false,"Decreto-ley 3/2023, annex; DOGC 9036, 08/11/2023; effective from 09/11/2023",100,60,municipality,decree_law_3_2023;t2h3-cgys,,2026-08-21T18:25:40Z,0.2.0,,A score of 100 only means the municipality is outside the regional special regime; local planning has not been reviewed.,complete,100,100,100,,official,default,true
252154,Talarn,25,Pallars Jussà,2025S1,false,12,559,2.146691,,,false,"Decreto-ley 3/2023, annex; DOGC 9036, 08/11/2023; effective from 09/11/2023",100,60,municipality,decree_law_3_2023;t2h3-cgys,,2026-08-21T18:25:40Z,0.2.0,,A score of 100 only means the municipality is outside the regional special regime; local planning has not been reviewed.,complete,100,100,100,,official,default,true
252167,Talavera,32,Segarra,2025S1,false,4,281,1.423488,,,false,"Decreto-ley 3/2023, annex; DOGC 9036, 08/11/2023; effective from 09/11/2023",100,60,municipality,decree_law_3_2023;t2h3-cgys,,2026-08-21T18:25:40Z,0.2.0,,A score of 100 only means the municipality is outside the regional special regime; local planning has not been reviewed.,complete,100,100,100,,official,default,true
252173,Tàrrega,38,Urgell,2025S1,true,26,18991,0.136907,,,false,"Decreto-ley 3/2023, annex; DOGC 9036, 08/11/2023; effective from 09/11/2023",40,70,municipality,decree_law_3_2023;t2h3-cgys,,2026-08-21T18:25:40Z,0.2.0,,A score of 100 only means the municipality is outside the regional special regime; local planning has not been reviewed.,complete,40,40,100,,official,default,true
252189,Tarrés,18,Garrigues,2025S1,false,8,125,6.4,,,false,"Decreto-ley 3/2023, annex; DOGC 9036, 08/11/2023; effective from 09/11/2023",100,60,municipality,decree_law_3_2023;t2h3-cgys,,2026-08-21T18:25:40Z,0.2.0,,A score of 100 only means the municipality is outside the regional special regime; local planning has not been reviewed.,complete,100,100,100,,official,default,true
252192,Tarroja de Segarra,32,Segarra,2025S1,false,2,163,1.226994,,,false,"Decreto-ley 3/2023, annex; DOGC 9036, 08/11/2023; effective from 09/11/2023",100,60,municipality,decree_law_3_2023;t2h3-cgys,,2026-08-21T18:25:40Z,0.2.0,,A score of 100 only means the municipality is outside the regional special regime; local planning has not been reviewed.,complete,100,100,100,,official,default,true
252206,Térmens,23,Noguera,2025S1,false,0,1345,0,,,false,"Decreto-ley 3/2023, annex; DOGC 9036, 08/11/2023; effective from 09/11/2023",100,60,municipality,decree_law_3_2023;t2h3-cgys,,2026-08-21T18:25:40Z,0.2.0,,A score of 100 only means the municipality is outside the regional special regime; local planning has not been reviewed.,complete,100,100,100,,official,default,true
252213,Tírvia,26,Pallars Sobirà,2025S1,false,4,139,2.877698,,,false,"Decreto-ley 3/2023, annex; DOGC 9036, 08/11/2023; effective from 09/11/2023",100,60,municipality,decree_law_3_2023;t2h3-cgys,,2026-08-21T18:25:40Z,0.2.0,,A score of 100 only means the municipality is outside the regional special regime; local planning has not been reviewed.,complete,100,100,100,,official,default,true
252228,Tiurana,23,Noguera,2025S1,true,6,69,8.695652,,,false,"Decreto-ley 3/2023, annex; DOGC 9036, 08/11/2023; effective from 09/11/2023",40,70,municipality,decree_law_3_2023;t2h3-cgys,,2026-08-21T18:25:40Z,0.2.0,,A score of 100 only means the municipality is outside the regional special regime; local planning has not been reviewed.,complete,40,40,100,,official,default,true
252234,Torà,35,Solsonès,2025S1,false,9,1230,0.731707,,,false,"Decreto-ley 3/2023, annex; DOGC 9036, 08/11/2023; effective from 09/11/2023",100,60,municipality,decree_law_3_2023;t2h3-cgys,,2026-08-21T18:25:40Z,0.2.0,,A score of 100 only means the municipality is outside the regional special regime; local planning has not been reviewed.,complete,100,100,100,,official,default,true
252249,els Torms,18,Garrigues,2025S1,false,1,135,0.740741,,,false,"Decreto-ley 3/2023, annex; DOGC 9036, 08/11/2023; effective from 09/11/2023",100,60,municipality,decree_law_3_2023;t2h3-cgys,,2026-08-21T18:25:40Z,0.2.0,,A score of 100 only means the municipality is outside the regional special regime; local planning has not been reviewed.,complete,100,100,100,,official,default,true
252252,Tornabous,38,Urgell,2025S1,false,1,828,0.120773,,,false,"Decreto-ley 3/2023, annex; DOGC 9036, 08/11/2023; effective from 09/11/2023",100,60,municipality,decree_law_3_2023;t2h3-cgys,,2026-08-21T18:25:40Z,0.2.0,,A score of 100 only means the municipality is outside the regional special regime; local planning has not been reviewed.,complete,100,100,100,,official,default,true
252265,Torrebesses,33,Segrià,2025S1,false,3,280,1.071429,,,false,"Decreto-ley 3/2023, annex; DOGC 9036, 08/11/2023; effective from 09/11/2023",100,60,municipality,decree_law_3_2023;t2h3-cgys,,2026-08-21T18:25:40Z,0.2.0,,A score of 100 only means the municipality is outside the regional special regime; local planning has not been reviewed.,complete,100,100,100,,official,default,true
252271,la Torre de Cabdella,25,Pallars Jussà,2025S1,true,44,760,5.789474,,,false,"Decreto-ley 3/2023, annex; DOGC 9036, 08/11/2023; effective from 09/11/2023",40,70,municipality,decree_law_3_2023;t2h3-cgys,,2026-08-21T18:25:40Z,0.2.0,,A score of 100 only means the municipality is outside the regional special regime; local planning has not been reviewed.,complete,40,40,100,,official,default,true
252287,Torrefarrera,33,Segrià,2025S1,false,1,4950,0.020202,,,false,"Decreto-ley 3/2023, annex; DOGC 9036, 08/11/2023; effective from 09/11/2023",100,60,municipality,decree_law_3_2023;t2h3-cgys,,2026-08-21T18:25:40Z,0.2.0,,A score of 100 only means the municipality is outside the regional special regime; local planning has not been reviewed.,complete,100,100,100,,official,default,true
252304,Torregrossa,27,Pla d'Urgell,2025S1,false,6,2285,0.262582,,,false,"Decreto-ley 3/2023, annex; DOGC 9036, 08/11/2023; effective from 09/11/2023",100,60,municipality,decree_law_3_2023;t2h3-cgys,,2026-08-21T18:25:40Z,0.2.0,,A score of 100 only means the municipality is outside the regional special regime; local planning has not been reviewed.,complete,100,100,100,,official,default,true
252311,Torrelameu,23,Noguera,2025S1,false,1,816,0.122549,,,false,"Decreto-ley 3/2023, annex; DOGC 9036, 08/11/2023; effective from 09/11/2023",100,60,municipality,decree_law_3_2023;t2h3-cgys,,2026-08-21T18:25:40Z,0.2.0,,A score of 100 only means the municipality is outside the regional special regime; local planning has not been reviewed.,complete,100,100,100,,official,default,true
252326,Torres de Segre,33,Segrià,2025S1,false,2,2295,0.087146,,,false,"Decreto-ley 3/2023, annex; DOGC 9036, 08/11/2023; effective from 09/11/2023",100,60,municipality,decree_law_3_2023;t2h3-cgys,,2026-08-21T18:25:40Z,0.2.0,,A score of 100 only means the municipality is outside the regional special regime; local planning has not been reviewed.,complete,100,100,100,,official,default,true
252332,Torre-serona,33,Segrià,2025S1,false,0,419,0,,,false,"Decreto-ley 3/2023, annex; DOGC 9036, 08/11/2023; effective from 09/11/2023",100,60,municipality,decree_law_3_2023;t2h3-cgys,,2026-08-21T18:25:40Z,0.2.0,,A score of 100 only means the municipality is outside the regional special regime; local planning has not been reviewed.,complete,100,100,100,,official,default,true
252347,Tremp,25,Pallars Jussà,2025S1,true,95,6156,1.54321,,,false,"Decreto-ley 3/2023, annex; DOGC 9036, 08/11/2023; effective from 09/11/2023",40,70,municipality,decree_law_3_2023;t2h3-cgys,,2026-08-21T18:25:40Z,0.2.0,,A score of 100 only means the municipality is outside the regional special regime; local planning has not been reviewed.,complete,40,40,100,,official,default,true
252385,Vallbona de les Monges,38,Urgell,2025S1,false,6,224,2.678571,,,false,"Decreto-ley 3/2023, annex; DOGC 9036, 08/11/2023; effective from 09/11/2023",100,60,municipality,decree_law_3_2023;t2h3-cgys,,2026-08-21T18:25:40Z,0.2.0,,A score of 100 only means the municipality is outside the regional special regime; local planning has not been reviewed.,complete,100,100,100,,official,default,true
252398,les Valls de Valira,04,Alt Urgell,2025S1,false,20,848,2.358491,,,false,"Decreto-ley 3/2023, annex; DOGC 9036, 08/11/2023; effective from 09/11/2023",100,60,municipality,decree_law_3_2023;t2h3-cgys,,2026-08-21T18:25:40Z,0.2.0,,A score of 100 only means the municipality is outside the regional special regime; local planning has not been reviewed.,complete,100,100,100,,official,default,true
252402,Vallfogona de Balaguer,23,Noguera,2025S1,false,6,2008,0.298805,,,false,"Decreto-ley 3/2023, annex; DOGC 9036, 08/11/2023; effective from 09/11/2023",100,60,municipality,decree_law_3_2023;t2h3-cgys,,2026-08-21T18:25:40Z,0.2.0,,A score of 100 only means the municipality is outside the regional special regime; local planning has not been reviewed.,complete,100,100,100,,official,default,true
252424,Verdú,38,Urgell,2025S1,false,3,874,0.343249,,,false,"Decreto-ley 3/2023, annex; DOGC 9036, 08/11/2023; effective from 09/11/2023",100,60,municipality,decree_law_3_2023;t2h3-cgys,,2026-08-21T18:25:40Z,0.2.0,,A score of 100 only means the municipality is outside the regional special regime; local planning has not been reviewed.,complete,100,100,100,,official,default,true
252430,Vielha e Mijaran,39,Val d'Aran,2025S1,true,305,5857,5.207444,,,false,"Decreto-ley 3/2023, annex; DOGC 9036, 08/11/2023; effective from 09/11/2023",40,70,municipality,decree_law_3_2023;t2h3-cgys,,2026-08-21T18:25:40Z,0.2.0,,A score of 100 only means the municipality is outside the regional special regime; local planning has not been reviewed.,complete,40,40,100,,official,default,true
252445,Vilagrassa,38,Urgell,2025S1,false,0,627,0,,,false,"Decreto-ley 3/2023, annex; DOGC 9036, 08/11/2023; effective from 09/11/2023",100,60,municipality,decree_law_3_2023;t2h3-cgys,,2026-08-21T18:25:40Z,0.2.0,,A score of 100 only means the municipality is outside the regional special regime; local planning has not been reviewed.,complete,100,100,100,,official,default,true
252458,Vilaller,05,Alta Ribagorça,2025S1,false,31,497,6.237425,,,false,"Decreto-ley 3/2023, annex; DOGC 9036, 08/11/2023; effective from 09/11/2023",100,60,municipality,decree_law_3_2023;t2h3-cgys,,2026-08-21T18:25:40Z,0.2.0,,A score of 100 only means the municipality is outside the regional special regime; local planning has not been reviewed.,complete,100,100,100,,official,default,true
252477,Vilamòs,39,Val d'Aran,2025S1,true,12,174,6.896552,,,false,"Decreto-ley 3/2023, annex; DOGC 9036, 08/11/2023; effective from 09/11/2023",40,70,municipality,decree_law_3_2023;t2h3-cgys,,2026-08-21T18:25:40Z,0.2.0,,A score of 100 only means the municipality is outside the regional special regime; local planning has not been reviewed.,complete,40,40,100,,official,default,true
252483,Vilanova de Bellpuig,27,Pla d'Urgell,2025S1,false,2,1149,0.174064,,,false,"Decreto-ley 3/2023, annex; DOGC 9036, 08/11/2023; effective from 09/11/2023",100,60,municipality,decree_law_3_2023;t2h3-cgys,,2026-08-21T18:25:40Z,0.2.0,,A score of 100 only means the municipality is outside the regional special regime; local planning has not been reviewed.,complete,100,100,100,,official,default,true
252496,Vilanova de l'Aguda,23,Noguera,2025S1,false,3,194,1.546392,,,false,"Decreto-ley 3/2023, annex; DOGC 9036, 08/11/2023; effective from 09/11/2023",100,60,municipality,decree_law_3_2023;t2h3-cgys,,2026-08-21T18:25:40Z,0.2.0,,A score of 100 only means the municipality is outside the regional special regime; local planning has not been reviewed.,complete,100,100,100,,official,default,true
252509,Vilanova de Meià,23,Noguera,2025S1,false,10,478,2.09205,,,false,"Decreto-ley 3/2023, annex; DOGC 9036, 08/11/2023; effective from 09/11/2023",100,60,municipality,decree_law_3_2023;t2h3-cgys,,2026-08-21T18:25:40Z,0.2.0,,A score of 100 only means the municipality is outside the regional special regime; local planning has not been reviewed.,complete,100,100,100,,official,default,true
252516,Vilanova de Segrià,33,Segrià,2025S1,false,1,1088,0.091912,,,false,"Decreto-ley 3/2023, annex; DOGC 9036, 08/11/2023; effective from 09/11/2023",100,60,municipality,decree_law_3_2023;t2h3-cgys,,2026-08-21T18:25:40Z,0.2.0,,A score of 100 only means the municipality is outside the regional special regime; local planning has not been reviewed.,complete,100,100,100,,official,default,true
252521,Vila-sana,27,Pla d'Urgell,2025S1,false,5,754,0.66313,,,false,"Decreto-ley 3/2023, annex; DOGC 9036, 08/11/2023; effective from 09/11/2023",100,60,municipality,decree_law_3_2023;t2h3-cgys,,2026-08-21T18:25:40Z,0.2.0,,A score of 100 only means the municipality is outside the regional special regime; local planning has not been reviewed.,complete,100,100,100,,official,default,true
252537,el Vilosell,18,Garrigues,2025S1,false,8,178,4.494382,,,false,"Decreto-ley 3/2023, annex; DOGC 9036, 08/11/2023; effective from 09/11/2023",100,60,municipality,decree_law_3_2023;t2h3-cgys,,2026-08-21T18:25:40Z,0.2.0,,A score of 100 only means the municipality is outside the regional special regime; local planning has not been reviewed.,complete,100,100,100,,official,default,true
252542,Vilanova de la Barca,33,Segrià,2025S1,false,0,1160,0,,,false,"Decreto-ley 3/2023, annex; DOGC 9036, 08/11/2023; effective from 09/11/2023",100,60,municipality,decree_law_3_2023;t2h3-cgys,,2026-08-21T18:25:40Z,0.2.0,,A score of 100 only means the municipality is outside the regional special regime; local planning has not been reviewed.,complete,100,100,100,,official,default,true
252555,Vinaixa,18,Garrigues,2025S1,false,7,435,1.609195,,,false,"Decreto-ley 3/2023, annex; DOGC 9036, 08/11/2023; effective from 09/11/2023",100,60,municipality,decree_law_3_2023;t2h3-cgys,,2026-08-21T18:25:40Z,0.2.0,,A score of 100 only means the municipality is outside the regional special regime; local planning has not been reviewed.,complete,100,100,100,,official,default,true
259010,Vall de Cardós,26,Pallars Sobirà,2025S1,true,22,391,5.626598,,,false,"Decreto-ley 3/2023, annex; DOGC 9036, 08/11/2023; effective from 09/11/2023",40,70,municipality,decree_law_3_2023;t2h3-cgys,,2026-08-21T18:25:40Z,0.2.0,,A score of 100 only means the municipality is outside the regional special regime; local planning has not been reviewed.,complete,40,40,100,,official,default,true
259025,Sant Martí de Riucorb,38,Urgell,2025S1,false,9,675,1.333333,,,false,"Decreto-ley 3/2023, annex; DOGC 9036, 08/11/2023; effective from 09/11/2023",100,60,municipality,decree_law_3_2023;t2h3-cgys,,2026-08-21T18:25:40Z,0.2.0,,A score of 100 only means the municipality is outside the regional special regime; local planning has not been reviewed.,complete,100,100,100,,official,default,true
259031,la Guingueta d'Àneu,26,Pallars Sobirà,2025S1,true,31,276,11.231884,,,false,"Decreto-ley 3/2023, annex; DOGC 9036, 08/11/2023; effective from 09/11/2023",40,70,municipality,decree_law_3_2023;t2h3-cgys,,2026-08-21T18:25:40Z,0.2.0,,A score of 100 only means the municipality is outside the regional special regime; local planning has not been reviewed.,complete,40,40,100,,official,default,true
259046,Castell de Mur,25,Pallars Jussà,2025S1,true,12,159,7.54717,,,false,"Decreto-ley 3/2023, annex; DOGC 9036, 08/11/2023; effective from 09/11/2023",40,70,municipality,decree_law_3_2023;t2h3-cgys,,2026-08-21T18:25:40Z,0.2.0,,A score of 100 only means the municipality is outside the regional special regime; local planning has not been reviewed.,complete,40,40,100,,official,default,true
259059,Ribera d'Ondara,32,Segarra,2025S1,false,6,436,1.376147,,,false,"Decreto-ley 3/2023, annex; DOGC 9036, 08/11/2023; effective from 09/11/2023",100,60,municipality,decree_law_3_2023;t2h3-cgys,,2026-08-21T18:25:40Z,0.2.0,,A score of 100 only means the municipality is outside the regional special regime; local planning has not been reviewed.,complete,100,100,100,,official,default,true
259062,les Valls d'Aguilar,04,Alt Urgell,2025S1,false,10,259,3.861004,,,false,"Decreto-ley 3/2023, annex; DOGC 9036, 08/11/2023; effective from 09/11/2023",100,60,municipality,decree_law_3_2023;t2h3-cgys,,2026-08-21T18:25:40Z,0.2.0,,A score of 100 only means the municipality is outside the regional special regime; local planning has not been reviewed.,complete,100,100,100,,official,default,true
259078,Torrefeta i Florejacs,32,Segarra,2025S1,false,6,593,1.011804,,,false,"Decreto-ley 3/2023, annex; DOGC 9036, 08/11/2023; effective from 09/11/2023",100,60,municipality,decree_law_3_2023;t2h3-cgys,,2026-08-21T18:25:40Z,0.2.0,,A score of 100 only means the municipality is outside the regional special regime; local planning has not been reviewed.,complete,100,100,100,,official,default,true
259084,Fígols i Alinyà,04,Alt Urgell,2025S1,false,8,235,3.404255,,,false,"Decreto-ley 3/2023, annex; DOGC 9036, 08/11/2023; effective from 09/11/2023",100,60,municipality,decree_law_3_2023;t2h3-cgys,,2026-08-21T18:25:40Z,0.2.0,,A score of 100 only means the municipality is outside the regional special regime; local planning has not been reviewed.,complete,100,100,100,,official,default,true
259097,la Vansa i Fórnols,04,Alt Urgell,2025S1,false,1,189,0.529101,,,false,"Decreto-ley 3/2023, annex; DOGC 9036, 08/11/2023; effective from 09/11/2023",100,60,municipality,decree_law_3_2023;t2h3-cgys,,2026-08-21T18:25:40Z,0.2.0,,A score of 100 only means the municipality is outside the regional special regime; local planning has not been reviewed.,complete,100,100,100,,official,default,true
259101,Josa i Tuixén,04,Alt Urgell,2025S1,true,5,110,4.545455,,,false,"Decreto-ley 3/2023, annex; DOGC 9036, 08/11/2023; effective from 09/11/2023",40,70,municipality,decree_law_3_2023;t2h3-cgys,,2026-08-21T18:25:40Z,0.2.0,,A score of 100 only means the municipality is outside the regional special regime; local planning has not been reviewed.,complete,40,40,100,,official,default,true
259118,els Plans de Sió,32,Segarra,2025S1,false,4,512,0.78125,,,false,"Decreto-ley 3/2023, annex; DOGC 9036, 08/11/2023; effective from 09/11/2023",100,60,municipality,decree_law_3_2023;t2h3-cgys,,2026-08-21T18:25:40Z,0.2.0,,A score of 100 only means the municipality is outside the regional special regime; local planning has not been reviewed.,complete,100,100,100,,official,default,true
259123,Gimenells i el Pla de la Font,33,Segrià,2025S1,false,0,1072,0,,,false,"Decreto-ley 3/2023, annex; DOGC 9036, 08/11/2023; effective from 09/11/2023",100,60,municipality,decree_law_3_2023;t2h3-cgys,,2026-08-21T18:25:40Z,0.2.0,,A score of 100 only means the municipality is outside the regional special regime; local planning has not been reviewed.,complete,100,100,100,,official,default,true
259139,Riu de Cerdanya,15,Cerdanya,2025S1,true,6,96,6.25,,,false,"Decreto-ley 3/2023, annex; DOGC 9036, 08/11/2023; effective from 09/11/2023",40,70,municipality,decree_law_3_2023;t2h3-cgys,,2026-08-21T18:25:40Z,0.2.0,,A score of 100 only means the municipality is outside the regional special regime; local planning has not been reviewed.,complete,40,40,100,,official,default,true
430017,Aiguamúrcia,01,Alt Camp,2025S1,false,17,1002,1.696607,,,false,"Decreto-ley 3/2023, annex; DOGC 9036, 08/11/2023; effective from 09/11/2023",100,60,municipality,decree_law_3_2023;t2h3-cgys,,2026-08-21T18:25:40Z,0.2.0,,A score of 100 only means the municipality is outside the regional special regime; local planning has not been reviewed.,complete,100,100,100,,official,default,true
430022,Albinyana,12,Baix Penedès,2025S1,false,9,2718,0.331126,,,false,"Decreto-ley 3/2023, annex; DOGC 9036, 08/11/2023; effective from 09/11/2023",100,60,municipality,decree_law_3_2023;t2h3-cgys,,2026-08-21T18:25:40Z,0.2.0,,A score of 100 only means the municipality is outside the regional special regime; local planning has not been reviewed.,complete,100,100,100,,official,default,true
430038,l'Albiol,08,Baix Camp,2025S1,false,6,556,1.079137,,,false,"Decreto-ley 3/2023, annex; DOGC 9036, 08/11/2023; effective from 09/11/2023",100,60,municipality,decree_law_3_2023;t2h3-cgys,,2026-08-21T18:25:40Z,0.2.0,,A score of 100 only means the municipality is outside the regional special regime; local planning has not been reviewed.,complete,100,100,100,,official,default,true
430043,Alcanar,22,Montsià,2025S1,true,487,10048,4.846736,,,false,"Decreto-ley 3/2023, annex; DOGC 9036, 08/11/2023; effective from 09/11/2023",40,70,municipality,decree_law_3_2023;t2h3-cgys,,2026-08-21T18:25:40Z,0.2.0,,A score of 100 only means the municipality is outside the regional special regime; local planning has not been reviewed.,complete,40,40,100,,official,default,true
430056,Alcover,01,Alt Camp,2025S1,false,10,5357,0.186672,,,false,"Decreto-ley 3/2023, annex; DOGC 9036, 08/11/2023; effective from 09/11/2023",100,60,municipality,decree_law_3_2023;t2h3-cgys,,2026-08-21T18:25:40Z,0.2.0,,A score of 100 only means the municipality is outside the regional special regime; local planning has not been reviewed.,complete,100,100,100,,official,default,true
430069,Aldover,09,Baix Ebre,2025S1,false,9,910,0.989011,,,false,"Decreto-ley 3/2023, annex; DOGC 9036, 08/11/2023; effective from 09/11/2023",100,60,municipality,decree_law_3_2023;t2h3-cgys,,2026-08-21T18:25:40Z,0.2.0,,A score of 100 only means the municipality is outside the regional special regime; local planning has not been reviewed.,complete,100,100,100,,official,default,true
430075,l'Aleixar,08,Baix Camp,2025S1,false,4,1026,0.389864,,,false,"Decreto-ley 3/2023, annex; DOGC 9036, 08/11/2023; effective from 09/11/2023",100,60,municipality,decree_law_3_2023;t2h3-cgys,,2026-08-21T18:25:40Z,0.2.0,,A score of 100 only means the municipality is outside the regional special regime; local planning has not been reviewed.,complete,100,100,100,,official,default,true
430081,Alfara de Carles,09,Baix Ebre,2025S1,false,17,355,4.788732,,,false,"Decreto-ley 3/2023, annex; DOGC 9036, 08/11/2023; effective from 09/11/2023",100,60,municipality,decree_law_3_2023;t2h3-cgys,,2026-08-21T18:25:40Z,0.2.0,,A score of 100 only means the municipality is outside the regional special regime; local planning has not been reviewed.,complete,100,100,100,,official,default,true
430094,Alforja,08,Baix Camp,2025S1,false,28,2031,1.378631,,,false,"Decreto-ley 3/2023, annex; DOGC 9036, 08/11/2023; effective from 09/11/2023",100,60,municipality,decree_law_3_2023;t2h3-cgys,,2026-08-21T18:25:40Z,0.2.0,,A score of 100 only means the municipality is outside the regional special regime; local planning has not been reviewed.,complete,100,100,100,,official,default,true
430108,Alió,01,Alt Camp,2025S1,false,0,499,0,,,false,"Decreto-ley 3/2023, annex; DOGC 9036, 08/11/2023; effective from 09/11/2023",100,60,municipality,decree_law_3_2023;t2h3-cgys,,2026-08-21T18:25:40Z,0.2.0,,A score of 100 only means the municipality is outside the regional special regime; local planning has not been reviewed.,complete,100,100,100,,official,default,true
430115,Almoster,08,Baix Camp,2025S1,false,7,1383,0.506146,,,false,"Decreto-ley 3/2023, annex; DOGC 9036, 08/11/2023; effective from 09/11/2023",100,60,municipality,decree_law_3_2023;t2h3-cgys,,2026-08-21T18:25:40Z,0.2.0,,A score of 100 only means the municipality is outside the regional special regime; local planning has not been reviewed.,complete,100,100,100,,official,default,true
430120,Altafulla,36,Tarragonès,2025S1,true,337,5856,5.754781,,,false,"Decreto-ley 3/2023, annex; DOGC 9036, 08/11/2023; effective from 09/11/2023",40,70,municipality,decree_law_3_2023;t2h3-cgys,,2026-08-21T18:25:40Z,0.2.0,,A score of 100 only means the municipality is outside the regional special regime; local planning has not been reviewed.,complete,40,40,100,,official,default,true
430136,l'Ametlla de Mar,09,Baix Ebre,2025S1,true,1792,7436,24.098978,,,false,"Decreto-ley 3/2023, annex; DOGC 9036, 08/11/2023; effective from 09/11/2023",40,70,municipality,decree_law_3_2023;t2h3-cgys,,2026-08-21T18:25:40Z,0.2.0,,A score of 100 only means the municipality is outside the regional special regime; local planning has not been reviewed.,complete,40,40,100,,official,default,true
430141,Amposta,22,Montsià,2025S1,true,212,23047,0.919859,,,false,"Decreto-ley 3/2023, annex; DOGC 9036, 08/11/2023; effective from 09/11/2023",40,70,municipality,decree_law_3_2023;t2h3-cgys,,2026-08-21T18:25:40Z,0.2.0,,A score of 100 only means the municipality is outside the regional special regime; local planning has not been reviewed.,complete,40,40,100,,official,default,true
430154,Arbolí,08,Baix Camp,2025S1,true,10,138,7.246377,,,false,"Decreto-ley 3/2023, annex; DOGC 9036, 08/11/2023; effective from 09/11/2023",40,70,municipality,decree_law_3_2023;t2h3-cgys,,2026-08-21T18:25:40Z,0.2.0,,A score of 100 only means the municipality is outside the regional special regime; local planning has not been reviewed.,complete,40,40,100,,official,default,true
430167,l'Arboç,12,Baix Penedès,2025S1,false,8,5701,0.140326,,,false,"Decreto-ley 3/2023, annex; DOGC 9036, 08/11/2023; effective from 09/11/2023",100,60,municipality,decree_law_3_2023;t2h3-cgys,,2026-08-21T18:25:40Z,0.2.0,,A score of 100 only means the municipality is outside the regional special regime; local planning has not been reviewed.,complete,100,100,100,,official,default,true
430173,l'Argentera,08,Baix Camp,2025S1,false,3,139,2.158273,,,false,"Decreto-ley 3/2023, annex; DOGC 9036, 08/11/2023; effective from 09/11/2023",100,60,municipality,decree_law_3_2023;t2h3-cgys,,2026-08-21T18:25:40Z,0.2.0,,A score of 100 only means the municipality is outside the regional special regime; local planning has not been reviewed.,complete,100,100,100,,official,default,true
430189,Arnes,37,Terra Alta,2025S1,false,23,460,5,,,false,"Decreto-ley 3/2023, annex; DOGC 9036, 08/11/2023; effective from 09/11/2023",100,60,municipality,decree_law_3_2023;t2h3-cgys,,2026-08-21T18:25:40Z,0.2.0,,A score of 100 only means the municipality is outside the regional special regime; local planning has not been reviewed.,complete,100,100,100,,official,default,true
430192,Ascó,30,Ribera d'Ebre,2025S1,false,2,1594,0.125471,,,false,"Decreto-ley 3/2023, annex; DOGC 9036, 08/11/2023; effective from 09/11/2023",100,60,municipality,decree_law_3_2023;t2h3-cgys,,2026-08-21T18:25:40Z,0.2.0,,A score of 100 only means the municipality is outside the regional special regime; local planning has not been reviewed.,complete,100,100,100,,official,default,true
430206,Banyeres del Penedès,12,Baix Penedès,2025S1,false,17,3392,0.501179,,,false,"Decreto-ley 3/2023, annex; DOGC 9036, 08/11/2023; effective from 09/11/2023",100,60,municipality,decree_law_3_2023;t2h3-cgys,,2026-08-21T18:25:40Z,0.2.0,,A score of 100 only means the municipality is outside the regional special regime; local planning has not been reviewed.,complete,100,100,100,,official,default,true
430213,Barberà de la Conca,16,Conca de Barberà,2025S1,false,6,486,1.234568,,,false,"Decreto-ley 3/2023, annex; DOGC 9036, 08/11/2023; effective from 09/11/2023",100,60,municipality,decree_law_3_2023;t2h3-cgys,,2026-08-21T18:25:40Z,0.2.0,,A score of 100 only means the municipality is outside the regional special regime; local planning has not been reviewed.,complete,100,100,100,,official,default,true
430228,Batea,37,Terra Alta,2025S1,false,5,1873,0.266951,,,false,"Decreto-ley 3/2023, annex; DOGC 9036, 08/11/2023; effective from 09/11/2023",100,60,municipality,decree_law_3_2023;t2h3-cgys,,2026-08-21T18:25:40Z,0.2.0,,A score of 100 only means the municipality is outside the regional special regime; local planning has not been reviewed.,complete,100,100,100,,official,default,true
430234,Bellmunt del Priorat,29,Priorat,2025S1,false,1,288,0.347222,,,false,"Decreto-ley 3/2023, annex; DOGC 9036, 08/11/2023; effective from 09/11/2023",100,60,municipality,decree_law_3_2023;t2h3-cgys,,2026-08-21T18:25:40Z,0.2.0,,A score of 100 only means the municipality is outside the regional special regime; local planning has not been reviewed.,complete,100,100,100,,official,default,true
430249,Bellvei,12,Baix Penedès,2025S1,false,18,2464,0.730519,,,false,"Decreto-ley 3/2023, annex; DOGC 9036, 08/11/2023; effective from 09/11/2023",100,60,municipality,decree_law_3_2023;t2h3-cgys,,2026-08-21T18:25:40Z,0.2.0,,A score of 100 only means the municipality is outside the regional special regime; local planning has not been reviewed.,complete,100,100,100,,official,default,true
430252,Benifallet,09,Baix Ebre,2025S1,false,17,708,2.40113,,,false,"Decreto-ley 3/2023, annex; DOGC 9036, 08/11/2023; effective from 09/11/2023",100,60,municipality,decree_law_3_2023;t2h3-cgys,,2026-08-21T18:25:40Z,0.2.0,,A score of 100 only means the municipality is outside the regional special regime; local planning has not been reviewed.,complete,100,100,100,,official,default,true
430265,Benissanet,30,Ribera d'Ebre,2025S1,false,8,1191,0.671704,,,false,"Decreto-ley 3/2023, annex; DOGC 9036, 08/11/2023; effective from 09/11/2023",100,60,municipality,decree_law_3_2023;t2h3-cgys,,2026-08-21T18:25:40Z,0.2.0,,A score of 100 only means the municipality is outside the regional special regime; local planning has not been reviewed.,complete,100,100,100,,official,default,true
430271,la Bisbal de Montsant,29,Priorat,2025S1,false,5,214,2.336449,,,false,"Decreto-ley 3/2023, annex; DOGC 9036, 08/11/2023; effective from 09/11/2023",100,60,municipality,decree_law_3_2023;t2h3-cgys,,2026-08-21T18:25:40Z,0.2.0,,A score of 100 only means the municipality is outside the regional special regime; local planning has not been reviewed.,complete,100,100,100,,official,default,true
430287,la Bisbal del Penedès,12,Baix Penedès,2025S1,false,31,4270,0.725995,,,false,"Decreto-ley 3/2023, annex; DOGC 9036, 08/11/2023; effective from 09/11/2023",100,60,municipality,decree_law_3_2023;t2h3-cgys,,2026-08-21T18:25:40Z,0.2.0,,A score of 100 only means the municipality is outside the regional special regime; local planning has not been reviewed.,complete,100,100,100,,official,default,true
430290,Blancafort,16,Conca de Barberà,2025S1,false,3,392,0.765306,,,false,"Decreto-ley 3/2023, annex; DOGC 9036, 08/11/2023; effective from 09/11/2023",100,60,municipality,decree_law_3_2023;t2h3-cgys,,2026-08-21T18:25:40Z,0.2.0,,A score of 100 only means the municipality is outside the regional special regime; local planning has not been reviewed.,complete,100,100,100,,official,default,true
430304,Bonastre,12,Baix Penedès,2025S1,false,5,778,0.642674,,,false,"Decreto-ley 3/2023, annex; DOGC 9036, 08/11/2023; effective from 09/11/2023",100,60,municipality,decree_law_3_2023;t2h3-cgys,,2026-08-21T18:25:40Z,0.2.0,,A score of 100 only means the municipality is outside the regional special regime; local planning has not been reviewed.,complete,100,100,100,,official,default,true
430311,les Borges del Camp,08,Baix Camp,2025S1,false,11,2313,0.475573,,,false,"Decreto-ley 3/2023, annex; DOGC 9036, 08/11/2023; effective from 09/11/2023",100,60,municipality,decree_law_3_2023;t2h3-cgys,,2026-08-21T18:25:40Z,0.2.0,,A score of 100 only means the municipality is outside the regional special regime; local planning has not been reviewed.,complete,100,100,100,,official,default,true
430326,Bot,37,Terra Alta,2025S1,false,13,545,2.385321,,,false,"Decreto-ley 3/2023, annex; DOGC 9036, 08/11/2023; effective from 09/11/2023",100,60,municipality,decree_law_3_2023;t2h3-cgys,,2026-08-21T18:25:40Z,0.2.0,,A score of 100 only means the municipality is outside the regional special regime; local planning has not been reviewed.,complete,100,100,100,,official,default,true
430332,Botarell,08,Baix Camp,2025S1,false,11,1156,0.951557,,,false,"Decreto-ley 3/2023, annex; DOGC 9036, 08/11/2023; effective from 09/11/2023",100,60,municipality,decree_law_3_2023;t2h3-cgys,,2026-08-21T18:25:40Z,0.2.0,,A score of 100 only means the municipality is outside the regional special regime; local planning has not been reviewed.,complete,100,100,100,,official,default,true
430347,Bràfim,01,Alt Camp,2025S1,false,0,705,0,,,false,"Decreto-ley 3/2023, annex; DOGC 9036, 08/11/2023; effective from 09/11/2023",100,60,municipality,decree_law_3_2023;t2h3-cgys,,2026-08-21T18:25:40Z,0.2.0,,A score of 100 only means the municipality is outside the regional special regime; local planning has not been reviewed.,complete,100,100,100,,official,default,true
430350,Cabacés,29,Priorat,2025S1,false,3,295,1.016949,,,false,"Decreto-ley 3/2023, annex; DOGC 9036, 08/11/2023; effective from 09/11/2023",100,60,municipality,decree_law_3_2023;t2h3-cgys,,2026-08-21T18:25:40Z,0.2.0,,A score of 100 only means the municipality is outside the regional special regime; local planning has not been reviewed.,complete,100,100,100,,official,default,true
430363,Cabra del Camp,01,Alt Camp,2025S1,false,9,1387,0.648882,,,false,"Decreto-ley 3/2023, annex; DOGC 9036, 08/11/2023; effective from 09/11/2023",100,60,municipality,decree_law_3_2023;t2h3-cgys,,2026-08-21T18:25:40Z,0.2.0,,A score of 100 only means the municipality is outside the regional special regime; local planning has not been reviewed.,complete,100,100,100,,official,default,true
430379,Calafell,12,Baix Penedès,2025S1,true,1697,32429,5.23297,,,false,"Decreto-ley 3/2023, annex; DOGC 9036, 08/11/2023; effective from 09/11/2023",40,70,municipality,decree_law_3_2023;t2h3-cgys,,2026-08-21T18:25:40Z,0.2.0,,A score of 100 only means the municipality is outside the regional special regime; local planning has not been reviewed.,complete,40,40,100,,official,default,true
430385,Cambrils,08,Baix Camp,2025S1,true,3765,37068,10.157009,,,false,"Decreto-ley 3/2023, annex; DOGC 9036, 08/11/2023; effective from 09/11/2023",40,70,municipality,decree_law_3_2023;t2h3-cgys,,2026-08-21T18:25:40Z,0.2.0,,A score of 100 only means the municipality is outside the regional special regime; local planning has not been reviewed.,complete,40,40,100,,official,default,true
430398,Capafonts,08,Baix Camp,2025S1,true,9,101,8.910891,,,false,"Decreto-ley 3/2023, annex; DOGC 9036, 08/11/2023; effective from 09/11/2023",40,70,municipality,decree_law_3_2023;t2h3-cgys,,2026-08-21T18:25:40Z,0.2.0,,A score of 100 only means the municipality is outside the regional special regime; local planning has not been reviewed.,complete,40,40,100,,official,default,true
430402,Capçanes,29,Priorat,2025S1,false,4,446,0.896861,,,false,"Decreto-ley 3/2023, annex; DOGC 9036, 08/11/2023; effective from 09/11/2023",100,60,municipality,decree_law_3_2023;t2h3-cgys,,2026-08-21T18:25:40Z,0.2.0,,A score of 100 only means the municipality is outside the regional special regime; local planning has not been reviewed.,complete,100,100,100,,official,default,true
430419,Caseres,37,Terra Alta,2025S1,false,5,250,2,,,false,"Decreto-ley 3/2023, annex; DOGC 9036, 08/11/2023; effective from 09/11/2023",100,60,municipality,decree_law_3_2023;t2h3-cgys,,2026-08-21T18:25:40Z,0.2.0,,A score of 100 only means the municipality is outside the regional special regime; local planning has not been reviewed.,complete,100,100,100,,official,default,true
430424,Castellvell del Camp,08,Baix Camp,2025S1,false,12,3001,0.399867,,,false,"Decreto-ley 3/2023, annex; DOGC 9036, 08/11/2023; effective from 09/11/2023",100,60,municipality,decree_law_3_2023;t2h3-cgys,,2026-08-21T18:25:40Z,0.2.0,,A score of 100 only means the municipality is outside the regional special regime; local planning has not been reviewed.,complete,100,100,100,,official,default,true
430430,el Catllar,36,Tarragonès,2025S1,false,40,5387,0.742528,,,false,"Decreto-ley 3/2023, annex; DOGC 9036, 08/11/2023; effective from 09/11/2023",100,60,municipality,decree_law_3_2023;t2h3-cgys,,2026-08-21T18:25:40Z,0.2.0,,A score of 100 only means the municipality is outside the regional special regime; local planning has not been reviewed.,complete,100,100,100,,official,default,true
430445,la Sénia,22,Montsià,2025S1,false,10,5605,0.178412,,,false,"Decreto-ley 3/2023, annex; DOGC 9036, 08/11/2023; effective from 09/11/2023",100,60,municipality,decree_law_3_2023;t2h3-cgys,,2026-08-21T18:25:40Z,0.2.0,,A score of 100 only means the municipality is outside the regional special regime; local planning has not been reviewed.,complete,100,100,100,,official,default,true
430458,Colldejou,08,Baix Camp,2025S1,false,6,157,3.821656,,,false,"Decreto-ley 3/2023, annex; DOGC 9036, 08/11/2023; effective from 09/11/2023",100,60,municipality,decree_law_3_2023;t2h3-cgys,,2026-08-21T18:25:40Z,0.2.0,,A score of 100 only means the municipality is outside the regional special regime; local planning has not been reviewed.,complete,100,100,100,,official,default,true
430461,Conesa,16,Conca de Barberà,2025S1,false,1,113,0.884956,,,false,"Decreto-ley 3/2023, annex; DOGC 9036, 08/11/2023; effective from 09/11/2023",100,60,municipality,decree_law_3_2023;t2h3-cgys,,2026-08-21T18:25:40Z,0.2.0,,A score of 100 only means the municipality is outside the regional special regime; local planning has not been reviewed.,complete,100,100,100,,official,default,true
430477,Constantí,36,Tarragonès,2025S1,false,8,7155,0.11181,,,false,"Decreto-ley 3/2023, annex; DOGC 9036, 08/11/2023; effective from 09/11/2023",100,60,municipality,decree_law_3_2023;t2h3-cgys,,2026-08-21T18:25:40Z,0.2.0,,A score of 100 only means the municipality is outside the regional special regime; local planning has not been reviewed.,complete,100,100,100,,official,default,true
430483,Corbera d'Ebre,37,Terra Alta,2025S1,false,12,1024,1.171875,,,false,"Decreto-ley 3/2023, annex; DOGC 9036, 08/11/2023; effective from 09/11/2023",100,60,municipality,decree_law_3_2023;t2h3-cgys,,2026-08-21T18:25:40Z,0.2.0,,A score of 100 only means the municipality is outside the regional special regime; local planning has not been reviewed.,complete,100,100,100,,official,default,true
430496,Cornudella de Montsant,29,Priorat,2025S1,true,58,1014,5.719921,,,false,"Decreto-ley 3/2023, annex; DOGC 9036, 08/11/2023; effective from 09/11/2023",40,70,municipality,decree_law_3_2023;t2h3-cgys,,2026-08-21T18:25:40Z,0.2.0,,A score of 100 only means the municipality is outside the regional special regime; local planning has not been reviewed.,complete,40,40,100,,official,default,true
430509,Creixell,36,Tarragonès,2025S1,false,255,4244,6.008483,,,false,"Decreto-ley 3/2023, annex; DOGC 9036, 08/11/2023; effective from 09/11/2023",100,60,municipality,decree_law_3_2023;t2h3-cgys,,2026-08-21T18:25:40Z,0.2.0,,A score of 100 only means the municipality is outside the regional special regime; local planning has not been reviewed.,complete,100,100,100,,official,default,true
430516,Cunit,12,Baix Penedès,2025S1,false,649,16304,3.980618,,,false,"Decreto-ley 3/2023, annex; DOGC 9036, 08/11/2023; effective from 09/11/2023",100,60,municipality,decree_law_3_2023;t2h3-cgys,,2026-08-21T18:25:40Z,0.2.0,,A score of 100 only means the municipality is outside the regional special regime; local planning has not been reviewed.,complete,100,100,100,,official,default,true
430521,Xerta,09,Baix Ebre,2025S1,false,9,1186,0.758853,,,false,"Decreto-ley 3/2023, annex; DOGC 9036, 08/11/2023; effective from 09/11/2023",100,60,municipality,decree_law_3_2023;t2h3-cgys,,2026-08-21T18:25:40Z,0.2.0,,A score of 100 only means the municipality is outside the regional special regime; local planning has not been reviewed.,complete,100,100,100,,official,default,true
430537,Duesaigües,08,Baix Camp,2025S1,false,12,219,5.479452,,,false,"Decreto-ley 3/2023, annex; DOGC 9036, 08/11/2023; effective from 09/11/2023",100,60,municipality,decree_law_3_2023;t2h3-cgys,,2026-08-21T18:25:40Z,0.2.0,,A score of 100 only means the municipality is outside the regional special regime; local planning has not been reviewed.,complete,100,100,100,,official,default,true
430542,l'Espluga de Francolí,16,Conca de Barberà,2025S1,false,28,3892,0.719424,,,false,"Decreto-ley 3/2023, annex; DOGC 9036, 08/11/2023; effective from 09/11/2023",100,60,municipality,decree_law_3_2023;t2h3-cgys,,2026-08-21T18:25:40Z,0.2.0,,A score of 100 only means the municipality is outside the regional special regime; local planning has not been reviewed.,complete,100,100,100,,official,default,true
430555,Falset,29,Priorat,2025S1,true,19,2892,0.656985,,,false,"Decreto-ley 3/2023, annex; DOGC 9036, 08/11/2023; effective from 09/11/2023",40,70,municipality,decree_law_3_2023;t2h3-cgys,,2026-08-21T18:25:40Z,0.2.0,,A score of 100 only means the municipality is outside the regional special regime; local planning has not been reviewed.,complete,40,40,100,,official,default,true
430568,la Fatarella,37,Terra Alta,2025S1,false,4,841,0.475624,,,false,"Decreto-ley 3/2023, annex; DOGC 9036, 08/11/2023; effective from 09/11/2023",100,60,municipality,decree_law_3_2023;t2h3-cgys,,2026-08-21T18:25:40Z,0.2.0,,A score of 100 only means the municipality is outside the regional special regime; local planning has not been reviewed.,complete,100,100,100,,official,default,true
430574,la Febró,08,Baix Camp,2025S1,false,1,35,2.857143,,,false,"Decreto-ley 3/2023, annex; DOGC 9036, 08/11/2023; effective from 09/11/2023",100,60,municipality,decree_law_3_2023;t2h3-cgys,,2026-08-21T18:25:40Z,0.2.0,,A score of 100 only means the municipality is outside the regional special regime; local planning has not been reviewed.,complete,100,100,100,,official,default,true
430580,la Figuera,29,Priorat,2025S1,false,4,116,3.448276,,,false,"Decreto-ley 3/2023, annex; DOGC 9036, 08/11/2023; effective from 09/11/2023",100,60,municipality,decree_law_3_2023;t2h3-cgys,,2026-08-21T18:25:40Z,0.2.0,,A score of 100 only means the municipality is outside the regional special regime; local planning has not been reviewed.,complete,100,100,100,,official,default,true
430593,Figuerola del Camp,01,Alt Camp,2025S1,false,3,343,0.874636,,,false,"Decreto-ley 3/2023, annex; DOGC 9036, 08/11/2023; effective from 09/11/2023",100,60,municipality,decree_law_3_2023;t2h3-cgys,,2026-08-21T18:25:40Z,0.2.0,,A score of 100 only means the municipality is outside the regional special regime; local planning has not been reviewed.,complete,100,100,100,,official,default,true
430607,Flix,30,Ribera d'Ebre,2025S1,false,7,3342,0.209455,,,false,"Decreto-ley 3/2023, annex; DOGC 9036, 08/11/2023; effective from 09/11/2023",100,60,municipality,decree_law_3_2023;t2h3-cgys,,2026-08-21T18:25:40Z,0.2.0,,A score of 100 only means the municipality is outside the regional special regime; local planning has not been reviewed.,complete,100,100,100,,official,default,true
430614,Forès,16,Conca de Barberà,2025S1,false,3,39,7.692308,,,false,"Decreto-ley 3/2023, annex; DOGC 9036, 08/11/2023; effective from 09/11/2023",100,60,municipality,decree_law_3_2023;t2h3-cgys,,2026-08-21T18:25:40Z,0.2.0,,A score of 100 only means the municipality is outside the regional special regime; local planning has not been reviewed.,complete,100,100,100,,official,default,true
430629,Freginals,22,Montsià,2025S1,false,2,445,0.449438,,,false,"Decreto-ley 3/2023, annex; DOGC 9036, 08/11/2023; effective from 09/11/2023",100,60,municipality,decree_law_3_2023;t2h3-cgys,,2026-08-21T18:25:40Z,0.2.0,,A score of 100 only means the municipality is outside the regional special regime; local planning has not been reviewed.,complete,100,100,100,,official,default,true
430635,la Galera,22,Montsià,2025S1,false,13,731,1.778386,,,false,"Decreto-ley 3/2023, annex; DOGC 9036, 08/11/2023; effective from 09/11/2023",100,60,municipality,decree_law_3_2023;t2h3-cgys,,2026-08-21T18:25:40Z,0.2.0,,A score of 100 only means the municipality is outside the regional special regime; local planning has not been reviewed.,complete,100,100,100,,official,default,true
430640,Gandesa,37,Terra Alta,2025S1,false,11,3151,0.349096,,,false,"Decreto-ley 3/2023, annex; DOGC 9036, 08/11/2023; effective from 09/11/2023",100,60,municipality,decree_law_3_2023;t2h3-cgys,,2026-08-21T18:25:40Z,0.2.0,,A score of 100 only means the municipality is outside the regional special regime; local planning has not been reviewed.,complete,100,100,100,,official,default,true
430653,Garcia,30,Ribera d'Ebre,2025S1,false,1,555,0.18018,,,false,"Decreto-ley 3/2023, annex; DOGC 9036, 08/11/2023; effective from 09/11/2023",100,60,municipality,decree_law_3_2023;t2h3-cgys,,2026-08-21T18:25:40Z,0.2.0,,A score of 100 only means the municipality is outside the regional special regime; local planning has not been reviewed.,complete,100,100,100,,official,default,true
430666,els Garidells,01,Alt Camp,2025S1,false,1,211,0.473934,,,false,"Decreto-ley 3/2023, annex; DOGC 9036, 08/11/2023; effective from 09/11/2023",100,60,municipality,decree_law_3_2023;t2h3-cgys,,2026-08-21T18:25:40Z,0.2.0,,A score of 100 only means the municipality is outside the regional special regime; local planning has not been reviewed.,complete,100,100,100,,official,default,true
430672,Ginestar,30,Ribera d'Ebre,2025S1,false,2,799,0.250313,,,false,"Decreto-ley 3/2023, annex; DOGC 9036, 08/11/2023; effective from 09/11/2023",100,60,municipality,decree_law_3_2023;t2h3-cgys,,2026-08-21T18:25:40Z,0.2.0,,A score of 100 only means the municipality is outside the regional special regime; local planning has not been reviewed.,complete,100,100,100,,official,default,true
430688,Godall,22,Montsià,2025S1,false,8,600,1.333333,,,false,"Decreto-ley 3/2023, annex; DOGC 9036, 08/11/2023; effective from 09/11/2023",100,60,municipality,decree_law_3_2023;t2h3-cgys,,2026-08-21T18:25:40Z,0.2.0,,A score of 100 only means the municipality is outside the regional special regime; local planning has not been reviewed.,complete,100,100,100,,official,default,true
430691,Gratallops,29,Priorat,2025S1,false,11,227,4.845815,,,false,"Decreto-ley 3/2023, annex; DOGC 9036, 08/11/2023; effective from 09/11/2023",100,60,municipality,decree_law_3_2023;t2h3-cgys,,2026-08-21T18:25:40Z,0.2.0,,A score of 100 only means the municipality is outside the regional special regime; local planning has not been reviewed.,complete,100,100,100,,official,default,true
430705,els Guiamets,29,Priorat,2025S1,false,0,253,0,,,false,"Decreto-ley 3/2023, annex; DOGC 9036, 08/11/2023; effective from 09/11/2023",100,60,municipality,decree_law_3_2023;t2h3-cgys,,2026-08-21T18:25:40Z,0.2.0,,A score of 100 only means the municipality is outside the regional special regime; local planning has not been reviewed.,complete,100,100,100,,official,default,true
430712,Horta de Sant Joan,37,Terra Alta,2025S1,false,37,1156,3.200692,,,false,"Decreto-ley 3/2023, annex; DOGC 9036, 08/11/2023; effective from 09/11/2023",100,60,municipality,decree_law_3_2023;t2h3-cgys,,2026-08-21T18:25:40Z,0.2.0,,A score of 100 only means the municipality is outside the regional special regime; local planning has not been reviewed.,complete,100,100,100,,official,default,true
430727,el Lloar,29,Priorat,2025S1,false,4,100,4,,,false,"Decreto-ley 3/2023, annex; DOGC 9036, 08/11/2023; effective from 09/11/2023",100,60,municipality,decree_law_3_2023;t2h3-cgys,,2026-08-21T18:25:40Z,0.2.0,,A score of 100 only means the municipality is outside the regional special regime; local planning has not been reviewed.,complete,100,100,100,,official,default,true
430733,Llorac,16,Conca de Barberà,2025S1,false,3,105,2.857143,,,false,"Decreto-ley 3/2023, annex; DOGC 9036, 08/11/2023; effective from 09/11/2023",100,60,municipality,decree_law_3_2023;t2h3-cgys,,2026-08-21T18:25:40Z,0.2.0,,A score of 100 only means the municipality is outside the regional special regime; local planning has not been reviewed.,complete,100,100,100,,official,default,true
430748,Llorenç del Penedès,12,Baix Penedès,2025S1,false,8,2426,0.329761,,,false,"Decreto-ley 3/2023, annex; DOGC 9036, 08/11/2023; effective from 09/11/2023",100,60,municipality,decree_law_3_2023;t2h3-cgys,,2026-08-21T18:25:40Z,0.2.0,,A score of 100 only means the municipality is outside the regional special regime; local planning has not been reviewed.,complete,100,100,100,,official,default,true
430751,Margalef,29,Priorat,2025S1,true,24,110,21.818182,,,false,"Decreto-ley 3/2023, annex; DOGC 9036, 08/11/2023; effective from 09/11/2023",40,70,municipality,decree_law_3_2023;t2h3-cgys,,2026-08-21T18:25:40Z,0.2.0,,A score of 100 only means the municipality is outside the regional special regime; local planning has not been reviewed.,complete,40,40,100,,official,default,true
430764,Marçà,29,Priorat,2025S1,false,11,624,1.762821,,,false,"Decreto-ley 3/2023, annex; DOGC 9036, 08/11/2023; effective from 09/11/2023",100,60,municipality,decree_law_3_2023;t2h3-cgys,,2026-08-21T18:25:40Z,0.2.0,,A score of 100 only means the municipality is outside the regional special regime; local planning has not been reviewed.,complete,100,100,100,,official,default,true
430770,Mas de Barberans,22,Montsià,2025S1,false,3,535,0.560748,,,false,"Decreto-ley 3/2023, annex; DOGC 9036, 08/11/2023; effective from 09/11/2023",100,60,municipality,decree_law_3_2023;t2h3-cgys,,2026-08-21T18:25:40Z,0.2.0,,A score of 100 only means the municipality is outside the regional special regime; local planning has not been reviewed.,complete,100,100,100,,official,default,true
430786,Masdenverge,22,Montsià,2025S1,false,4,1145,0.349345,,,false,"Decreto-ley 3/2023, annex; DOGC 9036, 08/11/2023; effective from 09/11/2023",100,60,municipality,decree_law_3_2023;t2h3-cgys,,2026-08-21T18:25:40Z,0.2.0,,A score of 100 only means the municipality is outside the regional special regime; local planning has not been reviewed.,complete,100,100,100,,official,default,true
430799,Masllorenç,12,Baix Penedès,2025S1,false,4,568,0.704225,,,false,"Decreto-ley 3/2023, annex; DOGC 9036, 08/11/2023; effective from 09/11/2023",100,60,municipality,decree_law_3_2023;t2h3-cgys,,2026-08-21T18:25:40Z,0.2.0,,A score of 100 only means the municipality is outside the regional special regime; local planning has not been reviewed.,complete,100,100,100,,official,default,true
430803,la Masó,01,Alt Camp,2025S1,false,0,308,0,,,false,"Decreto-ley 3/2023, annex; DOGC 9036, 08/11/2023; effective from 09/11/2023",100,60,municipality,decree_law_3_2023;t2h3-cgys,,2026-08-21T18:25:40Z,0.2.0,,A score of 100 only means the municipality is outside the regional special regime; local planning has not been reviewed.,complete,100,100,100,,official,default,true
430810,Maspujols,08,Baix Camp,2025S1,false,6,917,0.654308,,,false,"Decreto-ley 3/2023, annex; DOGC 9036, 08/11/2023; effective from 09/11/2023",100,60,municipality,decree_law_3_2023;t2h3-cgys,,2026-08-21T18:25:40Z,0.2.0,,A score of 100 only means the municipality is outside the regional special regime; local planning has not been reviewed.,complete,100,100,100,,official,default,true
430825,el Masroig,29,Priorat,2025S1,false,5,477,1.048218,,,false,"Decreto-ley 3/2023, annex; DOGC 9036, 08/11/2023; effective from 09/11/2023",100,60,municipality,decree_law_3_2023;t2h3-cgys,,2026-08-21T18:25:40Z,0.2.0,,A score of 100 only means the municipality is outside the regional special regime; local planning has not been reviewed.,complete,100,100,100,,official,default,true
430831,el Milà,01,Alt Camp,2025S1,false,0,194,0,,,false,"Decreto-ley 3/2023, annex; DOGC 9036, 08/11/2023; effective from 09/11/2023",100,60,municipality,decree_law_3_2023;t2h3-cgys,,2026-08-21T18:25:40Z,0.2.0,,A score of 100 only means the municipality is outside the regional special regime; local planning has not been reviewed.,complete,100,100,100,,official,default,true
430846,Miravet,30,Ribera d'Ebre,2025S1,false,18,701,2.56776,,,false,"Decreto-ley 3/2023, annex; DOGC 9036, 08/11/2023; effective from 09/11/2023",100,60,municipality,decree_law_3_2023;t2h3-cgys,,2026-08-21T18:25:40Z,0.2.0,,A score of 100 only means the municipality is outside the regional special regime; local planning has not been reviewed.,complete,100,100,100,,official,default,true
430859,el Molar,29,Priorat,2025S1,false,0,301,0,,,false,"Decreto-ley 3/2023, annex; DOGC 9036, 08/11/2023; effective from 09/11/2023",100,60,municipality,decree_law_3_2023;t2h3-cgys,,2026-08-21T18:25:40Z,0.2.0,,A score of 100 only means the municipality is outside the regional special regime; local planning has not been reviewed.,complete,100,100,100,,official,default,true
430862,Montblanc,16,Conca de Barberà,2025S1,false,47,7568,0.621036,,,false,"Decreto-ley 3/2023, annex; DOGC 9036, 08/11/2023; effective from 09/11/2023",100,60,municipality,decree_law_3_2023;t2h3-cgys,,2026-08-21T18:25:40Z,0.2.0,,A score of 100 only means the municipality is outside the regional special regime; local planning has not been reviewed.,complete,100,100,100,,official,default,true
430884,Montbrió del Camp,08,Baix Camp,2025S1,false,16,3167,0.50521,,,false,"Decreto-ley 3/2023, annex; DOGC 9036, 08/11/2023; effective from 09/11/2023",100,60,municipality,decree_law_3_2023;t2h3-cgys,,2026-08-21T18:25:40Z,0.2.0,,A score of 100 only means the municipality is outside the regional special regime; local planning has not been reviewed.,complete,100,100,100,,official,default,true
430897,Montferri,01,Alt Camp,2025S1,false,2,509,0.392927,,,false,"Decreto-ley 3/2023, annex; DOGC 9036, 08/11/2023; effective from 09/11/2023",100,60,municipality,decree_law_3_2023;t2h3-cgys,,2026-08-21T18:25:40Z,0.2.0,,A score of 100 only means the municipality is outside the regional special regime; local planning has not been reviewed.,complete,100,100,100,,official,default,true
430901,el Montmell,12,Baix Penedès,2025S1,false,34,1945,1.748072,,,false,"Decreto-ley 3/2023, annex; DOGC 9036, 08/11/2023; effective from 09/11/2023",100,60,municipality,decree_law_3_2023;t2h3-cgys,,2026-08-21T18:25:40Z,0.2.0,,A score of 100 only means the municipality is outside the regional special regime; local planning has not been reviewed.,complete,100,100,100,,official,default,true
430918,Mont-ral,01,Alt Camp,2025S1,false,8,176,4.545455,,,false,"Decreto-ley 3/2023, annex; DOGC 9036, 08/11/2023; effective from 09/11/2023",100,60,municipality,decree_law_3_2023;t2h3-cgys,,2026-08-21T18:25:40Z,0.2.0,,A score of 100 only means the municipality is outside the regional special regime; local planning has not been reviewed.,complete,100,100,100,,official,default,true
430923,Mont-roig del Camp,08,Baix Camp,2025S1,true,2967,14652,20.249795,,,false,"Decreto-ley 3/2023, annex; DOGC 9036, 08/11/2023; effective from 09/11/2023",40,70,municipality,decree_law_3_2023;t2h3-cgys,,2026-08-21T18:25:40Z,0.2.0,,A score of 100 only means the municipality is outside the regional special regime; local planning has not been reviewed.,complete,40,40,100,,official,default,true
430939,Móra d'Ebre,30,Ribera d'Ebre,2025S1,false,25,5841,0.428009,,,false,"Decreto-ley 3/2023, annex; DOGC 9036, 08/11/2023; effective from 09/11/2023",100,60,municipality,decree_law_3_2023;t2h3-cgys,,2026-08-21T18:25:40Z,0.2.0,,A score of 100 only means the municipality is outside the regional special regime; local planning has not been reviewed.,complete,100,100,100,,official,default,true
430944,Móra la Nova,30,Ribera d'Ebre,2025S1,true,7,3365,0.208024,,,false,"Decreto-ley 3/2023, annex; DOGC 9036, 08/11/2023; effective from 09/11/2023",40,70,municipality,decree_law_3_2023;t2h3-cgys,,2026-08-21T18:25:40Z,0.2.0,,A score of 100 only means the municipality is outside the regional special regime; local planning has not been reviewed.,complete,40,40,100,,official,default,true
430957,el Morell,36,Tarragonès,2025S1,false,3,3811,0.078719,,,false,"Decreto-ley 3/2023, annex; DOGC 9036, 08/11/2023; effective from 09/11/2023",100,60,municipality,decree_law_3_2023;t2h3-cgys,,2026-08-21T18:25:40Z,0.2.0,,A score of 100 only means the municipality is outside the regional special regime; local planning has not been reviewed.,complete,100,100,100,,official,default,true
430960,la Morera de Montsant,29,Priorat,2025S1,true,10,154,6.493506,,,false,"Decreto-ley 3/2023, annex; DOGC 9036, 08/11/2023; effective from 09/11/2023",40,70,municipality,decree_law_3_2023;t2h3-cgys,,2026-08-21T18:25:40Z,0.2.0,,A score of 100 only means the municipality is outside the regional special regime; local planning has not been reviewed.,complete,40,40,100,,official,default,true
430976,la Nou de Gaià,36,Tarragonès,2025S1,false,4,602,0.664452,,,false,"Decreto-ley 3/2023, annex; DOGC 9036, 08/11/2023; effective from 09/11/2023",100,60,municipality,decree_law_3_2023;t2h3-cgys,,2026-08-21T18:25:40Z,0.2.0,,A score of 100 only means the municipality is outside the regional special regime; local planning has not been reviewed.,complete,100,100,100,,official,default,true
430982,Nulles,01,Alt Camp,2025S1,false,5,556,0.899281,,,false,"Decreto-ley 3/2023, annex; DOGC 9036, 08/11/2023; effective from 09/11/2023",100,60,municipality,decree_law_3_2023;t2h3-cgys,,2026-08-21T18:25:40Z,0.2.0,,A score of 100 only means the municipality is outside the regional special regime; local planning has not been reviewed.,complete,100,100,100,,official,default,true
430995,la Palma d'Ebre,30,Ribera d'Ebre,2025S1,false,1,331,0.302115,,,false,"Decreto-ley 3/2023, annex; DOGC 9036, 08/11/2023; effective from 09/11/2023",100,60,municipality,decree_law_3_2023;t2h3-cgys,,2026-08-21T18:25:40Z,0.2.0,,A score of 100 only means the municipality is outside the regional special regime; local planning has not been reviewed.,complete,100,100,100,,official,default,true
431009,els Pallaresos,36,Tarragonès,2025S1,false,3,5043,0.059488,,,false,"Decreto-ley 3/2023, annex; DOGC 9036, 08/11/2023; effective from 09/11/2023",100,60,municipality,decree_law_3_2023;t2h3-cgys,,2026-08-21T18:25:40Z,0.2.0,,A score of 100 only means the municipality is outside the regional special regime; local planning has not been reviewed.,complete,100,100,100,,official,default,true
431016,Passanant i Belltall,16,Conca de Barberà,2025S1,false,3,149,2.013423,,,false,"Decreto-ley 3/2023, annex; DOGC 9036, 08/11/2023; effective from 09/11/2023",100,60,municipality,decree_law_3_2023;t2h3-cgys,,2026-08-21T18:25:40Z,0.2.0,,A score of 100 only means the municipality is outside the regional special regime; local planning has not been reviewed.,complete,100,100,100,,official,default,true
431021,Paüls,09,Baix Ebre,2025S1,false,10,554,1.805054,,,false,"Decreto-ley 3/2023, annex; DOGC 9036, 08/11/2023; effective from 09/11/2023",100,60,municipality,decree_law_3_2023;t2h3-cgys,,2026-08-21T18:25:40Z,0.2.0,,A score of 100 only means the municipality is outside the regional special regime; local planning has not been reviewed.,complete,100,100,100,,official,default,true
431037,Perafort,36,Tarragonès,2025S1,false,0,1353,0,,,false,"Decreto-ley 3/2023, annex; DOGC 9036, 08/11/2023; effective from 09/11/2023",100,60,municipality,decree_law_3_2023;t2h3-cgys,,2026-08-21T18:25:40Z,0.2.0,,A score of 100 only means the municipality is outside the regional special regime; local planning has not been reviewed.,complete,100,100,100,,official,default,true
431042,el Perelló,09,Baix Ebre,2025S1,true,185,3005,6.156406,,,false,"Decreto-ley 3/2023, annex; DOGC 9036, 08/11/2023; effective from 09/11/2023",40,70,municipality,decree_law_3_2023;t2h3-cgys,,2026-08-21T18:25:40Z,0.2.0,,A score of 100 only means the municipality is outside the regional special regime; local planning has not been reviewed.,complete,40,40,100,,official,default,true
431055,les Piles de Gaià,16,Conca de Barberà,2025S1,false,4,228,1.754386,,,false,"Decreto-ley 3/2023, annex; DOGC 9036, 08/11/2023; effective from 09/11/2023",100,60,municipality,decree_law_3_2023;t2h3-cgys,,2026-08-21T18:25:40Z,0.2.0,,A score of 100 only means the municipality is outside the regional special regime; local planning has not been reviewed.,complete,100,100,100,,official,default,true
431068,el Pinell de Brai,37,Terra Alta,2025S1,false,8,948,0.843882,,,false,"Decreto-ley 3/2023, annex; DOGC 9036, 08/11/2023; effective from 09/11/2023",100,60,municipality,decree_law_3_2023;t2h3-cgys,,2026-08-21T18:25:40Z,0.2.0,,A score of 100 only means the municipality is outside the regional special regime; local planning has not been reviewed.,complete,100,100,100,,official,default,true
431074,Pira,16,Conca de Barberà,2025S1,false,1,512,0.195312,,,false,"Decreto-ley 3/2023, annex; DOGC 9036, 08/11/2023; effective from 09/11/2023",100,60,municipality,decree_law_3_2023;t2h3-cgys,,2026-08-21T18:25:40Z,0.2.0,,A score of 100 only means the municipality is outside the regional special regime; local planning has not been reviewed.,complete,100,100,100,,official,default,true
431080,el Pla de Santa Maria,01,Alt Camp,2025S1,false,2,2412,0.082919,,,false,"Decreto-ley 3/2023, annex; DOGC 9036, 08/11/2023; effective from 09/11/2023",100,60,municipality,decree_law_3_2023;t2h3-cgys,,2026-08-21T18:25:40Z,0.2.0,,A score of 100 only means the municipality is outside the regional special regime; local planning has not been reviewed.,complete,100,100,100,,official,default,true
431093,la Pobla de Mafumet,36,Tarragonès,2025S1,false,3,4187,0.07165,,,false,"Decreto-ley 3/2023, annex; DOGC 9036, 08/11/2023; effective from 09/11/2023",100,60,municipality,decree_law_3_2023;t2h3-cgys,,2026-08-21T18:25:40Z,0.2.0,,A score of 100 only means the municipality is outside the regional special regime; local planning has not been reviewed.,complete,100,100,100,,official,default,true
431107,la Pobla de Massaluca,37,Terra Alta,2025S1,false,3,344,0.872093,,,false,"Decreto-ley 3/2023, annex; DOGC 9036, 08/11/2023; effective from 09/11/2023",100,60,municipality,decree_law_3_2023;t2h3-cgys,,2026-08-21T18:25:40Z,0.2.0,,A score of 100 only means the municipality is outside the regional special regime; local planning has not been reviewed.,complete,100,100,100,,official,default,true
431114,la Pobla de Montornès,36,Tarragonès,2025S1,false,58,3470,1.67147,,,false,"Decreto-ley 3/2023, annex; DOGC 9036, 08/11/2023; effective from 09/11/2023",100,60,municipality,decree_law_3_2023;t2h3-cgys,,2026-08-21T18:25:40Z,0.2.0,,A score of 100 only means the municipality is outside the regional special regime; local planning has not been reviewed.,complete,100,100,100,,official,default,true
431129,Poboleda,29,Priorat,2025S1,true,16,345,4.637681,,,false,"Decreto-ley 3/2023, annex; DOGC 9036, 08/11/2023; effective from 09/11/2023",40,70,municipality,decree_law_3_2023;t2h3-cgys,,2026-08-21T18:25:40Z,0.2.0,,A score of 100 only means the municipality is outside the regional special regime; local planning has not been reviewed.,complete,40,40,100,,official,default,true
431135,el Pont d'Armentera,01,Alt Camp,2025S1,false,1,507,0.197239,,,false,"Decreto-ley 3/2023, annex; DOGC 9036, 08/11/2023; effective from 09/11/2023",100,60,municipality,decree_law_3_2023;t2h3-cgys,,2026-08-21T18:25:40Z,0.2.0,,A score of 100 only means the municipality is outside the regional special regime; local planning has not been reviewed.,complete,100,100,100,,official,default,true
431140,Porrera,29,Priorat,2025S1,false,9,407,2.211302,,,false,"Decreto-ley 3/2023, annex; DOGC 9036, 08/11/2023; effective from 09/11/2023",100,60,municipality,decree_law_3_2023;t2h3-cgys,,2026-08-21T18:25:40Z,0.2.0,,A score of 100 only means the municipality is outside the regional special regime; local planning has not been reviewed.,complete,100,100,100,,official,default,true
431153,Pradell de la Teixeta,29,Priorat,2025S1,false,2,182,1.098901,,,false,"Decreto-ley 3/2023, annex; DOGC 9036, 08/11/2023; effective from 09/11/2023",100,60,municipality,decree_law_3_2023;t2h3-cgys,,2026-08-21T18:25:40Z,0.2.0,,A score of 100 only means the municipality is outside the regional special regime; local planning has not been reviewed.,complete,100,100,100,,official,default,true
431166,Prades,08,Baix Camp,2025S1,true,52,644,8.074534,,,false,"Decreto-ley 3/2023, annex; DOGC 9036, 08/11/2023; effective from 09/11/2023",40,70,municipality,decree_law_3_2023;t2h3-cgys,,2026-08-21T18:25:40Z,0.2.0,,A score of 100 only means the municipality is outside the regional special regime; local planning has not been reviewed.,complete,40,40,100,,official,default,true
431172,Prat de Comte,37,Terra Alta,2025S1,false,4,180,2.222222,,,false,"Decreto-ley 3/2023, annex; DOGC 9036, 08/11/2023; effective from 09/11/2023",100,60,municipality,decree_law_3_2023;t2h3-cgys,,2026-08-21T18:25:40Z,0.2.0,,A score of 100 only means the municipality is outside the regional special regime; local planning has not been reviewed.,complete,100,100,100,,official,default,true
431188,Pratdip,08,Baix Camp,2025S1,true,77,784,9.821429,,,false,"Decreto-ley 3/2023, annex; DOGC 9036, 08/11/2023; effective from 09/11/2023",40,70,municipality,decree_law_3_2023;t2h3-cgys,,2026-08-21T18:25:40Z,0.2.0,,A score of 100 only means the municipality is outside the regional special regime; local planning has not been reviewed.,complete,40,40,100,,official,default,true
431191,Puigpelat,01,Alt Camp,2025S1,false,6,1225,0.489796,,,false,"Decreto-ley 3/2023, annex; DOGC 9036, 08/11/2023; effective from 09/11/2023",100,60,municipality,decree_law_3_2023;t2h3-cgys,,2026-08-21T18:25:40Z,0.2.0,,A score of 100 only means the municipality is outside the regional special regime; local planning has not been reviewed.,complete,100,100,100,,official,default,true
431205,Querol,01,Alt Camp,2025S1,false,8,614,1.302932,,,false,"Decreto-ley 3/2023, annex; DOGC 9036, 08/11/2023; effective from 09/11/2023",100,60,municipality,decree_law_3_2023;t2h3-cgys,,2026-08-21T18:25:40Z,0.2.0,,A score of 100 only means the municipality is outside the regional special regime; local planning has not been reviewed.,complete,100,100,100,,official,default,true
431212,Rasquera,30,Ribera d'Ebre,2025S1,false,27,788,3.426396,,,false,"Decreto-ley 3/2023, annex; DOGC 9036, 08/11/2023; effective from 09/11/2023",100,60,municipality,decree_law_3_2023;t2h3-cgys,,2026-08-21T18:25:40Z,0.2.0,,A score of 100 only means the municipality is outside the regional special regime; local planning has not been reviewed.,complete,100,100,100,,official,default,true
431227,Renau,36,Tarragonès,2025S1,false,3,165,1.818182,,,false,"Decreto-ley 3/2023, annex; DOGC 9036, 08/11/2023; effective from 09/11/2023",100,60,municipality,decree_law_3_2023;t2h3-cgys,,2026-08-21T18:25:40Z,0.2.0,,A score of 100 only means the municipality is outside the regional special regime; local planning has not been reviewed.,complete,100,100,100,,official,default,true
431233,Reus,08,Baix Camp,2025S1,true,181,111911,0.161736,,,false,"Decreto-ley 3/2023, annex; DOGC 9036, 08/11/2023; effective from 09/11/2023",40,70,municipality,decree_law_3_2023;t2h3-cgys,,2026-08-21T18:25:40Z,0.2.0,,A score of 100 only means the municipality is outside the regional special regime; local planning has not been reviewed.,complete,40,40,100,,official,default,true
431248,la Riba,01,Alt Camp,2025S1,false,2,574,0.348432,,,false,"Decreto-ley 3/2023, annex; DOGC 9036, 08/11/2023; effective from 09/11/2023",100,60,municipality,decree_law_3_2023;t2h3-cgys,,2026-08-21T18:25:40Z,0.2.0,,A score of 100 only means the municipality is outside the regional special regime; local planning has not been reviewed.,complete,100,100,100,,official,default,true
431251,Riba-roja d'Ebre,30,Ribera d'Ebre,2025S1,false,15,1127,1.330967,,,false,"Decreto-ley 3/2023, annex; DOGC 9036, 08/11/2023; effective from 09/11/2023",100,60,municipality,decree_law_3_2023;t2h3-cgys,,2026-08-21T18:25:40Z,0.2.0,,A score of 100 only means the municipality is outside the regional special regime; local planning has not been reviewed.,complete,100,100,100,,official,default,true
431264,la Riera de Gaià,36,Tarragonès,2025S1,false,34,1831,1.856909,,,false,"Decreto-ley 3/2023, annex; DOGC 9036, 08/11/2023; effective from 09/11/2023",100,60,municipality,decree_law_3_2023;t2h3-cgys,,2026-08-21T18:25:40Z,0.2.0,,A score of 100 only means the municipality is outside the regional special regime; local planning has not been reviewed.,complete,100,100,100,,official,default,true
431270,Riudecanyes,08,Baix Camp,2025S1,false,23,1379,1.667875,,,false,"Decreto-ley 3/2023, annex; DOGC 9036, 08/11/2023; effective from 09/11/2023",100,60,municipality,decree_law_3_2023;t2h3-cgys,,2026-08-21T18:25:40Z,0.2.0,,A score of 100 only means the municipality is outside the regional special regime; local planning has not been reviewed.,complete,100,100,100,,official,default,true
431286,Riudecols,08,Baix Camp,2025S1,false,7,1280,0.546875,,,false,"Decreto-ley 3/2023, annex; DOGC 9036, 08/11/2023; effective from 09/11/2023",100,60,municipality,decree_law_3_2023;t2h3-cgys,,2026-08-21T18:25:40Z,0.2.0,,A score of 100 only means the municipality is outside the regional special regime; local planning has not been reviewed.,complete,100,100,100,,official,default,true
431299,Riudoms,08,Baix Camp,2025S1,false,21,6927,0.303162,,,false,"Decreto-ley 3/2023, annex; DOGC 9036, 08/11/2023; effective from 09/11/2023",100,60,municipality,decree_law_3_2023;t2h3-cgys,,2026-08-21T18:25:40Z,0.2.0,,A score of 100 only means the municipality is outside the regional special regime; local planning has not been reviewed.,complete,100,100,100,,official,default,true
431303,Rocafort de Queralt,16,Conca de Barberà,2025S1,false,5,246,2.03252,,,false,"Decreto-ley 3/2023, annex; DOGC 9036, 08/11/2023; effective from 09/11/2023",100,60,municipality,decree_law_3_2023;t2h3-cgys,,2026-08-21T18:25:40Z,0.2.0,,A score of 100 only means the municipality is outside the regional special regime; local planning has not been reviewed.,complete,100,100,100,,official,default,true
431310,Roda de Berà,36,Tarragonès,2025S1,true,538,8240,6.529126,,,false,"Decreto-ley 3/2023, annex; DOGC 9036, 08/11/2023; effective from 09/11/2023",40,70,municipality,decree_law_3_2023;t2h3-cgys,,2026-08-21T18:25:40Z,0.2.0,,A score of 100 only means the municipality is outside the regional special regime; local planning has not been reviewed.,complete,40,40,100,,official,default,true
431325,Rodonyà,01,Alt Camp,2025S1,false,2,518,0.3861,,,false,"Decreto-ley 3/2023, annex; DOGC 9036, 08/11/2023; effective from 09/11/2023",100,60,municipality,decree_law_3_2023;t2h3-cgys,,2026-08-21T18:25:40Z,0.2.0,,A score of 100 only means the municipality is outside the regional special regime; local planning has not been reviewed.,complete,100,100,100,,official,default,true
431331,Roquetes,09,Baix Ebre,2025S1,true,12,8606,0.139438,,,false,"Decreto-ley 3/2023, annex; DOGC 9036, 08/11/2023; effective from 09/11/2023",40,70,municipality,decree_law_3_2023;t2h3-cgys,,2026-08-21T18:25:40Z,0.2.0,,A score of 100 only means the municipality is outside the regional special regime; local planning has not been reviewed.,complete,40,40,100,,official,default,true
431346,el Rourell,01,Alt Camp,2025S1,false,2,385,0.519481,,,false,"Decreto-ley 3/2023, annex; DOGC 9036, 08/11/2023; effective from 09/11/2023",100,60,municipality,decree_law_3_2023;t2h3-cgys,,2026-08-21T18:25:40Z,0.2.0,,A score of 100 only means the municipality is outside the regional special regime; local planning has not been reviewed.,complete,100,100,100,,official,default,true
431359,Salomó,36,Tarragonès,2025S1,false,30,525,5.714286,,,false,"Decreto-ley 3/2023, annex; DOGC 9036, 08/11/2023; effective from 09/11/2023",100,60,municipality,decree_law_3_2023;t2h3-cgys,,2026-08-21T18:25:40Z,0.2.0,,A score of 100 only means the municipality is outside the regional special regime; local planning has not been reviewed.,complete,100,100,100,,official,default,true
431362,la Ràpita,22,Montsià,2025S1,false,680,16230,4.189772,,,false,"Decreto-ley 3/2023, annex; DOGC 9036, 08/11/2023; effective from 09/11/2023",100,60,municipality,decree_law_3_2023;t2h3-cgys,,2026-08-21T18:25:40Z,0.2.0,,A score of 100 only means the municipality is outside the regional special regime; local planning has not been reviewed.,complete,100,100,100,,official,default,true
431378,Sant Jaume dels Domenys,12,Baix Penedès,2025S1,false,23,2819,0.815892,,,false,"Decreto-ley 3/2023, annex; DOGC 9036, 08/11/2023; effective from 09/11/2023",100,60,municipality,decree_law_3_2023;t2h3-cgys,,2026-08-21T18:25:40Z,0.2.0,,A score of 100 only means the municipality is outside the regional special regime; local planning has not been reviewed.,complete,100,100,100,,official,default,true
431384,Santa Bàrbara,22,Montsià,2025S1,false,9,3866,0.232799,,,false,"Decreto-ley 3/2023, annex; DOGC 9036, 08/11/2023; effective from 09/11/2023",100,60,municipality,decree_law_3_2023;t2h3-cgys,,2026-08-21T18:25:40Z,0.2.0,,A score of 100 only means the municipality is outside the regional special regime; local planning has not been reviewed.,complete,100,100,100,,official,default,true
431397,Santa Coloma de Queralt,16,Conca de Barberà,2025S1,false,7,2832,0.247175,,,false,"Decreto-ley 3/2023, annex; DOGC 9036, 08/11/2023; effective from 09/11/2023",100,60,municipality,decree_law_3_2023;t2h3-cgys,,2026-08-21T18:25:40Z,0.2.0,,A score of 100 only means the municipality is outside the regional special regime; local planning has not been reviewed.,complete,100,100,100,,official,default,true
431401,Santa Oliva,12,Baix Penedès,2025S1,false,18,3711,0.485044,,,false,"Decreto-ley 3/2023, annex; DOGC 9036, 08/11/2023; effective from 09/11/2023",100,60,municipality,decree_law_3_2023;t2h3-cgys,,2026-08-21T18:25:40Z,0.2.0,,A score of 100 only means the municipality is outside the regional special regime; local planning has not been reviewed.,complete,100,100,100,,official,default,true
431418,Pontils,16,Conca de Barberà,2025S1,false,2,123,1.626016,,,false,"Decreto-ley 3/2023, annex; DOGC 9036, 08/11/2023; effective from 09/11/2023",100,60,municipality,decree_law_3_2023;t2h3-cgys,,2026-08-21T18:25:40Z,0.2.0,,A score of 100 only means the municipality is outside the regional special regime; local planning has not been reviewed.,complete,100,100,100,,official,default,true
431423,Sarral,16,Conca de Barberà,2025S1,false,3,1647,0.182149,,,false,"Decreto-ley 3/2023, annex; DOGC 9036, 08/11/2023; effective from 09/11/2023",100,60,municipality,decree_law_3_2023;t2h3-cgys,,2026-08-21T18:25:40Z,0.2.0,,A score of 100 only means the municipality is outside the regional special regime; local planning has not been reviewed.,complete,100,100,100,,official,default,true
431439,Savallà del Comtat,16,Conca de Barberà,2025S1,false,2,49,4.081633,,,false,"Decreto-ley 3/2023, annex; DOGC 9036, 08/11/2023; effective from 09/11/2023",100,60,municipality,decree_law_3_2023;t2h3-cgys,,2026-08-21T18:25:40Z,0.2.0,,A score of 100 only means the municipality is outside the regional special regime; local planning has not been reviewed.,complete,100,100,100,,official,default,true
431444,la Secuita,36,Tarragonès,2025S1,false,10,1848,0.541126,,,false,"Decreto-ley 3/2023, annex; DOGC 9036, 08/11/2023; effective from 09/11/2023",100,60,municipality,decree_law_3_2023;t2h3-cgys,,2026-08-21T18:25:40Z,0.2.0,,A score of 100 only means the municipality is outside the regional special regime; local planning has not been reviewed.,complete,100,100,100,,official,default,true
431457,la Selva del Camp,08,Baix Camp,2025S1,false,10,5751,0.173883,,,false,"Decreto-ley 3/2023, annex; DOGC 9036, 08/11/2023; effective from 09/11/2023",100,60,municipality,decree_law_3_2023;t2h3-cgys,,2026-08-21T18:25:40Z,0.2.0,,A score of 100 only means the municipality is outside the regional special regime; local planning has not been reviewed.,complete,100,100,100,,official,default,true
431460,Senan,16,Conca de Barberà,2025S1,false,2,47,4.255319,,,false,"Decreto-ley 3/2023, annex; DOGC 9036, 08/11/2023; effective from 09/11/2023",100,60,municipality,decree_law_3_2023;t2h3-cgys,,2026-08-21T18:25:40Z,0.2.0,,A score of 100 only means the municipality is outside the regional special regime; local planning has not been reviewed.,complete,100,100,100,,official,default,true
431476,Solivella,16,Conca de Barberà,2025S1,false,2,639,0.312989,,,false,"Decreto-ley 3/2023, annex; DOGC 9036, 08/11/2023; effective from 09/11/2023",100,60,municipality,decree_law_3_2023;t2h3-cgys,,2026-08-21T18:25:40Z,0.2.0,,A score of 100 only means the municipality is outside the regional special regime; local planning has not been reviewed.,complete,100,100,100,,official,default,true
431482,Tarragona,36,Tarragonès,2025S1,true,2064,143260,1.440737,,,false,"Decreto-ley 3/2023, annex; DOGC 9036, 08/11/2023; effective from 09/11/2023",40,70,municipality,decree_law_3_2023;t2h3-cgys,,2026-08-21T18:25:40Z,0.2.0,,A score of 100 only means the municipality is outside the regional special regime; local planning has not been reviewed.,complete,40,40,100,,official,default,true
431495,Tivenys,09,Baix Ebre,2025S1,false,13,952,1.365546,,,false,"Decreto-ley 3/2023, annex; DOGC 9036, 08/11/2023; effective from 09/11/2023",100,60,municipality,decree_law_3_2023;t2h3-cgys,,2026-08-21T18:25:40Z,0.2.0,,A score of 100 only means the municipality is outside the regional special regime; local planning has not been reviewed.,complete,100,100,100,,official,default,true
431508,Tivissa,30,Ribera d'Ebre,2025S1,false,18,1657,1.086301,,,false,"Decreto-ley 3/2023, annex; DOGC 9036, 08/11/2023; effective from 09/11/2023",100,60,municipality,decree_law_3_2023;t2h3-cgys,,2026-08-21T18:25:40Z,0.2.0,,A score of 100 only means the municipality is outside the regional special regime; local planning has not been reviewed.,complete,100,100,100,,official,default,true
431515,la Torre de Fontaubella,29,Priorat,2025S1,false,3,120,2.5,,,false,"Decreto-ley 3/2023, annex; DOGC 9036, 08/11/2023; effective from 09/11/2023",100,60,municipality,decree_law_3_2023;t2h3-cgys,,2026-08-21T18:25:40Z,0.2.0,,A score of 100 only means the municipality is outside the regional special regime; local planning has not been reviewed.,complete,100,100,100,,official,default,true
431520,la Torre de l'Espanyol,30,Ribera d'Ebre,2025S1,false,4,642,0.623053,,,false,"Decreto-ley 3/2023, annex; DOGC 9036, 08/11/2023; effective from 09/11/2023",100,60,municipality,decree_law_3_2023;t2h3-cgys,,2026-08-21T18:25:40Z,0.2.0,,A score of 100 only means the municipality is outside the regional special regime; local planning has not been reviewed.,complete,100,100,100,,official,default,true
431536,Torredembarra,36,Tarragonès,2025S1,true,1209,18190,6.646509,,,false,"Decreto-ley 3/2023, annex; DOGC 9036, 08/11/2023; effective from 09/11/2023",40,70,municipality,decree_law_3_2023;t2h3-cgys,,2026-08-21T18:25:40Z,0.2.0,,A score of 100 only means the municipality is outside the regional special regime; local planning has not been reviewed.,complete,40,40,100,,official,default,true
431541,Torroja del Priorat,29,Priorat,2025S1,false,7,128,5.46875,,,false,"Decreto-ley 3/2023, annex; DOGC 9036, 08/11/2023; effective from 09/11/2023",100,60,municipality,decree_law_3_2023;t2h3-cgys,,2026-08-21T18:25:40Z,0.2.0,,A score of 100 only means the municipality is outside the regional special regime; local planning has not been reviewed.,complete,100,100,100,,official,default,true
431554,Tortosa,09,Baix Ebre,2025S1,true,85,36258,0.234431,,,false,"Decreto-ley 3/2023, annex; DOGC 9036, 08/11/2023; effective from 09/11/2023",40,70,municipality,decree_law_3_2023;t2h3-cgys,,2026-08-21T18:25:40Z,0.2.0,,A score of 100 only means the municipality is outside the regional special regime; local planning has not been reviewed.,complete,40,40,100,,official,default,true
431567,Ulldecona,22,Montsià,2025S1,false,29,6814,0.425594,,,false,"Decreto-ley 3/2023, annex; DOGC 9036, 08/11/2023; effective from 09/11/2023",100,60,municipality,decree_law_3_2023;t2h3-cgys,,2026-08-21T18:25:40Z,0.2.0,,A score of 100 only means the municipality is outside the regional special regime; local planning has not been reviewed.,complete,100,100,100,,official,default,true
431573,Ulldemolins,29,Priorat,2025S1,false,23,390,5.897436,,,false,"Decreto-ley 3/2023, annex; DOGC 9036, 08/11/2023; effective from 09/11/2023",100,60,municipality,decree_law_3_2023;t2h3-cgys,,2026-08-21T18:25:40Z,0.2.0,,A score of 100 only means the municipality is outside the regional special regime; local planning has not been reviewed.,complete,100,100,100,,official,default,true
431589,Vallclara,16,Conca de Barberà,2025S1,false,1,91,1.098901,,,false,"Decreto-ley 3/2023, annex; DOGC 9036, 08/11/2023; effective from 09/11/2023",100,60,municipality,decree_law_3_2023;t2h3-cgys,,2026-08-21T18:25:40Z,0.2.0,,A score of 100 only means the municipality is outside the regional special regime; local planning has not been reviewed.,complete,100,100,100,,official,default,true
431592,Vallfogona de Riucorb,16,Conca de Barberà,2025S1,false,1,97,1.030928,,,false,"Decreto-ley 3/2023, annex; DOGC 9036, 08/11/2023; effective from 09/11/2023",100,60,municipality,decree_law_3_2023;t2h3-cgys,,2026-08-21T18:25:40Z,0.2.0,,A score of 100 only means the municipality is outside the regional special regime; local planning has not been reviewed.,complete,100,100,100,,official,default,true
431606,Vallmoll,01,Alt Camp,2025S1,false,4,1997,0.2003,,,false,"Decreto-ley 3/2023, annex; DOGC 9036, 08/11/2023; effective from 09/11/2023",100,60,municipality,decree_law_3_2023;t2h3-cgys,,2026-08-21T18:25:40Z,0.2.0,,A score of 100 only means the municipality is outside the regional special regime; local planning has not been reviewed.,complete,100,100,100,,official,default,true
431613,Valls,01,Alt Camp,2025S1,true,7,25540,0.027408,,,false,"Decreto-ley 3/2023, annex; DOGC 9036, 08/11/2023; effective from 09/11/2023",40,70,municipality,decree_law_3_2023;t2h3-cgys,,2026-08-21T18:25:40Z,0.2.0,,A score of 100 only means the municipality is outside the regional special regime; local planning has not been reviewed.,complete,40,40,100,,official,default,true
431628,Vandellòs i l'Hospitalet de l'Infant,08,Baix Camp,2025S1,true,578,7151,8.082786,,,false,"Decreto-ley 3/2023, annex; DOGC 9036, 08/11/2023; effective from 09/11/2023",40,70,municipality,decree_law_3_2023;t2h3-cgys,,2026-08-21T18:25:40Z,0.2.0,,A score of 100 only means the municipality is outside the regional special regime; local planning has not been reviewed.,complete,40,40,100,,official,default,true
431634,el Vendrell,12,Baix Penedès,2025S1,true,862,41195,2.092487,,,false,"Decreto-ley 3/2023, annex; DOGC 9036, 08/11/2023; effective from 09/11/2023",40,70,municipality,decree_law_3_2023;t2h3-cgys,,2026-08-21T18:25:40Z,0.2.0,,A score of 100 only means the municipality is outside the regional special regime; local planning has not been reviewed.,complete,40,40,100,,official,default,true
431649,Vespella de Gaià,36,Tarragonès,2025S1,false,29,502,5.776892,,,false,"Decreto-ley 3/2023, annex; DOGC 9036, 08/11/2023; effective from 09/11/2023",100,60,municipality,decree_law_3_2023;t2h3-cgys,,2026-08-21T18:25:40Z,0.2.0,,A score of 100 only means the municipality is outside the regional special regime; local planning has not been reviewed.,complete,100,100,100,,official,default,true
431652,Vilabella,01,Alt Camp,2025S1,false,1,731,0.136799,,,false,"Decreto-ley 3/2023, annex; DOGC 9036, 08/11/2023; effective from 09/11/2023",100,60,municipality,decree_law_3_2023;t2h3-cgys,,2026-08-21T18:25:40Z,0.2.0,,A score of 100 only means the municipality is outside the regional special regime; local planning has not been reviewed.,complete,100,100,100,,official,default,true
431665,Vilallonga del Camp,36,Tarragonès,2025S1,false,1,2494,0.040096,,,false,"Decreto-ley 3/2023, annex; DOGC 9036, 08/11/2023; effective from 09/11/2023",100,60,municipality,decree_law_3_2023;t2h3-cgys,,2026-08-21T18:25:40Z,0.2.0,,A score of 100 only means the municipality is outside the regional special regime; local planning has not been reviewed.,complete,100,100,100,,official,default,true
431671,Vilanova d'Escornalbou,08,Baix Camp,2025S1,false,13,615,2.113821,,,false,"Decreto-ley 3/2023, annex; DOGC 9036, 08/11/2023; effective from 09/11/2023",100,60,municipality,decree_law_3_2023;t2h3-cgys,,2026-08-21T18:25:40Z,0.2.0,,A score of 100 only means the municipality is outside the regional special regime; local planning has not been reviewed.,complete,100,100,100,,official,default,true
431687,Vilanova de Prades,16,Conca de Barberà,2025S1,false,1,110,0.909091,,,false,"Decreto-ley 3/2023, annex; DOGC 9036, 08/11/2023; effective from 09/11/2023",100,60,municipality,decree_law_3_2023;t2h3-cgys,,2026-08-21T18:25:40Z,0.2.0,,A score of 100 only means the municipality is outside the regional special regime; local planning has not been reviewed.,complete,100,100,100,,official,default,true
431690,Vilaplana,08,Baix Camp,2025S1,false,3,558,0.537634,,,false,"Decreto-ley 3/2023, annex; DOGC 9036, 08/11/2023; effective from 09/11/2023",100,60,municipality,decree_law_3_2023;t2h3-cgys,,2026-08-21T18:25:40Z,0.2.0,,A score of 100 only means the municipality is outside the regional special regime; local planning has not been reviewed.,complete,100,100,100,,official,default,true
431704,Vila-rodona,01,Alt Camp,2025S1,false,4,1388,0.288184,,,false,"Decreto-ley 3/2023, annex; DOGC 9036, 08/11/2023; effective from 09/11/2023",100,60,municipality,decree_law_3_2023;t2h3-cgys,,2026-08-21T18:25:40Z,0.2.0,,A score of 100 only means the municipality is outside the regional special regime; local planning has not been reviewed.,complete,100,100,100,,official,default,true
431711,Vila-seca,36,Tarragonès,2025S1,true,1444,24158,5.977316,,,false,"Decreto-ley 3/2023, annex; DOGC 9036, 08/11/2023; effective from 09/11/2023",40,70,municipality,decree_law_3_2023;t2h3-cgys,,2026-08-21T18:25:40Z,0.2.0,,A score of 100 only means the municipality is outside the regional special regime; local planning has not been reviewed.,complete,40,40,100,,official,default,true
431726,Vilaverd,16,Conca de Barberà,2025S1,false,2,494,0.404858,,,false,"Decreto-ley 3/2023, annex; DOGC 9036, 08/11/2023; effective from 09/11/2023",100,60,municipality,decree_law_3_2023;t2h3-cgys,,2026-08-21T18:25:40Z,0.2.0,,A score of 100 only means the municipality is outside the regional special regime; local planning has not been reviewed.,complete,100,100,100,,official,default,true
431732,la Vilella Alta,29,Priorat,2025S1,false,4,130,3.076923,,,false,"Decreto-ley 3/2023, annex; DOGC 9036, 08/11/2023; effective from 09/11/2023",100,60,municipality,decree_law_3_2023;t2h3-cgys,,2026-08-21T18:25:40Z,0.2.0,,A score of 100 only means the municipality is outside the regional special regime; local planning has not been reviewed.,complete,100,100,100,,official,default,true
431747,la Vilella Baixa,29,Priorat,2025S1,true,22,202,10.891089,,,false,"Decreto-ley 3/2023, annex; DOGC 9036, 08/11/2023; effective from 09/11/2023",40,70,municipality,decree_law_3_2023;t2h3-cgys,,2026-08-21T18:25:40Z,0.2.0,,A score of 100 only means the municipality is outside the regional special regime; local planning has not been reviewed.,complete,40,40,100,,official,default,true
431750,Vilalba dels Arcs,37,Terra Alta,2025S1,false,5,613,0.815661,,,false,"Decreto-ley 3/2023, annex; DOGC 9036, 08/11/2023; effective from 09/11/2023",100,60,municipality,decree_law_3_2023;t2h3-cgys,,2026-08-21T18:25:40Z,0.2.0,,A score of 100 only means the municipality is outside the regional special regime; local planning has not been reviewed.,complete,100,100,100,,official,default,true
431763,Vimbodí i Poblet,16,Conca de Barberà,2025S1,false,18,889,2.024747,,,false,"Decreto-ley 3/2023, annex; DOGC 9036, 08/11/2023; effective from 09/11/2023",100,60,municipality,decree_law_3_2023;t2h3-cgys,,2026-08-21T18:25:40Z,0.2.0,,A score of 100 only means the municipality is outside the regional special regime; local planning has not been reviewed.,complete,100,100,100,,official,default,true
431779,Vinebre,30,Ribera d'Ebre,2025S1,false,6,428,1.401869,,,false,"Decreto-ley 3/2023, annex; DOGC 9036, 08/11/2023; effective from 09/11/2023",100,60,municipality,decree_law_3_2023;t2h3-cgys,,2026-08-21T18:25:40Z,0.2.0,,A score of 100 only means the municipality is outside the regional special regime; local planning has not been reviewed.,complete,100,100,100,,official,default,true
431785,Vinyols i els Arcs,08,Baix Camp,2025S1,true,134,2470,5.425101,,,false,"Decreto-ley 3/2023, annex; DOGC 9036, 08/11/2023; effective from 09/11/2023",40,70,municipality,decree_law_3_2023;t2h3-cgys,,2026-08-21T18:25:40Z,0.2.0,,A score of 100 only means the municipality is outside the regional special regime; local planning has not been reviewed.,complete,40,40,100,,official,default,true
439018,Deltebre,09,Baix Ebre,2025S1,true,848,12074,7.023356,,,false,"Decreto-ley 3/2023, annex; DOGC 9036, 08/11/2023; effective from 09/11/2023",40,70,municipality,decree_law_3_2023;t2h3-cgys,,2026-08-21T18:25:40Z,0.2.0,,A score of 100 only means the municipality is outside the regional special regime; local planning has not been reviewed.,complete,40,40,100,,official,default,true
439023,Sant Jaume d'Enveja,22,Montsià,2025S1,false,161,3759,4.283054,,,false,"Decreto-ley 3/2023, annex; DOGC 9036, 08/11/2023; effective from 09/11/2023",100,60,municipality,decree_law_3_2023;t2h3-cgys,,2026-08-21T18:25:40Z,0.2.0,,A score of 100 only means the municipality is outside the regional special regime; local planning has not been reviewed.,complete,100,100,100,,official,default,true
439039,Camarles,09,Baix Ebre,2025S1,false,57,3499,1.629037,,,false,"Decreto-ley 3/2023, annex; DOGC 9036, 08/11/2023; effective from 09/11/2023",100,60,municipality,decree_law_3_2023;t2h3-cgys,,2026-08-21T18:25:40Z,0.2.0,,A score of 100 only means the municipality is outside the regional special regime; local planning has not been reviewed.,complete,100,100,100,,official,default,true
439044,l'Aldea,09,Baix Ebre,2025S1,false,27,4725,0.571429,,,false,"Decreto-ley 3/2023, annex; DOGC 9036, 08/11/2023; effective from 09/11/2023",100,60,municipality,decree_law_3_2023;t2h3-cgys,,2026-08-21T18:25:40Z,0.2.0,,A score of 100 only means the municipality is outside the regional special regime; local planning has not been reviewed.,complete,100,100,100,,official,default,true
439057,Salou,36,Tarragonès,2025S1,true,7130,31018,22.986653,,,false,"Decreto-ley 3/2023, annex; DOGC 9036, 08/11/2023; effective from 09/11/2023",40,70,municipality,decree_law_3_2023;t2h3-cgys,,2026-08-21T18:25:40Z,0.2.0,,A score of 100 only means the municipality is outside the regional special regime; local planning has not been reviewed.,complete,40,40,100,,official,default,true
439060,l'Ampolla,09,Baix Ebre,2025S1,true,682,3809,17.904962,,,false,"Decreto-ley 3/2023, annex; DOGC 9036, 08/11/2023; effective from 09/11/2023",40,70,municipality,decree_law_3_2023;t2h3-cgys,,2026-08-21T18:25:40Z,0.2.0,,A score of 100 only means the municipality is outside the regional special regime; local planning has not been reviewed.,complete,40,40,100,,official,default,true
439076,la Canonja,36,Tarragonès,2025S1,true,3,5993,0.050058,,,false,"Decreto-ley 3/2023, annex; DOGC 9036, 08/11/2023; effective from 09/11/2023",40,70,municipality,decree_law_3_2023;t2h3-cgys,,2026-08-21T18:25:40Z,0.2.0,,A score of 100 only means the municipality is outside the regional special regime; local planning has not been reviewed.,complete,40,40,100,,official,default,true
