municipality_code,municipality_name,comarca_code,comarca_name,reference_period,population_current,population_1y_ago,population_5y_ago,population_change_5y,growth_1y_pct,cagr_5y_pct,trend_score,scale_adjusted_growth_score,score_0_100,confidence_0_100,data_scope,source_id,source_updated_at,retrieved_at,method_version,missing_reason,notes,score_status,score_min_0_100,score_max_0_100,coverage_weight_pct,rank_stability_0_100,source_tier,method_variant,usable_for_composite
080018,Abrera,11,Baix Llobregat,2025,13227,13014,12538,689,1.636699,1.075667,52.7685,93.2047,64.8994,100,municipality,idescat_pmh_446_477,,2026-08-21T21:48:17Z,0.2.0,,,complete,64.8994,64.8994,100,,official,annual_trend_scale_adjusted,true
080023,Aguilar de Segarra,07,Bages,2025,292,291,282,10,0.343643,0.699369,43.8785,52.737,46.536,100,municipality,idescat_pmh_446_477,,2026-08-21T21:48:17Z,0.2.0,,,complete,46.536,46.536,100,,official,annual_trend_scale_adjusted,true
080039,Alella,21,Maresme,2025,10262,10217,9904,358,0.440442,0.712708,44.1937,86.8163,56.9805,100,municipality,idescat_pmh_446_477,,2026-08-21T21:48:17Z,0.2.0,,,complete,56.9805,56.9805,100,,official,annual_trend_scale_adjusted,true
080044,Alpens,43,Lluçanès,2025,267,270,261,6,-1.111111,0.4556,38.1195,48.3176,41.1789,100,municipality,idescat_pmh_446_477,,2026-08-21T21:48:17Z,0.2.0,,,complete,41.1789,41.1789,100,,official,annual_trend_scale_adjusted,true
080057,l'Ametlla del Vallès,41,Vallès Oriental,2025,9474,9462,8646,828,0.126823,1.845919,70.9654,94.9991,78.1755,100,municipality,idescat_pmh_446_477,,2026-08-21T21:48:17Z,0.2.0,,,complete,78.1755,78.1755,100,,official,annual_trend_scale_adjusted,true
080060,Arenys de Mar,21,Maresme,2025,17042,16642,15941,1101,2.403557,1.34469,59.1241,97.7825,70.7216,100,municipality,idescat_pmh_446_477,,2026-08-21T21:48:17Z,0.2.0,,,complete,70.7216,70.7216,100,,official,annual_trend_scale_adjusted,true
080076,Arenys de Munt,21,Maresme,2025,9558,9458,9121,437,1.057306,0.940375,49.5722,88.761,61.3288,100,municipality,idescat_pmh_446_477,,2026-08-21T21:48:17Z,0.2.0,,,complete,61.3288,61.3288,100,,official,annual_trend_scale_adjusted,true
080082,Argençola,06,Anoia,2025,245,237,219,26,3.375527,2.269091,80.9628,61.5167,75.129,100,municipality,idescat_pmh_446_477,,2026-08-21T21:48:17Z,0.2.0,,,complete,75.129,75.129,100,,official,annual_trend_scale_adjusted,true
080095,Argentona,21,Maresme,2025,12891,12844,12536,355,0.36593,0.56006,40.5874,86.7342,54.4314,100,municipality,idescat_pmh_446_477,,2026-08-21T21:48:17Z,0.2.0,,,complete,54.4314,54.4314,100,,official,annual_trend_scale_adjusted,true
080109,Artés,07,Bages,2025,6225,6084,5762,463,2.317554,1.557785,64.1584,89.3248,71.7083,100,municipality,idescat_pmh_446_477,,2026-08-21T21:48:17Z,0.2.0,,,complete,71.7083,71.7083,100,,official,annual_trend_scale_adjusted,true
080116,Avià,14,Berguedà,2025,2267,2243,2220,47,1.069996,0.419883,37.2757,67.1424,46.2357,100,municipality,idescat_pmh_446_477,,2026-08-21T21:48:17Z,0.2.0,,,complete,46.2357,46.2357,100,,official,annual_trend_scale_adjusted,true
080121,Avinyó,07,Bages,2025,2322,2313,2289,33,0.389105,0.286687,34.129,63.7707,43.0215,100,municipality,idescat_pmh_446_477,,2026-08-21T21:48:17Z,0.2.0,,,complete,43.0215,43.0215,100,,official,annual_trend_scale_adjusted,true
080137,Avinyonet del Penedès,03,Alt Penedès,2025,1782,1744,1697,85,2.178899,0.98228,50.5622,72.8442,57.2468,100,municipality,idescat_pmh_446_477,,2026-08-21T21:48:17Z,0.2.0,,,complete,57.2468,57.2468,100,,official,annual_trend_scale_adjusted,true
080142,Aiguafreda,24,Osona,2025,2569,2576,2512,57,-0.271739,0.449758,37.9815,68.9928,47.2849,100,municipality,idescat_pmh_446_477,,2026-08-21T21:48:17Z,0.2.0,,,complete,47.2849,47.2849,100,,official,annual_trend_scale_adjusted,true
080155,Badalona,13,Barcelonès,2025,231542,227083,223166,8376,1.963599,0.73963,44.8297,100,61.3808,100,municipality,idescat_pmh_446_477,,2026-08-21T21:48:17Z,0.2.0,,,complete,61.3808,61.3808,100,,official,annual_trend_scale_adjusted,true
080168,Bagà,14,Berguedà,2025,2161,2182,2140,21,-0.96242,0.195496,31.9746,59.5143,40.2365,100,municipality,idescat_pmh_446_477,,2026-08-21T21:48:17Z,0.2.0,,,complete,40.2365,40.2365,100,,official,annual_trend_scale_adjusted,true
080174,Balenyà,24,Osona,2025,4021,4036,3840,181,-0.371655,0.925421,49.2189,80.1741,58.5055,100,municipality,idescat_pmh_446_477,,2026-08-21T21:48:17Z,0.2.0,,,complete,58.5055,58.5055,100,,official,annual_trend_scale_adjusted,true
080180,Balsareny,07,Bages,2025,3380,3328,3192,188,1.5625,1.151136,54.5514,80.5432,62.3489,100,municipality,idescat_pmh_446_477,,2026-08-21T21:48:17Z,0.2.0,,,complete,62.3489,62.3489,100,,official,annual_trend_scale_adjusted,true
080193,Barcelona,13,Barcelonès,2025,1731649,1702547,1664182,67467,1.709321,0.797975,46.2081,100,62.3457,100,municipality,idescat_pmh_446_477,,2026-08-21T21:48:17Z,0.2.0,,,complete,62.3457,62.3457,100,,official,annual_trend_scale_adjusted,true
080207,Begues,11,Baix Llobregat,2025,7561,7462,7300,261,1.326722,0.705056,44.0129,83.7365,55.93,100,municipality,idescat_pmh_446_477,,2026-08-21T21:48:17Z,0.2.0,,,complete,55.93,55.93,100,,official,annual_trend_scale_adjusted,true
080214,Bellprat,06,Anoia,2025,69,69,64,5,0,1.515843,63.1675,46.8104,58.2604,100,municipality,idescat_pmh_446_477,,2026-08-21T21:48:17Z,0.2.0,,,complete,58.2604,58.2604,100,,official,annual_trend_scale_adjusted,true
080229,Berga,14,Berguedà,2025,17473,17160,16760,713,1.824009,0.836716,47.1233,93.539,61.048,100,municipality,idescat_pmh_446_477,,2026-08-21T21:48:17Z,0.2.0,,,complete,61.048,61.048,100,,official,annual_trend_scale_adjusted,true
080235,Bigues i Riells del Fai,41,Vallès Oriental,2025,10139,10036,9358,781,1.026305,1.616075,65.5354,94.4285,74.2033,100,municipality,idescat_pmh_446_477,,2026-08-21T21:48:17Z,0.2.0,,,complete,74.2033,74.2033,100,,official,annual_trend_scale_adjusted,true
080240,Borredà,14,Berguedà,2025,433,419,464,-31,3.341289,-1.373418,0,0,0,100,municipality,idescat_pmh_446_477,,2026-08-21T21:48:17Z,0.2.0,,,complete,0,0,100,,official,annual_trend_scale_adjusted,true
080253,el Bruc,06,Anoia,2025,2290,2288,2110,180,0.087413,1.650754,66.3547,80.1203,70.4844,100,municipality,idescat_pmh_446_477,,2026-08-21T21:48:17Z,0.2.0,,,complete,70.4844,70.4844,100,,official,annual_trend_scale_adjusted,true
080266,el Brull,24,Osona,2025,296,293,258,38,1.023891,2.786103,93.177,65.1122,84.7576,100,municipality,idescat_pmh_446_477,,2026-08-21T21:48:17Z,0.2.0,,,complete,84.7576,84.7576,100,,official,annual_trend_scale_adjusted,true
080272,les Cabanyes,03,Alt Penedès,2025,1060,1012,979,81,4.743083,1.602556,65.2161,72.3786,67.3648,100,municipality,idescat_pmh_446_477,,2026-08-21T21:48:17Z,0.2.0,,,complete,67.3648,67.3648,100,,official,annual_trend_scale_adjusted,true
080288,Cabrera d'Anoia,06,Anoia,2025,1772,1709,1482,290,3.686366,3.638973,100,84.763,95.4289,100,municipality,idescat_pmh_446_477,,2026-08-21T21:48:17Z,0.2.0,,,complete,95.4289,95.4289,100,,official,annual_trend_scale_adjusted,true
080291,Cabrera de Mar,21,Maresme,2025,5045,5018,4747,298,0.538063,1.22514,56.2997,85.0281,64.9182,100,municipality,idescat_pmh_446_477,,2026-08-21T21:48:17Z,0.2.0,,,complete,64.9182,64.9182,100,,official,annual_trend_scale_adjusted,true
080305,Cabrils,21,Maresme,2025,7765,7767,7432,333,-0.02575,0.880483,48.1573,86.1105,59.5433,100,municipality,idescat_pmh_446_477,,2026-08-21T21:48:17Z,0.2.0,,,complete,59.5433,59.5433,100,,official,annual_trend_scale_adjusted,true
080312,Calaf,06,Anoia,2025,3644,3618,3656,-12,0.718629,-0.065732,25.8032,4.212,19.3258,100,municipality,idescat_pmh_446_477,,2026-08-21T21:48:17Z,0.2.0,,,complete,19.3258,19.3258,100,,official,annual_trend_scale_adjusted,true
080327,Caldes d'Estrac,21,Maresme,2025,3356,3259,3021,335,2.976373,2.125512,77.5707,86.1689,80.1502,100,municipality,idescat_pmh_446_477,,2026-08-21T21:48:17Z,0.2.0,,,complete,80.1502,80.1502,100,,official,annual_trend_scale_adjusted,true
080333,Caldes de Montbui,41,Vallès Oriental,2025,18567,18336,17812,755,1.259817,0.833725,47.0526,94.0979,61.1662,100,municipality,idescat_pmh_446_477,,2026-08-21T21:48:17Z,0.2.0,,,complete,61.1662,61.1662,100,,official,annual_trend_scale_adjusted,true
080348,Calders,42,Moianès,2025,1122,1114,1045,77,0.718133,1.432076,61.1885,71.8896,64.3988,100,municipality,idescat_pmh_446_477,,2026-08-21T21:48:17Z,0.2.0,,,complete,64.3988,64.3988,100,,official,annual_trend_scale_adjusted,true
080351,Calella,21,Maresme,2025,20864,20369,19277,1587,2.430163,1.594834,65.0336,100,75.5235,100,municipality,idescat_pmh_446_477,,2026-08-21T21:48:17Z,0.2.0,,,complete,75.5235,75.5235,100,,official,annual_trend_scale_adjusted,true
080364,Calonge de Segarra,06,Anoia,2025,179,174,188,-9,2.873563,-0.976326,4.2907,6.7773,5.0367,100,municipality,idescat_pmh_446_477,,2026-08-21T21:48:17Z,0.2.0,,,complete,5.0367,5.0367,100,,official,annual_trend_scale_adjusted,true
080370,Calldetenes,24,Osona,2025,2733,2690,2513,220,1.598513,1.692618,67.3438,82.0725,71.7624,100,municipality,idescat_pmh_446_477,,2026-08-21T21:48:17Z,0.2.0,,,complete,71.7624,71.7624,100,,official,annual_trend_scale_adjusted,true
080386,Callús,07,Bages,2025,2180,2145,2129,51,1.631702,0.474572,38.5678,67.9251,47.375,100,municipality,idescat_pmh_446_477,,2026-08-21T21:48:17Z,0.2.0,,,complete,47.375,47.375,100,,official,annual_trend_scale_adjusted,true
080399,Campins,41,Vallès Oriental,2025,586,606,541,45,-3.30033,1.610847,65.4119,66.7263,65.8062,100,municipality,idescat_pmh_446_477,,2026-08-21T21:48:17Z,0.2.0,,,complete,65.8062,65.8062,100,,official,annual_trend_scale_adjusted,true
080403,Canet de Mar,21,Maresme,2025,15198,15140,14865,333,0.383091,0.444071,37.8472,86.1105,52.3262,100,municipality,idescat_pmh_446_477,,2026-08-21T21:48:17Z,0.2.0,,,complete,52.3262,52.3262,100,,official,annual_trend_scale_adjusted,true
080410,Canovelles,41,Vallès Oriental,2025,17473,17312,16829,644,0.929991,0.753892,45.1666,92.5453,59.3802,100,municipality,idescat_pmh_446_477,,2026-08-21T21:48:17Z,0.2.0,,,complete,59.3802,59.3802,100,,official,annual_trend_scale_adjusted,true
080425,Cànoves i Samalús,41,Vallès Oriental,2025,3399,3315,3156,243,2.533937,1.494576,62.6651,83.0406,68.7777,100,municipality,idescat_pmh_446_477,,2026-08-21T21:48:17Z,0.2.0,,,complete,68.7777,68.7777,100,,official,annual_trend_scale_adjusted,true
080431,Canyelles,17,Garraf,2025,5505,5367,4699,806,2.571269,3.216796,100,94.7362,98.4209,100,municipality,idescat_pmh_446_477,,2026-08-21T21:48:17Z,0.2.0,,,complete,98.4209,98.4209,100,,official,annual_trend_scale_adjusted,true
080446,Capellades,06,Anoia,2025,5608,5567,5342,266,0.736483,0.976619,50.4285,83.9214,60.4764,100,municipality,idescat_pmh_446_477,,2026-08-21T21:48:17Z,0.2.0,,,complete,60.4764,60.4764,100,,official,annual_trend_scale_adjusted,true
080459,Capolat,14,Berguedà,2025,93,92,84,9,1.086957,2.056515,75.9407,51.8051,68.7,100,municipality,idescat_pmh_446_477,,2026-08-21T21:48:17Z,0.2.0,,,complete,68.7,68.7,100,,official,annual_trend_scale_adjusted,true
080462,Cardedeu,41,Vallès Oriental,2025,19046,19064,18424,622,-0.094419,0.666269,43.0965,92.2059,57.8293,100,municipality,idescat_pmh_446_477,,2026-08-21T21:48:17Z,0.2.0,,,complete,57.8293,57.8293,100,,official,annual_trend_scale_adjusted,true
080478,Cardona,07,Bages,2025,4553,4574,4639,-86,-0.459117,-0.37355,18.5311,0,12.9718,100,municipality,idescat_pmh_446_477,,2026-08-21T21:48:17Z,0.2.0,,,complete,12.9718,12.9718,100,,official,annual_trend_scale_adjusted,true
080484,Carme,06,Anoia,2025,847,814,785,62,4.054054,1.531955,63.5481,69.8013,65.4241,100,municipality,idescat_pmh_446_477,,2026-08-21T21:48:17Z,0.2.0,,,complete,65.4241,65.4241,100,,official,annual_trend_scale_adjusted,true
080497,Casserres,14,Berguedà,2025,1660,1676,1588,72,-0.954654,0.890789,48.4008,71.2418,55.2531,100,municipality,idescat_pmh_446_477,,2026-08-21T21:48:17Z,0.2.0,,,complete,55.2531,55.2531,100,,official,annual_trend_scale_adjusted,true
080500,Castellar del Riu,14,Berguedà,2025,151,163,176,-25,-7.361963,-3.017616,0,0,0,100,municipality,idescat_pmh_446_477,,2026-08-21T21:48:17Z,0.2.0,,,complete,0,0,100,,official,annual_trend_scale_adjusted,true
080517,Castellar del Vallès,40,Vallès Occidental,2025,25422,25322,24488,934,0.394914,0.751444,45.1088,96.1757,60.4289,100,municipality,idescat_pmh_446_477,,2026-08-21T21:48:17Z,0.2.0,,,complete,60.4289,60.4289,100,,official,annual_trend_scale_adjusted,true
080522,Castellar de n'Hug,14,Berguedà,2025,166,164,156,10,1.219512,1.250388,56.8962,52.737,55.6484,100,municipality,idescat_pmh_446_477,,2026-08-21T21:48:17Z,0.2.0,,,complete,55.6484,55.6484,100,,official,annual_trend_scale_adjusted,true
080538,Castellbell i el Vilar,07,Bages,2025,4159,4138,3719,440,0.507492,2.261592,80.7856,88.8277,83.1982,100,municipality,idescat_pmh_446_477,,2026-08-21T21:48:17Z,0.2.0,,,complete,83.1982,83.1982,100,,official,annual_trend_scale_adjusted,true
080543,Castellbisbal,40,Vallès Occidental,2025,13061,12972,12539,522,0.686093,0.819074,46.7065,90.4952,59.8431,100,municipality,idescat_pmh_446_477,,2026-08-21T21:48:17Z,0.2.0,,,complete,59.8431,59.8431,100,,official,annual_trend_scale_adjusted,true
080556,Castellcir,42,Moianès,2025,804,784,742,62,2.55102,1.61795,65.5797,69.8013,66.8462,100,municipality,idescat_pmh_446_477,,2026-08-21T21:48:17Z,0.2.0,,,complete,66.8462,66.8462,100,,official,annual_trend_scale_adjusted,true
080569,Castelldefels,11,Baix Llobregat,2025,70057,69450,67460,2597,0.87401,0.758348,45.2719,100,61.6903,100,municipality,idescat_pmh_446_477,,2026-08-21T21:48:17Z,0.2.0,,,complete,61.6903,61.6903,100,,official,annual_trend_scale_adjusted,true
080575,Castell de l'Areny,14,Berguedà,2025,68,69,67,1,-1.449275,0.296741,34.3665,36.0686,34.8771,100,municipality,idescat_pmh_446_477,,2026-08-21T21:48:17Z,0.2.0,,,complete,34.8771,34.8771,100,,official,annual_trend_scale_adjusted,true
080581,Castellet i la Gornal,03,Alt Penedès,2025,2776,2674,2382,394,3.81451,3.108755,100,87.7506,96.3252,100,municipality,idescat_pmh_446_477,,2026-08-21T21:48:17Z,0.2.0,,,complete,96.3252,96.3252,100,,official,annual_trend_scale_adjusted,true
080594,Castellfollit del Boix,07,Bages,2025,467,459,447,20,1.742919,0.879256,48.1283,59.0595,51.4077,100,municipality,idescat_pmh_446_477,,2026-08-21T21:48:17Z,0.2.0,,,complete,51.4077,51.4077,100,,official,annual_trend_scale_adjusted,true
080608,Castellfollit de Riubregós,06,Anoia,2025,153,151,162,-9,1.324503,-1.136659,0.5029,6.7773,2.3852,100,municipality,idescat_pmh_446_477,,2026-08-21T21:48:17Z,0.2.0,,,complete,2.3852,2.3852,100,,official,annual_trend_scale_adjusted,true
080615,Castellgalí,07,Bages,2025,2413,2347,2119,294,2.812101,2.632586,89.5502,84.8964,88.1541,100,municipality,idescat_pmh_446_477,,2026-08-21T21:48:17Z,0.2.0,,,complete,88.1541,88.1541,100,,official,annual_trend_scale_adjusted,true
080620,Castellnou de Bages,07,Bages,2025,1473,1430,1437,36,3.006993,0.496097,39.0763,64.5975,46.7327,100,municipality,idescat_pmh_446_477,,2026-08-21T21:48:17Z,0.2.0,,,complete,46.7327,46.7327,100,,official,annual_trend_scale_adjusted,true
080636,Castellolí,06,Anoia,2025,669,658,626,43,1.671733,1.33754,58.9551,66.2917,61.1561,100,municipality,idescat_pmh_446_477,,2026-08-21T21:48:17Z,0.2.0,,,complete,61.1561,61.1561,100,,official,annual_trend_scale_adjusted,true
080641,Castellterçol,42,Moianès,2025,2754,2773,2548,206,-0.685179,1.567065,64.3776,81.4327,69.4941,100,municipality,idescat_pmh_446_477,,2026-08-21T21:48:17Z,0.2.0,,,complete,69.4941,69.4941,100,,official,annual_trend_scale_adjusted,true
080654,Castellví de la Marca,03,Alt Penedès,2025,1721,1716,1575,146,0.291375,1.788816,69.6164,78.0859,72.1572,100,municipality,idescat_pmh_446_477,,2026-08-21T21:48:17Z,0.2.0,,,complete,72.1572,72.1572,100,,official,annual_trend_scale_adjusted,true
080667,Castellví de Rosanes,11,Baix Llobregat,2025,2171,2106,1933,238,3.08642,2.349469,82.8617,82.8381,82.8546,100,municipality,idescat_pmh_446_477,,2026-08-21T21:48:17Z,0.2.0,,,complete,82.8546,82.8546,100,,official,annual_trend_scale_adjusted,true
080673,Centelles,24,Osona,2025,7864,7775,7513,351,1.144695,0.917393,49.0293,86.6237,60.3076,100,municipality,idescat_pmh_446_477,,2026-08-21T21:48:17Z,0.2.0,,,complete,60.3076,60.3076,100,,official,annual_trend_scale_adjusted,true
080689,Cervelló,11,Baix Llobregat,2025,9743,9647,9077,666,0.995128,1.426181,61.0493,92.8732,70.5965,100,municipality,idescat_pmh_446_477,,2026-08-21T21:48:17Z,0.2.0,,,complete,70.5965,70.5965,100,,official,annual_trend_scale_adjusted,true
080692,Collbató,11,Baix Llobregat,2025,4828,4849,4544,284,-0.433079,1.219873,56.1753,84.5593,64.6905,100,municipality,idescat_pmh_446_477,,2026-08-21T21:48:17Z,0.2.0,,,complete,64.6905,64.6905,100,,official,annual_trend_scale_adjusted,true
080706,Collsuspina,42,Moianès,2025,391,389,359,32,0.514139,1.722368,68.0466,63.4788,66.6763,100,municipality,idescat_pmh_446_477,,2026-08-21T21:48:17Z,0.2.0,,,complete,66.6763,66.6763,100,,official,annual_trend_scale_adjusted,true
080713,Copons,06,Anoia,2025,352,351,321,31,0.2849,1.860904,71.3195,63.178,68.877,100,municipality,idescat_pmh_446_477,,2026-08-21T21:48:17Z,0.2.0,,,complete,68.877,68.877,100,,official,annual_trend_scale_adjusted,true
080728,Corbera de Llobregat,11,Baix Llobregat,2025,16010,15726,14882,1128,1.805926,1.47195,62.1305,98.0191,72.8971,100,municipality,idescat_pmh_446_477,,2026-08-21T21:48:17Z,0.2.0,,,complete,72.8971,72.8971,100,,official,annual_trend_scale_adjusted,true
080734,Cornellà de Llobregat,11,Baix Llobregat,2025,92237,91589,89936,2301,0.707509,0.50654,39.323,100,57.5261,100,municipality,idescat_pmh_446_477,,2026-08-21T21:48:17Z,0.2.0,,,complete,57.5261,57.5261,100,,official,annual_trend_scale_adjusted,true
080749,Cubelles,17,Garraf,2025,17673,17243,15770,1903,2.493766,2.304731,81.8048,100,87.2634,100,municipality,idescat_pmh_446_477,,2026-08-21T21:48:17Z,0.2.0,,,complete,87.2634,87.2634,100,,official,annual_trend_scale_adjusted,true
080752,Dosrius,21,Maresme,2025,6287,6142,5652,635,2.360795,2.152326,78.2042,92.4079,82.4653,100,municipality,idescat_pmh_446_477,,2026-08-21T21:48:17Z,0.2.0,,,complete,82.4653,82.4653,100,,official,annual_trend_scale_adjusted,true
080765,Esparreguera,11,Baix Llobregat,2025,22665,22550,22302,363,0.509978,0.323432,34.9971,86.9515,50.5834,100,municipality,idescat_pmh_446_477,,2026-08-21T21:48:17Z,0.2.0,,,complete,50.5834,50.5834,100,,official,annual_trend_scale_adjusted,true
080771,Esplugues de Llobregat,11,Baix Llobregat,2025,48221,47613,47150,1071,1.276962,0.450223,37.9925,97.5126,55.8485,100,municipality,idescat_pmh_446_477,,2026-08-21T21:48:17Z,0.2.0,,,complete,55.8485,55.8485,100,,official,annual_trend_scale_adjusted,true
080787,l'Espunyola,14,Berguedà,2025,260,262,242,18,-0.763359,1.445222,61.4991,58.0809,60.4736,100,municipality,idescat_pmh_446_477,,2026-08-21T21:48:17Z,0.2.0,,,complete,60.4736,60.4736,100,,official,annual_trend_scale_adjusted,true
080790,l'Estany,42,Moianès,2025,390,401,408,-18,-2.743142,-0.898349,6.1329,0.5015,4.4435,100,municipality,idescat_pmh_446_477,,2026-08-21T21:48:17Z,0.2.0,,,complete,4.4435,4.4435,100,,official,annual_trend_scale_adjusted,true
080804,Fígols,14,Berguedà,2025,40,41,43,-3,-2.439024,-1.436003,0,15.7365,4.7209,100,municipality,idescat_pmh_446_477,,2026-08-21T21:48:17Z,0.2.0,,,complete,4.7209,4.7209,100,,official,annual_trend_scale_adjusted,true
080811,Fogars de Montclús,41,Vallès Oriental,2025,494,502,475,19,-1.593625,0.787499,45.9606,58.5824,49.7471,100,municipality,idescat_pmh_446_477,,2026-08-21T21:48:17Z,0.2.0,,,complete,49.7471,49.7471,100,,official,annual_trend_scale_adjusted,true
080826,Fogars de la Selva,34,Selva,2025,1704,1680,1469,235,1.428571,3.012413,98.5235,82.7146,93.7808,100,municipality,idescat_pmh_446_477,,2026-08-21T21:48:17Z,0.2.0,,,complete,93.7808,93.7808,100,,official,annual_trend_scale_adjusted,true
080832,Folgueroles,24,Osona,2025,2262,2263,2265,-3,-0.044189,-0.026504,26.73,15.7365,23.4319,100,municipality,idescat_pmh_446_477,,2026-08-21T21:48:17Z,0.2.0,,,complete,23.4319,23.4319,100,,official,annual_trend_scale_adjusted,true
080847,Fonollosa,07,Bages,2025,1570,1585,1459,111,-0.946372,1.477293,62.2567,75.427,66.2078,100,municipality,idescat_pmh_446_477,,2026-08-21T21:48:17Z,0.2.0,,,complete,66.2078,66.2078,100,,official,annual_trend_scale_adjusted,true
080850,Font-rubí,03,Alt Penedès,2025,1441,1446,1414,27,-0.345781,0.379011,36.3102,61.8723,43.9788,100,municipality,idescat_pmh_446_477,,2026-08-21T21:48:17Z,0.2.0,,,complete,43.9788,43.9788,100,,official,annual_trend_scale_adjusted,true
080863,les Franqueses del Vallès,41,Vallès Oriental,2025,20881,20715,20364,517,0.801352,0.50268,39.2318,90.4013,54.5827,100,municipality,idescat_pmh_446_477,,2026-08-21T21:48:17Z,0.2.0,,,complete,54.5827,54.5827,100,,official,annual_trend_scale_adjusted,true
080879,Gallifa,40,Vallès Occidental,2025,171,172,167,4,-0.581395,0.474517,38.5664,45.0277,40.5048,100,municipality,idescat_pmh_446_477,,2026-08-21T21:48:17Z,0.2.0,,,complete,40.5048,40.5048,100,,official,annual_trend_scale_adjusted,true
080885,la Garriga,41,Vallès Oriental,2025,17426,17305,16668,758,0.69922,0.89342,48.4629,94.1366,62.165,100,municipality,idescat_pmh_446_477,,2026-08-21T21:48:17Z,0.2.0,,,complete,62.165,62.165,100,,official,annual_trend_scale_adjusted,true
080898,Gavà,11,Baix Llobregat,2025,48243,48007,47057,1186,0.491595,0.499063,39.1463,98.509,56.9551,100,municipality,idescat_pmh_446_477,,2026-08-21T21:48:17Z,0.2.0,,,complete,56.9551,56.9551,100,,official,annual_trend_scale_adjusted,true
080902,Gaià,07,Bages,2025,172,178,183,-11,-3.370787,-1.232179,0,4.9947,1.4984,100,municipality,idescat_pmh_446_477,,2026-08-21T21:48:17Z,0.2.0,,,complete,1.4984,1.4984,100,,official,annual_trend_scale_adjusted,true
080919,Gelida,03,Alt Penedès,2025,8198,8098,7670,528,1.234873,1.340376,59.0221,90.6067,68.4975,100,municipality,idescat_pmh_446_477,,2026-08-21T21:48:17Z,0.2.0,,,complete,68.4975,68.4975,100,,official,annual_trend_scale_adjusted,true
080924,Gironella,14,Berguedà,2025,5083,5055,4946,137,0.553907,0.547945,40.3012,77.4682,51.4513,100,municipality,idescat_pmh_446_477,,2026-08-21T21:48:17Z,0.2.0,,,complete,51.4513,51.4513,100,,official,annual_trend_scale_adjusted,true
080930,Gisclareny,14,Berguedà,2025,28,30,26,2,-6.666667,1.493198,62.6325,40.0331,55.8527,100,municipality,idescat_pmh_446_477,,2026-08-21T21:48:17Z,0.2.0,,,complete,55.8527,55.8527,100,,official,annual_trend_scale_adjusted,true
080945,la Granada,03,Alt Penedès,2025,2287,2263,2208,79,1.060539,0.705553,44.0246,72.1371,52.4583,100,municipality,idescat_pmh_446_477,,2026-08-21T21:48:17Z,0.2.0,,,complete,52.4583,52.4583,100,,official,annual_trend_scale_adjusted,true
080958,Granera,42,Moianès,2025,84,84,77,7,0,1.755458,68.8283,49.6233,63.0668,100,municipality,idescat_pmh_446_477,,2026-08-21T21:48:17Z,0.2.0,,,complete,63.0668,63.0668,100,,official,annual_trend_scale_adjusted,true
080961,Granollers,41,Vallès Oriental,2025,65341,64181,62419,2922,1.807388,0.919199,49.0719,100,64.3503,100,municipality,idescat_pmh_446_477,,2026-08-21T21:48:17Z,0.2.0,,,complete,64.3503,64.3503,100,,official,annual_trend_scale_adjusted,true
080977,Gualba,41,Vallès Oriental,2025,1766,1738,1548,218,1.611047,2.670091,90.4363,81.9836,87.9005,100,municipality,idescat_pmh_446_477,,2026-08-21T21:48:17Z,0.2.0,,,complete,87.9005,87.9005,100,,official,annual_trend_scale_adjusted,true
080983,Sant Salvador de Guardiola,07,Bages,2025,3612,3476,3221,391,3.912543,2.317849,82.1147,87.6761,83.7831,100,municipality,idescat_pmh_446_477,,2026-08-21T21:48:17Z,0.2.0,,,complete,83.7831,83.7831,100,,official,annual_trend_scale_adjusted,true
080996,Guardiola de Berguedà,14,Berguedà,2025,964,953,941,23,1.15425,0.484131,38.7936,60.3651,45.265,100,municipality,idescat_pmh_446_477,,2026-08-21T21:48:17Z,0.2.0,,,complete,45.265,45.265,100,,official,annual_trend_scale_adjusted,true
081000,Gurb,24,Osona,2025,2741,2712,2713,28,1.069322,0.205567,32.2126,62.2154,41.2134,100,municipality,idescat_pmh_446_477,,2026-08-21T21:48:17Z,0.2.0,,,complete,41.2134,41.2134,100,,official,annual_trend_scale_adjusted,true
081017,l'Hospitalet de Llobregat,13,Barcelonès,2025,289510,279993,269382,20128,3.399014,1.451623,61.6503,100,73.1552,100,municipality,idescat_pmh_446_477,,2026-08-21T21:48:17Z,0.2.0,,,complete,73.1552,73.1552,100,,official,annual_trend_scale_adjusted,true
081022,Igualada,06,Anoia,2025,42085,41466,40742,1343,1.492789,0.650746,42.7298,99.7236,59.8279,100,municipality,idescat_pmh_446_477,,2026-08-21T21:48:17Z,0.2.0,,,complete,59.8279,59.8279,100,,official,annual_trend_scale_adjusted,true
081038,Jorba,06,Anoia,2025,850,827,833,17,2.781137,0.404872,36.9211,57.5522,43.1104,100,municipality,idescat_pmh_446_477,,2026-08-21T21:48:17Z,0.2.0,,,complete,43.1104,43.1104,100,,official,annual_trend_scale_adjusted,true
081043,la Llacuna,06,Anoia,2025,959,982,903,56,-2.342159,1.21064,55.9572,68.8227,59.8169,100,municipality,idescat_pmh_446_477,,2026-08-21T21:48:17Z,0.2.0,,,complete,59.8169,59.8169,100,,official,annual_trend_scale_adjusted,true
081056,la Llagosta,41,Vallès Oriental,2025,13280,13085,13587,-307,1.490256,-0.456043,16.5822,0,11.6075,100,municipality,idescat_pmh_446_477,,2026-08-21T21:48:17Z,0.2.0,,,complete,11.6075,11.6075,100,,official,annual_trend_scale_adjusted,true
081069,Llinars del Vallès,41,Vallès Oriental,2025,10956,10740,10018,938,2.011173,1.806193,70.0269,96.2174,77.884,100,municipality,idescat_pmh_446_477,,2026-08-21T21:48:17Z,0.2.0,,,complete,77.884,77.884,100,,official,annual_trend_scale_adjusted,true
081075,Lliçà d'Amunt,41,Vallès Oriental,2025,16540,16253,15469,1071,1.765828,1.347876,59.1993,97.5126,70.6933,100,municipality,idescat_pmh_446_477,,2026-08-21T21:48:17Z,0.2.0,,,complete,70.6933,70.6933,100,,official,annual_trend_scale_adjusted,true
081081,Lliçà de Vall,41,Vallès Oriental,2025,6903,6861,6497,406,0.612156,1.21969,56.1709,88.0433,65.7326,100,municipality,idescat_pmh_446_477,,2026-08-21T21:48:17Z,0.2.0,,,complete,65.7326,65.7326,100,,official,annual_trend_scale_adjusted,true
081094,Lluçà,43,Lluçanès,2025,281,288,276,5,-2.430556,0.359722,35.8544,46.8104,39.1412,100,municipality,idescat_pmh_446_477,,2026-08-21T21:48:17Z,0.2.0,,,complete,39.1412,39.1412,100,,official,annual_trend_scale_adjusted,true
081108,Malgrat de Mar,21,Maresme,2025,19714,19377,18772,942,1.739175,0.984063,50.6043,96.259,64.3007,100,municipality,idescat_pmh_446_477,,2026-08-21T21:48:17Z,0.2.0,,,complete,64.3007,64.3007,100,,official,annual_trend_scale_adjusted,true
081115,Malla,24,Osona,2025,285,272,272,13,4.779412,0.938115,49.5188,55.095,51.1917,100,municipality,idescat_pmh_446_477,,2026-08-21T21:48:17Z,0.2.0,,,complete,51.1917,51.1917,100,,official,annual_trend_scale_adjusted,true
081120,Manlleu,24,Osona,2025,21425,21348,20912,513,0.36069,0.485883,38.835,90.3255,54.2822,100,municipality,idescat_pmh_446_477,,2026-08-21T21:48:17Z,0.2.0,,,complete,54.2822,54.2822,100,,official,annual_trend_scale_adjusted,true
081136,Manresa,07,Bages,2025,80974,80201,78245,2729,0.963828,0.68802,43.6104,100,60.5273,100,municipality,idescat_pmh_446_477,,2026-08-21T21:48:17Z,0.2.0,,,complete,60.5273,60.5273,100,,official,annual_trend_scale_adjusted,true
081141,Martorell,11,Baix Llobregat,2025,29175,28507,28772,403,2.343284,0.278577,33.9374,87.9709,50.1474,100,municipality,idescat_pmh_446_477,,2026-08-21T21:48:17Z,0.2.0,,,complete,50.1474,50.1474,100,,official,annual_trend_scale_adjusted,true
081154,Martorelles,41,Vallès Oriental,2025,4992,4987,4820,172,0.100261,0.703719,43.9813,79.6783,54.6904,100,municipality,idescat_pmh_446_477,,2026-08-21T21:48:17Z,0.2.0,,,complete,54.6904,54.6904,100,,official,annual_trend_scale_adjusted,true
081167,les Masies de Roda,24,Osona,2025,758,750,719,39,1.066667,1.062041,52.4465,65.3598,56.3205,100,municipality,idescat_pmh_446_477,,2026-08-21T21:48:17Z,0.2.0,,,complete,56.3205,56.3205,100,,official,annual_trend_scale_adjusted,true
081173,les Masies de Voltregà,24,Osona,2025,3345,3292,3132,213,1.609964,1.324594,58.6493,81.7578,65.5818,100,municipality,idescat_pmh_446_477,,2026-08-21T21:48:17Z,0.2.0,,,complete,65.5818,65.5818,100,,official,annual_trend_scale_adjusted,true
081189,el Masnou,21,Maresme,2025,24761,24479,23831,930,1.152008,0.76859,45.5138,96.1337,60.6998,100,municipality,idescat_pmh_446_477,,2026-08-21T21:48:17Z,0.2.0,,,complete,60.6998,60.6998,100,,official,annual_trend_scale_adjusted,true
081192,Masquefa,06,Anoia,2025,10120,10038,9402,718,0.816896,1.482709,62.3847,93.6072,71.7515,100,municipality,idescat_pmh_446_477,,2026-08-21T21:48:17Z,0.2.0,,,complete,71.7515,71.7515,100,,official,annual_trend_scale_adjusted,true
081206,Matadepera,40,Vallès Occidental,2025,9776,9815,9496,280,-0.397351,0.582887,41.1267,84.4211,54.115,100,municipality,idescat_pmh_446_477,,2026-08-21T21:48:17Z,0.2.0,,,complete,54.115,54.115,100,,official,annual_trend_scale_adjusted,true
081213,Mataró,21,Maresme,2025,131683,131798,129661,2022,-0.087255,0.309963,34.6789,100,54.2752,100,municipality,idescat_pmh_446_477,,2026-08-21T21:48:17Z,0.2.0,,,complete,54.2752,54.2752,100,,official,annual_trend_scale_adjusted,true
081228,Mediona,03,Alt Penedès,2025,2658,2637,2369,289,0.796359,2.328824,82.3739,84.7293,83.0805,100,municipality,idescat_pmh_446_477,,2026-08-21T21:48:17Z,0.2.0,,,complete,83.0805,83.0805,100,,official,annual_trend_scale_adjusted,true
081234,Molins de Rei,11,Baix Llobregat,2025,27300,26948,25940,1360,1.306219,1.027251,51.6246,99.8465,66.0912,100,municipality,idescat_pmh_446_477,,2026-08-21T21:48:17Z,0.2.0,,,complete,66.0912,66.0912,100,,official,annual_trend_scale_adjusted,true
081249,Mollet del Vallès,41,Vallès Oriental,2025,52990,52283,51600,1390,1.352256,0.533047,39.9492,100,57.9644,100,municipality,idescat_pmh_446_477,,2026-08-21T21:48:17Z,0.2.0,,,complete,57.9644,57.9644,100,,official,annual_trend_scale_adjusted,true
081252,Montcada i Reixac,40,Vallès Occidental,2025,37460,37153,36803,657,0.826313,0.354514,35.7314,92.7404,52.8341,100,municipality,idescat_pmh_446_477,,2026-08-21T21:48:17Z,0.2.0,,,complete,52.8341,52.8341,100,,official,annual_trend_scale_adjusted,true
081265,Montgat,21,Maresme,2025,12879,12625,12200,679,2.011881,1.089131,53.0865,93.0619,65.0791,100,municipality,idescat_pmh_446_477,,2026-08-21T21:48:17Z,0.2.0,,,complete,65.0791,65.0791,100,,official,annual_trend_scale_adjusted,true
081271,Monistrol de Montserrat,07,Bages,2025,3250,3198,3139,111,1.626016,0.697435,43.8328,75.427,53.3111,100,municipality,idescat_pmh_446_477,,2026-08-21T21:48:17Z,0.2.0,,,complete,53.3111,53.3111,100,,official,annual_trend_scale_adjusted,true
081287,Monistrol de Calders,42,Moianès,2025,764,761,702,62,0.394218,1.707095,67.6858,69.8013,68.3204,100,municipality,idescat_pmh_446_477,,2026-08-21T21:48:17Z,0.2.0,,,complete,68.3204,68.3204,100,,official,annual_trend_scale_adjusted,true
081290,Muntanyola,24,Osona,2025,697,712,632,65,-2.106742,1.977213,74.0672,70.2562,72.9239,100,municipality,idescat_pmh_446_477,,2026-08-21T21:48:17Z,0.2.0,,,complete,72.9239,72.9239,100,,official,annual_trend_scale_adjusted,true
081304,Montclar,14,Berguedà,2025,132,132,139,-7,0,-1.028119,3.0671,8.9592,4.8347,100,municipality,idescat_pmh_446_477,,2026-08-21T21:48:17Z,0.2.0,,,complete,4.8347,4.8347,100,,official,annual_trend_scale_adjusted,true
081311,Montesquiu,24,Osona,2025,1131,1099,1030,101,2.911738,1.888478,71.9709,74.5126,72.7334,100,municipality,idescat_pmh_446_477,,2026-08-21T21:48:17Z,0.2.0,,,complete,72.7334,72.7334,100,,official,annual_trend_scale_adjusted,true
081326,Montmajor,14,Berguedà,2025,473,472,469,4,0.211864,0.169997,31.3722,45.0277,35.4688,100,municipality,idescat_pmh_446_477,,2026-08-21T21:48:17Z,0.2.0,,,complete,35.4688,35.4688,100,,official,annual_trend_scale_adjusted,true
081332,Montmaneu,06,Anoia,2025,181,200,151,30,-9.5,3.690824,100,62.8675,88.8603,100,municipality,idescat_pmh_446_477,,2026-08-21T21:48:17Z,0.2.0,,,complete,88.8603,88.8603,100,,official,annual_trend_scale_adjusted,true
081347,Figaró-Montmany,41,Vallès Oriental,2025,1195,1188,1142,53,0.589226,0.91143,48.8884,68.2941,54.7101,100,municipality,idescat_pmh_446_477,,2026-08-21T21:48:17Z,0.2.0,,,complete,54.7101,54.7101,100,,official,annual_trend_scale_adjusted,true
081350,Montmeló,41,Vallès Oriental,2025,8886,8906,8831,55,-0.224568,0.124252,30.2915,68.6497,41.799,100,municipality,idescat_pmh_446_477,,2026-08-21T21:48:17Z,0.2.0,,,complete,41.799,41.799,100,,official,annual_trend_scale_adjusted,true
081363,Montornès del Vallès,41,Vallès Oriental,2025,17102,17089,16644,458,0.076072,0.544389,40.2172,89.2189,54.9177,100,municipality,idescat_pmh_446_477,,2026-08-21T21:48:17Z,0.2.0,,,complete,54.9177,54.9177,100,,official,annual_trend_scale_adjusted,true
081379,Montseny,41,Vallès Oriental,2025,388,380,351,37,2.105263,2.024605,75.1869,64.8582,72.0883,100,municipality,idescat_pmh_446_477,,2026-08-21T21:48:17Z,0.2.0,,,complete,72.0883,72.0883,100,,official,annual_trend_scale_adjusted,true
081385,Moià,42,Moianès,2025,6828,6738,6383,445,1.335708,1.356997,59.4148,88.938,68.2718,100,municipality,idescat_pmh_446_477,,2026-08-21T21:48:17Z,0.2.0,,,complete,68.2718,68.2718,100,,official,annual_trend_scale_adjusted,true
081398,Mura,07,Bages,2025,235,232,220,15,1.293103,1.327899,58.7274,56.4006,58.0294,100,municipality,idescat_pmh_446_477,,2026-08-21T21:48:17Z,0.2.0,,,complete,58.0294,58.0294,100,,official,annual_trend_scale_adjusted,true
081402,Navarcles,07,Bages,2025,6276,6160,6057,219,1.883117,0.712893,44.198,82.0282,55.5471,100,municipality,idescat_pmh_446_477,,2026-08-21T21:48:17Z,0.2.0,,,complete,55.5471,55.5471,100,,official,annual_trend_scale_adjusted,true
081419,Navàs,07,Bages,2025,6238,6185,6018,220,0.856912,0.720677,44.3819,82.0725,55.6891,100,municipality,idescat_pmh_446_477,,2026-08-21T21:48:17Z,0.2.0,,,complete,55.6891,55.6891,100,,official,annual_trend_scale_adjusted,true
081424,la Nou de Berguedà,14,Berguedà,2025,163,163,162,1,0,0.123153,30.2656,36.0686,32.0065,100,municipality,idescat_pmh_446_477,,2026-08-21T21:48:17Z,0.2.0,,,complete,32.0065,32.0065,100,,official,annual_trend_scale_adjusted,true
081430,Òdena,06,Anoia,2025,3760,3710,3668,92,1.347709,0.496677,39.09,73.6094,49.4458,100,municipality,idescat_pmh_446_477,,2026-08-21T21:48:17Z,0.2.0,,,complete,49.4458,49.4458,100,,official,annual_trend_scale_adjusted,true
081445,Olvan,14,Berguedà,2025,924,913,858,66,1.204819,1.493198,62.6325,70.4032,64.9637,100,municipality,idescat_pmh_446_477,,2026-08-21T21:48:17Z,0.2.0,,,complete,64.9637,64.9637,100,,official,annual_trend_scale_adjusted,true
081458,Olèrdola,03,Alt Penedès,2025,3945,3946,3768,177,-0.025342,0.922319,49.1457,79.9569,58.3891,100,municipality,idescat_pmh_446_477,,2026-08-21T21:48:17Z,0.2.0,,,complete,58.3891,58.3891,100,,official,annual_trend_scale_adjusted,true
081461,Olesa de Bonesvalls,03,Alt Penedès,2025,2135,2093,1840,295,2.006689,3.018687,98.6718,84.9295,94.5491,100,municipality,idescat_pmh_446_477,,2026-08-21T21:48:17Z,0.2.0,,,complete,94.5491,94.5491,100,,official,annual_trend_scale_adjusted,true
081477,Olesa de Montserrat,11,Baix Llobregat,2025,24966,24677,24144,822,1.171131,0.671827,43.2278,94.9281,58.7379,100,municipality,idescat_pmh_446_477,,2026-08-21T21:48:17Z,0.2.0,,,complete,58.7379,58.7379,100,,official,annual_trend_scale_adjusted,true
081483,Olivella,17,Garraf,2025,4435,4419,3935,500,0.362073,2.421181,84.5558,90.075,86.2116,100,municipality,idescat_pmh_446_477,,2026-08-21T21:48:17Z,0.2.0,,,complete,86.2116,86.2116,100,,official,annual_trend_scale_adjusted,true
081496,Olost,43,Lluçanès,2025,1209,1216,1202,7,-0.575658,0.116202,30.1014,49.6233,35.958,100,municipality,idescat_pmh_446_477,,2026-08-21T21:48:17Z,0.2.0,,,complete,35.958,35.958,100,,official,annual_trend_scale_adjusted,true
081509,Orís,24,Osona,2025,355,350,322,33,1.428571,1.970488,73.9083,63.7707,70.867,100,municipality,idescat_pmh_446_477,,2026-08-21T21:48:17Z,0.2.0,,,complete,70.867,70.867,100,,official,annual_trend_scale_adjusted,true
081516,Oristà,43,Lluçanès,2025,555,569,549,6,-2.460457,0.21763,32.4976,48.3176,37.2436,100,municipality,idescat_pmh_446_477,,2026-08-21T21:48:17Z,0.2.0,,,complete,37.2436,37.2436,100,,official,annual_trend_scale_adjusted,true
081521,Orpí,06,Anoia,2025,175,178,151,24,-1.685393,2.99407,98.0902,60.7642,86.8924,100,municipality,idescat_pmh_446_477,,2026-08-21T21:48:17Z,0.2.0,,,complete,86.8924,86.8924,100,,official,annual_trend_scale_adjusted,true
081537,Òrrius,21,Maresme,2025,812,805,758,54,0.869565,1.385854,60.0965,68.4735,62.6096,100,municipality,idescat_pmh_446_477,,2026-08-21T21:48:17Z,0.2.0,,,complete,62.6096,62.6096,100,,official,annual_trend_scale_adjusted,true
081542,Pacs del Penedès,03,Alt Penedès,2025,932,935,918,14,-0.320856,0.303167,34.5184,55.7696,40.8938,100,municipality,idescat_pmh_446_477,,2026-08-21T21:48:17Z,0.2.0,,,complete,40.8938,40.8938,100,,official,annual_trend_scale_adjusted,true
081555,Palafolls,21,Maresme,2025,10038,9938,9613,425,1.006239,0.868985,47.8856,88.4894,60.0667,100,municipality,idescat_pmh_446_477,,2026-08-21T21:48:17Z,0.2.0,,,complete,60.0667,60.0667,100,,official,annual_trend_scale_adjusted,true
081568,Palau-solità i Plegamans,40,Vallès Occidental,2025,15614,15456,14892,722,1.022257,0.951373,49.832,93.6615,62.9808,100,municipality,idescat_pmh_446_477,,2026-08-21T21:48:17Z,0.2.0,,,complete,62.9808,62.9808,100,,official,annual_trend_scale_adjusted,true
081574,Pallejà,11,Baix Llobregat,2025,12006,11825,11622,384,1.530655,0.652251,42.7654,87.4999,56.1857,100,municipality,idescat_pmh_446_477,,2026-08-21T21:48:17Z,0.2.0,,,complete,56.1857,56.1857,100,,official,annual_trend_scale_adjusted,true
081580,el Papiol,11,Baix Llobregat,2025,4404,4363,4172,232,0.93972,1.088232,53.0653,82.5895,61.9226,100,municipality,idescat_pmh_446_477,,2026-08-21T21:48:17Z,0.2.0,,,complete,61.9226,61.9226,100,,official,annual_trend_scale_adjusted,true
081593,Parets del Vallès,41,Vallès Oriental,2025,18885,18881,19071,-186,0.021185,-0.195826,22.7298,0,15.9109,100,municipality,idescat_pmh_446_477,,2026-08-21T21:48:17Z,0.2.0,,,complete,15.9109,15.9109,100,,official,annual_trend_scale_adjusted,true
081607,Perafita,43,Lluçanès,2025,433,438,405,28,-1.141553,1.345991,59.1548,62.2154,60.073,100,municipality,idescat_pmh_446_477,,2026-08-21T21:48:17Z,0.2.0,,,complete,60.073,60.073,100,,official,annual_trend_scale_adjusted,true
081614,Piera,06,Anoia,2025,17880,17555,16134,1746,1.851324,2.076341,76.4091,100,83.4864,100,municipality,idescat_pmh_446_477,,2026-08-21T21:48:17Z,0.2.0,,,complete,83.4864,83.4864,100,,official,annual_trend_scale_adjusted,true
081629,els Hostalets de Pierola,06,Anoia,2025,3258,3231,2980,278,0.835655,1.799809,69.8761,84.3512,74.2186,100,municipality,idescat_pmh_446_477,,2026-08-21T21:48:17Z,0.2.0,,,complete,74.2186,74.2186,100,,official,annual_trend_scale_adjusted,true
081635,Pineda de Mar,21,Maresme,2025,30108,29455,27984,2124,2.216941,1.473917,62.177,100,73.5239,100,municipality,idescat_pmh_446_477,,2026-08-21T21:48:17Z,0.2.0,,,complete,73.5239,73.5239,100,,official,annual_trend_scale_adjusted,true
081640,el Pla del Penedès,03,Alt Penedès,2025,1393,1352,1275,118,3.032544,1.786032,69.5506,76.0198,71.4914,100,municipality,idescat_pmh_446_477,,2026-08-21T21:48:17Z,0.2.0,,,complete,71.4914,71.4914,100,,official,annual_trend_scale_adjusted,true
081653,la Pobla de Claramunt,06,Anoia,2025,2350,2353,2185,165,-0.127497,1.466641,62.0051,79.2744,67.1859,100,municipality,idescat_pmh_446_477,,2026-08-21T21:48:17Z,0.2.0,,,complete,67.1859,67.1859,100,,official,annual_trend_scale_adjusted,true
081666,la Pobla de Lillet,14,Berguedà,2025,1105,1109,1093,12,-0.360685,0.218621,32.521,54.3704,39.0758,100,municipality,idescat_pmh_446_477,,2026-08-21T21:48:17Z,0.2.0,,,complete,39.0758,39.0758,100,,official,annual_trend_scale_adjusted,true
081672,Polinyà,40,Vallès Occidental,2025,8581,8555,8504,77,0.303916,0.180439,31.6189,71.8896,43.7001,100,municipality,idescat_pmh_446_477,,2026-08-21T21:48:17Z,0.2.0,,,complete,43.7001,43.7001,100,,official,annual_trend_scale_adjusted,true
081688,Pontons,03,Alt Penedès,2025,516,518,528,-12,-0.3861,-0.458735,16.5186,4.212,12.8266,100,municipality,idescat_pmh_446_477,,2026-08-21T21:48:17Z,0.2.0,,,complete,12.8266,12.8266,100,,official,annual_trend_scale_adjusted,true
081691,el Prat de Llobregat,11,Baix Llobregat,2025,66338,66184,65385,953,0.232685,0.289819,34.203,96.3724,52.8538,100,municipality,idescat_pmh_446_477,,2026-08-21T21:48:17Z,0.2.0,,,complete,52.8538,52.8538,100,,official,annual_trend_scale_adjusted,true
081705,els Prats de Rei,06,Anoia,2025,554,553,537,17,0.180832,0.625279,42.1281,57.5522,46.7553,100,municipality,idescat_pmh_446_477,,2026-08-21T21:48:17Z,0.2.0,,,complete,46.7553,46.7553,100,,official,annual_trend_scale_adjusted,true
081712,Prats de Lluçanès,43,Lluçanès,2025,2761,2688,2604,157,2.715774,1.177766,55.1805,78.7915,62.2638,100,municipality,idescat_pmh_446_477,,2026-08-21T21:48:17Z,0.2.0,,,complete,62.2638,62.2638,100,,official,annual_trend_scale_adjusted,true
081727,Premià de Mar,21,Maresme,2025,29431,28951,28531,900,1.657974,0.62308,42.0762,95.8135,58.1974,100,municipality,idescat_pmh_446_477,,2026-08-21T21:48:17Z,0.2.0,,,complete,58.1974,58.1974,100,,official,annual_trend_scale_adjusted,true
081748,Puigdàlber,03,Alt Penedès,2025,621,629,524,97,-1.27186,3.455138,100,74.1214,92.2364,100,municipality,idescat_pmh_446_477,,2026-08-21T21:48:17Z,0.2.0,,,complete,92.2364,92.2364,100,,official,annual_trend_scale_adjusted,true
081751,Puig-reig,14,Berguedà,2025,4565,4489,4295,270,1.693027,1.226803,56.339,84.0667,64.6573,100,municipality,idescat_pmh_446_477,,2026-08-21T21:48:17Z,0.2.0,,,complete,64.6573,64.6573,100,,official,annual_trend_scale_adjusted,true
081764,Pujalt,06,Anoia,2025,204,210,210,-6,-2.857143,-0.578073,13.6993,10.2648,12.6689,100,municipality,idescat_pmh_446_477,,2026-08-21T21:48:17Z,0.2.0,,,complete,12.6689,12.6689,100,,official,annual_trend_scale_adjusted,true
081770,la Quar,14,Berguedà,2025,41,42,49,-8,-2.380952,-3.502168,0,7.8075,2.3422,100,municipality,idescat_pmh_446_477,,2026-08-21T21:48:17Z,0.2.0,,,complete,2.3422,2.3422,100,,official,annual_trend_scale_adjusted,true
081786,Rajadell,07,Bages,2025,597,594,534,63,0.505051,2.255485,80.6413,69.9553,77.4355,100,municipality,idescat_pmh_446_477,,2026-08-21T21:48:17Z,0.2.0,,,complete,77.4355,77.4355,100,,official,annual_trend_scale_adjusted,true
081799,Rellinars,40,Vallès Occidental,2025,926,920,809,117,0.652174,2.738328,92.0484,75.9373,87.2151,100,municipality,idescat_pmh_446_477,,2026-08-21T21:48:17Z,0.2.0,,,complete,87.2151,87.2151,100,,official,annual_trend_scale_adjusted,true
081803,Ripollet,40,Vallès Occidental,2025,39897,39462,39179,718,1.102326,0.363865,35.9523,93.6072,53.2488,100,municipality,idescat_pmh_446_477,,2026-08-21T21:48:17Z,0.2.0,,,complete,53.2488,53.2488,100,,official,annual_trend_scale_adjusted,true
081810,la Roca del Vallès,41,Vallès Oriental,2025,11014,10962,10754,260,0.474366,0.478931,38.6707,83.6991,52.1792,100,municipality,idescat_pmh_446_477,,2026-08-21T21:48:17Z,0.2.0,,,complete,52.1792,52.1792,100,,official,annual_trend_scale_adjusted,true
081825,el Pont de Vilomara i Rocafort,07,Bages,2025,4193,4140,3907,286,1.280193,1.422962,60.9732,84.6276,68.0695,100,municipality,idescat_pmh_446_477,,2026-08-21T21:48:17Z,0.2.0,,,complete,68.0695,68.0695,100,,official,annual_trend_scale_adjusted,true
081831,Roda de Ter,24,Osona,2025,6937,6900,6490,447,0.536232,1.34105,59.0381,88.9817,68.0212,100,municipality,idescat_pmh_446_477,,2026-08-21T21:48:17Z,0.2.0,,,complete,68.0212,68.0212,100,,official,annual_trend_scale_adjusted,true
081846,Rubí,40,Vallès Occidental,2025,82823,81532,78591,4232,1.583427,1.054493,52.2682,100,66.5877,100,municipality,idescat_pmh_446_477,,2026-08-21T21:48:17Z,0.2.0,,,complete,66.5877,66.5877,100,,official,annual_trend_scale_adjusted,true
081859,Rubió,06,Anoia,2025,225,237,239,-14,-5.063291,-1.200005,0,2.8129,0.8439,100,municipality,idescat_pmh_446_477,,2026-08-21T21:48:17Z,0.2.0,,,complete,0.8439,0.8439,100,,official,annual_trend_scale_adjusted,true
081878,Sabadell,40,Vallès Occidental,2025,225368,222177,216520,8848,1.436242,0.804251,46.3563,100,62.4494,100,municipality,idescat_pmh_446_477,,2026-08-21T21:48:17Z,0.2.0,,,complete,62.4494,62.4494,100,,official,annual_trend_scale_adjusted,true
081884,Sagàs,14,Berguedà,2025,154,153,145,9,0.653595,1.211659,55.9812,51.8051,54.7284,100,municipality,idescat_pmh_446_477,,2026-08-21T21:48:17Z,0.2.0,,,complete,54.7284,54.7284,100,,official,annual_trend_scale_adjusted,true
081897,Sant Pere Sallavinera,06,Anoia,2025,177,158,151,26,12.025316,3.228416,100,61.5167,88.455,100,municipality,idescat_pmh_446_477,,2026-08-21T21:48:17Z,0.2.0,,,complete,88.455,88.455,100,,official,annual_trend_scale_adjusted,true
081901,Saldes,14,Berguedà,2025,302,301,278,24,0.332226,1.669908,66.8072,60.7642,64.9943,100,municipality,idescat_pmh_446_477,,2026-08-21T21:48:17Z,0.2.0,,,complete,64.9943,64.9943,100,,official,annual_trend_scale_adjusted,true
081918,Sallent,07,Bages,2025,7030,6927,6735,295,1.486935,0.861064,47.6985,84.9295,58.8678,100,municipality,idescat_pmh_446_477,,2026-08-21T21:48:17Z,0.2.0,,,complete,58.8678,58.8678,100,,official,annual_trend_scale_adjusted,true
081923,Santpedor,07,Bages,2025,7744,7716,7604,140,0.362882,0.365545,35.992,77.6784,48.4979,100,municipality,idescat_pmh_446_477,,2026-08-21T21:48:17Z,0.2.0,,,complete,48.4979,48.4979,100,,official,annual_trend_scale_adjusted,true
081939,Sant Iscle de Vallalta,21,Maresme,2025,1477,1458,1342,135,1.303155,1.935532,73.0825,77.3254,74.3554,100,municipality,idescat_pmh_446_477,,2026-08-21T21:48:17Z,0.2.0,,,complete,74.3554,74.3554,100,,official,annual_trend_scale_adjusted,true
081944,Sant Adrià de Besòs,13,Barcelonès,2025,39323,38490,37447,1876,2.164198,0.982454,50.5663,100,65.3964,100,municipality,idescat_pmh_446_477,,2026-08-21T21:48:17Z,0.2.0,,,complete,65.3964,65.3964,100,,official,annual_trend_scale_adjusted,true
081957,Sant Agustí de Lluçanès,24,Osona,2025,106,108,89,17,-1.851852,3.557885,100,57.5522,87.2657,100,municipality,idescat_pmh_446_477,,2026-08-21T21:48:17Z,0.2.0,,,complete,87.2657,87.2657,100,,official,annual_trend_scale_adjusted,true
081960,Sant Andreu de la Barca,11,Baix Llobregat,2025,27094,27062,27569,-475,0.118247,-0.34699,19.1586,0,13.411,100,municipality,idescat_pmh_446_477,,2026-08-21T21:48:17Z,0.2.0,,,complete,13.411,13.411,100,,official,annual_trend_scale_adjusted,true
081976,Sant Andreu de Llavaneres,21,Maresme,2025,11938,11933,11133,805,0.041901,1.406052,60.5737,94.724,70.8188,100,municipality,idescat_pmh_446_477,,2026-08-21T21:48:17Z,0.2.0,,,complete,70.8188,70.8188,100,,official,annual_trend_scale_adjusted,true
081982,Sant Antoni de Vilamajor,41,Vallès Oriental,2025,6724,6668,6208,516,0.839832,1.609707,65.385,90.3824,72.8842,100,municipality,idescat_pmh_446_477,,2026-08-21T21:48:17Z,0.2.0,,,complete,72.8842,72.8842,100,,official,annual_trend_scale_adjusted,true
081995,Sant Bartomeu del Grau,24,Osona,2025,933,943,884,49,-1.060445,1.084805,52.9843,67.5416,57.3515,100,municipality,idescat_pmh_446_477,,2026-08-21T21:48:17Z,0.2.0,,,complete,57.3515,57.3515,100,,official,annual_trend_scale_adjusted,true
082009,Sant Boi de Llobregat,11,Baix Llobregat,2025,85610,84831,84500,1110,0.918296,0.261352,33.5305,97.862,52.8299,100,municipality,idescat_pmh_446_477,,2026-08-21T21:48:17Z,0.2.0,,,complete,52.8299,52.8299,100,,official,annual_trend_scale_adjusted,true
082016,Sant Boi de Lluçanès,24,Osona,2025,602,575,580,22,4.695652,0.747366,45.0124,59.949,49.4934,100,municipality,idescat_pmh_446_477,,2026-08-21T21:48:17Z,0.2.0,,,complete,49.4934,49.4934,100,,official,annual_trend_scale_adjusted,true
082021,Sant Celoni,41,Vallès Oriental,2025,18977,18761,18136,841,1.151325,0.910698,48.8711,95.1513,62.7552,100,municipality,idescat_pmh_446_477,,2026-08-21T21:48:17Z,0.2.0,,,complete,62.7552,62.7552,100,,official,annual_trend_scale_adjusted,true
082037,Sant Cebrià de Vallalta,21,Maresme,2025,3872,3828,3438,434,1.149425,2.406116,84.2,88.6938,85.5481,100,municipality,idescat_pmh_446_477,,2026-08-21T21:48:17Z,0.2.0,,,complete,85.5481,85.5481,100,,official,annual_trend_scale_adjusted,true
082042,Sant Climent de Llobregat,11,Baix Llobregat,2025,4187,4182,4160,27,0.11956,0.129472,30.4149,61.8723,39.8521,100,municipality,idescat_pmh_446_477,,2026-08-21T21:48:17Z,0.2.0,,,complete,39.8521,39.8521,100,,official,annual_trend_scale_adjusted,true
082055,Sant Cugat del Vallès,40,Vallès Occidental,2025,97983,98621,92977,5006,-0.646921,1.054356,52.265,100,66.5855,100,municipality,idescat_pmh_446_477,,2026-08-21T21:48:17Z,0.2.0,,,complete,66.5855,66.5855,100,,official,annual_trend_scale_adjusted,true
082068,Sant Cugat Sesgarrigues,03,Alt Penedès,2025,1038,1031,1009,29,0.678952,0.56833,40.7827,62.5469,47.312,100,municipality,idescat_pmh_446_477,,2026-08-21T21:48:17Z,0.2.0,,,complete,47.312,47.312,100,,official,annual_trend_scale_adjusted,true
082074,Sant Esteve de Palautordera,41,Vallès Oriental,2025,3099,3080,2864,235,0.616883,1.589708,64.9125,82.7146,70.2531,100,municipality,idescat_pmh_446_477,,2026-08-21T21:48:17Z,0.2.0,,,complete,70.2531,70.2531,100,,official,annual_trend_scale_adjusted,true
082080,Sant Esteve Sesrovires,11,Baix Llobregat,2025,8121,8060,7696,425,0.756824,1.080851,52.8909,88.4894,63.5704,100,municipality,idescat_pmh_446_477,,2026-08-21T21:48:17Z,0.2.0,,,complete,63.5704,63.5704,100,,official,annual_trend_scale_adjusted,true
082093,Sant Fost de Campsentelles,41,Vallès Oriental,2025,9419,9227,8853,566,2.08085,1.247164,56.82,91.285,67.1595,100,municipality,idescat_pmh_446_477,,2026-08-21T21:48:17Z,0.2.0,,,complete,67.1595,67.1595,100,,official,annual_trend_scale_adjusted,true
082107,Sant Feliu de Codines,41,Vallès Oriental,2025,6827,6661,6363,464,2.492118,1.417662,60.848,89.3459,69.3974,100,municipality,idescat_pmh_446_477,,2026-08-21T21:48:17Z,0.2.0,,,complete,69.3974,69.3974,100,,official,annual_trend_scale_adjusted,true
082114,Sant Feliu de Llobregat,11,Baix Llobregat,2025,46781,46554,45467,1314,0.487606,0.571433,40.8561,99.5103,58.4524,100,municipality,idescat_pmh_446_477,,2026-08-21T21:48:17Z,0.2.0,,,complete,58.4524,58.4524,100,,official,annual_trend_scale_adjusted,true
082129,Sant Feliu Sasserra,07,Bages,2025,633,629,605,28,0.63593,0.908945,48.8297,62.2154,52.8454,100,municipality,idescat_pmh_446_477,,2026-08-21T21:48:17Z,0.2.0,,,complete,52.8454,52.8454,100,,official,annual_trend_scale_adjusted,true
082135,Sant Fruitós de Bages,07,Bages,2025,9333,9248,8837,496,0.919118,1.098167,53.3,89.9966,64.309,100,municipality,idescat_pmh_446_477,,2026-08-21T21:48:17Z,0.2.0,,,complete,64.309,64.309,100,,official,annual_trend_scale_adjusted,true
082140,Vilassar de Dalt,21,Maresme,2025,9404,9281,9072,332,1.325288,0.721438,44.3999,86.0812,56.9043,100,municipality,idescat_pmh_446_477,,2026-08-21T21:48:17Z,0.2.0,,,complete,56.9043,56.9043,100,,official,annual_trend_scale_adjusted,true
082153,Sant Hipòlit de Voltregà,24,Osona,2025,3666,3687,3540,126,-0.569569,0.701941,43.9393,76.656,53.7543,100,municipality,idescat_pmh_446_477,,2026-08-21T21:48:17Z,0.2.0,,,complete,53.7543,53.7543,100,,official,annual_trend_scale_adjusted,true
082166,Sant Jaume de Frontanyà,14,Berguedà,2025,25,26,30,-5,-3.846154,-3.58075,0,11.772,3.5316,100,municipality,idescat_pmh_446_477,,2026-08-21T21:48:17Z,0.2.0,,,complete,3.5316,3.5316,100,,official,annual_trend_scale_adjusted,true
082172,Sant Joan Despí,11,Baix Llobregat,2025,35926,35083,34267,1659,2.402873,0.950054,49.8009,100,64.8606,100,municipality,idescat_pmh_446_477,,2026-08-21T21:48:17Z,0.2.0,,,complete,64.8606,64.8606,100,,official,annual_trend_scale_adjusted,true
082188,Sant Joan de Vilatorrada,07,Bages,2025,11133,11017,10998,135,1.052918,0.244303,33.1277,77.3254,46.387,100,municipality,idescat_pmh_446_477,,2026-08-21T21:48:17Z,0.2.0,,,complete,46.387,46.387,100,,official,annual_trend_scale_adjusted,true
082191,Vilassar de Mar,21,Maresme,2025,21227,21162,21035,192,0.307154,0.18189,31.6532,80.7479,46.3816,100,municipality,idescat_pmh_446_477,,2026-08-21T21:48:17Z,0.2.0,,,complete,46.3816,46.3816,100,,official,annual_trend_scale_adjusted,true
082205,Sant Julià de Vilatorta,24,Osona,2025,3323,3297,3140,183,0.788596,1.139345,54.2728,80.281,62.0753,100,municipality,idescat_pmh_446_477,,2026-08-21T21:48:17Z,0.2.0,,,complete,62.0753,62.0753,100,,official,annual_trend_scale_adjusted,true
082212,Sant Just Desvern,11,Baix Llobregat,2025,21037,20881,18670,2367,0.747091,2.416021,84.4339,100,89.1037,100,municipality,idescat_pmh_446_477,,2026-08-21T21:48:17Z,0.2.0,,,complete,89.1037,89.1037,100,,official,annual_trend_scale_adjusted,true
082227,Sant Llorenç d'Hortons,03,Alt Penedès,2025,2627,2617,2428,199,0.382117,1.587969,64.8714,81.0963,69.7389,100,municipality,idescat_pmh_446_477,,2026-08-21T21:48:17Z,0.2.0,,,complete,69.7389,69.7389,100,,official,annual_trend_scale_adjusted,true
082233,Sant Llorenç Savall,40,Vallès Occidental,2025,2587,2586,2417,170,0.03867,1.368718,59.6917,79.5646,65.6536,100,municipality,idescat_pmh_446_477,,2026-08-21T21:48:17Z,0.2.0,,,complete,65.6536,65.6536,100,,official,annual_trend_scale_adjusted,true
082248,Sant Martí de Centelles,24,Osona,2025,1263,1259,1184,79,0.317712,1.300206,58.0731,72.1371,62.2923,100,municipality,idescat_pmh_446_477,,2026-08-21T21:48:17Z,0.2.0,,,complete,62.2923,62.2923,100,,official,annual_trend_scale_adjusted,true
082251,Sant Martí d'Albars,43,Lluçanès,2025,135,140,114,21,-3.571429,3.43935,100,59.5143,87.8543,100,municipality,idescat_pmh_446_477,,2026-08-21T21:48:17Z,0.2.0,,,complete,87.8543,87.8543,100,,official,annual_trend_scale_adjusted,true
082264,Sant Martí de Tous,06,Anoia,2025,1269,1275,1228,41,-0.470588,0.659009,42.925,65.8368,49.7985,100,municipality,idescat_pmh_446_477,,2026-08-21T21:48:17Z,0.2.0,,,complete,49.7985,49.7985,100,,official,annual_trend_scale_adjusted,true
082270,Sant Martí Sarroca,03,Alt Penedès,2025,3485,3391,3261,224,2.772044,1.337549,58.9553,82.2479,65.9431,100,municipality,idescat_pmh_446_477,,2026-08-21T21:48:17Z,0.2.0,,,complete,65.9431,65.9431,100,,official,annual_trend_scale_adjusted,true
082286,Sant Martí Sesgueioles,06,Anoia,2025,353,360,342,11,-1.944444,0.635155,42.3615,53.5878,45.7294,100,municipality,idescat_pmh_446_477,,2026-08-21T21:48:17Z,0.2.0,,,complete,45.7294,45.7294,100,,official,annual_trend_scale_adjusted,true
082299,Sant Mateu de Bages,07,Bages,2025,641,637,608,33,0.627943,1.062698,52.4621,63.7707,55.8547,100,municipality,idescat_pmh_446_477,,2026-08-21T21:48:17Z,0.2.0,,,complete,55.8547,55.8547,100,,official,annual_trend_scale_adjusted,true
082303,Premià de Dalt,21,Maresme,2025,10632,10594,10441,191,0.358694,0.363217,35.937,80.6971,49.365,100,municipality,idescat_pmh_446_477,,2026-08-21T21:48:17Z,0.2.0,,,complete,49.365,49.365,100,,official,annual_trend_scale_adjusted,true
082310,Sant Pere de Ribes,17,Garraf,2025,32705,32121,31111,1594,1.818125,1.00434,51.0834,100,65.7584,100,municipality,idescat_pmh_446_477,,2026-08-21T21:48:17Z,0.2.0,,,complete,65.7584,65.7584,100,,official,annual_trend_scale_adjusted,true
082325,Sant Pere de Riudebitlles,03,Alt Penedès,2025,2516,2497,2380,136,0.760913,1.117596,53.759,77.397,60.8504,100,municipality,idescat_pmh_446_477,,2026-08-21T21:48:17Z,0.2.0,,,complete,60.8504,60.8504,100,,official,annual_trend_scale_adjusted,true
082331,Sant Pere de Torelló,24,Osona,2025,2596,2592,2470,126,0.154321,1.00004,50.9818,76.656,58.6841,100,municipality,idescat_pmh_446_477,,2026-08-21T21:48:17Z,0.2.0,,,complete,58.6841,58.6841,100,,official,annual_trend_scale_adjusted,true
082346,Sant Pere de Vilamajor,41,Vallès Oriental,2025,5074,4941,4544,530,2.691763,2.230957,80.0619,90.6436,83.2364,100,municipality,idescat_pmh_446_477,,2026-08-21T21:48:17Z,0.2.0,,,complete,83.2364,83.2364,100,,official,annual_trend_scale_adjusted,true
082359,Sant Pol de Mar,21,Maresme,2025,5793,5834,5428,365,-0.702777,1.310099,58.3068,87.0051,66.9163,100,municipality,idescat_pmh_446_477,,2026-08-21T21:48:17Z,0.2.0,,,complete,66.9163,66.9163,100,,official,annual_trend_scale_adjusted,true
082362,Sant Quintí de Mediona,03,Alt Penedès,2025,2580,2504,2317,263,3.035144,2.173609,78.707,83.8109,80.2382,100,municipality,idescat_pmh_446_477,,2026-08-21T21:48:17Z,0.2.0,,,complete,80.2382,80.2382,100,,official,annual_trend_scale_adjusted,true
082378,Sant Quirze de Besora,24,Osona,2025,2164,2127,2154,10,1.739539,0.092679,29.5456,52.737,36.503,100,municipality,idescat_pmh_446_477,,2026-08-21T21:48:17Z,0.2.0,,,complete,36.503,36.503,100,,official,annual_trend_scale_adjusted,true
082384,Sant Quirze del Vallès,40,Vallès Occidental,2025,20209,20161,20195,14,0.238083,0.013861,27.6836,55.7696,36.1094,100,municipality,idescat_pmh_446_477,,2026-08-21T21:48:17Z,0.2.0,,,complete,36.1094,36.1094,100,,official,annual_trend_scale_adjusted,true
082397,Sant Quirze Safaja,42,Moianès,2025,663,669,631,32,-0.896861,0.994293,50.846,63.4788,54.6358,100,municipality,idescat_pmh_446_477,,2026-08-21T21:48:17Z,0.2.0,,,complete,54.6358,54.6358,100,,official,annual_trend_scale_adjusted,true
082401,Sant Sadurní d'Anoia,03,Alt Penedès,2025,12911,12915,12841,70,-0.030972,0.108789,29.9262,70.9702,42.2394,100,municipality,idescat_pmh_446_477,,2026-08-21T21:48:17Z,0.2.0,,,complete,42.2394,42.2394,100,,official,annual_trend_scale_adjusted,true
082418,Sant Sadurní d'Osormort,24,Osona,2025,89,84,76,13,5.952381,3.208456,100,55.095,86.5285,100,municipality,idescat_pmh_446_477,,2026-08-21T21:48:17Z,0.2.0,,,complete,86.5285,86.5285,100,,official,annual_trend_scale_adjusted,true
082423,Marganell,07,Bages,2025,309,308,266,43,0.324675,3.042258,99.2286,66.2917,89.3475,100,municipality,idescat_pmh_446_477,,2026-08-21T21:48:17Z,0.2.0,,,complete,89.3475,89.3475,100,,official,annual_trend_scale_adjusted,true
082439,Santa Cecília de Voltregà,24,Osona,2025,197,192,182,15,2.604167,1.596552,65.0742,56.4006,62.4721,100,municipality,idescat_pmh_446_477,,2026-08-21T21:48:17Z,0.2.0,,,complete,62.4721,62.4721,100,,official,annual_trend_scale_adjusted,true
082444,Santa Coloma de Cervelló,11,Baix Llobregat,2025,8273,8335,8268,5,-0.743851,0.012092,27.6418,46.8104,33.3924,100,municipality,idescat_pmh_446_477,,2026-08-21T21:48:17Z,0.2.0,,,complete,33.3924,33.3924,100,,official,annual_trend_scale_adjusted,true
082457,Santa Coloma de Gramenet,13,Barcelonès,2025,123981,121203,120443,3538,2.292022,0.580714,41.0753,100,58.7527,100,municipality,idescat_pmh_446_477,,2026-08-21T21:48:17Z,0.2.0,,,complete,58.7527,58.7527,100,,official,annual_trend_scale_adjusted,true
082460,Santa Eugènia de Berga,24,Osona,2025,2348,2308,2278,70,1.733102,0.607157,41.7,70.9702,50.4811,100,municipality,idescat_pmh_446_477,,2026-08-21T21:48:17Z,0.2.0,,,complete,50.4811,50.4811,100,,official,annual_trend_scale_adjusted,true
082476,Santa Eulàlia de Riuprimer,24,Osona,2025,1516,1487,1383,133,1.950235,1.85337,71.1415,77.1806,72.9532,100,municipality,idescat_pmh_446_477,,2026-08-21T21:48:17Z,0.2.0,,,complete,72.9532,72.9532,100,,official,annual_trend_scale_adjusted,true
082482,Santa Eulàlia de Ronçana,41,Vallès Oriental,2025,7953,7911,7426,527,0.530906,1.380682,59.9743,90.5882,69.1585,100,municipality,idescat_pmh_446_477,,2026-08-21T21:48:17Z,0.2.0,,,complete,69.1585,69.1585,100,,official,annual_trend_scale_adjusted,true
082495,Santa Fe del Penedès,03,Alt Penedès,2025,365,360,367,-2,1.388889,-0.10923,24.7756,18.5494,22.9077,100,municipality,idescat_pmh_446_477,,2026-08-21T21:48:17Z,0.2.0,,,complete,22.9077,22.9077,100,,official,annual_trend_scale_adjusted,true
082508,Santa Margarida de Montbui,06,Anoia,2025,10631,10549,10225,406,0.777325,0.781811,45.8262,88.0433,58.4913,100,municipality,idescat_pmh_446_477,,2026-08-21T21:48:17Z,0.2.0,,,complete,58.4913,58.4913,100,,official,annual_trend_scale_adjusted,true
082515,Santa Margarida i els Monjos,03,Alt Penedès,2025,7806,7736,7676,130,0.90486,0.336447,35.3046,76.9592,47.801,100,municipality,idescat_pmh_446_477,,2026-08-21T21:48:17Z,0.2.0,,,complete,47.801,47.801,100,,official,annual_trend_scale_adjusted,true
082520,Barberà del Vallès,40,Vallès Occidental,2025,33987,33575,33334,653,1.227103,0.388758,36.5404,92.6807,53.3825,100,municipality,idescat_pmh_446_477,,2026-08-21T21:48:17Z,0.2.0,,,complete,53.3825,53.3825,100,,official,annual_trend_scale_adjusted,true
082536,Santa Maria de Besora,24,Osona,2025,164,164,161,3,0,0.369924,36.0955,42.8459,38.1206,100,municipality,idescat_pmh_446_477,,2026-08-21T21:48:17Z,0.2.0,,,complete,38.1206,38.1206,100,,official,annual_trend_scale_adjusted,true
082541,l'Esquirol,24,Osona,2025,2301,2277,2186,115,1.054018,1.030684,51.7057,75.7701,58.925,100,municipality,idescat_pmh_446_477,,2026-08-21T21:48:17Z,0.2.0,,,complete,58.925,58.925,100,,official,annual_trend_scale_adjusted,true
082554,Santa Maria de Merlès,14,Berguedà,2025,179,175,184,-5,2.285714,-0.549484,14.3747,11.772,13.5939,100,municipality,idescat_pmh_446_477,,2026-08-21T21:48:17Z,0.2.0,,,complete,13.5939,13.5939,100,,official,annual_trend_scale_adjusted,true
082567,Santa Maria de Martorelles,41,Vallès Oriental,2025,868,873,890,-22,-0.572738,-0.499344,15.5592,0,10.8914,100,municipality,idescat_pmh_446_477,,2026-08-21T21:48:17Z,0.2.0,,,complete,10.8914,10.8914,100,,official,annual_trend_scale_adjusted,true
082573,Santa Maria de Miralles,06,Anoia,2025,144,137,119,25,5.109489,3.887455,100,61.1477,88.3443,100,municipality,idescat_pmh_446_477,,2026-08-21T21:48:17Z,0.2.0,,,complete,88.3443,88.3443,100,,official,annual_trend_scale_adjusted,true
082589,Santa Maria d'Oló,42,Moianès,2025,1099,1077,1024,75,2.042711,1.423723,60.9912,71.6356,64.1845,100,municipality,idescat_pmh_446_477,,2026-08-21T21:48:17Z,0.2.0,,,complete,64.1845,64.1845,100,,official,annual_trend_scale_adjusted,true
082592,Santa Maria de Palautordera,41,Vallès Oriental,2025,10080,10008,9630,450,0.719424,0.917585,49.0338,89.047,61.0378,100,municipality,idescat_pmh_446_477,,2026-08-21T21:48:17Z,0.2.0,,,complete,61.0378,61.0378,100,,official,annual_trend_scale_adjusted,true
082606,Santa Perpètua de Mogoda,40,Vallès Occidental,2025,26130,25960,25999,131,0.654854,0.100571,29.7321,77.0335,43.9225,100,municipality,idescat_pmh_446_477,,2026-08-21T21:48:17Z,0.2.0,,,complete,43.9225,43.9225,100,,official,annual_trend_scale_adjusted,true
082613,Santa Susanna,21,Maresme,2025,4099,4023,3548,551,1.889137,2.929263,96.5591,91.0229,94.8982,100,municipality,idescat_pmh_446_477,,2026-08-21T21:48:17Z,0.2.0,,,complete,94.8982,94.8982,100,,official,annual_trend_scale_adjusted,true
082628,Sant Vicenç de Castellet,07,Bages,2025,10164,10131,9767,397,0.325733,0.800038,46.2568,87.8246,58.7271,100,municipality,idescat_pmh_446_477,,2026-08-21T21:48:17Z,0.2.0,,,complete,58.7271,58.7271,100,,official,annual_trend_scale_adjusted,true
082634,Sant Vicenç dels Horts,11,Baix Llobregat,2025,28746,28568,28268,478,0.623075,0.335927,35.2923,89.6359,51.5954,100,municipality,idescat_pmh_446_477,,2026-08-21T21:48:17Z,0.2.0,,,complete,51.5954,51.5954,100,,official,annual_trend_scale_adjusted,true
082649,Sant Vicenç de Montalt,21,Maresme,2025,6802,6712,6452,350,1.340882,1.062132,52.4487,86.5959,62.6929,100,municipality,idescat_pmh_446_477,,2026-08-21T21:48:17Z,0.2.0,,,complete,62.6929,62.6929,100,,official,annual_trend_scale_adjusted,true
082652,Sant Vicenç de Torelló,24,Osona,2025,2117,2092,2058,59,1.195029,0.566908,40.7492,69.3243,49.3217,100,municipality,idescat_pmh_446_477,,2026-08-21T21:48:17Z,0.2.0,,,complete,49.3217,49.3217,100,,official,annual_trend_scale_adjusted,true
082665,Cerdanyola del Vallès,40,Vallès Occidental,2025,58528,58100,57855,673,0.736661,0.231576,32.827,92.9753,50.8715,100,municipality,idescat_pmh_446_477,,2026-08-21T21:48:17Z,0.2.0,,,complete,50.8715,50.8715,100,,official,annual_trend_scale_adjusted,true
082671,Sentmenat,40,Vallès Occidental,2025,9548,9553,9235,313,-0.05234,0.668849,43.1575,85.5067,55.8623,100,municipality,idescat_pmh_446_477,,2026-08-21T21:48:17Z,0.2.0,,,complete,55.8623,55.8623,100,,official,annual_trend_scale_adjusted,true
082687,Cercs,14,Berguedà,2025,1236,1193,1150,86,3.604359,1.452821,61.6786,72.9573,65.0622,100,municipality,idescat_pmh_446_477,,2026-08-21T21:48:17Z,0.2.0,,,complete,65.0622,65.0622,100,,official,annual_trend_scale_adjusted,true
082690,Seva,24,Osona,2025,3808,3798,3544,264,0.263296,1.447336,61.549,83.8478,68.2386,100,municipality,idescat_pmh_446_477,,2026-08-21T21:48:17Z,0.2.0,,,complete,68.2386,68.2386,100,,official,annual_trend_scale_adjusted,true
082704,Sitges,17,Garraf,2025,32609,32405,29553,3056,0.629532,1.987555,74.3116,100,82.0181,100,municipality,idescat_pmh_446_477,,2026-08-21T21:48:17Z,0.2.0,,,complete,82.0181,82.0181,100,,official,annual_trend_scale_adjusted,true
082711,Sobremunt,43,Lluçanès,2025,90,101,78,12,-10.891089,2.903366,95.9473,54.3704,83.4742,100,municipality,idescat_pmh_446_477,,2026-08-21T21:48:17Z,0.2.0,,,complete,83.4742,83.4742,100,,official,annual_trend_scale_adjusted,true
082726,Sora,24,Osona,2025,225,219,212,13,2.739726,1.197395,55.6442,55.095,55.4794,100,municipality,idescat_pmh_446_477,,2026-08-21T21:48:17Z,0.2.0,,,complete,55.4794,55.4794,100,,official,annual_trend_scale_adjusted,true
082732,Subirats,03,Alt Penedès,2025,3288,3281,3104,184,0.21335,1.158416,54.7234,80.334,62.4066,100,municipality,idescat_pmh_446_477,,2026-08-21T21:48:17Z,0.2.0,,,complete,62.4066,62.4066,100,,official,annual_trend_scale_adjusted,true
082747,Súria,07,Bages,2025,6200,6090,5948,252,1.80624,0.833338,47.0435,83.3947,57.9489,100,municipality,idescat_pmh_446_477,,2026-08-21T21:48:17Z,0.2.0,,,complete,57.9489,57.9489,100,,official,annual_trend_scale_adjusted,true
082750,Tavèrnoles,24,Osona,2025,354,341,322,32,3.812317,1.912975,72.5496,63.4788,69.8284,100,municipality,idescat_pmh_446_477,,2026-08-21T21:48:17Z,0.2.0,,,complete,69.8284,69.8284,100,,official,annual_trend_scale_adjusted,true
082763,Tagamanent,41,Vallès Oriental,2025,328,339,318,10,-3.244838,0.621166,42.031,52.737,45.2428,100,municipality,idescat_pmh_446_477,,2026-08-21T21:48:17Z,0.2.0,,,complete,45.2428,45.2428,100,,official,annual_trend_scale_adjusted,true
082779,Talamanca,07,Bages,2025,209,212,209,0,-1.415094,0,27.3561,29.2912,27.9366,100,municipality,idescat_pmh_446_477,,2026-08-21T21:48:17Z,0.2.0,,,complete,27.9366,27.9366,100,,official,annual_trend_scale_adjusted,true
082785,Taradell,24,Osona,2025,6854,6844,6640,214,0.146113,0.636426,42.3915,81.8034,54.2151,100,municipality,idescat_pmh_446_477,,2026-08-21T21:48:17Z,0.2.0,,,complete,54.2151,54.2151,100,,official,annual_trend_scale_adjusted,true
082798,Terrassa,40,Vallès Occidental,2025,233270,228708,223627,9643,1.994683,0.847917,47.3879,100,63.1715,100,municipality,idescat_pmh_446_477,,2026-08-21T21:48:17Z,0.2.0,,,complete,63.1715,63.1715,100,,official,annual_trend_scale_adjusted,true
082802,Tavertet,24,Osona,2025,128,131,105,23,-2.290076,4.040908,100,60.3651,88.1095,100,municipality,idescat_pmh_446_477,,2026-08-21T21:48:17Z,0.2.0,,,complete,88.1095,88.1095,100,,official,annual_trend_scale_adjusted,true
082819,Teià,21,Maresme,2025,6898,6818,6427,471,1.173365,1.424524,61.0101,89.492,69.5547,100,municipality,idescat_pmh_446_477,,2026-08-21T21:48:17Z,0.2.0,,,complete,69.5547,69.5547,100,,official,annual_trend_scale_adjusted,true
082824,Tiana,21,Maresme,2025,9331,9305,8945,386,0.27942,0.848529,47.4024,87.5506,59.4469,100,municipality,idescat_pmh_446_477,,2026-08-21T21:48:17Z,0.2.0,,,complete,59.4469,59.4469,100,,official,annual_trend_scale_adjusted,true
082830,Tona,24,Osona,2025,8527,8511,8356,171,0.187992,0.405977,36.9472,79.6216,49.7495,100,municipality,idescat_pmh_446_477,,2026-08-21T21:48:17Z,0.2.0,,,complete,49.7495,49.7495,100,,official,annual_trend_scale_adjusted,true
082845,Tordera,21,Maresme,2025,19039,18780,17519,1520,1.379127,1.677993,66.9982,100,76.8987,100,municipality,idescat_pmh_446_477,,2026-08-21T21:48:17Z,0.2.0,,,complete,76.8987,76.8987,100,,official,annual_trend_scale_adjusted,true
082858,Torelló,24,Osona,2025,15334,15093,14400,934,1.596767,1.26482,57.2371,96.1757,68.9187,100,municipality,idescat_pmh_446_477,,2026-08-21T21:48:17Z,0.2.0,,,complete,68.9187,68.9187,100,,official,annual_trend_scale_adjusted,true
082861,la Torre de Claramunt,06,Anoia,2025,4158,4122,3741,417,0.873362,2.13612,77.8214,88.304,80.9662,100,municipality,idescat_pmh_446_477,,2026-08-21T21:48:17Z,0.2.0,,,complete,80.9662,80.9662,100,,official,annual_trend_scale_adjusted,true
082877,Torrelavit,03,Alt Penedès,2025,1572,1509,1422,150,4.17495,2.025936,75.2183,78.3484,76.1573,100,municipality,idescat_pmh_446_477,,2026-08-21T21:48:17Z,0.2.0,,,complete,76.1573,76.1573,100,,official,annual_trend_scale_adjusted,true
082883,Torrelles de Foix,03,Alt Penedès,2025,2746,2657,2398,348,3.349642,2.747265,92.2595,86.54,90.5436,100,municipality,idescat_pmh_446_477,,2026-08-21T21:48:17Z,0.2.0,,,complete,90.5436,90.5436,100,,official,annual_trend_scale_adjusted,true
082896,Torrelles de Llobregat,11,Baix Llobregat,2025,6170,6155,6073,97,0.243704,0.317425,34.8552,74.1214,46.6351,100,municipality,idescat_pmh_446_477,,2026-08-21T21:48:17Z,0.2.0,,,complete,46.6351,46.6351,100,,official,annual_trend_scale_adjusted,true
082900,Ullastrell,40,Vallès Occidental,2025,2171,2176,2089,82,-0.229779,0.773021,45.6185,72.4971,53.6821,100,municipality,idescat_pmh_446_477,,2026-08-21T21:48:17Z,0.2.0,,,complete,53.6821,53.6821,100,,official,annual_trend_scale_adjusted,true
082917,Vacarisses,40,Vallès Occidental,2025,7729,7563,6832,897,2.194896,2.497929,86.369,95.7809,89.1926,100,municipality,idescat_pmh_446_477,,2026-08-21T21:48:17Z,0.2.0,,,complete,89.1926,89.1926,100,,official,annual_trend_scale_adjusted,true
082922,Vallbona d'Anoia,06,Anoia,2025,1424,1406,1357,67,1.280228,0.968529,50.2373,70.5481,56.3305,100,municipality,idescat_pmh_446_477,,2026-08-21T21:48:17Z,0.2.0,,,complete,56.3305,56.3305,100,,official,annual_trend_scale_adjusted,true
082938,Vallcebre,14,Berguedà,2025,260,271,249,11,-4.059041,0.868323,47.87,53.5878,49.5853,100,municipality,idescat_pmh_446_477,,2026-08-21T21:48:17Z,0.2.0,,,complete,49.5853,49.5853,100,,official,annual_trend_scale_adjusted,true
082943,Vallgorguina,41,Vallès Oriental,2025,3261,3198,2988,273,1.969981,1.76397,69.0294,84.1744,73.5729,100,municipality,idescat_pmh_446_477,,2026-08-21T21:48:17Z,0.2.0,,,complete,73.5729,73.5729,100,,official,annual_trend_scale_adjusted,true
082956,Vallirana,11,Baix Llobregat,2025,16245,15985,15312,933,1.626525,1.189991,55.4693,96.1652,67.6781,100,municipality,idescat_pmh_446_477,,2026-08-21T21:48:17Z,0.2.0,,,complete,67.6781,67.6781,100,,official,annual_trend_scale_adjusted,true
082969,Vallromanes,41,Vallès Oriental,2025,2778,2742,2558,220,1.31291,1.6638,66.6629,82.0725,71.2858,100,municipality,idescat_pmh_446_477,,2026-08-21T21:48:17Z,0.2.0,,,complete,71.2858,71.2858,100,,official,annual_trend_scale_adjusted,true
082975,Veciana,06,Anoia,2025,168,172,175,-7,-2.325581,-0.813116,8.1465,8.9592,8.3903,100,municipality,idescat_pmh_446_477,,2026-08-21T21:48:17Z,0.2.0,,,complete,8.3903,8.3903,100,,official,annual_trend_scale_adjusted,true
082981,Vic,24,Osona,2025,50796,49530,47630,3166,2.556027,1.295415,57.9599,100,70.5719,100,municipality,idescat_pmh_446_477,,2026-08-21T21:48:17Z,0.2.0,,,complete,70.5719,70.5719,100,,official,annual_trend_scale_adjusted,true
082994,Vilada,14,Berguedà,2025,432,443,419,13,-2.48307,0.612964,41.8372,55.095,45.8145,100,municipality,idescat_pmh_446_477,,2026-08-21T21:48:17Z,0.2.0,,,complete,45.8145,45.8145,100,,official,annual_trend_scale_adjusted,true
083008,Viladecavalls,40,Vallès Occidental,2025,7817,7802,7545,272,0.192258,0.71083,44.1493,84.1386,56.1461,100,municipality,idescat_pmh_446_477,,2026-08-21T21:48:17Z,0.2.0,,,complete,56.1461,56.1461,100,,official,annual_trend_scale_adjusted,true
083015,Viladecans,11,Baix Llobregat,2025,67587,67348,67197,390,0.354873,0.115808,30.092,87.6511,47.3597,100,municipality,idescat_pmh_446_477,,2026-08-21T21:48:17Z,0.2.0,,,complete,47.3597,47.3597,100,,official,annual_trend_scale_adjusted,true
083020,Vilanova del Camí,06,Anoia,2025,12936,12844,12596,340,0.716288,0.534118,39.9745,86.3133,53.8761,100,municipality,idescat_pmh_446_477,,2026-08-21T21:48:17Z,0.2.0,,,complete,53.8761,53.8761,100,,official,annual_trend_scale_adjusted,true
083036,Vilanova de Sau,24,Osona,2025,325,317,312,13,2.523659,0.819782,46.7232,55.095,49.2347,100,municipality,idescat_pmh_446_477,,2026-08-21T21:48:17Z,0.2.0,,,complete,49.2347,49.2347,100,,official,annual_trend_scale_adjusted,true
083041,Vilobí del Penedès,03,Alt Penedès,2025,1154,1150,1102,52,0.347826,0.926414,49.2424,68.1113,54.9031,100,municipality,idescat_pmh_446_477,,2026-08-21T21:48:17Z,0.2.0,,,complete,54.9031,54.9031,100,,official,annual_trend_scale_adjusted,true
083054,Vilafranca del Penedès,03,Alt Penedès,2025,42607,41504,40154,2453,2.657575,1.19299,55.5402,100,68.8781,100,municipality,idescat_pmh_446_477,,2026-08-21T21:48:17Z,0.2.0,,,complete,68.8781,68.8781,100,,official,annual_trend_scale_adjusted,true
083067,Vilalba Sasserra,41,Vallès Oriental,2025,794,780,753,41,1.794872,1.066006,52.5402,65.8368,56.5292,100,municipality,idescat_pmh_446_477,,2026-08-21T21:48:17Z,0.2.0,,,complete,56.5292,56.5292,100,,official,annual_trend_scale_adjusted,true
083073,Vilanova i la Geltrú,17,Garraf,2025,71641,70418,67733,3908,1.736772,1.128197,54.0095,100,67.8066,100,municipality,idescat_pmh_446_477,,2026-08-21T21:48:17Z,0.2.0,,,complete,67.8066,67.8066,100,,official,annual_trend_scale_adjusted,true
083089,Viver i Serrateix,14,Berguedà,2025,178,175,172,6,1.714286,0.688138,43.6132,48.3176,45.0245,100,municipality,idescat_pmh_446_477,,2026-08-21T21:48:17Z,0.2.0,,,complete,45.0245,45.0245,100,,official,annual_trend_scale_adjusted,true
089019,Rupit i Pruit,24,Osona,2025,280,281,271,9,-0.355872,0.655555,42.8434,51.8051,45.5319,100,municipality,idescat_pmh_446_477,,2026-08-21T21:48:17Z,0.2.0,,,complete,45.5319,45.5319,100,,official,annual_trend_scale_adjusted,true
089024,Vilanova del Vallès,41,Vallès Oriental,2025,5693,5632,5503,190,1.083097,0.681189,43.449,80.6461,54.6081,100,municipality,idescat_pmh_446_477,,2026-08-21T21:48:17Z,0.2.0,,,complete,54.6081,54.6081,100,,official,annual_trend_scale_adjusted,true
089030,Sant Julià de Cerdanyola,14,Berguedà,2025,234,232,229,5,0.862069,0.432917,37.5836,46.8104,40.3516,100,municipality,idescat_pmh_446_477,,2026-08-21T21:48:17Z,0.2.0,,,complete,40.3516,40.3516,100,,official,annual_trend_scale_adjusted,true
089045,Badia del Vallès,40,Vallès Occidental,2025,13060,13118,13415,-355,-0.442141,-0.534951,14.718,0,10.3026,100,municipality,idescat_pmh_446_477,,2026-08-21T21:48:17Z,0.2.0,,,complete,10.3026,10.3026,100,,official,annual_trend_scale_adjusted,true
089058,la Palma de Cervelló,11,Baix Llobregat,2025,3056,3044,2992,64,0.394218,0.424193,37.3776,70.1069,47.1964,100,municipality,idescat_pmh_446_477,,2026-08-21T21:48:17Z,0.2.0,,,complete,47.1964,47.1964,100,,official,annual_trend_scale_adjusted,true
170010,Agullana,02,Alt Empordà,2025,880,909,863,17,-3.190319,0.390906,36.5912,57.5522,42.8795,100,municipality,idescat_pmh_446_477,,2026-08-21T21:48:17Z,0.2.0,,,complete,42.8795,42.8795,100,,official,annual_trend_scale_adjusted,true
170025,Aiguaviva,20,Gironès,2025,804,802,765,39,0.249377,0.99943,50.9674,65.3598,55.2851,100,municipality,idescat_pmh_446_477,,2026-08-21T21:48:17Z,0.2.0,,,complete,55.2851,55.2851,100,,official,annual_trend_scale_adjusted,true
170031,Albanyà,02,Alt Empordà,2025,157,168,155,2,-6.547619,0.256743,33.4216,40.0331,35.405,100,municipality,idescat_pmh_446_477,,2026-08-21T21:48:17Z,0.2.0,,,complete,35.405,35.405,100,,official,annual_trend_scale_adjusted,true
170046,Albons,10,Baix Empordà,2025,845,830,759,86,1.807229,2.169904,78.6195,72.9573,76.9208,100,municipality,idescat_pmh_446_477,,2026-08-21T21:48:17Z,0.2.0,,,complete,76.9208,76.9208,100,,official,annual_trend_scale_adjusted,true
170059,el Far d'Empordà,02,Alt Empordà,2025,628,626,602,26,0.319489,0.84924,47.4192,61.5167,51.6484,100,municipality,idescat_pmh_446_477,,2026-08-21T21:48:17Z,0.2.0,,,complete,51.6484,51.6484,100,,official,annual_trend_scale_adjusted,true
170062,Alp,15,Cerdanya,2025,1724,1728,1593,131,-0.231481,1.59312,64.9931,77.0335,68.6052,100,municipality,idescat_pmh_446_477,,2026-08-21T21:48:17Z,0.2.0,,,complete,68.6052,68.6052,100,,official,annual_trend_scale_adjusted,true
170078,Amer,34,Selva,2025,2422,2415,2332,90,0.289855,0.760223,45.3162,73.3968,53.7404,100,municipality,idescat_pmh_446_477,,2026-08-21T21:48:17Z,0.2.0,,,complete,53.7404,53.7404,100,,official,annual_trend_scale_adjusted,true
170084,Anglès,34,Selva,2025,5944,5969,5654,290,-0.418831,1.005402,51.1084,84.763,61.2048,100,municipality,idescat_pmh_446_477,,2026-08-21T21:48:17Z,0.2.0,,,complete,61.2048,61.2048,100,,official,annual_trend_scale_adjusted,true
170097,Arbúcies,34,Selva,2025,6665,6574,6608,57,1.384241,0.171926,31.4178,68.9928,42.6903,100,municipality,idescat_pmh_446_477,,2026-08-21T21:48:17Z,0.2.0,,,complete,42.6903,42.6903,100,,official,annual_trend_scale_adjusted,true
170101,Argelaguer,19,Garrotxa,2025,468,452,396,72,3.539823,3.397523,100,71.2418,91.3725,100,municipality,idescat_pmh_446_477,,2026-08-21T21:48:17Z,0.2.0,,,complete,91.3725,91.3725,100,,official,annual_trend_scale_adjusted,true
170118,l'Armentera,02,Alt Empordà,2025,1080,1070,951,129,0.934579,2.576682,88.2295,76.8842,84.8259,100,municipality,idescat_pmh_446_477,,2026-08-21T21:48:17Z,0.2.0,,,complete,84.8259,84.8259,100,,official,annual_trend_scale_adjusted,true
170123,Avinyonet de Puigventós,02,Alt Empordà,2025,1671,1684,1641,30,-0.771971,0.362986,35.9316,62.8675,44.0124,100,municipality,idescat_pmh_446_477,,2026-08-21T21:48:17Z,0.2.0,,,complete,44.0124,44.0124,100,,official,annual_trend_scale_adjusted,true
170139,Begur,10,Baix Empordà,2025,4291,4245,3891,400,1.083628,1.976348,74.0468,87.898,78.2022,100,municipality,idescat_pmh_446_477,,2026-08-21T21:48:17Z,0.2.0,,,complete,78.2022,78.2022,100,,official,annual_trend_scale_adjusted,true
170144,la Vajol,02,Alt Empordà,2025,112,96,89,23,16.666667,4.704562,100,60.3651,88.1095,100,municipality,idescat_pmh_446_477,,2026-08-21T21:48:17Z,0.2.0,,,complete,88.1095,88.1095,100,,official,annual_trend_scale_adjusted,true
170157,Banyoles,28,Pla de l'Estany,2025,20865,20599,20053,812,1.291325,0.797047,46.1861,94.8086,60.7728,100,municipality,idescat_pmh_446_477,,2026-08-21T21:48:17Z,0.2.0,,,complete,60.7728,60.7728,100,,official,annual_trend_scale_adjusted,true
170160,Bàscara,02,Alt Empordà,2025,1049,1057,1001,48,-0.756859,0.941158,49.5907,67.3441,54.9167,100,municipality,idescat_pmh_446_477,,2026-08-21T21:48:17Z,0.2.0,,,complete,54.9167,54.9167,100,,official,annual_trend_scale_adjusted,true
170182,Bellcaire d'Empordà,10,Baix Empordà,2025,723,737,678,45,-1.899593,1.293533,57.9155,66.7263,60.5587,100,municipality,idescat_pmh_446_477,,2026-08-21T21:48:17Z,0.2.0,,,complete,60.5587,60.5587,100,,official,annual_trend_scale_adjusted,true
170195,Besalú,19,Garrotxa,2025,2592,2583,2487,105,0.348432,0.830482,46.976,74.8887,55.3498,100,municipality,idescat_pmh_446_477,,2026-08-21T21:48:17Z,0.2.0,,,complete,55.3498,55.3498,100,,official,annual_trend_scale_adjusted,true
170209,Bescanó,20,Gironès,2025,5088,5141,4991,97,-1.030928,0.385713,36.4685,74.1214,47.7644,100,municipality,idescat_pmh_446_477,,2026-08-21T21:48:17Z,0.2.0,,,complete,47.7644,47.7644,100,,official,annual_trend_scale_adjusted,true
170216,Beuda,19,Garrotxa,2025,203,204,186,17,-0.490196,1.764574,69.0437,57.5522,65.5962,100,municipality,idescat_pmh_446_477,,2026-08-21T21:48:17Z,0.2.0,,,complete,65.5962,65.5962,100,,official,annual_trend_scale_adjusted,true
170221,la Bisbal d'Empordà,10,Baix Empordà,2025,11757,11683,11159,598,0.633399,1.049518,52.1507,91.8218,64.052,100,municipality,idescat_pmh_446_477,,2026-08-21T21:48:17Z,0.2.0,,,complete,64.052,64.052,100,,official,annual_trend_scale_adjusted,true
170237,Blanes,34,Selva,2025,42699,42198,39914,2785,1.18726,1.358107,59.441,100,71.6087,100,municipality,idescat_pmh_446_477,,2026-08-21T21:48:17Z,0.2.0,,,complete,71.6087,71.6087,100,,official,annual_trend_scale_adjusted,true
170242,Bolvir,15,Cerdanya,2025,493,497,375,118,-0.804829,5.624126,100,76.0198,92.8059,100,municipality,idescat_pmh_446_477,,2026-08-21T21:48:17Z,0.2.0,,,complete,92.8059,92.8059,100,,official,annual_trend_scale_adjusted,true
170255,Bordils,20,Gironès,2025,1841,1804,1761,80,2.050998,0.892501,48.4412,72.2586,55.5864,100,municipality,idescat_pmh_446_477,,2026-08-21T21:48:17Z,0.2.0,,,complete,55.5864,55.5864,100,,official,annual_trend_scale_adjusted,true
170268,Borrassà,02,Alt Empordà,2025,804,773,733,71,4.010349,1.866273,71.4463,71.1069,71.3445,100,municipality,idescat_pmh_446_477,,2026-08-21T21:48:17Z,0.2.0,,,complete,71.3445,71.3445,100,,official,annual_trend_scale_adjusted,true
170274,Breda,34,Selva,2025,3969,3930,3762,207,0.992366,1.077027,52.8006,81.4798,61.4044,100,municipality,idescat_pmh_446_477,,2026-08-21T21:48:17Z,0.2.0,,,complete,61.4044,61.4044,100,,official,annual_trend_scale_adjusted,true
170280,Brunyola i Sant Martí Sapresa,34,Selva,2025,401,395,389,12,1.518987,0.609492,41.7552,54.3704,45.5398,100,municipality,idescat_pmh_446_477,,2026-08-21T21:48:17Z,0.2.0,,,complete,45.5398,45.5398,100,,official,annual_trend_scale_adjusted,true
170293,Boadella i les Escaules,02,Alt Empordà,2025,262,260,272,-10,0.769231,-0.746352,9.7237,5.8454,8.5602,100,municipality,idescat_pmh_446_477,,2026-08-21T21:48:17Z,0.2.0,,,complete,8.5602,8.5602,100,,official,annual_trend_scale_adjusted,true
170307,Cabanes,02,Alt Empordà,2025,995,978,968,27,1.738241,0.551729,40.3906,61.8723,46.8351,100,municipality,idescat_pmh_446_477,,2026-08-21T21:48:17Z,0.2.0,,,complete,46.8351,46.8351,100,,official,annual_trend_scale_adjusted,true
170314,Cabanelles,02,Alt Empordà,2025,286,281,267,19,1.779359,1.384358,60.0612,58.5824,59.6176,100,municipality,idescat_pmh_446_477,,2026-08-21T21:48:17Z,0.2.0,,,complete,59.6176,59.6176,100,,official,annual_trend_scale_adjusted,true
170329,Cadaqués,02,Alt Empordà,2025,2918,2918,2695,223,0,1.602713,65.2198,82.2044,70.3152,100,municipality,idescat_pmh_446_477,,2026-08-21T21:48:17Z,0.2.0,,,complete,70.3152,70.3152,100,,official,annual_trend_scale_adjusted,true
170335,Caldes de Malavella,34,Selva,2025,8673,8509,7872,801,1.927371,1.956954,73.5886,94.6754,79.9146,100,municipality,idescat_pmh_446_477,,2026-08-21T21:48:17Z,0.2.0,,,complete,79.9146,79.9146,100,,official,annual_trend_scale_adjusted,true
170340,Calonge i Sant Antoni,10,Baix Empordà,2025,12335,12316,11331,1004,0.154271,1.712466,67.8127,96.8816,76.5334,100,municipality,idescat_pmh_446_477,,2026-08-21T21:48:17Z,0.2.0,,,complete,76.5334,76.5334,100,,official,annual_trend_scale_adjusted,true
170353,Camós,28,Pla de l'Estany,2025,701,711,677,24,-1.40647,0.699165,43.8737,60.7642,48.9408,100,municipality,idescat_pmh_446_477,,2026-08-21T21:48:17Z,0.2.0,,,complete,48.9408,48.9408,100,,official,annual_trend_scale_adjusted,true
170366,Campdevànol,31,Ripollès,2025,3241,3262,3232,9,-0.643777,0.055631,28.6704,51.8051,35.6108,100,municipality,idescat_pmh_446_477,,2026-08-21T21:48:17Z,0.2.0,,,complete,35.6108,35.6108,100,,official,annual_trend_scale_adjusted,true
170372,Campelles,31,Ripollès,2025,163,165,140,23,-1.212121,3.088902,100,60.3651,88.1095,100,municipality,idescat_pmh_446_477,,2026-08-21T21:48:17Z,0.2.0,,,complete,88.1095,88.1095,100,,official,annual_trend_scale_adjusted,true
170388,Campllong,20,Gironès,2025,534,544,537,-3,-1.838235,-0.111982,24.7106,15.7365,22.0184,100,municipality,idescat_pmh_446_477,,2026-08-21T21:48:17Z,0.2.0,,,complete,22.0184,22.0184,100,,official,annual_trend_scale_adjusted,true
170391,Camprodon,31,Ripollès,2025,2570,2527,2298,272,1.701622,2.26255,80.8083,84.1386,81.8074,100,municipality,idescat_pmh_446_477,,2026-08-21T21:48:17Z,0.2.0,,,complete,81.8074,81.8074,100,,official,annual_trend_scale_adjusted,true
170405,Canet d'Adri,20,Gironès,2025,744,744,729,15,0,0.408177,36.9992,56.4006,42.8196,100,municipality,idescat_pmh_446_477,,2026-08-21T21:48:17Z,0.2.0,,,complete,42.8196,42.8196,100,,official,annual_trend_scale_adjusted,true
170412,Cantallops,02,Alt Empordà,2025,366,346,309,57,5.780347,3.443813,100,68.9928,90.6978,100,municipality,idescat_pmh_446_477,,2026-08-21T21:48:17Z,0.2.0,,,complete,90.6978,90.6978,100,,official,annual_trend_scale_adjusted,true
170427,Capmany,02,Alt Empordà,2025,680,693,611,69,-1.875902,2.162977,78.4559,70.8315,76.1686,100,municipality,idescat_pmh_446_477,,2026-08-21T21:48:17Z,0.2.0,,,complete,76.1686,76.1686,100,,official,annual_trend_scale_adjusted,true
170433,Queralbs,31,Ripollès,2025,202,206,188,14,-1.941748,1.446882,61.5383,55.7696,59.8077,100,municipality,idescat_pmh_446_477,,2026-08-21T21:48:17Z,0.2.0,,,complete,59.8077,59.8077,100,,official,annual_trend_scale_adjusted,true
170448,Cassà de la Selva,20,Gironès,2025,11131,10943,10410,721,1.717993,1.348352,59.2106,93.6479,69.5418,100,municipality,idescat_pmh_446_477,,2026-08-21T21:48:17Z,0.2.0,,,complete,69.5418,69.5418,100,,official,annual_trend_scale_adjusted,true
170464,Castellfollit de la Roca,19,Garrotxa,2025,966,957,947,19,0.940439,0.398085,36.7608,58.5824,43.3073,100,municipality,idescat_pmh_446_477,,2026-08-21T21:48:17Z,0.2.0,,,complete,43.3073,43.3073,100,,official,annual_trend_scale_adjusted,true
170470,Castelló d'Empúries,02,Alt Empordà,2025,12201,12163,11100,1101,0.312423,1.909457,72.4665,97.7825,80.0613,100,municipality,idescat_pmh_446_477,,2026-08-21T21:48:17Z,0.2.0,,,complete,80.0613,80.0613,100,,official,annual_trend_scale_adjusted,true
170486,"Castell d'Aro, Platja d'Aro i s'Agaró",10,Baix Empordà,2025,12982,12981,11030,1952,0.007704,3.312583,100,100,100,100,municipality,idescat_pmh_446_477,,2026-08-21T21:48:17Z,0.2.0,,,complete,100,100,100,,official,annual_trend_scale_adjusted,true
170499,Celrà,20,Gironès,2025,5621,5561,5561,60,1.078943,0.214863,32.4322,69.4859,43.5483,100,municipality,idescat_pmh_446_477,,2026-08-21T21:48:17Z,0.2.0,,,complete,43.5483,43.5483,100,,official,annual_trend_scale_adjusted,true
170502,Cervià de Ter,20,Gironès,2025,1029,997,966,63,3.209629,1.271595,57.3972,69.9553,61.1646,100,municipality,idescat_pmh_446_477,,2026-08-21T21:48:17Z,0.2.0,,,complete,61.1646,61.1646,100,,official,annual_trend_scale_adjusted,true
170519,Cistella,02,Alt Empordà,2025,283,294,282,1,-3.741497,0.070822,29.0293,36.0686,31.1411,100,municipality,idescat_pmh_446_477,,2026-08-21T21:48:17Z,0.2.0,,,complete,31.1411,31.1411,100,,official,annual_trend_scale_adjusted,true
170524,Siurana,02,Alt Empordà,2025,188,180,171,17,4.444444,1.913648,72.5655,57.5522,68.0615,100,municipality,idescat_pmh_446_477,,2026-08-21T21:48:17Z,0.2.0,,,complete,68.0615,68.0615,100,,official,annual_trend_scale_adjusted,true
170545,Colera,02,Alt Empordà,2025,494,491,445,49,0.610998,2.111202,77.2327,67.5416,74.3254,100,municipality,idescat_pmh_446_477,,2026-08-21T21:48:17Z,0.2.0,,,complete,74.3254,74.3254,100,,official,annual_trend_scale_adjusted,true
170558,Colomers,10,Baix Empordà,2025,208,205,174,34,1.463415,3.634133,100,64.0541,89.2162,100,municipality,idescat_pmh_446_477,,2026-08-21T21:48:17Z,0.2.0,,,complete,89.2162,89.2162,100,,official,annual_trend_scale_adjusted,true
170561,Cornellà del Terri,28,Pla de l'Estany,2025,2414,2390,2399,15,1.004184,0.124741,30.3031,56.4006,38.1324,100,municipality,idescat_pmh_446_477,,2026-08-21T21:48:17Z,0.2.0,,,complete,38.1324,38.1324,100,,official,annual_trend_scale_adjusted,true
170577,Corçà,10,Baix Empordà,2025,1283,1282,1268,15,0.078003,0.235481,32.9193,56.4006,39.9637,100,municipality,idescat_pmh_446_477,,2026-08-21T21:48:17Z,0.2.0,,,complete,39.9637,39.9637,100,,official,annual_trend_scale_adjusted,true
170583,Crespià,28,Pla de l'Estany,2025,254,250,254,0,1.6,0,27.3561,29.2912,27.9366,100,municipality,idescat_pmh_446_477,,2026-08-21T21:48:17Z,0.2.0,,,complete,27.9366,27.9366,100,,official,annual_trend_scale_adjusted,true
170600,Darnius,02,Alt Empordà,2025,563,548,537,26,2.737226,0.950116,49.8023,61.5167,53.3166,100,municipality,idescat_pmh_446_477,,2026-08-21T21:48:17Z,0.2.0,,,complete,53.3166,53.3166,100,,official,annual_trend_scale_adjusted,true
170617,Das,15,Cerdanya,2025,261,270,234,27,-3.333333,2.208009,79.5197,61.8723,74.2255,100,municipality,idescat_pmh_446_477,,2026-08-21T21:48:17Z,0.2.0,,,complete,74.2255,74.2255,100,,official,annual_trend_scale_adjusted,true
170622,l'Escala,02,Alt Empordà,2025,10374,10429,10244,130,-0.527376,0.252528,33.322,76.9592,46.4132,100,municipality,idescat_pmh_446_477,,2026-08-21T21:48:17Z,0.2.0,,,complete,46.4132,46.4132,100,,official,annual_trend_scale_adjusted,true
170638,Espinelves,24,Osona,2025,261,254,221,40,2.755906,3.383123,100,65.6012,89.6804,100,municipality,idescat_pmh_446_477,,2026-08-21T21:48:17Z,0.2.0,,,complete,89.6804,89.6804,100,,official,annual_trend_scale_adjusted,true
170643,Espolla,02,Alt Empordà,2025,398,412,412,-14,-3.398058,-0.689042,11.0777,2.8129,8.5983,100,municipality,idescat_pmh_446_477,,2026-08-21T21:48:17Z,0.2.0,,,complete,8.5983,8.5983,100,,official,annual_trend_scale_adjusted,true
170656,Esponellà,28,Pla de l'Estany,2025,446,438,463,-17,1.826484,-0.74537,9.7469,1.0302,7.1319,100,municipality,idescat_pmh_446_477,,2026-08-21T21:48:17Z,0.2.0,,,complete,7.1319,7.1319,100,,official,annual_trend_scale_adjusted,true
170669,Figueres,02,Alt Empordà,2025,49689,48875,47235,2454,1.665473,1.018117,51.4088,100,65.9862,100,municipality,idescat_pmh_446_477,,2026-08-21T21:48:17Z,0.2.0,,,complete,65.9862,65.9862,100,,official,annual_trend_scale_adjusted,true
170675,Flaçà,20,Gironès,2025,1175,1145,1130,45,2.620087,0.784068,45.8795,66.7263,52.1335,100,municipality,idescat_pmh_446_477,,2026-08-21T21:48:17Z,0.2.0,,,complete,52.1335,52.1335,100,,official,annual_trend_scale_adjusted,true
170681,Foixà,10,Baix Empordà,2025,298,292,303,-5,2.054795,-0.332233,19.5072,11.772,17.1866,100,municipality,idescat_pmh_446_477,,2026-08-21T21:48:17Z,0.2.0,,,complete,17.1866,17.1866,100,,official,annual_trend_scale_adjusted,true
170694,Fontanals de Cerdanya,15,Cerdanya,2025,516,531,437,79,-2.824859,3.379316,100,72.1371,91.6411,100,municipality,idescat_pmh_446_477,,2026-08-21T21:48:17Z,0.2.0,,,complete,91.6411,91.6411,100,,official,annual_trend_scale_adjusted,true
170708,Fontanilles,10,Baix Empordà,2025,171,168,146,25,1.785714,3.211633,100,61.1477,88.3443,100,municipality,idescat_pmh_446_477,,2026-08-21T21:48:17Z,0.2.0,,,complete,88.3443,88.3443,100,,official,annual_trend_scale_adjusted,true
170715,Fontcoberta,28,Pla de l'Estany,2025,1483,1503,1469,14,-1.330672,0.189883,31.8421,55.7696,39.0203,100,municipality,idescat_pmh_446_477,,2026-08-21T21:48:17Z,0.2.0,,,complete,39.0203,39.0203,100,,official,annual_trend_scale_adjusted,true
170736,Fornells de la Selva,20,Gironès,2025,2818,2781,2670,148,1.330457,1.084821,52.9847,78.218,60.5547,100,municipality,idescat_pmh_446_477,,2026-08-21T21:48:17Z,0.2.0,,,complete,60.5547,60.5547,100,,official,annual_trend_scale_adjusted,true
170741,Fortià,02,Alt Empordà,2025,793,801,787,6,-0.998752,0.152015,30.9474,48.3176,36.1585,100,municipality,idescat_pmh_446_477,,2026-08-21T21:48:17Z,0.2.0,,,complete,36.1585,36.1585,100,,official,annual_trend_scale_adjusted,true
170754,Garrigàs,02,Alt Empordà,2025,480,472,451,29,1.694915,1.254175,56.9857,62.5469,58.6541,100,municipality,idescat_pmh_446_477,,2026-08-21T21:48:17Z,0.2.0,,,complete,58.6541,58.6541,100,,official,annual_trend_scale_adjusted,true
170767,Garrigoles,10,Baix Empordà,2025,182,185,167,15,-1.621622,1.735139,68.3483,56.4006,64.764,100,municipality,idescat_pmh_446_477,,2026-08-21T21:48:17Z,0.2.0,,,complete,64.764,64.764,100,,official,annual_trend_scale_adjusted,true
170773,Garriguella,02,Alt Empordà,2025,989,967,853,136,2.275078,3.0029,98.2988,77.397,92.0283,100,municipality,idescat_pmh_446_477,,2026-08-21T21:48:17Z,0.2.0,,,complete,92.0283,92.0283,100,,official,annual_trend_scale_adjusted,true
170789,Ger,15,Cerdanya,2025,501,494,449,52,1.417004,2.215858,79.7051,68.1113,76.227,100,municipality,idescat_pmh_446_477,,2026-08-21T21:48:17Z,0.2.0,,,complete,76.227,76.227,100,,official,annual_trend_scale_adjusted,true
170792,Girona,20,Gironès,2025,108666,107032,103369,5297,1.526646,1.004488,51.0869,100,65.7608,100,municipality,idescat_pmh_446_477,,2026-08-21T21:48:17Z,0.2.0,,,complete,65.7608,65.7608,100,,official,annual_trend_scale_adjusted,true
170806,Gombrèn,31,Ripollès,2025,206,196,192,14,5.102041,1.417569,60.8458,55.7696,59.3229,100,municipality,idescat_pmh_446_477,,2026-08-21T21:48:17Z,0.2.0,,,complete,59.3229,59.3229,100,,official,annual_trend_scale_adjusted,true
170813,Gualta,10,Baix Empordà,2025,438,419,402,36,4.534606,1.730133,68.23,64.5975,67.1403,100,municipality,idescat_pmh_446_477,,2026-08-21T21:48:17Z,0.2.0,,,complete,67.1403,67.1403,100,,official,annual_trend_scale_adjusted,true
170828,Guils de Cerdanya,15,Cerdanya,2025,557,566,549,8,-1.590106,0.289755,34.2015,50.7749,39.1735,100,municipality,idescat_pmh_446_477,,2026-08-21T21:48:17Z,0.2.0,,,complete,39.1735,39.1735,100,,official,annual_trend_scale_adjusted,true
170834,Hostalric,34,Selva,2025,4493,4446,4291,202,1.05713,0.924262,49.1915,81.2419,58.8066,100,municipality,idescat_pmh_446_477,,2026-08-21T21:48:17Z,0.2.0,,,complete,58.8066,58.8066,100,,official,annual_trend_scale_adjusted,true
170849,Isòvol,15,Cerdanya,2025,314,330,281,33,-4.848485,2.245609,80.408,63.7707,75.4168,100,municipality,idescat_pmh_446_477,,2026-08-21T21:48:17Z,0.2.0,,,complete,75.4168,75.4168,100,,official,annual_trend_scale_adjusted,true
170852,Jafre,10,Baix Empordà,2025,386,387,387,-1,-0.258398,-0.051733,26.1339,22.5139,25.0479,100,municipality,idescat_pmh_446_477,,2026-08-21T21:48:17Z,0.2.0,,,complete,25.0479,25.0479,100,,official,annual_trend_scale_adjusted,true
170865,la Jonquera,02,Alt Empordà,2025,3420,3408,3320,100,0.352113,0.59528,41.4194,74.4162,51.3184,100,municipality,idescat_pmh_446_477,,2026-08-21T21:48:17Z,0.2.0,,,complete,51.3184,51.3184,100,,official,annual_trend_scale_adjusted,true
170871,Juià,20,Gironès,2025,319,342,319,0,-6.725146,0,27.3561,29.2912,27.9366,100,municipality,idescat_pmh_446_477,,2026-08-21T21:48:17Z,0.2.0,,,complete,27.9366,27.9366,100,,official,annual_trend_scale_adjusted,true
170887,Lladó,02,Alt Empordà,2025,822,829,844,-22,-0.844391,-0.526849,14.9094,0,10.4366,100,municipality,idescat_pmh_446_477,,2026-08-21T21:48:17Z,0.2.0,,,complete,10.4366,10.4366,100,,official,annual_trend_scale_adjusted,true
170890,Llagostera,20,Gironès,2025,9585,9508,8647,938,0.809844,2.081098,76.5215,96.2174,82.4303,100,municipality,idescat_pmh_446_477,,2026-08-21T21:48:17Z,0.2.0,,,complete,82.4303,82.4303,100,,official,annual_trend_scale_adjusted,true
170904,Llambilles,20,Gironès,2025,737,730,713,24,0.958904,0.664326,43.0506,60.7642,48.3647,100,municipality,idescat_pmh_446_477,,2026-08-21T21:48:17Z,0.2.0,,,complete,48.3647,48.3647,100,,official,annual_trend_scale_adjusted,true
170911,Llanars,31,Ripollès,2025,516,515,535,-19,0.194175,-0.720591,10.3323,0,7.2326,100,municipality,idescat_pmh_446_477,,2026-08-21T21:48:17Z,0.2.0,,,complete,7.2326,7.2326,100,,official,annual_trend_scale_adjusted,true
170926,Llançà,02,Alt Empordà,2025,4892,4943,4775,117,-1.031762,0.485319,38.8216,75.9373,49.9563,100,municipality,idescat_pmh_446_477,,2026-08-21T21:48:17Z,0.2.0,,,complete,49.9563,49.9563,100,,official,annual_trend_scale_adjusted,true
170932,Llers,02,Alt Empordà,2025,1269,1248,1237,32,1.682692,0.512109,39.4545,63.4788,46.6618,100,municipality,idescat_pmh_446_477,,2026-08-21T21:48:17Z,0.2.0,,,complete,46.6618,46.6618,100,,official,annual_trend_scale_adjusted,true
170947,Llívia,15,Cerdanya,2025,1562,1560,1431,131,0.128205,1.767306,69.1082,77.0335,71.4858,100,municipality,idescat_pmh_446_477,,2026-08-21T21:48:17Z,0.2.0,,,complete,71.4858,71.4858,100,,official,annual_trend_scale_adjusted,true
170950,Lloret de Mar,34,Selva,2025,43000,42600,39089,3911,0.938967,1.925483,72.8451,100,80.9916,100,municipality,idescat_pmh_446_477,,2026-08-21T21:48:17Z,0.2.0,,,complete,80.9916,80.9916,100,,official,annual_trend_scale_adjusted,true
170963,les Llosses,31,Ripollès,2025,197,199,212,-15,-1.005025,-1.456933,0,2.1818,0.6545,100,municipality,idescat_pmh_446_477,,2026-08-21T21:48:17Z,0.2.0,,,complete,0.6545,0.6545,100,,official,annual_trend_scale_adjusted,true
170979,Madremanya,20,Gironès,2025,280,289,288,-8,-3.114187,-0.561833,14.0829,7.8075,12.2003,100,municipality,idescat_pmh_446_477,,2026-08-21T21:48:17Z,0.2.0,,,complete,12.2003,12.2003,100,,official,annual_trend_scale_adjusted,true
170985,Maià de Montcal,19,Garrotxa,2025,498,491,463,35,1.425662,1.468133,62.0404,64.3296,62.7272,100,municipality,idescat_pmh_446_477,,2026-08-21T21:48:17Z,0.2.0,,,complete,62.7272,62.7272,100,,official,annual_trend_scale_adjusted,true
170998,Meranges,15,Cerdanya,2025,111,112,100,11,-0.892857,2.109135,77.1838,53.5878,70.105,100,municipality,idescat_pmh_446_477,,2026-08-21T21:48:17Z,0.2.0,,,complete,70.105,70.105,100,,official,annual_trend_scale_adjusted,true
171002,Masarac i Vilarnadal,02,Alt Empordà,2025,287,297,288,-1,-3.367003,-0.069541,25.7132,22.5139,24.7534,100,municipality,idescat_pmh_446_477,,2026-08-21T21:48:17Z,0.2.0,,,complete,24.7534,24.7534,100,,official,annual_trend_scale_adjusted,true
171019,Massanes,34,Selva,2025,882,843,796,86,4.626335,2.073053,76.3314,72.9573,75.3192,100,municipality,idescat_pmh_446_477,,2026-08-21T21:48:17Z,0.2.0,,,complete,75.3192,75.3192,100,,official,annual_trend_scale_adjusted,true
171024,Maçanet de Cabrenys,02,Alt Empordà,2025,761,772,698,63,-1.42487,1.743306,68.5413,69.9553,68.9655,100,municipality,idescat_pmh_446_477,,2026-08-21T21:48:17Z,0.2.0,,,complete,68.9655,68.9655,100,,official,annual_trend_scale_adjusted,true
171030,Maçanet de la Selva,34,Selva,2025,8071,7962,7066,1005,1.369003,2.695341,91.0328,96.8913,92.7903,100,municipality,idescat_pmh_446_477,,2026-08-21T21:48:17Z,0.2.0,,,complete,92.7903,92.7903,100,,official,annual_trend_scale_adjusted,true
171058,Mieres,19,Garrotxa,2025,369,349,345,24,5.730659,1.354131,59.3471,60.7642,59.7722,100,municipality,idescat_pmh_446_477,,2026-08-21T21:48:17Z,0.2.0,,,complete,59.7722,59.7722,100,,official,annual_trend_scale_adjusted,true
171061,Mollet de Peralada,02,Alt Empordà,2025,202,215,198,4,-6.046512,0.400814,36.8252,45.0277,39.2859,100,municipality,idescat_pmh_446_477,,2026-08-21T21:48:17Z,0.2.0,,,complete,39.2859,39.2859,100,,official,annual_trend_scale_adjusted,true
171077,Molló,31,Ripollès,2025,351,374,336,15,-6.149733,0.877327,48.0827,56.4006,50.5781,100,municipality,idescat_pmh_446_477,,2026-08-21T21:48:17Z,0.2.0,,,complete,50.5781,50.5781,100,,official,annual_trend_scale_adjusted,true
171096,Montagut i Oix,19,Garrotxa,2025,1011,1000,930,81,1.1,1.684239,67.1458,72.3786,68.7156,100,municipality,idescat_pmh_446_477,,2026-08-21T21:48:17Z,0.2.0,,,complete,68.7156,68.7156,100,,official,annual_trend_scale_adjusted,true
171100,Mont-ras,10,Baix Empordà,2025,1690,1690,1680,10,0,0.118765,30.1619,52.737,36.9344,100,municipality,idescat_pmh_446_477,,2026-08-21T21:48:17Z,0.2.0,,,complete,36.9344,36.9344,100,,official,annual_trend_scale_adjusted,true
171117,Navata,02,Alt Empordà,2025,1507,1469,1427,80,2.586794,1.096904,53.2702,72.2586,58.9667,100,municipality,idescat_pmh_446_477,,2026-08-21T21:48:17Z,0.2.0,,,complete,58.9667,58.9667,100,,official,annual_trend_scale_adjusted,true
171122,Ogassa,31,Ripollès,2025,222,218,240,-18,1.834862,-1.547138,0,0.5015,0.1504,100,municipality,idescat_pmh_446_477,,2026-08-21T21:48:17Z,0.2.0,,,complete,0.1504,0.1504,100,,official,annual_trend_scale_adjusted,true
171143,Olot,19,Garrotxa,2025,39519,38822,35926,3593,1.795374,1.924694,72.8265,100,80.9785,100,municipality,idescat_pmh_446_477,,2026-08-21T21:48:17Z,0.2.0,,,complete,80.9785,80.9785,100,,official,annual_trend_scale_adjusted,true
171156,Ordis,02,Alt Empordà,2025,409,400,361,48,2.25,2.528174,87.0835,67.3441,81.1617,100,municipality,idescat_pmh_446_477,,2026-08-21T21:48:17Z,0.2.0,,,complete,81.1617,81.1617,100,,official,annual_trend_scale_adjusted,true
171169,Osor,34,Selva,2025,430,418,428,2,2.870813,0.093284,29.5599,40.0331,32.7019,100,municipality,idescat_pmh_446_477,,2026-08-21T21:48:17Z,0.2.0,,,complete,32.7019,32.7019,100,,official,annual_trend_scale_adjusted,true
171175,Palafrugell,10,Baix Empordà,2025,24543,24300,23244,1299,1,1.093529,53.1904,99.3981,67.0527,100,municipality,idescat_pmh_446_477,,2026-08-21T21:48:17Z,0.2.0,,,complete,67.0527,67.0527,100,,official,annual_trend_scale_adjusted,true
171181,Palamós,10,Baix Empordà,2025,18933,18651,18135,798,1.511983,0.864973,47.7909,94.6388,61.8453,100,municipality,idescat_pmh_446_477,,2026-08-21T21:48:17Z,0.2.0,,,complete,61.8453,61.8453,100,,official,annual_trend_scale_adjusted,true
171194,Palau de Santa Eulàlia,02,Alt Empordà,2025,124,136,90,34,-8.823529,6.619302,100,64.0541,89.2162,100,municipality,idescat_pmh_446_477,,2026-08-21T21:48:17Z,0.2.0,,,complete,89.2162,89.2162,100,,official,annual_trend_scale_adjusted,true
171208,Palau-saverdera,02,Alt Empordà,2025,1535,1503,1456,79,2.129075,1.062352,52.4539,72.1371,58.3589,100,municipality,idescat_pmh_446_477,,2026-08-21T21:48:17Z,0.2.0,,,complete,58.3589,58.3589,100,,official,annual_trend_scale_adjusted,true
171215,Palau-sator,10,Baix Empordà,2025,311,300,310,1,3.666667,0.064433,28.8783,36.0686,31.0354,100,municipality,idescat_pmh_446_477,,2026-08-21T21:48:17Z,0.2.0,,,complete,31.0354,31.0354,100,,official,annual_trend_scale_adjusted,true
171236,Palol de Revardit,28,Pla de l'Estany,2025,459,465,448,11,-1.290323,0.486318,38.8452,53.5878,43.268,100,municipality,idescat_pmh_446_477,,2026-08-21T21:48:17Z,0.2.0,,,complete,43.268,43.268,100,,official,annual_trend_scale_adjusted,true
171241,Pals,10,Baix Empordà,2025,2534,2556,2395,139,-0.86072,1.134707,54.1632,77.6088,61.1969,100,municipality,idescat_pmh_446_477,,2026-08-21T21:48:17Z,0.2.0,,,complete,61.1969,61.1969,100,,official,annual_trend_scale_adjusted,true
171254,Pardines,31,Ripollès,2025,168,161,169,-1,4.347826,-0.118624,24.5536,22.5139,23.9417,100,municipality,idescat_pmh_446_477,,2026-08-21T21:48:17Z,0.2.0,,,complete,23.9417,23.9417,100,,official,annual_trend_scale_adjusted,true
171267,Parlavà,10,Baix Empordà,2025,432,427,391,41,1.17096,2.014381,74.9453,65.8368,72.2127,100,municipality,idescat_pmh_446_477,,2026-08-21T21:48:17Z,0.2.0,,,complete,72.2127,72.2127,100,,official,annual_trend_scale_adjusted,true
171289,Pau,02,Alt Empordà,2025,560,584,557,3,-4.109589,0.107489,29.8955,42.8459,33.7806,100,municipality,idescat_pmh_446_477,,2026-08-21T21:48:17Z,0.2.0,,,complete,33.7806,33.7806,100,,official,annual_trend_scale_adjusted,true
171292,Pedret i Marzà,02,Alt Empordà,2025,208,188,191,17,10.638298,1.719916,67.9887,57.5522,64.8577,100,municipality,idescat_pmh_446_477,,2026-08-21T21:48:17Z,0.2.0,,,complete,64.8577,64.8577,100,,official,annual_trend_scale_adjusted,true
171306,la Pera,10,Baix Empordà,2025,447,450,435,12,-0.666667,0.545735,40.249,54.3704,44.4854,100,municipality,idescat_pmh_446_477,,2026-08-21T21:48:17Z,0.2.0,,,complete,44.4854,44.4854,100,,official,annual_trend_scale_adjusted,true
171328,Peralada,02,Alt Empordà,2025,2077,2047,1898,179,1.465559,1.81882,70.3252,80.0661,73.2475,100,municipality,idescat_pmh_446_477,,2026-08-21T21:48:17Z,0.2.0,,,complete,73.2475,73.2475,100,,official,annual_trend_scale_adjusted,true
171334,les Planes d'Hostoles,19,Garrotxa,2025,1746,1746,1712,34,0,0.394078,36.6661,64.0541,44.8825,100,municipality,idescat_pmh_446_477,,2026-08-21T21:48:17Z,0.2.0,,,complete,44.8825,44.8825,100,,official,annual_trend_scale_adjusted,true
171349,Planoles,31,Ripollès,2025,313,306,304,9,2.287582,0.585216,41.1817,51.8051,44.3687,100,municipality,idescat_pmh_446_477,,2026-08-21T21:48:17Z,0.2.0,,,complete,44.3687,44.3687,100,,official,annual_trend_scale_adjusted,true
171352,Pont de Molins,02,Alt Empordà,2025,585,576,516,69,1.5625,2.54187,87.4071,70.8315,82.4344,100,municipality,idescat_pmh_446_477,,2026-08-21T21:48:17Z,0.2.0,,,complete,82.4344,82.4344,100,,official,annual_trend_scale_adjusted,true
171365,Pontós,02,Alt Empordà,2025,296,290,260,36,2.068966,2.627482,89.4297,64.5975,81.98,100,municipality,idescat_pmh_446_477,,2026-08-21T21:48:17Z,0.2.0,,,complete,81.98,81.98,100,,official,annual_trend_scale_adjusted,true
171371,Porqueres,28,Pla de l'Estany,2025,4811,4804,4677,134,0.145712,0.566561,40.741,77.2533,51.6947,100,municipality,idescat_pmh_446_477,,2026-08-21T21:48:17Z,0.2.0,,,complete,51.6947,51.6947,100,,official,annual_trend_scale_adjusted,true
171387,Portbou,02,Alt Empordà,2025,1131,1082,1063,68,4.528651,1.247864,56.8365,70.6908,60.9928,100,municipality,idescat_pmh_446_477,,2026-08-21T21:48:17Z,0.2.0,,,complete,60.9928,60.9928,100,,official,annual_trend_scale_adjusted,true
171390,les Preses,19,Garrotxa,2025,1948,1925,1855,93,1.194805,0.983172,50.5833,73.7139,57.5225,100,municipality,idescat_pmh_446_477,,2026-08-21T21:48:17Z,0.2.0,,,complete,57.5225,57.5225,100,,official,annual_trend_scale_adjusted,true
171404,el Port de la Selva,02,Alt Empordà,2025,1053,1061,958,95,-0.754006,1.909008,72.4559,73.9198,72.8951,100,municipality,idescat_pmh_446_477,,2026-08-21T21:48:17Z,0.2.0,,,complete,72.8951,72.8951,100,,official,annual_trend_scale_adjusted,true
171411,Puigcerdà,15,Cerdanya,2025,10035,10008,9486,549,0.269784,1.131594,54.0897,90.9874,65.159,100,municipality,idescat_pmh_446_477,,2026-08-21T21:48:17Z,0.2.0,,,complete,65.159,65.159,100,,official,annual_trend_scale_adjusted,true
171426,Quart,20,Gironès,2025,4165,4099,3798,367,1.610149,1.861955,71.3443,87.0584,76.0585,100,municipality,idescat_pmh_446_477,,2026-08-21T21:48:17Z,0.2.0,,,complete,76.0585,76.0585,100,,official,annual_trend_scale_adjusted,true
171432,Rabós,02,Alt Empordà,2025,232,230,184,48,0.869565,4.745176,100,67.3441,90.2032,100,municipality,idescat_pmh_446_477,,2026-08-21T21:48:17Z,0.2.0,,,complete,90.2032,90.2032,100,,official,annual_trend_scale_adjusted,true
171447,Regencós,10,Baix Empordà,2025,275,279,276,-1,-1.433692,-0.072569,25.6417,22.5139,24.7034,100,municipality,idescat_pmh_446_477,,2026-08-21T21:48:17Z,0.2.0,,,complete,24.7034,24.7034,100,,official,annual_trend_scale_adjusted,true
171450,Ribes de Freser,31,Ripollès,2025,1841,1847,1760,81,-0.324851,0.903963,48.712,72.3786,55.812,100,municipality,idescat_pmh_446_477,,2026-08-21T21:48:17Z,0.2.0,,,complete,55.812,55.812,100,,official,annual_trend_scale_adjusted,true
171463,Riells i Viabrea,34,Selva,2025,4635,4499,4153,482,3.022894,2.220397,79.8124,89.7172,82.7838,100,municipality,idescat_pmh_446_477,,2026-08-21T21:48:17Z,0.2.0,,,complete,82.7838,82.7838,100,,official,annual_trend_scale_adjusted,true
171479,Ripoll,31,Ripollès,2025,10665,10692,10803,-138,-0.252525,-0.2568,21.2893,0,14.9025,100,municipality,idescat_pmh_446_477,,2026-08-21T21:48:17Z,0.2.0,,,complete,14.9025,14.9025,100,,official,annual_trend_scale_adjusted,true
171485,Riudarenes,34,Selva,2025,2532,2445,2204,328,3.558282,2.813566,93.8258,85.963,91.467,100,municipality,idescat_pmh_446_477,,2026-08-21T21:48:17Z,0.2.0,,,complete,91.467,91.467,100,,official,annual_trend_scale_adjusted,true
171498,Riudaura,19,Garrotxa,2025,526,529,481,45,-0.567108,1.804772,69.9933,66.7263,69.0132,100,municipality,idescat_pmh_446_477,,2026-08-21T21:48:17Z,0.2.0,,,complete,69.0132,69.0132,100,,official,annual_trend_scale_adjusted,true
171501,Riudellots de la Selva,34,Selva,2025,2125,2142,2071,54,-0.793651,0.516132,39.5496,68.4735,48.2268,100,municipality,idescat_pmh_446_477,,2026-08-21T21:48:17Z,0.2.0,,,complete,48.2268,48.2268,100,,official,annual_trend_scale_adjusted,true
171518,Riumors,02,Alt Empordà,2025,253,262,246,7,-3.435115,0.562737,40.6506,49.6233,43.3424,100,municipality,idescat_pmh_446_477,,2026-08-21T21:48:17Z,0.2.0,,,complete,43.3424,43.3424,100,,official,annual_trend_scale_adjusted,true
171523,Roses,02,Alt Empordà,2025,20365,20362,19807,558,0.014733,0.557193,40.5196,91.1461,55.7075,100,municipality,idescat_pmh_446_477,,2026-08-21T21:48:17Z,0.2.0,,,complete,55.7075,55.7075,100,,official,annual_trend_scale_adjusted,true
171539,Rupià,10,Baix Empordà,2025,325,330,273,52,-1.515152,3.548579,100,68.1113,90.4334,100,municipality,idescat_pmh_446_477,,2026-08-21T21:48:17Z,0.2.0,,,complete,90.4334,90.4334,100,,official,annual_trend_scale_adjusted,true
171544,Sales de Llierca,19,Garrotxa,2025,164,158,159,5,3.797468,0.621166,42.031,46.8104,43.4648,100,municipality,idescat_pmh_446_477,,2026-08-21T21:48:17Z,0.2.0,,,complete,43.4648,43.4648,100,,official,annual_trend_scale_adjusted,true
171557,Salt,20,Gironès,2025,34491,33904,32138,2353,1.731359,1.423218,60.9793,100,72.6855,100,municipality,idescat_pmh_446_477,,2026-08-21T21:48:17Z,0.2.0,,,complete,72.6855,72.6855,100,,official,annual_trend_scale_adjusted,true
171576,Sant Andreu Salou,20,Gironès,2025,161,172,160,1,-6.395349,0.124689,30.3018,36.0686,32.0318,100,municipality,idescat_pmh_446_477,,2026-08-21T21:48:17Z,0.2.0,,,complete,32.0318,32.0318,100,,official,annual_trend_scale_adjusted,true
171582,Sant Climent Sescebes,02,Alt Empordà,2025,690,675,707,-17,2.222222,-0.485599,15.884,1.0302,11.4279,100,municipality,idescat_pmh_446_477,,2026-08-21T21:48:17Z,0.2.0,,,complete,11.4279,11.4279,100,,official,annual_trend_scale_adjusted,true
171595,Sant Feliu de Buixalleu,34,Selva,2025,882,878,797,85,0.455581,2.047426,75.726,72.8442,74.8615,100,municipality,idescat_pmh_446_477,,2026-08-21T21:48:17Z,0.2.0,,,complete,74.8615,74.8615,100,,official,annual_trend_scale_adjusted,true
171609,Sant Feliu de Guíxols,10,Baix Empordà,2025,23141,23050,22097,1044,0.394794,0.927557,49.2694,97.2632,63.6675,100,municipality,idescat_pmh_446_477,,2026-08-21T21:48:17Z,0.2.0,,,complete,63.6675,63.6675,100,,official,annual_trend_scale_adjusted,true
171616,Sant Feliu de Pallerols,19,Garrotxa,2025,1700,1692,1437,263,0.472813,3.418547,100,83.8109,95.1433,100,municipality,idescat_pmh_446_477,,2026-08-21T21:48:17Z,0.2.0,,,complete,95.1433,95.1433,100,,official,annual_trend_scale_adjusted,true
171621,Sant Ferriol,19,Garrotxa,2025,245,233,236,9,5.150215,0.751337,45.1062,51.8051,47.1159,100,municipality,idescat_pmh_446_477,,2026-08-21T21:48:17Z,0.2.0,,,complete,47.1159,47.1159,100,,official,annual_trend_scale_adjusted,true
171637,Sant Gregori,20,Gironès,2025,4191,4243,3928,263,-1.225548,1.304616,58.1773,83.8109,65.8674,100,municipality,idescat_pmh_446_477,,2026-08-21T21:48:17Z,0.2.0,,,complete,65.8674,65.8674,100,,official,annual_trend_scale_adjusted,true
171642,Sant Hilari Sacalm,34,Selva,2025,6069,5982,5703,366,1.454363,1.2518,56.9295,87.0318,65.9602,100,municipality,idescat_pmh_446_477,,2026-08-21T21:48:17Z,0.2.0,,,complete,65.9602,65.9602,100,,official,annual_trend_scale_adjusted,true
171655,Sant Jaume de Llierca,19,Garrotxa,2025,863,849,871,-8,1.648999,-0.184376,23.0003,7.8075,18.4425,100,municipality,idescat_pmh_446_477,,2026-08-21T21:48:17Z,0.2.0,,,complete,18.4425,18.4425,100,,official,annual_trend_scale_adjusted,true
171668,Sant Jordi Desvalls,20,Gironès,2025,880,871,760,120,1.033295,2.975478,97.651,76.1828,91.2105,100,municipality,idescat_pmh_446_477,,2026-08-21T21:48:17Z,0.2.0,,,complete,91.2105,91.2105,100,,official,annual_trend_scale_adjusted,true
171674,Sant Joan de les Abadesses,31,Ripollès,2025,3404,3375,3224,180,0.859259,1.092492,53.1659,80.1203,61.2522,100,municipality,idescat_pmh_446_477,,2026-08-21T21:48:17Z,0.2.0,,,complete,61.2522,61.2522,100,,official,annual_trend_scale_adjusted,true
171680,Sant Joan de Mollet,20,Gironès,2025,536,526,498,38,1.901141,1.481549,62.3573,65.1122,63.1838,100,municipality,idescat_pmh_446_477,,2026-08-21T21:48:17Z,0.2.0,,,complete,63.1838,63.1838,100,,official,annual_trend_scale_adjusted,true
171693,Sant Julià de Ramis,20,Gironès,2025,3715,3644,3576,139,1.948408,0.765592,45.443,77.6088,55.0927,100,municipality,idescat_pmh_446_477,,2026-08-21T21:48:17Z,0.2.0,,,complete,55.0927,55.0927,100,,official,annual_trend_scale_adjusted,true
171707,Vallfogona de Ripollès,31,Ripollès,2025,225,222,196,29,1.351351,2.798148,93.4616,62.5469,84.1872,100,municipality,idescat_pmh_446_477,,2026-08-21T21:48:17Z,0.2.0,,,complete,84.1872,84.1872,100,,official,annual_trend_scale_adjusted,true
171714,Sant Llorenç de la Muga,02,Alt Empordà,2025,247,258,265,-18,-4.263566,-1.39698,0,0.5015,0.1504,100,municipality,idescat_pmh_446_477,,2026-08-21T21:48:17Z,0.2.0,,,complete,0.1504,0.1504,100,,official,annual_trend_scale_adjusted,true
171729,Sant Martí de Llémena,20,Gironès,2025,726,706,641,85,2.832861,2.521681,86.9301,72.8442,82.7043,100,municipality,idescat_pmh_446_477,,2026-08-21T21:48:17Z,0.2.0,,,complete,82.7043,82.7043,100,,official,annual_trend_scale_adjusted,true
171735,Sant Martí Vell,20,Gironès,2025,271,264,251,20,2.651515,1.545133,63.8595,59.0595,62.4195,100,municipality,idescat_pmh_446_477,,2026-08-21T21:48:17Z,0.2.0,,,complete,62.4195,62.4195,100,,official,annual_trend_scale_adjusted,true
171740,Sant Miquel de Campmajor,28,Pla de l'Estany,2025,258,254,229,29,1.574803,2.413414,84.3724,62.5469,77.8247,100,municipality,idescat_pmh_446_477,,2026-08-21T21:48:17Z,0.2.0,,,complete,77.8247,77.8247,100,,official,annual_trend_scale_adjusted,true
171753,Sant Miquel de Fluvià,02,Alt Empordà,2025,860,839,761,99,2.50298,2.47614,85.8543,74.3189,82.3937,100,municipality,idescat_pmh_446_477,,2026-08-21T21:48:17Z,0.2.0,,,complete,82.3937,82.3937,100,,official,annual_trend_scale_adjusted,true
171766,Sant Mori,02,Alt Empordà,2025,163,163,166,-3,0,-0.364087,18.7546,15.7365,17.8492,100,municipality,idescat_pmh_446_477,,2026-08-21T21:48:17Z,0.2.0,,,complete,17.8492,17.8492,100,,official,annual_trend_scale_adjusted,true
171772,Sant Pau de Segúries,31,Ripollès,2025,719,724,688,31,-0.690608,0.885347,48.2722,63.178,52.7439,100,municipality,idescat_pmh_446_477,,2026-08-21T21:48:17Z,0.2.0,,,complete,52.7439,52.7439,100,,official,annual_trend_scale_adjusted,true
171788,Sant Pere Pescador,02,Alt Empordà,2025,2290,2241,2090,200,2.186524,1.844561,70.9334,81.1451,73.9969,100,municipality,idescat_pmh_446_477,,2026-08-21T21:48:17Z,0.2.0,,,complete,73.9969,73.9969,100,,official,annual_trend_scale_adjusted,true
171805,Santa Coloma de Farners,34,Selva,2025,13993,13657,13363,630,2.460277,0.925608,49.2233,92.3307,62.1555,100,municipality,idescat_pmh_446_477,,2026-08-21T21:48:17Z,0.2.0,,,complete,62.1555,62.1555,100,,official,annual_trend_scale_adjusted,true
171812,Santa Cristina d'Aro,10,Baix Empordà,2025,5987,5866,5287,700,2.062734,2.517968,86.8424,93.3593,88.7975,100,municipality,idescat_pmh_446_477,,2026-08-21T21:48:17Z,0.2.0,,,complete,88.7975,88.7975,100,,official,annual_trend_scale_adjusted,true
171827,Santa Llogaia d'Àlguema,02,Alt Empordà,2025,396,397,368,28,-0.251889,1.477433,62.2601,62.2154,62.2467,100,municipality,idescat_pmh_446_477,,2026-08-21T21:48:17Z,0.2.0,,,complete,62.2467,62.2467,100,,official,annual_trend_scale_adjusted,true
171833,Sant Aniol de Finestres,19,Garrotxa,2025,382,372,345,37,2.688172,2.058423,75.9858,64.8582,72.6475,100,municipality,idescat_pmh_446_477,,2026-08-21T21:48:17Z,0.2.0,,,complete,72.6475,72.6475,100,,official,annual_trend_scale_adjusted,true
171848,Santa Pau,19,Garrotxa,2025,1579,1611,1614,-35,-1.986344,-0.437517,17.0199,0,11.9139,100,municipality,idescat_pmh_446_477,,2026-08-21T21:48:17Z,0.2.0,,,complete,11.9139,11.9139,100,,official,annual_trend_scale_adjusted,true
171851,Sant Joan les Fonts,19,Garrotxa,2025,3167,3111,3044,123,1.800064,0.795393,46.1471,76.4222,55.2296,100,municipality,idescat_pmh_446_477,,2026-08-21T21:48:17Z,0.2.0,,,complete,55.2296,55.2296,100,,official,annual_trend_scale_adjusted,true
171864,Sarrià de Ter,20,Gironès,2025,5406,5392,5229,177,0.259644,0.668009,43.1376,79.9569,54.1834,100,municipality,idescat_pmh_446_477,,2026-08-21T21:48:17Z,0.2.0,,,complete,54.1834,54.1834,100,,official,annual_trend_scale_adjusted,true
171870,"Saus, Camallera i Llampaies",02,Alt Empordà,2025,897,898,856,41,-0.111359,0.940101,49.5657,65.8368,54.447,100,municipality,idescat_pmh_446_477,,2026-08-21T21:48:17Z,0.2.0,,,complete,54.447,54.447,100,,official,annual_trend_scale_adjusted,true
171886,la Selva de Mar,02,Alt Empordà,2025,223,220,195,28,1.363636,2.719773,91.61,62.2154,82.7916,100,municipality,idescat_pmh_446_477,,2026-08-21T21:48:17Z,0.2.0,,,complete,82.7916,82.7916,100,,official,annual_trend_scale_adjusted,true
171899,la Cellera de Ter,34,Selva,2025,2027,2014,1950,77,0.645482,0.777557,45.7257,71.8896,53.5749,100,municipality,idescat_pmh_446_477,,2026-08-21T21:48:17Z,0.2.0,,,complete,53.5749,53.5749,100,,official,annual_trend_scale_adjusted,true
171903,Serinyà,28,Pla de l'Estany,2025,1228,1198,1133,95,2.504174,1.623393,65.7083,73.9198,68.1717,100,municipality,idescat_pmh_446_477,,2026-08-21T21:48:17Z,0.2.0,,,complete,68.1717,68.1717,100,,official,annual_trend_scale_adjusted,true
171910,Serra de Daró,10,Baix Empordà,2025,240,229,222,18,4.803493,1.57145,64.4812,58.0809,62.5611,100,municipality,idescat_pmh_446_477,,2026-08-21T21:48:17Z,0.2.0,,,complete,62.5611,62.5611,100,,official,annual_trend_scale_adjusted,true
171925,Setcases,31,Ripollès,2025,195,191,170,25,2.094241,2.782017,93.0805,61.1477,83.5007,100,municipality,idescat_pmh_446_477,,2026-08-21T21:48:17Z,0.2.0,,,complete,83.5007,83.5007,100,,official,annual_trend_scale_adjusted,true
171931,Sils,34,Selva,2025,6920,6720,6219,701,2.97619,2.159112,78.3645,93.3733,82.8671,100,municipality,idescat_pmh_446_477,,2026-08-21T21:48:17Z,0.2.0,,,complete,82.8671,82.8671,100,,official,annual_trend_scale_adjusted,true
171946,Susqueda,34,Selva,2025,103,97,93,10,6.185567,2.063594,76.1079,52.737,69.0966,100,municipality,idescat_pmh_446_477,,2026-08-21T21:48:17Z,0.2.0,,,complete,69.0966,69.0966,100,,official,annual_trend_scale_adjusted,true
171959,la Tallada d'Empordà,10,Baix Empordà,2025,490,478,454,36,2.51046,1.537869,63.6879,64.5975,63.9608,100,municipality,idescat_pmh_446_477,,2026-08-21T21:48:17Z,0.2.0,,,complete,63.9608,63.9608,100,,official,annual_trend_scale_adjusted,true
171962,Terrades,02,Alt Empordà,2025,337,345,338,-1,-2.318841,-0.059242,25.9565,22.5139,24.9237,100,municipality,idescat_pmh_446_477,,2026-08-21T21:48:17Z,0.2.0,,,complete,24.9237,24.9237,100,,official,annual_trend_scale_adjusted,true
171978,Torrent,10,Baix Empordà,2025,182,173,164,18,5.202312,2.104647,77.0778,58.0809,71.3787,100,municipality,idescat_pmh_446_477,,2026-08-21T21:48:17Z,0.2.0,,,complete,71.3787,71.3787,100,,official,annual_trend_scale_adjusted,true
171984,Torroella de Fluvià,02,Alt Empordà,2025,778,772,703,75,0.777202,2.048084,75.7415,71.6356,74.5097,100,municipality,idescat_pmh_446_477,,2026-08-21T21:48:17Z,0.2.0,,,complete,74.5097,74.5097,100,,official,annual_trend_scale_adjusted,true
171997,Torroella de Montgrí,10,Baix Empordà,2025,12570,12521,11836,734,0.391343,1.210615,55.9566,93.8224,67.3163,100,municipality,idescat_pmh_446_477,,2026-08-21T21:48:17Z,0.2.0,,,complete,67.3163,67.3163,100,,official,annual_trend_scale_adjusted,true
172001,Tortellà,19,Garrotxa,2025,849,828,818,31,2.536232,0.746711,44.997,63.178,50.4513,100,municipality,idescat_pmh_446_477,,2026-08-21T21:48:17Z,0.2.0,,,complete,50.4513,50.4513,100,,official,annual_trend_scale_adjusted,true
172018,Toses,31,Ripollès,2025,198,191,168,30,3.664921,3.340648,100,62.8675,88.8603,100,municipality,idescat_pmh_446_477,,2026-08-21T21:48:17Z,0.2.0,,,complete,88.8603,88.8603,100,,official,annual_trend_scale_adjusted,true
172023,Tossa de Mar,34,Selva,2025,6347,6274,5818,529,1.163532,1.755749,68.8352,90.6252,75.3722,100,municipality,idescat_pmh_446_477,,2026-08-21T21:48:17Z,0.2.0,,,complete,75.3722,75.3722,100,,official,annual_trend_scale_adjusted,true
172039,Ultramort,10,Baix Empordà,2025,218,214,225,-7,1.869159,-0.630113,12.4699,8.9592,11.4167,100,municipality,idescat_pmh_446_477,,2026-08-21T21:48:17Z,0.2.0,,,complete,11.4167,11.4167,100,,official,annual_trend_scale_adjusted,true
172044,Ullà,10,Baix Empordà,2025,1258,1219,1177,81,3.199344,1.339985,59.0129,72.3786,63.0226,100,municipality,idescat_pmh_446_477,,2026-08-21T21:48:17Z,0.2.0,,,complete,63.0226,63.0226,100,,official,annual_trend_scale_adjusted,true
172057,Ullastret,10,Baix Empordà,2025,249,260,274,-25,-4.230769,-1.895313,0,0,0,100,municipality,idescat_pmh_446_477,,2026-08-21T21:48:17Z,0.2.0,,,complete,0,0,100,,official,annual_trend_scale_adjusted,true
172060,Urús,15,Cerdanya,2025,201,207,196,5,-2.898551,0.505076,39.2884,46.8104,41.545,100,municipality,idescat_pmh_446_477,,2026-08-21T21:48:17Z,0.2.0,,,complete,41.545,41.545,100,,official,annual_trend_scale_adjusted,true
172076,la Vall d'en Bas,19,Garrotxa,2025,3269,3219,3093,176,1.553277,1.113001,53.6505,79.9018,61.5259,100,municipality,idescat_pmh_446_477,,2026-08-21T21:48:17Z,0.2.0,,,complete,61.5259,61.5259,100,,official,annual_trend_scale_adjusted,true
172082,la Vall de Bianya,19,Garrotxa,2025,1347,1350,1275,72,-0.222222,1.104732,53.4551,71.2418,58.7911,100,municipality,idescat_pmh_446_477,,2026-08-21T21:48:17Z,0.2.0,,,complete,58.7911,58.7911,100,,official,annual_trend_scale_adjusted,true
172095,Vall-llobrega,10,Baix Empordà,2025,891,906,897,-6,-1.655629,-0.134139,24.1871,10.2648,20.0104,100,municipality,idescat_pmh_446_477,,2026-08-21T21:48:17Z,0.2.0,,,complete,20.0104,20.0104,100,,official,annual_trend_scale_adjusted,true
172109,Ventalló,02,Alt Empordà,2025,914,891,846,68,2.581369,1.55824,64.1691,70.6908,66.1256,100,municipality,idescat_pmh_446_477,,2026-08-21T21:48:17Z,0.2.0,,,complete,66.1256,66.1256,100,,official,annual_trend_scale_adjusted,true
172116,Verges,10,Baix Empordà,2025,1167,1187,1169,-2,-1.68492,-0.034241,26.5472,18.5494,24.1479,100,municipality,idescat_pmh_446_477,,2026-08-21T21:48:17Z,0.2.0,,,complete,24.1479,24.1479,100,,official,annual_trend_scale_adjusted,true
172121,Vidrà,24,Osona,2025,167,169,177,-10,-1.183432,-1.15638,0.0369,5.8454,1.7794,100,municipality,idescat_pmh_446_477,,2026-08-21T21:48:17Z,0.2.0,,,complete,1.7794,1.7794,100,,official,annual_trend_scale_adjusted,true
172137,Vidreres,34,Selva,2025,8862,8538,7951,911,3.7948,2.1932,79.1699,95.9321,84.1986,100,municipality,idescat_pmh_446_477,,2026-08-21T21:48:17Z,0.2.0,,,complete,84.1986,84.1986,100,,official,annual_trend_scale_adjusted,true
172142,Vilabertran,02,Alt Empordà,2025,961,984,993,-32,-2.337398,-0.652984,11.9295,0,8.3506,100,municipality,idescat_pmh_446_477,,2026-08-21T21:48:17Z,0.2.0,,,complete,8.3506,8.3506,100,,official,annual_trend_scale_adjusted,true
172155,Vilablareix,20,Gironès,2025,4077,3772,3063,1014,8.085896,5.886049,100,96.9784,99.0935,100,municipality,idescat_pmh_446_477,,2026-08-21T21:48:17Z,0.2.0,,,complete,99.0935,99.0935,100,,official,annual_trend_scale_adjusted,true
172168,Viladasens,20,Gironès,2025,206,212,206,0,-2.830189,0,27.3561,29.2912,27.9366,100,municipality,idescat_pmh_446_477,,2026-08-21T21:48:17Z,0.2.0,,,complete,27.9366,27.9366,100,,official,annual_trend_scale_adjusted,true
172174,Viladamat,02,Alt Empordà,2025,500,492,458,42,1.626016,1.770265,69.1781,66.0669,68.2447,100,municipality,idescat_pmh_446_477,,2026-08-21T21:48:17Z,0.2.0,,,complete,68.2447,68.2447,100,,official,annual_trend_scale_adjusted,true
172180,Vilademuls,28,Pla de l'Estany,2025,898,866,835,63,3.69515,1.4654,61.9758,69.9553,64.3696,100,municipality,idescat_pmh_446_477,,2026-08-21T21:48:17Z,0.2.0,,,complete,64.3696,64.3696,100,,official,annual_trend_scale_adjusted,true
172207,Viladrau,24,Osona,2025,1184,1172,1047,137,1.023891,2.489885,86.179,77.4682,83.5658,100,municipality,idescat_pmh_446_477,,2026-08-21T21:48:17Z,0.2.0,,,complete,83.5658,83.5658,100,,official,annual_trend_scale_adjusted,true
172214,Vilafant,02,Alt Empordà,2025,5663,5706,5421,242,-0.753593,0.877296,48.082,83.0004,58.5575,100,municipality,idescat_pmh_446_477,,2026-08-21T21:48:17Z,0.2.0,,,complete,58.5575,58.5575,100,,official,annual_trend_scale_adjusted,true
172229,Vilaür,02,Alt Empordà,2025,164,170,158,6,-3.529412,0.748213,45.0324,48.3176,46.018,100,municipality,idescat_pmh_446_477,,2026-08-21T21:48:17Z,0.2.0,,,complete,46.018,46.018,100,,official,annual_trend_scale_adjusted,true
172235,Vilajuïga,02,Alt Empordà,2025,1177,1179,1116,61,-0.169635,1.070044,52.6356,69.6449,57.7384,100,municipality,idescat_pmh_446_477,,2026-08-21T21:48:17Z,0.2.0,,,complete,57.7384,57.7384,100,,official,annual_trend_scale_adjusted,true
172240,Vilallonga de Ter,31,Ripollès,2025,395,395,398,-3,0,-0.15121,23.7838,15.7365,21.3696,100,municipality,idescat_pmh_446_477,,2026-08-21T21:48:17Z,0.2.0,,,complete,21.3696,21.3696,100,,official,annual_trend_scale_adjusted,true
172253,Vilamacolum,02,Alt Empordà,2025,406,376,377,29,7.978723,1.493198,62.6325,62.5469,62.6068,100,municipality,idescat_pmh_446_477,,2026-08-21T21:48:17Z,0.2.0,,,complete,62.6068,62.6068,100,,official,annual_trend_scale_adjusted,true
172266,Vilamalla,02,Alt Empordà,2025,1205,1220,1161,44,-1.229508,0.746732,44.9974,66.5114,51.4516,100,municipality,idescat_pmh_446_477,,2026-08-21T21:48:17Z,0.2.0,,,complete,51.4516,51.4516,100,,official,annual_trend_scale_adjusted,true
172272,Vilamaniscle,02,Alt Empordà,2025,185,201,212,-27,-7.960199,-2.687826,0,0,0,100,municipality,idescat_pmh_446_477,,2026-08-21T21:48:17Z,0.2.0,,,complete,0,0,100,,official,annual_trend_scale_adjusted,true
172288,Vilanant,02,Alt Empordà,2025,406,402,386,20,0.995025,1.015437,51.3455,59.0595,53.6597,100,municipality,idescat_pmh_446_477,,2026-08-21T21:48:17Z,0.2.0,,,complete,53.6597,53.6597,100,,official,annual_trend_scale_adjusted,true
172305,Vila-sacra,02,Alt Empordà,2025,878,811,758,120,8.261406,2.982887,97.826,76.1828,91.333,100,municipality,idescat_pmh_446_477,,2026-08-21T21:48:17Z,0.2.0,,,complete,91.333,91.333,100,,official,annual_trend_scale_adjusted,true
172327,Vilopriu,10,Baix Empordà,2025,209,201,204,5,3.9801,0.48546,38.825,46.8104,41.2206,100,municipality,idescat_pmh_446_477,,2026-08-21T21:48:17Z,0.2.0,,,complete,41.2206,41.2206,100,,official,annual_trend_scale_adjusted,true
172333,Vilobí d'Onyar,34,Selva,2025,3297,3315,3333,-36,-0.542986,-0.216961,22.2305,0,15.5613,100,municipality,idescat_pmh_446_477,,2026-08-21T21:48:17Z,0.2.0,,,complete,15.5613,15.5613,100,,official,annual_trend_scale_adjusted,true
172348,Biure,02,Alt Empordà,2025,226,223,241,-15,1.345291,-1.277015,0,2.1818,0.6545,100,municipality,idescat_pmh_446_477,,2026-08-21T21:48:17Z,0.2.0,,,complete,0.6545,0.6545,100,,official,annual_trend_scale_adjusted,true
179011,"Cruïlles, Monells i Sant Sadurní de l'Heura",10,Baix Empordà,2025,1350,1329,1270,80,1.580135,1.229248,56.3968,72.2586,61.1553,100,municipality,idescat_pmh_446_477,,2026-08-21T21:48:17Z,0.2.0,,,complete,61.1553,61.1553,100,,official,annual_trend_scale_adjusted,true
179026,Forallac,10,Baix Empordà,2025,1790,1766,1695,95,1.359003,1.096627,53.2636,73.9198,59.4605,100,municipality,idescat_pmh_446_477,,2026-08-21T21:48:17Z,0.2.0,,,complete,59.4605,59.4605,100,,official,annual_trend_scale_adjusted,true
179032,Sant Julià del Llor i Bonmatí,34,Selva,2025,1457,1373,1313,144,6.11799,2.103109,77.0415,77.952,77.3147,100,municipality,idescat_pmh_446_477,,2026-08-21T21:48:17Z,0.2.0,,,complete,77.3147,77.3147,100,,official,annual_trend_scale_adjusted,true
250019,Abella de la Conca,25,Pallars Jussà,2025,156,158,183,-27,-1.265823,-3.142177,0,0,0,100,municipality,idescat_pmh_446_477,,2026-08-21T21:48:17Z,0.2.0,,,complete,0,0,100,,official,annual_trend_scale_adjusted,true
250024,Àger,23,Noguera,2025,637,602,580,57,5.813953,1.892516,72.0663,68.9928,71.1442,100,municipality,idescat_pmh_446_477,,2026-08-21T21:48:17Z,0.2.0,,,complete,71.1442,71.1442,100,,official,annual_trend_scale_adjusted,true
250030,Agramunt,38,Urgell,2025,5653,5629,5411,242,0.426363,0.878889,48.1196,83.0004,58.5838,100,municipality,idescat_pmh_446_477,,2026-08-21T21:48:17Z,0.2.0,,,complete,58.5838,58.5838,100,,official,annual_trend_scale_adjusted,true
250045,els Alamús,33,Segrià,2025,835,800,811,24,4.375,0.584978,41.1761,60.7642,47.0525,100,municipality,idescat_pmh_446_477,,2026-08-21T21:48:17Z,0.2.0,,,complete,47.0525,47.0525,100,,official,annual_trend_scale_adjusted,true
250058,Alàs i Cerc,04,Alt Urgell,2025,320,322,320,0,-0.621118,0,27.3561,29.2912,27.9366,100,municipality,idescat_pmh_446_477,,2026-08-21T21:48:17Z,0.2.0,,,complete,27.9366,27.9366,100,,official,annual_trend_scale_adjusted,true
250061,l'Albagés,18,Garrigues,2025,339,344,361,-22,-1.453488,-1.249683,0,0,0,100,municipality,idescat_pmh_446_477,,2026-08-21T21:48:17Z,0.2.0,,,complete,0,0,100,,official,annual_trend_scale_adjusted,true
250077,Albatàrrec,33,Segrià,2025,2331,2251,2236,95,3.553976,0.835648,47.0981,73.9198,55.1446,100,municipality,idescat_pmh_446_477,,2026-08-21T21:48:17Z,0.2.0,,,complete,55.1446,55.1446,100,,official,annual_trend_scale_adjusted,true
250083,Albesa,23,Noguera,2025,1584,1584,1561,23,0,0.292961,34.2772,60.3651,42.1036,100,municipality,idescat_pmh_446_477,,2026-08-21T21:48:17Z,0.2.0,,,complete,42.1036,42.1036,100,,official,annual_trend_scale_adjusted,true
250096,l'Albi,18,Garrigues,2025,764,766,744,20,-0.261097,0.531945,39.9232,59.0595,45.6641,100,municipality,idescat_pmh_446_477,,2026-08-21T21:48:17Z,0.2.0,,,complete,45.6641,45.6641,100,,official,annual_trend_scale_adjusted,true
250100,Alcanó,33,Segrià,2025,244,239,238,6,2.09205,0.499193,39.1494,48.3176,41.8999,100,municipality,idescat_pmh_446_477,,2026-08-21T21:48:17Z,0.2.0,,,complete,41.8999,41.8999,100,,official,annual_trend_scale_adjusted,true
250117,Alcarràs,33,Segrià,2025,10256,10018,9707,549,2.375724,1.106388,53.4942,90.9874,64.7422,100,municipality,idescat_pmh_446_477,,2026-08-21T21:48:17Z,0.2.0,,,complete,64.7422,64.7422,100,,official,annual_trend_scale_adjusted,true
250122,Alcoletge,33,Segrià,2025,3640,3594,3435,205,1.279911,1.166081,54.9045,81.3853,62.8487,100,municipality,idescat_pmh_446_477,,2026-08-21T21:48:17Z,0.2.0,,,complete,62.8487,62.8487,100,,official,annual_trend_scale_adjusted,true
250138,Alfarràs,33,Segrià,2025,2805,2778,2765,40,0.971922,0.287671,34.1523,65.6012,43.587,100,municipality,idescat_pmh_446_477,,2026-08-21T21:48:17Z,0.2.0,,,complete,43.587,43.587,100,,official,annual_trend_scale_adjusted,true
250143,Alfés,33,Segrià,2025,284,281,297,-13,1.067616,-0.891163,6.3026,3.4874,5.458,100,municipality,idescat_pmh_446_477,,2026-08-21T21:48:17Z,0.2.0,,,complete,5.458,5.458,100,,official,annual_trend_scale_adjusted,true
250156,Algerri,23,Noguera,2025,424,424,404,20,0,0.971056,50.297,59.0595,52.9257,100,municipality,idescat_pmh_446_477,,2026-08-21T21:48:17Z,0.2.0,,,complete,52.9257,52.9257,100,,official,annual_trend_scale_adjusted,true
250169,Alguaire,33,Segrià,2025,3060,2986,3029,31,2.478232,0.203855,32.1721,63.178,41.4739,100,municipality,idescat_pmh_446_477,,2026-08-21T21:48:17Z,0.2.0,,,complete,41.4739,41.4739,100,,official,annual_trend_scale_adjusted,true
250175,Alins,26,Pallars Sobirà,2025,269,275,272,-3,-2.181818,-0.221568,22.1216,15.7365,20.2061,100,municipality,idescat_pmh_446_477,,2026-08-21T21:48:17Z,0.2.0,,,complete,20.2061,20.2061,100,,official,annual_trend_scale_adjusted,true
250194,Almacelles,33,Segrià,2025,7018,6896,6826,192,1.769142,0.55633,40.4993,80.7479,52.5739,100,municipality,idescat_pmh_446_477,,2026-08-21T21:48:17Z,0.2.0,,,complete,52.5739,52.5739,100,,official,annual_trend_scale_adjusted,true
250208,Almatret,33,Segrià,2025,292,305,305,-13,-4.262295,-0.867376,6.8646,3.4874,5.8514,100,municipality,idescat_pmh_446_477,,2026-08-21T21:48:17Z,0.2.0,,,complete,5.8514,5.8514,100,,official,annual_trend_scale_adjusted,true
250215,Almenar,33,Segrià,2025,3369,3338,3357,12,0.9287,0.07139,29.0427,54.3704,36.641,100,municipality,idescat_pmh_446_477,,2026-08-21T21:48:17Z,0.2.0,,,complete,36.641,36.641,100,,official,annual_trend_scale_adjusted,true
250220,Alòs de Balaguer,23,Noguera,2025,118,120,132,-14,-1.666667,-2.217392,0,2.8129,0.8439,100,municipality,idescat_pmh_446_477,,2026-08-21T21:48:17Z,0.2.0,,,complete,0.8439,0.8439,100,,official,annual_trend_scale_adjusted,true
250236,Alpicat,33,Segrià,2025,6515,6387,6266,249,2.004071,0.782425,45.8407,83.2781,57.0719,100,municipality,idescat_pmh_446_477,,2026-08-21T21:48:17Z,0.2.0,,,complete,57.0719,57.0719,100,,official,annual_trend_scale_adjusted,true
250241,Alt Àneu,26,Pallars Sobirà,2025,453,455,414,39,-0.43956,1.81683,70.2782,65.3598,68.8027,100,municipality,idescat_pmh_446_477,,2026-08-21T21:48:17Z,0.2.0,,,complete,68.8027,68.8027,100,,official,annual_trend_scale_adjusted,true
250254,Naut Aran,39,Val d'Aran,2025,1902,1899,1836,66,0.157978,0.708834,44.1021,70.4032,51.9924,100,municipality,idescat_pmh_446_477,,2026-08-21T21:48:17Z,0.2.0,,,complete,51.9924,51.9924,100,,official,annual_trend_scale_adjusted,true
250273,Anglesola,38,Urgell,2025,1389,1367,1365,24,1.609364,0.349201,35.6059,60.7642,43.1534,100,municipality,idescat_pmh_446_477,,2026-08-21T21:48:17Z,0.2.0,,,complete,43.1534,43.1534,100,,official,annual_trend_scale_adjusted,true
250292,Arbeca,18,Garrigues,2025,2163,2081,2126,37,3.940413,0.345673,35.5226,64.8582,44.3233,100,municipality,idescat_pmh_446_477,,2026-08-21T21:48:17Z,0.2.0,,,complete,44.3233,44.3233,100,,official,annual_trend_scale_adjusted,true
250306,el Pont de Bar,04,Alt Urgell,2025,162,165,152,10,-1.818182,1.28247,57.6541,52.737,56.179,100,municipality,idescat_pmh_446_477,,2026-08-21T21:48:17Z,0.2.0,,,complete,56.179,56.179,100,,official,annual_trend_scale_adjusted,true
250313,Arres,39,Val d'Aran,2025,58,64,60,-2,-9.375,-0.675738,11.392,18.5494,13.5392,100,municipality,idescat_pmh_446_477,,2026-08-21T21:48:17Z,0.2.0,,,complete,13.5392,13.5392,100,,official,annual_trend_scale_adjusted,true
250328,Arsèguel,04,Alt Urgell,2025,87,78,81,6,11.538462,1.439441,61.3625,48.3176,57.449,100,municipality,idescat_pmh_446_477,,2026-08-21T21:48:17Z,0.2.0,,,complete,57.449,57.449,100,,official,annual_trend_scale_adjusted,true
250334,Artesa de Lleida,33,Segrià,2025,1543,1539,1535,8,0.259909,0.104018,29.8135,50.7749,36.1019,100,municipality,idescat_pmh_446_477,,2026-08-21T21:48:17Z,0.2.0,,,complete,36.1019,36.1019,100,,official,annual_trend_scale_adjusted,true
250349,Artesa de Segre,23,Noguera,2025,3559,3485,3400,159,2.123386,0.918274,49.0501,78.9145,58.0094,100,municipality,idescat_pmh_446_477,,2026-08-21T21:48:17Z,0.2.0,,,complete,58.0094,58.0094,100,,official,annual_trend_scale_adjusted,true
250352,la Sentiu de Sió,23,Noguera,2025,448,455,414,34,-1.538462,1.59107,64.9447,64.0541,64.6775,100,municipality,idescat_pmh_446_477,,2026-08-21T21:48:17Z,0.2.0,,,complete,64.6775,64.6775,100,,official,annual_trend_scale_adjusted,true
250365,Aspa,33,Segrià,2025,233,220,220,13,5.909091,1.154835,54.6388,55.095,54.7757,100,municipality,idescat_pmh_446_477,,2026-08-21T21:48:17Z,0.2.0,,,complete,54.7757,54.7757,100,,official,annual_trend_scale_adjusted,true
250371,les Avellanes i Santa Linya,23,Noguera,2025,434,430,433,1,0.930233,0.046147,28.4463,36.0686,30.733,100,municipality,idescat_pmh_446_477,,2026-08-21T21:48:17Z,0.2.0,,,complete,30.733,30.733,100,,official,annual_trend_scale_adjusted,true
250387,Aitona,33,Segrià,2025,2591,2603,2567,24,-0.461007,0.186293,31.7572,60.7642,40.4593,100,municipality,idescat_pmh_446_477,,2026-08-21T21:48:17Z,0.2.0,,,complete,40.4593,40.4593,100,,official,annual_trend_scale_adjusted,true
250390,Baix Pallars,26,Pallars Sobirà,2025,345,340,331,14,1.470588,0.831963,47.011,55.7696,49.6386,100,municipality,idescat_pmh_446_477,,2026-08-21T21:48:17Z,0.2.0,,,complete,49.6386,49.6386,100,,official,annual_trend_scale_adjusted,true
250404,Balaguer,23,Noguera,2025,17729,17705,17472,257,0.135555,0.292469,34.2656,83.5861,49.0617,100,municipality,idescat_pmh_446_477,,2026-08-21T21:48:17Z,0.2.0,,,complete,49.0617,49.0617,100,,official,annual_trend_scale_adjusted,true
250411,Barbens,27,Pla d'Urgell,2025,929,926,878,51,0.323974,1.135643,54.1854,67.9251,58.3073,100,municipality,idescat_pmh_446_477,,2026-08-21T21:48:17Z,0.2.0,,,complete,58.3073,58.3073,100,,official,annual_trend_scale_adjusted,true
250426,la Baronia de Rialb,23,Noguera,2025,216,231,229,-13,-6.493506,-1.162067,0,3.4874,1.0462,100,municipality,idescat_pmh_446_477,,2026-08-21T21:48:17Z,0.2.0,,,complete,1.0462,1.0462,100,,official,annual_trend_scale_adjusted,true
250432,la Vall de Boí,05,Alta Ribagorça,2025,1122,1116,1019,103,0.537634,1.944485,73.294,74.7024,73.7165,100,municipality,idescat_pmh_446_477,,2026-08-21T21:48:17Z,0.2.0,,,complete,73.7165,73.7165,100,,official,annual_trend_scale_adjusted,true
250447,Bassella,04,Alt Urgell,2025,216,210,217,-1,2.857143,-0.092336,25.1747,22.5139,24.3765,100,municipality,idescat_pmh_446_477,,2026-08-21T21:48:17Z,0.2.0,,,complete,24.3765,24.3765,100,,official,annual_trend_scale_adjusted,true
250450,Bausen,39,Val d'Aran,2025,62,60,60,2,3.333333,0.657952,42.9,40.0331,42.0399,100,municipality,idescat_pmh_446_477,,2026-08-21T21:48:17Z,0.2.0,,,complete,42.0399,42.0399,100,,official,annual_trend_scale_adjusted,true
250463,Belianes,38,Urgell,2025,514,517,520,-6,-0.580271,-0.231842,21.8789,10.2648,18.3947,100,municipality,idescat_pmh_446_477,,2026-08-21T21:48:17Z,0.2.0,,,complete,18.3947,18.3947,100,,official,annual_trend_scale_adjusted,true
250479,Bellcaire d'Urgell,23,Noguera,2025,1275,1228,1199,76,3.827362,1.236751,56.574,71.7634,61.1308,100,municipality,idescat_pmh_446_477,,2026-08-21T21:48:17Z,0.2.0,,,complete,61.1308,61.1308,100,,official,annual_trend_scale_adjusted,true
250485,Bell-lloc d'Urgell,27,Pla d'Urgell,2025,2364,2359,2335,29,0.211954,0.247169,33.1954,62.5469,42.0008,100,municipality,idescat_pmh_446_477,,2026-08-21T21:48:17Z,0.2.0,,,complete,42.0008,42.0008,100,,official,annual_trend_scale_adjusted,true
250498,Bellmunt d'Urgell,23,Noguera,2025,174,182,185,-11,-4.395604,-1.218526,0,4.9947,1.4984,100,municipality,idescat_pmh_446_477,,2026-08-21T21:48:17Z,0.2.0,,,complete,1.4984,1.4984,100,,official,annual_trend_scale_adjusted,true
250501,Bellpuig,38,Urgell,2025,5510,5276,5218,292,4.435178,1.09496,53.2242,84.8299,62.7059,100,municipality,idescat_pmh_446_477,,2026-08-21T21:48:17Z,0.2.0,,,complete,62.7059,62.7059,100,,official,annual_trend_scale_adjusted,true
250518,Bellver de Cerdanya,15,Cerdanya,2025,2289,2260,2005,284,1.283186,2.684829,90.7845,84.5593,88.9169,100,municipality,idescat_pmh_446_477,,2026-08-21T21:48:17Z,0.2.0,,,complete,88.9169,88.9169,100,,official,annual_trend_scale_adjusted,true
250523,Bellvís,27,Pla d'Urgell,2025,2249,2269,2260,-11,-0.881446,-0.097535,25.0519,4.9947,19.0347,100,municipality,idescat_pmh_446_477,,2026-08-21T21:48:17Z,0.2.0,,,complete,19.0347,19.0347,100,,official,annual_trend_scale_adjusted,true
250539,Benavent de Segrià,33,Segrià,2025,1571,1578,1518,53,-0.443599,0.688735,43.6273,68.2941,51.0273,100,municipality,idescat_pmh_446_477,,2026-08-21T21:48:17Z,0.2.0,,,complete,51.0273,51.0273,100,,official,annual_trend_scale_adjusted,true
250557,Biosca,35,Solsonès,2025,185,176,177,8,5.113636,0.888042,48.3359,50.7749,49.0676,100,municipality,idescat_pmh_446_477,,2026-08-21T21:48:17Z,0.2.0,,,complete,49.0676,49.0676,100,,official,annual_trend_scale_adjusted,true
250560,Bovera,18,Garrigues,2025,244,247,248,-4,-1.214575,-0.324682,19.6856,13.5547,17.8463,100,municipality,idescat_pmh_446_477,,2026-08-21T21:48:17Z,0.2.0,,,complete,17.8463,17.8463,100,,official,annual_trend_scale_adjusted,true
250576,Es Bòrdes,39,Val d'Aran,2025,281,280,255,26,0.357143,1.960798,73.6794,61.5167,70.0306,100,municipality,idescat_pmh_446_477,,2026-08-21T21:48:17Z,0.2.0,,,complete,70.0306,70.0306,100,,official,annual_trend_scale_adjusted,true
250582,les Borges Blanques,18,Garrigues,2025,6482,6379,6173,309,1.614673,0.98167,50.5478,85.3814,60.9979,100,municipality,idescat_pmh_446_477,,2026-08-21T21:48:17Z,0.2.0,,,complete,60.9979,60.9979,100,,official,annual_trend_scale_adjusted,true
250595,Bossòst,39,Val d'Aran,2025,1189,1141,1115,74,4.206836,1.293458,57.9137,71.5061,61.9914,100,municipality,idescat_pmh_446_477,,2026-08-21T21:48:17Z,0.2.0,,,complete,61.9914,61.9914,100,,official,annual_trend_scale_adjusted,true
250609,Cabanabona,23,Noguera,2025,70,65,71,-1,7.692308,-0.283291,20.6634,22.5139,21.2185,100,municipality,idescat_pmh_446_477,,2026-08-21T21:48:17Z,0.2.0,,,complete,21.2185,21.2185,100,,official,annual_trend_scale_adjusted,true
250616,Cabó,04,Alt Urgell,2025,85,89,93,-8,-4.494382,-1.78288,0,7.8075,2.3422,100,municipality,idescat_pmh_446_477,,2026-08-21T21:48:17Z,0.2.0,,,complete,2.3422,2.3422,100,,official,annual_trend_scale_adjusted,true
250621,Camarasa,23,Noguera,2025,788,805,810,-22,-2.111801,-0.549209,14.3812,0,10.0668,100,municipality,idescat_pmh_446_477,,2026-08-21T21:48:17Z,0.2.0,,,complete,10.0668,10.0668,100,,official,annual_trend_scale_adjusted,true
250637,Canejan,39,Val d'Aran,2025,95,101,89,6,-5.940594,1.31336,58.3839,48.3176,55.364,100,municipality,idescat_pmh_446_477,,2026-08-21T21:48:17Z,0.2.0,,,complete,55.364,55.364,100,,official,annual_trend_scale_adjusted,true
250642,Castellar de la Ribera,35,Solsonès,2025,131,144,131,0,-9.027778,0,27.3561,29.2912,27.9366,100,municipality,idescat_pmh_446_477,,2026-08-21T21:48:17Z,0.2.0,,,complete,27.9366,27.9366,100,,official,annual_trend_scale_adjusted,true
250674,Castelldans,18,Garrigues,2025,952,891,930,22,6.84624,0.468704,38.4291,59.949,44.8851,100,municipality,idescat_pmh_446_477,,2026-08-21T21:48:17Z,0.2.0,,,complete,44.8851,44.8851,100,,official,annual_trend_scale_adjusted,true
250680,Castellnou de Seana,27,Pla d'Urgell,2025,726,723,665,61,0.414938,1.770755,69.1897,69.6449,69.3263,100,municipality,idescat_pmh_446_477,,2026-08-21T21:48:17Z,0.2.0,,,complete,69.3263,69.3263,100,,official,annual_trend_scale_adjusted,true
250693,Castelló de Farfanya,23,Noguera,2025,548,544,539,9,0.735294,0.331743,35.1935,51.8051,40.177,100,municipality,idescat_pmh_446_477,,2026-08-21T21:48:17Z,0.2.0,,,complete,40.177,40.177,100,,official,annual_trend_scale_adjusted,true
250707,Castellserà,38,Urgell,2025,993,993,996,-3,0,-0.060314,25.9312,15.7365,22.8728,100,municipality,idescat_pmh_446_477,,2026-08-21T21:48:17Z,0.2.0,,,complete,22.8728,22.8728,100,,official,annual_trend_scale_adjusted,true
250714,Cava,04,Alt Urgell,2025,38,39,45,-7,-2.564103,-3.324992,0,8.9592,2.6878,100,municipality,idescat_pmh_446_477,,2026-08-21T21:48:17Z,0.2.0,,,complete,2.6878,2.6878,100,,official,annual_trend_scale_adjusted,true
250729,Cervera,32,Segarra,2025,9603,9533,9350,253,0.734291,0.535412,40.0051,83.4333,53.0336,100,municipality,idescat_pmh_446_477,,2026-08-21T21:48:17Z,0.2.0,,,complete,53.0336,53.0336,100,,official,annual_trend_scale_adjusted,true
250735,Cervià de les Garrigues,18,Garrigues,2025,641,641,662,-21,0,-0.642648,12.1737,0,8.5216,100,municipality,idescat_pmh_446_477,,2026-08-21T21:48:17Z,0.2.0,,,complete,8.5216,8.5216,100,,official,annual_trend_scale_adjusted,true
250740,Ciutadilla,38,Urgell,2025,186,194,208,-22,-4.123711,-2.211019,0,0,0,100,municipality,idescat_pmh_446_477,,2026-08-21T21:48:17Z,0.2.0,,,complete,0,0,100,,official,annual_trend_scale_adjusted,true
250753,Clariana de Cardener,35,Solsonès,2025,160,161,161,-1,-0.621118,-0.124533,24.414,22.5139,23.844,100,municipality,idescat_pmh_446_477,,2026-08-21T21:48:17Z,0.2.0,,,complete,23.844,23.844,100,,official,annual_trend_scale_adjusted,true
250766,el Cogul,18,Garrigues,2025,163,161,151,12,1.242236,1.541163,63.7657,54.3704,60.9471,100,municipality,idescat_pmh_446_477,,2026-08-21T21:48:17Z,0.2.0,,,complete,60.9471,60.9471,100,,official,annual_trend_scale_adjusted,true
250772,Coll de Nargó,04,Alt Urgell,2025,585,587,540,45,-0.340716,1.613736,65.4802,66.7263,65.854,100,municipality,idescat_pmh_446_477,,2026-08-21T21:48:17Z,0.2.0,,,complete,65.854,65.854,100,,official,annual_trend_scale_adjusted,true
250788,Corbins,33,Segrià,2025,1502,1502,1462,40,0,0.541304,40.1443,65.6012,47.7814,100,municipality,idescat_pmh_446_477,,2026-08-21T21:48:17Z,0.2.0,,,complete,47.7814,47.7814,100,,official,annual_trend_scale_adjusted,true
250791,Cubells,23,Noguera,2025,354,343,338,16,3.206997,0.929312,49.3109,56.9934,51.6156,100,municipality,idescat_pmh_446_477,,2026-08-21T21:48:17Z,0.2.0,,,complete,51.6156,51.6156,100,,official,annual_trend_scale_adjusted,true
250812,l'Espluga Calba,18,Garrigues,2025,324,331,329,-5,-2.114804,-0.305816,20.1313,11.772,17.6235,100,municipality,idescat_pmh_446_477,,2026-08-21T21:48:17Z,0.2.0,,,complete,17.6235,17.6235,100,,official,annual_trend_scale_adjusted,true
250827,Espot,26,Pallars Sobirà,2025,377,379,366,11,-0.527704,0.593994,41.3891,53.5878,45.0487,100,municipality,idescat_pmh_446_477,,2026-08-21T21:48:17Z,0.2.0,,,complete,45.0487,45.0487,100,,official,annual_trend_scale_adjusted,true
250851,Estaràs,32,Segarra,2025,161,162,156,5,-0.617284,0.632962,42.3097,46.8104,43.6599,100,municipality,idescat_pmh_446_477,,2026-08-21T21:48:17Z,0.2.0,,,complete,43.6599,43.6599,100,,official,annual_trend_scale_adjusted,true
250864,Esterri d'Àneu,26,Pallars Sobirà,2025,917,921,804,113,-0.434311,2.665058,90.3174,75.6001,85.9022,100,municipality,idescat_pmh_446_477,,2026-08-21T21:48:17Z,0.2.0,,,complete,85.9022,85.9022,100,,official,annual_trend_scale_adjusted,true
250870,Esterri de Cardós,26,Pallars Sobirà,2025,63,63,64,-1,0,-0.314472,19.9268,22.5139,20.7029,100,municipality,idescat_pmh_446_477,,2026-08-21T21:48:17Z,0.2.0,,,complete,20.7029,20.7029,100,,official,annual_trend_scale_adjusted,true
250886,Estamariu,04,Alt Urgell,2025,135,132,125,10,2.272727,1.551128,64.0011,52.737,60.6219,100,municipality,idescat_pmh_446_477,,2026-08-21T21:48:17Z,0.2.0,,,complete,60.6219,60.6219,100,,official,annual_trend_scale_adjusted,true
250899,Farrera,26,Pallars Sobirà,2025,118,127,108,10,-7.086614,1.786844,69.5698,52.737,64.52,100,municipality,idescat_pmh_446_477,,2026-08-21T21:48:17Z,0.2.0,,,complete,64.52,64.52,100,,official,annual_trend_scale_adjusted,true
250925,la Floresta,18,Garrigues,2025,159,164,140,19,-3.04878,2.577903,88.2584,58.5824,79.3556,100,municipality,idescat_pmh_446_477,,2026-08-21T21:48:17Z,0.2.0,,,complete,79.3556,79.3556,100,,official,annual_trend_scale_adjusted,true
250931,Fondarella,27,Pla d'Urgell,2025,823,805,776,47,2.236025,1.183017,55.3046,67.1424,58.8559,100,municipality,idescat_pmh_446_477,,2026-08-21T21:48:17Z,0.2.0,,,complete,58.8559,58.8559,100,,official,annual_trend_scale_adjusted,true
250946,Foradada,23,Noguera,2025,193,195,203,-10,-1.025641,-1.005229,3.6078,5.8454,4.2791,100,municipality,idescat_pmh_446_477,,2026-08-21T21:48:17Z,0.2.0,,,complete,4.2791,4.2791,100,,official,annual_trend_scale_adjusted,true
250962,la Fuliola,38,Urgell,2025,1262,1238,1250,12,1.938611,0.191267,31.8747,54.3704,38.6234,100,municipality,idescat_pmh_446_477,,2026-08-21T21:48:17Z,0.2.0,,,complete,38.6234,38.6234,100,,official,annual_trend_scale_adjusted,true
250978,Fulleda,18,Garrigues,2025,87,91,102,-15,-4.395604,-3.131223,0,2.1818,0.6545,100,municipality,idescat_pmh_446_477,,2026-08-21T21:48:17Z,0.2.0,,,complete,0.6545,0.6545,100,,official,annual_trend_scale_adjusted,true
250984,Gavet de la Conca,25,Pallars Jussà,2025,252,259,261,-9,-2.702703,-0.699369,10.8337,6.7773,9.6168,100,municipality,idescat_pmh_446_477,,2026-08-21T21:48:17Z,0.2.0,,,complete,9.6168,9.6168,100,,official,annual_trend_scale_adjusted,true
250997,Golmés,27,Pla d'Urgell,2025,1909,1916,1855,54,-0.365344,0.575547,40.9533,68.4735,49.2094,100,municipality,idescat_pmh_446_477,,2026-08-21T21:48:17Z,0.2.0,,,complete,49.2094,49.2094,100,,official,annual_trend_scale_adjusted,true
251001,Gósol,14,Berguedà,2025,205,215,206,-1,-4.651163,-0.097276,25.058,22.5139,24.2948,100,municipality,idescat_pmh_446_477,,2026-08-21T21:48:17Z,0.2.0,,,complete,24.2948,24.2948,100,,official,annual_trend_scale_adjusted,true
251018,la Granadella,18,Garrigues,2025,748,758,716,32,-1.319261,0.878291,48.1055,63.4788,52.7175,100,municipality,idescat_pmh_446_477,,2026-08-21T21:48:17Z,0.2.0,,,complete,52.7175,52.7175,100,,official,annual_trend_scale_adjusted,true
251023,la Granja d'Escarp,33,Segrià,2025,994,943,922,72,5.408271,1.515204,63.1524,71.2418,65.5792,100,municipality,idescat_pmh_446_477,,2026-08-21T21:48:17Z,0.2.0,,,complete,65.5792,65.5792,100,,official,annual_trend_scale_adjusted,true
251039,Granyanella,32,Segarra,2025,154,140,143,11,10,1.493198,62.6325,53.5878,59.9191,100,municipality,idescat_pmh_446_477,,2026-08-21T21:48:17Z,0.2.0,,,complete,59.9191,59.9191,100,,official,annual_trend_scale_adjusted,true
251044,Granyena de Segarra,32,Segarra,2025,149,145,151,-2,2.758621,-0.266315,21.0645,18.5494,20.31,100,municipality,idescat_pmh_446_477,,2026-08-21T21:48:17Z,0.2.0,,,complete,20.31,20.31,100,,official,annual_trend_scale_adjusted,true
251057,Granyena de les Garrigues,18,Garrigues,2025,174,163,140,34,6.748466,4.44418,100,64.0541,89.2162,100,municipality,idescat_pmh_446_477,,2026-08-21T21:48:17Z,0.2.0,,,complete,89.2162,89.2162,100,,official,annual_trend_scale_adjusted,true
251095,Guimerà,38,Urgell,2025,250,246,271,-21,1.626016,-1.600216,0,0,0,100,municipality,idescat_pmh_446_477,,2026-08-21T21:48:17Z,0.2.0,,,complete,0,0,100,,official,annual_trend_scale_adjusted,true
251109,Guissona,32,Segarra,2025,7774,7635,7248,526,1.820563,1.411048,60.6917,90.5697,69.6551,100,municipality,idescat_pmh_446_477,,2026-08-21T21:48:17Z,0.2.0,,,complete,69.6551,69.6551,100,,official,annual_trend_scale_adjusted,true
251116,Guixers,35,Solsonès,2025,125,134,132,-7,-6.716418,-1.083847,1.7505,8.9592,3.9131,100,municipality,idescat_pmh_446_477,,2026-08-21T21:48:17Z,0.2.0,,,complete,3.9131,3.9131,100,,official,annual_trend_scale_adjusted,true
251121,Ivars de Noguera,23,Noguera,2025,317,318,332,-15,-0.314465,-0.920402,5.6119,2.1818,4.5829,100,municipality,idescat_pmh_446_477,,2026-08-21T21:48:17Z,0.2.0,,,complete,4.5829,4.5829,100,,official,annual_trend_scale_adjusted,true
251137,Ivars d'Urgell,27,Pla d'Urgell,2025,1578,1590,1537,41,-0.754717,0.527904,39.8277,65.8368,47.6304,100,municipality,idescat_pmh_446_477,,2026-08-21T21:48:17Z,0.2.0,,,complete,47.6304,47.6304,100,,official,annual_trend_scale_adjusted,true
251142,Ivorra,32,Segarra,2025,100,100,108,-8,0,-1.527435,0,7.8075,2.3422,100,municipality,idescat_pmh_446_477,,2026-08-21T21:48:17Z,0.2.0,,,complete,2.3422,2.3422,100,,official,annual_trend_scale_adjusted,true
251155,Isona i Conca Dellà,25,Pallars Jussà,2025,1038,1046,1042,-4,-0.764818,-0.076894,25.5395,13.5547,21.9441,100,municipality,idescat_pmh_446_477,,2026-08-21T21:48:17Z,0.2.0,,,complete,21.9441,21.9441,100,,official,annual_trend_scale_adjusted,true
251180,Juncosa,18,Garrigues,2025,377,390,395,-18,-3.333333,-0.928474,5.4212,0.5015,3.9453,100,municipality,idescat_pmh_446_477,,2026-08-21T21:48:17Z,0.2.0,,,complete,3.9453,3.9453,100,,official,annual_trend_scale_adjusted,true
251193,Juneda,18,Garrigues,2025,3453,3473,3501,-48,-0.575871,-0.275724,20.8422,0,14.5895,100,municipality,idescat_pmh_446_477,,2026-08-21T21:48:17Z,0.2.0,,,complete,14.5895,14.5895,100,,official,annual_trend_scale_adjusted,true
251207,Lleida,33,Segrià,2025,146266,144739,140403,5863,1.055002,0.821557,46.7652,100,62.7356,100,municipality,idescat_pmh_446_477,,2026-08-21T21:48:17Z,0.2.0,,,complete,62.7356,62.7356,100,,official,annual_trend_scale_adjusted,true
251214,Les,39,Val d'Aran,2025,1036,1013,971,65,2.270484,1.304353,58.1711,70.2562,61.7966,100,municipality,idescat_pmh_446_477,,2026-08-21T21:48:17Z,0.2.0,,,complete,61.7966,61.7966,100,,official,annual_trend_scale_adjusted,true
251229,Linyola,27,Pla d'Urgell,2025,2762,2749,2717,45,0.472899,0.329075,35.1304,66.7263,44.6092,100,municipality,idescat_pmh_446_477,,2026-08-21T21:48:17Z,0.2.0,,,complete,44.6092,44.6092,100,,official,annual_trend_scale_adjusted,true
251235,Lladorre,26,Pallars Sobirà,2025,246,254,237,9,-3.149606,0.748213,45.0324,51.8051,47.0642,100,municipality,idescat_pmh_446_477,,2026-08-21T21:48:17Z,0.2.0,,,complete,47.0642,47.0642,100,,official,annual_trend_scale_adjusted,true
251240,Lladurs,35,Solsonès,2025,186,185,180,6,0.540541,0.657952,42.9,48.3176,44.5253,100,municipality,idescat_pmh_446_477,,2026-08-21T21:48:17Z,0.2.0,,,complete,44.5253,44.5253,100,,official,annual_trend_scale_adjusted,true
251253,Llardecans,33,Segrià,2025,444,428,444,0,3.738318,0,27.3561,29.2912,27.9366,100,municipality,idescat_pmh_446_477,,2026-08-21T21:48:17Z,0.2.0,,,complete,27.9366,27.9366,100,,official,annual_trend_scale_adjusted,true
251266,Llavorsí,26,Pallars Sobirà,2025,342,336,346,-4,1.785714,-0.232291,21.8683,13.5547,19.3742,100,municipality,idescat_pmh_446_477,,2026-08-21T21:48:17Z,0.2.0,,,complete,19.3742,19.3742,100,,official,annual_trend_scale_adjusted,true
251272,Lles de Cerdanya,15,Cerdanya,2025,290,285,270,20,1.754386,1.439441,61.3625,59.0595,60.6716,100,municipality,idescat_pmh_446_477,,2026-08-21T21:48:17Z,0.2.0,,,complete,60.6716,60.6716,100,,official,annual_trend_scale_adjusted,true
251288,Llimiana,25,Pallars Jussà,2025,130,131,146,-16,-0.763359,-2.294705,0,1.5891,0.4767,100,municipality,idescat_pmh_446_477,,2026-08-21T21:48:17Z,0.2.0,,,complete,0.4767,0.4767,100,,official,annual_trend_scale_adjusted,true
251291,Llobera,35,Solsonès,2025,201,209,188,13,-3.827751,1.34624,59.1607,55.095,57.941,100,municipality,idescat_pmh_446_477,,2026-08-21T21:48:17Z,0.2.0,,,complete,57.941,57.941,100,,official,annual_trend_scale_adjusted,true
251305,Maldà,38,Urgell,2025,239,236,227,12,1.271186,1.035596,51.8218,54.3704,52.5864,100,municipality,idescat_pmh_446_477,,2026-08-21T21:48:17Z,0.2.0,,,complete,52.5864,52.5864,100,,official,annual_trend_scale_adjusted,true
251312,Massalcoreig,33,Segrià,2025,592,584,610,-18,1.369863,-0.597256,13.2461,0.5015,9.4227,100,municipality,idescat_pmh_446_477,,2026-08-21T21:48:17Z,0.2.0,,,complete,9.4227,9.4227,100,,official,annual_trend_scale_adjusted,true
251327,Massoteres,32,Segarra,2025,227,216,212,15,5.092593,1.376665,59.8794,56.4006,58.8358,100,municipality,idescat_pmh_446_477,,2026-08-21T21:48:17Z,0.2.0,,,complete,58.8358,58.8358,100,,official,annual_trend_scale_adjusted,true
251333,Maials,33,Segrià,2025,951,921,909,42,3.257329,0.907472,48.7949,66.0669,53.9765,100,municipality,idescat_pmh_446_477,,2026-08-21T21:48:17Z,0.2.0,,,complete,53.9765,53.9765,100,,official,annual_trend_scale_adjusted,true
251348,Menàrguens,23,Noguera,2025,798,789,813,-15,1.140684,-0.371758,18.5734,2.1818,13.6559,100,municipality,idescat_pmh_446_477,,2026-08-21T21:48:17Z,0.2.0,,,complete,13.6559,13.6559,100,,official,annual_trend_scale_adjusted,true
251351,Miralcamp,27,Pla d'Urgell,2025,1369,1390,1385,-16,-1.510791,-0.232122,21.8723,1.5891,15.7873,100,municipality,idescat_pmh_446_477,,2026-08-21T21:48:17Z,0.2.0,,,complete,15.7873,15.7873,100,,official,annual_trend_scale_adjusted,true
251364,la Molsosa,35,Solsonès,2025,100,103,104,-4,-2.912621,-0.781346,8.897,13.5547,10.2943,100,municipality,idescat_pmh_446_477,,2026-08-21T21:48:17Z,0.2.0,,,complete,10.2943,10.2943,100,,official,annual_trend_scale_adjusted,true
251370,Mollerussa,27,Pla d'Urgell,2025,15763,15544,14649,1114,1.408904,1.476663,62.2419,97.8971,72.9385,100,municipality,idescat_pmh_446_477,,2026-08-21T21:48:17Z,0.2.0,,,complete,72.9385,72.9385,100,,official,annual_trend_scale_adjusted,true
251386,Montgai,23,Noguera,2025,640,637,643,-3,0.470958,-0.093487,25.1475,15.7365,22.3242,100,municipality,idescat_pmh_446_477,,2026-08-21T21:48:17Z,0.2.0,,,complete,22.3242,22.3242,100,,official,annual_trend_scale_adjusted,true
251399,Montellà i Martinet,15,Cerdanya,2025,598,620,578,20,-3.548387,0.682657,43.4837,59.0595,48.1564,100,municipality,idescat_pmh_446_477,,2026-08-21T21:48:17Z,0.2.0,,,complete,48.1564,48.1564,100,,official,annual_trend_scale_adjusted,true
251403,Montferrer i Castellbò,04,Alt Urgell,2025,1161,1164,1034,127,-0.257732,2.343988,82.7322,76.7326,80.9323,100,municipality,idescat_pmh_446_477,,2026-08-21T21:48:17Z,0.2.0,,,complete,80.9323,80.9323,100,,official,annual_trend_scale_adjusted,true
251410,Montoliu de Segarra,32,Segarra,2025,180,180,187,-7,0,-0.760132,9.3982,8.9592,9.2665,100,municipality,idescat_pmh_446_477,,2026-08-21T21:48:17Z,0.2.0,,,complete,9.2665,9.2665,100,,official,annual_trend_scale_adjusted,true
251425,Montoliu de Lleida,33,Segrià,2025,488,475,483,5,2.736842,0.206187,32.2272,46.8104,36.6022,100,municipality,idescat_pmh_446_477,,2026-08-21T21:48:17Z,0.2.0,,,complete,36.6022,36.6022,100,,official,annual_trend_scale_adjusted,true
251431,Montornès de Segarra,32,Segarra,2025,87,88,96,-9,-1.136364,-1.949547,0,6.7773,2.0332,100,municipality,idescat_pmh_446_477,,2026-08-21T21:48:17Z,0.2.0,,,complete,2.0332,2.0332,100,,official,annual_trend_scale_adjusted,true
251459,Nalec,38,Urgell,2025,91,89,90,1,2.247191,0.221241,32.5829,36.0686,33.6286,100,municipality,idescat_pmh_446_477,,2026-08-21T21:48:17Z,0.2.0,,,complete,33.6286,33.6286,100,,official,annual_trend_scale_adjusted,true
251462,Navès,35,Solsonès,2025,292,300,284,8,-2.666667,0.557138,40.5183,50.7749,43.5953,100,municipality,idescat_pmh_446_477,,2026-08-21T21:48:17Z,0.2.0,,,complete,43.5953,43.5953,100,,official,annual_trend_scale_adjusted,true
251484,Odèn,35,Solsonès,2025,231,230,258,-27,0.434783,-2.186578,0,0,0,100,municipality,idescat_pmh_446_477,,2026-08-21T21:48:17Z,0.2.0,,,complete,0,0,100,,official,annual_trend_scale_adjusted,true
251497,Oliana,04,Alt Urgell,2025,1874,1839,1843,31,1.903208,0.334167,35.2507,63.178,43.6289,100,municipality,idescat_pmh_446_477,,2026-08-21T21:48:17Z,0.2.0,,,complete,43.6289,43.6289,100,,official,annual_trend_scale_adjusted,true
251500,Oliola,23,Noguera,2025,192,196,203,-11,-2.040816,-1.108028,1.1793,4.9947,2.3239,100,municipality,idescat_pmh_446_477,,2026-08-21T21:48:17Z,0.2.0,,,complete,2.3239,2.3239,100,,official,annual_trend_scale_adjusted,true
251517,Olius,35,Solsonès,2025,990,1003,981,9,-1.296112,0.182817,31.6751,51.8051,37.7141,100,municipality,idescat_pmh_446_477,,2026-08-21T21:48:17Z,0.2.0,,,complete,37.7141,37.7141,100,,official,annual_trend_scale_adjusted,true
251522,les Oluges,32,Segarra,2025,167,167,171,-4,0,-0.472276,16.1987,13.5547,15.4055,100,municipality,idescat_pmh_446_477,,2026-08-21T21:48:17Z,0.2.0,,,complete,15.4055,15.4055,100,,official,annual_trend_scale_adjusted,true
251538,els Omellons,18,Garrigues,2025,187,190,206,-19,-1.578947,-1.916743,0,0,0,100,municipality,idescat_pmh_446_477,,2026-08-21T21:48:17Z,0.2.0,,,complete,0,0,100,,official,annual_trend_scale_adjusted,true
251543,els Omells de na Gaia,38,Urgell,2025,126,121,130,-4,4.132231,-0.623101,12.6355,13.5547,12.9113,100,municipality,idescat_pmh_446_477,,2026-08-21T21:48:17Z,0.2.0,,,complete,12.9113,12.9113,100,,official,annual_trend_scale_adjusted,true
251556,Organyà,04,Alt Urgell,2025,853,811,771,82,5.178792,2.041993,75.5976,72.4971,74.6675,100,municipality,idescat_pmh_446_477,,2026-08-21T21:48:17Z,0.2.0,,,complete,74.6675,74.6675,100,,official,annual_trend_scale_adjusted,true
251569,Os de Balaguer,23,Noguera,2025,1088,1075,980,108,1.209302,2.112889,77.2725,75.1616,76.6392,100,municipality,idescat_pmh_446_477,,2026-08-21T21:48:17Z,0.2.0,,,complete,76.6392,76.6392,100,,official,annual_trend_scale_adjusted,true
251575,Ossó de Sió,38,Urgell,2025,198,195,203,-5,1.538462,-0.497537,15.6019,11.772,14.4529,100,municipality,idescat_pmh_446_477,,2026-08-21T21:48:17Z,0.2.0,,,complete,14.4529,14.4529,100,,official,annual_trend_scale_adjusted,true
251581,el Palau d'Anglesola,27,Pla d'Urgell,2025,2232,2205,2166,66,1.22449,0.602123,41.5811,70.4032,50.2277,100,municipality,idescat_pmh_446_477,,2026-08-21T21:48:17Z,0.2.0,,,complete,50.2277,50.2277,100,,official,annual_trend_scale_adjusted,true
251615,Conca de Dalt,25,Pallars Jussà,2025,438,434,410,28,0.921659,1.330002,58.777,62.2154,59.8085,100,municipality,idescat_pmh_446_477,,2026-08-21T21:48:17Z,0.2.0,,,complete,59.8085,59.8085,100,,official,annual_trend_scale_adjusted,true
251636,la Coma i la Pedra,35,Solsonès,2025,277,282,255,22,-1.77305,1.668852,66.7823,59.949,64.7323,100,municipality,idescat_pmh_446_477,,2026-08-21T21:48:17Z,0.2.0,,,complete,64.7323,64.7323,100,,official,annual_trend_scale_adjusted,true
251641,Penelles,23,Noguera,2025,431,435,436,-5,-0.91954,-0.230417,21.9126,11.772,18.8704,100,municipality,idescat_pmh_446_477,,2026-08-21T21:48:17Z,0.2.0,,,complete,18.8704,18.8704,100,,official,annual_trend_scale_adjusted,true
251654,Peramola,04,Alt Urgell,2025,339,357,347,-8,-5.042017,-0.465407,16.361,7.8075,13.795,100,municipality,idescat_pmh_446_477,,2026-08-21T21:48:17Z,0.2.0,,,complete,13.795,13.795,100,,official,annual_trend_scale_adjusted,true
251667,Pinell de Solsonès,35,Solsonès,2025,198,203,193,5,-2.463054,0.512847,39.472,46.8104,41.6735,100,municipality,idescat_pmh_446_477,,2026-08-21T21:48:17Z,0.2.0,,,complete,41.6735,41.6735,100,,official,annual_trend_scale_adjusted,true
251673,Pinós,35,Solsonès,2025,274,277,286,-12,-1.083032,-0.85361,7.1898,4.212,6.2965,100,municipality,idescat_pmh_446_477,,2026-08-21T21:48:17Z,0.2.0,,,complete,6.2965,6.2965,100,,official,annual_trend_scale_adjusted,true
251689,el Poal,27,Pla d'Urgell,2025,649,653,670,-21,-0.612557,-0.634876,12.3573,0,8.6501,100,municipality,idescat_pmh_446_477,,2026-08-21T21:48:17Z,0.2.0,,,complete,8.6501,8.6501,100,,official,annual_trend_scale_adjusted,true
251692,la Pobla de Cérvoles,18,Garrigues,2025,208,205,189,19,1.463415,1.934291,73.0532,58.5824,68.712,100,municipality,idescat_pmh_446_477,,2026-08-21T21:48:17Z,0.2.0,,,complete,68.712,68.712,100,,official,annual_trend_scale_adjusted,true
251706,Bellaguarda,18,Garrigues,2025,278,288,287,-9,-3.472222,-0.635196,12.3498,6.7773,10.678,100,municipality,idescat_pmh_446_477,,2026-08-21T21:48:17Z,0.2.0,,,complete,10.678,10.678,100,,official,annual_trend_scale_adjusted,true
251713,la Pobla de Segur,25,Pallars Jussà,2025,3143,3015,3043,100,4.245439,0.648773,42.6832,74.4162,52.2031,100,municipality,idescat_pmh_446_477,,2026-08-21T21:48:17Z,0.2.0,,,complete,52.2031,52.2031,100,,official,annual_trend_scale_adjusted,true
251728,Ponts,23,Noguera,2025,2653,2703,2644,9,-1.849797,0.067986,28.9623,51.8051,35.8151,100,municipality,idescat_pmh_446_477,,2026-08-21T21:48:17Z,0.2.0,,,complete,35.8151,35.8151,100,,official,annual_trend_scale_adjusted,true
251734,el Pont de Suert,05,Alta Ribagorça,2025,2381,2380,2257,124,0.042017,1.075423,52.7627,76.5008,59.8841,100,municipality,idescat_pmh_446_477,,2026-08-21T21:48:17Z,0.2.0,,,complete,59.8841,59.8841,100,,official,annual_trend_scale_adjusted,true
251749,la Portella,33,Segrià,2025,731,735,743,-12,-0.544218,-0.325122,19.6752,4.212,15.0362,100,municipality,idescat_pmh_446_477,,2026-08-21T21:48:17Z,0.2.0,,,complete,15.0362,15.0362,100,,official,annual_trend_scale_adjusted,true
251752,Prats i Sansor,15,Cerdanya,2025,252,249,222,30,1.204819,2.567439,88.0112,62.8675,80.4681,100,municipality,idescat_pmh_446_477,,2026-08-21T21:48:17Z,0.2.0,,,complete,80.4681,80.4681,100,,official,annual_trend_scale_adjusted,true
251765,Preixana,38,Urgell,2025,401,406,387,14,-1.231527,0.713266,44.2068,55.7696,47.6756,100,municipality,idescat_pmh_446_477,,2026-08-21T21:48:17Z,0.2.0,,,complete,47.6756,47.6756,100,,official,annual_trend_scale_adjusted,true
251771,Preixens,23,Noguera,2025,399,392,418,-19,1.785714,-0.926085,5.4776,0,3.8343,100,municipality,idescat_pmh_446_477,,2026-08-21T21:48:17Z,0.2.0,,,complete,3.8343,3.8343,100,,official,annual_trend_scale_adjusted,true
251790,Prullans,15,Cerdanya,2025,270,252,226,44,7.142857,3.621784,100,66.5114,89.9534,100,municipality,idescat_pmh_446_477,,2026-08-21T21:48:17Z,0.2.0,,,complete,89.9534,89.9534,100,,official,annual_trend_scale_adjusted,true
251804,Puiggròs,18,Garrigues,2025,269,258,278,-9,4.263566,-0.656033,11.8575,6.7773,10.3334,100,municipality,idescat_pmh_446_477,,2026-08-21T21:48:17Z,0.2.0,,,complete,10.3334,10.3334,100,,official,annual_trend_scale_adjusted,true
251811,Puigverd d'Agramunt,38,Urgell,2025,231,240,229,2,-3.75,0.174065,31.4684,40.0331,34.0378,100,municipality,idescat_pmh_446_477,,2026-08-21T21:48:17Z,0.2.0,,,complete,34.0378,34.0378,100,,official,annual_trend_scale_adjusted,true
251826,Puigverd de Lleida,33,Segrià,2025,1409,1418,1349,60,-0.634697,0.874132,48.0072,69.4859,54.4508,100,municipality,idescat_pmh_446_477,,2026-08-21T21:48:17Z,0.2.0,,,complete,54.4508,54.4508,100,,official,annual_trend_scale_adjusted,true
251832,Rialp,26,Pallars Sobirà,2025,654,664,641,13,-1.506024,0.402365,36.8619,55.095,42.3318,100,municipality,idescat_pmh_446_477,,2026-08-21T21:48:17Z,0.2.0,,,complete,42.3318,42.3318,100,,official,annual_trend_scale_adjusted,true
251850,Ribera d'Urgellet,04,Alt Urgell,2025,989,965,932,57,2.487047,1.194306,55.5713,68.9928,59.5977,100,municipality,idescat_pmh_446_477,,2026-08-21T21:48:17Z,0.2.0,,,complete,59.5977,59.5977,100,,official,annual_trend_scale_adjusted,true
251863,Riner,35,Solsonès,2025,269,262,263,6,2.671756,0.452166,38.0384,48.3176,41.1222,100,municipality,idescat_pmh_446_477,,2026-08-21T21:48:17Z,0.2.0,,,complete,41.1222,41.1222,100,,official,annual_trend_scale_adjusted,true
251898,Rosselló,33,Segrià,2025,3416,3353,3237,179,1.878914,1.082281,52.9247,80.0661,61.0671,100,municipality,idescat_pmh_446_477,,2026-08-21T21:48:17Z,0.2.0,,,complete,61.0671,61.0671,100,,official,annual_trend_scale_adjusted,true
251902,Salàs de Pallars,25,Pallars Jussà,2025,365,349,327,38,4.584527,2.223094,79.8761,65.1122,75.4469,100,municipality,idescat_pmh_446_477,,2026-08-21T21:48:17Z,0.2.0,,,complete,75.4469,75.4469,100,,official,annual_trend_scale_adjusted,true
251919,Sanaüja,32,Segarra,2025,385,379,379,6,1.583113,0.314637,34.7893,48.3176,38.8478,100,municipality,idescat_pmh_446_477,,2026-08-21T21:48:17Z,0.2.0,,,complete,38.8478,38.8478,100,,official,annual_trend_scale_adjusted,true
251924,Sant Guim de Freixenet,32,Segarra,2025,1235,1222,1037,198,1.06383,3.556566,100,81.0473,94.3142,100,municipality,idescat_pmh_446_477,,2026-08-21T21:48:17Z,0.2.0,,,complete,94.3142,94.3142,100,,official,annual_trend_scale_adjusted,true
251930,Sant Llorenç de Morunys,35,Solsonès,2025,983,1003,960,23,-1.994018,0.47464,38.5693,60.3651,45.108,100,municipality,idescat_pmh_446_477,,2026-08-21T21:48:17Z,0.2.0,,,complete,45.108,45.108,100,,official,annual_trend_scale_adjusted,true
251945,Sant Ramon,32,Segarra,2025,483,495,487,-4,-2.424242,-0.164813,23.4624,13.5547,20.4901,100,municipality,idescat_pmh_446_477,,2026-08-21T21:48:17Z,0.2.0,,,complete,20.4901,20.4901,100,,official,annual_trend_scale_adjusted,true
251961,Sant Esteve de la Sarga,25,Pallars Jussà,2025,121,127,122,-1,-4.724409,-0.164475,23.4704,22.5139,23.1834,100,municipality,idescat_pmh_446_477,,2026-08-21T21:48:17Z,0.2.0,,,complete,23.1834,23.1834,100,,official,annual_trend_scale_adjusted,true
251977,Sant Guim de la Plana,32,Segarra,2025,190,193,181,9,-1.554404,0.975266,50.3965,51.8051,50.8191,100,municipality,idescat_pmh_446_477,,2026-08-21T21:48:17Z,0.2.0,,,complete,50.8191,50.8191,100,,official,annual_trend_scale_adjusted,true
252000,Sarroca de Lleida,33,Segrià,2025,383,381,358,25,0.524934,1.359194,59.4667,61.1477,59.971,100,municipality,idescat_pmh_446_477,,2026-08-21T21:48:17Z,0.2.0,,,complete,59.971,59.971,100,,official,annual_trend_scale_adjusted,true
252017,Sarroca de Bellera,25,Pallars Jussà,2025,111,115,116,-5,-3.478261,-0.877329,6.6295,11.772,8.1723,100,municipality,idescat_pmh_446_477,,2026-08-21T21:48:17Z,0.2.0,,,complete,8.1723,8.1723,100,,official,annual_trend_scale_adjusted,true
252022,Senterada,25,Pallars Jussà,2025,160,158,139,21,1.265823,2.853965,94.7803,59.5143,84.2005,100,municipality,idescat_pmh_446_477,,2026-08-21T21:48:17Z,0.2.0,,,complete,84.2005,84.2005,100,,official,annual_trend_scale_adjusted,true
252038,la Seu d'Urgell,04,Alt Urgell,2025,13009,12831,12206,803,1.387265,1.282429,57.6532,94.6997,68.7672,100,municipality,idescat_pmh_446_477,,2026-08-21T21:48:17Z,0.2.0,,,complete,68.7672,68.7672,100,,official,annual_trend_scale_adjusted,true
252043,Seròs,33,Segrià,2025,1954,1902,1946,8,2.733964,0.082085,29.2953,50.7749,35.7392,100,municipality,idescat_pmh_446_477,,2026-08-21T21:48:17Z,0.2.0,,,complete,35.7392,35.7392,100,,official,annual_trend_scale_adjusted,true
252056,Sidamon,27,Pla d'Urgell,2025,760,767,748,12,-0.912647,0.318816,34.8881,54.3704,40.7328,100,municipality,idescat_pmh_446_477,,2026-08-21T21:48:17Z,0.2.0,,,complete,40.7328,40.7328,100,,official,annual_trend_scale_adjusted,true
252069,el Soleràs,18,Garrigues,2025,308,310,332,-24,-0.645161,-1.489499,0,0,0,100,municipality,idescat_pmh_446_477,,2026-08-21T21:48:17Z,0.2.0,,,complete,0,0,100,,official,annual_trend_scale_adjusted,true
252075,Solsona,35,Solsonès,2025,9717,9480,9137,580,2.5,1.238503,56.6154,91.5235,67.0878,100,municipality,idescat_pmh_446_477,,2026-08-21T21:48:17Z,0.2.0,,,complete,67.0878,67.0878,100,,official,annual_trend_scale_adjusted,true
252081,Soriguera,26,Pallars Sobirà,2025,446,444,420,26,0.45045,1.208529,55.9073,61.5167,57.5901,100,municipality,idescat_pmh_446_477,,2026-08-21T21:48:17Z,0.2.0,,,complete,57.5901,57.5901,100,,official,annual_trend_scale_adjusted,true
252094,Sort,26,Pallars Sobirà,2025,2236,2213,2154,82,1.039313,0.750038,45.0756,72.4971,53.3021,100,municipality,idescat_pmh_446_477,,2026-08-21T21:48:17Z,0.2.0,,,complete,53.3021,53.3021,100,,official,annual_trend_scale_adjusted,true
252108,Soses,33,Segrià,2025,1892,1881,1761,131,0.584795,1.445399,61.5033,77.0335,66.1624,100,municipality,idescat_pmh_446_477,,2026-08-21T21:48:17Z,0.2.0,,,complete,66.1624,66.1624,100,,official,annual_trend_scale_adjusted,true
252115,Sudanell,33,Segrià,2025,915,897,840,75,2.006689,1.725155,68.1124,71.6356,69.1694,100,municipality,idescat_pmh_446_477,,2026-08-21T21:48:17Z,0.2.0,,,complete,69.1694,69.1694,100,,official,annual_trend_scale_adjusted,true
252120,Sunyer,33,Segrià,2025,310,313,343,-33,-0.958466,-2.002834,0,0,0,100,municipality,idescat_pmh_446_477,,2026-08-21T21:48:17Z,0.2.0,,,complete,0,0,100,,official,annual_trend_scale_adjusted,true
252154,Talarn,25,Pallars Jussà,2025,555,539,595,-40,2.96846,-1.382224,0,0,0,100,municipality,idescat_pmh_446_477,,2026-08-21T21:48:17Z,0.2.0,,,complete,0,0,100,,official,annual_trend_scale_adjusted,true
252167,Talavera,32,Segarra,2025,280,280,279,1,0,0.071582,29.0472,36.0686,31.1536,100,municipality,idescat_pmh_446_477,,2026-08-21T21:48:17Z,0.2.0,,,complete,31.1536,31.1536,100,,official,annual_trend_scale_adjusted,true
252173,Tàrrega,38,Urgell,2025,19057,18542,17445,1612,2.777478,1.783343,69.4871,100,78.641,100,municipality,idescat_pmh_446_477,,2026-08-21T21:48:17Z,0.2.0,,,complete,78.641,78.641,100,,official,annual_trend_scale_adjusted,true
252189,Tarrés,18,Garrigues,2025,126,125,102,24,0.8,4.316756,100,60.7642,88.2293,100,municipality,idescat_pmh_446_477,,2026-08-21T21:48:17Z,0.2.0,,,complete,88.2293,88.2293,100,,official,annual_trend_scale_adjusted,true
252192,Tarroja de Segarra,32,Segarra,2025,164,170,188,-24,-3.529412,-2.694542,0,0,0,100,municipality,idescat_pmh_446_477,,2026-08-21T21:48:17Z,0.2.0,,,complete,0,0,100,,official,annual_trend_scale_adjusted,true
252206,Térmens,23,Noguera,2025,1350,1347,1360,-10,0.222717,-0.147493,23.8716,5.8454,18.4637,100,municipality,idescat_pmh_446_477,,2026-08-21T21:48:17Z,0.2.0,,,complete,18.4637,18.4637,100,,official,annual_trend_scale_adjusted,true
252213,Tírvia,26,Pallars Sobirà,2025,141,144,134,7,-2.083333,1.023605,51.5385,49.6233,50.9639,100,municipality,idescat_pmh_446_477,,2026-08-21T21:48:17Z,0.2.0,,,complete,50.9639,50.9639,100,,official,annual_trend_scale_adjusted,true
252228,Tiurana,23,Noguera,2025,69,66,77,-8,4.545455,-2.170086,0,7.8075,2.3422,100,municipality,idescat_pmh_446_477,,2026-08-21T21:48:17Z,0.2.0,,,complete,2.3422,2.3422,100,,official,annual_trend_scale_adjusted,true
252234,Torà,35,Solsonès,2025,1190,1207,1237,-47,-1.408451,-0.771723,9.1244,0,6.3871,100,municipality,idescat_pmh_446_477,,2026-08-21T21:48:17Z,0.2.0,,,complete,6.3871,6.3871,100,,official,annual_trend_scale_adjusted,true
252249,els Torms,18,Garrigues,2025,135,137,138,-3,-1.459854,-0.438613,16.994,15.7365,16.6167,100,municipality,idescat_pmh_446_477,,2026-08-21T21:48:17Z,0.2.0,,,complete,16.6167,16.6167,100,,official,annual_trend_scale_adjusted,true
252252,Tornabous,38,Urgell,2025,832,851,822,10,-2.232667,0.242134,33.0765,52.737,38.9746,100,municipality,idescat_pmh_446_477,,2026-08-21T21:48:17Z,0.2.0,,,complete,38.9746,38.9746,100,,official,annual_trend_scale_adjusted,true
252265,Torrebesses,33,Segrià,2025,278,273,267,11,1.831502,0.810718,46.5091,53.5878,48.6327,100,municipality,idescat_pmh_446_477,,2026-08-21T21:48:17Z,0.2.0,,,complete,48.6327,48.6327,100,,official,annual_trend_scale_adjusted,true
252271,la Torre de Cabdella,25,Pallars Jussà,2025,758,785,759,-1,-3.43949,-0.026364,26.7333,22.5139,25.4675,100,municipality,idescat_pmh_446_477,,2026-08-21T21:48:17Z,0.2.0,,,complete,25.4675,25.4675,100,,official,annual_trend_scale_adjusted,true
252287,Torrefarrera,33,Segrià,2025,4900,4861,4694,206,0.802304,0.862702,47.7372,81.4327,57.8458,100,municipality,idescat_pmh_446_477,,2026-08-21T21:48:17Z,0.2.0,,,complete,57.8458,57.8458,100,,official,annual_trend_scale_adjusted,true
252304,Torregrossa,27,Pla d'Urgell,2025,2248,2194,2179,69,2.461258,0.625445,42.1321,70.8315,50.7419,100,municipality,idescat_pmh_446_477,,2026-08-21T21:48:17Z,0.2.0,,,complete,50.7419,50.7419,100,,official,annual_trend_scale_adjusted,true
252311,Torrelameu,23,Noguera,2025,788,766,735,53,2.872063,1.402293,60.4849,68.2941,62.8277,100,municipality,idescat_pmh_446_477,,2026-08-21T21:48:17Z,0.2.0,,,complete,62.8277,62.8277,100,,official,annual_trend_scale_adjusted,true
252326,Torres de Segre,33,Segrià,2025,2317,2318,2366,-49,-0.043141,-0.417676,17.4886,0,12.242,100,municipality,idescat_pmh_446_477,,2026-08-21T21:48:17Z,0.2.0,,,complete,12.242,12.242,100,,official,annual_trend_scale_adjusted,true
252332,Torre-serona,33,Segrià,2025,405,435,398,7,-6.896552,0.34931,35.6085,49.6233,39.8129,100,municipality,idescat_pmh_446_477,,2026-08-21T21:48:17Z,0.2.0,,,complete,39.8129,39.8129,100,,official,annual_trend_scale_adjusted,true
252347,Tremp,25,Pallars Jussà,2025,6123,6015,5911,212,1.795511,0.707232,44.0643,81.712,55.3586,100,municipality,idescat_pmh_446_477,,2026-08-21T21:48:17Z,0.2.0,,,complete,55.3586,55.3586,100,,official,annual_trend_scale_adjusted,true
252385,Vallbona de les Monges,38,Urgell,2025,223,223,243,-20,0,-1.703123,0,0,0,100,municipality,idescat_pmh_446_477,,2026-08-21T21:48:17Z,0.2.0,,,complete,0,0,100,,official,annual_trend_scale_adjusted,true
252398,les Valls de Valira,04,Alt Urgell,2025,845,810,784,61,4.320988,1.509837,63.0256,69.6449,65.0114,100,municipality,idescat_pmh_446_477,,2026-08-21T21:48:17Z,0.2.0,,,complete,65.0114,65.0114,100,,official,annual_trend_scale_adjusted,true
252402,Vallfogona de Balaguer,23,Noguera,2025,2009,2000,1906,103,0.45,1.058165,52.355,74.7024,59.0592,100,municipality,idescat_pmh_446_477,,2026-08-21T21:48:17Z,0.2.0,,,complete,59.0592,59.0592,100,,official,annual_trend_scale_adjusted,true
252424,Verdú,38,Urgell,2025,876,886,902,-26,-1.128668,-0.583261,13.5767,0,9.5037,100,municipality,idescat_pmh_446_477,,2026-08-21T21:48:17Z,0.2.0,,,complete,9.5037,9.5037,100,,official,annual_trend_scale_adjusted,true
252430,Vielha e Mijaran,39,Val d'Aran,2025,5865,5832,5611,254,0.565844,0.889402,48.368,83.4717,58.8991,100,municipality,idescat_pmh_446_477,,2026-08-21T21:48:17Z,0.2.0,,,complete,58.8991,58.8991,100,,official,annual_trend_scale_adjusted,true
252445,Vilagrassa,38,Urgell,2025,627,633,560,67,-0.947867,2.285931,81.3606,70.5481,78.1168,100,municipality,idescat_pmh_446_477,,2026-08-21T21:48:17Z,0.2.0,,,complete,78.1168,78.1168,100,,official,annual_trend_scale_adjusted,true
252458,Vilaller,05,Alta Ribagorça,2025,496,506,549,-53,-1.976285,-2.009975,0,0,0,100,municipality,idescat_pmh_446_477,,2026-08-21T21:48:17Z,0.2.0,,,complete,0,0,100,,official,annual_trend_scale_adjusted,true
252477,Vilamòs,39,Val d'Aran,2025,174,175,178,-4,-0.571429,-0.453533,16.6415,13.5547,15.7155,100,municipality,idescat_pmh_446_477,,2026-08-21T21:48:17Z,0.2.0,,,complete,15.7155,15.7155,100,,official,annual_trend_scale_adjusted,true
252483,Vilanova de Bellpuig,27,Pla d'Urgell,2025,1150,1168,1183,-33,-1.541096,-0.564235,14.0262,0,9.8183,100,municipality,idescat_pmh_446_477,,2026-08-21T21:48:17Z,0.2.0,,,complete,9.8183,9.8183,100,,official,annual_trend_scale_adjusted,true
252496,Vilanova de l'Aguda,23,Noguera,2025,192,193,200,-8,-0.518135,-0.813116,8.1465,7.8075,8.0448,100,municipality,idescat_pmh_446_477,,2026-08-21T21:48:17Z,0.2.0,,,complete,8.0448,8.0448,100,,official,annual_trend_scale_adjusted,true
252509,Vilanova de Meià,23,Noguera,2025,479,466,415,64,2.7897,2.909978,96.1035,70.1069,88.3045,100,municipality,idescat_pmh_446_477,,2026-08-21T21:48:17Z,0.2.0,,,complete,88.3045,88.3045,100,,official,annual_trend_scale_adjusted,true
252516,Vilanova de Segrià,33,Segrià,2025,1094,1065,985,109,2.723005,2.121273,77.4706,75.2508,76.8047,100,municipality,idescat_pmh_446_477,,2026-08-21T21:48:17Z,0.2.0,,,complete,76.8047,76.8047,100,,official,annual_trend_scale_adjusted,true
252521,Vila-sana,27,Pla d'Urgell,2025,753,753,734,19,0,0.512432,39.4622,58.5824,45.1983,100,municipality,idescat_pmh_446_477,,2026-08-21T21:48:17Z,0.2.0,,,complete,45.1983,45.1983,100,,official,annual_trend_scale_adjusted,true
252537,el Vilosell,18,Garrigues,2025,177,194,173,4,-8.762887,0.458209,38.1812,45.0277,40.2351,100,municipality,idescat_pmh_446_477,,2026-08-21T21:48:17Z,0.2.0,,,complete,40.2351,40.2351,100,,official,annual_trend_scale_adjusted,true
252542,Vilanova de la Barca,33,Segrià,2025,1163,1107,1088,75,5.058717,1.342162,59.0643,71.6356,62.8357,100,municipality,idescat_pmh_446_477,,2026-08-21T21:48:17Z,0.2.0,,,complete,62.8357,62.8357,100,,official,annual_trend_scale_adjusted,true
252555,Vinaixa,18,Garrigues,2025,437,450,450,-13,-2.888889,-0.584572,13.5457,3.4874,10.5282,100,municipality,idescat_pmh_446_477,,2026-08-21T21:48:17Z,0.2.0,,,complete,10.5282,10.5282,100,,official,annual_trend_scale_adjusted,true
259010,Vall de Cardós,26,Pallars Sobirà,2025,388,375,350,38,3.466667,2.082838,76.5626,65.1122,73.1275,100,municipality,idescat_pmh_446_477,,2026-08-21T21:48:17Z,0.2.0,,,complete,73.1275,73.1275,100,,official,annual_trend_scale_adjusted,true
259025,Sant Martí de Riucorb,38,Urgell,2025,668,673,639,29,-0.742942,0.891626,48.4205,62.5469,52.6584,100,municipality,idescat_pmh_446_477,,2026-08-21T21:48:17Z,0.2.0,,,complete,52.6584,52.6584,100,,official,annual_trend_scale_adjusted,true
259031,la Guingueta d'Àneu,26,Pallars Sobirà,2025,278,285,289,-11,-2.45614,-0.773108,9.0917,4.9947,7.8626,100,municipality,idescat_pmh_446_477,,2026-08-21T21:48:17Z,0.2.0,,,complete,7.8626,7.8626,100,,official,annual_trend_scale_adjusted,true
259046,Castell de Mur,25,Pallars Jussà,2025,159,170,173,-14,-6.470588,-1.673585,0,2.8129,0.8439,100,municipality,idescat_pmh_446_477,,2026-08-21T21:48:17Z,0.2.0,,,complete,0.8439,0.8439,100,,official,annual_trend_scale_adjusted,true
259059,Ribera d'Ondara,32,Segarra,2025,437,454,433,4,-3.744493,0.184079,31.7049,45.0277,35.7017,100,municipality,idescat_pmh_446_477,,2026-08-21T21:48:17Z,0.2.0,,,complete,35.7017,35.7017,100,,official,annual_trend_scale_adjusted,true
259062,les Valls d'Aguilar,04,Alt Urgell,2025,253,262,245,8,-3.435115,0.644695,42.5869,50.7749,45.0433,100,municipality,idescat_pmh_446_477,,2026-08-21T21:48:17Z,0.2.0,,,complete,45.0433,45.0433,100,,official,annual_trend_scale_adjusted,true
259078,Torrefeta i Florejacs,32,Segarra,2025,589,605,607,-18,-2.644628,-0.600243,13.1755,0.5015,9.3733,100,municipality,idescat_pmh_446_477,,2026-08-21T21:48:17Z,0.2.0,,,complete,9.3733,9.3733,100,,official,annual_trend_scale_adjusted,true
259084,Fígols i Alinyà,04,Alt Urgell,2025,234,243,244,-10,-3.703704,-0.83345,7.6661,5.8454,7.1199,100,municipality,idescat_pmh_446_477,,2026-08-21T21:48:17Z,0.2.0,,,complete,7.1199,7.1199,100,,official,annual_trend_scale_adjusted,true
259097,la Vansa i Fórnols,04,Alt Urgell,2025,187,188,149,38,-0.531915,4.648033,100,65.1122,89.5337,100,municipality,idescat_pmh_446_477,,2026-08-21T21:48:17Z,0.2.0,,,complete,89.5337,89.5337,100,,official,annual_trend_scale_adjusted,true
259101,Josa i Tuixén,04,Alt Urgell,2025,110,122,103,7,-9.836066,1.323712,58.6284,49.6233,55.9269,100,municipality,idescat_pmh_446_477,,2026-08-21T21:48:17Z,0.2.0,,,complete,55.9269,55.9269,100,,official,annual_trend_scale_adjusted,true
259118,els Plans de Sió,32,Segarra,2025,506,512,491,15,-1.171875,0.603666,41.6175,56.4006,46.0524,100,municipality,idescat_pmh_446_477,,2026-08-21T21:48:17Z,0.2.0,,,complete,46.0524,46.0524,100,,official,annual_trend_scale_adjusted,true
259123,Gimenells i el Pla de la Font,33,Segrià,2025,1069,1097,1120,-51,-2.552416,-0.92777,5.4378,0,3.8065,100,municipality,idescat_pmh_446_477,,2026-08-21T21:48:17Z,0.2.0,,,complete,3.8065,3.8065,100,,official,annual_trend_scale_adjusted,true
259139,Riu de Cerdanya,15,Cerdanya,2025,96,99,93,3,-3.030303,0.636994,42.4049,42.8459,42.5372,100,municipality,idescat_pmh_446_477,,2026-08-21T21:48:17Z,0.2.0,,,complete,42.5372,42.5372,100,,official,annual_trend_scale_adjusted,true
430017,Aiguamúrcia,01,Alt Camp,2025,987,957,930,57,3.134796,1.196814,55.6305,68.9928,59.6392,100,municipality,idescat_pmh_446_477,,2026-08-21T21:48:17Z,0.2.0,,,complete,59.6392,59.6392,100,,official,annual_trend_scale_adjusted,true
430022,Albinyana,12,Baix Penedès,2025,2718,2677,2468,250,1.531565,1.948504,73.389,83.3171,76.3674,100,municipality,idescat_pmh_446_477,,2026-08-21T21:48:17Z,0.2.0,,,complete,76.3674,76.3674,100,,official,annual_trend_scale_adjusted,true
430038,l'Albiol,08,Baix Camp,2025,557,537,500,57,3.724395,2.182621,78.9199,68.9928,75.9418,100,municipality,idescat_pmh_446_477,,2026-08-21T21:48:17Z,0.2.0,,,complete,75.9418,75.9418,100,,official,annual_trend_scale_adjusted,true
430043,Alcanar,22,Montsià,2025,10104,9943,9434,670,1.61923,1.381682,59.998,92.9317,69.8781,100,municipality,idescat_pmh_446_477,,2026-08-21T21:48:17Z,0.2.0,,,complete,69.8781,69.8781,100,,official,annual_trend_scale_adjusted,true
430056,Alcover,01,Alt Camp,2025,5362,5348,5144,218,0.26178,0.833576,47.0491,81.9836,57.5294,100,municipality,idescat_pmh_446_477,,2026-08-21T21:48:17Z,0.2.0,,,complete,57.5294,57.5294,100,,official,annual_trend_scale_adjusted,true
430069,Aldover,09,Baix Ebre,2025,901,880,905,-4,2.386364,-0.088554,25.264,13.5547,21.7512,100,municipality,idescat_pmh_446_477,,2026-08-21T21:48:17Z,0.2.0,,,complete,21.7512,21.7512,100,,official,annual_trend_scale_adjusted,true
430075,l'Aleixar,08,Baix Camp,2025,1009,962,893,116,4.885655,2.472644,85.7717,75.8541,82.7964,100,municipality,idescat_pmh_446_477,,2026-08-21T21:48:17Z,0.2.0,,,complete,82.7964,82.7964,100,,official,annual_trend_scale_adjusted,true
430081,Alfara de Carles,09,Baix Ebre,2025,355,361,376,-21,-1.66205,-1.142846,0.3567,0,0.2497,100,municipality,idescat_pmh_446_477,,2026-08-21T21:48:17Z,0.2.0,,,complete,0.2497,0.2497,100,,official,annual_trend_scale_adjusted,true
430094,Alforja,08,Baix Camp,2025,2024,2019,1783,241,0.247647,2.567987,88.0241,82.9601,86.5049,100,municipality,idescat_pmh_446_477,,2026-08-21T21:48:17Z,0.2.0,,,complete,86.5049,86.5049,100,,official,annual_trend_scale_adjusted,true
430108,Alió,01,Alt Camp,2025,496,504,458,38,-1.587302,1.606909,65.3189,65.1122,65.2569,100,municipality,idescat_pmh_446_477,,2026-08-21T21:48:17Z,0.2.0,,,complete,65.2569,65.2569,100,,official,annual_trend_scale_adjusted,true
430115,Almoster,08,Baix Camp,2025,1384,1338,1341,43,3.437967,0.633242,42.3163,66.2917,49.5089,100,municipality,idescat_pmh_446_477,,2026-08-21T21:48:17Z,0.2.0,,,complete,49.5089,49.5089,100,,official,annual_trend_scale_adjusted,true
430120,Altafulla,36,Tarragonès,2025,5870,5838,5307,563,0.548133,2.037029,75.4804,91.2331,80.2062,100,municipality,idescat_pmh_446_477,,2026-08-21T21:48:17Z,0.2.0,,,complete,80.2062,80.2062,100,,official,annual_trend_scale_adjusted,true
430136,l'Ametlla de Mar,09,Baix Ebre,2025,7446,7373,6866,580,0.990099,1.63513,65.9856,91.5235,73.647,100,municipality,idescat_pmh_446_477,,2026-08-21T21:48:17Z,0.2.0,,,complete,73.647,73.647,100,,official,annual_trend_scale_adjusted,true
430141,Amposta,22,Montsià,2025,23080,22637,21115,1965,1.956973,1.795585,69.7763,100,78.8434,100,municipality,idescat_pmh_446_477,,2026-08-21T21:48:17Z,0.2.0,,,complete,78.8434,78.8434,100,,official,annual_trend_scale_adjusted,true
430154,Arbolí,08,Baix Camp,2025,138,129,127,11,6.976744,1.675209,66.9325,53.5878,62.9291,100,municipality,idescat_pmh_446_477,,2026-08-21T21:48:17Z,0.2.0,,,complete,62.9291,62.9291,100,,official,annual_trend_scale_adjusted,true
430167,l'Arboç,12,Baix Penedès,2025,5721,5758,5609,112,-0.642584,0.396206,36.7164,75.5139,48.3556,100,municipality,idescat_pmh_446_477,,2026-08-21T21:48:17Z,0.2.0,,,complete,48.3556,48.3556,100,,official,annual_trend_scale_adjusted,true
430173,l'Argentera,08,Baix Camp,2025,139,129,117,22,7.751938,3.506062,100,59.949,87.9847,100,municipality,idescat_pmh_446_477,,2026-08-21T21:48:17Z,0.2.0,,,complete,87.9847,87.9847,100,,official,annual_trend_scale_adjusted,true
430189,Arnes,37,Terra Alta,2025,461,463,444,17,-0.431965,0.7543,45.1762,57.5522,48.889,100,municipality,idescat_pmh_446_477,,2026-08-21T21:48:17Z,0.2.0,,,complete,48.889,48.889,100,,official,annual_trend_scale_adjusted,true
430192,Ascó,30,Ribera d'Ebre,2025,1589,1608,1644,-55,-1.181592,-0.678238,11.3329,0,7.933,100,municipality,idescat_pmh_446_477,,2026-08-21T21:48:17Z,0.2.0,,,complete,7.933,7.933,100,,official,annual_trend_scale_adjusted,true
430206,Banyeres del Penedès,12,Baix Penedès,2025,3395,3347,3207,188,1.43412,1.145872,54.427,80.5432,62.2619,100,municipality,idescat_pmh_446_477,,2026-08-21T21:48:17Z,0.2.0,,,complete,62.2619,62.2619,100,,official,annual_trend_scale_adjusted,true
430213,Barberà de la Conca,16,Conca de Barberà,2025,476,471,471,5,1.061571,0.211418,32.3508,46.8104,36.6887,100,municipality,idescat_pmh_446_477,,2026-08-21T21:48:17Z,0.2.0,,,complete,36.6887,36.6887,100,,official,annual_trend_scale_adjusted,true
430228,Batea,37,Terra Alta,2025,1875,1877,1901,-26,-0.106553,-0.275049,20.8581,0,14.6007,100,municipality,idescat_pmh_446_477,,2026-08-21T21:48:17Z,0.2.0,,,complete,14.6007,14.6007,100,,official,annual_trend_scale_adjusted,true
430234,Bellmunt del Priorat,29,Priorat,2025,290,298,273,17,-2.684564,1.215511,56.0722,57.5522,56.5162,100,municipality,idescat_pmh_446_477,,2026-08-21T21:48:17Z,0.2.0,,,complete,56.5162,56.5162,100,,official,annual_trend_scale_adjusted,true
430249,Bellvei,12,Baix Penedès,2025,2460,2417,2237,223,1.779065,1.918688,72.6846,82.2044,75.5405,100,municipality,idescat_pmh_446_477,,2026-08-21T21:48:17Z,0.2.0,,,complete,75.5405,75.5405,100,,official,annual_trend_scale_adjusted,true
430252,Benifallet,09,Baix Ebre,2025,706,718,723,-17,-1.671309,-0.474749,16.1403,1.0302,11.6073,100,municipality,idescat_pmh_446_477,,2026-08-21T21:48:17Z,0.2.0,,,complete,11.6073,11.6073,100,,official,annual_trend_scale_adjusted,true
430265,Benissanet,30,Ribera d'Ebre,2025,1186,1186,1140,46,0,0.794299,46.1212,66.9366,52.3658,100,municipality,idescat_pmh_446_477,,2026-08-21T21:48:17Z,0.2.0,,,complete,52.3658,52.3658,100,,official,annual_trend_scale_adjusted,true
430271,la Bisbal de Montsant,29,Priorat,2025,214,208,211,3,2.884615,0.282757,34.0362,42.8459,36.6791,100,municipality,idescat_pmh_446_477,,2026-08-21T21:48:17Z,0.2.0,,,complete,36.6791,36.6791,100,,official,annual_trend_scale_adjusted,true
430287,la Bisbal del Penedès,12,Baix Penedès,2025,4278,4168,3631,647,2.639155,3.33392,100,92.5906,97.7772,100,municipality,idescat_pmh_446_477,,2026-08-21T21:48:17Z,0.2.0,,,complete,97.7772,97.7772,100,,official,annual_trend_scale_adjusted,true
430290,Blancafort,16,Conca de Barberà,2025,392,393,382,10,-0.254453,0.518162,39.5976,52.737,43.5394,100,municipality,idescat_pmh_446_477,,2026-08-21T21:48:17Z,0.2.0,,,complete,43.5394,43.5394,100,,official,annual_trend_scale_adjusted,true
430304,Bonastre,12,Baix Penedès,2025,777,760,685,92,2.236842,2.552462,87.6573,73.6094,83.4429,100,municipality,idescat_pmh_446_477,,2026-08-21T21:48:17Z,0.2.0,,,complete,83.4429,83.4429,100,,official,annual_trend_scale_adjusted,true
430311,les Borges del Camp,08,Baix Camp,2025,2319,2260,2056,263,2.610619,2.436688,84.9222,83.8109,84.5888,100,municipality,idescat_pmh_446_477,,2026-08-21T21:48:17Z,0.2.0,,,complete,84.5888,84.5888,100,,official,annual_trend_scale_adjusted,true
430326,Bot,37,Terra Alta,2025,548,554,554,-6,-1.083032,-0.217551,22.2165,10.2648,18.631,100,municipality,idescat_pmh_446_477,,2026-08-21T21:48:17Z,0.2.0,,,complete,18.631,18.631,100,,official,annual_trend_scale_adjusted,true
430332,Botarell,08,Baix Camp,2025,1161,1174,1077,84,-1.107325,1.513383,63.1094,72.7299,65.9956,100,municipality,idescat_pmh_446_477,,2026-08-21T21:48:17Z,0.2.0,,,complete,65.9956,65.9956,100,,official,annual_trend_scale_adjusted,true
430347,Bràfim,01,Alt Camp,2025,697,696,695,2,0.143678,0.057488,28.7142,40.0331,32.1099,100,municipality,idescat_pmh_446_477,,2026-08-21T21:48:17Z,0.2.0,,,complete,32.1099,32.1099,100,,official,annual_trend_scale_adjusted,true
430350,Cabacés,29,Priorat,2025,296,302,302,-6,-1.986755,-0.400547,17.8933,10.2648,15.6047,100,municipality,idescat_pmh_446_477,,2026-08-21T21:48:17Z,0.2.0,,,complete,15.6047,15.6047,100,,official,annual_trend_scale_adjusted,true
430363,Cabra del Camp,01,Alt Camp,2025,1388,1321,1175,213,5.071915,3.388044,100,81.7578,94.5273,100,municipality,idescat_pmh_446_477,,2026-08-21T21:48:17Z,0.2.0,,,complete,94.5273,94.5273,100,,official,annual_trend_scale_adjusted,true
430379,Calafell,12,Baix Penedès,2025,32624,31828,27601,5023,2.500943,3.400462,100,100,100,100,municipality,idescat_pmh_446_477,,2026-08-21T21:48:17Z,0.2.0,,,complete,100,100,100,,official,annual_trend_scale_adjusted,true
430385,Cambrils,08,Baix Camp,2025,37042,36849,34734,2308,0.523759,1.294981,57.9497,100,70.5648,100,municipality,idescat_pmh_446_477,,2026-08-21T21:48:17Z,0.2.0,,,complete,70.5648,70.5648,100,,official,annual_trend_scale_adjusted,true
430398,Capafonts,08,Baix Camp,2025,101,106,111,-10,-4.716981,-1.870479,0,5.8454,1.7536,100,municipality,idescat_pmh_446_477,,2026-08-21T21:48:17Z,0.2.0,,,complete,1.7536,1.7536,100,,official,annual_trend_scale_adjusted,true
430402,Capçanes,29,Priorat,2025,444,428,392,52,3.738318,2.522546,86.9506,68.1113,81.2988,100,municipality,idescat_pmh_446_477,,2026-08-21T21:48:17Z,0.2.0,,,complete,81.2988,81.2988,100,,official,annual_trend_scale_adjusted,true
430419,Caseres,37,Terra Alta,2025,250,240,237,13,4.166667,1.073739,52.7229,55.095,53.4345,100,municipality,idescat_pmh_446_477,,2026-08-21T21:48:17Z,0.2.0,,,complete,53.4345,53.4345,100,,official,annual_trend_scale_adjusted,true
430424,Castellvell del Camp,08,Baix Camp,2025,3002,2995,2828,174,0.233723,1.201338,55.7374,79.7907,62.9534,100,municipality,idescat_pmh_446_477,,2026-08-21T21:48:17Z,0.2.0,,,complete,62.9534,62.9534,100,,official,annual_trend_scale_adjusted,true
430430,el Catllar,36,Tarragonès,2025,5375,5218,4557,818,3.008816,3.356998,100,94.8805,98.4642,100,municipality,idescat_pmh_446_477,,2026-08-21T21:48:17Z,0.2.0,,,complete,98.4642,98.4642,100,,official,annual_trend_scale_adjusted,true
430445,la Sénia,22,Montsià,2025,5516,5594,5640,-124,-1.394351,-0.443635,16.8754,0,11.8128,100,municipality,idescat_pmh_446_477,,2026-08-21T21:48:17Z,0.2.0,,,complete,11.8128,11.8128,100,,official,annual_trend_scale_adjusted,true
430458,Colldejou,08,Baix Camp,2025,155,160,168,-13,-3.125,-1.597874,0,3.4874,1.0462,100,municipality,idescat_pmh_446_477,,2026-08-21T21:48:17Z,0.2.0,,,complete,1.0462,1.0462,100,,official,annual_trend_scale_adjusted,true
430461,Conesa,16,Conca de Barberà,2025,111,113,100,11,-1.769912,2.109135,77.1838,53.5878,70.105,100,municipality,idescat_pmh_446_477,,2026-08-21T21:48:17Z,0.2.0,,,complete,70.105,70.105,100,,official,annual_trend_scale_adjusted,true
430477,Constantí,36,Tarragonès,2025,7108,6888,6665,443,3.193961,1.295337,57.9581,88.894,67.2389,100,municipality,idescat_pmh_446_477,,2026-08-21T21:48:17Z,0.2.0,,,complete,67.2389,67.2389,100,,official,annual_trend_scale_adjusted,true
430483,Corbera d'Ebre,37,Terra Alta,2025,1023,1019,1003,20,0.392542,0.39566,36.7035,59.0595,43.4103,100,municipality,idescat_pmh_446_477,,2026-08-21T21:48:17Z,0.2.0,,,complete,43.4103,43.4103,100,,official,annual_trend_scale_adjusted,true
430496,Cornudella de Montsant,29,Priorat,2025,999,1023,944,55,-2.346041,1.13901,54.2649,68.6497,58.5803,100,municipality,idescat_pmh_446_477,,2026-08-21T21:48:17Z,0.2.0,,,complete,58.5803,58.5803,100,,official,annual_trend_scale_adjusted,true
430509,Creixell,36,Tarragonès,2025,4261,4190,3758,503,1.694511,2.544165,87.4613,90.1334,88.2629,100,municipality,idescat_pmh_446_477,,2026-08-21T21:48:17Z,0.2.0,,,complete,88.2629,88.2629,100,,official,annual_trend_scale_adjusted,true
430516,Cunit,12,Baix Penedès,2025,16385,15804,13533,2852,3.676284,3.898786,100,100,100,100,municipality,idescat_pmh_446_477,,2026-08-21T21:48:17Z,0.2.0,,,complete,100,100,100,,official,annual_trend_scale_adjusted,true
430521,Xerta,09,Baix Ebre,2025,1180,1156,1154,26,2.076125,0.4466,37.9069,61.5167,44.9898,100,municipality,idescat_pmh_446_477,,2026-08-21T21:48:17Z,0.2.0,,,complete,44.9898,44.9898,100,,official,annual_trend_scale_adjusted,true
430537,Duesaigües,08,Baix Camp,2025,217,222,244,-27,-2.252252,-2.318126,0,0,0,100,municipality,idescat_pmh_446_477,,2026-08-21T21:48:17Z,0.2.0,,,complete,0,0,100,,official,annual_trend_scale_adjusted,true
430542,l'Espluga de Francolí,16,Conca de Barberà,2025,3863,3817,3736,127,1.205135,0.670811,43.2038,76.7326,53.2624,100,municipality,idescat_pmh_446_477,,2026-08-21T21:48:17Z,0.2.0,,,complete,53.2624,53.2624,100,,official,annual_trend_scale_adjusted,true
430555,Falset,29,Priorat,2025,2890,2856,2735,155,1.190476,1.108601,53.5465,78.6669,61.0826,100,municipality,idescat_pmh_446_477,,2026-08-21T21:48:17Z,0.2.0,,,complete,61.0826,61.0826,100,,official,annual_trend_scale_adjusted,true
430568,la Fatarella,37,Terra Alta,2025,840,852,926,-86,-1.408451,-1.930568,0,0,0,100,municipality,idescat_pmh_446_477,,2026-08-21T21:48:17Z,0.2.0,,,complete,0,0,100,,official,annual_trend_scale_adjusted,true
430574,la Febró,08,Baix Camp,2025,35,36,40,-5,-2.777778,-2.635282,0,11.772,3.5316,100,municipality,idescat_pmh_446_477,,2026-08-21T21:48:17Z,0.2.0,,,complete,3.5316,3.5316,100,,official,annual_trend_scale_adjusted,true
430580,la Figuera,29,Priorat,2025,115,122,114,1,-5.737705,0.174826,31.4863,36.0686,32.861,100,municipality,idescat_pmh_446_477,,2026-08-21T21:48:17Z,0.2.0,,,complete,32.861,32.861,100,,official,annual_trend_scale_adjusted,true
430593,Figuerola del Camp,01,Alt Camp,2025,342,345,329,13,-0.869565,0.778071,45.7378,55.095,48.545,100,municipality,idescat_pmh_446_477,,2026-08-21T21:48:17Z,0.2.0,,,complete,48.545,48.545,100,,official,annual_trend_scale_adjusted,true
430607,Flix,30,Ribera d'Ebre,2025,3340,3324,3410,-70,0.481348,-0.41397,17.5762,0,12.3033,100,municipality,idescat_pmh_446_477,,2026-08-21T21:48:17Z,0.2.0,,,complete,12.3033,12.3033,100,,official,annual_trend_scale_adjusted,true
430614,Forès,16,Conca de Barberà,2025,38,40,43,-5,-5,-2.441969,0,11.772,3.5316,100,municipality,idescat_pmh_446_477,,2026-08-21T21:48:17Z,0.2.0,,,complete,3.5316,3.5316,100,,official,annual_trend_scale_adjusted,true
430629,Freginals,22,Montsià,2025,443,424,385,58,4.481132,2.846283,94.5988,69.1599,86.9671,100,municipality,idescat_pmh_446_477,,2026-08-21T21:48:17Z,0.2.0,,,complete,86.9671,86.9671,100,,official,annual_trend_scale_adjusted,true
430635,la Galera,22,Montsià,2025,726,708,736,-10,2.542373,-0.273228,20.9012,5.8454,16.3845,100,municipality,idescat_pmh_446_477,,2026-08-21T21:48:17Z,0.2.0,,,complete,16.3845,16.3845,100,,official,annual_trend_scale_adjusted,true
430640,Gandesa,37,Terra Alta,2025,3150,3166,3096,54,-0.50537,0.346429,35.5404,68.4735,45.4203,100,municipality,idescat_pmh_446_477,,2026-08-21T21:48:17Z,0.2.0,,,complete,45.4203,45.4203,100,,official,annual_trend_scale_adjusted,true
430653,Garcia,30,Ribera d'Ebre,2025,551,543,527,24,1.473297,0.894664,48.4923,60.7642,52.1739,100,municipality,idescat_pmh_446_477,,2026-08-21T21:48:17Z,0.2.0,,,complete,52.1739,52.1739,100,,official,annual_trend_scale_adjusted,true
430666,els Garidells,01,Alt Camp,2025,211,202,190,21,4.455446,2.118816,77.4126,59.5143,72.0431,100,municipality,idescat_pmh_446_477,,2026-08-21T21:48:17Z,0.2.0,,,complete,72.0431,72.0431,100,,official,annual_trend_scale_adjusted,true
430672,Ginestar,30,Ribera d'Ebre,2025,800,794,764,36,0.755668,0.925132,49.2121,64.5975,53.8277,100,municipality,idescat_pmh_446_477,,2026-08-21T21:48:17Z,0.2.0,,,complete,53.8277,53.8277,100,,official,annual_trend_scale_adjusted,true
430688,Godall,22,Montsià,2025,591,612,598,-7,-3.431373,-0.235218,21.7992,8.9592,17.9472,100,municipality,idescat_pmh_446_477,,2026-08-21T21:48:17Z,0.2.0,,,complete,17.9472,17.9472,100,,official,annual_trend_scale_adjusted,true
430691,Gratallops,29,Priorat,2025,226,229,237,-11,-1.310044,-0.946,5.0071,4.9947,5.0034,100,municipality,idescat_pmh_446_477,,2026-08-21T21:48:17Z,0.2.0,,,complete,5.0034,5.0034,100,,official,annual_trend_scale_adjusted,true
430705,els Guiamets,29,Priorat,2025,254,258,278,-24,-1.550388,-1.789531,0,0,0,100,municipality,idescat_pmh_446_477,,2026-08-21T21:48:17Z,0.2.0,,,complete,0,0,100,,official,annual_trend_scale_adjusted,true
430712,Horta de Sant Joan,37,Terra Alta,2025,1150,1157,1146,4,-0.605013,0.069711,29.003,45.0277,33.8104,100,municipality,idescat_pmh_446_477,,2026-08-21T21:48:17Z,0.2.0,,,complete,33.8104,33.8104,100,,official,annual_trend_scale_adjusted,true
430727,el Lloar,29,Priorat,2025,99,101,105,-6,-1.980198,-1.169913,0,10.2648,3.0794,100,municipality,idescat_pmh_446_477,,2026-08-21T21:48:17Z,0.2.0,,,complete,3.0794,3.0794,100,,official,annual_trend_scale_adjusted,true
430733,Llorac,16,Conca de Barberà,2025,105,101,91,14,3.960396,2.903366,95.9473,55.7696,83.894,100,municipality,idescat_pmh_446_477,,2026-08-21T21:48:17Z,0.2.0,,,complete,83.894,83.894,100,,official,annual_trend_scale_adjusted,true
430748,Llorenç del Penedès,12,Baix Penedès,2025,2425,2431,2395,30,-0.246812,0.249276,33.2452,62.8675,42.1319,100,municipality,idescat_pmh_446_477,,2026-08-21T21:48:17Z,0.2.0,,,complete,42.1319,42.1319,100,,official,annual_trend_scale_adjusted,true
430751,Margalef,29,Priorat,2025,106,106,106,0,0,0,27.3561,29.2912,27.9366,100,municipality,idescat_pmh_446_477,,2026-08-21T21:48:17Z,0.2.0,,,complete,27.9366,27.9366,100,,official,annual_trend_scale_adjusted,true
430764,Marçà,29,Priorat,2025,623,598,600,23,4.180602,0.755174,45.1969,60.3651,49.7474,100,municipality,idescat_pmh_446_477,,2026-08-21T21:48:17Z,0.2.0,,,complete,49.7474,49.7474,100,,official,annual_trend_scale_adjusted,true
430770,Mas de Barberans,22,Montsià,2025,535,547,564,-29,-2.193784,-1.050197,2.5455,0,1.7818,100,municipality,idescat_pmh_446_477,,2026-08-21T21:48:17Z,0.2.0,,,complete,1.7818,1.7818,100,,official,annual_trend_scale_adjusted,true
430786,Masdenverge,22,Montsià,2025,1138,1149,1071,67,-0.957354,1.220985,56.2015,70.5481,60.5055,100,municipality,idescat_pmh_446_477,,2026-08-21T21:48:17Z,0.2.0,,,complete,60.5055,60.5055,100,,official,annual_trend_scale_adjusted,true
430799,Masllorenç,12,Baix Penedès,2025,573,573,505,68,0,2.558733,87.8055,70.6908,82.6711,100,municipality,idescat_pmh_446_477,,2026-08-21T21:48:17Z,0.2.0,,,complete,82.6711,82.6711,100,,official,annual_trend_scale_adjusted,true
430803,la Masó,01,Alt Camp,2025,307,288,280,27,6.597222,1.858217,71.256,61.8723,68.4409,100,municipality,idescat_pmh_446_477,,2026-08-21T21:48:17Z,0.2.0,,,complete,68.4409,68.4409,100,,official,annual_trend_scale_adjusted,true
430810,Maspujols,08,Baix Camp,2025,915,889,823,92,2.924634,2.141975,77.9597,73.6094,76.6546,100,municipality,idescat_pmh_446_477,,2026-08-21T21:48:17Z,0.2.0,,,complete,76.6546,76.6546,100,,official,annual_trend_scale_adjusted,true
430825,el Masroig,29,Priorat,2025,473,480,492,-19,-1.458333,-0.784573,8.8208,0,6.1746,100,municipality,idescat_pmh_446_477,,2026-08-21T21:48:17Z,0.2.0,,,complete,6.1746,6.1746,100,,official,annual_trend_scale_adjusted,true
430831,el Milà,01,Alt Camp,2025,194,197,190,4,-1.522843,0.417551,37.2206,45.0277,39.5627,100,municipality,idescat_pmh_446_477,,2026-08-21T21:48:17Z,0.2.0,,,complete,39.5627,39.5627,100,,official,annual_trend_scale_adjusted,true
430846,Miravet,30,Ribera d'Ebre,2025,703,688,706,-3,2.180233,-0.085131,25.3449,15.7365,22.4624,100,municipality,idescat_pmh_446_477,,2026-08-21T21:48:17Z,0.2.0,,,complete,22.4624,22.4624,100,,official,annual_trend_scale_adjusted,true
430859,el Molar,29,Priorat,2025,295,307,291,4,-3.908795,0.273415,33.8155,45.0277,37.1792,100,municipality,idescat_pmh_446_477,,2026-08-21T21:48:17Z,0.2.0,,,complete,37.1792,37.1792,100,,official,annual_trend_scale_adjusted,true
430862,Montblanc,16,Conca de Barberà,2025,7542,7550,7379,163,-0.10596,0.437942,37.7024,79.1559,50.1384,100,municipality,idescat_pmh_446_477,,2026-08-21T21:48:17Z,0.2.0,,,complete,50.1384,50.1384,100,,official,annual_trend_scale_adjusted,true
430884,Montbrió del Camp,08,Baix Camp,2025,3157,3128,2909,248,0.92711,1.649717,66.3302,83.2389,71.4028,100,municipality,idescat_pmh_446_477,,2026-08-21T21:48:17Z,0.2.0,,,complete,71.4028,71.4028,100,,official,annual_trend_scale_adjusted,true
430897,Montferri,01,Alt Camp,2025,502,473,403,99,6.131078,4.491204,100,74.3189,92.2957,100,municipality,idescat_pmh_446_477,,2026-08-21T21:48:17Z,0.2.0,,,complete,92.2957,92.2957,100,,official,annual_trend_scale_adjusted,true
430901,el Montmell,12,Baix Penedès,2025,1958,1917,1582,376,2.138758,4.356917,100,87.2946,96.1884,100,municipality,idescat_pmh_446_477,,2026-08-21T21:48:17Z,0.2.0,,,complete,96.1884,96.1884,100,,official,annual_trend_scale_adjusted,true
430918,Mont-ral,01,Alt Camp,2025,174,184,168,6,-5.434783,0.704295,43.9949,48.3176,45.2917,100,municipality,idescat_pmh_446_477,,2026-08-21T21:48:17Z,0.2.0,,,complete,45.2917,45.2917,100,,official,annual_trend_scale_adjusted,true
430923,Mont-roig del Camp,08,Baix Camp,2025,14615,14114,12460,2155,3.549667,3.24194,100,100,100,100,municipality,idescat_pmh_446_477,,2026-08-21T21:48:17Z,0.2.0,,,complete,100,100,100,,official,annual_trend_scale_adjusted,true
430939,Móra d'Ebre,30,Ribera d'Ebre,2025,5811,5726,5695,116,1.484457,0.404096,36.9028,75.8541,48.5882,100,municipality,idescat_pmh_446_477,,2026-08-21T21:48:17Z,0.2.0,,,complete,48.5882,48.5882,100,,official,annual_trend_scale_adjusted,true
430944,Móra la Nova,30,Ribera d'Ebre,2025,3350,3314,3108,242,1.086301,1.510919,63.0512,83.0004,69.036,100,municipality,idescat_pmh_446_477,,2026-08-21T21:48:17Z,0.2.0,,,complete,69.036,69.036,100,,official,annual_trend_scale_adjusted,true
430957,el Morell,36,Tarragonès,2025,3811,3878,3742,69,-1.727695,0.366096,36.005,70.8315,46.453,100,municipality,idescat_pmh_446_477,,2026-08-21T21:48:17Z,0.2.0,,,complete,46.453,46.453,100,,official,annual_trend_scale_adjusted,true
430960,la Morera de Montsant,29,Priorat,2025,150,138,159,-9,8.695652,-1.158614,0,6.7773,2.0332,100,municipality,idescat_pmh_446_477,,2026-08-21T21:48:17Z,0.2.0,,,complete,2.0332,2.0332,100,,official,annual_trend_scale_adjusted,true
430976,la Nou de Gaià,36,Tarragonès,2025,603,611,600,3,-1.309329,0.099801,29.7139,42.8459,33.6535,100,municipality,idescat_pmh_446_477,,2026-08-21T21:48:17Z,0.2.0,,,complete,33.6535,33.6535,100,,official,annual_trend_scale_adjusted,true
430982,Nulles,01,Alt Camp,2025,551,552,509,42,-0.181159,1.598375,65.1173,66.0669,65.4022,100,municipality,idescat_pmh_446_477,,2026-08-21T21:48:17Z,0.2.0,,,complete,65.4022,65.4022,100,,official,annual_trend_scale_adjusted,true
430995,la Palma d'Ebre,30,Ribera d'Ebre,2025,333,335,338,-5,-0.597015,-0.297624,20.3248,11.772,17.759,100,municipality,idescat_pmh_446_477,,2026-08-21T21:48:17Z,0.2.0,,,complete,17.759,17.759,100,,official,annual_trend_scale_adjusted,true
431009,els Pallaresos,36,Tarragonès,2025,5028,5006,4850,178,0.439473,0.723476,44.448,80.0116,55.1171,100,municipality,idescat_pmh_446_477,,2026-08-21T21:48:17Z,0.2.0,,,complete,55.1171,55.1171,100,,official,annual_trend_scale_adjusted,true
431016,Passanant i Belltall,16,Conca de Barberà,2025,149,162,155,-6,-8.024691,-0.786467,8.776,10.2648,9.2226,100,municipality,idescat_pmh_446_477,,2026-08-21T21:48:17Z,0.2.0,,,complete,9.2226,9.2226,100,,official,annual_trend_scale_adjusted,true
431021,Paüls,09,Baix Ebre,2025,558,544,545,13,2.573529,0.472576,38.5206,55.095,43.4929,100,municipality,idescat_pmh_446_477,,2026-08-21T21:48:17Z,0.2.0,,,complete,43.4929,43.4929,100,,official,annual_trend_scale_adjusted,true
431037,Perafort,36,Tarragonès,2025,1342,1308,1264,78,2.599388,1.204795,55.8191,72.0141,60.6776,100,municipality,idescat_pmh_446_477,,2026-08-21T21:48:17Z,0.2.0,,,complete,60.6776,60.6776,100,,official,annual_trend_scale_adjusted,true
431042,el Perelló,09,Baix Ebre,2025,2948,2907,2826,122,1.410389,0.848876,47.4106,76.343,56.0903,100,municipality,idescat_pmh_446_477,,2026-08-21T21:48:17Z,0.2.0,,,complete,56.0903,56.0903,100,,official,annual_trend_scale_adjusted,true
431055,les Piles de Gaià,16,Conca de Barberà,2025,229,229,210,19,0,1.747381,68.6375,58.5824,65.621,100,municipality,idescat_pmh_446_477,,2026-08-21T21:48:17Z,0.2.0,,,complete,65.621,65.621,100,,official,annual_trend_scale_adjusted,true
431068,el Pinell de Brai,37,Terra Alta,2025,948,979,1008,-60,-3.166496,-1.219877,0,0,0,100,municipality,idescat_pmh_446_477,,2026-08-21T21:48:17Z,0.2.0,,,complete,0,0,100,,official,annual_trend_scale_adjusted,true
431074,Pira,16,Conca de Barberà,2025,512,498,503,9,2.811245,0.355319,35.7504,51.8051,40.5668,100,municipality,idescat_pmh_446_477,,2026-08-21T21:48:17Z,0.2.0,,,complete,40.5668,40.5668,100,,official,annual_trend_scale_adjusted,true
431080,el Pla de Santa Maria,01,Alt Camp,2025,2408,2389,2348,60,0.795312,0.505928,39.3085,69.4859,48.3617,100,municipality,idescat_pmh_446_477,,2026-08-21T21:48:17Z,0.2.0,,,complete,48.3617,48.3617,100,,official,annual_trend_scale_adjusted,true
431093,la Pobla de Mafumet,36,Tarragonès,2025,4175,4115,3971,204,1.45808,1.006964,51.1454,81.3377,60.2031,100,municipality,idescat_pmh_446_477,,2026-08-21T21:48:17Z,0.2.0,,,complete,60.2031,60.2031,100,,official,annual_trend_scale_adjusted,true
431107,la Pobla de Massaluca,37,Terra Alta,2025,344,344,317,27,0,1.648234,66.2952,61.8723,64.9683,100,municipality,idescat_pmh_446_477,,2026-08-21T21:48:17Z,0.2.0,,,complete,64.9683,64.9683,100,,official,annual_trend_scale_adjusted,true
431114,la Pobla de Montornès,36,Tarragonès,2025,3440,3329,2884,556,3.334335,3.588761,100,91.111,97.3333,100,municipality,idescat_pmh_446_477,,2026-08-21T21:48:17Z,0.2.0,,,complete,97.3333,97.3333,100,,official,annual_trend_scale_adjusted,true
431129,Poboleda,29,Priorat,2025,345,334,321,24,3.293413,1.452514,61.6714,60.7642,61.3992,100,municipality,idescat_pmh_446_477,,2026-08-21T21:48:17Z,0.2.0,,,complete,61.3992,61.3992,100,,official,annual_trend_scale_adjusted,true
431135,el Pont d'Armentera,01,Alt Camp,2025,500,498,488,12,0.401606,0.487036,38.8622,54.3704,43.5147,100,municipality,idescat_pmh_446_477,,2026-08-21T21:48:17Z,0.2.0,,,complete,43.5147,43.5147,100,,official,annual_trend_scale_adjusted,true
431140,Porrera,29,Priorat,2025,405,417,424,-19,-2.877698,-0.912737,5.793,0,4.0551,100,municipality,idescat_pmh_446_477,,2026-08-21T21:48:17Z,0.2.0,,,complete,4.0551,4.0551,100,,official,annual_trend_scale_adjusted,true
431153,Pradell de la Teixeta,29,Priorat,2025,182,178,158,24,2.247191,2.868607,95.1262,60.7642,84.8176,100,municipality,idescat_pmh_446_477,,2026-08-21T21:48:17Z,0.2.0,,,complete,84.8176,84.8176,100,,official,annual_trend_scale_adjusted,true
431166,Prades,08,Baix Camp,2025,629,665,588,41,-5.413534,1.357214,59.4199,65.8368,61.345,100,municipality,idescat_pmh_446_477,,2026-08-21T21:48:17Z,0.2.0,,,complete,61.345,61.345,100,,official,annual_trend_scale_adjusted,true
431172,Prat de Comte,37,Terra Alta,2025,174,185,177,-3,-5.945946,-0.341305,19.2929,15.7365,18.226,100,municipality,idescat_pmh_446_477,,2026-08-21T21:48:17Z,0.2.0,,,complete,18.226,18.226,100,,official,annual_trend_scale_adjusted,true
431188,Pratdip,08,Baix Camp,2025,781,759,726,55,2.898551,1.47122,62.1133,68.6497,64.0742,100,municipality,idescat_pmh_446_477,,2026-08-21T21:48:17Z,0.2.0,,,complete,64.0742,64.0742,100,,official,annual_trend_scale_adjusted,true
431191,Puigpelat,01,Alt Camp,2025,1222,1205,1163,59,1.410788,0.994634,50.8541,69.3243,56.3952,100,municipality,idescat_pmh_446_477,,2026-08-21T21:48:17Z,0.2.0,,,complete,56.3952,56.3952,100,,official,annual_trend_scale_adjusted,true
431205,Querol,01,Alt Camp,2025,611,591,518,93,3.384095,3.35757,100,73.7139,92.1142,100,municipality,idescat_pmh_446_477,,2026-08-21T21:48:17Z,0.2.0,,,complete,92.1142,92.1142,100,,official,annual_trend_scale_adjusted,true
431212,Rasquera,30,Ribera d'Ebre,2025,786,792,783,3,-0.757576,0.076511,29.1637,42.8459,33.2684,100,municipality,idescat_pmh_446_477,,2026-08-21T21:48:17Z,0.2.0,,,complete,33.2684,33.2684,100,,official,annual_trend_scale_adjusted,true
431227,Renau,36,Tarragonès,2025,165,158,162,3,4.43038,0.367657,36.0419,42.8459,38.0831,100,municipality,idescat_pmh_446_477,,2026-08-21T21:48:17Z,0.2.0,,,complete,38.0831,38.0831,100,,official,annual_trend_scale_adjusted,true
431233,Reus,08,Baix Camp,2025,111601,109930,106168,5433,1.520058,1.003143,51.0551,100,65.7386,100,municipality,idescat_pmh_446_477,,2026-08-21T21:48:17Z,0.2.0,,,complete,65.7386,65.7386,100,,official,annual_trend_scale_adjusted,true
431248,la Riba,01,Alt Camp,2025,574,569,585,-11,0.878735,-0.378929,18.404,4.9947,14.3812,100,municipality,idescat_pmh_446_477,,2026-08-21T21:48:17Z,0.2.0,,,complete,14.3812,14.3812,100,,official,annual_trend_scale_adjusted,true
431251,Riba-roja d'Ebre,30,Ribera d'Ebre,2025,1132,1128,1110,22,0.35461,0.393291,36.6475,59.949,43.638,100,municipality,idescat_pmh_446_477,,2026-08-21T21:48:17Z,0.2.0,,,complete,43.638,43.638,100,,official,annual_trend_scale_adjusted,true
431264,la Riera de Gaià,36,Tarragonès,2025,1834,1807,1742,92,1.494189,1.034626,51.7989,73.6094,58.3421,100,municipality,idescat_pmh_446_477,,2026-08-21T21:48:17Z,0.2.0,,,complete,58.3421,58.3421,100,,official,annual_trend_scale_adjusted,true
431270,Riudecanyes,08,Baix Camp,2025,1362,1345,1146,216,1.263941,3.513859,100,81.8939,94.5682,100,municipality,idescat_pmh_446_477,,2026-08-21T21:48:17Z,0.2.0,,,complete,94.5682,94.5682,100,,official,annual_trend_scale_adjusted,true
431286,Riudecols,08,Baix Camp,2025,1264,1232,1189,75,2.597403,1.230887,56.4355,71.6356,60.9955,100,municipality,idescat_pmh_446_477,,2026-08-21T21:48:17Z,0.2.0,,,complete,60.9955,60.9955,100,,official,annual_trend_scale_adjusted,true
431299,Riudoms,08,Baix Camp,2025,6891,6905,6569,322,-0.202752,0.961687,50.0757,85.7831,60.7879,100,municipality,idescat_pmh_446_477,,2026-08-21T21:48:17Z,0.2.0,,,complete,60.7879,60.7879,100,,official,annual_trend_scale_adjusted,true
431303,Rocafort de Queralt,16,Conca de Barberà,2025,247,246,211,36,0.406504,3.200761,100,64.5975,89.3792,100,municipality,idescat_pmh_446_477,,2026-08-21T21:48:17Z,0.2.0,,,complete,89.3792,89.3792,100,,official,annual_trend_scale_adjusted,true
431310,Roda de Berà,36,Tarragonès,2025,8260,8048,6785,1475,2.634195,4.012621,100,100,100,100,municipality,idescat_pmh_446_477,,2026-08-21T21:48:17Z,0.2.0,,,complete,100,100,100,,official,annual_trend_scale_adjusted,true
431325,Rodonyà,01,Alt Camp,2025,519,521,494,25,-0.383877,0.992258,50.7979,61.1477,53.9028,100,municipality,idescat_pmh_446_477,,2026-08-21T21:48:17Z,0.2.0,,,complete,53.9028,53.9028,100,,official,annual_trend_scale_adjusted,true
431331,Roquetes,09,Baix Ebre,2025,8607,8369,8079,528,2.843828,1.274204,57.4588,90.6067,67.4032,100,municipality,idescat_pmh_446_477,,2026-08-21T21:48:17Z,0.2.0,,,complete,67.4032,67.4032,100,,official,annual_trend_scale_adjusted,true
431346,el Rourell,01,Alt Camp,2025,385,403,372,13,-4.466501,0.689355,43.6419,55.095,47.0778,100,municipality,idescat_pmh_446_477,,2026-08-21T21:48:17Z,0.2.0,,,complete,47.0778,47.0778,100,,official,annual_trend_scale_adjusted,true
431359,Salomó,36,Tarragonès,2025,519,525,549,-30,-1.142857,-1.117599,0.9531,0,0.6672,100,municipality,idescat_pmh_446_477,,2026-08-21T21:48:17Z,0.2.0,,,complete,0.6672,0.6672,100,,official,annual_trend_scale_adjusted,true
431362,la Ràpita,22,Montsià,2025,16119,15683,14953,1166,2.78008,1.513068,63.1019,98.3428,73.6742,100,municipality,idescat_pmh_446_477,,2026-08-21T21:48:17Z,0.2.0,,,complete,73.6742,73.6742,100,,official,annual_trend_scale_adjusted,true
431378,Sant Jaume dels Domenys,12,Baix Penedès,2025,2819,2803,2624,195,0.570817,1.443973,61.4696,80.8988,67.2984,100,municipality,idescat_pmh_446_477,,2026-08-21T21:48:17Z,0.2.0,,,complete,67.2984,67.2984,100,,official,annual_trend_scale_adjusted,true
431384,Santa Bàrbara,22,Montsià,2025,3871,3827,3715,156,1.149726,0.826077,46.872,78.7294,56.4292,100,municipality,idescat_pmh_446_477,,2026-08-21T21:48:17Z,0.2.0,,,complete,56.4292,56.4292,100,,official,annual_trend_scale_adjusted,true
431397,Santa Coloma de Queralt,16,Conca de Barberà,2025,2795,2800,2672,123,-0.178571,0.90416,48.7166,76.4222,57.0283,100,municipality,idescat_pmh_446_477,,2026-08-21T21:48:17Z,0.2.0,,,complete,57.0283,57.0283,100,,official,annual_trend_scale_adjusted,true
431401,Santa Oliva,12,Baix Penedès,2025,3711,3672,3353,358,1.062092,2.049641,75.7783,86.8163,79.0897,100,municipality,idescat_pmh_446_477,,2026-08-21T21:48:17Z,0.2.0,,,complete,79.0897,79.0897,100,,official,annual_trend_scale_adjusted,true
431418,Pontils,16,Conca de Barberà,2025,124,123,122,2,0.813008,0.32574,35.0516,40.0331,36.5461,100,municipality,idescat_pmh_446_477,,2026-08-21T21:48:17Z,0.2.0,,,complete,36.5461,36.5461,100,,official,annual_trend_scale_adjusted,true
431423,Sarral,16,Conca de Barberà,2025,1644,1583,1538,106,3.853443,1.341912,59.0584,74.9805,63.835,100,municipality,idescat_pmh_446_477,,2026-08-21T21:48:17Z,0.2.0,,,complete,63.835,63.835,100,,official,annual_trend_scale_adjusted,true
431439,Savallà del Comtat,16,Conca de Barberà,2025,49,50,53,-4,-2,-1.557181,0,13.5547,4.0664,100,municipality,idescat_pmh_446_477,,2026-08-21T21:48:17Z,0.2.0,,,complete,4.0664,4.0664,100,,official,annual_trend_scale_adjusted,true
431444,la Secuita,36,Tarragonès,2025,1845,1828,1708,137,0.929978,1.555091,64.0947,77.4682,68.1068,100,municipality,idescat_pmh_446_477,,2026-08-21T21:48:17Z,0.2.0,,,complete,68.1068,68.1068,100,,official,annual_trend_scale_adjusted,true
431457,la Selva del Camp,08,Baix Camp,2025,5732,5819,5683,49,-1.495102,0.171852,31.4161,67.5416,42.2537,100,municipality,idescat_pmh_446_477,,2026-08-21T21:48:17Z,0.2.0,,,complete,42.2537,42.2537,100,,official,annual_trend_scale_adjusted,true
431460,Senan,16,Conca de Barberà,2025,47,46,44,3,2.173913,1.327899,58.7274,42.8459,53.9629,100,municipality,idescat_pmh_446_477,,2026-08-21T21:48:17Z,0.2.0,,,complete,53.9629,53.9629,100,,official,annual_trend_scale_adjusted,true
431476,Solivella,16,Conca de Barberà,2025,633,626,632,1,1.118211,0.031626,28.1033,36.0686,30.4929,100,municipality,idescat_pmh_446_477,,2026-08-21T21:48:17Z,0.2.0,,,complete,30.4929,30.4929,100,,official,annual_trend_scale_adjusted,true
431482,Tarragona,36,Tarragonès,2025,143649,141151,136496,7153,1.769736,1.026786,51.6136,100,66.1295,100,municipality,idescat_pmh_446_477,,2026-08-21T21:48:17Z,0.2.0,,,complete,66.1295,66.1295,100,,official,annual_trend_scale_adjusted,true
431495,Tivenys,09,Baix Ebre,2025,948,936,902,46,1.282051,0.999764,50.9753,66.9366,55.7637,100,municipality,idescat_pmh_446_477,,2026-08-21T21:48:17Z,0.2.0,,,complete,55.7637,55.7637,100,,official,annual_trend_scale_adjusted,true
431508,Tivissa,30,Ribera d'Ebre,2025,1658,1632,1619,39,1.593137,0.477203,38.6299,65.3598,46.6489,100,municipality,idescat_pmh_446_477,,2026-08-21T21:48:17Z,0.2.0,,,complete,46.6489,46.6489,100,,official,annual_trend_scale_adjusted,true
431515,la Torre de Fontaubella,29,Priorat,2025,124,119,131,-7,4.201681,-1.092306,1.5507,8.9592,3.7732,100,municipality,idescat_pmh_446_477,,2026-08-21T21:48:17Z,0.2.0,,,complete,3.7732,3.7732,100,,official,annual_trend_scale_adjusted,true
431520,la Torre de l'Espanyol,30,Ribera d'Ebre,2025,641,631,601,40,1.584786,1.29703,57.9981,65.6012,60.279,100,municipality,idescat_pmh_446_477,,2026-08-21T21:48:17Z,0.2.0,,,complete,60.279,60.279,100,,official,annual_trend_scale_adjusted,true
431536,Torredembarra,36,Tarragonès,2025,18237,17984,16567,1670,1.406806,1.939361,73.173,100,81.2211,100,municipality,idescat_pmh_446_477,,2026-08-21T21:48:17Z,0.2.0,,,complete,81.2211,81.2211,100,,official,annual_trend_scale_adjusted,true
431541,Torroja del Priorat,29,Priorat,2025,129,137,152,-23,-5.839416,-3.22811,0,0,0,100,municipality,idescat_pmh_446_477,,2026-08-21T21:48:17Z,0.2.0,,,complete,0,0,100,,official,annual_trend_scale_adjusted,true
431554,Tortosa,09,Baix Ebre,2025,35997,35265,33439,2558,2.075712,1.485175,62.443,100,73.7101,100,municipality,idescat_pmh_446_477,,2026-08-21T21:48:17Z,0.2.0,,,complete,73.7101,73.7101,100,,official,annual_trend_scale_adjusted,true
431567,Ulldecona,22,Montsià,2025,6714,6551,6525,189,2.48817,0.572713,40.8863,80.5948,52.7989,100,municipality,idescat_pmh_446_477,,2026-08-21T21:48:17Z,0.2.0,,,complete,52.7989,52.7989,100,,official,annual_trend_scale_adjusted,true
431573,Ulldemolins,29,Priorat,2025,389,416,398,-9,-6.490385,-0.456409,16.5736,6.7773,13.6347,100,municipality,idescat_pmh_446_477,,2026-08-21T21:48:17Z,0.2.0,,,complete,13.6347,13.6347,100,,official,annual_trend_scale_adjusted,true
431589,Vallclara,16,Conca de Barberà,2025,91,89,88,3,2.247191,0.672706,43.2486,42.8459,43.1278,100,municipality,idescat_pmh_446_477,,2026-08-21T21:48:17Z,0.2.0,,,complete,43.1278,43.1278,100,,official,annual_trend_scale_adjusted,true
431592,Vallfogona de Riucorb,16,Conca de Barberà,2025,95,97,77,18,-2.061856,4.290939,100,58.0809,87.4243,100,municipality,idescat_pmh_446_477,,2026-08-21T21:48:17Z,0.2.0,,,complete,87.4243,87.4243,100,,official,annual_trend_scale_adjusted,true
431606,Vallmoll,01,Alt Camp,2025,1997,1951,1774,223,2.357765,2.396448,83.9715,82.2044,83.4414,100,municipality,idescat_pmh_446_477,,2026-08-21T21:48:17Z,0.2.0,,,complete,83.4414,83.4414,100,,official,annual_trend_scale_adjusted,true
431613,Valls,01,Alt Camp,2025,25518,25047,24477,1041,1.880465,0.836483,47.1178,97.2351,62.153,100,municipality,idescat_pmh_446_477,,2026-08-21T21:48:17Z,0.2.0,,,complete,62.153,62.153,100,,official,annual_trend_scale_adjusted,true
431628,Vandellòs i l'Hospitalet de l'Infant,08,Baix Camp,2025,7143,7104,6603,540,0.548986,1.584599,64.7918,90.826,72.6021,100,municipality,idescat_pmh_446_477,,2026-08-21T21:48:17Z,0.2.0,,,complete,72.6021,72.6021,100,,official,annual_trend_scale_adjusted,true
431634,el Vendrell,12,Baix Penedès,2025,41133,40440,38373,2760,1.71365,1.398826,60.403,100,72.2821,100,municipality,idescat_pmh_446_477,,2026-08-21T21:48:17Z,0.2.0,,,complete,72.2821,72.2821,100,,official,annual_trend_scale_adjusted,true
431649,Vespella de Gaià,36,Tarragonès,2025,502,506,417,85,-0.790514,3.779968,100,72.8442,91.8533,100,municipality,idescat_pmh_446_477,,2026-08-21T21:48:17Z,0.2.0,,,complete,91.8533,91.8533,100,,official,annual_trend_scale_adjusted,true
431652,Vilabella,01,Alt Camp,2025,724,723,729,-5,0.138313,-0.137552,24.1065,11.772,20.4062,100,municipality,idescat_pmh_446_477,,2026-08-21T21:48:17Z,0.2.0,,,complete,20.4062,20.4062,100,,official,annual_trend_scale_adjusted,true
431665,Vilallonga del Camp,36,Tarragonès,2025,2495,2451,2405,90,1.795186,0.737483,44.7789,73.3968,53.3643,100,municipality,idescat_pmh_446_477,,2026-08-21T21:48:17Z,0.2.0,,,complete,53.3643,53.3643,100,,official,annual_trend_scale_adjusted,true
431671,Vilanova d'Escornalbou,08,Baix Camp,2025,614,610,565,49,0.655738,1.677295,66.9818,67.5416,67.1497,100,municipality,idescat_pmh_446_477,,2026-08-21T21:48:17Z,0.2.0,,,complete,67.1497,67.1497,100,,official,annual_trend_scale_adjusted,true
431687,Vilanova de Prades,16,Conca de Barberà,2025,111,111,107,4,0,0.736728,44.7611,45.0277,44.8411,100,municipality,idescat_pmh_446_477,,2026-08-21T21:48:17Z,0.2.0,,,complete,44.8411,44.8411,100,,official,annual_trend_scale_adjusted,true
431690,Vilaplana,08,Baix Camp,2025,549,553,555,-6,-0.723327,-0.217157,22.2258,10.2648,18.6375,100,municipality,idescat_pmh_446_477,,2026-08-21T21:48:17Z,0.2.0,,,complete,18.6375,18.6375,100,,official,annual_trend_scale_adjusted,true
431704,Vila-rodona,01,Alt Camp,2025,1382,1374,1276,106,0.582242,1.608835,65.3644,74.9805,68.2492,100,municipality,idescat_pmh_446_477,,2026-08-21T21:48:17Z,0.2.0,,,complete,68.2492,68.2492,100,,official,annual_trend_scale_adjusted,true
431711,Vila-seca,36,Tarragonès,2025,23917,23826,22555,1362,0.381936,1.179557,55.2228,99.8608,68.6142,100,municipality,idescat_pmh_446_477,,2026-08-21T21:48:17Z,0.2.0,,,complete,68.6142,68.6142,100,,official,annual_trend_scale_adjusted,true
431726,Vilaverd,16,Conca de Barberà,2025,493,468,443,50,5.34188,2.161824,78.4286,67.7352,75.2206,100,municipality,idescat_pmh_446_477,,2026-08-21T21:48:17Z,0.2.0,,,complete,75.2206,75.2206,100,,official,annual_trend_scale_adjusted,true
431732,la Vilella Alta,29,Priorat,2025,127,128,133,-6,-0.78125,-0.918992,5.6452,10.2648,7.0311,100,municipality,idescat_pmh_446_477,,2026-08-21T21:48:17Z,0.2.0,,,complete,7.0311,7.0311,100,,official,annual_trend_scale_adjusted,true
431747,la Vilella Baixa,29,Priorat,2025,201,207,204,-3,-2.898551,-0.295863,20.3664,15.7365,18.9774,100,municipality,idescat_pmh_446_477,,2026-08-21T21:48:17Z,0.2.0,,,complete,18.9774,18.9774,100,,official,annual_trend_scale_adjusted,true
431750,Vilalba dels Arcs,37,Terra Alta,2025,611,608,621,-10,0.493421,-0.324156,19.698,5.8454,15.5422,100,municipality,idescat_pmh_446_477,,2026-08-21T21:48:17Z,0.2.0,,,complete,15.5422,15.5422,100,,official,annual_trend_scale_adjusted,true
431763,Vimbodí i Poblet,16,Conca de Barberà,2025,887,893,890,-3,-0.671892,-0.067507,25.7613,15.7365,22.7539,100,municipality,idescat_pmh_446_477,,2026-08-21T21:48:17Z,0.2.0,,,complete,22.7539,22.7539,100,,official,annual_trend_scale_adjusted,true
431779,Vinebre,30,Ribera d'Ebre,2025,427,424,425,2,0.707547,0.093941,29.5754,40.0331,32.7127,100,municipality,idescat_pmh_446_477,,2026-08-21T21:48:17Z,0.2.0,,,complete,32.7127,32.7127,100,,official,annual_trend_scale_adjusted,true
431785,Vinyols i els Arcs,08,Baix Camp,2025,2450,2400,2124,326,2.083333,2.896906,95.7947,85.9034,92.8273,100,municipality,idescat_pmh_446_477,,2026-08-21T21:48:17Z,0.2.0,,,complete,92.8273,92.8273,100,,official,annual_trend_scale_adjusted,true
439018,Deltebre,09,Baix Ebre,2025,12041,11951,11578,463,0.753075,0.787298,45.9558,89.3248,58.9665,100,municipality,idescat_pmh_446_477,,2026-08-21T21:48:17Z,0.2.0,,,complete,58.9665,58.9665,100,,official,annual_trend_scale_adjusted,true
439023,Sant Jaume d'Enveja,22,Montsià,2025,3745,3667,3527,218,2.127079,1.206702,55.8641,81.9836,63.7,100,municipality,idescat_pmh_446_477,,2026-08-21T21:48:17Z,0.2.0,,,complete,63.7,63.7,100,,official,annual_trend_scale_adjusted,true
439039,Camarles,09,Baix Ebre,2025,3465,3392,3194,271,2.152123,1.642108,66.1505,84.1028,71.5362,100,municipality,idescat_pmh_446_477,,2026-08-21T21:48:17Z,0.2.0,,,complete,71.5362,71.5362,100,,official,annual_trend_scale_adjusted,true
439044,l'Aldea,09,Baix Ebre,2025,4657,4471,4147,510,4.160143,2.346841,82.7996,90.2682,85.0402,100,municipality,idescat_pmh_446_477,,2026-08-21T21:48:17Z,0.2.0,,,complete,85.0402,85.0402,100,,official,annual_trend_scale_adjusted,true
439057,Salou,36,Tarragonès,2025,31491,30810,28526,2965,2.210321,1.997403,74.5442,100,82.1809,100,municipality,idescat_pmh_446_477,,2026-08-21T21:48:17Z,0.2.0,,,complete,82.1809,82.1809,100,,official,annual_trend_scale_adjusted,true
439060,l'Ampolla,09,Baix Ebre,2025,3785,3681,3277,508,2.825319,2.924292,96.4417,90.2299,94.5782,100,municipality,idescat_pmh_446_477,,2026-08-21T21:48:17Z,0.2.0,,,complete,94.5782,94.5782,100,,official,annual_trend_scale_adjusted,true
439076,la Canonja,36,Tarragonès,2025,6001,5943,5956,45,0.975938,0.150654,30.9153,66.7263,41.6586,100,municipality,idescat_pmh_446_477,,2026-08-21T21:48:17Z,0.2.0,,,complete,41.6586,41.6586,100,,official,annual_trend_scale_adjusted,true
