municipality_code,municipality_name,comarca_code,comarca_name,reference_period,rfdb_total_eur,rfdb_eur_per_capita,rfdb_index_catalonia_100,score_0_100,confidence_0_100,data_scope,source_id,source_updated_at,retrieved_at,method_version,missing_reason,notes,score_status,score_min_0_100,score_max_0_100,coverage_weight_pct,rank_stability_0_100,source_tier,method_variant,usable_for_composite
080018,Abrera,11,Baix Llobregat,2023,262812000,20357,97.9,54.9944,85,municipality,idescat_rfdbc_21181_25017,,2026-08-21T21:48:17Z,0.2.0,,,complete,54.9944,54.9944,100,,official,default,true
080023,Aguilar de Segarra,07,Bages,2023,,,,,0,missing,idescat_rfdbc_21181_25017,,2026-08-21T21:48:17Z,0.2.0,not_published,,engineering_pending,0,100,0,,official,default,false
080039,Alella,21,Maresme,2023,359949000,35425,170.4,100,85,municipality,idescat_rfdbc_21181_25017,,2026-08-21T21:48:17Z,0.2.0,,,complete,100,100,100,,official,default,true
080044,Alpens,43,Lluçanès,2023,,,,,0,missing,idescat_rfdbc_21181_25017,,2026-08-21T21:48:17Z,0.2.0,not_published,,engineering_pending,0,100,0,,official,default,false
080057,l'Ametlla del Vallès,41,Vallès Oriental,2023,251196000,26831,129.1,100,85,municipality,idescat_rfdbc_21181_25017,,2026-08-21T21:48:17Z,0.2.0,,,complete,100,100,100,,official,default,true
080060,Arenys de Mar,21,Maresme,2023,337932000,20604,99.1,57.6708,85,municipality,idescat_rfdbc_21181_25017,,2026-08-21T21:48:17Z,0.2.0,,,complete,57.6708,57.6708,100,,official,default,true
080076,Arenys de Munt,21,Maresme,2023,199257000,21150,101.7,63.587,85,municipality,idescat_rfdbc_21181_25017,,2026-08-21T21:48:17Z,0.2.0,,,complete,63.587,63.587,100,,official,default,true
080082,Argençola,06,Anoia,2023,,,,,0,missing,idescat_rfdbc_21181_25017,,2026-08-21T21:48:17Z,0.2.0,not_published,,engineering_pending,0,100,0,,official,default,false
080095,Argentona,21,Maresme,2023,283797000,22084,106.2,73.7075,85,municipality,idescat_rfdbc_21181_25017,,2026-08-21T21:48:17Z,0.2.0,,,complete,73.7075,73.7075,100,,official,default,true
080109,Artés,07,Bages,2023,118537000,19704,94.8,47.9188,85,municipality,idescat_rfdbc_21181_25017,,2026-08-21T21:48:17Z,0.2.0,,,complete,47.9188,47.9188,100,,official,default,true
080116,Avià,14,Berguedà,2023,45622000,20276,97.5,54.1167,85,municipality,idescat_rfdbc_21181_25017,,2026-08-21T21:48:17Z,0.2.0,,,complete,54.1167,54.1167,100,,official,default,true
080121,Avinyó,07,Bages,2023,46103000,20088,96.6,52.0796,85,municipality,idescat_rfdbc_21181_25017,,2026-08-21T21:48:17Z,0.2.0,,,complete,52.0796,52.0796,100,,official,default,true
080137,Avinyonet del Penedès,03,Alt Penedès,2023,34280000,19656,94.5,47.3986,85,municipality,idescat_rfdbc_21181_25017,,2026-08-21T21:48:17Z,0.2.0,,,complete,47.3986,47.3986,100,,official,default,true
080142,Aiguafreda,24,Osona,2023,58537000,22715,109.3,80.5447,85,municipality,idescat_rfdbc_21181_25017,,2026-08-21T21:48:17Z,0.2.0,,,complete,80.5447,80.5447,100,,official,default,true
080155,Badalona,13,Barcelonès,2023,4305624000,19114,91.9,41.5258,85,municipality,idescat_rfdbc_21181_25017,,2026-08-21T21:48:17Z,0.2.0,,,complete,41.5258,41.5258,100,,official,default,true
080168,Bagà,14,Berguedà,2023,44690000,20633,99.2,57.985,85,municipality,idescat_rfdbc_21181_25017,,2026-08-21T21:48:17Z,0.2.0,,,complete,57.985,57.985,100,,official,default,true
080174,Balenyà,24,Osona,2023,72221000,18132,87.2,30.8852,85,municipality,idescat_rfdbc_21181_25017,,2026-08-21T21:48:17Z,0.2.0,,,complete,30.8852,30.8852,100,,official,default,true
080180,Balsareny,07,Bages,2023,64056000,19376,93.2,44.3647,85,municipality,idescat_rfdbc_21181_25017,,2026-08-21T21:48:17Z,0.2.0,,,complete,44.3647,44.3647,100,,official,default,true
080193,Barcelona,13,Barcelonès,2023,43278408000,25898,124.6,100,85,municipality,idescat_rfdbc_21181_25017,,2026-08-21T21:48:17Z,0.2.0,,,complete,100,100,100,,official,default,true
080207,Begues,11,Baix Llobregat,2023,205036000,27588,132.7,100,85,municipality,idescat_rfdbc_21181_25017,,2026-08-21T21:48:17Z,0.2.0,,,complete,100,100,100,,official,default,true
080214,Bellprat,06,Anoia,2023,,,,,0,missing,idescat_rfdbc_21181_25017,,2026-08-21T21:48:17Z,0.2.0,not_published,,engineering_pending,0,100,0,,official,default,false
080229,Berga,14,Berguedà,2023,330234000,19322,92.9,43.7796,85,municipality,idescat_rfdbc_21181_25017,,2026-08-21T21:48:17Z,0.2.0,,,complete,43.7796,43.7796,100,,official,default,true
080235,Bigues i Riells del Fai,41,Vallès Oriental,2023,215950000,21632,104.1,68.8098,85,municipality,idescat_rfdbc_21181_25017,,2026-08-21T21:48:17Z,0.2.0,,,complete,68.8098,68.8098,100,,official,default,true
080240,Borredà,14,Berguedà,2023,,,,,0,missing,idescat_rfdbc_21181_25017,,2026-08-21T21:48:17Z,0.2.0,not_published,,engineering_pending,0,100,0,,official,default,false
080253,el Bruc,06,Anoia,2023,47646000,20779,99.9,59.567,85,municipality,idescat_rfdbc_21181_25017,,2026-08-21T21:48:17Z,0.2.0,,,complete,59.567,59.567,100,,official,default,true
080266,el Brull,24,Osona,2023,,,,,0,missing,idescat_rfdbc_21181_25017,,2026-08-21T21:48:17Z,0.2.0,not_published,,engineering_pending,0,100,0,,official,default,false
080272,les Cabanyes,03,Alt Penedès,2023,21232000,21169,101.8,63.7929,85,municipality,idescat_rfdbc_21181_25017,,2026-08-21T21:48:17Z,0.2.0,,,complete,63.7929,63.7929,100,,official,default,true
080288,Cabrera d'Anoia,06,Anoia,2023,28793000,16967,81.6,18.2618,85,municipality,idescat_rfdbc_21181_25017,,2026-08-21T21:48:17Z,0.2.0,,,complete,18.2618,18.2618,100,,official,default,true
080291,Cabrera de Mar,21,Maresme,2023,138383000,27805,133.7,100,85,municipality,idescat_rfdbc_21181_25017,,2026-08-21T21:48:17Z,0.2.0,,,complete,100,100,100,,official,default,true
080305,Cabrils,21,Maresme,2023,243673000,31280,150.5,100,85,municipality,idescat_rfdbc_21181_25017,,2026-08-21T21:48:17Z,0.2.0,,,complete,100,100,100,,official,default,true
080312,Calaf,06,Anoia,2023,64208000,17930,86.2,28.6964,85,municipality,idescat_rfdbc_21181_25017,,2026-08-21T21:48:17Z,0.2.0,,,complete,28.6964,28.6964,100,,official,default,true
080327,Caldes d'Estrac,21,Maresme,2023,73567000,22797,109.7,81.4332,85,municipality,idescat_rfdbc_21181_25017,,2026-08-21T21:48:17Z,0.2.0,,,complete,81.4332,81.4332,100,,official,default,true
080333,Caldes de Montbui,41,Vallès Oriental,2023,379424000,20817,100.1,59.9788,85,municipality,idescat_rfdbc_21181_25017,,2026-08-21T21:48:17Z,0.2.0,,,complete,59.9788,59.9788,100,,official,default,true
080348,Calders,42,Moianès,2023,23684000,21414,103,66.4476,85,municipality,idescat_rfdbc_21181_25017,,2026-08-21T21:48:17Z,0.2.0,,,complete,66.4476,66.4476,100,,official,default,true
080351,Calella,21,Maresme,2023,343012000,17163,82.6,20.3855,85,municipality,idescat_rfdbc_21181_25017,,2026-08-21T21:48:17Z,0.2.0,,,complete,20.3855,20.3855,100,,official,default,true
080364,Calonge de Segarra,06,Anoia,2023,,,,,0,missing,idescat_rfdbc_21181_25017,,2026-08-21T21:48:17Z,0.2.0,not_published,,engineering_pending,0,100,0,,official,default,false
080370,Calldetenes,24,Osona,2023,53613000,20254,97.4,53.8783,85,municipality,idescat_rfdbc_21181_25017,,2026-08-21T21:48:17Z,0.2.0,,,complete,53.8783,53.8783,100,,official,default,true
080386,Callús,07,Bages,2023,41591000,19646,94.5,47.2903,85,municipality,idescat_rfdbc_21181_25017,,2026-08-21T21:48:17Z,0.2.0,,,complete,47.2903,47.2903,100,,official,default,true
080399,Campins,41,Vallès Oriental,2023,,,,,0,missing,idescat_rfdbc_21181_25017,,2026-08-21T21:48:17Z,0.2.0,not_published,,engineering_pending,0,100,0,,official,default,false
080403,Canet de Mar,21,Maresme,2023,291318000,19325,93,43.8121,85,municipality,idescat_rfdbc_21181_25017,,2026-08-21T21:48:17Z,0.2.0,,,complete,43.8121,43.8121,100,,official,default,true
080410,Canovelles,41,Vallès Oriental,2023,291018000,16970,81.6,18.2943,85,municipality,idescat_rfdbc_21181_25017,,2026-08-21T21:48:17Z,0.2.0,,,complete,18.2943,18.2943,100,,official,default,true
080425,Cànoves i Samalús,41,Vallès Oriental,2023,67867000,20491,98.6,56.4464,85,municipality,idescat_rfdbc_21181_25017,,2026-08-21T21:48:17Z,0.2.0,,,complete,56.4464,56.4464,100,,official,default,true
080431,Canyelles,17,Garraf,2023,97992000,18527,89.1,35.1653,85,municipality,idescat_rfdbc_21181_25017,,2026-08-21T21:48:17Z,0.2.0,,,complete,35.1653,35.1653,100,,official,default,true
080446,Capellades,06,Anoia,2023,104884000,19112,91.9,41.5041,85,municipality,idescat_rfdbc_21181_25017,,2026-08-21T21:48:17Z,0.2.0,,,complete,41.5041,41.5041,100,,official,default,true
080459,Capolat,14,Berguedà,2023,,,,,0,missing,idescat_rfdbc_21181_25017,,2026-08-21T21:48:17Z,0.2.0,not_published,,engineering_pending,0,100,0,,official,default,false
080462,Cardedeu,41,Vallès Oriental,2023,404401000,21212,102,64.2588,85,municipality,idescat_rfdbc_21181_25017,,2026-08-21T21:48:17Z,0.2.0,,,complete,64.2588,64.2588,100,,official,default,true
080478,Cardona,07,Bages,2023,96809000,21221,102.1,64.3563,85,municipality,idescat_rfdbc_21181_25017,,2026-08-21T21:48:17Z,0.2.0,,,complete,64.3563,64.3563,100,,official,default,true
080484,Carme,06,Anoia,2023,,,,,0,missing,idescat_rfdbc_21181_25017,,2026-08-21T21:48:17Z,0.2.0,not_published,,engineering_pending,0,100,0,,official,default,false
080497,Casserres,14,Berguedà,2023,31588000,19041,91.6,40.7348,85,municipality,idescat_rfdbc_21181_25017,,2026-08-21T21:48:17Z,0.2.0,,,complete,40.7348,40.7348,100,,official,default,true
080500,Castellar del Riu,14,Berguedà,2023,,,,,0,missing,idescat_rfdbc_21181_25017,,2026-08-21T21:48:17Z,0.2.0,not_published,,engineering_pending,0,100,0,,official,default,false
080517,Castellar del Vallès,40,Vallès Occidental,2023,542912000,21534,103.6,67.7479,85,municipality,idescat_rfdbc_21181_25017,,2026-08-21T21:48:17Z,0.2.0,,,complete,67.7479,67.7479,100,,official,default,true
080522,Castellar de n'Hug,14,Berguedà,2023,,,,,0,missing,idescat_rfdbc_21181_25017,,2026-08-21T21:48:17Z,0.2.0,not_published,,engineering_pending,0,100,0,,official,default,false
080538,Castellbell i el Vilar,07,Bages,2023,72206000,17624,84.8,25.3807,85,municipality,idescat_rfdbc_21181_25017,,2026-08-21T21:48:17Z,0.2.0,,,complete,25.3807,25.3807,100,,official,default,true
080543,Castellbisbal,40,Vallès Occidental,2023,262171000,20352,97.9,54.9402,85,municipality,idescat_rfdbc_21181_25017,,2026-08-21T21:48:17Z,0.2.0,,,complete,54.9402,54.9402,100,,official,default,true
080556,Castellcir,42,Moianès,2023,,,,,0,missing,idescat_rfdbc_21181_25017,,2026-08-21T21:48:17Z,0.2.0,not_published,,engineering_pending,0,100,0,,official,default,false
080569,Castelldefels,11,Baix Llobregat,2023,1535699000,22337,107.4,76.4489,85,municipality,idescat_rfdbc_21181_25017,,2026-08-21T21:48:17Z,0.2.0,,,complete,76.4489,76.4489,100,,official,default,true
080575,Castell de l'Areny,14,Berguedà,2023,,,,,0,missing,idescat_rfdbc_21181_25017,,2026-08-21T21:48:17Z,0.2.0,not_published,,engineering_pending,0,100,0,,official,default,false
080581,Castellet i la Gornal,03,Alt Penedès,2023,45122000,17268,83.1,21.5233,85,municipality,idescat_rfdbc_21181_25017,,2026-08-21T21:48:17Z,0.2.0,,,complete,21.5233,21.5233,100,,official,default,true
080594,Castellfollit del Boix,07,Bages,2023,,,,,0,missing,idescat_rfdbc_21181_25017,,2026-08-21T21:48:17Z,0.2.0,not_published,,engineering_pending,0,100,0,,official,default,false
080608,Castellfollit de Riubregós,06,Anoia,2023,,,,,0,missing,idescat_rfdbc_21181_25017,,2026-08-21T21:48:17Z,0.2.0,not_published,,engineering_pending,0,100,0,,official,default,false
080615,Castellgalí,07,Bages,2023,43325000,18634,89.6,36.3247,85,municipality,idescat_rfdbc_21181_25017,,2026-08-21T21:48:17Z,0.2.0,,,complete,36.3247,36.3247,100,,official,default,true
080620,Castellnou de Bages,07,Bages,2023,30145000,21155,101.8,63.6412,85,municipality,idescat_rfdbc_21181_25017,,2026-08-21T21:48:17Z,0.2.0,,,complete,63.6412,63.6412,100,,official,default,true
080636,Castellolí,06,Anoia,2023,,,,,0,missing,idescat_rfdbc_21181_25017,,2026-08-21T21:48:17Z,0.2.0,not_published,,engineering_pending,0,100,0,,official,default,false
080641,Castellterçol,42,Moianès,2023,52391000,19100,91.9,41.3741,85,municipality,idescat_rfdbc_21181_25017,,2026-08-21T21:48:17Z,0.2.0,,,complete,41.3741,41.3741,100,,official,default,true
080654,Castellví de la Marca,03,Alt Penedès,2023,30280000,17938,86.3,28.7831,85,municipality,idescat_rfdbc_21181_25017,,2026-08-21T21:48:17Z,0.2.0,,,complete,28.7831,28.7831,100,,official,default,true
080667,Castellví de Rosanes,11,Baix Llobregat,2023,44193000,21175,101.9,63.8579,85,municipality,idescat_rfdbc_21181_25017,,2026-08-21T21:48:17Z,0.2.0,,,complete,63.8579,63.8579,100,,official,default,true
080673,Centelles,24,Osona,2023,156930000,20239,97.4,53.7158,85,municipality,idescat_rfdbc_21181_25017,,2026-08-21T21:48:17Z,0.2.0,,,complete,53.7158,53.7158,100,,official,default,true
080689,Cervelló,11,Baix Llobregat,2023,215507000,22571,108.6,78.9844,85,municipality,idescat_rfdbc_21181_25017,,2026-08-21T21:48:17Z,0.2.0,,,complete,78.9844,78.9844,100,,official,default,true
080692,Collbató,11,Baix Llobregat,2023,118221000,24461,117.7,99.4636,85,municipality,idescat_rfdbc_21181_25017,,2026-08-21T21:48:17Z,0.2.0,,,complete,99.4636,99.4636,100,,official,default,true
080706,Collsuspina,42,Moianès,2023,,,,,0,missing,idescat_rfdbc_21181_25017,,2026-08-21T21:48:17Z,0.2.0,not_published,,engineering_pending,0,100,0,,official,default,false
080713,Copons,06,Anoia,2023,,,,,0,missing,idescat_rfdbc_21181_25017,,2026-08-21T21:48:17Z,0.2.0,not_published,,engineering_pending,0,100,0,,official,default,false
080728,Corbera de Llobregat,11,Baix Llobregat,2023,343385000,21929,105.5,72.0279,85,municipality,idescat_rfdbc_21181_25017,,2026-08-21T21:48:17Z,0.2.0,,,complete,72.0279,72.0279,100,,official,default,true
080734,Cornellà de Llobregat,11,Baix Llobregat,2023,1738405000,19180,92.3,42.2409,85,municipality,idescat_rfdbc_21181_25017,,2026-08-21T21:48:17Z,0.2.0,,,complete,42.2409,42.2409,100,,official,default,true
080749,Cubelles,17,Garraf,2023,325257000,18982,91.3,40.0955,85,municipality,idescat_rfdbc_21181_25017,,2026-08-21T21:48:17Z,0.2.0,,,complete,40.0955,40.0955,100,,official,default,true
080752,Dosrius,21,Maresme,2023,121647000,20114,96.7,52.3613,85,municipality,idescat_rfdbc_21181_25017,,2026-08-21T21:48:17Z,0.2.0,,,complete,52.3613,52.3613,100,,official,default,true
080765,Esparreguera,11,Baix Llobregat,2023,448152000,19968,96,50.7793,85,municipality,idescat_rfdbc_21181_25017,,2026-08-21T21:48:17Z,0.2.0,,,complete,50.7793,50.7793,100,,official,default,true
080771,Esplugues de Llobregat,11,Baix Llobregat,2023,1085679000,22939,110.3,82.9719,85,municipality,idescat_rfdbc_21181_25017,,2026-08-21T21:48:17Z,0.2.0,,,complete,82.9719,82.9719,100,,official,default,true
080787,l'Espunyola,14,Berguedà,2023,,,,,0,missing,idescat_rfdbc_21181_25017,,2026-08-21T21:48:17Z,0.2.0,not_published,,engineering_pending,0,100,0,,official,default,false
080790,l'Estany,42,Moianès,2023,,,,,0,missing,idescat_rfdbc_21181_25017,,2026-08-21T21:48:17Z,0.2.0,not_published,,engineering_pending,0,100,0,,official,default,false
080804,Fígols,14,Berguedà,2023,,,,,0,missing,idescat_rfdbc_21181_25017,,2026-08-21T21:48:17Z,0.2.0,not_published,,engineering_pending,0,100,0,,official,default,false
080811,Fogars de Montclús,41,Vallès Oriental,2023,,,,,0,missing,idescat_rfdbc_21181_25017,,2026-08-21T21:48:17Z,0.2.0,not_published,,engineering_pending,0,100,0,,official,default,false
080826,Fogars de la Selva,34,Selva,2023,29552000,17899,86.1,28.3605,85,municipality,idescat_rfdbc_21181_25017,,2026-08-21T21:48:17Z,0.2.0,,,complete,28.3605,28.3605,100,,official,default,true
080832,Folgueroles,24,Osona,2023,51876000,22974,110.5,83.3511,85,municipality,idescat_rfdbc_21181_25017,,2026-08-21T21:48:17Z,0.2.0,,,complete,83.3511,83.3511,100,,official,default,true
080847,Fonollosa,07,Bages,2023,31229000,19853,95.5,49.5333,85,municipality,idescat_rfdbc_21181_25017,,2026-08-21T21:48:17Z,0.2.0,,,complete,49.5333,49.5333,100,,official,default,true
080850,Font-rubí,03,Alt Penedès,2023,25940000,17976,86.5,29.1949,85,municipality,idescat_rfdbc_21181_25017,,2026-08-21T21:48:17Z,0.2.0,,,complete,29.1949,29.1949,100,,official,default,true
080863,les Franqueses del Vallès,41,Vallès Oriental,2023,390462000,18971,91.3,39.9763,85,municipality,idescat_rfdbc_21181_25017,,2026-08-21T21:48:17Z,0.2.0,,,complete,39.9763,39.9763,100,,official,default,true
080879,Gallifa,40,Vallès Occidental,2023,,,,,0,missing,idescat_rfdbc_21181_25017,,2026-08-21T21:48:17Z,0.2.0,not_published,,engineering_pending,0,100,0,,official,default,false
080885,la Garriga,41,Vallès Oriental,2023,392786000,22903,110.2,82.5818,85,municipality,idescat_rfdbc_21181_25017,,2026-08-21T21:48:17Z,0.2.0,,,complete,82.5818,82.5818,100,,official,default,true
080898,Gavà,11,Baix Llobregat,2023,1043565000,21866,105.2,71.3453,85,municipality,idescat_rfdbc_21181_25017,,2026-08-21T21:48:17Z,0.2.0,,,complete,71.3453,71.3453,100,,official,default,true
080902,Gaià,07,Bages,2023,,,,,0,missing,idescat_rfdbc_21181_25017,,2026-08-21T21:48:17Z,0.2.0,not_published,,engineering_pending,0,100,0,,official,default,false
080919,Gelida,03,Alt Penedès,2023,154400000,19286,92.8,43.3895,85,municipality,idescat_rfdbc_21181_25017,,2026-08-21T21:48:17Z,0.2.0,,,complete,43.3895,43.3895,100,,official,default,true
080924,Gironella,14,Berguedà,2023,97559000,19419,93.4,44.8306,85,municipality,idescat_rfdbc_21181_25017,,2026-08-21T21:48:17Z,0.2.0,,,complete,44.8306,44.8306,100,,official,default,true
080930,Gisclareny,14,Berguedà,2023,,,,,0,missing,idescat_rfdbc_21181_25017,,2026-08-21T21:48:17Z,0.2.0,not_published,,engineering_pending,0,100,0,,official,default,false
080945,la Granada,03,Alt Penedès,2023,45988000,20485,98.5,56.3813,85,municipality,idescat_rfdbc_21181_25017,,2026-08-21T21:48:17Z,0.2.0,,,complete,56.3813,56.3813,100,,official,default,true
080958,Granera,42,Moianès,2023,,,,,0,missing,idescat_rfdbc_21181_25017,,2026-08-21T21:48:17Z,0.2.0,not_published,,engineering_pending,0,100,0,,official,default,false
080961,Granollers,41,Vallès Oriental,2023,1309106000,20642,99.3,58.0825,85,municipality,idescat_rfdbc_21181_25017,,2026-08-21T21:48:17Z,0.2.0,,,complete,58.0825,58.0825,100,,official,default,true
080977,Gualba,41,Vallès Oriental,2023,33421000,19637,94.5,47.1928,85,municipality,idescat_rfdbc_21181_25017,,2026-08-21T21:48:17Z,0.2.0,,,complete,47.1928,47.1928,100,,official,default,true
080983,Sant Salvador de Guardiola,07,Bages,2023,66868000,19399,93.3,44.6139,85,municipality,idescat_rfdbc_21181_25017,,2026-08-21T21:48:17Z,0.2.0,,,complete,44.6139,44.6139,100,,official,default,true
080996,Guardiola de Berguedà,14,Berguedà,2023,,,,,0,missing,idescat_rfdbc_21181_25017,,2026-08-21T21:48:17Z,0.2.0,not_published,,engineering_pending,0,100,0,,official,default,false
081000,Gurb,24,Osona,2023,70592000,26145,125.8,100,85,municipality,idescat_rfdbc_21181_25017,,2026-08-21T21:48:17Z,0.2.0,,,complete,100,100,100,,official,default,true
081017,l'Hospitalet de Llobregat,13,Barcelonès,2023,4916057000,17591,84.6,25.0232,85,municipality,idescat_rfdbc_21181_25017,,2026-08-21T21:48:17Z,0.2.0,,,complete,25.0232,25.0232,100,,official,default,true
081022,Igualada,06,Anoia,2023,819475000,19738,94.9,48.2872,85,municipality,idescat_rfdbc_21181_25017,,2026-08-21T21:48:17Z,0.2.0,,,complete,48.2872,48.2872,100,,official,default,true
081038,Jorba,06,Anoia,2023,,,,,0,missing,idescat_rfdbc_21181_25017,,2026-08-21T21:48:17Z,0.2.0,not_published,,engineering_pending,0,100,0,,official,default,false
081043,la Llacuna,06,Anoia,2023,,,,,0,missing,idescat_rfdbc_21181_25017,,2026-08-21T21:48:17Z,0.2.0,not_published,,engineering_pending,0,100,0,,official,default,false
081056,la Llagosta,41,Vallès Oriental,2023,236490000,18051,86.8,30.0075,85,municipality,idescat_rfdbc_21181_25017,,2026-08-21T21:48:17Z,0.2.0,,,complete,30.0075,30.0075,100,,official,default,true
081069,Llinars del Vallès,41,Vallès Oriental,2023,224893000,21246,102.2,64.6272,85,municipality,idescat_rfdbc_21181_25017,,2026-08-21T21:48:17Z,0.2.0,,,complete,64.6272,64.6272,100,,official,default,true
081075,Lliçà d'Amunt,41,Vallès Oriental,2023,332332000,20574,99,57.3457,85,municipality,idescat_rfdbc_21181_25017,,2026-08-21T21:48:17Z,0.2.0,,,complete,57.3457,57.3457,100,,official,default,true
081081,Lliçà de Vall,41,Vallès Oriental,2023,149670000,22027,106,73.0898,85,municipality,idescat_rfdbc_21181_25017,,2026-08-21T21:48:17Z,0.2.0,,,complete,73.0898,73.0898,100,,official,default,true
081094,Lluçà,43,Lluçanès,2023,,,,,0,missing,idescat_rfdbc_21181_25017,,2026-08-21T21:48:17Z,0.2.0,not_published,,engineering_pending,0,100,0,,official,default,false
081108,Malgrat de Mar,21,Maresme,2023,340275000,17709,85.2,26.3018,85,municipality,idescat_rfdbc_21181_25017,,2026-08-21T21:48:17Z,0.2.0,,,complete,26.3018,26.3018,100,,official,default,true
081115,Malla,24,Osona,2023,,,,,0,missing,idescat_rfdbc_21181_25017,,2026-08-21T21:48:17Z,0.2.0,not_published,,engineering_pending,0,100,0,,official,default,false
081120,Manlleu,24,Osona,2023,367381000,17297,83.2,21.8375,85,municipality,idescat_rfdbc_21181_25017,,2026-08-21T21:48:17Z,0.2.0,,,complete,21.8375,21.8375,100,,official,default,true
081136,Manresa,07,Bages,2023,1521333000,19221,92.5,42.6852,85,municipality,idescat_rfdbc_21181_25017,,2026-08-21T21:48:17Z,0.2.0,,,complete,42.6852,42.6852,100,,official,default,true
081141,Martorell,11,Baix Llobregat,2023,539694000,18897,90.9,39.1744,85,municipality,idescat_rfdbc_21181_25017,,2026-08-21T21:48:17Z,0.2.0,,,complete,39.1744,39.1744,100,,official,default,true
081154,Martorelles,41,Vallès Oriental,2023,105739000,21370,102.8,65.9708,85,municipality,idescat_rfdbc_21181_25017,,2026-08-21T21:48:17Z,0.2.0,,,complete,65.9708,65.9708,100,,official,default,true
081167,les Masies de Roda,24,Osona,2023,,,,,0,missing,idescat_rfdbc_21181_25017,,2026-08-21T21:48:17Z,0.2.0,not_published,,engineering_pending,0,100,0,,official,default,false
081173,les Masies de Voltregà,24,Osona,2023,67622000,20698,99.6,58.6893,85,municipality,idescat_rfdbc_21181_25017,,2026-08-21T21:48:17Z,0.2.0,,,complete,58.6893,58.6893,100,,official,default,true
081189,el Masnou,21,Maresme,2023,581523000,23920,115.1,93.6016,85,municipality,idescat_rfdbc_21181_25017,,2026-08-21T21:48:17Z,0.2.0,,,complete,93.6016,93.6016,100,,official,default,true
081192,Masquefa,06,Anoia,2023,180466000,18196,87.5,31.5787,85,municipality,idescat_rfdbc_21181_25017,,2026-08-21T21:48:17Z,0.2.0,,,complete,31.5787,31.5787,100,,official,default,true
081206,Matadepera,40,Vallès Occidental,2023,343350000,34766,167.2,100,85,municipality,idescat_rfdbc_21181_25017,,2026-08-21T21:48:17Z,0.2.0,,,complete,100,100,100,,official,default,true
081213,Mataró,21,Maresme,2023,2405098000,18465,88.8,34.4935,85,municipality,idescat_rfdbc_21181_25017,,2026-08-21T21:48:17Z,0.2.0,,,complete,34.4935,34.4935,100,,official,default,true
081228,Mediona,03,Alt Penedès,2023,43463000,16469,79.2,12.8656,85,municipality,idescat_rfdbc_21181_25017,,2026-08-21T21:48:17Z,0.2.0,,,complete,12.8656,12.8656,100,,official,default,true
081234,Molins de Rei,11,Baix Llobregat,2023,615619000,23013,110.7,83.7737,85,municipality,idescat_rfdbc_21181_25017,,2026-08-21T21:48:17Z,0.2.0,,,complete,83.7737,83.7737,100,,official,default,true
081249,Mollet del Vallès,41,Vallès Oriental,2023,991094000,19106,91.9,41.4391,85,municipality,idescat_rfdbc_21181_25017,,2026-08-21T21:48:17Z,0.2.0,,,complete,41.4391,41.4391,100,,official,default,true
081252,Montcada i Reixac,40,Vallès Occidental,2023,687364000,18591,89.4,35.8587,85,municipality,idescat_rfdbc_21181_25017,,2026-08-21T21:48:17Z,0.2.0,,,complete,35.8587,35.8587,100,,official,default,true
081265,Montgat,21,Maresme,2023,276949000,22061,106.1,73.4582,85,municipality,idescat_rfdbc_21181_25017,,2026-08-21T21:48:17Z,0.2.0,,,complete,73.4582,73.4582,100,,official,default,true
081271,Monistrol de Montserrat,07,Bages,2023,58272000,18302,88,32.7273,85,municipality,idescat_rfdbc_21181_25017,,2026-08-21T21:48:17Z,0.2.0,,,complete,32.7273,32.7273,100,,official,default,true
081287,Monistrol de Calders,42,Moianès,2023,,,,,0,missing,idescat_rfdbc_21181_25017,,2026-08-21T21:48:17Z,0.2.0,not_published,,engineering_pending,0,100,0,,official,default,false
081290,Muntanyola,24,Osona,2023,,,,,0,missing,idescat_rfdbc_21181_25017,,2026-08-21T21:48:17Z,0.2.0,not_published,,engineering_pending,0,100,0,,official,default,false
081304,Montclar,14,Berguedà,2023,,,,,0,missing,idescat_rfdbc_21181_25017,,2026-08-21T21:48:17Z,0.2.0,not_published,,engineering_pending,0,100,0,,official,default,false
081311,Montesquiu,24,Osona,2023,19214000,17499,84.2,24.0263,85,municipality,idescat_rfdbc_21181_25017,,2026-08-21T21:48:17Z,0.2.0,,,complete,24.0263,24.0263,100,,official,default,true
081326,Montmajor,14,Berguedà,2023,,,,,0,missing,idescat_rfdbc_21181_25017,,2026-08-21T21:48:17Z,0.2.0,not_published,,engineering_pending,0,100,0,,official,default,false
081332,Montmaneu,06,Anoia,2023,,,,,0,missing,idescat_rfdbc_21181_25017,,2026-08-21T21:48:17Z,0.2.0,not_published,,engineering_pending,0,100,0,,official,default,false
081347,Figaró-Montmany,41,Vallès Oriental,2023,21523000,18302,88,32.7273,85,municipality,idescat_rfdbc_21181_25017,,2026-08-21T21:48:17Z,0.2.0,,,complete,32.7273,32.7273,100,,official,default,true
081350,Montmeló,41,Vallès Oriental,2023,175046000,19786,95.2,48.8073,85,municipality,idescat_rfdbc_21181_25017,,2026-08-21T21:48:17Z,0.2.0,,,complete,48.8073,48.8073,100,,official,default,true
081363,Montornès del Vallès,41,Vallès Oriental,2023,316372000,18719,90,37.2457,85,municipality,idescat_rfdbc_21181_25017,,2026-08-21T21:48:17Z,0.2.0,,,complete,37.2457,37.2457,100,,official,default,true
081379,Montseny,41,Vallès Oriental,2023,,,,,0,missing,idescat_rfdbc_21181_25017,,2026-08-21T21:48:17Z,0.2.0,not_published,,engineering_pending,0,100,0,,official,default,false
081385,Moià,42,Moianès,2023,127335000,19034,91.6,40.6589,85,municipality,idescat_rfdbc_21181_25017,,2026-08-21T21:48:17Z,0.2.0,,,complete,40.6589,40.6589,100,,official,default,true
081398,Mura,07,Bages,2023,,,,,0,missing,idescat_rfdbc_21181_25017,,2026-08-21T21:48:17Z,0.2.0,not_published,,engineering_pending,0,100,0,,official,default,false
081402,Navarcles,07,Bages,2023,128643000,20982,100.9,61.7666,85,municipality,idescat_rfdbc_21181_25017,,2026-08-21T21:48:17Z,0.2.0,,,complete,61.7666,61.7666,100,,official,default,true
081419,Navàs,07,Bages,2023,126563000,20513,98.7,56.6847,85,municipality,idescat_rfdbc_21181_25017,,2026-08-21T21:48:17Z,0.2.0,,,complete,56.6847,56.6847,100,,official,default,true
081424,la Nou de Berguedà,14,Berguedà,2023,,,,,0,missing,idescat_rfdbc_21181_25017,,2026-08-21T21:48:17Z,0.2.0,not_published,,engineering_pending,0,100,0,,official,default,false
081430,Òdena,06,Anoia,2023,66928000,18113,87.1,30.6793,85,municipality,idescat_rfdbc_21181_25017,,2026-08-21T21:48:17Z,0.2.0,,,complete,30.6793,30.6793,100,,official,default,true
081445,Olvan,14,Berguedà,2023,,,,,0,missing,idescat_rfdbc_21181_25017,,2026-08-21T21:48:17Z,0.2.0,not_published,,engineering_pending,0,100,0,,official,default,false
081458,Olèrdola,03,Alt Penedès,2023,81066000,20533,98.8,56.9015,85,municipality,idescat_rfdbc_21181_25017,,2026-08-21T21:48:17Z,0.2.0,,,complete,56.9015,56.9015,100,,official,default,true
081461,Olesa de Bonesvalls,03,Alt Penedès,2023,42163000,20068,96.5,51.8629,85,municipality,idescat_rfdbc_21181_25017,,2026-08-21T21:48:17Z,0.2.0,,,complete,51.8629,51.8629,100,,official,default,true
081477,Olesa de Montserrat,11,Baix Llobregat,2023,476323000,19382,93.2,44.4297,85,municipality,idescat_rfdbc_21181_25017,,2026-08-21T21:48:17Z,0.2.0,,,complete,44.4297,44.4297,100,,official,default,true
081483,Olivella,17,Garraf,2023,80100000,18057,86.9,30.0725,85,municipality,idescat_rfdbc_21181_25017,,2026-08-21T21:48:17Z,0.2.0,,,complete,30.0725,30.0725,100,,official,default,true
081496,Olost,43,Lluçanès,2023,26630000,21828,105,70.9335,85,municipality,idescat_rfdbc_21181_25017,,2026-08-21T21:48:17Z,0.2.0,,,complete,70.9335,70.9335,100,,official,default,true
081509,Orís,24,Osona,2023,,,,,0,missing,idescat_rfdbc_21181_25017,,2026-08-21T21:48:17Z,0.2.0,not_published,,engineering_pending,0,100,0,,official,default,false
081516,Oristà,43,Lluçanès,2023,,,,,0,missing,idescat_rfdbc_21181_25017,,2026-08-21T21:48:17Z,0.2.0,not_published,,engineering_pending,0,100,0,,official,default,false
081521,Orpí,06,Anoia,2023,,,,,0,missing,idescat_rfdbc_21181_25017,,2026-08-21T21:48:17Z,0.2.0,not_published,,engineering_pending,0,100,0,,official,default,false
081537,Òrrius,21,Maresme,2023,,,,,0,missing,idescat_rfdbc_21181_25017,,2026-08-21T21:48:17Z,0.2.0,not_published,,engineering_pending,0,100,0,,official,default,false
081542,Pacs del Penedès,03,Alt Penedès,2023,,,,,0,missing,idescat_rfdbc_21181_25017,,2026-08-21T21:48:17Z,0.2.0,not_published,,engineering_pending,0,100,0,,official,default,false
081555,Palafolls,21,Maresme,2023,174685000,17675,85,25.9334,85,municipality,idescat_rfdbc_21181_25017,,2026-08-21T21:48:17Z,0.2.0,,,complete,25.9334,25.9334,100,,official,default,true
081568,Palau-solità i Plegamans,40,Vallès Occidental,2023,324822000,21251,102.2,64.6814,85,municipality,idescat_rfdbc_21181_25017,,2026-08-21T21:48:17Z,0.2.0,,,complete,64.6814,64.6814,100,,official,default,true
081574,Pallejà,11,Baix Llobregat,2023,264208000,22448,108,77.6516,85,municipality,idescat_rfdbc_21181_25017,,2026-08-21T21:48:17Z,0.2.0,,,complete,77.6516,77.6516,100,,official,default,true
081580,el Papiol,11,Baix Llobregat,2023,90589000,20839,100.2,60.2171,85,municipality,idescat_rfdbc_21181_25017,,2026-08-21T21:48:17Z,0.2.0,,,complete,60.2171,60.2171,100,,official,default,true
081593,Parets del Vallès,41,Vallès Oriental,2023,393662000,20836,100.2,60.1846,85,municipality,idescat_rfdbc_21181_25017,,2026-08-21T21:48:17Z,0.2.0,,,complete,60.1846,60.1846,100,,official,default,true
081607,Perafita,43,Lluçanès,2023,,,,,0,missing,idescat_rfdbc_21181_25017,,2026-08-21T21:48:17Z,0.2.0,not_published,,engineering_pending,0,100,0,,official,default,false
081614,Piera,06,Anoia,2023,301922000,17371,83.6,22.6393,85,municipality,idescat_rfdbc_21181_25017,,2026-08-21T21:48:17Z,0.2.0,,,complete,22.6393,22.6393,100,,official,default,true
081629,els Hostalets de Pierola,06,Anoia,2023,58315000,18155,87.3,31.1344,85,municipality,idescat_rfdbc_21181_25017,,2026-08-21T21:48:17Z,0.2.0,,,complete,31.1344,31.1344,100,,official,default,true
081635,Pineda de Mar,21,Maresme,2023,492231000,16901,81.3,17.5466,85,municipality,idescat_rfdbc_21181_25017,,2026-08-21T21:48:17Z,0.2.0,,,complete,17.5466,17.5466,100,,official,default,true
081640,el Pla del Penedès,03,Alt Penedès,2023,24383000,18292,88,32.6189,85,municipality,idescat_rfdbc_21181_25017,,2026-08-21T21:48:17Z,0.2.0,,,complete,32.6189,32.6189,100,,official,default,true
081653,la Pobla de Claramunt,06,Anoia,2023,46250000,19773,95.1,48.6664,85,municipality,idescat_rfdbc_21181_25017,,2026-08-21T21:48:17Z,0.2.0,,,complete,48.6664,48.6664,100,,official,default,true
081666,la Pobla de Lillet,14,Berguedà,2023,21940000,19927,95.9,50.3351,85,municipality,idescat_rfdbc_21181_25017,,2026-08-21T21:48:17Z,0.2.0,,,complete,50.3351,50.3351,100,,official,default,true
081672,Polinyà,40,Vallès Occidental,2023,162066000,19038,91.6,40.7023,85,municipality,idescat_rfdbc_21181_25017,,2026-08-21T21:48:17Z,0.2.0,,,complete,40.7023,40.7023,100,,official,default,true
081688,Pontons,03,Alt Penedès,2023,,,,,0,missing,idescat_rfdbc_21181_25017,,2026-08-21T21:48:17Z,0.2.0,not_published,,engineering_pending,0,100,0,,official,default,false
081691,el Prat de Llobregat,11,Baix Llobregat,2023,1324343000,20168,97,52.9465,85,municipality,idescat_rfdbc_21181_25017,,2026-08-21T21:48:17Z,0.2.0,,,complete,52.9465,52.9465,100,,official,default,true
081705,els Prats de Rei,06,Anoia,2023,,,,,0,missing,idescat_rfdbc_21181_25017,,2026-08-21T21:48:17Z,0.2.0,not_published,,engineering_pending,0,100,0,,official,default,false
081712,Prats de Lluçanès,43,Lluçanès,2023,52911000,19699,94.8,47.8646,85,municipality,idescat_rfdbc_21181_25017,,2026-08-21T21:48:17Z,0.2.0,,,complete,47.8646,47.8646,100,,official,default,true
081727,Premià de Mar,21,Maresme,2023,586162000,20343,97.9,54.8427,85,municipality,idescat_rfdbc_21181_25017,,2026-08-21T21:48:17Z,0.2.0,,,complete,54.8427,54.8427,100,,official,default,true
081748,Puigdàlber,03,Alt Penedès,2023,,,,,0,missing,idescat_rfdbc_21181_25017,,2026-08-21T21:48:17Z,0.2.0,not_published,,engineering_pending,0,100,0,,official,default,false
081751,Puig-reig,14,Berguedà,2023,85280000,19212,92.4,42.5876,85,municipality,idescat_rfdbc_21181_25017,,2026-08-21T21:48:17Z,0.2.0,,,complete,42.5876,42.5876,100,,official,default,true
081764,Pujalt,06,Anoia,2023,,,,,0,missing,idescat_rfdbc_21181_25017,,2026-08-21T21:48:17Z,0.2.0,not_published,,engineering_pending,0,100,0,,official,default,false
081770,la Quar,14,Berguedà,2023,,,,,0,missing,idescat_rfdbc_21181_25017,,2026-08-21T21:48:17Z,0.2.0,not_published,,engineering_pending,0,100,0,,official,default,false
081786,Rajadell,07,Bages,2023,,,,,0,missing,idescat_rfdbc_21181_25017,,2026-08-21T21:48:17Z,0.2.0,not_published,,engineering_pending,0,100,0,,official,default,false
081799,Rellinars,40,Vallès Occidental,2023,,,,,0,missing,idescat_rfdbc_21181_25017,,2026-08-21T21:48:17Z,0.2.0,not_published,,engineering_pending,0,100,0,,official,default,false
081803,Ripollet,40,Vallès Occidental,2023,710966000,18087,87,30.3976,85,municipality,idescat_rfdbc_21181_25017,,2026-08-21T21:48:17Z,0.2.0,,,complete,30.3976,30.3976,100,,official,default,true
081810,la Roca del Vallès,41,Vallès Oriental,2023,255326000,23399,112.6,87.9562,85,municipality,idescat_rfdbc_21181_25017,,2026-08-21T21:48:17Z,0.2.0,,,complete,87.9562,87.9562,100,,official,default,true
081825,el Pont de Vilomara i Rocafort,07,Bages,2023,71388000,17361,83.5,22.531,85,municipality,idescat_rfdbc_21181_25017,,2026-08-21T21:48:17Z,0.2.0,,,complete,22.531,22.531,100,,official,default,true
081831,Roda de Ter,24,Osona,2023,130255000,19175,92.2,42.1867,85,municipality,idescat_rfdbc_21181_25017,,2026-08-21T21:48:17Z,0.2.0,,,complete,42.1867,42.1867,100,,official,default,true
081846,Rubí,40,Vallès Occidental,2023,1493163000,18483,88.9,34.6885,85,municipality,idescat_rfdbc_21181_25017,,2026-08-21T21:48:17Z,0.2.0,,,complete,34.6885,34.6885,100,,official,default,true
081859,Rubió,06,Anoia,2023,,,,,0,missing,idescat_rfdbc_21181_25017,,2026-08-21T21:48:17Z,0.2.0,not_published,,engineering_pending,0,100,0,,official,default,false
081878,Sabadell,40,Vallès Occidental,2023,4461882000,20303,97.7,54.4093,85,municipality,idescat_rfdbc_21181_25017,,2026-08-21T21:48:17Z,0.2.0,,,complete,54.4093,54.4093,100,,official,default,true
081884,Sagàs,14,Berguedà,2023,,,,,0,missing,idescat_rfdbc_21181_25017,,2026-08-21T21:48:17Z,0.2.0,not_published,,engineering_pending,0,100,0,,official,default,false
081897,Sant Pere Sallavinera,06,Anoia,2023,,,,,0,missing,idescat_rfdbc_21181_25017,,2026-08-21T21:48:17Z,0.2.0,not_published,,engineering_pending,0,100,0,,official,default,false
081901,Saldes,14,Berguedà,2023,,,,,0,missing,idescat_rfdbc_21181_25017,,2026-08-21T21:48:17Z,0.2.0,not_published,,engineering_pending,0,100,0,,official,default,false
081918,Sallent,07,Bages,2023,138599000,20166,97,52.9248,85,municipality,idescat_rfdbc_21181_25017,,2026-08-21T21:48:17Z,0.2.0,,,complete,52.9248,52.9248,100,,official,default,true
081923,Santpedor,07,Bages,2023,165665000,21557,103.7,67.9971,85,municipality,idescat_rfdbc_21181_25017,,2026-08-21T21:48:17Z,0.2.0,,,complete,67.9971,67.9971,100,,official,default,true
081939,Sant Iscle de Vallalta,21,Maresme,2023,28166000,19345,93,44.0288,85,municipality,idescat_rfdbc_21181_25017,,2026-08-21T21:48:17Z,0.2.0,,,complete,44.0288,44.0288,100,,official,default,true
081944,Sant Adrià de Besòs,13,Barcelonès,2023,661754000,17283,83.1,21.6858,85,municipality,idescat_rfdbc_21181_25017,,2026-08-21T21:48:17Z,0.2.0,,,complete,21.6858,21.6858,100,,official,default,true
081957,Sant Agustí de Lluçanès,24,Osona,2023,,,,,0,missing,idescat_rfdbc_21181_25017,,2026-08-21T21:48:17Z,0.2.0,not_published,,engineering_pending,0,100,0,,official,default,false
081960,Sant Andreu de la Barca,11,Baix Llobregat,2023,518751000,19253,92.6,43.0319,85,municipality,idescat_rfdbc_21181_25017,,2026-08-21T21:48:17Z,0.2.0,,,complete,43.0319,43.0319,100,,official,default,true
081976,Sant Andreu de Llavaneres,21,Maresme,2023,283375000,23819,114.6,92.5072,85,municipality,idescat_rfdbc_21181_25017,,2026-08-21T21:48:17Z,0.2.0,,,complete,92.5072,92.5072,100,,official,default,true
081982,Sant Antoni de Vilamajor,41,Vallès Oriental,2023,147196000,22272,107.1,75.7445,85,municipality,idescat_rfdbc_21181_25017,,2026-08-21T21:48:17Z,0.2.0,,,complete,75.7445,75.7445,100,,official,default,true
081995,Sant Bartomeu del Grau,24,Osona,2023,,,,,0,missing,idescat_rfdbc_21181_25017,,2026-08-21T21:48:17Z,0.2.0,not_published,,engineering_pending,0,100,0,,official,default,false
082009,Sant Boi de Llobregat,11,Baix Llobregat,2023,1644512000,19548,94,46.2284,85,municipality,idescat_rfdbc_21181_25017,,2026-08-21T21:48:17Z,0.2.0,,,complete,46.2284,46.2284,100,,official,default,true
082016,Sant Boi de Lluçanès,24,Osona,2023,,,,,0,missing,idescat_rfdbc_21181_25017,,2026-08-21T21:48:17Z,0.2.0,not_published,,engineering_pending,0,100,0,,official,default,false
082021,Sant Celoni,41,Vallès Oriental,2023,354836000,19112,91.9,41.5041,85,municipality,idescat_rfdbc_21181_25017,,2026-08-21T21:48:17Z,0.2.0,,,complete,41.5041,41.5041,100,,official,default,true
082037,Sant Cebrià de Vallalta,21,Maresme,2023,76021000,19984,96.1,50.9527,85,municipality,idescat_rfdbc_21181_25017,,2026-08-21T21:48:17Z,0.2.0,,,complete,50.9527,50.9527,100,,official,default,true
082042,Sant Climent de Llobregat,11,Baix Llobregat,2023,86641000,20639,99.3,58.05,85,municipality,idescat_rfdbc_21181_25017,,2026-08-21T21:48:17Z,0.2.0,,,complete,58.05,58.05,100,,official,default,true
082055,Sant Cugat del Vallès,40,Vallès Occidental,2023,2985806000,30434,146.4,100,85,municipality,idescat_rfdbc_21181_25017,,2026-08-21T21:48:17Z,0.2.0,,,complete,100,100,100,,official,default,true
082068,Sant Cugat Sesgarrigues,03,Alt Penedès,2023,20187000,19656,94.5,47.3986,85,municipality,idescat_rfdbc_21181_25017,,2026-08-21T21:48:17Z,0.2.0,,,complete,47.3986,47.3986,100,,official,default,true
082074,Sant Esteve de Palautordera,41,Vallès Oriental,2023,67158000,21954,105.6,72.2988,85,municipality,idescat_rfdbc_21181_25017,,2026-08-21T21:48:17Z,0.2.0,,,complete,72.2988,72.2988,100,,official,default,true
082080,Sant Esteve Sesrovires,11,Baix Llobregat,2023,179703000,22581,108.6,79.0927,85,municipality,idescat_rfdbc_21181_25017,,2026-08-21T21:48:17Z,0.2.0,,,complete,79.0927,79.0927,100,,official,default,true
082093,Sant Fost de Campsentelles,41,Vallès Oriental,2023,196529000,21394,102.9,66.2309,85,municipality,idescat_rfdbc_21181_25017,,2026-08-21T21:48:17Z,0.2.0,,,complete,66.2309,66.2309,100,,official,default,true
082107,Sant Feliu de Codines,41,Vallès Oriental,2023,125954000,19224,92.5,42.7177,85,municipality,idescat_rfdbc_21181_25017,,2026-08-21T21:48:17Z,0.2.0,,,complete,42.7177,42.7177,100,,official,default,true
082114,Sant Feliu de Llobregat,11,Baix Llobregat,2023,1033330000,22381,107.7,76.9256,85,municipality,idescat_rfdbc_21181_25017,,2026-08-21T21:48:17Z,0.2.0,,,complete,76.9256,76.9256,100,,official,default,true
082129,Sant Feliu Sasserra,07,Bages,2023,,,,,0,missing,idescat_rfdbc_21181_25017,,2026-08-21T21:48:17Z,0.2.0,not_published,,engineering_pending,0,100,0,,official,default,false
082135,Sant Fruitós de Bages,07,Bages,2023,215307000,23439,112.7,88.3897,85,municipality,idescat_rfdbc_21181_25017,,2026-08-21T21:48:17Z,0.2.0,,,complete,88.3897,88.3897,100,,official,default,true
082140,Vilassar de Dalt,21,Maresme,2023,227784000,24551,118.1,100,85,municipality,idescat_rfdbc_21181_25017,,2026-08-21T21:48:17Z,0.2.0,,,complete,100,100,100,,official,default,true
082153,Sant Hipòlit de Voltregà,24,Osona,2023,75455000,20388,98.1,55.3303,85,municipality,idescat_rfdbc_21181_25017,,2026-08-21T21:48:17Z,0.2.0,,,complete,55.3303,55.3303,100,,official,default,true
082166,Sant Jaume de Frontanyà,14,Berguedà,2023,,,,,0,missing,idescat_rfdbc_21181_25017,,2026-08-21T21:48:17Z,0.2.0,not_published,,engineering_pending,0,100,0,,official,default,false
082172,Sant Joan Despí,11,Baix Llobregat,2023,801068000,23030,110.8,83.9579,85,municipality,idescat_rfdbc_21181_25017,,2026-08-21T21:48:17Z,0.2.0,,,complete,83.9579,83.9579,100,,official,default,true
082188,Sant Joan de Vilatorrada,07,Bages,2023,215120000,19642,94.5,47.2469,85,municipality,idescat_rfdbc_21181_25017,,2026-08-21T21:48:17Z,0.2.0,,,complete,47.2469,47.2469,100,,official,default,true
082191,Vilassar de Mar,21,Maresme,2023,529395000,25085,120.7,100,85,municipality,idescat_rfdbc_21181_25017,,2026-08-21T21:48:17Z,0.2.0,,,complete,100,100,100,,official,default,true
082205,Sant Julià de Vilatorta,24,Osona,2023,82136000,25210,121.3,100,85,municipality,idescat_rfdbc_21181_25017,,2026-08-21T21:48:17Z,0.2.0,,,complete,100,100,100,,official,default,true
082212,Sant Just Desvern,11,Baix Llobregat,2023,686713000,33256,160,100,85,municipality,idescat_rfdbc_21181_25017,,2026-08-21T21:48:17Z,0.2.0,,,complete,100,100,100,,official,default,true
082227,Sant Llorenç d'Hortons,03,Alt Penedès,2023,52836000,20361,97.9,55.0377,85,municipality,idescat_rfdbc_21181_25017,,2026-08-21T21:48:17Z,0.2.0,,,complete,55.0377,55.0377,100,,official,default,true
082233,Sant Llorenç Savall,40,Vallès Occidental,2023,48518000,19012,91.4,40.4205,85,municipality,idescat_rfdbc_21181_25017,,2026-08-21T21:48:17Z,0.2.0,,,complete,40.4205,40.4205,100,,official,default,true
082248,Sant Martí de Centelles,24,Osona,2023,22404000,17981,86.5,29.249,85,municipality,idescat_rfdbc_21181_25017,,2026-08-21T21:48:17Z,0.2.0,,,complete,29.249,29.249,100,,official,default,true
082251,Sant Martí d'Albars,43,Lluçanès,2023,,,,,0,missing,idescat_rfdbc_21181_25017,,2026-08-21T21:48:17Z,0.2.0,not_published,,engineering_pending,0,100,0,,official,default,false
082264,Sant Martí de Tous,06,Anoia,2023,26210000,20509,98.6,56.6414,85,municipality,idescat_rfdbc_21181_25017,,2026-08-21T21:48:17Z,0.2.0,,,complete,56.6414,56.6414,100,,official,default,true
082270,Sant Martí Sarroca,03,Alt Penedès,2023,61793000,18287,88,32.5647,85,municipality,idescat_rfdbc_21181_25017,,2026-08-21T21:48:17Z,0.2.0,,,complete,32.5647,32.5647,100,,official,default,true
082286,Sant Martí Sesgueioles,06,Anoia,2023,,,,,0,missing,idescat_rfdbc_21181_25017,,2026-08-21T21:48:17Z,0.2.0,not_published,,engineering_pending,0,100,0,,official,default,false
082299,Sant Mateu de Bages,07,Bages,2023,,,,,0,missing,idescat_rfdbc_21181_25017,,2026-08-21T21:48:17Z,0.2.0,not_published,,engineering_pending,0,100,0,,official,default,false
082303,Premià de Dalt,21,Maresme,2023,278164000,26364,126.8,100,85,municipality,idescat_rfdbc_21181_25017,,2026-08-21T21:48:17Z,0.2.0,,,complete,100,100,100,,official,default,true
082310,Sant Pere de Ribes,17,Garraf,2023,625086000,19622,94.4,47.0302,85,municipality,idescat_rfdbc_21181_25017,,2026-08-21T21:48:17Z,0.2.0,,,complete,47.0302,47.0302,100,,official,default,true
082325,Sant Pere de Riudebitlles,03,Alt Penedès,2023,50895000,20481,98.5,56.338,85,municipality,idescat_rfdbc_21181_25017,,2026-08-21T21:48:17Z,0.2.0,,,complete,56.338,56.338,100,,official,default,true
082331,Sant Pere de Torelló,24,Osona,2023,51352000,19912,95.8,50.1726,85,municipality,idescat_rfdbc_21181_25017,,2026-08-21T21:48:17Z,0.2.0,,,complete,50.1726,50.1726,100,,official,default,true
082346,Sant Pere de Vilamajor,41,Vallès Oriental,2023,100715000,20626,99.2,57.9092,85,municipality,idescat_rfdbc_21181_25017,,2026-08-21T21:48:17Z,0.2.0,,,complete,57.9092,57.9092,100,,official,default,true
082359,Sant Pol de Mar,21,Maresme,2023,132629000,22907,110.2,82.6251,85,municipality,idescat_rfdbc_21181_25017,,2026-08-21T21:48:17Z,0.2.0,,,complete,82.6251,82.6251,100,,official,default,true
082362,Sant Quintí de Mediona,03,Alt Penedès,2023,39632000,16189,77.9,9.8317,85,municipality,idescat_rfdbc_21181_25017,,2026-08-21T21:48:17Z,0.2.0,,,complete,9.8317,9.8317,100,,official,default,true
082378,Sant Quirze de Besora,24,Osona,2023,41387000,19513,93.9,45.8492,85,municipality,idescat_rfdbc_21181_25017,,2026-08-21T21:48:17Z,0.2.0,,,complete,45.8492,45.8492,100,,official,default,true
082384,Sant Quirze del Vallès,40,Vallès Occidental,2023,543916000,26995,129.8,100,85,municipality,idescat_rfdbc_21181_25017,,2026-08-21T21:48:17Z,0.2.0,,,complete,100,100,100,,official,default,true
082397,Sant Quirze Safaja,42,Moianès,2023,,,,,0,missing,idescat_rfdbc_21181_25017,,2026-08-21T21:48:17Z,0.2.0,not_published,,engineering_pending,0,100,0,,official,default,false
082401,Sant Sadurní d'Anoia,03,Alt Penedès,2023,276779000,21411,103,66.4151,85,municipality,idescat_rfdbc_21181_25017,,2026-08-21T21:48:17Z,0.2.0,,,complete,66.4151,66.4151,100,,official,default,true
082418,Sant Sadurní d'Osormort,24,Osona,2023,,,,,0,missing,idescat_rfdbc_21181_25017,,2026-08-21T21:48:17Z,0.2.0,not_published,,engineering_pending,0,100,0,,official,default,false
082423,Marganell,07,Bages,2023,,,,,0,missing,idescat_rfdbc_21181_25017,,2026-08-21T21:48:17Z,0.2.0,not_published,,engineering_pending,0,100,0,,official,default,false
082439,Santa Cecília de Voltregà,24,Osona,2023,,,,,0,missing,idescat_rfdbc_21181_25017,,2026-08-21T21:48:17Z,0.2.0,not_published,,engineering_pending,0,100,0,,official,default,false
082444,Santa Coloma de Cervelló,11,Baix Llobregat,2023,189247000,22640,108.9,79.732,85,municipality,idescat_rfdbc_21181_25017,,2026-08-21T21:48:17Z,0.2.0,,,complete,79.732,79.732,100,,official,default,true
082457,Santa Coloma de Gramenet,13,Barcelonès,2023,1998662000,16649,80.1,14.816,85,municipality,idescat_rfdbc_21181_25017,,2026-08-21T21:48:17Z,0.2.0,,,complete,14.816,14.816,100,,official,default,true
082460,Santa Eugènia de Berga,24,Osona,2023,47679000,20730,99.7,59.0361,85,municipality,idescat_rfdbc_21181_25017,,2026-08-21T21:48:17Z,0.2.0,,,complete,59.0361,59.0361,100,,official,default,true
082476,Santa Eulàlia de Riuprimer,24,Osona,2023,31176000,21179,101.9,63.9012,85,municipality,idescat_rfdbc_21181_25017,,2026-08-21T21:48:17Z,0.2.0,,,complete,63.9012,63.9012,100,,official,default,true
082482,Santa Eulàlia de Ronçana,41,Vallès Oriental,2023,158186000,20067,96.5,51.8521,85,municipality,idescat_rfdbc_21181_25017,,2026-08-21T21:48:17Z,0.2.0,,,complete,51.8521,51.8521,100,,official,default,true
082495,Santa Fe del Penedès,03,Alt Penedès,2023,,,,,0,missing,idescat_rfdbc_21181_25017,,2026-08-21T21:48:17Z,0.2.0,not_published,,engineering_pending,0,100,0,,official,default,false
082508,Santa Margarida de Montbui,06,Anoia,2023,150546000,14390,69.2,0,85,municipality,idescat_rfdbc_21181_25017,,2026-08-21T21:48:17Z,0.2.0,,,complete,0,0,100,,official,default,true
082515,Santa Margarida i els Monjos,03,Alt Penedès,2023,148429000,19337,93,43.9421,85,municipality,idescat_rfdbc_21181_25017,,2026-08-21T21:48:17Z,0.2.0,,,complete,43.9421,43.9421,100,,official,default,true
082520,Barberà del Vallès,40,Vallès Occidental,2023,672892000,20086,96.6,52.0579,85,municipality,idescat_rfdbc_21181_25017,,2026-08-21T21:48:17Z,0.2.0,,,complete,52.0579,52.0579,100,,official,default,true
082536,Santa Maria de Besora,24,Osona,2023,,,,,0,missing,idescat_rfdbc_21181_25017,,2026-08-21T21:48:17Z,0.2.0,not_published,,engineering_pending,0,100,0,,official,default,false
082541,l'Esquirol,24,Osona,2023,46708000,20513,98.7,56.6847,85,municipality,idescat_rfdbc_21181_25017,,2026-08-21T21:48:17Z,0.2.0,,,complete,56.6847,56.6847,100,,official,default,true
082554,Santa Maria de Merlès,14,Berguedà,2023,,,,,0,missing,idescat_rfdbc_21181_25017,,2026-08-21T21:48:17Z,0.2.0,not_published,,engineering_pending,0,100,0,,official,default,false
082567,Santa Maria de Martorelles,41,Vallès Oriental,2023,,,,,0,missing,idescat_rfdbc_21181_25017,,2026-08-21T21:48:17Z,0.2.0,not_published,,engineering_pending,0,100,0,,official,default,false
082573,Santa Maria de Miralles,06,Anoia,2023,,,,,0,missing,idescat_rfdbc_21181_25017,,2026-08-21T21:48:17Z,0.2.0,not_published,,engineering_pending,0,100,0,,official,default,false
082589,Santa Maria d'Oló,42,Moianès,2023,21002000,19303,92.9,43.5737,85,municipality,idescat_rfdbc_21181_25017,,2026-08-21T21:48:17Z,0.2.0,,,complete,43.5737,43.5737,100,,official,default,true
082592,Santa Maria de Palautordera,41,Vallès Oriental,2023,206951000,20837,100.2,60.1955,85,municipality,idescat_rfdbc_21181_25017,,2026-08-21T21:48:17Z,0.2.0,,,complete,60.1955,60.1955,100,,official,default,true
082606,Santa Perpètua de Mogoda,40,Vallès Occidental,2023,515253000,19884,95.6,49.8692,85,municipality,idescat_rfdbc_21181_25017,,2026-08-21T21:48:17Z,0.2.0,,,complete,49.8692,49.8692,100,,official,default,true
082613,Santa Susanna,21,Maresme,2023,72392000,18434,88.7,34.1576,85,municipality,idescat_rfdbc_21181_25017,,2026-08-21T21:48:17Z,0.2.0,,,complete,34.1576,34.1576,100,,official,default,true
082628,Sant Vicenç de Castellet,07,Bages,2023,175330000,17370,83.6,22.6285,85,municipality,idescat_rfdbc_21181_25017,,2026-08-21T21:48:17Z,0.2.0,,,complete,22.6285,22.6285,100,,official,default,true
082634,Sant Vicenç dels Horts,11,Baix Llobregat,2023,533191000,18705,90,37.094,85,municipality,idescat_rfdbc_21181_25017,,2026-08-21T21:48:17Z,0.2.0,,,complete,37.094,37.094,100,,official,default,true
082649,Sant Vicenç de Montalt,21,Maresme,2023,179449000,26684,128.4,100,85,municipality,idescat_rfdbc_21181_25017,,2026-08-21T21:48:17Z,0.2.0,,,complete,100,100,100,,official,default,true
082652,Sant Vicenç de Torelló,24,Osona,2023,46500000,22334,107.4,76.4163,85,municipality,idescat_rfdbc_21181_25017,,2026-08-21T21:48:17Z,0.2.0,,,complete,76.4163,76.4163,100,,official,default,true
082665,Cerdanyola del Vallès,40,Vallès Occidental,2023,1303939000,22561,108.5,78.876,85,municipality,idescat_rfdbc_21181_25017,,2026-08-21T21:48:17Z,0.2.0,,,complete,78.876,78.876,100,,official,default,true
082671,Sentmenat,40,Vallès Occidental,2023,188408000,19860,95.5,49.6091,85,municipality,idescat_rfdbc_21181_25017,,2026-08-21T21:48:17Z,0.2.0,,,complete,49.6091,49.6091,100,,official,default,true
082687,Cercs,14,Berguedà,2023,23149000,19388,93.3,44.4947,85,municipality,idescat_rfdbc_21181_25017,,2026-08-21T21:48:17Z,0.2.0,,,complete,44.4947,44.4947,100,,official,default,true
082690,Seva,24,Osona,2023,83768000,22126,106.4,74.1625,85,municipality,idescat_rfdbc_21181_25017,,2026-08-21T21:48:17Z,0.2.0,,,complete,74.1625,74.1625,100,,official,default,true
082704,Sitges,17,Garraf,2023,801587000,24823,119.4,100,85,municipality,idescat_rfdbc_21181_25017,,2026-08-21T21:48:17Z,0.2.0,,,complete,100,100,100,,official,default,true
082711,Sobremunt,43,Lluçanès,2023,,,,,0,missing,idescat_rfdbc_21181_25017,,2026-08-21T21:48:17Z,0.2.0,not_published,,engineering_pending,0,100,0,,official,default,false
082726,Sora,24,Osona,2023,,,,,0,missing,idescat_rfdbc_21181_25017,,2026-08-21T21:48:17Z,0.2.0,not_published,,engineering_pending,0,100,0,,official,default,false
082732,Subirats,03,Alt Penedès,2023,65381000,20000,96.2,51.1261,85,municipality,idescat_rfdbc_21181_25017,,2026-08-21T21:48:17Z,0.2.0,,,complete,51.1261,51.1261,100,,official,default,true
082747,Súria,07,Bages,2023,123244000,20368,98,55.1136,85,municipality,idescat_rfdbc_21181_25017,,2026-08-21T21:48:17Z,0.2.0,,,complete,55.1136,55.1136,100,,official,default,true
082750,Tavèrnoles,24,Osona,2023,,,,,0,missing,idescat_rfdbc_21181_25017,,2026-08-21T21:48:17Z,0.2.0,not_published,,engineering_pending,0,100,0,,official,default,false
082763,Tagamanent,41,Vallès Oriental,2023,,,,,0,missing,idescat_rfdbc_21181_25017,,2026-08-21T21:48:17Z,0.2.0,not_published,,engineering_pending,0,100,0,,official,default,false
082779,Talamanca,07,Bages,2023,,,,,0,missing,idescat_rfdbc_21181_25017,,2026-08-21T21:48:17Z,0.2.0,not_published,,engineering_pending,0,100,0,,official,default,false
082785,Taradell,24,Osona,2023,154254000,22654,109,79.8837,85,municipality,idescat_rfdbc_21181_25017,,2026-08-21T21:48:17Z,0.2.0,,,complete,79.8837,79.8837,100,,official,default,true
082798,Terrassa,40,Vallès Occidental,2023,4511829000,19895,95.7,49.9884,85,municipality,idescat_rfdbc_21181_25017,,2026-08-21T21:48:17Z,0.2.0,,,complete,49.9884,49.9884,100,,official,default,true
082802,Tavertet,24,Osona,2023,,,,,0,missing,idescat_rfdbc_21181_25017,,2026-08-21T21:48:17Z,0.2.0,not_published,,engineering_pending,0,100,0,,official,default,false
082819,Teià,21,Maresme,2023,189558000,28108,135.2,100,85,municipality,idescat_rfdbc_21181_25017,,2026-08-21T21:48:17Z,0.2.0,,,complete,100,100,100,,official,default,true
082824,Tiana,21,Maresme,2023,261072000,28136,135.3,100,85,municipality,idescat_rfdbc_21181_25017,,2026-08-21T21:48:17Z,0.2.0,,,complete,100,100,100,,official,default,true
082830,Tona,24,Osona,2023,180586000,21326,102.6,65.4941,85,municipality,idescat_rfdbc_21181_25017,,2026-08-21T21:48:17Z,0.2.0,,,complete,65.4941,65.4941,100,,official,default,true
082845,Tordera,21,Maresme,2023,307345000,16526,79.5,13.4833,85,municipality,idescat_rfdbc_21181_25017,,2026-08-21T21:48:17Z,0.2.0,,,complete,13.4833,13.4833,100,,official,default,true
082858,Torelló,24,Osona,2023,304508000,20276,97.5,54.1167,85,municipality,idescat_rfdbc_21181_25017,,2026-08-21T21:48:17Z,0.2.0,,,complete,54.1167,54.1167,100,,official,default,true
082861,la Torre de Claramunt,06,Anoia,2023,71917000,17670,85,25.8792,85,municipality,idescat_rfdbc_21181_25017,,2026-08-21T21:48:17Z,0.2.0,,,complete,25.8792,25.8792,100,,official,default,true
082877,Torrelavit,03,Alt Penedès,2023,33224000,22032,106,73.144,85,municipality,idescat_rfdbc_21181_25017,,2026-08-21T21:48:17Z,0.2.0,,,complete,73.144,73.144,100,,official,default,true
082883,Torrelles de Foix,03,Alt Penedès,2023,38550000,14613,70.3,0,85,municipality,idescat_rfdbc_21181_25017,,2026-08-21T21:48:17Z,0.2.0,,,complete,0,0,100,,official,default,true
082896,Torrelles de Llobregat,11,Baix Llobregat,2023,136253000,22037,106,73.1982,85,municipality,idescat_rfdbc_21181_25017,,2026-08-21T21:48:17Z,0.2.0,,,complete,73.1982,73.1982,100,,official,default,true
082900,Ullastrell,40,Vallès Occidental,2023,45509000,20982,100.9,61.7666,85,municipality,idescat_rfdbc_21181_25017,,2026-08-21T21:48:17Z,0.2.0,,,complete,61.7666,61.7666,100,,official,default,true
082917,Vacarisses,40,Vallès Occidental,2023,141775000,18898,90.9,39.1853,85,municipality,idescat_rfdbc_21181_25017,,2026-08-21T21:48:17Z,0.2.0,,,complete,39.1853,39.1853,100,,official,default,true
082922,Vallbona d'Anoia,06,Anoia,2023,26301000,18561,89.3,35.5337,85,municipality,idescat_rfdbc_21181_25017,,2026-08-21T21:48:17Z,0.2.0,,,complete,35.5337,35.5337,100,,official,default,true
082938,Vallcebre,14,Berguedà,2023,,,,,0,missing,idescat_rfdbc_21181_25017,,2026-08-21T21:48:17Z,0.2.0,not_published,,engineering_pending,0,100,0,,official,default,false
082943,Vallgorguina,41,Vallès Oriental,2023,62753000,19574,94.2,46.5101,85,municipality,idescat_rfdbc_21181_25017,,2026-08-21T21:48:17Z,0.2.0,,,complete,46.5101,46.5101,100,,official,default,true
082956,Vallirana,11,Baix Llobregat,2023,329047000,20730,99.7,59.0361,85,municipality,idescat_rfdbc_21181_25017,,2026-08-21T21:48:17Z,0.2.0,,,complete,59.0361,59.0361,100,,official,default,true
082969,Vallromanes,41,Vallès Oriental,2023,74028000,27166,130.7,100,85,municipality,idescat_rfdbc_21181_25017,,2026-08-21T21:48:17Z,0.2.0,,,complete,100,100,100,,official,default,true
082975,Veciana,06,Anoia,2023,,,,,0,missing,idescat_rfdbc_21181_25017,,2026-08-21T21:48:17Z,0.2.0,not_published,,engineering_pending,0,100,0,,official,default,false
082981,Vic,24,Osona,2023,951639000,19508,93.8,45.795,85,municipality,idescat_rfdbc_21181_25017,,2026-08-21T21:48:17Z,0.2.0,,,complete,45.795,45.795,100,,official,default,true
082994,Vilada,14,Berguedà,2023,,,,,0,missing,idescat_rfdbc_21181_25017,,2026-08-21T21:48:17Z,0.2.0,not_published,,engineering_pending,0,100,0,,official,default,false
083008,Viladecavalls,40,Vallès Occidental,2023,169540000,21767,104.7,70.2726,85,municipality,idescat_rfdbc_21181_25017,,2026-08-21T21:48:17Z,0.2.0,,,complete,70.2726,70.2726,100,,official,default,true
083015,Viladecans,11,Baix Llobregat,2023,1339050000,20017,96.3,51.3103,85,municipality,idescat_rfdbc_21181_25017,,2026-08-21T21:48:17Z,0.2.0,,,complete,51.3103,51.3103,100,,official,default,true
083020,Vilanova del Camí,06,Anoia,2023,215618000,16848,81,16.9723,85,municipality,idescat_rfdbc_21181_25017,,2026-08-21T21:48:17Z,0.2.0,,,complete,16.9723,16.9723,100,,official,default,true
083036,Vilanova de Sau,24,Osona,2023,,,,,0,missing,idescat_rfdbc_21181_25017,,2026-08-21T21:48:17Z,0.2.0,not_published,,engineering_pending,0,100,0,,official,default,false
083041,Vilobí del Penedès,03,Alt Penedès,2023,21538000,18567,89.3,35.5987,85,municipality,idescat_rfdbc_21181_25017,,2026-08-21T21:48:17Z,0.2.0,,,complete,35.5987,35.5987,100,,official,default,true
083054,Vilafranca del Penedès,03,Alt Penedès,2023,812180000,19777,95.1,48.7098,85,municipality,idescat_rfdbc_21181_25017,,2026-08-21T21:48:17Z,0.2.0,,,complete,48.7098,48.7098,100,,official,default,true
083067,Vilalba Sasserra,41,Vallès Oriental,2023,,,,,0,missing,idescat_rfdbc_21181_25017,,2026-08-21T21:48:17Z,0.2.0,not_published,,engineering_pending,0,100,0,,official,default,false
083073,Vilanova i la Geltrú,17,Garraf,2023,1433346000,20613,99.2,57.7683,85,municipality,idescat_rfdbc_21181_25017,,2026-08-21T21:48:17Z,0.2.0,,,complete,57.7683,57.7683,100,,official,default,true
083089,Viver i Serrateix,14,Berguedà,2023,,,,,0,missing,idescat_rfdbc_21181_25017,,2026-08-21T21:48:17Z,0.2.0,not_published,,engineering_pending,0,100,0,,official,default,false
089019,Rupit i Pruit,24,Osona,2023,,,,,0,missing,idescat_rfdbc_21181_25017,,2026-08-21T21:48:17Z,0.2.0,not_published,,engineering_pending,0,100,0,,official,default,false
089024,Vilanova del Vallès,41,Vallès Oriental,2023,141661000,25180,121.1,100,85,municipality,idescat_rfdbc_21181_25017,,2026-08-21T21:48:17Z,0.2.0,,,complete,100,100,100,,official,default,true
089030,Sant Julià de Cerdanyola,14,Berguedà,2023,,,,,0,missing,idescat_rfdbc_21181_25017,,2026-08-21T21:48:17Z,0.2.0,not_published,,engineering_pending,0,100,0,,official,default,false
089045,Badia del Vallès,40,Vallès Occidental,2023,208206000,15913,76.5,6.841,85,municipality,idescat_rfdbc_21181_25017,,2026-08-21T21:48:17Z,0.2.0,,,complete,6.841,6.841,100,,official,default,true
089058,la Palma de Cervelló,11,Baix Llobregat,2023,68867000,22646,108.9,79.797,85,municipality,idescat_rfdbc_21181_25017,,2026-08-21T21:48:17Z,0.2.0,,,complete,79.797,79.797,100,,official,default,true
170010,Agullana,02,Alt Empordà,2023,,,,,0,missing,idescat_rfdbc_21181_25017,,2026-08-21T21:48:17Z,0.2.0,not_published,,engineering_pending,0,100,0,,official,default,false
170025,Aiguaviva,20,Gironès,2023,,,,,0,missing,idescat_rfdbc_21181_25017,,2026-08-21T21:48:17Z,0.2.0,not_published,,engineering_pending,0,100,0,,official,default,false
170031,Albanyà,02,Alt Empordà,2023,,,,,0,missing,idescat_rfdbc_21181_25017,,2026-08-21T21:48:17Z,0.2.0,not_published,,engineering_pending,0,100,0,,official,default,false
170046,Albons,10,Baix Empordà,2023,,,,,0,missing,idescat_rfdbc_21181_25017,,2026-08-21T21:48:17Z,0.2.0,not_published,,engineering_pending,0,100,0,,official,default,false
170059,el Far d'Empordà,02,Alt Empordà,2023,,,,,0,missing,idescat_rfdbc_21181_25017,,2026-08-21T21:48:17Z,0.2.0,not_published,,engineering_pending,0,100,0,,official,default,false
170062,Alp,15,Cerdanya,2023,32763000,19004,91.4,40.3338,85,municipality,idescat_rfdbc_21181_25017,,2026-08-21T21:48:17Z,0.2.0,,,complete,40.3338,40.3338,100,,official,default,true
170078,Amer,34,Selva,2023,52095000,21581,103.8,68.2572,85,municipality,idescat_rfdbc_21181_25017,,2026-08-21T21:48:17Z,0.2.0,,,complete,68.2572,68.2572,100,,official,default,true
170084,Anglès,34,Selva,2023,103523000,17627,84.8,25.4132,85,municipality,idescat_rfdbc_21181_25017,,2026-08-21T21:48:17Z,0.2.0,,,complete,25.4132,25.4132,100,,official,default,true
170097,Arbúcies,34,Selva,2023,110753000,16927,81.4,17.8283,85,municipality,idescat_rfdbc_21181_25017,,2026-08-21T21:48:17Z,0.2.0,,,complete,17.8283,17.8283,100,,official,default,true
170101,Argelaguer,19,Garrotxa,2023,,,,,0,missing,idescat_rfdbc_21181_25017,,2026-08-21T21:48:17Z,0.2.0,not_published,,engineering_pending,0,100,0,,official,default,false
170118,l'Armentera,02,Alt Empordà,2023,18652000,17481,84.1,23.8312,85,municipality,idescat_rfdbc_21181_25017,,2026-08-21T21:48:17Z,0.2.0,,,complete,23.8312,23.8312,100,,official,default,true
170123,Avinyonet de Puigventós,02,Alt Empordà,2023,33146000,19601,94.3,46.8027,85,municipality,idescat_rfdbc_21181_25017,,2026-08-21T21:48:17Z,0.2.0,,,complete,46.8027,46.8027,100,,official,default,true
170139,Begur,10,Baix Empordà,2023,94116000,22271,107.1,75.7337,85,municipality,idescat_rfdbc_21181_25017,,2026-08-21T21:48:17Z,0.2.0,,,complete,75.7337,75.7337,100,,official,default,true
170144,la Vajol,02,Alt Empordà,2023,,,,,0,missing,idescat_rfdbc_21181_25017,,2026-08-21T21:48:17Z,0.2.0,not_published,,engineering_pending,0,100,0,,official,default,false
170157,Banyoles,28,Pla de l'Estany,2023,426446000,20697,99.6,58.6785,85,municipality,idescat_rfdbc_21181_25017,,2026-08-21T21:48:17Z,0.2.0,,,complete,58.6785,58.6785,100,,official,default,true
170160,Bàscara,02,Alt Empordà,2023,19185000,18324,88.1,32.9656,85,municipality,idescat_rfdbc_21181_25017,,2026-08-21T21:48:17Z,0.2.0,,,complete,32.9656,32.9656,100,,official,default,true
170182,Bellcaire d'Empordà,10,Baix Empordà,2023,,,,,0,missing,idescat_rfdbc_21181_25017,,2026-08-21T21:48:17Z,0.2.0,not_published,,engineering_pending,0,100,0,,official,default,false
170195,Besalú,19,Garrotxa,2023,49123000,19287,92.8,43.4003,85,municipality,idescat_rfdbc_21181_25017,,2026-08-21T21:48:17Z,0.2.0,,,complete,43.4003,43.4003,100,,official,default,true
170209,Bescanó,20,Gironès,2023,101901000,19794,95.2,48.894,85,municipality,idescat_rfdbc_21181_25017,,2026-08-21T21:48:17Z,0.2.0,,,complete,48.894,48.894,100,,official,default,true
170216,Beuda,19,Garrotxa,2023,,,,,0,missing,idescat_rfdbc_21181_25017,,2026-08-21T21:48:17Z,0.2.0,not_published,,engineering_pending,0,100,0,,official,default,false
170221,la Bisbal d'Empordà,10,Baix Empordà,2023,191339000,16638,80,14.6968,85,municipality,idescat_rfdbc_21181_25017,,2026-08-21T21:48:17Z,0.2.0,,,complete,14.6968,14.6968,100,,official,default,true
170237,Blanes,34,Selva,2023,698495000,16740,80.5,15.8021,85,municipality,idescat_rfdbc_21181_25017,,2026-08-21T21:48:17Z,0.2.0,,,complete,15.8021,15.8021,100,,official,default,true
170242,Bolvir,15,Cerdanya,2023,,,,,0,missing,idescat_rfdbc_21181_25017,,2026-08-21T21:48:17Z,0.2.0,not_published,,engineering_pending,0,100,0,,official,default,false
170255,Bordils,20,Gironès,2023,36676000,20501,98.6,56.5547,85,municipality,idescat_rfdbc_21181_25017,,2026-08-21T21:48:17Z,0.2.0,,,complete,56.5547,56.5547,100,,official,default,true
170268,Borrassà,02,Alt Empordà,2023,,,,,0,missing,idescat_rfdbc_21181_25017,,2026-08-21T21:48:17Z,0.2.0,not_published,,engineering_pending,0,100,0,,official,default,false
170274,Breda,34,Selva,2023,72171000,18505,89,34.9269,85,municipality,idescat_rfdbc_21181_25017,,2026-08-21T21:48:17Z,0.2.0,,,complete,34.9269,34.9269,100,,official,default,true
170280,Brunyola i Sant Martí Sapresa,34,Selva,2023,,,,,0,missing,idescat_rfdbc_21181_25017,,2026-08-21T21:48:17Z,0.2.0,not_published,,engineering_pending,0,100,0,,official,default,false
170293,Boadella i les Escaules,02,Alt Empordà,2023,,,,,0,missing,idescat_rfdbc_21181_25017,,2026-08-21T21:48:17Z,0.2.0,not_published,,engineering_pending,0,100,0,,official,default,false
170307,Cabanes,02,Alt Empordà,2023,,,,,0,missing,idescat_rfdbc_21181_25017,,2026-08-21T21:48:17Z,0.2.0,not_published,,engineering_pending,0,100,0,,official,default,false
170314,Cabanelles,02,Alt Empordà,2023,,,,,0,missing,idescat_rfdbc_21181_25017,,2026-08-21T21:48:17Z,0.2.0,not_published,,engineering_pending,0,100,0,,official,default,false
170329,Cadaqués,02,Alt Empordà,2023,44498000,15318,73.7,0.3939,85,municipality,idescat_rfdbc_21181_25017,,2026-08-21T21:48:17Z,0.2.0,,,complete,0.3939,0.3939,100,,official,default,true
170335,Caldes de Malavella,34,Selva,2023,165456000,19671,94.6,47.5612,85,municipality,idescat_rfdbc_21181_25017,,2026-08-21T21:48:17Z,0.2.0,,,complete,47.5612,47.5612,100,,official,default,true
170340,Calonge i Sant Antoni,10,Baix Empordà,2023,207029000,17110,82.3,19.8112,85,municipality,idescat_rfdbc_21181_25017,,2026-08-21T21:48:17Z,0.2.0,,,complete,19.8112,19.8112,100,,official,default,true
170353,Camós,28,Pla de l'Estany,2023,,,,,0,missing,idescat_rfdbc_21181_25017,,2026-08-21T21:48:17Z,0.2.0,not_published,,engineering_pending,0,100,0,,official,default,false
170366,Campdevànol,31,Ripollès,2023,68531000,21217,102.1,64.313,85,municipality,idescat_rfdbc_21181_25017,,2026-08-21T21:48:17Z,0.2.0,,,complete,64.313,64.313,100,,official,default,true
170372,Campelles,31,Ripollès,2023,,,,,0,missing,idescat_rfdbc_21181_25017,,2026-08-21T21:48:17Z,0.2.0,not_published,,engineering_pending,0,100,0,,official,default,false
170388,Campllong,20,Gironès,2023,,,,,0,missing,idescat_rfdbc_21181_25017,,2026-08-21T21:48:17Z,0.2.0,not_published,,engineering_pending,0,100,0,,official,default,false
170391,Camprodon,31,Ripollès,2023,48357000,19397,93.3,44.5922,85,municipality,idescat_rfdbc_21181_25017,,2026-08-21T21:48:17Z,0.2.0,,,complete,44.5922,44.5922,100,,official,default,true
170405,Canet d'Adri,20,Gironès,2023,,,,,0,missing,idescat_rfdbc_21181_25017,,2026-08-21T21:48:17Z,0.2.0,not_published,,engineering_pending,0,100,0,,official,default,false
170412,Cantallops,02,Alt Empordà,2023,,,,,0,missing,idescat_rfdbc_21181_25017,,2026-08-21T21:48:17Z,0.2.0,not_published,,engineering_pending,0,100,0,,official,default,false
170427,Capmany,02,Alt Empordà,2023,,,,,0,missing,idescat_rfdbc_21181_25017,,2026-08-21T21:48:17Z,0.2.0,not_published,,engineering_pending,0,100,0,,official,default,false
170433,Queralbs,31,Ripollès,2023,,,,,0,missing,idescat_rfdbc_21181_25017,,2026-08-21T21:48:17Z,0.2.0,not_published,,engineering_pending,0,100,0,,official,default,false
170448,Cassà de la Selva,20,Gironès,2023,203217000,18666,89.8,36.6714,85,municipality,idescat_rfdbc_21181_25017,,2026-08-21T21:48:17Z,0.2.0,,,complete,36.6714,36.6714,100,,official,default,true
170464,Castellfollit de la Roca,19,Garrotxa,2023,,,,,0,missing,idescat_rfdbc_21181_25017,,2026-08-21T21:48:17Z,0.2.0,not_published,,engineering_pending,0,100,0,,official,default,false
170470,Castelló d'Empúries,02,Alt Empordà,2023,168934000,14136,68,0,85,municipality,idescat_rfdbc_21181_25017,,2026-08-21T21:48:17Z,0.2.0,,,complete,0,0,100,,official,default,true
170486,"Castell d'Aro, Platja d'Aro i s'Agaró",10,Baix Empordà,2023,193158000,15274,73.5,0,85,municipality,idescat_rfdbc_21181_25017,,2026-08-21T21:48:17Z,0.2.0,,,complete,0,0,100,,official,default,true
170499,Celrà,20,Gironès,2023,100433000,18244,87.8,32.0988,85,municipality,idescat_rfdbc_21181_25017,,2026-08-21T21:48:17Z,0.2.0,,,complete,32.0988,32.0988,100,,official,default,true
170502,Cervià de Ter,20,Gironès,2023,22385000,22385,107.7,76.969,85,municipality,idescat_rfdbc_21181_25017,,2026-08-21T21:48:17Z,0.2.0,,,complete,76.969,76.969,100,,official,default,true
170519,Cistella,02,Alt Empordà,2023,,,,,0,missing,idescat_rfdbc_21181_25017,,2026-08-21T21:48:17Z,0.2.0,not_published,,engineering_pending,0,100,0,,official,default,false
170524,Siurana,02,Alt Empordà,2023,,,,,0,missing,idescat_rfdbc_21181_25017,,2026-08-21T21:48:17Z,0.2.0,not_published,,engineering_pending,0,100,0,,official,default,false
170545,Colera,02,Alt Empordà,2023,,,,,0,missing,idescat_rfdbc_21181_25017,,2026-08-21T21:48:17Z,0.2.0,not_published,,engineering_pending,0,100,0,,official,default,false
170558,Colomers,10,Baix Empordà,2023,,,,,0,missing,idescat_rfdbc_21181_25017,,2026-08-21T21:48:17Z,0.2.0,not_published,,engineering_pending,0,100,0,,official,default,false
170561,Cornellà del Terri,28,Pla de l'Estany,2023,47435000,19756,95,48.4822,85,municipality,idescat_rfdbc_21181_25017,,2026-08-21T21:48:17Z,0.2.0,,,complete,48.4822,48.4822,100,,official,default,true
170577,Corçà,10,Baix Empordà,2023,27414000,21301,102.5,65.2232,85,municipality,idescat_rfdbc_21181_25017,,2026-08-21T21:48:17Z,0.2.0,,,complete,65.2232,65.2232,100,,official,default,true
170583,Crespià,28,Pla de l'Estany,2023,,,,,0,missing,idescat_rfdbc_21181_25017,,2026-08-21T21:48:17Z,0.2.0,not_published,,engineering_pending,0,100,0,,official,default,false
170600,Darnius,02,Alt Empordà,2023,,,,,0,missing,idescat_rfdbc_21181_25017,,2026-08-21T21:48:17Z,0.2.0,not_published,,engineering_pending,0,100,0,,official,default,false
170617,Das,15,Cerdanya,2023,,,,,0,missing,idescat_rfdbc_21181_25017,,2026-08-21T21:48:17Z,0.2.0,not_published,,engineering_pending,0,100,0,,official,default,false
170622,l'Escala,02,Alt Empordà,2023,173539000,16283,78.3,10.8502,85,municipality,idescat_rfdbc_21181_25017,,2026-08-21T21:48:17Z,0.2.0,,,complete,10.8502,10.8502,100,,official,default,true
170638,Espinelves,24,Osona,2023,,,,,0,missing,idescat_rfdbc_21181_25017,,2026-08-21T21:48:17Z,0.2.0,not_published,,engineering_pending,0,100,0,,official,default,false
170643,Espolla,02,Alt Empordà,2023,,,,,0,missing,idescat_rfdbc_21181_25017,,2026-08-21T21:48:17Z,0.2.0,not_published,,engineering_pending,0,100,0,,official,default,false
170656,Esponellà,28,Pla de l'Estany,2023,,,,,0,missing,idescat_rfdbc_21181_25017,,2026-08-21T21:48:17Z,0.2.0,not_published,,engineering_pending,0,100,0,,official,default,false
170669,Figueres,02,Alt Empordà,2023,751541000,15572,74.9,3.1461,85,municipality,idescat_rfdbc_21181_25017,,2026-08-21T21:48:17Z,0.2.0,,,complete,3.1461,3.1461,100,,official,default,true
170675,Flaçà,20,Gironès,2023,21676000,18898,90.9,39.1853,85,municipality,idescat_rfdbc_21181_25017,,2026-08-21T21:48:17Z,0.2.0,,,complete,39.1853,39.1853,100,,official,default,true
170681,Foixà,10,Baix Empordà,2023,,,,,0,missing,idescat_rfdbc_21181_25017,,2026-08-21T21:48:17Z,0.2.0,not_published,,engineering_pending,0,100,0,,official,default,false
170694,Fontanals de Cerdanya,15,Cerdanya,2023,,,,,0,missing,idescat_rfdbc_21181_25017,,2026-08-21T21:48:17Z,0.2.0,not_published,,engineering_pending,0,100,0,,official,default,false
170708,Fontanilles,10,Baix Empordà,2023,,,,,0,missing,idescat_rfdbc_21181_25017,,2026-08-21T21:48:17Z,0.2.0,not_published,,engineering_pending,0,100,0,,official,default,false
170715,Fontcoberta,28,Pla de l'Estany,2023,31339000,21275,102.3,64.9415,85,municipality,idescat_rfdbc_21181_25017,,2026-08-21T21:48:17Z,0.2.0,,,complete,64.9415,64.9415,100,,official,default,true
170736,Fornells de la Selva,20,Gironès,2023,76741000,27805,133.7,100,85,municipality,idescat_rfdbc_21181_25017,,2026-08-21T21:48:17Z,0.2.0,,,complete,100,100,100,,official,default,true
170741,Fortià,02,Alt Empordà,2023,,,,,0,missing,idescat_rfdbc_21181_25017,,2026-08-21T21:48:17Z,0.2.0,not_published,,engineering_pending,0,100,0,,official,default,false
170754,Garrigàs,02,Alt Empordà,2023,,,,,0,missing,idescat_rfdbc_21181_25017,,2026-08-21T21:48:17Z,0.2.0,not_published,,engineering_pending,0,100,0,,official,default,false
170767,Garrigoles,10,Baix Empordà,2023,,,,,0,missing,idescat_rfdbc_21181_25017,,2026-08-21T21:48:17Z,0.2.0,not_published,,engineering_pending,0,100,0,,official,default,false
170773,Garriguella,02,Alt Empordà,2023,,,,,0,missing,idescat_rfdbc_21181_25017,,2026-08-21T21:48:17Z,0.2.0,not_published,,engineering_pending,0,100,0,,official,default,false
170789,Ger,15,Cerdanya,2023,,,,,0,missing,idescat_rfdbc_21181_25017,,2026-08-21T21:48:17Z,0.2.0,not_published,,engineering_pending,0,100,0,,official,default,false
170792,Girona,20,Gironès,2023,2169025000,20608,99.1,57.7141,85,municipality,idescat_rfdbc_21181_25017,,2026-08-21T21:48:17Z,0.2.0,,,complete,57.7141,57.7141,100,,official,default,true
170806,Gombrèn,31,Ripollès,2023,,,,,0,missing,idescat_rfdbc_21181_25017,,2026-08-21T21:48:17Z,0.2.0,not_published,,engineering_pending,0,100,0,,official,default,false
170813,Gualta,10,Baix Empordà,2023,,,,,0,missing,idescat_rfdbc_21181_25017,,2026-08-21T21:48:17Z,0.2.0,not_published,,engineering_pending,0,100,0,,official,default,false
170828,Guils de Cerdanya,15,Cerdanya,2023,,,,,0,missing,idescat_rfdbc_21181_25017,,2026-08-21T21:48:17Z,0.2.0,not_published,,engineering_pending,0,100,0,,official,default,false
170834,Hostalric,34,Selva,2023,81314000,18368,88.4,33.4424,85,municipality,idescat_rfdbc_21181_25017,,2026-08-21T21:48:17Z,0.2.0,,,complete,33.4424,33.4424,100,,official,default,true
170849,Isòvol,15,Cerdanya,2023,,,,,0,missing,idescat_rfdbc_21181_25017,,2026-08-21T21:48:17Z,0.2.0,not_published,,engineering_pending,0,100,0,,official,default,false
170852,Jafre,10,Baix Empordà,2023,,,,,0,missing,idescat_rfdbc_21181_25017,,2026-08-21T21:48:17Z,0.2.0,not_published,,engineering_pending,0,100,0,,official,default,false
170865,la Jonquera,02,Alt Empordà,2023,50343000,15005,72.2,0,85,municipality,idescat_rfdbc_21181_25017,,2026-08-21T21:48:17Z,0.2.0,,,complete,0,0,100,,official,default,true
170871,Juià,20,Gironès,2023,,,,,0,missing,idescat_rfdbc_21181_25017,,2026-08-21T21:48:17Z,0.2.0,not_published,,engineering_pending,0,100,0,,official,default,false
170887,Lladó,02,Alt Empordà,2023,,,,,0,missing,idescat_rfdbc_21181_25017,,2026-08-21T21:48:17Z,0.2.0,not_published,,engineering_pending,0,100,0,,official,default,false
170890,Llagostera,20,Gironès,2023,159490000,17065,82.1,19.3236,85,municipality,idescat_rfdbc_21181_25017,,2026-08-21T21:48:17Z,0.2.0,,,complete,19.3236,19.3236,100,,official,default,true
170904,Llambilles,20,Gironès,2023,,,,,0,missing,idescat_rfdbc_21181_25017,,2026-08-21T21:48:17Z,0.2.0,not_published,,engineering_pending,0,100,0,,official,default,false
170911,Llanars,31,Ripollès,2023,,,,,0,missing,idescat_rfdbc_21181_25017,,2026-08-21T21:48:17Z,0.2.0,not_published,,engineering_pending,0,100,0,,official,default,false
170926,Llançà,02,Alt Empordà,2023,89272000,17869,86,28.0355,85,municipality,idescat_rfdbc_21181_25017,,2026-08-21T21:48:17Z,0.2.0,,,complete,28.0355,28.0355,100,,official,default,true
170932,Llers,02,Alt Empordà,2023,24731000,19675,94.6,47.6045,85,municipality,idescat_rfdbc_21181_25017,,2026-08-21T21:48:17Z,0.2.0,,,complete,47.6045,47.6045,100,,official,default,true
170947,Llívia,15,Cerdanya,2023,25922000,16920,81.4,17.7525,85,municipality,idescat_rfdbc_21181_25017,,2026-08-21T21:48:17Z,0.2.0,,,complete,17.7525,17.7525,100,,official,default,true
170950,Lloret de Mar,34,Selva,2023,583415000,14009,67.4,0,85,municipality,idescat_rfdbc_21181_25017,,2026-08-21T21:48:17Z,0.2.0,,,complete,0,0,100,,official,default,true
170963,les Llosses,31,Ripollès,2023,,,,,0,missing,idescat_rfdbc_21181_25017,,2026-08-21T21:48:17Z,0.2.0,not_published,,engineering_pending,0,100,0,,official,default,false
170979,Madremanya,20,Gironès,2023,,,,,0,missing,idescat_rfdbc_21181_25017,,2026-08-21T21:48:17Z,0.2.0,not_published,,engineering_pending,0,100,0,,official,default,false
170985,Maià de Montcal,19,Garrotxa,2023,,,,,0,missing,idescat_rfdbc_21181_25017,,2026-08-21T21:48:17Z,0.2.0,not_published,,engineering_pending,0,100,0,,official,default,false
170998,Meranges,15,Cerdanya,2023,,,,,0,missing,idescat_rfdbc_21181_25017,,2026-08-21T21:48:17Z,0.2.0,not_published,,engineering_pending,0,100,0,,official,default,false
171002,Masarac i Vilarnadal,02,Alt Empordà,2023,,,,,0,missing,idescat_rfdbc_21181_25017,,2026-08-21T21:48:17Z,0.2.0,not_published,,engineering_pending,0,100,0,,official,default,false
171019,Massanes,34,Selva,2023,,,,,0,missing,idescat_rfdbc_21181_25017,,2026-08-21T21:48:17Z,0.2.0,not_published,,engineering_pending,0,100,0,,official,default,false
171024,Maçanet de Cabrenys,02,Alt Empordà,2023,,,,,0,missing,idescat_rfdbc_21181_25017,,2026-08-21T21:48:17Z,0.2.0,not_published,,engineering_pending,0,100,0,,official,default,false
171030,Maçanet de la Selva,34,Selva,2023,127380000,16138,77.6,9.2791,85,municipality,idescat_rfdbc_21181_25017,,2026-08-21T21:48:17Z,0.2.0,,,complete,9.2791,9.2791,100,,official,default,true
171058,Mieres,19,Garrotxa,2023,,,,,0,missing,idescat_rfdbc_21181_25017,,2026-08-21T21:48:17Z,0.2.0,not_published,,engineering_pending,0,100,0,,official,default,false
171061,Mollet de Peralada,02,Alt Empordà,2023,,,,,0,missing,idescat_rfdbc_21181_25017,,2026-08-21T21:48:17Z,0.2.0,not_published,,engineering_pending,0,100,0,,official,default,false
171077,Molló,31,Ripollès,2023,,,,,0,missing,idescat_rfdbc_21181_25017,,2026-08-21T21:48:17Z,0.2.0,not_published,,engineering_pending,0,100,0,,official,default,false
171096,Montagut i Oix,19,Garrotxa,2023,,,,,0,missing,idescat_rfdbc_21181_25017,,2026-08-21T21:48:17Z,0.2.0,not_published,,engineering_pending,0,100,0,,official,default,false
171100,Mont-ras,10,Baix Empordà,2023,34232000,20474,98.5,56.2622,85,municipality,idescat_rfdbc_21181_25017,,2026-08-21T21:48:17Z,0.2.0,,,complete,56.2622,56.2622,100,,official,default,true
171117,Navata,02,Alt Empordà,2023,30679000,21042,101.2,62.4168,85,municipality,idescat_rfdbc_21181_25017,,2026-08-21T21:48:17Z,0.2.0,,,complete,62.4168,62.4168,100,,official,default,true
171122,Ogassa,31,Ripollès,2023,,,,,0,missing,idescat_rfdbc_21181_25017,,2026-08-21T21:48:17Z,0.2.0,not_published,,engineering_pending,0,100,0,,official,default,false
171143,Olot,19,Garrotxa,2023,732477000,19063,91.7,40.9731,85,municipality,idescat_rfdbc_21181_25017,,2026-08-21T21:48:17Z,0.2.0,,,complete,40.9731,40.9731,100,,official,default,true
171156,Ordis,02,Alt Empordà,2023,,,,,0,missing,idescat_rfdbc_21181_25017,,2026-08-21T21:48:17Z,0.2.0,not_published,,engineering_pending,0,100,0,,official,default,false
171169,Osor,34,Selva,2023,,,,,0,missing,idescat_rfdbc_21181_25017,,2026-08-21T21:48:17Z,0.2.0,not_published,,engineering_pending,0,100,0,,official,default,false
171175,Palafrugell,10,Baix Empordà,2023,399365000,16599,79.8,14.2743,85,municipality,idescat_rfdbc_21181_25017,,2026-08-21T21:48:17Z,0.2.0,,,complete,14.2743,14.2743,100,,official,default,true
171181,Palamós,10,Baix Empordà,2023,331189000,17928,86.2,28.6748,85,municipality,idescat_rfdbc_21181_25017,,2026-08-21T21:48:17Z,0.2.0,,,complete,28.6748,28.6748,100,,official,default,true
171194,Palau de Santa Eulàlia,02,Alt Empordà,2023,,,,,0,missing,idescat_rfdbc_21181_25017,,2026-08-21T21:48:17Z,0.2.0,not_published,,engineering_pending,0,100,0,,official,default,false
171208,Palau-saverdera,02,Alt Empordà,2023,25229000,16898,81.3,17.5141,85,municipality,idescat_rfdbc_21181_25017,,2026-08-21T21:48:17Z,0.2.0,,,complete,17.5141,17.5141,100,,official,default,true
171215,Palau-sator,10,Baix Empordà,2023,,,,,0,missing,idescat_rfdbc_21181_25017,,2026-08-21T21:48:17Z,0.2.0,not_published,,engineering_pending,0,100,0,,official,default,false
171236,Palol de Revardit,28,Pla de l'Estany,2023,,,,,0,missing,idescat_rfdbc_21181_25017,,2026-08-21T21:48:17Z,0.2.0,not_published,,engineering_pending,0,100,0,,official,default,false
171241,Pals,10,Baix Empordà,2023,52309000,20283,97.6,54.1926,85,municipality,idescat_rfdbc_21181_25017,,2026-08-21T21:48:17Z,0.2.0,,,complete,54.1926,54.1926,100,,official,default,true
171254,Pardines,31,Ripollès,2023,,,,,0,missing,idescat_rfdbc_21181_25017,,2026-08-21T21:48:17Z,0.2.0,not_published,,engineering_pending,0,100,0,,official,default,false
171267,Parlavà,10,Baix Empordà,2023,,,,,0,missing,idescat_rfdbc_21181_25017,,2026-08-21T21:48:17Z,0.2.0,not_published,,engineering_pending,0,100,0,,official,default,false
171289,Pau,02,Alt Empordà,2023,,,,,0,missing,idescat_rfdbc_21181_25017,,2026-08-21T21:48:17Z,0.2.0,not_published,,engineering_pending,0,100,0,,official,default,false
171292,Pedret i Marzà,02,Alt Empordà,2023,,,,,0,missing,idescat_rfdbc_21181_25017,,2026-08-21T21:48:17Z,0.2.0,not_published,,engineering_pending,0,100,0,,official,default,false
171306,la Pera,10,Baix Empordà,2023,,,,,0,missing,idescat_rfdbc_21181_25017,,2026-08-21T21:48:17Z,0.2.0,not_published,,engineering_pending,0,100,0,,official,default,false
171328,Peralada,02,Alt Empordà,2023,45059000,22142,106.5,74.3359,85,municipality,idescat_rfdbc_21181_25017,,2026-08-21T21:48:17Z,0.2.0,,,complete,74.3359,74.3359,100,,official,default,true
171334,les Planes d'Hostoles,19,Garrotxa,2023,33443000,19067,91.7,41.0165,85,municipality,idescat_rfdbc_21181_25017,,2026-08-21T21:48:17Z,0.2.0,,,complete,41.0165,41.0165,100,,official,default,true
171349,Planoles,31,Ripollès,2023,,,,,0,missing,idescat_rfdbc_21181_25017,,2026-08-21T21:48:17Z,0.2.0,not_published,,engineering_pending,0,100,0,,official,default,false
171352,Pont de Molins,02,Alt Empordà,2023,,,,,0,missing,idescat_rfdbc_21181_25017,,2026-08-21T21:48:17Z,0.2.0,not_published,,engineering_pending,0,100,0,,official,default,false
171365,Pontós,02,Alt Empordà,2023,,,,,0,missing,idescat_rfdbc_21181_25017,,2026-08-21T21:48:17Z,0.2.0,not_published,,engineering_pending,0,100,0,,official,default,false
171371,Porqueres,28,Pla de l'Estany,2023,95699000,20164,97,52.9031,85,municipality,idescat_rfdbc_21181_25017,,2026-08-21T21:48:17Z,0.2.0,,,complete,52.9031,52.9031,100,,official,default,true
171387,Portbou,02,Alt Empordà,2023,18267000,17024,81.9,18.8794,85,municipality,idescat_rfdbc_21181_25017,,2026-08-21T21:48:17Z,0.2.0,,,complete,18.8794,18.8794,100,,official,default,true
171390,les Preses,19,Garrotxa,2023,40200000,20981,100.9,61.7558,85,municipality,idescat_rfdbc_21181_25017,,2026-08-21T21:48:17Z,0.2.0,,,complete,61.7558,61.7558,100,,official,default,true
171404,el Port de la Selva,02,Alt Empordà,2023,20648000,19759,95,48.5147,85,municipality,idescat_rfdbc_21181_25017,,2026-08-21T21:48:17Z,0.2.0,,,complete,48.5147,48.5147,100,,official,default,true
171411,Puigcerdà,15,Cerdanya,2023,156188000,15759,75.8,5.1724,85,municipality,idescat_rfdbc_21181_25017,,2026-08-21T21:48:17Z,0.2.0,,,complete,5.1724,5.1724,100,,official,default,true
171426,Quart,20,Gironès,2023,81921000,20158,97,52.8381,85,municipality,idescat_rfdbc_21181_25017,,2026-08-21T21:48:17Z,0.2.0,,,complete,52.8381,52.8381,100,,official,default,true
171432,Rabós,02,Alt Empordà,2023,,,,,0,missing,idescat_rfdbc_21181_25017,,2026-08-21T21:48:17Z,0.2.0,not_published,,engineering_pending,0,100,0,,official,default,false
171447,Regencós,10,Baix Empordà,2023,,,,,0,missing,idescat_rfdbc_21181_25017,,2026-08-21T21:48:17Z,0.2.0,not_published,,engineering_pending,0,100,0,,official,default,false
171450,Ribes de Freser,31,Ripollès,2023,38631000,20938,100.7,61.2899,85,municipality,idescat_rfdbc_21181_25017,,2026-08-21T21:48:17Z,0.2.0,,,complete,61.2899,61.2899,100,,official,default,true
171463,Riells i Viabrea,34,Selva,2023,81550000,18289,88,32.5864,85,municipality,idescat_rfdbc_21181_25017,,2026-08-21T21:48:17Z,0.2.0,,,complete,32.5864,32.5864,100,,official,default,true
171479,Ripoll,31,Ripollès,2023,212748000,19701,94.8,47.8862,85,municipality,idescat_rfdbc_21181_25017,,2026-08-21T21:48:17Z,0.2.0,,,complete,47.8862,47.8862,100,,official,default,true
171485,Riudarenes,34,Selva,2023,46892000,19628,94.4,47.0953,85,municipality,idescat_rfdbc_21181_25017,,2026-08-21T21:48:17Z,0.2.0,,,complete,47.0953,47.0953,100,,official,default,true
171498,Riudaura,19,Garrotxa,2023,,,,,0,missing,idescat_rfdbc_21181_25017,,2026-08-21T21:48:17Z,0.2.0,not_published,,engineering_pending,0,100,0,,official,default,false
171501,Riudellots de la Selva,34,Selva,2023,43575000,20661,99.4,58.2884,85,municipality,idescat_rfdbc_21181_25017,,2026-08-21T21:48:17Z,0.2.0,,,complete,58.2884,58.2884,100,,official,default,true
171518,Riumors,02,Alt Empordà,2023,,,,,0,missing,idescat_rfdbc_21181_25017,,2026-08-21T21:48:17Z,0.2.0,not_published,,engineering_pending,0,100,0,,official,default,false
171523,Roses,02,Alt Empordà,2023,293320000,14578,70.1,0,85,municipality,idescat_rfdbc_21181_25017,,2026-08-21T21:48:17Z,0.2.0,,,complete,0,0,100,,official,default,true
171539,Rupià,10,Baix Empordà,2023,,,,,0,missing,idescat_rfdbc_21181_25017,,2026-08-21T21:48:17Z,0.2.0,not_published,,engineering_pending,0,100,0,,official,default,false
171544,Sales de Llierca,19,Garrotxa,2023,,,,,0,missing,idescat_rfdbc_21181_25017,,2026-08-21T21:48:17Z,0.2.0,not_published,,engineering_pending,0,100,0,,official,default,false
171557,Salt,20,Gironès,2023,458577000,13633,65.6,0,85,municipality,idescat_rfdbc_21181_25017,,2026-08-21T21:48:17Z,0.2.0,,,complete,0,0,100,,official,default,true
171576,Sant Andreu Salou,20,Gironès,2023,,,,,0,missing,idescat_rfdbc_21181_25017,,2026-08-21T21:48:17Z,0.2.0,not_published,,engineering_pending,0,100,0,,official,default,false
171582,Sant Climent Sescebes,02,Alt Empordà,2023,,,,,0,missing,idescat_rfdbc_21181_25017,,2026-08-21T21:48:17Z,0.2.0,not_published,,engineering_pending,0,100,0,,official,default,false
171595,Sant Feliu de Buixalleu,34,Selva,2023,,,,,0,missing,idescat_rfdbc_21181_25017,,2026-08-21T21:48:17Z,0.2.0,not_published,,engineering_pending,0,100,0,,official,default,false
171609,Sant Feliu de Guíxols,10,Baix Empordà,2023,377138000,16547,79.6,13.7108,85,municipality,idescat_rfdbc_21181_25017,,2026-08-21T21:48:17Z,0.2.0,,,complete,13.7108,13.7108,100,,official,default,true
171616,Sant Feliu de Pallerols,19,Garrotxa,2023,28021000,17170,82.6,20.4614,85,municipality,idescat_rfdbc_21181_25017,,2026-08-21T21:48:17Z,0.2.0,,,complete,20.4614,20.4614,100,,official,default,true
171621,Sant Ferriol,19,Garrotxa,2023,,,,,0,missing,idescat_rfdbc_21181_25017,,2026-08-21T21:48:17Z,0.2.0,not_published,,engineering_pending,0,100,0,,official,default,false
171637,Sant Gregori,20,Gironès,2023,102742000,24295,116.9,97.6649,85,municipality,idescat_rfdbc_21181_25017,,2026-08-21T21:48:17Z,0.2.0,,,complete,97.6649,97.6649,100,,official,default,true
171642,Sant Hilari Sacalm,34,Selva,2023,103964000,17532,84.3,24.3839,85,municipality,idescat_rfdbc_21181_25017,,2026-08-21T21:48:17Z,0.2.0,,,complete,24.3839,24.3839,100,,official,default,true
171655,Sant Jaume de Llierca,19,Garrotxa,2023,,,,,0,missing,idescat_rfdbc_21181_25017,,2026-08-21T21:48:17Z,0.2.0,not_published,,engineering_pending,0,100,0,,official,default,false
171668,Sant Jordi Desvalls,20,Gironès,2023,,,,,0,missing,idescat_rfdbc_21181_25017,,2026-08-21T21:48:17Z,0.2.0,not_published,,engineering_pending,0,100,0,,official,default,false
171674,Sant Joan de les Abadesses,31,Ripollès,2023,66829000,20039,96.4,51.5487,85,municipality,idescat_rfdbc_21181_25017,,2026-08-21T21:48:17Z,0.2.0,,,complete,51.5487,51.5487,100,,official,default,true
171680,Sant Joan de Mollet,20,Gironès,2023,,,,,0,missing,idescat_rfdbc_21181_25017,,2026-08-21T21:48:17Z,0.2.0,not_published,,engineering_pending,0,100,0,,official,default,false
171693,Sant Julià de Ramis,20,Gironès,2023,75491000,20570,98.9,57.3024,85,municipality,idescat_rfdbc_21181_25017,,2026-08-21T21:48:17Z,0.2.0,,,complete,57.3024,57.3024,100,,official,default,true
171707,Vallfogona de Ripollès,31,Ripollès,2023,,,,,0,missing,idescat_rfdbc_21181_25017,,2026-08-21T21:48:17Z,0.2.0,not_published,,engineering_pending,0,100,0,,official,default,false
171714,Sant Llorenç de la Muga,02,Alt Empordà,2023,,,,,0,missing,idescat_rfdbc_21181_25017,,2026-08-21T21:48:17Z,0.2.0,not_published,,engineering_pending,0,100,0,,official,default,false
171729,Sant Martí de Llémena,20,Gironès,2023,,,,,0,missing,idescat_rfdbc_21181_25017,,2026-08-21T21:48:17Z,0.2.0,not_published,,engineering_pending,0,100,0,,official,default,false
171735,Sant Martí Vell,20,Gironès,2023,,,,,0,missing,idescat_rfdbc_21181_25017,,2026-08-21T21:48:17Z,0.2.0,not_published,,engineering_pending,0,100,0,,official,default,false
171740,Sant Miquel de Campmajor,28,Pla de l'Estany,2023,,,,,0,missing,idescat_rfdbc_21181_25017,,2026-08-21T21:48:17Z,0.2.0,not_published,,engineering_pending,0,100,0,,official,default,false
171753,Sant Miquel de Fluvià,02,Alt Empordà,2023,,,,,0,missing,idescat_rfdbc_21181_25017,,2026-08-21T21:48:17Z,0.2.0,not_published,,engineering_pending,0,100,0,,official,default,false
171766,Sant Mori,02,Alt Empordà,2023,,,,,0,missing,idescat_rfdbc_21181_25017,,2026-08-21T21:48:17Z,0.2.0,not_published,,engineering_pending,0,100,0,,official,default,false
171772,Sant Pau de Segúries,31,Ripollès,2023,,,,,0,missing,idescat_rfdbc_21181_25017,,2026-08-21T21:48:17Z,0.2.0,not_published,,engineering_pending,0,100,0,,official,default,false
171788,Sant Pere Pescador,02,Alt Empordà,2023,35746000,16511,79.4,13.3207,85,municipality,idescat_rfdbc_21181_25017,,2026-08-21T21:48:17Z,0.2.0,,,complete,13.3207,13.3207,100,,official,default,true
171805,Santa Coloma de Farners,34,Selva,2023,244414000,17675,85,25.9334,85,municipality,idescat_rfdbc_21181_25017,,2026-08-21T21:48:17Z,0.2.0,,,complete,25.9334,25.9334,100,,official,default,true
171812,Santa Cristina d'Aro,10,Baix Empordà,2023,113516000,19766,95.1,48.5906,85,municipality,idescat_rfdbc_21181_25017,,2026-08-21T21:48:17Z,0.2.0,,,complete,48.5906,48.5906,100,,official,default,true
171827,Santa Llogaia d'Àlguema,02,Alt Empordà,2023,,,,,0,missing,idescat_rfdbc_21181_25017,,2026-08-21T21:48:17Z,0.2.0,not_published,,engineering_pending,0,100,0,,official,default,false
171833,Sant Aniol de Finestres,19,Garrotxa,2023,,,,,0,missing,idescat_rfdbc_21181_25017,,2026-08-21T21:48:17Z,0.2.0,not_published,,engineering_pending,0,100,0,,official,default,false
171848,Santa Pau,19,Garrotxa,2023,34102000,21129,101.6,63.3595,85,municipality,idescat_rfdbc_21181_25017,,2026-08-21T21:48:17Z,0.2.0,,,complete,63.3595,63.3595,100,,official,default,true
171851,Sant Joan les Fonts,19,Garrotxa,2023,68215000,22019,105.9,73.0031,85,municipality,idescat_rfdbc_21181_25017,,2026-08-21T21:48:17Z,0.2.0,,,complete,73.0031,73.0031,100,,official,default,true
171864,Sarrià de Ter,20,Gironès,2023,104445000,19493,93.8,45.6324,85,municipality,idescat_rfdbc_21181_25017,,2026-08-21T21:48:17Z,0.2.0,,,complete,45.6324,45.6324,100,,official,default,true
171870,"Saus, Camallera i Llampaies",02,Alt Empordà,2023,,,,,0,missing,idescat_rfdbc_21181_25017,,2026-08-21T21:48:17Z,0.2.0,not_published,,engineering_pending,0,100,0,,official,default,false
171886,la Selva de Mar,02,Alt Empordà,2023,,,,,0,missing,idescat_rfdbc_21181_25017,,2026-08-21T21:48:17Z,0.2.0,not_published,,engineering_pending,0,100,0,,official,default,false
171899,la Cellera de Ter,34,Selva,2023,39832000,19797,95.2,48.9265,85,municipality,idescat_rfdbc_21181_25017,,2026-08-21T21:48:17Z,0.2.0,,,complete,48.9265,48.9265,100,,official,default,true
171903,Serinyà,28,Pla de l'Estany,2023,21166000,17877,86,28.1221,85,municipality,idescat_rfdbc_21181_25017,,2026-08-21T21:48:17Z,0.2.0,,,complete,28.1221,28.1221,100,,official,default,true
171910,Serra de Daró,10,Baix Empordà,2023,,,,,0,missing,idescat_rfdbc_21181_25017,,2026-08-21T21:48:17Z,0.2.0,not_published,,engineering_pending,0,100,0,,official,default,false
171925,Setcases,31,Ripollès,2023,,,,,0,missing,idescat_rfdbc_21181_25017,,2026-08-21T21:48:17Z,0.2.0,not_published,,engineering_pending,0,100,0,,official,default,false
171931,Sils,34,Selva,2023,120732000,18150,87.3,31.0803,85,municipality,idescat_rfdbc_21181_25017,,2026-08-21T21:48:17Z,0.2.0,,,complete,31.0803,31.0803,100,,official,default,true
171946,Susqueda,34,Selva,2023,,,,,0,missing,idescat_rfdbc_21181_25017,,2026-08-21T21:48:17Z,0.2.0,not_published,,engineering_pending,0,100,0,,official,default,false
171959,la Tallada d'Empordà,10,Baix Empordà,2023,,,,,0,missing,idescat_rfdbc_21181_25017,,2026-08-21T21:48:17Z,0.2.0,not_published,,engineering_pending,0,100,0,,official,default,false
171962,Terrades,02,Alt Empordà,2023,,,,,0,missing,idescat_rfdbc_21181_25017,,2026-08-21T21:48:17Z,0.2.0,not_published,,engineering_pending,0,100,0,,official,default,false
171978,Torrent,10,Baix Empordà,2023,,,,,0,missing,idescat_rfdbc_21181_25017,,2026-08-21T21:48:17Z,0.2.0,not_published,,engineering_pending,0,100,0,,official,default,false
171984,Torroella de Fluvià,02,Alt Empordà,2023,,,,,0,missing,idescat_rfdbc_21181_25017,,2026-08-21T21:48:17Z,0.2.0,not_published,,engineering_pending,0,100,0,,official,default,false
171997,Torroella de Montgrí,10,Baix Empordà,2023,201927000,16376,78.8,11.8579,85,municipality,idescat_rfdbc_21181_25017,,2026-08-21T21:48:17Z,0.2.0,,,complete,11.8579,11.8579,100,,official,default,true
172001,Tortellà,19,Garrotxa,2023,,,,,0,missing,idescat_rfdbc_21181_25017,,2026-08-21T21:48:17Z,0.2.0,not_published,,engineering_pending,0,100,0,,official,default,false
172018,Toses,31,Ripollès,2023,,,,,0,missing,idescat_rfdbc_21181_25017,,2026-08-21T21:48:17Z,0.2.0,not_published,,engineering_pending,0,100,0,,official,default,false
172023,Tossa de Mar,34,Selva,2023,99649000,16052,77.2,8.3472,85,municipality,idescat_rfdbc_21181_25017,,2026-08-21T21:48:17Z,0.2.0,,,complete,8.3472,8.3472,100,,official,default,true
172039,Ultramort,10,Baix Empordà,2023,,,,,0,missing,idescat_rfdbc_21181_25017,,2026-08-21T21:48:17Z,0.2.0,not_published,,engineering_pending,0,100,0,,official,default,false
172044,Ullà,10,Baix Empordà,2023,18486000,15291,73.6,0.1013,85,municipality,idescat_rfdbc_21181_25017,,2026-08-21T21:48:17Z,0.2.0,,,complete,0.1013,0.1013,100,,official,default,true
172057,Ullastret,10,Baix Empordà,2023,,,,,0,missing,idescat_rfdbc_21181_25017,,2026-08-21T21:48:17Z,0.2.0,not_published,,engineering_pending,0,100,0,,official,default,false
172060,Urús,15,Cerdanya,2023,,,,,0,missing,idescat_rfdbc_21181_25017,,2026-08-21T21:48:17Z,0.2.0,not_published,,engineering_pending,0,100,0,,official,default,false
172076,la Vall d'en Bas,19,Garrotxa,2023,73691000,23050,110.9,84.1746,85,municipality,idescat_rfdbc_21181_25017,,2026-08-21T21:48:17Z,0.2.0,,,complete,84.1746,84.1746,100,,official,default,true
172082,la Vall de Bianya,19,Garrotxa,2023,30219000,22171,106.6,74.6501,85,municipality,idescat_rfdbc_21181_25017,,2026-08-21T21:48:17Z,0.2.0,,,complete,74.6501,74.6501,100,,official,default,true
172095,Vall-llobrega,10,Baix Empordà,2023,,,,,0,missing,idescat_rfdbc_21181_25017,,2026-08-21T21:48:17Z,0.2.0,not_published,,engineering_pending,0,100,0,,official,default,false
172109,Ventalló,02,Alt Empordà,2023,,,,,0,missing,idescat_rfdbc_21181_25017,,2026-08-21T21:48:17Z,0.2.0,not_published,,engineering_pending,0,100,0,,official,default,false
172116,Verges,10,Baix Empordà,2023,24009000,20261,97.5,53.9542,85,municipality,idescat_rfdbc_21181_25017,,2026-08-21T21:48:17Z,0.2.0,,,complete,53.9542,53.9542,100,,official,default,true
172121,Vidrà,24,Osona,2023,,,,,0,missing,idescat_rfdbc_21181_25017,,2026-08-21T21:48:17Z,0.2.0,not_published,,engineering_pending,0,100,0,,official,default,false
172137,Vidreres,34,Selva,2023,149940000,17516,84.3,24.2105,85,municipality,idescat_rfdbc_21181_25017,,2026-08-21T21:48:17Z,0.2.0,,,complete,24.2105,24.2105,100,,official,default,true
172142,Vilabertran,02,Alt Empordà,2023,,,,,0,missing,idescat_rfdbc_21181_25017,,2026-08-21T21:48:17Z,0.2.0,not_published,,engineering_pending,0,100,0,,official,default,false
172155,Vilablareix,20,Gironès,2023,90496000,24889,119.7,100,85,municipality,idescat_rfdbc_21181_25017,,2026-08-21T21:48:17Z,0.2.0,,,complete,100,100,100,,official,default,true
172168,Viladasens,20,Gironès,2023,,,,,0,missing,idescat_rfdbc_21181_25017,,2026-08-21T21:48:17Z,0.2.0,not_published,,engineering_pending,0,100,0,,official,default,false
172174,Viladamat,02,Alt Empordà,2023,,,,,0,missing,idescat_rfdbc_21181_25017,,2026-08-21T21:48:17Z,0.2.0,not_published,,engineering_pending,0,100,0,,official,default,false
172180,Vilademuls,28,Pla de l'Estany,2023,,,,,0,missing,idescat_rfdbc_21181_25017,,2026-08-21T21:48:17Z,0.2.0,not_published,,engineering_pending,0,100,0,,official,default,false
172207,Viladrau,24,Osona,2023,24609000,21251,102.2,64.6814,85,municipality,idescat_rfdbc_21181_25017,,2026-08-21T21:48:17Z,0.2.0,,,complete,64.6814,64.6814,100,,official,default,true
172214,Vilafant,02,Alt Empordà,2023,103967000,18365,88.3,33.4099,85,municipality,idescat_rfdbc_21181_25017,,2026-08-21T21:48:17Z,0.2.0,,,complete,33.4099,33.4099,100,,official,default,true
172229,Vilaür,02,Alt Empordà,2023,,,,,0,missing,idescat_rfdbc_21181_25017,,2026-08-21T21:48:17Z,0.2.0,not_published,,engineering_pending,0,100,0,,official,default,false
172235,Vilajuïga,02,Alt Empordà,2023,22147000,18897,90.9,39.1744,85,municipality,idescat_rfdbc_21181_25017,,2026-08-21T21:48:17Z,0.2.0,,,complete,39.1744,39.1744,100,,official,default,true
172240,Vilallonga de Ter,31,Ripollès,2023,,,,,0,missing,idescat_rfdbc_21181_25017,,2026-08-21T21:48:17Z,0.2.0,not_published,,engineering_pending,0,100,0,,official,default,false
172253,Vilamacolum,02,Alt Empordà,2023,,,,,0,missing,idescat_rfdbc_21181_25017,,2026-08-21T21:48:17Z,0.2.0,not_published,,engineering_pending,0,100,0,,official,default,false
172266,Vilamalla,02,Alt Empordà,2023,20258000,16673,80.2,15.0761,85,municipality,idescat_rfdbc_21181_25017,,2026-08-21T21:48:17Z,0.2.0,,,complete,15.0761,15.0761,100,,official,default,true
172272,Vilamaniscle,02,Alt Empordà,2023,,,,,0,missing,idescat_rfdbc_21181_25017,,2026-08-21T21:48:17Z,0.2.0,not_published,,engineering_pending,0,100,0,,official,default,false
172288,Vilanant,02,Alt Empordà,2023,,,,,0,missing,idescat_rfdbc_21181_25017,,2026-08-21T21:48:17Z,0.2.0,not_published,,engineering_pending,0,100,0,,official,default,false
172305,Vila-sacra,02,Alt Empordà,2023,,,,,0,missing,idescat_rfdbc_21181_25017,,2026-08-21T21:48:17Z,0.2.0,not_published,,engineering_pending,0,100,0,,official,default,false
172327,Vilopriu,10,Baix Empordà,2023,,,,,0,missing,idescat_rfdbc_21181_25017,,2026-08-21T21:48:17Z,0.2.0,not_published,,engineering_pending,0,100,0,,official,default,false
172333,Vilobí d'Onyar,34,Selva,2023,70616000,21457,103.2,66.9135,85,municipality,idescat_rfdbc_21181_25017,,2026-08-21T21:48:17Z,0.2.0,,,complete,66.9135,66.9135,100,,official,default,true
172348,Biure,02,Alt Empordà,2023,,,,,0,missing,idescat_rfdbc_21181_25017,,2026-08-21T21:48:17Z,0.2.0,not_published,,engineering_pending,0,100,0,,official,default,false
179011,"Cruïlles, Monells i Sant Sadurní de l'Heura",10,Baix Empordà,2023,31622000,23866,114.8,93.0165,85,municipality,idescat_rfdbc_21181_25017,,2026-08-21T21:48:17Z,0.2.0,,,complete,93.0165,93.0165,100,,official,default,true
179026,Forallac,10,Baix Empordà,2023,36393000,20713,99.6,58.8519,85,municipality,idescat_rfdbc_21181_25017,,2026-08-21T21:48:17Z,0.2.0,,,complete,58.8519,58.8519,100,,official,default,true
179032,Sant Julià del Llor i Bonmatí,34,Selva,2023,26610000,19452,93.6,45.1882,85,municipality,idescat_rfdbc_21181_25017,,2026-08-21T21:48:17Z,0.2.0,,,complete,45.1882,45.1882,100,,official,default,true
250019,Abella de la Conca,25,Pallars Jussà,2023,,,,,0,missing,idescat_rfdbc_21181_25017,,2026-08-21T21:48:17Z,0.2.0,not_published,,engineering_pending,0,100,0,,official,default,false
250024,Àger,23,Noguera,2023,,,,,0,missing,idescat_rfdbc_21181_25017,,2026-08-21T21:48:17Z,0.2.0,not_published,,engineering_pending,0,100,0,,official,default,false
250030,Agramunt,38,Urgell,2023,99327000,17900,86.1,28.3714,85,municipality,idescat_rfdbc_21181_25017,,2026-08-21T21:48:17Z,0.2.0,,,complete,28.3714,28.3714,100,,official,default,true
250045,els Alamús,33,Segrià,2023,,,,,0,missing,idescat_rfdbc_21181_25017,,2026-08-21T21:48:17Z,0.2.0,not_published,,engineering_pending,0,100,0,,official,default,false
250058,Alàs i Cerc,04,Alt Urgell,2023,,,,,0,missing,idescat_rfdbc_21181_25017,,2026-08-21T21:48:17Z,0.2.0,not_published,,engineering_pending,0,100,0,,official,default,false
250061,l'Albagés,18,Garrigues,2023,,,,,0,missing,idescat_rfdbc_21181_25017,,2026-08-21T21:48:17Z,0.2.0,not_published,,engineering_pending,0,100,0,,official,default,false
250077,Albatàrrec,33,Segrià,2023,35094000,15646,75.3,3.9479,85,municipality,idescat_rfdbc_21181_25017,,2026-08-21T21:48:17Z,0.2.0,,,complete,3.9479,3.9479,100,,official,default,true
250083,Albesa,23,Noguera,2023,26866000,17058,82,19.2478,85,municipality,idescat_rfdbc_21181_25017,,2026-08-21T21:48:17Z,0.2.0,,,complete,19.2478,19.2478,100,,official,default,true
250096,l'Albi,18,Garrigues,2023,,,,,0,missing,idescat_rfdbc_21181_25017,,2026-08-21T21:48:17Z,0.2.0,not_published,,engineering_pending,0,100,0,,official,default,false
250100,Alcanó,33,Segrià,2023,,,,,0,missing,idescat_rfdbc_21181_25017,,2026-08-21T21:48:17Z,0.2.0,not_published,,engineering_pending,0,100,0,,official,default,false
250117,Alcarràs,33,Segrià,2023,158454000,15668,75.4,4.1863,85,municipality,idescat_rfdbc_21181_25017,,2026-08-21T21:48:17Z,0.2.0,,,complete,4.1863,4.1863,100,,official,default,true
250122,Alcoletge,33,Segrià,2023,57028000,15934,76.6,7.0686,85,municipality,idescat_rfdbc_21181_25017,,2026-08-21T21:48:17Z,0.2.0,,,complete,7.0686,7.0686,100,,official,default,true
250138,Alfarràs,33,Segrià,2023,47934000,17298,83.2,21.8483,85,municipality,idescat_rfdbc_21181_25017,,2026-08-21T21:48:17Z,0.2.0,,,complete,21.8483,21.8483,100,,official,default,true
250143,Alfés,33,Segrià,2023,,,,,0,missing,idescat_rfdbc_21181_25017,,2026-08-21T21:48:17Z,0.2.0,not_published,,engineering_pending,0,100,0,,official,default,false
250156,Algerri,23,Noguera,2023,,,,,0,missing,idescat_rfdbc_21181_25017,,2026-08-21T21:48:17Z,0.2.0,not_published,,engineering_pending,0,100,0,,official,default,false
250169,Alguaire,33,Segrià,2023,51504000,17180,82.6,20.5697,85,municipality,idescat_rfdbc_21181_25017,,2026-08-21T21:48:17Z,0.2.0,,,complete,20.5697,20.5697,100,,official,default,true
250175,Alins,26,Pallars Sobirà,2023,,,,,0,missing,idescat_rfdbc_21181_25017,,2026-08-21T21:48:17Z,0.2.0,not_published,,engineering_pending,0,100,0,,official,default,false
250194,Almacelles,33,Segrià,2023,112007000,15999,77,7.7729,85,municipality,idescat_rfdbc_21181_25017,,2026-08-21T21:48:17Z,0.2.0,,,complete,7.7729,7.7729,100,,official,default,true
250208,Almatret,33,Segrià,2023,,,,,0,missing,idescat_rfdbc_21181_25017,,2026-08-21T21:48:17Z,0.2.0,not_published,,engineering_pending,0,100,0,,official,default,false
250215,Almenar,33,Segrià,2023,55961000,16740,80.5,15.8021,85,municipality,idescat_rfdbc_21181_25017,,2026-08-21T21:48:17Z,0.2.0,,,complete,15.8021,15.8021,100,,official,default,true
250220,Alòs de Balaguer,23,Noguera,2023,,,,,0,missing,idescat_rfdbc_21181_25017,,2026-08-21T21:48:17Z,0.2.0,not_published,,engineering_pending,0,100,0,,official,default,false
250236,Alpicat,33,Segrià,2023,148123000,22922,110.3,82.7877,85,municipality,idescat_rfdbc_21181_25017,,2026-08-21T21:48:17Z,0.2.0,,,complete,82.7877,82.7877,100,,official,default,true
250241,Alt Àneu,26,Pallars Sobirà,2023,,,,,0,missing,idescat_rfdbc_21181_25017,,2026-08-21T21:48:17Z,0.2.0,not_published,,engineering_pending,0,100,0,,official,default,false
250254,Naut Aran,39,Val d'Aran,2023,36250000,19039,91.6,40.7131,85,municipality,idescat_rfdbc_21181_25017,,2026-08-21T21:48:17Z,0.2.0,,,complete,40.7131,40.7131,100,,official,default,true
250273,Anglesola,38,Urgell,2023,23079000,16920,81.4,17.7525,85,municipality,idescat_rfdbc_21181_25017,,2026-08-21T21:48:17Z,0.2.0,,,complete,17.7525,17.7525,100,,official,default,true
250292,Arbeca,18,Garrigues,2023,40864000,19515,93.9,45.8708,85,municipality,idescat_rfdbc_21181_25017,,2026-08-21T21:48:17Z,0.2.0,,,complete,45.8708,45.8708,100,,official,default,true
250306,el Pont de Bar,04,Alt Urgell,2023,,,,,0,missing,idescat_rfdbc_21181_25017,,2026-08-21T21:48:17Z,0.2.0,not_published,,engineering_pending,0,100,0,,official,default,false
250313,Arres,39,Val d'Aran,2023,,,,,0,missing,idescat_rfdbc_21181_25017,,2026-08-21T21:48:17Z,0.2.0,not_published,,engineering_pending,0,100,0,,official,default,false
250328,Arsèguel,04,Alt Urgell,2023,,,,,0,missing,idescat_rfdbc_21181_25017,,2026-08-21T21:48:17Z,0.2.0,not_published,,engineering_pending,0,100,0,,official,default,false
250334,Artesa de Lleida,33,Segrià,2023,26183000,17192,82.7,20.6998,85,municipality,idescat_rfdbc_21181_25017,,2026-08-21T21:48:17Z,0.2.0,,,complete,20.6998,20.6998,100,,official,default,true
250349,Artesa de Segre,23,Noguera,2023,56602000,16057,77.2,8.4014,85,municipality,idescat_rfdbc_21181_25017,,2026-08-21T21:48:17Z,0.2.0,,,complete,8.4014,8.4014,100,,official,default,true
250352,la Sentiu de Sió,23,Noguera,2023,,,,,0,missing,idescat_rfdbc_21181_25017,,2026-08-21T21:48:17Z,0.2.0,not_published,,engineering_pending,0,100,0,,official,default,false
250365,Aspa,33,Segrià,2023,,,,,0,missing,idescat_rfdbc_21181_25017,,2026-08-21T21:48:17Z,0.2.0,not_published,,engineering_pending,0,100,0,,official,default,false
250371,les Avellanes i Santa Linya,23,Noguera,2023,,,,,0,missing,idescat_rfdbc_21181_25017,,2026-08-21T21:48:17Z,0.2.0,not_published,,engineering_pending,0,100,0,,official,default,false
250387,Aitona,33,Segrià,2023,38392000,15079,72.5,0,85,municipality,idescat_rfdbc_21181_25017,,2026-08-21T21:48:17Z,0.2.0,,,complete,0,0,100,,official,default,true
250390,Baix Pallars,26,Pallars Sobirà,2023,,,,,0,missing,idescat_rfdbc_21181_25017,,2026-08-21T21:48:17Z,0.2.0,not_published,,engineering_pending,0,100,0,,official,default,false
250404,Balaguer,23,Noguera,2023,278079000,15818,76.1,5.8117,85,municipality,idescat_rfdbc_21181_25017,,2026-08-21T21:48:17Z,0.2.0,,,complete,5.8117,5.8117,100,,official,default,true
250411,Barbens,27,Pla d'Urgell,2023,,,,,0,missing,idescat_rfdbc_21181_25017,,2026-08-21T21:48:17Z,0.2.0,not_published,,engineering_pending,0,100,0,,official,default,false
250426,la Baronia de Rialb,23,Noguera,2023,,,,,0,missing,idescat_rfdbc_21181_25017,,2026-08-21T21:48:17Z,0.2.0,not_published,,engineering_pending,0,100,0,,official,default,false
250432,la Vall de Boí,05,Alta Ribagorça,2023,18820000,17078,82.1,19.4645,85,municipality,idescat_rfdbc_21181_25017,,2026-08-21T21:48:17Z,0.2.0,,,complete,19.4645,19.4645,100,,official,default,true
250447,Bassella,04,Alt Urgell,2023,,,,,0,missing,idescat_rfdbc_21181_25017,,2026-08-21T21:48:17Z,0.2.0,not_published,,engineering_pending,0,100,0,,official,default,false
250450,Bausen,39,Val d'Aran,2023,,,,,0,missing,idescat_rfdbc_21181_25017,,2026-08-21T21:48:17Z,0.2.0,not_published,,engineering_pending,0,100,0,,official,default,false
250463,Belianes,38,Urgell,2023,,,,,0,missing,idescat_rfdbc_21181_25017,,2026-08-21T21:48:17Z,0.2.0,not_published,,engineering_pending,0,100,0,,official,default,false
250479,Bellcaire d'Urgell,23,Noguera,2023,22657000,18526,89.1,35.1544,85,municipality,idescat_rfdbc_21181_25017,,2026-08-21T21:48:17Z,0.2.0,,,complete,35.1544,35.1544,100,,official,default,true
250485,Bell-lloc d'Urgell,27,Pla d'Urgell,2023,44193000,18670,89.8,36.7148,85,municipality,idescat_rfdbc_21181_25017,,2026-08-21T21:48:17Z,0.2.0,,,complete,36.7148,36.7148,100,,official,default,true
250498,Bellmunt d'Urgell,23,Noguera,2023,,,,,0,missing,idescat_rfdbc_21181_25017,,2026-08-21T21:48:17Z,0.2.0,not_published,,engineering_pending,0,100,0,,official,default,false
250501,Bellpuig,38,Urgell,2023,85852000,16444,79.1,12.5947,85,municipality,idescat_rfdbc_21181_25017,,2026-08-21T21:48:17Z,0.2.0,,,complete,12.5947,12.5947,100,,official,default,true
250518,Bellver de Cerdanya,15,Cerdanya,2023,44434000,19687,94.7,47.7345,85,municipality,idescat_rfdbc_21181_25017,,2026-08-21T21:48:17Z,0.2.0,,,complete,47.7345,47.7345,100,,official,default,true
250523,Bellvís,27,Pla d'Urgell,2023,38326000,16996,81.8,18.576,85,municipality,idescat_rfdbc_21181_25017,,2026-08-21T21:48:17Z,0.2.0,,,complete,18.576,18.576,100,,official,default,true
250539,Benavent de Segrià,33,Segrià,2023,29135000,18487,88.9,34.7318,85,municipality,idescat_rfdbc_21181_25017,,2026-08-21T21:48:17Z,0.2.0,,,complete,34.7318,34.7318,100,,official,default,true
250557,Biosca,35,Solsonès,2023,,,,,0,missing,idescat_rfdbc_21181_25017,,2026-08-21T21:48:17Z,0.2.0,not_published,,engineering_pending,0,100,0,,official,default,false
250560,Bovera,18,Garrigues,2023,,,,,0,missing,idescat_rfdbc_21181_25017,,2026-08-21T21:48:17Z,0.2.0,not_published,,engineering_pending,0,100,0,,official,default,false
250576,Es Bòrdes,39,Val d'Aran,2023,,,,,0,missing,idescat_rfdbc_21181_25017,,2026-08-21T21:48:17Z,0.2.0,not_published,,engineering_pending,0,100,0,,official,default,false
250582,les Borges Blanques,18,Garrigues,2023,110476000,17634,84.8,25.4891,85,municipality,idescat_rfdbc_21181_25017,,2026-08-21T21:48:17Z,0.2.0,,,complete,25.4891,25.4891,100,,official,default,true
250595,Bossòst,39,Val d'Aran,2023,21369000,18828,90.6,38.4268,85,municipality,idescat_rfdbc_21181_25017,,2026-08-21T21:48:17Z,0.2.0,,,complete,38.4268,38.4268,100,,official,default,true
250609,Cabanabona,23,Noguera,2023,,,,,0,missing,idescat_rfdbc_21181_25017,,2026-08-21T21:48:17Z,0.2.0,not_published,,engineering_pending,0,100,0,,official,default,false
250616,Cabó,04,Alt Urgell,2023,,,,,0,missing,idescat_rfdbc_21181_25017,,2026-08-21T21:48:17Z,0.2.0,not_published,,engineering_pending,0,100,0,,official,default,false
250621,Camarasa,23,Noguera,2023,,,,,0,missing,idescat_rfdbc_21181_25017,,2026-08-21T21:48:17Z,0.2.0,not_published,,engineering_pending,0,100,0,,official,default,false
250637,Canejan,39,Val d'Aran,2023,,,,,0,missing,idescat_rfdbc_21181_25017,,2026-08-21T21:48:17Z,0.2.0,not_published,,engineering_pending,0,100,0,,official,default,false
250642,Castellar de la Ribera,35,Solsonès,2023,,,,,0,missing,idescat_rfdbc_21181_25017,,2026-08-21T21:48:17Z,0.2.0,not_published,,engineering_pending,0,100,0,,official,default,false
250674,Castelldans,18,Garrigues,2023,,,,,0,missing,idescat_rfdbc_21181_25017,,2026-08-21T21:48:17Z,0.2.0,not_published,,engineering_pending,0,100,0,,official,default,false
250680,Castellnou de Seana,27,Pla d'Urgell,2023,,,,,0,missing,idescat_rfdbc_21181_25017,,2026-08-21T21:48:17Z,0.2.0,not_published,,engineering_pending,0,100,0,,official,default,false
250693,Castelló de Farfanya,23,Noguera,2023,,,,,0,missing,idescat_rfdbc_21181_25017,,2026-08-21T21:48:17Z,0.2.0,not_published,,engineering_pending,0,100,0,,official,default,false
250707,Castellserà,38,Urgell,2023,,,,,0,missing,idescat_rfdbc_21181_25017,,2026-08-21T21:48:17Z,0.2.0,not_published,,engineering_pending,0,100,0,,official,default,false
250714,Cava,04,Alt Urgell,2023,,,,,0,missing,idescat_rfdbc_21181_25017,,2026-08-21T21:48:17Z,0.2.0,not_published,,engineering_pending,0,100,0,,official,default,false
250729,Cervera,32,Segarra,2023,164967000,17338,83.4,22.2818,85,municipality,idescat_rfdbc_21181_25017,,2026-08-21T21:48:17Z,0.2.0,,,complete,22.2818,22.2818,100,,official,default,true
250735,Cervià de les Garrigues,18,Garrigues,2023,,,,,0,missing,idescat_rfdbc_21181_25017,,2026-08-21T21:48:17Z,0.2.0,not_published,,engineering_pending,0,100,0,,official,default,false
250740,Ciutadilla,38,Urgell,2023,,,,,0,missing,idescat_rfdbc_21181_25017,,2026-08-21T21:48:17Z,0.2.0,not_published,,engineering_pending,0,100,0,,official,default,false
250753,Clariana de Cardener,35,Solsonès,2023,,,,,0,missing,idescat_rfdbc_21181_25017,,2026-08-21T21:48:17Z,0.2.0,not_published,,engineering_pending,0,100,0,,official,default,false
250766,el Cogul,18,Garrigues,2023,,,,,0,missing,idescat_rfdbc_21181_25017,,2026-08-21T21:48:17Z,0.2.0,not_published,,engineering_pending,0,100,0,,official,default,false
250772,Coll de Nargó,04,Alt Urgell,2023,,,,,0,missing,idescat_rfdbc_21181_25017,,2026-08-21T21:48:17Z,0.2.0,not_published,,engineering_pending,0,100,0,,official,default,false
250788,Corbins,33,Segrià,2023,24355000,16390,78.8,12.0096,85,municipality,idescat_rfdbc_21181_25017,,2026-08-21T21:48:17Z,0.2.0,,,complete,12.0096,12.0096,100,,official,default,true
250791,Cubells,23,Noguera,2023,,,,,0,missing,idescat_rfdbc_21181_25017,,2026-08-21T21:48:17Z,0.2.0,not_published,,engineering_pending,0,100,0,,official,default,false
250812,l'Espluga Calba,18,Garrigues,2023,,,,,0,missing,idescat_rfdbc_21181_25017,,2026-08-21T21:48:17Z,0.2.0,not_published,,engineering_pending,0,100,0,,official,default,false
250827,Espot,26,Pallars Sobirà,2023,,,,,0,missing,idescat_rfdbc_21181_25017,,2026-08-21T21:48:17Z,0.2.0,not_published,,engineering_pending,0,100,0,,official,default,false
250851,Estaràs,32,Segarra,2023,,,,,0,missing,idescat_rfdbc_21181_25017,,2026-08-21T21:48:17Z,0.2.0,not_published,,engineering_pending,0,100,0,,official,default,false
250864,Esterri d'Àneu,26,Pallars Sobirà,2023,,,,,0,missing,idescat_rfdbc_21181_25017,,2026-08-21T21:48:17Z,0.2.0,not_published,,engineering_pending,0,100,0,,official,default,false
250870,Esterri de Cardós,26,Pallars Sobirà,2023,,,,,0,missing,idescat_rfdbc_21181_25017,,2026-08-21T21:48:17Z,0.2.0,not_published,,engineering_pending,0,100,0,,official,default,false
250886,Estamariu,04,Alt Urgell,2023,,,,,0,missing,idescat_rfdbc_21181_25017,,2026-08-21T21:48:17Z,0.2.0,not_published,,engineering_pending,0,100,0,,official,default,false
250899,Farrera,26,Pallars Sobirà,2023,,,,,0,missing,idescat_rfdbc_21181_25017,,2026-08-21T21:48:17Z,0.2.0,not_published,,engineering_pending,0,100,0,,official,default,false
250925,la Floresta,18,Garrigues,2023,,,,,0,missing,idescat_rfdbc_21181_25017,,2026-08-21T21:48:17Z,0.2.0,not_published,,engineering_pending,0,100,0,,official,default,false
250931,Fondarella,27,Pla d'Urgell,2023,,,,,0,missing,idescat_rfdbc_21181_25017,,2026-08-21T21:48:17Z,0.2.0,not_published,,engineering_pending,0,100,0,,official,default,false
250946,Foradada,23,Noguera,2023,,,,,0,missing,idescat_rfdbc_21181_25017,,2026-08-21T21:48:17Z,0.2.0,not_published,,engineering_pending,0,100,0,,official,default,false
250962,la Fuliola,38,Urgell,2023,19650000,15872,76.3,6.3968,85,municipality,idescat_rfdbc_21181_25017,,2026-08-21T21:48:17Z,0.2.0,,,complete,6.3968,6.3968,100,,official,default,true
250978,Fulleda,18,Garrigues,2023,,,,,0,missing,idescat_rfdbc_21181_25017,,2026-08-21T21:48:17Z,0.2.0,not_published,,engineering_pending,0,100,0,,official,default,false
250984,Gavet de la Conca,25,Pallars Jussà,2023,,,,,0,missing,idescat_rfdbc_21181_25017,,2026-08-21T21:48:17Z,0.2.0,not_published,,engineering_pending,0,100,0,,official,default,false
250997,Golmés,27,Pla d'Urgell,2023,35495000,18584,89.4,35.7829,85,municipality,idescat_rfdbc_21181_25017,,2026-08-21T21:48:17Z,0.2.0,,,complete,35.7829,35.7829,100,,official,default,true
251001,Gósol,14,Berguedà,2023,,,,,0,missing,idescat_rfdbc_21181_25017,,2026-08-21T21:48:17Z,0.2.0,not_published,,engineering_pending,0,100,0,,official,default,false
251018,la Granadella,18,Garrigues,2023,,,,,0,missing,idescat_rfdbc_21181_25017,,2026-08-21T21:48:17Z,0.2.0,not_published,,engineering_pending,0,100,0,,official,default,false
251023,la Granja d'Escarp,33,Segrià,2023,,,,,0,missing,idescat_rfdbc_21181_25017,,2026-08-21T21:48:17Z,0.2.0,not_published,,engineering_pending,0,100,0,,official,default,false
251039,Granyanella,32,Segarra,2023,,,,,0,missing,idescat_rfdbc_21181_25017,,2026-08-21T21:48:17Z,0.2.0,not_published,,engineering_pending,0,100,0,,official,default,false
251044,Granyena de Segarra,32,Segarra,2023,,,,,0,missing,idescat_rfdbc_21181_25017,,2026-08-21T21:48:17Z,0.2.0,not_published,,engineering_pending,0,100,0,,official,default,false
251057,Granyena de les Garrigues,18,Garrigues,2023,,,,,0,missing,idescat_rfdbc_21181_25017,,2026-08-21T21:48:17Z,0.2.0,not_published,,engineering_pending,0,100,0,,official,default,false
251095,Guimerà,38,Urgell,2023,,,,,0,missing,idescat_rfdbc_21181_25017,,2026-08-21T21:48:17Z,0.2.0,not_published,,engineering_pending,0,100,0,,official,default,false
251109,Guissona,32,Segarra,2023,127542000,16895,81.3,17.4816,85,municipality,idescat_rfdbc_21181_25017,,2026-08-21T21:48:17Z,0.2.0,,,complete,17.4816,17.4816,100,,official,default,true
251116,Guixers,35,Solsonès,2023,,,,,0,missing,idescat_rfdbc_21181_25017,,2026-08-21T21:48:17Z,0.2.0,not_published,,engineering_pending,0,100,0,,official,default,false
251121,Ivars de Noguera,23,Noguera,2023,,,,,0,missing,idescat_rfdbc_21181_25017,,2026-08-21T21:48:17Z,0.2.0,not_published,,engineering_pending,0,100,0,,official,default,false
251137,Ivars d'Urgell,27,Pla d'Urgell,2023,28876000,18003,86.6,29.4874,85,municipality,idescat_rfdbc_21181_25017,,2026-08-21T21:48:17Z,0.2.0,,,complete,29.4874,29.4874,100,,official,default,true
251142,Ivorra,32,Segarra,2023,,,,,0,missing,idescat_rfdbc_21181_25017,,2026-08-21T21:48:17Z,0.2.0,not_published,,engineering_pending,0,100,0,,official,default,false
251155,Isona i Conca Dellà,25,Pallars Jussà,2023,18740000,17848,85.9,27.8079,85,municipality,idescat_rfdbc_21181_25017,,2026-08-21T21:48:17Z,0.2.0,,,complete,27.8079,27.8079,100,,official,default,true
251180,Juncosa,18,Garrigues,2023,,,,,0,missing,idescat_rfdbc_21181_25017,,2026-08-21T21:48:17Z,0.2.0,not_published,,engineering_pending,0,100,0,,official,default,false
251193,Juneda,18,Garrigues,2023,60962000,17304,83.2,21.9133,85,municipality,idescat_rfdbc_21181_25017,,2026-08-21T21:48:17Z,0.2.0,,,complete,21.9133,21.9133,100,,official,default,true
251207,Lleida,33,Segrià,2023,2737341000,19018,91.5,40.4855,85,municipality,idescat_rfdbc_21181_25017,,2026-08-21T21:48:17Z,0.2.0,,,complete,40.4855,40.4855,100,,official,default,true
251214,Les,39,Val d'Aran,2023,22642000,22176,106.7,74.7043,85,municipality,idescat_rfdbc_21181_25017,,2026-08-21T21:48:17Z,0.2.0,,,complete,74.7043,74.7043,100,,official,default,true
251229,Linyola,27,Pla d'Urgell,2023,44720000,16387,78.8,11.9771,85,municipality,idescat_rfdbc_21181_25017,,2026-08-21T21:48:17Z,0.2.0,,,complete,11.9771,11.9771,100,,official,default,true
251235,Lladorre,26,Pallars Sobirà,2023,,,,,0,missing,idescat_rfdbc_21181_25017,,2026-08-21T21:48:17Z,0.2.0,not_published,,engineering_pending,0,100,0,,official,default,false
251240,Lladurs,35,Solsonès,2023,,,,,0,missing,idescat_rfdbc_21181_25017,,2026-08-21T21:48:17Z,0.2.0,not_published,,engineering_pending,0,100,0,,official,default,false
251253,Llardecans,33,Segrià,2023,,,,,0,missing,idescat_rfdbc_21181_25017,,2026-08-21T21:48:17Z,0.2.0,not_published,,engineering_pending,0,100,0,,official,default,false
251266,Llavorsí,26,Pallars Sobirà,2023,,,,,0,missing,idescat_rfdbc_21181_25017,,2026-08-21T21:48:17Z,0.2.0,not_published,,engineering_pending,0,100,0,,official,default,false
251272,Lles de Cerdanya,15,Cerdanya,2023,,,,,0,missing,idescat_rfdbc_21181_25017,,2026-08-21T21:48:17Z,0.2.0,not_published,,engineering_pending,0,100,0,,official,default,false
251288,Llimiana,25,Pallars Jussà,2023,,,,,0,missing,idescat_rfdbc_21181_25017,,2026-08-21T21:48:17Z,0.2.0,not_published,,engineering_pending,0,100,0,,official,default,false
251291,Llobera,35,Solsonès,2023,,,,,0,missing,idescat_rfdbc_21181_25017,,2026-08-21T21:48:17Z,0.2.0,not_published,,engineering_pending,0,100,0,,official,default,false
251305,Maldà,38,Urgell,2023,,,,,0,missing,idescat_rfdbc_21181_25017,,2026-08-21T21:48:17Z,0.2.0,not_published,,engineering_pending,0,100,0,,official,default,false
251312,Massalcoreig,33,Segrià,2023,,,,,0,missing,idescat_rfdbc_21181_25017,,2026-08-21T21:48:17Z,0.2.0,not_published,,engineering_pending,0,100,0,,official,default,false
251327,Massoteres,32,Segarra,2023,,,,,0,missing,idescat_rfdbc_21181_25017,,2026-08-21T21:48:17Z,0.2.0,not_published,,engineering_pending,0,100,0,,official,default,false
251333,Maials,33,Segrià,2023,,,,,0,missing,idescat_rfdbc_21181_25017,,2026-08-21T21:48:17Z,0.2.0,not_published,,engineering_pending,0,100,0,,official,default,false
251348,Menàrguens,23,Noguera,2023,,,,,0,missing,idescat_rfdbc_21181_25017,,2026-08-21T21:48:17Z,0.2.0,not_published,,engineering_pending,0,100,0,,official,default,false
251351,Miralcamp,27,Pla d'Urgell,2023,21893000,15841,76.2,6.0609,85,municipality,idescat_rfdbc_21181_25017,,2026-08-21T21:48:17Z,0.2.0,,,complete,6.0609,6.0609,100,,official,default,true
251364,la Molsosa,35,Solsonès,2023,,,,,0,missing,idescat_rfdbc_21181_25017,,2026-08-21T21:48:17Z,0.2.0,not_published,,engineering_pending,0,100,0,,official,default,false
251370,Mollerussa,27,Pla d'Urgell,2023,271060000,17502,84.2,24.0588,85,municipality,idescat_rfdbc_21181_25017,,2026-08-21T21:48:17Z,0.2.0,,,complete,24.0588,24.0588,100,,official,default,true
251386,Montgai,23,Noguera,2023,,,,,0,missing,idescat_rfdbc_21181_25017,,2026-08-21T21:48:17Z,0.2.0,not_published,,engineering_pending,0,100,0,,official,default,false
251399,Montellà i Martinet,15,Cerdanya,2023,,,,,0,missing,idescat_rfdbc_21181_25017,,2026-08-21T21:48:17Z,0.2.0,not_published,,engineering_pending,0,100,0,,official,default,false
251403,Montferrer i Castellbò,04,Alt Urgell,2023,18661000,16587,79.8,14.1442,85,municipality,idescat_rfdbc_21181_25017,,2026-08-21T21:48:17Z,0.2.0,,,complete,14.1442,14.1442,100,,official,default,true
251410,Montoliu de Segarra,32,Segarra,2023,,,,,0,missing,idescat_rfdbc_21181_25017,,2026-08-21T21:48:17Z,0.2.0,not_published,,engineering_pending,0,100,0,,official,default,false
251425,Montoliu de Lleida,33,Segrià,2023,,,,,0,missing,idescat_rfdbc_21181_25017,,2026-08-21T21:48:17Z,0.2.0,not_published,,engineering_pending,0,100,0,,official,default,false
251431,Montornès de Segarra,32,Segarra,2023,,,,,0,missing,idescat_rfdbc_21181_25017,,2026-08-21T21:48:17Z,0.2.0,not_published,,engineering_pending,0,100,0,,official,default,false
251459,Nalec,38,Urgell,2023,,,,,0,missing,idescat_rfdbc_21181_25017,,2026-08-21T21:48:17Z,0.2.0,not_published,,engineering_pending,0,100,0,,official,default,false
251462,Navès,35,Solsonès,2023,,,,,0,missing,idescat_rfdbc_21181_25017,,2026-08-21T21:48:17Z,0.2.0,not_published,,engineering_pending,0,100,0,,official,default,false
251484,Odèn,35,Solsonès,2023,,,,,0,missing,idescat_rfdbc_21181_25017,,2026-08-21T21:48:17Z,0.2.0,not_published,,engineering_pending,0,100,0,,official,default,false
251497,Oliana,04,Alt Urgell,2023,33331000,18125,87.2,30.8094,85,municipality,idescat_rfdbc_21181_25017,,2026-08-21T21:48:17Z,0.2.0,,,complete,30.8094,30.8094,100,,official,default,true
251500,Oliola,23,Noguera,2023,,,,,0,missing,idescat_rfdbc_21181_25017,,2026-08-21T21:48:17Z,0.2.0,not_published,,engineering_pending,0,100,0,,official,default,false
251517,Olius,35,Solsonès,2023,,,,,0,missing,idescat_rfdbc_21181_25017,,2026-08-21T21:48:17Z,0.2.0,not_published,,engineering_pending,0,100,0,,official,default,false
251522,les Oluges,32,Segarra,2023,,,,,0,missing,idescat_rfdbc_21181_25017,,2026-08-21T21:48:17Z,0.2.0,not_published,,engineering_pending,0,100,0,,official,default,false
251538,els Omellons,18,Garrigues,2023,,,,,0,missing,idescat_rfdbc_21181_25017,,2026-08-21T21:48:17Z,0.2.0,not_published,,engineering_pending,0,100,0,,official,default,false
251543,els Omells de na Gaia,38,Urgell,2023,,,,,0,missing,idescat_rfdbc_21181_25017,,2026-08-21T21:48:17Z,0.2.0,not_published,,engineering_pending,0,100,0,,official,default,false
251556,Organyà,04,Alt Urgell,2023,,,,,0,missing,idescat_rfdbc_21181_25017,,2026-08-21T21:48:17Z,0.2.0,not_published,,engineering_pending,0,100,0,,official,default,false
251569,Os de Balaguer,23,Noguera,2023,17398000,16154,77.7,9.4524,85,municipality,idescat_rfdbc_21181_25017,,2026-08-21T21:48:17Z,0.2.0,,,complete,9.4524,9.4524,100,,official,default,true
251575,Ossó de Sió,38,Urgell,2023,,,,,0,missing,idescat_rfdbc_21181_25017,,2026-08-21T21:48:17Z,0.2.0,not_published,,engineering_pending,0,100,0,,official,default,false
251581,el Palau d'Anglesola,27,Pla d'Urgell,2023,42137000,19110,91.9,41.4824,85,municipality,idescat_rfdbc_21181_25017,,2026-08-21T21:48:17Z,0.2.0,,,complete,41.4824,41.4824,100,,official,default,true
251615,Conca de Dalt,25,Pallars Jussà,2023,,,,,0,missing,idescat_rfdbc_21181_25017,,2026-08-21T21:48:17Z,0.2.0,not_published,,engineering_pending,0,100,0,,official,default,false
251636,la Coma i la Pedra,35,Solsonès,2023,,,,,0,missing,idescat_rfdbc_21181_25017,,2026-08-21T21:48:17Z,0.2.0,not_published,,engineering_pending,0,100,0,,official,default,false
251641,Penelles,23,Noguera,2023,,,,,0,missing,idescat_rfdbc_21181_25017,,2026-08-21T21:48:17Z,0.2.0,not_published,,engineering_pending,0,100,0,,official,default,false
251654,Peramola,04,Alt Urgell,2023,,,,,0,missing,idescat_rfdbc_21181_25017,,2026-08-21T21:48:17Z,0.2.0,not_published,,engineering_pending,0,100,0,,official,default,false
251667,Pinell de Solsonès,35,Solsonès,2023,,,,,0,missing,idescat_rfdbc_21181_25017,,2026-08-21T21:48:17Z,0.2.0,not_published,,engineering_pending,0,100,0,,official,default,false
251673,Pinós,35,Solsonès,2023,,,,,0,missing,idescat_rfdbc_21181_25017,,2026-08-21T21:48:17Z,0.2.0,not_published,,engineering_pending,0,100,0,,official,default,false
251689,el Poal,27,Pla d'Urgell,2023,,,,,0,missing,idescat_rfdbc_21181_25017,,2026-08-21T21:48:17Z,0.2.0,not_published,,engineering_pending,0,100,0,,official,default,false
251692,la Pobla de Cérvoles,18,Garrigues,2023,,,,,0,missing,idescat_rfdbc_21181_25017,,2026-08-21T21:48:17Z,0.2.0,not_published,,engineering_pending,0,100,0,,official,default,false
251706,Bellaguarda,18,Garrigues,2023,,,,,0,missing,idescat_rfdbc_21181_25017,,2026-08-21T21:48:17Z,0.2.0,not_published,,engineering_pending,0,100,0,,official,default,false
251713,la Pobla de Segur,25,Pallars Jussà,2023,56397000,18515,89.1,35.0352,85,municipality,idescat_rfdbc_21181_25017,,2026-08-21T21:48:17Z,0.2.0,,,complete,35.0352,35.0352,100,,official,default,true
251728,Ponts,23,Noguera,2023,46776000,17480,84.1,23.8204,85,municipality,idescat_rfdbc_21181_25017,,2026-08-21T21:48:17Z,0.2.0,,,complete,23.8204,23.8204,100,,official,default,true
251734,el Pont de Suert,05,Alta Ribagorça,2023,40985000,16971,81.6,18.3051,85,municipality,idescat_rfdbc_21181_25017,,2026-08-21T21:48:17Z,0.2.0,,,complete,18.3051,18.3051,100,,official,default,true
251749,la Portella,33,Segrià,2023,,,,,0,missing,idescat_rfdbc_21181_25017,,2026-08-21T21:48:17Z,0.2.0,not_published,,engineering_pending,0,100,0,,official,default,false
251752,Prats i Sansor,15,Cerdanya,2023,,,,,0,missing,idescat_rfdbc_21181_25017,,2026-08-21T21:48:17Z,0.2.0,not_published,,engineering_pending,0,100,0,,official,default,false
251765,Preixana,38,Urgell,2023,,,,,0,missing,idescat_rfdbc_21181_25017,,2026-08-21T21:48:17Z,0.2.0,not_published,,engineering_pending,0,100,0,,official,default,false
251771,Preixens,23,Noguera,2023,,,,,0,missing,idescat_rfdbc_21181_25017,,2026-08-21T21:48:17Z,0.2.0,not_published,,engineering_pending,0,100,0,,official,default,false
251790,Prullans,15,Cerdanya,2023,,,,,0,missing,idescat_rfdbc_21181_25017,,2026-08-21T21:48:17Z,0.2.0,not_published,,engineering_pending,0,100,0,,official,default,false
251804,Puiggròs,18,Garrigues,2023,,,,,0,missing,idescat_rfdbc_21181_25017,,2026-08-21T21:48:17Z,0.2.0,not_published,,engineering_pending,0,100,0,,official,default,false
251811,Puigverd d'Agramunt,38,Urgell,2023,,,,,0,missing,idescat_rfdbc_21181_25017,,2026-08-21T21:48:17Z,0.2.0,not_published,,engineering_pending,0,100,0,,official,default,false
251826,Puigverd de Lleida,33,Segrià,2023,23821000,16966,81.6,18.2509,85,municipality,idescat_rfdbc_21181_25017,,2026-08-21T21:48:17Z,0.2.0,,,complete,18.2509,18.2509,100,,official,default,true
251832,Rialp,26,Pallars Sobirà,2023,,,,,0,missing,idescat_rfdbc_21181_25017,,2026-08-21T21:48:17Z,0.2.0,not_published,,engineering_pending,0,100,0,,official,default,false
251850,Ribera d'Urgellet,04,Alt Urgell,2023,,,,,0,missing,idescat_rfdbc_21181_25017,,2026-08-21T21:48:17Z,0.2.0,not_published,,engineering_pending,0,100,0,,official,default,false
251863,Riner,35,Solsonès,2023,,,,,0,missing,idescat_rfdbc_21181_25017,,2026-08-21T21:48:17Z,0.2.0,not_published,,engineering_pending,0,100,0,,official,default,false
251898,Rosselló,33,Segrià,2023,57732000,17280,83.1,21.6533,85,municipality,idescat_rfdbc_21181_25017,,2026-08-21T21:48:17Z,0.2.0,,,complete,21.6533,21.6533,100,,official,default,true
251902,Salàs de Pallars,25,Pallars Jussà,2023,,,,,0,missing,idescat_rfdbc_21181_25017,,2026-08-21T21:48:17Z,0.2.0,not_published,,engineering_pending,0,100,0,,official,default,false
251919,Sanaüja,32,Segarra,2023,,,,,0,missing,idescat_rfdbc_21181_25017,,2026-08-21T21:48:17Z,0.2.0,not_published,,engineering_pending,0,100,0,,official,default,false
251924,Sant Guim de Freixenet,32,Segarra,2023,19937000,16924,81.4,17.7958,85,municipality,idescat_rfdbc_21181_25017,,2026-08-21T21:48:17Z,0.2.0,,,complete,17.7958,17.7958,100,,official,default,true
251930,Sant Llorenç de Morunys,35,Solsonès,2023,19487000,19218,92.4,42.6527,85,municipality,idescat_rfdbc_21181_25017,,2026-08-21T21:48:17Z,0.2.0,,,complete,42.6527,42.6527,100,,official,default,true
251945,Sant Ramon,32,Segarra,2023,,,,,0,missing,idescat_rfdbc_21181_25017,,2026-08-21T21:48:17Z,0.2.0,not_published,,engineering_pending,0,100,0,,official,default,false
251961,Sant Esteve de la Sarga,25,Pallars Jussà,2023,,,,,0,missing,idescat_rfdbc_21181_25017,,2026-08-21T21:48:17Z,0.2.0,not_published,,engineering_pending,0,100,0,,official,default,false
251977,Sant Guim de la Plana,32,Segarra,2023,,,,,0,missing,idescat_rfdbc_21181_25017,,2026-08-21T21:48:17Z,0.2.0,not_published,,engineering_pending,0,100,0,,official,default,false
252000,Sarroca de Lleida,33,Segrià,2023,,,,,0,missing,idescat_rfdbc_21181_25017,,2026-08-21T21:48:17Z,0.2.0,not_published,,engineering_pending,0,100,0,,official,default,false
252017,Sarroca de Bellera,25,Pallars Jussà,2023,,,,,0,missing,idescat_rfdbc_21181_25017,,2026-08-21T21:48:17Z,0.2.0,not_published,,engineering_pending,0,100,0,,official,default,false
252022,Senterada,25,Pallars Jussà,2023,,,,,0,missing,idescat_rfdbc_21181_25017,,2026-08-21T21:48:17Z,0.2.0,not_published,,engineering_pending,0,100,0,,official,default,false
252038,la Seu d'Urgell,04,Alt Urgell,2023,207219000,16434,79.1,12.4864,85,municipality,idescat_rfdbc_21181_25017,,2026-08-21T21:48:17Z,0.2.0,,,complete,12.4864,12.4864,100,,official,default,true
252043,Seròs,33,Segrià,2023,27645000,14689,70.7,0,85,municipality,idescat_rfdbc_21181_25017,,2026-08-21T21:48:17Z,0.2.0,,,complete,0,0,100,,official,default,true
252056,Sidamon,27,Pla d'Urgell,2023,,,,,0,missing,idescat_rfdbc_21181_25017,,2026-08-21T21:48:17Z,0.2.0,not_published,,engineering_pending,0,100,0,,official,default,false
252069,el Soleràs,18,Garrigues,2023,,,,,0,missing,idescat_rfdbc_21181_25017,,2026-08-21T21:48:17Z,0.2.0,not_published,,engineering_pending,0,100,0,,official,default,false
252075,Solsona,35,Solsonès,2023,173694000,18683,89.9,36.8556,85,municipality,idescat_rfdbc_21181_25017,,2026-08-21T21:48:17Z,0.2.0,,,complete,36.8556,36.8556,100,,official,default,true
252081,Soriguera,26,Pallars Sobirà,2023,,,,,0,missing,idescat_rfdbc_21181_25017,,2026-08-21T21:48:17Z,0.2.0,not_published,,engineering_pending,0,100,0,,official,default,false
252094,Sort,26,Pallars Sobirà,2023,44541000,19717,94.8,48.0596,85,municipality,idescat_rfdbc_21181_25017,,2026-08-21T21:48:17Z,0.2.0,,,complete,48.0596,48.0596,100,,official,default,true
252108,Soses,33,Segrià,2023,30321000,16293,78.4,10.9586,85,municipality,idescat_rfdbc_21181_25017,,2026-08-21T21:48:17Z,0.2.0,,,complete,10.9586,10.9586,100,,official,default,true
252115,Sudanell,33,Segrià,2023,,,,,0,missing,idescat_rfdbc_21181_25017,,2026-08-21T21:48:17Z,0.2.0,not_published,,engineering_pending,0,100,0,,official,default,false
252120,Sunyer,33,Segrià,2023,,,,,0,missing,idescat_rfdbc_21181_25017,,2026-08-21T21:48:17Z,0.2.0,not_published,,engineering_pending,0,100,0,,official,default,false
252154,Talarn,25,Pallars Jussà,2023,,,,,0,missing,idescat_rfdbc_21181_25017,,2026-08-21T21:48:17Z,0.2.0,not_published,,engineering_pending,0,100,0,,official,default,false
252167,Talavera,32,Segarra,2023,,,,,0,missing,idescat_rfdbc_21181_25017,,2026-08-21T21:48:17Z,0.2.0,not_published,,engineering_pending,0,100,0,,official,default,false
252173,Tàrrega,38,Urgell,2023,316399000,17218,82.8,20.9815,85,municipality,idescat_rfdbc_21181_25017,,2026-08-21T21:48:17Z,0.2.0,,,complete,20.9815,20.9815,100,,official,default,true
252189,Tarrés,18,Garrigues,2023,,,,,0,missing,idescat_rfdbc_21181_25017,,2026-08-21T21:48:17Z,0.2.0,not_published,,engineering_pending,0,100,0,,official,default,false
252192,Tarroja de Segarra,32,Segarra,2023,,,,,0,missing,idescat_rfdbc_21181_25017,,2026-08-21T21:48:17Z,0.2.0,not_published,,engineering_pending,0,100,0,,official,default,false
252206,Térmens,23,Noguera,2023,23130000,17261,83,21.4474,85,municipality,idescat_rfdbc_21181_25017,,2026-08-21T21:48:17Z,0.2.0,,,complete,21.4474,21.4474,100,,official,default,true
252213,Tírvia,26,Pallars Sobirà,2023,,,,,0,missing,idescat_rfdbc_21181_25017,,2026-08-21T21:48:17Z,0.2.0,not_published,,engineering_pending,0,100,0,,official,default,false
252228,Tiurana,23,Noguera,2023,,,,,0,missing,idescat_rfdbc_21181_25017,,2026-08-21T21:48:17Z,0.2.0,not_published,,engineering_pending,0,100,0,,official,default,false
252234,Torà,35,Solsonès,2023,23268000,18629,89.6,36.2705,85,municipality,idescat_rfdbc_21181_25017,,2026-08-21T21:48:17Z,0.2.0,,,complete,36.2705,36.2705,100,,official,default,true
252249,els Torms,18,Garrigues,2023,,,,,0,missing,idescat_rfdbc_21181_25017,,2026-08-21T21:48:17Z,0.2.0,not_published,,engineering_pending,0,100,0,,official,default,false
252252,Tornabous,38,Urgell,2023,,,,,0,missing,idescat_rfdbc_21181_25017,,2026-08-21T21:48:17Z,0.2.0,not_published,,engineering_pending,0,100,0,,official,default,false
252265,Torrebesses,33,Segrià,2023,,,,,0,missing,idescat_rfdbc_21181_25017,,2026-08-21T21:48:17Z,0.2.0,not_published,,engineering_pending,0,100,0,,official,default,false
252271,la Torre de Cabdella,25,Pallars Jussà,2023,,,,,0,missing,idescat_rfdbc_21181_25017,,2026-08-21T21:48:17Z,0.2.0,not_published,,engineering_pending,0,100,0,,official,default,false
252287,Torrefarrera,33,Segrià,2023,95442000,19482,93.7,45.5133,85,municipality,idescat_rfdbc_21181_25017,,2026-08-21T21:48:17Z,0.2.0,,,complete,45.5133,45.5133,100,,official,default,true
252304,Torregrossa,27,Pla d'Urgell,2023,37056000,16677,80.2,15.1194,85,municipality,idescat_rfdbc_21181_25017,,2026-08-21T21:48:17Z,0.2.0,,,complete,15.1194,15.1194,100,,official,default,true
252311,Torrelameu,23,Noguera,2023,,,,,0,missing,idescat_rfdbc_21181_25017,,2026-08-21T21:48:17Z,0.2.0,not_published,,engineering_pending,0,100,0,,official,default,false
252326,Torres de Segre,33,Segrià,2023,38994000,17171,82.6,20.4722,85,municipality,idescat_rfdbc_21181_25017,,2026-08-21T21:48:17Z,0.2.0,,,complete,20.4722,20.4722,100,,official,default,true
252332,Torre-serona,33,Segrià,2023,,,,,0,missing,idescat_rfdbc_21181_25017,,2026-08-21T21:48:17Z,0.2.0,not_published,,engineering_pending,0,100,0,,official,default,false
252347,Tremp,25,Pallars Jussà,2023,111878000,18588,89.4,35.8262,85,municipality,idescat_rfdbc_21181_25017,,2026-08-21T21:48:17Z,0.2.0,,,complete,35.8262,35.8262,100,,official,default,true
252385,Vallbona de les Monges,38,Urgell,2023,,,,,0,missing,idescat_rfdbc_21181_25017,,2026-08-21T21:48:17Z,0.2.0,not_published,,engineering_pending,0,100,0,,official,default,false
252398,les Valls de Valira,04,Alt Urgell,2023,,,,,0,missing,idescat_rfdbc_21181_25017,,2026-08-21T21:48:17Z,0.2.0,not_published,,engineering_pending,0,100,0,,official,default,false
252402,Vallfogona de Balaguer,23,Noguera,2023,34750000,17366,83.5,22.5852,85,municipality,idescat_rfdbc_21181_25017,,2026-08-21T21:48:17Z,0.2.0,,,complete,22.5852,22.5852,100,,official,default,true
252424,Verdú,38,Urgell,2023,,,,,0,missing,idescat_rfdbc_21181_25017,,2026-08-21T21:48:17Z,0.2.0,not_published,,engineering_pending,0,100,0,,official,default,false
252430,Vielha e Mijaran,39,Val d'Aran,2023,107528000,18632,89.6,36.303,85,municipality,idescat_rfdbc_21181_25017,,2026-08-21T21:48:17Z,0.2.0,,,complete,36.303,36.303,100,,official,default,true
252445,Vilagrassa,38,Urgell,2023,,,,,0,missing,idescat_rfdbc_21181_25017,,2026-08-21T21:48:17Z,0.2.0,not_published,,engineering_pending,0,100,0,,official,default,false
252458,Vilaller,05,Alta Ribagorça,2023,,,,,0,missing,idescat_rfdbc_21181_25017,,2026-08-21T21:48:17Z,0.2.0,not_published,,engineering_pending,0,100,0,,official,default,false
252477,Vilamòs,39,Val d'Aran,2023,,,,,0,missing,idescat_rfdbc_21181_25017,,2026-08-21T21:48:17Z,0.2.0,not_published,,engineering_pending,0,100,0,,official,default,false
252483,Vilanova de Bellpuig,27,Pla d'Urgell,2023,19651000,16725,80.4,15.6395,85,municipality,idescat_rfdbc_21181_25017,,2026-08-21T21:48:17Z,0.2.0,,,complete,15.6395,15.6395,100,,official,default,true
252496,Vilanova de l'Aguda,23,Noguera,2023,,,,,0,missing,idescat_rfdbc_21181_25017,,2026-08-21T21:48:17Z,0.2.0,not_published,,engineering_pending,0,100,0,,official,default,false
252509,Vilanova de Meià,23,Noguera,2023,,,,,0,missing,idescat_rfdbc_21181_25017,,2026-08-21T21:48:17Z,0.2.0,not_published,,engineering_pending,0,100,0,,official,default,false
252516,Vilanova de Segrià,33,Segrià,2023,18377000,17569,84.5,24.7848,85,municipality,idescat_rfdbc_21181_25017,,2026-08-21T21:48:17Z,0.2.0,,,complete,24.7848,24.7848,100,,official,default,true
252521,Vila-sana,27,Pla d'Urgell,2023,,,,,0,missing,idescat_rfdbc_21181_25017,,2026-08-21T21:48:17Z,0.2.0,not_published,,engineering_pending,0,100,0,,official,default,false
252537,el Vilosell,18,Garrigues,2023,,,,,0,missing,idescat_rfdbc_21181_25017,,2026-08-21T21:48:17Z,0.2.0,not_published,,engineering_pending,0,100,0,,official,default,false
252542,Vilanova de la Barca,33,Segrià,2023,19054000,17545,84.4,24.5247,85,municipality,idescat_rfdbc_21181_25017,,2026-08-21T21:48:17Z,0.2.0,,,complete,24.5247,24.5247,100,,official,default,true
252555,Vinaixa,18,Garrigues,2023,,,,,0,missing,idescat_rfdbc_21181_25017,,2026-08-21T21:48:17Z,0.2.0,not_published,,engineering_pending,0,100,0,,official,default,false
259010,Vall de Cardós,26,Pallars Sobirà,2023,,,,,0,missing,idescat_rfdbc_21181_25017,,2026-08-21T21:48:17Z,0.2.0,not_published,,engineering_pending,0,100,0,,official,default,false
259025,Sant Martí de Riucorb,38,Urgell,2023,,,,,0,missing,idescat_rfdbc_21181_25017,,2026-08-21T21:48:17Z,0.2.0,not_published,,engineering_pending,0,100,0,,official,default,false
259031,la Guingueta d'Àneu,26,Pallars Sobirà,2023,,,,,0,missing,idescat_rfdbc_21181_25017,,2026-08-21T21:48:17Z,0.2.0,not_published,,engineering_pending,0,100,0,,official,default,false
259046,Castell de Mur,25,Pallars Jussà,2023,,,,,0,missing,idescat_rfdbc_21181_25017,,2026-08-21T21:48:17Z,0.2.0,not_published,,engineering_pending,0,100,0,,official,default,false
259059,Ribera d'Ondara,32,Segarra,2023,,,,,0,missing,idescat_rfdbc_21181_25017,,2026-08-21T21:48:17Z,0.2.0,not_published,,engineering_pending,0,100,0,,official,default,false
259062,les Valls d'Aguilar,04,Alt Urgell,2023,,,,,0,missing,idescat_rfdbc_21181_25017,,2026-08-21T21:48:17Z,0.2.0,not_published,,engineering_pending,0,100,0,,official,default,false
259078,Torrefeta i Florejacs,32,Segarra,2023,,,,,0,missing,idescat_rfdbc_21181_25017,,2026-08-21T21:48:17Z,0.2.0,not_published,,engineering_pending,0,100,0,,official,default,false
259084,Fígols i Alinyà,04,Alt Urgell,2023,,,,,0,missing,idescat_rfdbc_21181_25017,,2026-08-21T21:48:17Z,0.2.0,not_published,,engineering_pending,0,100,0,,official,default,false
259097,la Vansa i Fórnols,04,Alt Urgell,2023,,,,,0,missing,idescat_rfdbc_21181_25017,,2026-08-21T21:48:17Z,0.2.0,not_published,,engineering_pending,0,100,0,,official,default,false
259101,Josa i Tuixén,04,Alt Urgell,2023,,,,,0,missing,idescat_rfdbc_21181_25017,,2026-08-21T21:48:17Z,0.2.0,not_published,,engineering_pending,0,100,0,,official,default,false
259118,els Plans de Sió,32,Segarra,2023,,,,,0,missing,idescat_rfdbc_21181_25017,,2026-08-21T21:48:17Z,0.2.0,not_published,,engineering_pending,0,100,0,,official,default,false
259123,Gimenells i el Pla de la Font,33,Segrià,2023,17687000,16123,77.6,9.1165,85,municipality,idescat_rfdbc_21181_25017,,2026-08-21T21:48:17Z,0.2.0,,,complete,9.1165,9.1165,100,,official,default,true
259139,Riu de Cerdanya,15,Cerdanya,2023,,,,,0,missing,idescat_rfdbc_21181_25017,,2026-08-21T21:48:17Z,0.2.0,not_published,,engineering_pending,0,100,0,,official,default,false
430017,Aiguamúrcia,01,Alt Camp,2023,,,,,0,missing,idescat_rfdbc_21181_25017,,2026-08-21T21:48:17Z,0.2.0,not_published,,engineering_pending,0,100,0,,official,default,false
430022,Albinyana,12,Baix Penedès,2023,40957000,15363,73.9,0.8815,85,municipality,idescat_rfdbc_21181_25017,,2026-08-21T21:48:17Z,0.2.0,,,complete,0.8815,0.8815,100,,official,default,true
430038,l'Albiol,08,Baix Camp,2023,,,,,0,missing,idescat_rfdbc_21181_25017,,2026-08-21T21:48:17Z,0.2.0,not_published,,engineering_pending,0,100,0,,official,default,false
430043,Alcanar,22,Montsià,2023,151946000,15476,74.4,2.1059,85,municipality,idescat_rfdbc_21181_25017,,2026-08-21T21:48:17Z,0.2.0,,,complete,2.1059,2.1059,100,,official,default,true
430056,Alcover,01,Alt Camp,2023,96610000,18232,87.7,31.9688,85,municipality,idescat_rfdbc_21181_25017,,2026-08-21T21:48:17Z,0.2.0,,,complete,31.9688,31.9688,100,,official,default,true
430069,Aldover,09,Baix Ebre,2023,,,,,0,missing,idescat_rfdbc_21181_25017,,2026-08-21T21:48:17Z,0.2.0,not_published,,engineering_pending,0,100,0,,official,default,false
430075,l'Aleixar,08,Baix Camp,2023,,,,,0,missing,idescat_rfdbc_21181_25017,,2026-08-21T21:48:17Z,0.2.0,not_published,,engineering_pending,0,100,0,,official,default,false
430081,Alfara de Carles,09,Baix Ebre,2023,,,,,0,missing,idescat_rfdbc_21181_25017,,2026-08-21T21:48:17Z,0.2.0,not_published,,engineering_pending,0,100,0,,official,default,false
430094,Alforja,08,Baix Camp,2023,32907000,16404,78.9,12.1613,85,municipality,idescat_rfdbc_21181_25017,,2026-08-21T21:48:17Z,0.2.0,,,complete,12.1613,12.1613,100,,official,default,true
430108,Alió,01,Alt Camp,2023,,,,,0,missing,idescat_rfdbc_21181_25017,,2026-08-21T21:48:17Z,0.2.0,not_published,,engineering_pending,0,100,0,,official,default,false
430115,Almoster,08,Baix Camp,2023,34780000,26288,126.5,100,85,municipality,idescat_rfdbc_21181_25017,,2026-08-21T21:48:17Z,0.2.0,,,complete,100,100,100,,official,default,true
430120,Altafulla,36,Tarragonès,2023,119059000,20742,99.8,59.1661,85,municipality,idescat_rfdbc_21181_25017,,2026-08-21T21:48:17Z,0.2.0,,,complete,59.1661,59.1661,100,,official,default,true
430136,l'Ametlla de Mar,09,Baix Ebre,2023,118407000,16145,77.7,9.3549,85,municipality,idescat_rfdbc_21181_25017,,2026-08-21T21:48:17Z,0.2.0,,,complete,9.3549,9.3549,100,,official,default,true
430141,Amposta,22,Montsià,2023,336948000,15028,72.3,0,85,municipality,idescat_rfdbc_21181_25017,,2026-08-21T21:48:17Z,0.2.0,,,complete,0,0,100,,official,default,true
430154,Arbolí,08,Baix Camp,2023,,,,,0,missing,idescat_rfdbc_21181_25017,,2026-08-21T21:48:17Z,0.2.0,not_published,,engineering_pending,0,100,0,,official,default,false
430167,l'Arboç,12,Baix Penedès,2023,90115000,15732,75.7,4.8798,85,municipality,idescat_rfdbc_21181_25017,,2026-08-21T21:48:17Z,0.2.0,,,complete,4.8798,4.8798,100,,official,default,true
430173,l'Argentera,08,Baix Camp,2023,,,,,0,missing,idescat_rfdbc_21181_25017,,2026-08-21T21:48:17Z,0.2.0,not_published,,engineering_pending,0,100,0,,official,default,false
430189,Arnes,37,Terra Alta,2023,,,,,0,missing,idescat_rfdbc_21181_25017,,2026-08-21T21:48:17Z,0.2.0,not_published,,engineering_pending,0,100,0,,official,default,false
430192,Ascó,30,Ribera d'Ebre,2023,28749000,17659,84.9,25.76,85,municipality,idescat_rfdbc_21181_25017,,2026-08-21T21:48:17Z,0.2.0,,,complete,25.76,25.76,100,,official,default,true
430206,Banyeres del Penedès,12,Baix Penedès,2023,60624000,18097,87,30.506,85,municipality,idescat_rfdbc_21181_25017,,2026-08-21T21:48:17Z,0.2.0,,,complete,30.506,30.506,100,,official,default,true
430213,Barberà de la Conca,16,Conca de Barberà,2023,,,,,0,missing,idescat_rfdbc_21181_25017,,2026-08-21T21:48:17Z,0.2.0,not_published,,engineering_pending,0,100,0,,official,default,false
430228,Batea,37,Terra Alta,2023,27621000,14692,70.7,0,85,municipality,idescat_rfdbc_21181_25017,,2026-08-21T21:48:17Z,0.2.0,,,complete,0,0,100,,official,default,true
430234,Bellmunt del Priorat,29,Priorat,2023,,,,,0,missing,idescat_rfdbc_21181_25017,,2026-08-21T21:48:17Z,0.2.0,not_published,,engineering_pending,0,100,0,,official,default,false
430249,Bellvei,12,Baix Penedès,2023,36298000,15226,73.2,0,85,municipality,idescat_rfdbc_21181_25017,,2026-08-21T21:48:17Z,0.2.0,,,complete,0,0,100,,official,default,true
430252,Benifallet,09,Baix Ebre,2023,,,,,0,missing,idescat_rfdbc_21181_25017,,2026-08-21T21:48:17Z,0.2.0,not_published,,engineering_pending,0,100,0,,official,default,false
430265,Benissanet,30,Ribera d'Ebre,2023,17476000,14797,71.2,0,85,municipality,idescat_rfdbc_21181_25017,,2026-08-21T21:48:17Z,0.2.0,,,complete,0,0,100,,official,default,true
430271,la Bisbal de Montsant,29,Priorat,2023,,,,,0,missing,idescat_rfdbc_21181_25017,,2026-08-21T21:48:17Z,0.2.0,not_published,,engineering_pending,0,100,0,,official,default,false
430287,la Bisbal del Penedès,12,Baix Penedès,2023,64049000,15345,73.8,0.6864,85,municipality,idescat_rfdbc_21181_25017,,2026-08-21T21:48:17Z,0.2.0,,,complete,0.6864,0.6864,100,,official,default,true
430290,Blancafort,16,Conca de Barberà,2023,,,,,0,missing,idescat_rfdbc_21181_25017,,2026-08-21T21:48:17Z,0.2.0,not_published,,engineering_pending,0,100,0,,official,default,false
430304,Bonastre,12,Baix Penedès,2023,,,,,0,missing,idescat_rfdbc_21181_25017,,2026-08-21T21:48:17Z,0.2.0,not_published,,engineering_pending,0,100,0,,official,default,false
430311,les Borges del Camp,08,Baix Camp,2023,38408000,17301,83.2,21.8808,85,municipality,idescat_rfdbc_21181_25017,,2026-08-21T21:48:17Z,0.2.0,,,complete,21.8808,21.8808,100,,official,default,true
430326,Bot,37,Terra Alta,2023,,,,,0,missing,idescat_rfdbc_21181_25017,,2026-08-21T21:48:17Z,0.2.0,not_published,,engineering_pending,0,100,0,,official,default,false
430332,Botarell,08,Baix Camp,2023,21974000,18813,90.5,38.2642,85,municipality,idescat_rfdbc_21181_25017,,2026-08-21T21:48:17Z,0.2.0,,,complete,38.2642,38.2642,100,,official,default,true
430347,Bràfim,01,Alt Camp,2023,,,,,0,missing,idescat_rfdbc_21181_25017,,2026-08-21T21:48:17Z,0.2.0,not_published,,engineering_pending,0,100,0,,official,default,false
430350,Cabacés,29,Priorat,2023,,,,,0,missing,idescat_rfdbc_21181_25017,,2026-08-21T21:48:17Z,0.2.0,not_published,,engineering_pending,0,100,0,,official,default,false
430363,Cabra del Camp,01,Alt Camp,2023,20498000,15611,75.1,3.5687,85,municipality,idescat_rfdbc_21181_25017,,2026-08-21T21:48:17Z,0.2.0,,,complete,3.5687,3.5687,100,,official,default,true
430379,Calafell,12,Baix Penedès,2023,504039000,16248,78.2,10.471,85,municipality,idescat_rfdbc_21181_25017,,2026-08-21T21:48:17Z,0.2.0,,,complete,10.471,10.471,100,,official,default,true
430385,Cambrils,08,Baix Camp,2023,663699000,18150,87.3,31.0803,85,municipality,idescat_rfdbc_21181_25017,,2026-08-21T21:48:17Z,0.2.0,,,complete,31.0803,31.0803,100,,official,default,true
430398,Capafonts,08,Baix Camp,2023,,,,,0,missing,idescat_rfdbc_21181_25017,,2026-08-21T21:48:17Z,0.2.0,not_published,,engineering_pending,0,100,0,,official,default,false
430402,Capçanes,29,Priorat,2023,,,,,0,missing,idescat_rfdbc_21181_25017,,2026-08-21T21:48:17Z,0.2.0,not_published,,engineering_pending,0,100,0,,official,default,false
430419,Caseres,37,Terra Alta,2023,,,,,0,missing,idescat_rfdbc_21181_25017,,2026-08-21T21:48:17Z,0.2.0,not_published,,engineering_pending,0,100,0,,official,default,false
430424,Castellvell del Camp,08,Baix Camp,2023,71136000,23736,114.2,91.6078,85,municipality,idescat_rfdbc_21181_25017,,2026-08-21T21:48:17Z,0.2.0,,,complete,91.6078,91.6078,100,,official,default,true
430430,el Catllar,36,Tarragonès,2023,106598000,20658,99.4,58.2559,85,municipality,idescat_rfdbc_21181_25017,,2026-08-21T21:48:17Z,0.2.0,,,complete,58.2559,58.2559,100,,official,default,true
430445,la Sénia,22,Montsià,2023,84578000,15074,72.5,0,85,municipality,idescat_rfdbc_21181_25017,,2026-08-21T21:48:17Z,0.2.0,,,complete,0,0,100,,official,default,true
430458,Colldejou,08,Baix Camp,2023,,,,,0,missing,idescat_rfdbc_21181_25017,,2026-08-21T21:48:17Z,0.2.0,not_published,,engineering_pending,0,100,0,,official,default,false
430461,Conesa,16,Conca de Barberà,2023,,,,,0,missing,idescat_rfdbc_21181_25017,,2026-08-21T21:48:17Z,0.2.0,not_published,,engineering_pending,0,100,0,,official,default,false
430477,Constantí,36,Tarragonès,2023,101611000,14775,71.1,0,85,municipality,idescat_rfdbc_21181_25017,,2026-08-21T21:48:17Z,0.2.0,,,complete,0,0,100,,official,default,true
430483,Corbera d'Ebre,37,Terra Alta,2023,15332000,15061,72.4,0,85,municipality,idescat_rfdbc_21181_25017,,2026-08-21T21:48:17Z,0.2.0,,,complete,0,0,100,,official,default,true
430496,Cornudella de Montsant,29,Priorat,2023,17787000,17558,84.5,24.6656,85,municipality,idescat_rfdbc_21181_25017,,2026-08-21T21:48:17Z,0.2.0,,,complete,24.6656,24.6656,100,,official,default,true
430509,Creixell,36,Tarragonès,2023,68534000,16626,80,14.5668,85,municipality,idescat_rfdbc_21181_25017,,2026-08-21T21:48:17Z,0.2.0,,,complete,14.5668,14.5668,100,,official,default,true
430516,Cunit,12,Baix Penedès,2023,247288000,15963,76.8,7.3828,85,municipality,idescat_rfdbc_21181_25017,,2026-08-21T21:48:17Z,0.2.0,,,complete,7.3828,7.3828,100,,official,default,true
430521,Xerta,09,Baix Ebre,2023,19368000,16682,80.2,15.1736,85,municipality,idescat_rfdbc_21181_25017,,2026-08-21T21:48:17Z,0.2.0,,,complete,15.1736,15.1736,100,,official,default,true
430537,Duesaigües,08,Baix Camp,2023,,,,,0,missing,idescat_rfdbc_21181_25017,,2026-08-21T21:48:17Z,0.2.0,not_published,,engineering_pending,0,100,0,,official,default,false
430542,l'Espluga de Francolí,16,Conca de Barberà,2023,68968000,18130,87.2,30.8635,85,municipality,idescat_rfdbc_21181_25017,,2026-08-21T21:48:17Z,0.2.0,,,complete,30.8635,30.8635,100,,official,default,true
430555,Falset,29,Priorat,2023,50107000,17557,84.5,24.6548,85,municipality,idescat_rfdbc_21181_25017,,2026-08-21T21:48:17Z,0.2.0,,,complete,24.6548,24.6548,100,,official,default,true
430568,la Fatarella,37,Terra Alta,2023,,,,,0,missing,idescat_rfdbc_21181_25017,,2026-08-21T21:48:17Z,0.2.0,not_published,,engineering_pending,0,100,0,,official,default,false
430574,la Febró,08,Baix Camp,2023,,,,,0,missing,idescat_rfdbc_21181_25017,,2026-08-21T21:48:17Z,0.2.0,not_published,,engineering_pending,0,100,0,,official,default,false
430580,la Figuera,29,Priorat,2023,,,,,0,missing,idescat_rfdbc_21181_25017,,2026-08-21T21:48:17Z,0.2.0,not_published,,engineering_pending,0,100,0,,official,default,false
430593,Figuerola del Camp,01,Alt Camp,2023,,,,,0,missing,idescat_rfdbc_21181_25017,,2026-08-21T21:48:17Z,0.2.0,not_published,,engineering_pending,0,100,0,,official,default,false
430607,Flix,30,Ribera d'Ebre,2023,64604000,19377,93.2,44.3755,85,municipality,idescat_rfdbc_21181_25017,,2026-08-21T21:48:17Z,0.2.0,,,complete,44.3755,44.3755,100,,official,default,true
430614,Forès,16,Conca de Barberà,2023,,,,,0,missing,idescat_rfdbc_21181_25017,,2026-08-21T21:48:17Z,0.2.0,not_published,,engineering_pending,0,100,0,,official,default,false
430629,Freginals,22,Montsià,2023,,,,,0,missing,idescat_rfdbc_21181_25017,,2026-08-21T21:48:17Z,0.2.0,not_published,,engineering_pending,0,100,0,,official,default,false
430635,la Galera,22,Montsià,2023,,,,,0,missing,idescat_rfdbc_21181_25017,,2026-08-21T21:48:17Z,0.2.0,not_published,,engineering_pending,0,100,0,,official,default,false
430640,Gandesa,37,Terra Alta,2023,50826000,16171,77.8,9.6366,85,municipality,idescat_rfdbc_21181_25017,,2026-08-21T21:48:17Z,0.2.0,,,complete,9.6366,9.6366,100,,official,default,true
430653,Garcia,30,Ribera d'Ebre,2023,,,,,0,missing,idescat_rfdbc_21181_25017,,2026-08-21T21:48:17Z,0.2.0,not_published,,engineering_pending,0,100,0,,official,default,false
430666,els Garidells,01,Alt Camp,2023,,,,,0,missing,idescat_rfdbc_21181_25017,,2026-08-21T21:48:17Z,0.2.0,not_published,,engineering_pending,0,100,0,,official,default,false
430672,Ginestar,30,Ribera d'Ebre,2023,,,,,0,missing,idescat_rfdbc_21181_25017,,2026-08-21T21:48:17Z,0.2.0,not_published,,engineering_pending,0,100,0,,official,default,false
430688,Godall,22,Montsià,2023,,,,,0,missing,idescat_rfdbc_21181_25017,,2026-08-21T21:48:17Z,0.2.0,not_published,,engineering_pending,0,100,0,,official,default,false
430691,Gratallops,29,Priorat,2023,,,,,0,missing,idescat_rfdbc_21181_25017,,2026-08-21T21:48:17Z,0.2.0,not_published,,engineering_pending,0,100,0,,official,default,false
430705,els Guiamets,29,Priorat,2023,,,,,0,missing,idescat_rfdbc_21181_25017,,2026-08-21T21:48:17Z,0.2.0,not_published,,engineering_pending,0,100,0,,official,default,false
430712,Horta de Sant Joan,37,Terra Alta,2023,18735000,16235,78.1,10.3301,85,municipality,idescat_rfdbc_21181_25017,,2026-08-21T21:48:17Z,0.2.0,,,complete,10.3301,10.3301,100,,official,default,true
430727,el Lloar,29,Priorat,2023,,,,,0,missing,idescat_rfdbc_21181_25017,,2026-08-21T21:48:17Z,0.2.0,not_published,,engineering_pending,0,100,0,,official,default,false
430733,Llorac,16,Conca de Barberà,2023,,,,,0,missing,idescat_rfdbc_21181_25017,,2026-08-21T21:48:17Z,0.2.0,not_published,,engineering_pending,0,100,0,,official,default,false
430748,Llorenç del Penedès,12,Baix Penedès,2023,45555000,18981,91.3,40.0846,85,municipality,idescat_rfdbc_21181_25017,,2026-08-21T21:48:17Z,0.2.0,,,complete,40.0846,40.0846,100,,official,default,true
430751,Margalef,29,Priorat,2023,,,,,0,missing,idescat_rfdbc_21181_25017,,2026-08-21T21:48:17Z,0.2.0,not_published,,engineering_pending,0,100,0,,official,default,false
430764,Marçà,29,Priorat,2023,,,,,0,missing,idescat_rfdbc_21181_25017,,2026-08-21T21:48:17Z,0.2.0,not_published,,engineering_pending,0,100,0,,official,default,false
430770,Mas de Barberans,22,Montsià,2023,,,,,0,missing,idescat_rfdbc_21181_25017,,2026-08-21T21:48:17Z,0.2.0,not_published,,engineering_pending,0,100,0,,official,default,false
430786,Masdenverge,22,Montsià,2023,17398000,15342,73.8,0.6539,85,municipality,idescat_rfdbc_21181_25017,,2026-08-21T21:48:17Z,0.2.0,,,complete,0.6539,0.6539,100,,official,default,true
430799,Masllorenç,12,Baix Penedès,2023,,,,,0,missing,idescat_rfdbc_21181_25017,,2026-08-21T21:48:17Z,0.2.0,not_published,,engineering_pending,0,100,0,,official,default,false
430803,la Masó,01,Alt Camp,2023,,,,,0,missing,idescat_rfdbc_21181_25017,,2026-08-21T21:48:17Z,0.2.0,not_published,,engineering_pending,0,100,0,,official,default,false
430810,Maspujols,08,Baix Camp,2023,,,,,0,missing,idescat_rfdbc_21181_25017,,2026-08-21T21:48:17Z,0.2.0,not_published,,engineering_pending,0,100,0,,official,default,false
430825,el Masroig,29,Priorat,2023,,,,,0,missing,idescat_rfdbc_21181_25017,,2026-08-21T21:48:17Z,0.2.0,not_published,,engineering_pending,0,100,0,,official,default,false
430831,el Milà,01,Alt Camp,2023,,,,,0,missing,idescat_rfdbc_21181_25017,,2026-08-21T21:48:17Z,0.2.0,not_published,,engineering_pending,0,100,0,,official,default,false
430846,Miravet,30,Ribera d'Ebre,2023,,,,,0,missing,idescat_rfdbc_21181_25017,,2026-08-21T21:48:17Z,0.2.0,not_published,,engineering_pending,0,100,0,,official,default,false
430859,el Molar,29,Priorat,2023,,,,,0,missing,idescat_rfdbc_21181_25017,,2026-08-21T21:48:17Z,0.2.0,not_published,,engineering_pending,0,100,0,,official,default,false
430862,Montblanc,16,Conca de Barberà,2023,157912000,21055,101.3,62.5576,85,municipality,idescat_rfdbc_21181_25017,,2026-08-21T21:48:17Z,0.2.0,,,complete,62.5576,62.5576,100,,official,default,true
430884,Montbrió del Camp,08,Baix Camp,2023,55518000,17800,85.6,27.2878,85,municipality,idescat_rfdbc_21181_25017,,2026-08-21T21:48:17Z,0.2.0,,,complete,27.2878,27.2878,100,,official,default,true
430897,Montferri,01,Alt Camp,2023,,,,,0,missing,idescat_rfdbc_21181_25017,,2026-08-21T21:48:17Z,0.2.0,not_published,,engineering_pending,0,100,0,,official,default,false
430901,el Montmell,12,Baix Penedès,2023,27997000,14743,70.9,0,85,municipality,idescat_rfdbc_21181_25017,,2026-08-21T21:48:17Z,0.2.0,,,complete,0,0,100,,official,default,true
430918,Mont-ral,01,Alt Camp,2023,,,,,0,missing,idescat_rfdbc_21181_25017,,2026-08-21T21:48:17Z,0.2.0,not_published,,engineering_pending,0,100,0,,official,default,false
430923,Mont-roig del Camp,08,Baix Camp,2023,218558000,15682,75.4,4.338,85,municipality,idescat_rfdbc_21181_25017,,2026-08-21T21:48:17Z,0.2.0,,,complete,4.338,4.338,100,,official,default,true
430939,Móra d'Ebre,30,Ribera d'Ebre,2023,97740000,17138,82.4,20.1146,85,municipality,idescat_rfdbc_21181_25017,,2026-08-21T21:48:17Z,0.2.0,,,complete,20.1146,20.1146,100,,official,default,true
430944,Móra la Nova,30,Ribera d'Ebre,2023,51935000,15853,76.3,6.1909,85,municipality,idescat_rfdbc_21181_25017,,2026-08-21T21:48:17Z,0.2.0,,,complete,6.1909,6.1909,100,,official,default,true
430957,el Morell,36,Tarragonès,2023,68949000,17849,85.9,27.8187,85,municipality,idescat_rfdbc_21181_25017,,2026-08-21T21:48:17Z,0.2.0,,,complete,27.8187,27.8187,100,,official,default,true
430960,la Morera de Montsant,29,Priorat,2023,,,,,0,missing,idescat_rfdbc_21181_25017,,2026-08-21T21:48:17Z,0.2.0,not_published,,engineering_pending,0,100,0,,official,default,false
430976,la Nou de Gaià,36,Tarragonès,2023,,,,,0,missing,idescat_rfdbc_21181_25017,,2026-08-21T21:48:17Z,0.2.0,not_published,,engineering_pending,0,100,0,,official,default,false
430982,Nulles,01,Alt Camp,2023,,,,,0,missing,idescat_rfdbc_21181_25017,,2026-08-21T21:48:17Z,0.2.0,not_published,,engineering_pending,0,100,0,,official,default,false
430995,la Palma d'Ebre,30,Ribera d'Ebre,2023,,,,,0,missing,idescat_rfdbc_21181_25017,,2026-08-21T21:48:17Z,0.2.0,not_published,,engineering_pending,0,100,0,,official,default,false
431009,els Pallaresos,36,Tarragonès,2023,102707000,20570,98.9,57.3024,85,municipality,idescat_rfdbc_21181_25017,,2026-08-21T21:48:17Z,0.2.0,,,complete,57.3024,57.3024,100,,official,default,true
431016,Passanant i Belltall,16,Conca de Barberà,2023,,,,,0,missing,idescat_rfdbc_21181_25017,,2026-08-21T21:48:17Z,0.2.0,not_published,,engineering_pending,0,100,0,,official,default,false
431021,Paüls,09,Baix Ebre,2023,,,,,0,missing,idescat_rfdbc_21181_25017,,2026-08-21T21:48:17Z,0.2.0,not_published,,engineering_pending,0,100,0,,official,default,false
431037,Perafort,36,Tarragonès,2023,23670000,18165,87.4,31.2428,85,municipality,idescat_rfdbc_21181_25017,,2026-08-21T21:48:17Z,0.2.0,,,complete,31.2428,31.2428,100,,official,default,true
431042,el Perelló,09,Baix Ebre,2023,41415000,14198,68.3,0,85,municipality,idescat_rfdbc_21181_25017,,2026-08-21T21:48:17Z,0.2.0,,,complete,0,0,100,,official,default,true
431055,les Piles de Gaià,16,Conca de Barberà,2023,,,,,0,missing,idescat_rfdbc_21181_25017,,2026-08-21T21:48:17Z,0.2.0,not_published,,engineering_pending,0,100,0,,official,default,false
431068,el Pinell de Brai,37,Terra Alta,2023,17029000,17080,82.2,19.4862,85,municipality,idescat_rfdbc_21181_25017,,2026-08-21T21:48:17Z,0.2.0,,,complete,19.4862,19.4862,100,,official,default,true
431074,Pira,16,Conca de Barberà,2023,,,,,0,missing,idescat_rfdbc_21181_25017,,2026-08-21T21:48:17Z,0.2.0,not_published,,engineering_pending,0,100,0,,official,default,false
431080,el Pla de Santa Maria,01,Alt Camp,2023,41556000,17373,83.6,22.661,85,municipality,idescat_rfdbc_21181_25017,,2026-08-21T21:48:17Z,0.2.0,,,complete,22.661,22.661,100,,official,default,true
431093,la Pobla de Mafumet,36,Tarragonès,2023,59821000,14562,70,0,85,municipality,idescat_rfdbc_21181_25017,,2026-08-21T21:48:17Z,0.2.0,,,complete,0,0,100,,official,default,true
431107,la Pobla de Massaluca,37,Terra Alta,2023,,,,,0,missing,idescat_rfdbc_21181_25017,,2026-08-21T21:48:17Z,0.2.0,not_published,,engineering_pending,0,100,0,,official,default,false
431114,la Pobla de Montornès,36,Tarragonès,2023,55371000,16789,80.8,16.333,85,municipality,idescat_rfdbc_21181_25017,,2026-08-21T21:48:17Z,0.2.0,,,complete,16.333,16.333,100,,official,default,true
431129,Poboleda,29,Priorat,2023,,,,,0,missing,idescat_rfdbc_21181_25017,,2026-08-21T21:48:17Z,0.2.0,not_published,,engineering_pending,0,100,0,,official,default,false
431135,el Pont d'Armentera,01,Alt Camp,2023,,,,,0,missing,idescat_rfdbc_21181_25017,,2026-08-21T21:48:17Z,0.2.0,not_published,,engineering_pending,0,100,0,,official,default,false
431140,Porrera,29,Priorat,2023,,,,,0,missing,idescat_rfdbc_21181_25017,,2026-08-21T21:48:17Z,0.2.0,not_published,,engineering_pending,0,100,0,,official,default,false
431153,Pradell de la Teixeta,29,Priorat,2023,,,,,0,missing,idescat_rfdbc_21181_25017,,2026-08-21T21:48:17Z,0.2.0,not_published,,engineering_pending,0,100,0,,official,default,false
431166,Prades,08,Baix Camp,2023,,,,,0,missing,idescat_rfdbc_21181_25017,,2026-08-21T21:48:17Z,0.2.0,not_published,,engineering_pending,0,100,0,,official,default,false
431172,Prat de Comte,37,Terra Alta,2023,,,,,0,missing,idescat_rfdbc_21181_25017,,2026-08-21T21:48:17Z,0.2.0,not_published,,engineering_pending,0,100,0,,official,default,false
431188,Pratdip,08,Baix Camp,2023,,,,,0,missing,idescat_rfdbc_21181_25017,,2026-08-21T21:48:17Z,0.2.0,not_published,,engineering_pending,0,100,0,,official,default,false
431191,Puigpelat,01,Alt Camp,2023,20988000,17288,83.2,21.74,85,municipality,idescat_rfdbc_21181_25017,,2026-08-21T21:48:17Z,0.2.0,,,complete,21.74,21.74,100,,official,default,true
431205,Querol,01,Alt Camp,2023,,,,,0,missing,idescat_rfdbc_21181_25017,,2026-08-21T21:48:17Z,0.2.0,not_published,,engineering_pending,0,100,0,,official,default,false
431212,Rasquera,30,Ribera d'Ebre,2023,,,,,0,missing,idescat_rfdbc_21181_25017,,2026-08-21T21:48:17Z,0.2.0,not_published,,engineering_pending,0,100,0,,official,default,false
431227,Renau,36,Tarragonès,2023,,,,,0,missing,idescat_rfdbc_21181_25017,,2026-08-21T21:48:17Z,0.2.0,not_published,,engineering_pending,0,100,0,,official,default,false
431233,Reus,08,Baix Camp,2023,1973689000,18065,86.9,30.1592,85,municipality,idescat_rfdbc_21181_25017,,2026-08-21T21:48:17Z,0.2.0,,,complete,30.1592,30.1592,100,,official,default,true
431248,la Riba,01,Alt Camp,2023,,,,,0,missing,idescat_rfdbc_21181_25017,,2026-08-21T21:48:17Z,0.2.0,not_published,,engineering_pending,0,100,0,,official,default,false
431251,Riba-roja d'Ebre,30,Ribera d'Ebre,2023,19764000,17413,83.8,23.0944,85,municipality,idescat_rfdbc_21181_25017,,2026-08-21T21:48:17Z,0.2.0,,,complete,23.0944,23.0944,100,,official,default,true
431264,la Riera de Gaià,36,Tarragonès,2023,31481000,17577,84.5,24.8715,85,municipality,idescat_rfdbc_21181_25017,,2026-08-21T21:48:17Z,0.2.0,,,complete,24.8715,24.8715,100,,official,default,true
431270,Riudecanyes,08,Baix Camp,2023,23601000,17367,83.5,22.596,85,municipality,idescat_rfdbc_21181_25017,,2026-08-21T21:48:17Z,0.2.0,,,complete,22.596,22.596,100,,official,default,true
431286,Riudecols,08,Baix Camp,2023,23243000,18913,91,39.3478,85,municipality,idescat_rfdbc_21181_25017,,2026-08-21T21:48:17Z,0.2.0,,,complete,39.3478,39.3478,100,,official,default,true
431299,Riudoms,08,Baix Camp,2023,115702000,16710,80.4,15.477,85,municipality,idescat_rfdbc_21181_25017,,2026-08-21T21:48:17Z,0.2.0,,,complete,15.477,15.477,100,,official,default,true
431303,Rocafort de Queralt,16,Conca de Barberà,2023,,,,,0,missing,idescat_rfdbc_21181_25017,,2026-08-21T21:48:17Z,0.2.0,not_published,,engineering_pending,0,100,0,,official,default,false
431310,Roda de Berà,36,Tarragonès,2023,135109000,17057,82,19.237,85,municipality,idescat_rfdbc_21181_25017,,2026-08-21T21:48:17Z,0.2.0,,,complete,19.237,19.237,100,,official,default,true
431325,Rodonyà,01,Alt Camp,2023,,,,,0,missing,idescat_rfdbc_21181_25017,,2026-08-21T21:48:17Z,0.2.0,not_published,,engineering_pending,0,100,0,,official,default,false
431331,Roquetes,09,Baix Ebre,2023,137790000,16539,79.6,13.6241,85,municipality,idescat_rfdbc_21181_25017,,2026-08-21T21:48:17Z,0.2.0,,,complete,13.6241,13.6241,100,,official,default,true
431346,el Rourell,01,Alt Camp,2023,,,,,0,missing,idescat_rfdbc_21181_25017,,2026-08-21T21:48:17Z,0.2.0,not_published,,engineering_pending,0,100,0,,official,default,false
431359,Salomó,36,Tarragonès,2023,,,,,0,missing,idescat_rfdbc_21181_25017,,2026-08-21T21:48:17Z,0.2.0,not_published,,engineering_pending,0,100,0,,official,default,false
431362,la Ràpita,22,Montsià,2023,246790000,15856,76.3,6.2234,85,municipality,idescat_rfdbc_21181_25017,,2026-08-21T21:48:17Z,0.2.0,,,complete,6.2234,6.2234,100,,official,default,true
431378,Sant Jaume dels Domenys,12,Baix Penedès,2023,49446000,17748,85.4,26.7243,85,municipality,idescat_rfdbc_21181_25017,,2026-08-21T21:48:17Z,0.2.0,,,complete,26.7243,26.7243,100,,official,default,true
431384,Santa Bàrbara,22,Montsià,2023,58604000,15504,74.6,2.4093,85,municipality,idescat_rfdbc_21181_25017,,2026-08-21T21:48:17Z,0.2.0,,,complete,2.4093,2.4093,100,,official,default,true
431397,Santa Coloma de Queralt,16,Conca de Barberà,2023,53848000,19061,91.7,40.9515,85,municipality,idescat_rfdbc_21181_25017,,2026-08-21T21:48:17Z,0.2.0,,,complete,40.9515,40.9515,100,,official,default,true
431401,Santa Oliva,12,Baix Penedès,2023,55603000,15138,72.8,0,85,municipality,idescat_rfdbc_21181_25017,,2026-08-21T21:48:17Z,0.2.0,,,complete,0,0,100,,official,default,true
431418,Pontils,16,Conca de Barberà,2023,,,,,0,missing,idescat_rfdbc_21181_25017,,2026-08-21T21:48:17Z,0.2.0,not_published,,engineering_pending,0,100,0,,official,default,false
431423,Sarral,16,Conca de Barberà,2023,26531000,16551,79.6,13.7542,85,municipality,idescat_rfdbc_21181_25017,,2026-08-21T21:48:17Z,0.2.0,,,complete,13.7542,13.7542,100,,official,default,true
431439,Savallà del Comtat,16,Conca de Barberà,2023,,,,,0,missing,idescat_rfdbc_21181_25017,,2026-08-21T21:48:17Z,0.2.0,not_published,,engineering_pending,0,100,0,,official,default,false
431444,la Secuita,36,Tarragonès,2023,35232000,19519,93.9,45.9142,85,municipality,idescat_rfdbc_21181_25017,,2026-08-21T21:48:17Z,0.2.0,,,complete,45.9142,45.9142,100,,official,default,true
431457,la Selva del Camp,08,Baix Camp,2023,106292000,18364,88.3,33.3991,85,municipality,idescat_rfdbc_21181_25017,,2026-08-21T21:48:17Z,0.2.0,,,complete,33.3991,33.3991,100,,official,default,true
431460,Senan,16,Conca de Barberà,2023,,,,,0,missing,idescat_rfdbc_21181_25017,,2026-08-21T21:48:17Z,0.2.0,not_published,,engineering_pending,0,100,0,,official,default,false
431476,Solivella,16,Conca de Barberà,2023,,,,,0,missing,idescat_rfdbc_21181_25017,,2026-08-21T21:48:17Z,0.2.0,not_published,,engineering_pending,0,100,0,,official,default,false
431482,Tarragona,36,Tarragonès,2023,2629218000,18825,90.5,38.3943,85,municipality,idescat_rfdbc_21181_25017,,2026-08-21T21:48:17Z,0.2.0,,,complete,38.3943,38.3943,100,,official,default,true
431495,Tivenys,09,Baix Ebre,2023,,,,,0,missing,idescat_rfdbc_21181_25017,,2026-08-21T21:48:17Z,0.2.0,not_published,,engineering_pending,0,100,0,,official,default,false
431508,Tivissa,30,Ribera d'Ebre,2023,27792000,17061,82.1,19.2803,85,municipality,idescat_rfdbc_21181_25017,,2026-08-21T21:48:17Z,0.2.0,,,complete,19.2803,19.2803,100,,official,default,true
431515,la Torre de Fontaubella,29,Priorat,2023,,,,,0,missing,idescat_rfdbc_21181_25017,,2026-08-21T21:48:17Z,0.2.0,not_published,,engineering_pending,0,100,0,,official,default,false
431520,la Torre de l'Espanyol,30,Ribera d'Ebre,2023,,,,,0,missing,idescat_rfdbc_21181_25017,,2026-08-21T21:48:17Z,0.2.0,not_published,,engineering_pending,0,100,0,,official,default,false
431536,Torredembarra,36,Tarragonès,2023,296092000,16648,80.1,14.8052,85,municipality,idescat_rfdbc_21181_25017,,2026-08-21T21:48:17Z,0.2.0,,,complete,14.8052,14.8052,100,,official,default,true
431541,Torroja del Priorat,29,Priorat,2023,,,,,0,missing,idescat_rfdbc_21181_25017,,2026-08-21T21:48:17Z,0.2.0,not_published,,engineering_pending,0,100,0,,official,default,false
431554,Tortosa,09,Baix Ebre,2023,607752000,17275,83.1,21.5991,85,municipality,idescat_rfdbc_21181_25017,,2026-08-21T21:48:17Z,0.2.0,,,complete,21.5991,21.5991,100,,official,default,true
431567,Ulldecona,22,Montsià,2023,95710000,14623,70.3,0,85,municipality,idescat_rfdbc_21181_25017,,2026-08-21T21:48:17Z,0.2.0,,,complete,0,0,100,,official,default,true
431573,Ulldemolins,29,Priorat,2023,,,,,0,missing,idescat_rfdbc_21181_25017,,2026-08-21T21:48:17Z,0.2.0,not_published,,engineering_pending,0,100,0,,official,default,false
431589,Vallclara,16,Conca de Barberà,2023,,,,,0,missing,idescat_rfdbc_21181_25017,,2026-08-21T21:48:17Z,0.2.0,not_published,,engineering_pending,0,100,0,,official,default,false
431592,Vallfogona de Riucorb,16,Conca de Barberà,2023,,,,,0,missing,idescat_rfdbc_21181_25017,,2026-08-21T21:48:17Z,0.2.0,not_published,,engineering_pending,0,100,0,,official,default,false
431606,Vallmoll,01,Alt Camp,2023,39365000,20302,97.7,54.3984,85,municipality,idescat_rfdbc_21181_25017,,2026-08-21T21:48:17Z,0.2.0,,,complete,54.3984,54.3984,100,,official,default,true
431613,Valls,01,Alt Camp,2023,458133000,18309,88.1,32.8031,85,municipality,idescat_rfdbc_21181_25017,,2026-08-21T21:48:17Z,0.2.0,,,complete,32.8031,32.8031,100,,official,default,true
431628,Vandellòs i l'Hospitalet de l'Infant,08,Baix Camp,2023,118885000,16928,81.4,17.8392,85,municipality,idescat_rfdbc_21181_25017,,2026-08-21T21:48:17Z,0.2.0,,,complete,17.8392,17.8392,100,,official,default,true
431634,el Vendrell,12,Baix Penedès,2023,709188000,17683,85.1,26.02,85,municipality,idescat_rfdbc_21181_25017,,2026-08-21T21:48:17Z,0.2.0,,,complete,26.02,26.02,100,,official,default,true
431649,Vespella de Gaià,36,Tarragonès,2023,,,,,0,missing,idescat_rfdbc_21181_25017,,2026-08-21T21:48:17Z,0.2.0,not_published,,engineering_pending,0,100,0,,official,default,false
431652,Vilabella,01,Alt Camp,2023,,,,,0,missing,idescat_rfdbc_21181_25017,,2026-08-21T21:48:17Z,0.2.0,not_published,,engineering_pending,0,100,0,,official,default,false
431665,Vilallonga del Camp,36,Tarragonès,2023,44822000,18302,88,32.7273,85,municipality,idescat_rfdbc_21181_25017,,2026-08-21T21:48:17Z,0.2.0,,,complete,32.7273,32.7273,100,,official,default,true
431671,Vilanova d'Escornalbou,08,Baix Camp,2023,,,,,0,missing,idescat_rfdbc_21181_25017,,2026-08-21T21:48:17Z,0.2.0,not_published,,engineering_pending,0,100,0,,official,default,false
431687,Vilanova de Prades,16,Conca de Barberà,2023,,,,,0,missing,idescat_rfdbc_21181_25017,,2026-08-21T21:48:17Z,0.2.0,not_published,,engineering_pending,0,100,0,,official,default,false
431690,Vilaplana,08,Baix Camp,2023,,,,,0,missing,idescat_rfdbc_21181_25017,,2026-08-21T21:48:17Z,0.2.0,not_published,,engineering_pending,0,100,0,,official,default,false
431704,Vila-rodona,01,Alt Camp,2023,22746000,16615,79.9,14.4476,85,municipality,idescat_rfdbc_21181_25017,,2026-08-21T21:48:17Z,0.2.0,,,complete,14.4476,14.4476,100,,official,default,true
431711,Vila-seca,36,Tarragonès,2023,385789000,16239,78.1,10.3734,85,municipality,idescat_rfdbc_21181_25017,,2026-08-21T21:48:17Z,0.2.0,,,complete,10.3734,10.3734,100,,official,default,true
431726,Vilaverd,16,Conca de Barberà,2023,,,,,0,missing,idescat_rfdbc_21181_25017,,2026-08-21T21:48:17Z,0.2.0,not_published,,engineering_pending,0,100,0,,official,default,false
431732,la Vilella Alta,29,Priorat,2023,,,,,0,missing,idescat_rfdbc_21181_25017,,2026-08-21T21:48:17Z,0.2.0,not_published,,engineering_pending,0,100,0,,official,default,false
431747,la Vilella Baixa,29,Priorat,2023,,,,,0,missing,idescat_rfdbc_21181_25017,,2026-08-21T21:48:17Z,0.2.0,not_published,,engineering_pending,0,100,0,,official,default,false
431750,Vilalba dels Arcs,37,Terra Alta,2023,,,,,0,missing,idescat_rfdbc_21181_25017,,2026-08-21T21:48:17Z,0.2.0,not_published,,engineering_pending,0,100,0,,official,default,false
431763,Vimbodí i Poblet,16,Conca de Barberà,2023,,,,,0,missing,idescat_rfdbc_21181_25017,,2026-08-21T21:48:17Z,0.2.0,not_published,,engineering_pending,0,100,0,,official,default,false
431779,Vinebre,30,Ribera d'Ebre,2023,,,,,0,missing,idescat_rfdbc_21181_25017,,2026-08-21T21:48:17Z,0.2.0,not_published,,engineering_pending,0,100,0,,official,default,false
431785,Vinyols i els Arcs,08,Baix Camp,2023,44018000,18433,88.7,34.1467,85,municipality,idescat_rfdbc_21181_25017,,2026-08-21T21:48:17Z,0.2.0,,,complete,34.1467,34.1467,100,,official,default,true
439018,Deltebre,09,Baix Ebre,2023,187732000,15794,76,5.5516,85,municipality,idescat_rfdbc_21181_25017,,2026-08-21T21:48:17Z,0.2.0,,,complete,5.5516,5.5516,100,,official,default,true
439023,Sant Jaume d'Enveja,22,Montsià,2023,53801000,14752,71,0,85,municipality,idescat_rfdbc_21181_25017,,2026-08-21T21:48:17Z,0.2.0,,,complete,0,0,100,,official,default,true
439039,Camarles,09,Baix Ebre,2023,52235000,15395,74.1,1.2282,85,municipality,idescat_rfdbc_21181_25017,,2026-08-21T21:48:17Z,0.2.0,,,complete,1.2282,1.2282,100,,official,default,true
439044,l'Aldea,09,Baix Ebre,2023,67113000,14835,71.4,0,85,municipality,idescat_rfdbc_21181_25017,,2026-08-21T21:48:17Z,0.2.0,,,complete,0,0,100,,official,default,true
439057,Salou,36,Tarragonès,2023,487814000,16118,77.5,9.0623,85,municipality,idescat_rfdbc_21181_25017,,2026-08-21T21:48:17Z,0.2.0,,,complete,9.0623,9.0623,100,,official,default,true
439060,l'Ampolla,09,Baix Ebre,2023,60109000,16396,78.9,12.0746,85,municipality,idescat_rfdbc_21181_25017,,2026-08-21T21:48:17Z,0.2.0,,,complete,12.0746,12.0746,100,,official,default,true
439076,la Canonja,36,Tarragonès,2023,100623000,16960,81.6,18.1859,85,municipality,idescat_rfdbc_21181_25017,,2026-08-21T21:48:17Z,0.2.0,,,complete,18.1859,18.1859,100,,official,default,true
