municipality_code,municipality_name,comarca_code,comarca_name,reference_period,hospital_minutes,primary_care_minutes,supermarket_minutes,school_minutes,rail_station_minutes,pharmacy_minutes,hospital_score,primary_care_score,supermarket_score,school_score,rail_station_score,pharmacy_score,score_0_100,confidence_0_100,data_scope,source_id,source_updated_at,retrieved_at,method_version,missing_reason,notes,score_status,score_min_0_100,score_max_0_100,coverage_weight_pct,rank_stability_0_100,source_tier,method_variant,usable_for_composite
080018,Abrera,11,Baix Llobregat,2026-08-20,8.223833,1.956167,0.863833,1.700667,6.317667,0.100167,93.5523,100,100,100,97.3647,100,97.861,70,municipality,openstreetmap_geofabrik;openrouteservice,,2026-08-21T22:01:49Z,0.2.0,,"© OpenStreetMap contributors, ODbL 1.0; nearest five geographic candidates routed.",complete,97.861,97.861,100,,open_community,osm_cross_border_nearest5_ors,true
080023,Aguilar de Segarra,07,Bages,2026-08-20,25.2315,10.246,10.5375,9.7795,1.657333,10.0245,59.537,89.508,88.925,90.441,100,89.951,84.1346,70,municipality,openstreetmap_geofabrik;openrouteservice,,2026-08-21T22:01:49Z,0.2.0,,"© OpenStreetMap contributors, ODbL 1.0; nearest five geographic candidates routed.",complete,84.1346,84.1346,100,,open_community,osm_cross_border_nearest5_ors,true
080039,Alella,21,Maresme,2026-08-20,8.965667,6.473833,0.431,0.4875,6.5275,0.351167,92.0687,97.0523,100,100,96.945,100,96.964,70,municipality,openstreetmap_geofabrik;openrouteservice,,2026-08-21T22:01:49Z,0.2.0,,"© OpenStreetMap contributors, ODbL 1.0; nearest five geographic candidates routed.",complete,96.964,96.964,100,,open_community,osm_cross_border_nearest5_ors,true
080044,Alpens,43,Lluçanès,2026-08-20,37.529667,27.453667,22.576667,1.845333,22.268,1.048667,39.9604,55.0927,64.8467,100,65.464,100,64.3161,70,municipality,openstreetmap_geofabrik;openrouteservice,,2026-08-21T22:01:49Z,0.2.0,,"© OpenStreetMap contributors, ODbL 1.0; nearest five geographic candidates routed.",complete,64.3161,64.3161,100,,open_community,osm_cross_border_nearest5_ors,true
080057,l'Ametlla del Vallès,41,Vallès Oriental,2026-08-20,18.2455,5.780167,4.701167,6.346667,11.472,4.589167,73.509,98.4397,100,97.3067,87.056,100,90.2851,70,municipality,openstreetmap_geofabrik;openrouteservice,,2026-08-21T22:01:49Z,0.2.0,,"© OpenStreetMap contributors, ODbL 1.0; nearest five geographic candidates routed.",complete,90.2851,90.2851,100,,open_community,osm_cross_border_nearest5_ors,true
080060,Arenys de Mar,21,Maresme,2026-08-20,10.442833,4.8685,1.7885,2.403,3.817167,1.395833,89.1143,100,100,100,100,100,97.2786,70,municipality,openstreetmap_geofabrik;openrouteservice,,2026-08-21T22:01:49Z,0.2.0,,"© OpenStreetMap contributors, ODbL 1.0; nearest five geographic candidates routed.",complete,97.2786,97.2786,100,,open_community,osm_cross_border_nearest5_ors,true
080076,Arenys de Munt,21,Maresme,2026-08-20,1.515333,7.5955,3.147333,1.600833,9.742833,0.216167,100,94.809,100,100,90.5143,100,97.3242,70,municipality,openstreetmap_geofabrik;openrouteservice,,2026-08-21T22:01:49Z,0.2.0,,"© OpenStreetMap contributors, ODbL 1.0; nearest five geographic candidates routed.",complete,97.3242,97.3242,100,,open_community,osm_cross_border_nearest5_ors,true
080082,Argençola,06,Anoia,2026-08-20,19.733,14.418333,13.521833,14.364333,14.4155,14.108167,70.534,81.1633,82.9563,81.2713,81.169,81.7837,78.9386,70,municipality,openstreetmap_geofabrik;openrouteservice,,2026-08-21T22:01:49Z,0.2.0,,"© OpenStreetMap contributors, ODbL 1.0; nearest five geographic candidates routed.",complete,78.9386,78.9386,100,,open_community,osm_cross_border_nearest5_ors,true
080095,Argentona,21,Maresme,2026-08-20,13.768167,3.181667,5.566,5.417833,15.319,5.2085,82.4637,100,98.868,99.1643,79.362,99.583,91.1367,70,municipality,openstreetmap_geofabrik;openrouteservice,,2026-08-21T22:01:49Z,0.2.0,,"© OpenStreetMap contributors, ODbL 1.0; nearest five geographic candidates routed.",complete,91.1367,91.1367,100,,open_community,osm_cross_border_nearest5_ors,true
080109,Artés,07,Bages,2026-08-20,14.110833,2.541667,0.607,0.323167,17.354,0.426333,81.7783,100,100,100,75.292,100,90.503,70,municipality,openstreetmap_geofabrik;openrouteservice,,2026-08-21T22:01:49Z,0.2.0,,"© OpenStreetMap contributors, ODbL 1.0; nearest five geographic candidates routed.",complete,90.503,90.503,100,,open_community,osm_cross_border_nearest5_ors,true
080116,Avià,14,Berguedà,2026-08-20,9.5825,1.318167,6.045,2.099167,32.697167,0.899833,90.835,100,97.91,100,46.4038,100,86.5715,70,municipality,openstreetmap_geofabrik;openrouteservice,,2026-08-21T22:01:49Z,0.2.0,,"© OpenStreetMap contributors, ODbL 1.0; nearest five geographic candidates routed.",complete,86.5715,86.5715,100,,open_community,osm_cross_border_nearest5_ors,true
080121,Avinyó,07,Bages,2026-08-20,1.867667,15.0755,2.4865,1.429,22.282,0.287833,100,79.849,100,100,65.436,100,90.0645,70,municipality,openstreetmap_geofabrik;openrouteservice,,2026-08-21T22:01:49Z,0.2.0,,"© OpenStreetMap contributors, ODbL 1.0; nearest five geographic candidates routed.",complete,90.0645,90.0645,100,,open_community,osm_cross_border_nearest5_ors,true
080137,Avinyonet del Penedès,03,Alt Penedès,2026-08-20,9.621333,4.324167,3.921333,1.643333,8.4515,0.3975,90.7573,100,100,100,93.097,100,96.3087,70,municipality,openstreetmap_geofabrik;openrouteservice,,2026-08-21T22:01:49Z,0.2.0,,"© OpenStreetMap contributors, ODbL 1.0; nearest five geographic candidates routed.",complete,96.3087,96.3087,100,,open_community,osm_cross_border_nearest5_ors,true
080142,Aiguafreda,24,Osona,2026-08-20,20.692333,0.713333,1.088833,1.866,4.523667,0.575167,68.6153,100,100,100,100,100,92.1538,70,municipality,openstreetmap_geofabrik;openrouteservice,,2026-08-21T22:01:49Z,0.2.0,,"© OpenStreetMap contributors, ODbL 1.0; nearest five geographic candidates routed.",complete,92.1538,92.1538,100,,open_community,osm_cross_border_nearest5_ors,true
080155,Badalona,13,Barcelonès,2026-08-20,0.664833,0.320667,0.632333,0,3.252,1.5155,100,100,100,100,100,100,100,70,municipality,openstreetmap_geofabrik;openrouteservice,,2026-08-21T22:01:49Z,0.2.0,,"© OpenStreetMap contributors, ODbL 1.0; nearest five geographic candidates routed.",complete,100,100,100,,open_community,osm_cross_border_nearest5_ors,true
080168,Bagà,14,Berguedà,2026-08-20,24.453833,7.308333,3.267833,2.9145,12.483667,2.410167,61.0923,95.3833,100,100,85.0327,100,86.5871,70,municipality,openstreetmap_geofabrik;openrouteservice,,2026-08-21T22:01:49Z,0.2.0,,"© OpenStreetMap contributors, ODbL 1.0; nearest five geographic candidates routed.",complete,86.5871,86.5871,100,,open_community,osm_cross_border_nearest5_ors,true
080174,Balenyà,24,Osona,2026-08-20,16.103667,8.527333,5.3195,1.504,1.842833,0.158833,77.7927,92.9453,99.361,100,100,100,93.2622,70,municipality,openstreetmap_geofabrik;openrouteservice,,2026-08-21T22:01:49Z,0.2.0,,"© OpenStreetMap contributors, ODbL 1.0; nearest five geographic candidates routed.",complete,93.2622,93.2622,100,,open_community,osm_cross_border_nearest5_ors,true
080180,Balsareny,07,Bages,2026-08-20,18.858167,0.174,1.660833,0.661333,19.007167,1.559667,72.2837,100,100,100,71.9857,100,87.4681,70,municipality,openstreetmap_geofabrik;openrouteservice,,2026-08-21T22:01:49Z,0.2.0,,"© OpenStreetMap contributors, ODbL 1.0; nearest five geographic candidates routed.",complete,87.4681,87.4681,100,,open_community,osm_cross_border_nearest5_ors,true
080193,Barcelona,13,Barcelonès,2026-08-20,4.776167,3.041167,1.149833,5.046667,3.475833,0.391,100,100,100,99.9067,100,100,99.9907,70,municipality,openstreetmap_geofabrik;openrouteservice,,2026-08-21T22:01:49Z,0.2.0,,"© OpenStreetMap contributors, ODbL 1.0; nearest five geographic candidates routed.",complete,99.9907,99.9907,100,,open_community,osm_cross_border_nearest5_ors,true
080207,Begues,11,Baix Llobregat,2026-08-20,22.946333,1.802,18.5765,2.417,24.0765,3.8925,64.1073,100,72.847,100,61.847,100,77.9656,70,municipality,openstreetmap_geofabrik;openrouteservice,,2026-08-21T22:01:49Z,0.2.0,,"© OpenStreetMap contributors, ODbL 1.0; nearest five geographic candidates routed.",complete,77.9656,77.9656,100,,open_community,osm_cross_border_nearest5_ors,true
080214,Bellprat,06,Anoia,2026-08-20,25.307,7.6475,7.241167,8.251,22.494,8.550333,59.386,94.705,95.5177,93.498,65.012,92.8993,79.7979,70,municipality,openstreetmap_geofabrik;openrouteservice,,2026-08-21T22:01:49Z,0.2.0,,"© OpenStreetMap contributors, ODbL 1.0; nearest five geographic candidates routed.",complete,79.7979,79.7979,100,,open_community,osm_cross_border_nearest5_ors,true
080229,Berga,14,Berguedà,2026-08-20,3.0705,2.6905,3.153667,4.233333,26.473333,1.964,100,100,100,100,57.0533,100,91.4107,70,municipality,openstreetmap_geofabrik;openrouteservice,,2026-08-21T22:01:49Z,0.2.0,,"© OpenStreetMap contributors, ODbL 1.0; nearest five geographic candidates routed.",complete,91.4107,91.4107,100,,open_community,osm_cross_border_nearest5_ors,true
080235,Bigues i Riells del Fai,41,Vallès Oriental,2026-08-20,20.795,2.041667,2.512667,2.3565,15.853833,2.572,68.41,100,100,100,78.2923,100,87.761,70,municipality,openstreetmap_geofabrik;openrouteservice,,2026-08-21T22:01:49Z,0.2.0,,"© OpenStreetMap contributors, ODbL 1.0; nearest five geographic candidates routed.",complete,87.761,87.761,100,,open_community,osm_cross_border_nearest5_ors,true
080240,Borredà,14,Berguedà,2026-08-20,18.939833,8.062167,0.463167,1.560333,31.8965,0.137167,72.1203,93.8757,100,100,47.4713,100,81.6057,70,municipality,openstreetmap_geofabrik;openrouteservice,,2026-08-21T22:01:49Z,0.2.0,,"© OpenStreetMap contributors, ODbL 1.0; nearest five geographic candidates routed.",complete,81.6057,81.6057,100,,open_community,osm_cross_border_nearest5_ors,true
080253,el Bruc,06,Anoia,2026-08-20,15.605,13.2425,1.157667,1.389333,15.631833,0.806,78.79,83.515,100,100,78.7363,100,87.972,70,municipality,openstreetmap_geofabrik;openrouteservice,,2026-08-21T22:01:49Z,0.2.0,,"© OpenStreetMap contributors, ODbL 1.0; nearest five geographic candidates routed.",complete,87.972,87.972,100,,open_community,osm_cross_border_nearest5_ors,true
080266,el Brull,24,Osona,2026-08-20,25.488667,5.504833,14.387167,5.180667,9.361167,5.067667,59.0227,98.9903,81.2257,99.6387,91.2777,99.8647,84.0552,70,municipality,openstreetmap_geofabrik;openrouteservice,,2026-08-21T22:01:49Z,0.2.0,,"© OpenStreetMap contributors, ODbL 1.0; nearest five geographic candidates routed.",complete,84.0552,84.0552,100,,open_community,osm_cross_border_nearest5_ors,true
080272,les Cabanyes,03,Alt Penedès,2026-08-20,5.079333,5.644,6.022167,1.030333,7.722833,0.3345,99.8413,98.712,97.9557,100,94.5543,100,98.2691,70,municipality,openstreetmap_geofabrik;openrouteservice,,2026-08-21T22:01:49Z,0.2.0,,"© OpenStreetMap contributors, ODbL 1.0; nearest five geographic candidates routed.",complete,98.2691,98.2691,100,,open_community,osm_cross_border_nearest5_ors,true
080288,Cabrera d'Anoia,06,Anoia,2026-08-20,14.580833,7.435167,7.773167,0.793833,7.422,7.807833,80.8383,95.1297,94.4537,100,95.156,94.3843,91.8394,70,municipality,openstreetmap_geofabrik;openrouteservice,,2026-08-21T22:01:49Z,0.2.0,,"© OpenStreetMap contributors, ODbL 1.0; nearest five geographic candidates routed.",complete,91.8394,91.8394,100,,open_community,osm_cross_border_nearest5_ors,true
080291,Cabrera de Mar,21,Maresme,2026-08-20,7.567333,1.796167,6.1175,1.372167,7.972333,3.442333,94.8653,100,97.765,100,94.0553,100,97.0804,70,municipality,openstreetmap_geofabrik;openrouteservice,,2026-08-21T22:01:49Z,0.2.0,,"© OpenStreetMap contributors, ODbL 1.0; nearest five geographic candidates routed.",complete,97.0804,97.0804,100,,open_community,osm_cross_border_nearest5_ors,true
080305,Cabrils,21,Maresme,2026-08-20,5.294,2.836667,1.181167,2.679167,8.924,0.438333,99.412,100,100,100,92.152,100,98.2834,70,municipality,openstreetmap_geofabrik;openrouteservice,,2026-08-21T22:01:49Z,0.2.0,,"© OpenStreetMap contributors, ODbL 1.0; nearest five geographic candidates routed.",complete,98.2834,98.2834,100,,open_community,osm_cross_border_nearest5_ors,true
080312,Calaf,06,Anoia,2026-08-20,26.136333,1.111167,1.2205,1.269333,1.589667,1.135333,57.7273,100,100,100,100,100,89.4318,70,municipality,openstreetmap_geofabrik;openrouteservice,,2026-08-21T22:01:49Z,0.2.0,,"© OpenStreetMap contributors, ODbL 1.0; nearest five geographic candidates routed.",complete,89.4318,89.4318,100,,open_community,osm_cross_border_nearest5_ors,true
080327,Caldes d'Estrac,21,Maresme,2026-08-20,14.665667,0.399833,1.692167,7.908,5.5055,2.034667,80.6687,100,100,94.184,98.989,100,94.3834,70,municipality,openstreetmap_geofabrik;openrouteservice,,2026-08-21T22:01:49Z,0.2.0,,"© OpenStreetMap contributors, ODbL 1.0; nearest five geographic candidates routed.",complete,94.3834,94.3834,100,,open_community,osm_cross_border_nearest5_ors,true
080333,Caldes de Montbui,41,Vallès Oriental,2026-08-20,14.3505,2.616667,2.630667,2.3825,18.443833,2.8515,81.299,100,100,100,73.1123,100,89.9472,70,municipality,openstreetmap_geofabrik;openrouteservice,,2026-08-21T22:01:49Z,0.2.0,,"© OpenStreetMap contributors, ODbL 1.0; nearest five geographic candidates routed.",complete,89.9472,89.9472,100,,open_community,osm_cross_border_nearest5_ors,true
080348,Calders,42,Moianès,2026-08-20,21.031833,8.989167,7.248,2.176167,20.782,1.223833,67.9363,92.0217,95.504,100,68.436,100,83.5753,70,municipality,openstreetmap_geofabrik;openrouteservice,,2026-08-21T22:01:49Z,0.2.0,,"© OpenStreetMap contributors, ODbL 1.0; nearest five geographic candidates routed.",complete,83.5753,83.5753,100,,open_community,osm_cross_border_nearest5_ors,true
080351,Calella,21,Maresme,2026-08-20,3.547333,3.5705,1.947333,2.231833,9.4505,1.942833,100,100,100,100,91.099,100,98.2198,70,municipality,openstreetmap_geofabrik;openrouteservice,,2026-08-21T22:01:49Z,0.2.0,,"© OpenStreetMap contributors, ODbL 1.0; nearest five geographic candidates routed.",complete,98.2198,98.2198,100,,open_community,osm_cross_border_nearest5_ors,true
080364,Calonge de Segarra,06,Anoia,2026-08-20,34.8085,11.055,11.754333,11.240667,11.560833,11.106667,43.5887,87.89,86.4913,87.5187,86.8783,87.7867,76.2851,70,municipality,openstreetmap_geofabrik;openrouteservice,,2026-08-21T22:01:49Z,0.2.0,,"© OpenStreetMap contributors, ODbL 1.0; nearest five geographic candidates routed.",complete,76.2851,76.2851,100,,open_community,osm_cross_border_nearest5_ors,true
080370,Calldetenes,24,Osona,2026-08-20,10.046167,0.618,1.4275,1.0705,11.1545,3.072167,89.9077,100,100,100,87.691,100,95.0151,70,municipality,openstreetmap_geofabrik;openrouteservice,,2026-08-21T22:01:49Z,0.2.0,,"© OpenStreetMap contributors, ODbL 1.0; nearest five geographic candidates routed.",complete,95.0151,95.0151,100,,open_community,osm_cross_border_nearest5_ors,true
080386,Callús,07,Bages,2026-08-20,17.195167,0.295333,0.115667,0.852667,12.2325,0.213,75.6097,100,100,100,85.535,100,91.0094,70,municipality,openstreetmap_geofabrik;openrouteservice,,2026-08-21T22:01:49Z,0.2.0,,"© OpenStreetMap contributors, ODbL 1.0; nearest five geographic candidates routed.",complete,91.0094,91.0094,100,,open_community,osm_cross_border_nearest5_ors,true
080399,Campins,41,Vallès Oriental,2026-08-20,10.353,9.547,10.241333,11.533333,15.641,9.920833,89.294,90.906,89.5173,86.9333,78.718,90.1583,87.3156,70,municipality,openstreetmap_geofabrik;openrouteservice,,2026-08-21T22:01:49Z,0.2.0,,"© OpenStreetMap contributors, ODbL 1.0; nearest five geographic candidates routed.",complete,87.3156,87.3156,100,,open_community,osm_cross_border_nearest5_ors,true
080403,Canet de Mar,21,Maresme,2026-08-20,13.930333,5.460167,3.521833,1.202333,1.989333,2.199667,82.1393,99.0797,100,100,100,100,95.3968,70,municipality,openstreetmap_geofabrik;openrouteservice,,2026-08-21T22:01:49Z,0.2.0,,"© OpenStreetMap contributors, ODbL 1.0; nearest five geographic candidates routed.",complete,95.3968,95.3968,100,,open_community,osm_cross_border_nearest5_ors,true
080410,Canovelles,41,Vallès Oriental,2026-08-20,7.5585,3.236167,5.1575,0.2995,4.999167,0.9615,94.883,100,99.685,100,100,100,98.6577,70,municipality,openstreetmap_geofabrik;openrouteservice,,2026-08-21T22:01:49Z,0.2.0,,"© OpenStreetMap contributors, ODbL 1.0; nearest five geographic candidates routed.",complete,98.6577,98.6577,100,,open_community,osm_cross_border_nearest5_ors,true
080425,Cànoves i Samalús,41,Vallès Oriental,2026-08-20,21.2785,9.971167,11.168667,3.260667,13.684167,2.287167,67.443,90.0577,87.6627,100,82.6317,100,84.4283,70,municipality,openstreetmap_geofabrik;openrouteservice,,2026-08-21T22:01:49Z,0.2.0,,"© OpenStreetMap contributors, ODbL 1.0; nearest five geographic candidates routed.",complete,84.4283,84.4283,100,,open_community,osm_cross_border_nearest5_ors,true
080431,Canyelles,17,Garraf,2026-08-20,13.925333,1.193167,10.834667,2.397667,12.3575,0.634167,82.1493,100,88.3307,100,85.285,100,90.2605,70,municipality,openstreetmap_geofabrik;openrouteservice,,2026-08-21T22:01:49Z,0.2.0,,"© OpenStreetMap contributors, ODbL 1.0; nearest five geographic candidates routed.",complete,90.2605,90.2605,100,,open_community,osm_cross_border_nearest5_ors,true
080446,Capellades,06,Anoia,2026-08-20,17.534167,1.6425,0.721333,1.044667,4.5195,0.061833,74.9317,100,100,100,100,100,93.7329,70,municipality,openstreetmap_geofabrik;openrouteservice,,2026-08-21T22:01:49Z,0.2.0,,"© OpenStreetMap contributors, ODbL 1.0; nearest five geographic candidates routed.",complete,93.7329,93.7329,100,,open_community,osm_cross_border_nearest5_ors,true
080459,Capolat,14,Berguedà,2026-08-20,25.2615,25.437167,24.434,22.620667,47.082167,24.2545,59.477,59.1257,61.132,64.7587,27.2238,61.491,54.0342,70,municipality,openstreetmap_geofabrik;openrouteservice,,2026-08-21T22:01:49Z,0.2.0,,"© OpenStreetMap contributors, ODbL 1.0; nearest five geographic candidates routed.",complete,54.0342,54.0342,100,,open_community,osm_cross_border_nearest5_ors,true
080462,Cardedeu,41,Vallès Oriental,2026-08-20,12.392667,2.371833,3.305,2.377667,3.568,0.586,85.2147,100,100,100,100,100,96.3037,70,municipality,openstreetmap_geofabrik;openrouteservice,,2026-08-21T22:01:49Z,0.2.0,,"© OpenStreetMap contributors, ODbL 1.0; nearest five geographic candidates routed.",complete,96.3037,96.3037,100,,open_community,osm_cross_border_nearest5_ors,true
080478,Cardona,07,Bages,2026-08-20,39.584167,2.069333,23.305167,2.131667,34.6215,0.687,37.2211,100,63.3897,100,43.838,100,65.7508,70,municipality,openstreetmap_geofabrik;openrouteservice,,2026-08-21T22:01:49Z,0.2.0,,"© OpenStreetMap contributors, ODbL 1.0; nearest five geographic candidates routed.",complete,65.7508,65.7508,100,,open_community,osm_cross_border_nearest5_ors,true
080484,Carme,06,Anoia,2026-08-20,20.635333,6.447333,7.633667,0.587333,7.079833,0.6465,68.7293,97.1053,94.7327,100,95.8403,100,89.8627,70,municipality,openstreetmap_geofabrik;openrouteservice,,2026-08-21T22:01:49Z,0.2.0,,"© OpenStreetMap contributors, ODbL 1.0; nearest five geographic candidates routed.",complete,89.8627,89.8627,100,,open_community,osm_cross_border_nearest5_ors,true
080497,Casserres,14,Berguedà,2026-08-20,17.251,0.594333,0.382333,1.017667,33.421,0.679333,75.498,100,100,100,45.4387,100,82.9622,70,municipality,openstreetmap_geofabrik;openrouteservice,,2026-08-21T22:01:49Z,0.2.0,,"© OpenStreetMap contributors, ODbL 1.0; nearest five geographic candidates routed.",complete,82.9622,82.9622,100,,open_community,osm_cross_border_nearest5_ors,true
080500,Castellar del Riu,14,Berguedà,2026-08-20,30.411167,21.800167,21.742333,21.1785,52.231833,21.292333,49.4518,66.3997,66.5153,67.643,20.3576,67.4153,53.2033,70,municipality,openstreetmap_geofabrik;openrouteservice,,2026-08-21T22:01:49Z,0.2.0,,"© OpenStreetMap contributors, ODbL 1.0; nearest five geographic candidates routed.",complete,53.2033,53.2033,100,,open_community,osm_cross_border_nearest5_ors,true
080517,Castellar del Vallès,40,Vallès Occidental,2026-08-20,14.276833,1.462167,1.763667,2.062833,12.592167,1.191667,81.4463,100,100,100,84.8157,100,92.3247,70,municipality,openstreetmap_geofabrik;openrouteservice,,2026-08-21T22:01:49Z,0.2.0,,"© OpenStreetMap contributors, ODbL 1.0; nearest five geographic candidates routed.",complete,92.3247,92.3247,100,,open_community,osm_cross_border_nearest5_ors,true
080522,Castellar de n'Hug,14,Berguedà,2026-08-20,33.7545,18.058667,16.671333,16.8725,12.6745,16.8165,44.994,73.8827,76.6573,76.255,84.651,76.367,69.8548,70,municipality,openstreetmap_geofabrik;openrouteservice,,2026-08-21T22:01:49Z,0.2.0,,"© OpenStreetMap contributors, ODbL 1.0; nearest five geographic candidates routed.",complete,69.8548,69.8548,100,,open_community,osm_cross_border_nearest5_ors,true
080538,Castellbell i el Vilar,07,Bages,2026-08-20,18.010833,0.928167,0.791167,1.915,2.602333,0.507167,73.9783,100,100,100,100,100,93.4946,70,municipality,openstreetmap_geofabrik;openrouteservice,,2026-08-21T22:01:49Z,0.2.0,,"© OpenStreetMap contributors, ODbL 1.0; nearest five geographic candidates routed.",complete,93.4946,93.4946,100,,open_community,osm_cross_border_nearest5_ors,true
080543,Castellbisbal,40,Vallès Occidental,2026-08-20,15.742833,0.990833,0.107667,0.991833,7.274667,0.053333,78.5143,100,100,100,95.4507,100,93.7187,70,municipality,openstreetmap_geofabrik;openrouteservice,,2026-08-21T22:01:49Z,0.2.0,,"© OpenStreetMap contributors, ODbL 1.0; nearest five geographic candidates routed.",complete,93.7187,93.7187,100,,open_community,osm_cross_border_nearest5_ors,true
080556,Castellcir,42,Moianès,2026-08-20,37.183333,4.567167,5.156167,8.2005,32.899833,1.0265,40.4222,100,99.6877,93.599,46.1336,100,73.6297,70,municipality,openstreetmap_geofabrik;openrouteservice,,2026-08-21T22:01:49Z,0.2.0,,"© OpenStreetMap contributors, ODbL 1.0; nearest five geographic candidates routed.",complete,73.6297,73.6297,100,,open_community,osm_cross_border_nearest5_ors,true
080569,Castelldefels,11,Baix Llobregat,2026-08-20,12.478333,2.599667,2.142333,2.812167,4.135833,2.105833,85.0433,100,100,100,100,100,96.2608,70,municipality,openstreetmap_geofabrik;openrouteservice,,2026-08-21T22:01:49Z,0.2.0,,"© OpenStreetMap contributors, ODbL 1.0; nearest five geographic candidates routed.",complete,96.2608,96.2608,100,,open_community,osm_cross_border_nearest5_ors,true
080575,Castell de l'Areny,14,Berguedà,2026-08-20,23.758667,12.881167,19.237167,12.877,42.711667,13.045833,62.4827,84.2377,71.5257,84.246,33.0511,83.9083,65.9871,70,municipality,openstreetmap_geofabrik;openrouteservice,,2026-08-21T22:01:49Z,0.2.0,,"© OpenStreetMap contributors, ODbL 1.0; nearest five geographic candidates routed.",complete,65.9871,65.9871,100,,open_community,osm_cross_border_nearest5_ors,true
080581,Castellet i la Gornal,03,Alt Penedès,2026-08-20,7.569333,4.652833,1.001667,5.26,7.769833,4.481333,94.8613,100,100,99.48,94.4603,100,97.5554,70,municipality,openstreetmap_geofabrik;openrouteservice,,2026-08-21T22:01:49Z,0.2.0,,"© OpenStreetMap contributors, ODbL 1.0; nearest five geographic candidates routed.",complete,97.5554,97.5554,100,,open_community,osm_cross_border_nearest5_ors,true
080594,Castellfollit del Boix,07,Bages,2026-08-20,20.066833,14.654167,14.09,0.322333,18.5465,12.9665,69.8663,80.6917,81.82,100,72.907,84.067,78.9224,70,municipality,openstreetmap_geofabrik;openrouteservice,,2026-08-21T22:01:49Z,0.2.0,,"© OpenStreetMap contributors, ODbL 1.0; nearest five geographic candidates routed.",complete,78.9224,78.9224,100,,open_community,osm_cross_border_nearest5_ors,true
080608,Castellfollit de Riubregós,06,Anoia,2026-08-20,34.353167,10.599667,11.299,6.453667,11.1055,6.163333,44.1958,88.8007,87.402,97.0927,87.789,97.6733,78.8839,70,municipality,openstreetmap_geofabrik;openrouteservice,,2026-08-21T22:01:49Z,0.2.0,,"© OpenStreetMap contributors, ODbL 1.0; nearest five geographic candidates routed.",complete,78.8839,78.8839,100,,open_community,osm_cross_border_nearest5_ors,true
080615,Castellgalí,07,Bages,2026-08-20,18.86,10.067167,6.399333,2.731833,9.547,5.118167,72.28,89.8657,97.2013,100,90.906,99.7637,89.1477,70,municipality,openstreetmap_geofabrik;openrouteservice,,2026-08-21T22:01:49Z,0.2.0,,"© OpenStreetMap contributors, ODbL 1.0; nearest five geographic candidates routed.",complete,89.1477,89.1477,100,,open_community,osm_cross_border_nearest5_ors,true
080620,Castellnou de Bages,07,Bages,2026-08-20,29.903833,15.5335,18.3015,8.813333,25.495833,14.357,50.1923,78.933,73.397,92.3733,59.0083,81.286,68.235,70,municipality,openstreetmap_geofabrik;openrouteservice,,2026-08-21T22:01:49Z,0.2.0,,"© OpenStreetMap contributors, ODbL 1.0; nearest five geographic candidates routed.",complete,68.235,68.235,100,,open_community,osm_cross_border_nearest5_ors,true
080636,Castellolí,06,Anoia,2026-08-20,11.509833,9.877667,7.509,1.4685,9.9895,6.784333,86.9803,90.2447,94.982,100,90.021,96.4313,91.9255,70,municipality,openstreetmap_geofabrik;openrouteservice,,2026-08-21T22:01:49Z,0.2.0,,"© OpenStreetMap contributors, ODbL 1.0; nearest five geographic candidates routed.",complete,91.9255,91.9255,100,,open_community,osm_cross_border_nearest5_ors,true
080641,Castellterçol,42,Moianès,2026-08-20,33.551,1.248167,0,3.256167,29.2675,3.4695,45.2653,100,100,100,51.465,100,76.6093,70,municipality,openstreetmap_geofabrik;openrouteservice,,2026-08-21T22:01:49Z,0.2.0,,"© OpenStreetMap contributors, ODbL 1.0; nearest five geographic candidates routed.",complete,76.6093,76.6093,100,,open_community,osm_cross_border_nearest5_ors,true
080654,Castellví de la Marca,03,Alt Penedès,2026-08-20,11.691333,7.939667,0.4695,1.178833,7.642167,0.286333,86.6173,94.1207,100,100,94.7157,100,94.7156,70,municipality,openstreetmap_geofabrik;openrouteservice,,2026-08-21T22:01:49Z,0.2.0,,"© OpenStreetMap contributors, ODbL 1.0; nearest five geographic candidates routed.",complete,94.7156,94.7156,100,,open_community,osm_cross_border_nearest5_ors,true
080667,Castellví de Rosanes,11,Baix Llobregat,2026-08-20,13.385167,9.881333,9.602833,8.756333,8.74,1.049167,83.2297,90.2373,90.7943,92.4873,92.52,100,90.2546,70,municipality,openstreetmap_geofabrik;openrouteservice,,2026-08-21T22:01:49Z,0.2.0,,"© OpenStreetMap contributors, ODbL 1.0; nearest five geographic candidates routed.",complete,90.2546,90.2546,100,,open_community,osm_cross_border_nearest5_ors,true
080673,Centelles,24,Osona,2026-08-20,19.259,4.727,3.845,0.643833,6.569167,2.347833,71.482,100,100,100,96.8617,100,92.2428,70,municipality,openstreetmap_geofabrik;openrouteservice,,2026-08-21T22:01:49Z,0.2.0,,"© OpenStreetMap contributors, ODbL 1.0; nearest five geographic candidates routed.",complete,92.2428,92.2428,100,,open_community,osm_cross_border_nearest5_ors,true
080689,Cervelló,11,Baix Llobregat,2026-08-20,7.6305,1.185,0.242,1.816,12.041333,0.130333,94.739,100,100,100,85.9173,100,95.8682,70,municipality,openstreetmap_geofabrik;openrouteservice,,2026-08-21T22:01:49Z,0.2.0,,"© OpenStreetMap contributors, ODbL 1.0; nearest five geographic candidates routed.",complete,95.8682,95.8682,100,,open_community,osm_cross_border_nearest5_ors,true
080692,Collbató,11,Baix Llobregat,2026-08-20,14.899333,12.536833,1.964333,2.507167,11.414167,1.4055,80.2013,84.9263,100,100,87.1717,100,90.2236,70,municipality,openstreetmap_geofabrik;openrouteservice,,2026-08-21T22:01:49Z,0.2.0,,"© OpenStreetMap contributors, ODbL 1.0; nearest five geographic candidates routed.",complete,90.2236,90.2236,100,,open_community,osm_cross_border_nearest5_ors,true
080706,Collsuspina,42,Moianès,2026-08-20,23.61,13.527,14.262,12.078333,19.0245,12.485333,62.78,82.946,81.476,85.8433,71.951,85.0293,75.9096,70,municipality,openstreetmap_geofabrik;openrouteservice,,2026-08-21T22:01:49Z,0.2.0,,"© OpenStreetMap contributors, ODbL 1.0; nearest five geographic candidates routed.",complete,75.9096,75.9096,100,,open_community,osm_cross_border_nearest5_ors,true
080713,Copons,06,Anoia,2026-08-20,14.471667,12.057167,7.583167,1.451167,11.9885,8.197,81.0567,85.8857,94.8337,100,86.023,93.606,88.679,70,municipality,openstreetmap_geofabrik;openrouteservice,,2026-08-21T22:01:49Z,0.2.0,,"© OpenStreetMap contributors, ODbL 1.0; nearest five geographic candidates routed.",complete,88.679,88.679,100,,open_community,osm_cross_border_nearest5_ors,true
080728,Corbera de Llobregat,11,Baix Llobregat,2026-08-20,24.694167,10.7405,7.191167,4.477667,15.344,5.003,60.6117,88.519,95.6177,100,79.312,99.994,83.4161,70,municipality,openstreetmap_geofabrik;openrouteservice,,2026-08-21T22:01:49Z,0.2.0,,"© OpenStreetMap contributors, ODbL 1.0; nearest five geographic candidates routed.",complete,83.4161,83.4161,100,,open_community,osm_cross_border_nearest5_ors,true
080734,Cornellà de Llobregat,11,Baix Llobregat,2026-08-20,5.942167,2.736167,2.750167,0.7325,1.176667,0.786167,98.1157,100,100,100,100,100,99.5289,70,municipality,openstreetmap_geofabrik;openrouteservice,,2026-08-21T22:01:49Z,0.2.0,,"© OpenStreetMap contributors, ODbL 1.0; nearest five geographic candidates routed.",complete,99.5289,99.5289,100,,open_community,osm_cross_border_nearest5_ors,true
080749,Cubelles,17,Garraf,2026-08-20,13.4485,2.407167,3.869667,2.421833,3.5415,2.930333,83.103,100,100,100,100,100,95.7758,70,municipality,openstreetmap_geofabrik;openrouteservice,,2026-08-21T22:01:49Z,0.2.0,,"© OpenStreetMap contributors, ODbL 1.0; nearest five geographic candidates routed.",complete,95.7758,95.7758,100,,open_community,osm_cross_border_nearest5_ors,true
080752,Dosrius,21,Maresme,2026-08-20,17.390833,4.150667,11.377667,3.062667,11.348,0.659667,75.2183,100,87.2447,100,87.304,100,88.7143,70,municipality,openstreetmap_geofabrik;openrouteservice,,2026-08-21T22:01:49Z,0.2.0,,"© OpenStreetMap contributors, ODbL 1.0; nearest five geographic candidates routed.",complete,88.7143,88.7143,100,,open_community,osm_cross_border_nearest5_ors,true
080765,Esparreguera,11,Baix Llobregat,2026-08-20,13.504833,1.372167,2.490833,2.097833,11.174833,0,82.9903,100,100,100,87.6503,100,93.2776,70,municipality,openstreetmap_geofabrik;openrouteservice,,2026-08-21T22:01:49Z,0.2.0,,"© OpenStreetMap contributors, ODbL 1.0; nearest five geographic candidates routed.",complete,93.2776,93.2776,100,,open_community,osm_cross_border_nearest5_ors,true
080771,Esplugues de Llobregat,11,Baix Llobregat,2026-08-20,4.314833,1.356333,1.218667,2.538,8.048167,1.1225,100,100,100,100,93.9037,100,98.7807,70,municipality,openstreetmap_geofabrik;openrouteservice,,2026-08-21T22:01:49Z,0.2.0,,"© OpenStreetMap contributors, ODbL 1.0; nearest five geographic candidates routed.",complete,98.7807,98.7807,100,,open_community,osm_cross_border_nearest5_ors,true
080787,l'Espunyola,14,Berguedà,2026-08-20,13.1785,5.897167,8.762333,5.156,36.293167,5.572833,83.643,98.2057,92.4753,99.688,41.6091,98.8543,82.3127,70,municipality,openstreetmap_geofabrik;openrouteservice,,2026-08-21T22:01:49Z,0.2.0,,"© OpenStreetMap contributors, ODbL 1.0; nearest five geographic candidates routed.",complete,82.3127,82.3127,100,,open_community,osm_cross_border_nearest5_ors,true
080790,l'Estany,42,Moianès,2026-08-20,21.370667,23.947333,16.071,1.335667,22.9925,0.129333,67.2587,62.1053,77.858,100,64.015,100,74.5051,70,municipality,openstreetmap_geofabrik;openrouteservice,,2026-08-21T22:01:49Z,0.2.0,,"© OpenStreetMap contributors, ODbL 1.0; nearest five geographic candidates routed.",complete,74.5051,74.5051,100,,open_community,osm_cross_border_nearest5_ors,true
080804,Fígols,14,Berguedà,2026-08-20,20.740833,15.3515,17.57,14.537333,23.0465,13.867833,68.5183,79.297,74.86,80.9253,63.907,82.2643,73.0965,70,municipality,openstreetmap_geofabrik;openrouteservice,,2026-08-21T22:01:49Z,0.2.0,,"© OpenStreetMap contributors, ODbL 1.0; nearest five geographic candidates routed.",complete,73.0965,73.0965,100,,open_community,osm_cross_border_nearest5_ors,true
080811,Fogars de Montclús,41,Vallès Oriental,2026-08-20,10.252833,9.447,12.191333,12.235667,15.541,12.609333,89.4943,91.106,85.6173,85.5287,78.918,84.7813,85.9775,70,municipality,openstreetmap_geofabrik;openrouteservice,,2026-08-21T22:01:49Z,0.2.0,,"© OpenStreetMap contributors, ODbL 1.0; nearest five geographic candidates routed.",complete,85.9775,85.9775,100,,open_community,osm_cross_border_nearest5_ors,true
080826,Fogars de la Selva,34,Selva,2026-08-20,20.507667,2.602833,2.748167,0.626333,5.7325,7.544333,68.9847,100,100,100,98.535,94.9113,91.4443,70,municipality,openstreetmap_geofabrik;openrouteservice,,2026-08-21T22:01:49Z,0.2.0,,"© OpenStreetMap contributors, ODbL 1.0; nearest five geographic candidates routed.",complete,91.4443,91.4443,100,,open_community,osm_cross_border_nearest5_ors,true
080832,Folgueroles,24,Osona,2026-08-20,14.2295,8.9655,8.329833,2.032333,16.363833,1.351667,81.541,92.069,93.3403,100,77.2723,100,88.3181,70,municipality,openstreetmap_geofabrik;openrouteservice,,2026-08-21T22:01:49Z,0.2.0,,"© OpenStreetMap contributors, ODbL 1.0; nearest five geographic candidates routed.",complete,88.3181,88.3181,100,,open_community,osm_cross_border_nearest5_ors,true
080847,Fonollosa,07,Bages,2026-08-20,29.552333,21.435,18.859,1.101833,10.455833,15.395,50.8953,67.13,72.282,100,89.0883,79.21,72.9884,70,municipality,openstreetmap_geofabrik;openrouteservice,,2026-08-21T22:01:49Z,0.2.0,,"© OpenStreetMap contributors, ODbL 1.0; nearest five geographic candidates routed.",complete,72.9884,72.9884,100,,open_community,osm_cross_border_nearest5_ors,true
080850,Font-rubí,03,Alt Penedès,2026-08-20,13.416,10.777167,9.600333,10.148667,13.8715,0.581333,83.168,88.4457,90.7993,89.7027,82.257,100,87.6404,70,municipality,openstreetmap_geofabrik;openrouteservice,,2026-08-21T22:01:49Z,0.2.0,,"© OpenStreetMap contributors, ODbL 1.0; nearest five geographic candidates routed.",complete,87.6404,87.6404,100,,open_community,osm_cross_border_nearest5_ors,true
080863,les Franqueses del Vallès,41,Vallès Oriental,2026-08-20,7.641833,2.2895,1.735333,2.296833,5.6035,2.0105,94.7163,100,100,100,98.793,100,98.4377,70,municipality,openstreetmap_geofabrik;openrouteservice,,2026-08-21T22:01:49Z,0.2.0,,"© OpenStreetMap contributors, ODbL 1.0; nearest five geographic candidates routed.",complete,98.4377,98.4377,100,,open_community,osm_cross_border_nearest5_ors,true
080879,Gallifa,40,Vallès Occidental,2026-08-20,30.757,10.974667,10.242667,11.047,39.3265,11.761,48.9907,88.0507,89.5147,87.906,37.5647,86.478,68.3096,70,municipality,openstreetmap_geofabrik;openrouteservice,,2026-08-21T22:01:49Z,0.2.0,,"© OpenStreetMap contributors, ODbL 1.0; nearest five geographic candidates routed.",complete,68.3096,68.3096,100,,open_community,osm_cross_border_nearest5_ors,true
080885,la Garriga,41,Vallès Oriental,2026-08-20,18.028333,2.120667,1.428667,2.7115,3.635833,0,73.9433,100,100,100,100,100,93.4858,70,municipality,openstreetmap_geofabrik;openrouteservice,,2026-08-21T22:01:49Z,0.2.0,,"© OpenStreetMap contributors, ODbL 1.0; nearest five geographic candidates routed.",complete,93.4858,93.4858,100,,open_community,osm_cross_border_nearest5_ors,true
080898,Gavà,11,Baix Llobregat,2026-08-20,6.455,1.847333,0.916333,0.713667,8.274833,0.61,97.09,100,100,100,93.4503,100,97.9626,70,municipality,openstreetmap_geofabrik;openrouteservice,,2026-08-21T22:01:49Z,0.2.0,,"© OpenStreetMap contributors, ODbL 1.0; nearest five geographic candidates routed.",complete,97.9626,97.9626,100,,open_community,osm_cross_border_nearest5_ors,true
080902,Gaià,07,Bages,2026-08-20,16.6675,8.248167,7.638833,6.916833,27.917333,8.075833,76.665,93.5037,94.7223,96.1663,54.1653,93.8483,81.9708,70,municipality,openstreetmap_geofabrik;openrouteservice,,2026-08-21T22:01:49Z,0.2.0,,"© OpenStreetMap contributors, ODbL 1.0; nearest five geographic candidates routed.",complete,81.9708,81.9708,100,,open_community,osm_cross_border_nearest5_ors,true
080919,Gelida,03,Alt Penedès,2026-08-20,16.083333,1.960833,9.680167,2.198167,1.547333,1.543333,77.8333,100,90.6397,100,100,100,92.5863,70,municipality,openstreetmap_geofabrik;openrouteservice,,2026-08-21T22:01:49Z,0.2.0,,"© OpenStreetMap contributors, ODbL 1.0; nearest five geographic candidates routed.",complete,92.5863,92.5863,100,,open_community,osm_cross_border_nearest5_ors,true
080924,Gironella,14,Berguedà,2026-08-20,14.234,4.867167,3.7675,3.922833,34.620667,4.123833,81.532,100,100,100,43.8391,100,84.1508,70,municipality,openstreetmap_geofabrik;openrouteservice,,2026-08-21T22:01:49Z,0.2.0,,"© OpenStreetMap contributors, ODbL 1.0; nearest five geographic candidates routed.",complete,84.1508,84.1508,100,,open_community,osm_cross_border_nearest5_ors,true
080930,Gisclareny,14,Berguedà,2026-08-20,47.5365,30.449667,24.336333,24.517167,35.625,25.288667,26.618,49.4004,61.3273,60.9657,42.5,59.4227,46.8689,70,municipality,openstreetmap_geofabrik;openrouteservice,,2026-08-21T22:01:49Z,0.2.0,,"© OpenStreetMap contributors, ODbL 1.0; nearest five geographic candidates routed.",complete,46.8689,46.8689,100,,open_community,osm_cross_border_nearest5_ors,true
080945,la Granada,03,Alt Penedès,2026-08-20,6.577167,2.615667,7.966,2.447333,3.927333,3.026333,96.8457,100,94.068,100,100,100,98.025,70,municipality,openstreetmap_geofabrik;openrouteservice,,2026-08-21T22:01:49Z,0.2.0,,"© OpenStreetMap contributors, ODbL 1.0; nearest five geographic candidates routed.",complete,98.025,98.025,100,,open_community,osm_cross_border_nearest5_ors,true
080958,Granera,42,Moianès,2026-08-20,49.409167,14.606667,13.820333,15.6255,42.8175,15.458833,24.1211,80.7867,82.3593,78.749,32.91,79.0823,56.9853,70,municipality,openstreetmap_geofabrik;openrouteservice,,2026-08-21T22:01:49Z,0.2.0,,"© OpenStreetMap contributors, ODbL 1.0; nearest five geographic candidates routed.",complete,56.9853,56.9853,100,,open_community,osm_cross_border_nearest5_ors,true
080961,Granollers,41,Vallès Oriental,2026-08-20,4.816,2.6395,0.1555,1.481,4.178833,1.3915,100,100,100,100,100,100,100,70,municipality,openstreetmap_geofabrik;openrouteservice,,2026-08-21T22:01:49Z,0.2.0,,"© OpenStreetMap contributors, ODbL 1.0; nearest five geographic candidates routed.",complete,100,100,100,,open_community,osm_cross_border_nearest5_ors,true
080977,Gualba,41,Vallès Oriental,2026-08-20,16.377333,2.365,10.490833,1.402,9.626167,0.781,77.2453,100,89.0183,100,90.7477,100,90.2645,70,municipality,openstreetmap_geofabrik;openrouteservice,,2026-08-21T22:01:49Z,0.2.0,,"© OpenStreetMap contributors, ODbL 1.0; nearest five geographic candidates routed.",complete,90.2645,90.2645,100,,open_community,osm_cross_border_nearest5_ors,true
080983,Sant Salvador de Guardiola,07,Bages,2026-08-20,20.016833,1.333667,14.092167,2.042167,13.4425,4.774,69.9663,100,81.8157,100,83.115,100,85.4777,70,municipality,openstreetmap_geofabrik;openrouteservice,,2026-08-21T22:01:49Z,0.2.0,,"© OpenStreetMap contributors, ODbL 1.0; nearest five geographic candidates routed.",complete,85.4777,85.4777,100,,open_community,osm_cross_border_nearest5_ors,true
080996,Guardiola de Berguedà,14,Berguedà,2026-08-20,20.124167,1.733,0.603167,1.743,8.234167,0.586833,69.7517,100,100,100,93.5317,100,91.1443,70,municipality,openstreetmap_geofabrik;openrouteservice,,2026-08-21T22:01:49Z,0.2.0,,"© OpenStreetMap contributors, ODbL 1.0; nearest five geographic candidates routed.",complete,91.1443,91.1443,100,,open_community,osm_cross_border_nearest5_ors,true
081000,Gurb,24,Osona,2026-08-20,7.935333,5.2875,6.993833,4.3065,8.564667,3.705667,94.1293,99.425,96.0123,100,92.8707,100,96.2227,70,municipality,openstreetmap_geofabrik;openrouteservice,,2026-08-21T22:01:49Z,0.2.0,,"© OpenStreetMap contributors, ODbL 1.0; nearest five geographic candidates routed.",complete,96.2227,96.2227,100,,open_community,osm_cross_border_nearest5_ors,true
081017,l'Hospitalet de Llobregat,13,Barcelonès,2026-08-20,7.295,2.836,0.418333,1.0215,4.020333,1.764333,95.41,100,100,100,100,100,98.8525,70,municipality,openstreetmap_geofabrik;openrouteservice,,2026-08-21T22:01:49Z,0.2.0,,"© OpenStreetMap contributors, ODbL 1.0; nearest five geographic candidates routed.",complete,98.8525,98.8525,100,,open_community,osm_cross_border_nearest5_ors,true
081022,Igualada,06,Anoia,2026-08-20,3.159833,3.409833,2.2945,1.745333,4.543667,0.717167,100,100,100,100,100,100,100,70,municipality,openstreetmap_geofabrik;openrouteservice,,2026-08-21T22:01:49Z,0.2.0,,"© OpenStreetMap contributors, ODbL 1.0; nearest five geographic candidates routed.",complete,100,100,100,,open_community,osm_cross_border_nearest5_ors,true
081038,Jorba,06,Anoia,2026-08-20,12.102667,10.4705,3.013667,1.674667,14.371333,1.685,85.7947,89.059,100,100,81.2573,100,91.059,70,municipality,openstreetmap_geofabrik;openrouteservice,,2026-08-21T22:01:49Z,0.2.0,,"© OpenStreetMap contributors, ODbL 1.0; nearest five geographic candidates routed.",complete,91.059,91.059,100,,open_community,osm_cross_border_nearest5_ors,true
081043,la Llacuna,06,Anoia,2026-08-20,28.041167,18.6325,17.387,2.31,22.377167,1.007833,53.9177,72.735,75.226,100,65.2457,100,72.484,70,municipality,openstreetmap_geofabrik;openrouteservice,,2026-08-21T22:01:49Z,0.2.0,,"© OpenStreetMap contributors, ODbL 1.0; nearest five geographic candidates routed.",complete,72.484,72.484,100,,open_community,osm_cross_border_nearest5_ors,true
081056,la Llagosta,41,Vallès Oriental,2026-08-20,10.392667,1.094667,0.5205,0.992667,2.7945,1.109833,89.2147,100,100,100,100,100,97.3037,70,municipality,openstreetmap_geofabrik;openrouteservice,,2026-08-21T22:01:49Z,0.2.0,,"© OpenStreetMap contributors, ODbL 1.0; nearest five geographic candidates routed.",complete,97.3037,97.3037,100,,open_community,osm_cross_border_nearest5_ors,true
081069,Llinars del Vallès,41,Vallès Oriental,2026-08-20,13.433333,2.539333,1.8385,3.443,2.161667,0.1885,83.1333,100,100,100,100,100,95.7833,70,municipality,openstreetmap_geofabrik;openrouteservice,,2026-08-21T22:01:49Z,0.2.0,,"© OpenStreetMap contributors, ODbL 1.0; nearest five geographic candidates routed.",complete,95.7833,95.7833,100,,open_community,osm_cross_border_nearest5_ors,true
081075,Lliçà d'Amunt,41,Vallès Oriental,2026-08-20,12.3605,3.441,0.605833,1.695167,7.787167,0.576667,85.279,100,100,100,94.4257,100,95.2049,70,municipality,openstreetmap_geofabrik;openrouteservice,,2026-08-21T22:01:49Z,0.2.0,,"© OpenStreetMap contributors, ODbL 1.0; nearest five geographic candidates routed.",complete,95.2049,95.2049,100,,open_community,osm_cross_border_nearest5_ors,true
081081,Lliçà de Vall,41,Vallès Oriental,2026-08-20,13.184833,0.9155,1.761,0.935333,8.191,2.221667,83.6303,100,100,100,93.618,100,94.6312,70,municipality,openstreetmap_geofabrik;openrouteservice,,2026-08-21T22:01:49Z,0.2.0,,"© OpenStreetMap contributors, ODbL 1.0; nearest five geographic candidates routed.",complete,94.6312,94.6312,100,,open_community,osm_cross_border_nearest5_ors,true
081094,Lluçà,43,Lluçanès,2026-08-20,31.453167,15.236833,15.717333,12.911333,26.6865,16.0235,48.0624,79.5263,78.5653,84.1773,56.627,77.953,67.196,70,municipality,openstreetmap_geofabrik;openrouteservice,,2026-08-21T22:01:49Z,0.2.0,,"© OpenStreetMap contributors, ODbL 1.0; nearest five geographic candidates routed.",complete,67.196,67.196,100,,open_community,osm_cross_border_nearest5_ors,true
081108,Malgrat de Mar,21,Maresme,2026-08-20,14.136,4.597833,2.659,3.848,3.868833,1.8345,81.728,100,100,100,100,100,95.432,70,municipality,openstreetmap_geofabrik;openrouteservice,,2026-08-21T22:01:49Z,0.2.0,,"© OpenStreetMap contributors, ODbL 1.0; nearest five geographic candidates routed.",complete,95.432,95.432,100,,open_community,osm_cross_border_nearest5_ors,true
081115,Malla,24,Osona,2026-08-20,11.048667,7.432333,4.491333,7.519,10.539667,4.37,87.9027,95.1353,100,94.962,88.9207,100,93.5263,70,municipality,openstreetmap_geofabrik;openrouteservice,,2026-08-21T22:01:49Z,0.2.0,,"© OpenStreetMap contributors, ODbL 1.0; nearest five geographic candidates routed.",complete,93.5263,93.5263,100,,open_community,osm_cross_border_nearest5_ors,true
081120,Manlleu,24,Osona,2026-08-20,3.985,1.570833,3.052667,2.491667,3.242667,1.352833,100,100,100,100,100,100,100,70,municipality,openstreetmap_geofabrik;openrouteservice,,2026-08-21T22:01:49Z,0.2.0,,"© OpenStreetMap contributors, ODbL 1.0; nearest five geographic candidates routed.",complete,100,100,100,,open_community,osm_cross_border_nearest5_ors,true
081136,Manresa,07,Bages,2026-08-20,9.428333,6.760333,1.504833,6.6025,3.315333,1.170667,91.1433,96.4793,100,96.795,100,100,96.9372,70,municipality,openstreetmap_geofabrik;openrouteservice,,2026-08-21T22:01:49Z,0.2.0,,"© OpenStreetMap contributors, ODbL 1.0; nearest five geographic candidates routed.",complete,96.9372,96.9372,100,,open_community,osm_cross_border_nearest5_ors,true
081141,Martorell,11,Baix Llobregat,2026-08-20,6.794,3.663667,3.328,3.128333,6.131,3.777,96.412,100,100,100,97.738,100,98.6506,70,municipality,openstreetmap_geofabrik;openrouteservice,,2026-08-21T22:01:49Z,0.2.0,,"© OpenStreetMap contributors, ODbL 1.0; nearest five geographic candidates routed.",complete,98.6506,98.6506,100,,open_community,osm_cross_border_nearest5_ors,true
081154,Martorelles,41,Vallès Oriental,2026-08-20,10.137667,4.591833,2.510833,2.226167,8.699,1.907833,89.7247,100,100,100,92.602,100,95.9516,70,municipality,openstreetmap_geofabrik;openrouteservice,,2026-08-21T22:01:49Z,0.2.0,,"© OpenStreetMap contributors, ODbL 1.0; nearest five geographic candidates routed.",complete,95.9516,95.9516,100,,open_community,osm_cross_border_nearest5_ors,true
081167,les Masies de Roda,24,Osona,2026-08-20,8.509,8.331167,2.808333,2.0565,11.041667,0.764833,92.982,93.3377,100,100,87.9167,100,94.8295,70,municipality,openstreetmap_geofabrik;openrouteservice,,2026-08-21T22:01:49Z,0.2.0,,"© OpenStreetMap contributors, ODbL 1.0; nearest five geographic candidates routed.",complete,94.8295,94.8295,100,,open_community,osm_cross_border_nearest5_ors,true
081173,les Masies de Voltregà,24,Osona,2026-08-20,13.19,4.031,3.2865,3.922167,8.401667,2.596333,83.62,100,100,100,93.1967,100,94.5443,70,municipality,openstreetmap_geofabrik;openrouteservice,,2026-08-21T22:01:49Z,0.2.0,,"© OpenStreetMap contributors, ODbL 1.0; nearest five geographic candidates routed.",complete,94.5443,94.5443,100,,open_community,osm_cross_border_nearest5_ors,true
081189,el Masnou,21,Maresme,2026-08-20,14.221167,3.318167,2.817667,3.030667,3.606667,2.2475,81.5577,100,100,100,100,100,95.3894,70,municipality,openstreetmap_geofabrik;openrouteservice,,2026-08-21T22:01:49Z,0.2.0,,"© OpenStreetMap contributors, ODbL 1.0; nearest five geographic candidates routed.",complete,95.3894,95.3894,100,,open_community,osm_cross_border_nearest5_ors,true
081192,Masquefa,06,Anoia,2026-08-20,18.743333,8.994333,2.2825,1.586333,4.568333,2.5855,72.5133,92.0113,100,100,100,100,91.93,70,municipality,openstreetmap_geofabrik;openrouteservice,,2026-08-21T22:01:49Z,0.2.0,,"© OpenStreetMap contributors, ODbL 1.0; nearest five geographic candidates routed.",complete,91.93,91.93,100,,open_community,osm_cross_border_nearest5_ors,true
081206,Matadepera,40,Vallès Occidental,2026-08-20,11.273167,0.067,3.666333,0.646167,6.827333,5.991667,87.4537,100,100,100,96.3453,98.0167,95.9342,70,municipality,openstreetmap_geofabrik;openrouteservice,,2026-08-21T22:01:49Z,0.2.0,,"© OpenStreetMap contributors, ODbL 1.0; nearest five geographic candidates routed.",complete,95.9342,95.9342,100,,open_community,osm_cross_border_nearest5_ors,true
081213,Mataró,21,Maresme,2026-08-20,4.36,2.064833,2.568833,0.804833,6.467167,2.220167,100,100,100,100,97.0657,100,99.4131,70,municipality,openstreetmap_geofabrik;openrouteservice,,2026-08-21T22:01:49Z,0.2.0,,"© OpenStreetMap contributors, ODbL 1.0; nearest five geographic candidates routed.",complete,99.4131,99.4131,100,,open_community,osm_cross_border_nearest5_ors,true
081228,Mediona,03,Alt Penedès,2026-08-20,22.440167,12.598167,11.399,4.6895,14.326667,0.354833,65.1197,84.8037,87.202,100,81.3467,100,82.7102,70,municipality,openstreetmap_geofabrik;openrouteservice,,2026-08-21T22:01:49Z,0.2.0,,"© OpenStreetMap contributors, ODbL 1.0; nearest five geographic candidates routed.",complete,82.7102,82.7102,100,,open_community,osm_cross_border_nearest5_ors,true
081234,Molins de Rei,11,Baix Llobregat,2026-08-20,2.059667,2.446833,0.094,1.563333,3.1745,0.619667,100,100,100,100,100,100,100,70,municipality,openstreetmap_geofabrik;openrouteservice,,2026-08-21T22:01:49Z,0.2.0,,"© OpenStreetMap contributors, ODbL 1.0; nearest five geographic candidates routed.",complete,100,100,100,,open_community,osm_cross_border_nearest5_ors,true
081249,Mollet del Vallès,41,Vallès Oriental,2026-08-20,2.680667,1.009333,0.205833,2.138167,2.17,1.133333,100,100,100,100,100,100,100,70,municipality,openstreetmap_geofabrik;openrouteservice,,2026-08-21T22:01:49Z,0.2.0,,"© OpenStreetMap contributors, ODbL 1.0; nearest five geographic candidates routed.",complete,100,100,100,,open_community,osm_cross_border_nearest5_ors,true
081252,Montcada i Reixac,40,Vallès Occidental,2026-08-20,8.931667,2.7265,2.683833,1.250667,3.952167,2.762833,92.1367,100,100,100,100,100,98.0342,70,municipality,openstreetmap_geofabrik;openrouteservice,,2026-08-21T22:01:49Z,0.2.0,,"© OpenStreetMap contributors, ODbL 1.0; nearest five geographic candidates routed.",complete,98.0342,98.0342,100,,open_community,osm_cross_border_nearest5_ors,true
081265,Montgat,21,Maresme,2026-08-20,7.5435,6.157667,2.2035,2.505,2.739333,0.949833,94.913,97.6847,100,100,100,100,98.381,70,municipality,openstreetmap_geofabrik;openrouteservice,,2026-08-21T22:01:49Z,0.2.0,,"© OpenStreetMap contributors, ODbL 1.0; nearest five geographic candidates routed.",complete,98.381,98.381,100,,open_community,osm_cross_border_nearest5_ors,true
081271,Monistrol de Montserrat,07,Bages,2026-08-20,19.430167,0.850833,0.361167,1.367833,3.8635,3.087167,71.1397,100,100,100,100,100,92.7849,70,municipality,openstreetmap_geofabrik;openrouteservice,,2026-08-21T22:01:49Z,0.2.0,,"© OpenStreetMap contributors, ODbL 1.0; nearest five geographic candidates routed.",complete,92.7849,92.7849,100,,open_community,osm_cross_border_nearest5_ors,true
081287,Monistrol de Calders,42,Moianès,2026-08-20,29.806667,17.764,16.022833,1.910667,29.22,0.209833,50.3867,74.472,77.9543,100,51.56,100,69.6703,70,municipality,openstreetmap_geofabrik;openrouteservice,,2026-08-21T22:01:49Z,0.2.0,,"© OpenStreetMap contributors, ODbL 1.0; nearest five geographic candidates routed.",complete,69.6703,69.6703,100,,open_community,osm_cross_border_nearest5_ors,true
081290,Muntanyola,24,Osona,2026-08-20,21.554,17.141667,16.601333,15.349333,22.212,16.099833,66.892,75.7167,76.7973,79.3013,65.576,77.8003,72.2653,70,municipality,openstreetmap_geofabrik;openrouteservice,,2026-08-21T22:01:49Z,0.2.0,,"© OpenStreetMap contributors, ODbL 1.0; nearest five geographic candidates routed.",complete,72.2653,72.2653,100,,open_community,osm_cross_border_nearest5_ors,true
081304,Montclar,14,Berguedà,2026-08-20,20.899833,12.662667,11.617167,11.087667,44.014667,12.747667,68.2003,84.6747,86.7657,87.8247,31.3138,84.5047,70.6001,70,municipality,openstreetmap_geofabrik;openrouteservice,,2026-08-21T22:01:49Z,0.2.0,,"© OpenStreetMap contributors, ODbL 1.0; nearest five geographic candidates routed.",complete,70.6001,70.6001,100,,open_community,osm_cross_border_nearest5_ors,true
081311,Montesquiu,24,Osona,2026-08-20,21.397333,15.941333,14.284333,2.958167,4.576667,1.890333,67.2053,78.1173,81.4313,100,100,100,84.8052,70,municipality,openstreetmap_geofabrik;openrouteservice,,2026-08-21T22:01:49Z,0.2.0,,"© OpenStreetMap contributors, ODbL 1.0; nearest five geographic candidates routed.",complete,84.8052,84.8052,100,,open_community,osm_cross_border_nearest5_ors,true
081326,Montmajor,14,Berguedà,2026-08-20,21.005333,13.724,0.079333,1.757167,44.12,13.399667,67.9893,82.552,100,100,31.1733,83.2007,73.9349,70,municipality,openstreetmap_geofabrik;openrouteservice,,2026-08-21T22:01:49Z,0.2.0,,"© OpenStreetMap contributors, ODbL 1.0; nearest five geographic candidates routed.",complete,73.9349,73.9349,100,,open_community,osm_cross_border_nearest5_ors,true
081332,Montmaneu,06,Anoia,2026-08-20,17.992333,5.821167,5.563333,6.213167,5.818167,5.649833,74.0153,98.3577,98.8733,97.5737,98.3637,98.7003,92.3323,70,municipality,openstreetmap_geofabrik;openrouteservice,,2026-08-21T22:01:49Z,0.2.0,,"© OpenStreetMap contributors, ODbL 1.0; nearest five geographic candidates routed.",complete,92.3323,92.3323,100,,open_community,osm_cross_border_nearest5_ors,true
081347,Figaró-Montmany,41,Vallès Oriental,2026-08-20,21.518667,8.491333,7.792,2.623833,1.609667,1.015833,66.9627,93.0173,94.416,100,100,100,89.5765,70,municipality,openstreetmap_geofabrik;openrouteservice,,2026-08-21T22:01:49Z,0.2.0,,"© OpenStreetMap contributors, ODbL 1.0; nearest five geographic candidates routed.",complete,89.5765,89.5765,100,,open_community,osm_cross_border_nearest5_ors,true
081350,Montmeló,41,Vallès Oriental,2026-08-20,0.2855,1.1805,0.754,2.3045,3.981,0.190833,100,100,100,100,100,100,100,70,municipality,openstreetmap_geofabrik;openrouteservice,,2026-08-21T22:01:49Z,0.2.0,,"© OpenStreetMap contributors, ODbL 1.0; nearest five geographic candidates routed.",complete,100,100,100,,open_community,osm_cross_border_nearest5_ors,true
081363,Montornès del Vallès,41,Vallès Oriental,2026-08-20,6.173667,3.677333,0.684333,0.921333,8.6365,0.29,97.6527,100,100,100,92.727,100,97.9586,70,municipality,openstreetmap_geofabrik;openrouteservice,,2026-08-21T22:01:49Z,0.2.0,,"© OpenStreetMap contributors, ODbL 1.0; nearest five geographic candidates routed.",complete,97.9586,97.9586,100,,open_community,osm_cross_border_nearest5_ors,true
081379,Montseny,41,Vallès Oriental,2026-08-20,22.188333,13.831667,14.094333,1.109333,18.223333,11.7835,65.6233,82.3367,81.8113,100,73.5533,86.433,78.4725,70,municipality,openstreetmap_geofabrik;openrouteservice,,2026-08-21T22:01:49Z,0.2.0,,"© OpenStreetMap contributors, ODbL 1.0; nearest five geographic candidates routed.",complete,78.4725,78.4725,100,,open_community,osm_cross_border_nearest5_ors,true
081385,Moià,42,Moianès,2026-08-20,28.670833,10.539833,10.434167,0.449,27.839167,0.392333,52.6583,88.9203,89.1317,100,54.3217,100,75.1933,70,municipality,openstreetmap_geofabrik;openrouteservice,,2026-08-21T22:01:49Z,0.2.0,,"© OpenStreetMap contributors, ODbL 1.0; nearest five geographic candidates routed.",complete,75.1933,75.1933,100,,open_community,osm_cross_border_nearest5_ors,true
081398,Mura,07,Bages,2026-08-20,34.8095,25.374833,25.456333,19.8365,30.732,18.141833,43.5873,59.2503,59.0873,70.327,49.024,73.7163,55.811,70,municipality,openstreetmap_geofabrik;openrouteservice,,2026-08-21T22:01:49Z,0.2.0,,"© OpenStreetMap contributors, ODbL 1.0; nearest five geographic candidates routed.",complete,55.811,55.811,100,,open_community,osm_cross_border_nearest5_ors,true
081402,Navarcles,07,Bages,2026-08-20,19.095333,2.762667,1.424333,2.678333,14.998833,0.9335,71.8093,100,100,100,80.0023,100,88.9528,70,municipality,openstreetmap_geofabrik;openrouteservice,,2026-08-21T22:01:49Z,0.2.0,,"© OpenStreetMap contributors, ODbL 1.0; nearest five geographic candidates routed.",complete,88.9528,88.9528,100,,open_community,osm_cross_border_nearest5_ors,true
081419,Navàs,07,Bages,2026-08-20,19.716667,1.1125,0.785167,1.734833,20.8505,0.604167,70.5667,100,100,100,68.299,100,86.3015,70,municipality,openstreetmap_geofabrik;openrouteservice,,2026-08-21T22:01:49Z,0.2.0,,"© OpenStreetMap contributors, ODbL 1.0; nearest five geographic candidates routed.",complete,86.3015,86.3015,100,,open_community,osm_cross_border_nearest5_ors,true
081424,la Nou de Berguedà,14,Berguedà,2026-08-20,18.511167,0.6515,14.063667,12.307667,19.540167,11.638,72.9777,100,81.8727,85.3847,70.9197,86.724,81.0138,70,municipality,openstreetmap_geofabrik;openrouteservice,,2026-08-21T22:01:49Z,0.2.0,,"© OpenStreetMap contributors, ODbL 1.0; nearest five geographic candidates routed.",complete,81.0138,81.0138,100,,open_community,osm_cross_border_nearest5_ors,true
081430,Òdena,06,Anoia,2026-08-20,9.3215,8.582167,3.295667,0.656,9.932833,3.600333,91.357,92.8357,100,100,90.1343,100,94.7915,70,municipality,openstreetmap_geofabrik;openrouteservice,,2026-08-21T22:01:49Z,0.2.0,,"© OpenStreetMap contributors, ODbL 1.0; nearest five geographic candidates routed.",complete,94.7915,94.7915,100,,open_community,osm_cross_border_nearest5_ors,true
081445,Olvan,14,Berguedà,2026-08-20,13.158667,8.659167,7.5595,0.628667,33.545167,7.4085,83.6827,92.6817,94.881,100,45.2731,95.183,82.3721,70,municipality,openstreetmap_geofabrik;openrouteservice,,2026-08-21T22:01:49Z,0.2.0,,"© OpenStreetMap contributors, ODbL 1.0; nearest five geographic candidates routed.",complete,82.3721,82.3721,100,,open_community,osm_cross_border_nearest5_ors,true
081458,Olèrdola,03,Alt Penedès,2026-08-20,9.843167,6.189,8.575,8.4685,8.2755,7.122,90.3137,97.622,92.85,93.063,93.449,95.756,93.3634,70,municipality,openstreetmap_geofabrik;openrouteservice,,2026-08-21T22:01:49Z,0.2.0,,"© OpenStreetMap contributors, ODbL 1.0; nearest five geographic candidates routed.",complete,93.3634,93.3634,100,,open_community,osm_cross_border_nearest5_ors,true
081461,Olesa de Bonesvalls,03,Alt Penedès,2026-08-20,17.7865,15.487667,17.311833,0.040333,20.796,0.762333,74.427,79.0247,75.3763,100,68.408,100,79.2173,70,municipality,openstreetmap_geofabrik;openrouteservice,,2026-08-21T22:01:49Z,0.2.0,,"© OpenStreetMap contributors, ODbL 1.0; nearest five geographic candidates routed.",complete,79.2173,79.2173,100,,open_community,osm_cross_border_nearest5_ors,true
081477,Olesa de Montserrat,11,Baix Llobregat,2026-08-20,14.366667,5.323167,4.6695,1.57,6.4315,3.918333,81.2667,99.3537,100,100,97.137,100,94.6471,70,municipality,openstreetmap_geofabrik;openrouteservice,,2026-08-21T22:01:49Z,0.2.0,,"© OpenStreetMap contributors, ODbL 1.0; nearest five geographic candidates routed.",complete,94.6471,94.6471,100,,open_community,osm_cross_border_nearest5_ors,true
081483,Olivella,17,Garraf,2026-08-20,17.8365,7.811667,7.811667,8.303,21.923333,7.961167,74.327,94.3767,94.3767,93.394,66.1533,94.0777,83.5914,70,municipality,openstreetmap_geofabrik;openrouteservice,,2026-08-21T22:01:49Z,0.2.0,,"© OpenStreetMap contributors, ODbL 1.0; nearest five geographic candidates routed.",complete,83.5914,83.5914,100,,open_community,osm_cross_border_nearest5_ors,true
081496,Olost,43,Lluçanès,2026-08-20,18.615833,10.5395,0.028667,0.392,19.245167,1.019833,72.7683,88.921,100,100,71.5097,100,85.8322,70,municipality,openstreetmap_geofabrik;openrouteservice,,2026-08-21T22:01:49Z,0.2.0,,"© OpenStreetMap contributors, ODbL 1.0; nearest five geographic candidates routed.",complete,85.8322,85.8322,100,,open_community,osm_cross_border_nearest5_ors,true
081509,Orís,24,Osona,2026-08-20,15.403167,9.720833,8.127,5.095,3.970167,4.971833,79.1937,90.5583,93.746,99.81,100,100,92.1124,70,municipality,openstreetmap_geofabrik;openrouteservice,,2026-08-21T22:01:49Z,0.2.0,,"© OpenStreetMap contributors, ODbL 1.0; nearest five geographic candidates routed.",complete,92.1124,92.1124,100,,open_community,osm_cross_border_nearest5_ors,true
081516,Oristà,43,Lluçanès,2026-08-20,20.739,7.418167,8.325667,0.956333,22.742333,0.147667,68.522,95.1637,93.3487,100,64.5153,100,82.9779,70,municipality,openstreetmap_geofabrik;openrouteservice,,2026-08-21T22:01:49Z,0.2.0,,"© OpenStreetMap contributors, ODbL 1.0; nearest five geographic candidates routed.",complete,82.9779,82.9779,100,,open_community,osm_cross_border_nearest5_ors,true
081521,Orpí,06,Anoia,2026-08-20,22.3315,8.889667,10.075833,3.029667,9.522,3.088833,65.337,92.2207,89.8483,100,90.956,100,86.3282,70,municipality,openstreetmap_geofabrik;openrouteservice,,2026-08-21T22:01:49Z,0.2.0,,"© OpenStreetMap contributors, ODbL 1.0; nearest five geographic candidates routed.",complete,86.3282,86.3282,100,,open_community,osm_cross_border_nearest5_ors,true
081537,Òrrius,21,Maresme,2026-08-20,17.341667,10.243833,11.339833,1.346333,19.489833,0.109667,75.3167,89.5123,87.3203,100,71.0203,100,83.9241,70,municipality,openstreetmap_geofabrik;openrouteservice,,2026-08-21T22:01:49Z,0.2.0,,"© OpenStreetMap contributors, ODbL 1.0; nearest five geographic candidates routed.",complete,83.9241,83.9241,100,,open_community,osm_cross_border_nearest5_ors,true
081542,Pacs del Penedès,03,Alt Penedès,2026-08-20,8.303167,1.336167,7.41,1.078167,10.111333,4.799667,93.3937,100,95.18,100,89.7773,100,95.3399,70,municipality,openstreetmap_geofabrik;openrouteservice,,2026-08-21T22:01:49Z,0.2.0,,"© OpenStreetMap contributors, ODbL 1.0; nearest five geographic candidates routed.",complete,95.3399,95.3399,100,,open_community,osm_cross_border_nearest5_ors,true
081555,Palafolls,21,Maresme,2026-08-20,8.925333,1.348333,0.510667,3.1325,6.622333,1.929167,92.1493,100,100,100,96.7553,100,97.3884,70,municipality,openstreetmap_geofabrik;openrouteservice,,2026-08-21T22:01:49Z,0.2.0,,"© OpenStreetMap contributors, ODbL 1.0; nearest five geographic candidates routed.",complete,97.3884,97.3884,100,,open_community,osm_cross_border_nearest5_ors,true
081568,Palau-solità i Plegamans,40,Vallès Occidental,2026-08-20,3.581667,10.4215,1.280333,1.3945,15.987333,1.704833,100,89.157,100,100,78.0253,100,93.9786,70,municipality,openstreetmap_geofabrik;openrouteservice,,2026-08-21T22:01:49Z,0.2.0,,"© OpenStreetMap contributors, ODbL 1.0; nearest five geographic candidates routed.",complete,93.9786,93.9786,100,,open_community,osm_cross_border_nearest5_ors,true
081574,Pallejà,11,Baix Llobregat,2026-08-20,11.822167,3.238833,2.4605,2.8215,3.459833,2.001667,86.3557,100,100,100,100,100,96.5889,70,municipality,openstreetmap_geofabrik;openrouteservice,,2026-08-21T22:01:49Z,0.2.0,,"© OpenStreetMap contributors, ODbL 1.0; nearest five geographic candidates routed.",complete,96.5889,96.5889,100,,open_community,osm_cross_border_nearest5_ors,true
081580,el Papiol,11,Baix Llobregat,2026-08-20,9.449667,8.926333,9.285333,2.5435,5.9165,1.957167,91.1007,92.1473,91.4293,100,98.167,100,94.5165,70,municipality,openstreetmap_geofabrik;openrouteservice,,2026-08-21T22:01:49Z,0.2.0,,"© OpenStreetMap contributors, ODbL 1.0; nearest five geographic candidates routed.",complete,94.5165,94.5165,100,,open_community,osm_cross_border_nearest5_ors,true
081593,Parets del Vallès,41,Vallès Oriental,2026-08-20,12.008833,3.673667,3.336333,3.606167,5.912667,3.407333,85.9823,100,100,100,98.1747,100,96.1305,70,municipality,openstreetmap_geofabrik;openrouteservice,,2026-08-21T22:01:49Z,0.2.0,,"© OpenStreetMap contributors, ODbL 1.0; nearest five geographic candidates routed.",complete,96.1305,96.1305,100,,open_community,osm_cross_border_nearest5_ors,true
081607,Perafita,43,Lluçanès,2026-08-20,25.612667,12.171,10.455,0.905667,21.359667,10.195167,58.7747,85.658,89.09,100,67.2807,89.6097,77.7775,70,municipality,openstreetmap_geofabrik;openrouteservice,,2026-08-21T22:01:49Z,0.2.0,,"© OpenStreetMap contributors, ODbL 1.0; nearest five geographic candidates routed.",complete,77.7775,77.7775,100,,open_community,osm_cross_border_nearest5_ors,true
081614,Piera,06,Anoia,2026-08-20,27.753167,4.532167,5.1435,5.899833,5.892833,5.320833,54.4937,100,99.713,98.2003,98.2143,99.3583,87.9647,70,municipality,openstreetmap_geofabrik;openrouteservice,,2026-08-21T22:01:49Z,0.2.0,,"© OpenStreetMap contributors, ODbL 1.0; nearest five geographic candidates routed.",complete,87.9647,87.9647,100,,open_community,osm_cross_border_nearest5_ors,true
081629,els Hostalets de Pierola,06,Anoia,2026-08-20,23.841,5.6465,1.671167,2.516,4.651833,0.375,62.318,98.707,100,100,100,100,90.3855,70,municipality,openstreetmap_geofabrik;openrouteservice,,2026-08-21T22:01:49Z,0.2.0,,"© OpenStreetMap contributors, ODbL 1.0; nearest five geographic candidates routed.",complete,90.3855,90.3855,100,,open_community,osm_cross_border_nearest5_ors,true
081635,Pineda de Mar,21,Maresme,2026-08-20,8.414667,3.722333,1.140333,0.787333,3.307667,0.417333,93.1707,100,100,100,100,100,98.2927,70,municipality,openstreetmap_geofabrik;openrouteservice,,2026-08-21T22:01:49Z,0.2.0,,"© OpenStreetMap contributors, ODbL 1.0; nearest five geographic candidates routed.",complete,98.2927,98.2927,100,,open_community,osm_cross_border_nearest5_ors,true
081640,el Pla del Penedès,03,Alt Penedès,2026-08-20,11.038667,9.4465,11.312167,6.015333,9.3445,1.269,87.9227,91.107,87.3757,97.9693,91.311,100,91.181,70,municipality,openstreetmap_geofabrik;openrouteservice,,2026-08-21T22:01:49Z,0.2.0,,"© OpenStreetMap contributors, ODbL 1.0; nearest five geographic candidates routed.",complete,91.181,91.181,100,,open_community,osm_cross_border_nearest5_ors,true
081653,la Pobla de Claramunt,06,Anoia,2026-08-20,14.5395,1.185167,0.746833,6.610833,1.817667,0.615,80.921,100,100,96.7783,100,100,94.9081,70,municipality,openstreetmap_geofabrik;openrouteservice,,2026-08-21T22:01:49Z,0.2.0,,"© OpenStreetMap contributors, ODbL 1.0; nearest five geographic candidates routed.",complete,94.9081,94.9081,100,,open_community,osm_cross_border_nearest5_ors,true
081666,la Pobla de Lillet,14,Berguedà,2026-08-20,27.667667,1.911333,0.518667,1.497,1.4905,0.291667,54.6647,100,100,100,100,100,88.6662,70,municipality,openstreetmap_geofabrik;openrouteservice,,2026-08-21T22:01:49Z,0.2.0,,"© OpenStreetMap contributors, ODbL 1.0; nearest five geographic candidates routed.",complete,88.6662,88.6662,100,,open_community,osm_cross_border_nearest5_ors,true
081672,Polinyà,40,Vallès Occidental,2026-08-20,12.1635,1.391167,1.763667,1.782333,14.146333,1.500167,85.673,100,100,100,81.7073,100,92.7597,70,municipality,openstreetmap_geofabrik;openrouteservice,,2026-08-21T22:01:49Z,0.2.0,,"© OpenStreetMap contributors, ODbL 1.0; nearest five geographic candidates routed.",complete,92.7597,92.7597,100,,open_community,osm_cross_border_nearest5_ors,true
081688,Pontons,03,Alt Penedès,2026-08-20,27.910167,9.519333,9.248833,10.517667,28.754333,9.27,54.1797,90.9613,91.5023,88.9647,52.4913,91.46,74.0303,70,municipality,openstreetmap_geofabrik;openrouteservice,,2026-08-21T22:01:49Z,0.2.0,,"© OpenStreetMap contributors, ODbL 1.0; nearest five geographic candidates routed.",complete,74.0303,74.0303,100,,open_community,osm_cross_border_nearest5_ors,true
081691,el Prat de Llobregat,11,Baix Llobregat,2026-08-20,6.122667,1.2405,1.015667,0.6135,4.112667,0.559833,97.7547,100,100,100,100,100,99.4387,70,municipality,openstreetmap_geofabrik;openrouteservice,,2026-08-21T22:01:49Z,0.2.0,,"© OpenStreetMap contributors, ODbL 1.0; nearest five geographic candidates routed.",complete,99.4387,99.4387,100,,open_community,osm_cross_border_nearest5_ors,true
081705,els Prats de Rei,06,Anoia,2026-08-20,21.8965,5.014167,6.173667,0.7505,4.9455,0.789833,66.207,99.9717,97.6527,100,100,100,91.078,70,municipality,openstreetmap_geofabrik;openrouteservice,,2026-08-21T22:01:49Z,0.2.0,,"© OpenStreetMap contributors, ODbL 1.0; nearest five geographic candidates routed.",complete,91.078,91.078,100,,open_community,osm_cross_border_nearest5_ors,true
081712,Prats de Lluçanès,43,Lluçanès,2026-08-20,25.341,1.2695,0.424,1.4785,32.193333,0.014833,59.318,100,100,100,47.0756,100,79.2446,70,municipality,openstreetmap_geofabrik;openrouteservice,,2026-08-21T22:01:49Z,0.2.0,,"© OpenStreetMap contributors, ODbL 1.0; nearest five geographic candidates routed.",complete,79.2446,79.2446,100,,open_community,osm_cross_border_nearest5_ors,true
081727,Premià de Mar,21,Maresme,2026-08-20,2.425167,2.540833,0.480667,0.785167,3.473667,0.360667,100,100,100,100,100,100,100,70,municipality,openstreetmap_geofabrik;openrouteservice,,2026-08-21T22:01:49Z,0.2.0,,"© OpenStreetMap contributors, ODbL 1.0; nearest five geographic candidates routed.",complete,100,100,100,,open_community,osm_cross_border_nearest5_ors,true
081748,Puigdàlber,03,Alt Penedès,2026-08-20,7.654667,7.159833,8.674,0.675833,6.234167,4.980333,94.6907,95.6803,92.652,100,97.5317,100,96.0615,70,municipality,openstreetmap_geofabrik;openrouteservice,,2026-08-21T22:01:49Z,0.2.0,,"© OpenStreetMap contributors, ODbL 1.0; nearest five geographic candidates routed.",complete,96.0615,96.0615,100,,open_community,osm_cross_border_nearest5_ors,true
081751,Puig-reig,14,Berguedà,2026-08-20,16.729833,1.802,9.0105,0.308833,27.431833,0.679,76.5403,100,91.979,100,55.1363,100,83.5581,70,municipality,openstreetmap_geofabrik;openrouteservice,,2026-08-21T22:01:49Z,0.2.0,,"© OpenStreetMap contributors, ODbL 1.0; nearest five geographic candidates routed.",complete,83.5581,83.5581,100,,open_community,osm_cross_border_nearest5_ors,true
081764,Pujalt,06,Anoia,2026-08-20,35.619833,14.885833,15.585167,9.797167,13.513167,10.277667,42.5069,80.2283,78.8297,90.4057,82.9737,89.4447,73.0067,70,municipality,openstreetmap_geofabrik;openrouteservice,,2026-08-21T22:01:49Z,0.2.0,,"© OpenStreetMap contributors, ODbL 1.0; nearest five geographic candidates routed.",complete,73.0067,73.0067,100,,open_community,osm_cross_border_nearest5_ors,true
081770,la Quar,14,Berguedà,2026-08-20,22.9385,15.629833,17.3395,13.421333,43.325167,17.695667,64.123,78.7403,75.321,83.1573,32.2331,74.6087,65.1292,70,municipality,openstreetmap_geofabrik;openrouteservice,,2026-08-21T22:01:49Z,0.2.0,,"© OpenStreetMap contributors, ODbL 1.0; nearest five geographic candidates routed.",complete,65.1292,65.1292,100,,open_community,osm_cross_border_nearest5_ors,true
081786,Rajadell,07,Bages,2026-08-20,21.757333,14.41,13.560333,14.121833,3.938,4.021667,66.4853,81.18,82.8793,81.7563,100,100,83.5498,70,municipality,openstreetmap_geofabrik;openrouteservice,,2026-08-21T22:01:49Z,0.2.0,,"© OpenStreetMap contributors, ODbL 1.0; nearest five geographic candidates routed.",complete,83.5498,83.5498,100,,open_community,osm_cross_border_nearest5_ors,true
081799,Rellinars,40,Vallès Occidental,2026-08-20,23.888167,11.737167,11.494667,6.3065,11.010167,11.316167,62.2237,86.5257,87.0107,97.387,87.9797,87.3677,82.0083,70,municipality,openstreetmap_geofabrik;openrouteservice,,2026-08-21T22:01:49Z,0.2.0,,"© OpenStreetMap contributors, ODbL 1.0; nearest five geographic candidates routed.",complete,82.0083,82.0083,100,,open_community,osm_cross_border_nearest5_ors,true
081803,Ripollet,40,Vallès Occidental,2026-08-20,4.874833,3.073667,0.647833,1.143833,5.446,0.571333,100,100,100,100,99.108,100,99.8216,70,municipality,openstreetmap_geofabrik;openrouteservice,,2026-08-21T22:01:49Z,0.2.0,,"© OpenStreetMap contributors, ODbL 1.0; nearest five geographic candidates routed.",complete,99.8216,99.8216,100,,open_community,osm_cross_border_nearest5_ors,true
081810,la Roca del Vallès,41,Vallès Oriental,2026-08-20,9.926167,2.092833,0.941333,0.668,7.5485,0.421667,90.1477,100,100,100,94.903,100,96.5175,70,municipality,openstreetmap_geofabrik;openrouteservice,,2026-08-21T22:01:49Z,0.2.0,,"© OpenStreetMap contributors, ODbL 1.0; nearest five geographic candidates routed.",complete,96.5175,96.5175,100,,open_community,osm_cross_border_nearest5_ors,true
081825,el Pont de Vilomara i Rocafort,07,Bages,2026-08-20,15.042667,5.9505,7.403333,2.370167,8.131833,0.809667,79.9147,98.099,95.1933,100,93.7363,100,92.4794,70,municipality,openstreetmap_geofabrik;openrouteservice,,2026-08-21T22:01:49Z,0.2.0,,"© OpenStreetMap contributors, ODbL 1.0; nearest five geographic candidates routed.",complete,92.4794,92.4794,100,,open_community,osm_cross_border_nearest5_ors,true
081831,Roda de Ter,24,Osona,2026-08-20,9.181333,9.0035,3.480667,2.597167,11.714,1.558333,91.6373,91.993,100,100,86.572,100,94.0227,70,municipality,openstreetmap_geofabrik;openrouteservice,,2026-08-21T22:01:49Z,0.2.0,,"© OpenStreetMap contributors, ODbL 1.0; nearest five geographic candidates routed.",complete,94.0227,94.0227,100,,open_community,osm_cross_border_nearest5_ors,true
081846,Rubí,40,Vallès Occidental,2026-08-20,10.966833,1.494667,2.359833,1.7695,5.232667,0.169667,88.0663,100,100,100,99.5347,100,96.9235,70,municipality,openstreetmap_geofabrik;openrouteservice,,2026-08-21T22:01:49Z,0.2.0,,"© OpenStreetMap contributors, ODbL 1.0; nearest five geographic candidates routed.",complete,96.9235,96.9235,100,,open_community,osm_cross_border_nearest5_ors,true
081859,Rubió,06,Anoia,2026-08-20,18.946167,17.314,12.057667,11.484,21.214833,12.6715,72.1077,75.372,85.8847,87.032,67.5703,84.657,77.1926,70,municipality,openstreetmap_geofabrik;openrouteservice,,2026-08-21T22:01:49Z,0.2.0,,"© OpenStreetMap contributors, ODbL 1.0; nearest five geographic candidates routed.",complete,77.1926,77.1926,100,,open_community,osm_cross_border_nearest5_ors,true
081878,Sabadell,40,Vallès Occidental,2026-08-20,3.371333,3.4995,1.8375,1.386167,3.992333,0.968833,100,100,100,100,100,100,100,70,municipality,openstreetmap_geofabrik;openrouteservice,,2026-08-21T22:01:49Z,0.2.0,,"© OpenStreetMap contributors, ODbL 1.0; nearest five geographic candidates routed.",complete,100,100,100,,open_community,osm_cross_border_nearest5_ors,true
081884,Sagàs,14,Berguedà,2026-08-20,18.162167,10.853333,11.388,8.645,38.548667,11.8875,73.6757,88.2933,87.224,92.71,38.6018,86.225,74.7216,70,municipality,openstreetmap_geofabrik;openrouteservice,,2026-08-21T22:01:49Z,0.2.0,,"© OpenStreetMap contributors, ODbL 1.0; nearest five geographic candidates routed.",complete,74.7216,74.7216,100,,open_community,osm_cross_border_nearest5_ors,true
081897,Sant Pere Sallavinera,06,Anoia,2026-08-20,25.444167,8.086833,8.3785,7.620333,3.6995,7.865333,59.1117,93.8263,93.243,94.7593,100,94.2693,86.4033,70,municipality,openstreetmap_geofabrik;openrouteservice,,2026-08-21T22:01:49Z,0.2.0,,"© OpenStreetMap contributors, ODbL 1.0; nearest five geographic candidates routed.",complete,86.4033,86.4033,100,,open_community,osm_cross_border_nearest5_ors,true
081901,Saldes,14,Berguedà,2026-08-20,32.607167,0.370333,21.196167,0.352,26.672667,0.493167,46.5238,100,67.6077,100,56.6547,100,71.4834,70,municipality,openstreetmap_geofabrik;openrouteservice,,2026-08-21T22:01:49Z,0.2.0,,"© OpenStreetMap contributors, ODbL 1.0; nearest five geographic candidates routed.",complete,71.4834,71.4834,100,,open_community,osm_cross_border_nearest5_ors,true
081918,Sallent,07,Bages,2026-08-20,21.41,8.5325,1.819,1.259667,18.2405,1.254,67.18,92.935,100,100,73.519,100,85.4391,70,municipality,openstreetmap_geofabrik;openrouteservice,,2026-08-21T22:01:49Z,0.2.0,,"© OpenStreetMap contributors, ODbL 1.0; nearest five geographic candidates routed.",complete,85.4391,85.4391,100,,open_community,osm_cross_border_nearest5_ors,true
081923,Santpedor,07,Bages,2026-08-20,16.204333,1.935833,0.7125,1.489833,11.796333,0.854667,77.5913,100,100,100,86.4073,100,91.6793,70,municipality,openstreetmap_geofabrik;openrouteservice,,2026-08-21T22:01:49Z,0.2.0,,"© OpenStreetMap contributors, ODbL 1.0; nearest five geographic candidates routed.",complete,91.6793,91.6793,100,,open_community,osm_cross_border_nearest5_ors,true
081939,Sant Iscle de Vallalta,21,Maresme,2026-08-20,7.680833,7.647333,7.265833,1.2465,15.383667,0.253,94.6383,94.7053,95.4683,100,79.2327,100,92.8056,70,municipality,openstreetmap_geofabrik;openrouteservice,,2026-08-21T22:01:49Z,0.2.0,,"© OpenStreetMap contributors, ODbL 1.0; nearest five geographic candidates routed.",complete,92.8056,92.8056,100,,open_community,osm_cross_border_nearest5_ors,true
081944,Sant Adrià de Besòs,13,Barcelonès,2026-08-20,4.0925,3.094167,0.238,0.927,3.094333,1.463167,100,100,100,100,100,100,100,70,municipality,openstreetmap_geofabrik;openrouteservice,,2026-08-21T22:01:49Z,0.2.0,,"© OpenStreetMap contributors, ODbL 1.0; nearest five geographic candidates routed.",complete,100,100,100,,open_community,osm_cross_border_nearest5_ors,true
081957,Sant Agustí de Lluçanès,24,Osona,2026-08-20,30.313833,22.230833,20.514833,8.779667,15.052167,7.0785,49.5816,65.5383,68.9703,92.4407,79.8957,95.843,70.8277,70,municipality,openstreetmap_geofabrik;openrouteservice,,2026-08-21T22:01:49Z,0.2.0,,"© OpenStreetMap contributors, ODbL 1.0; nearest five geographic candidates routed.",complete,70.8277,70.8277,100,,open_community,osm_cross_border_nearest5_ors,true
081960,Sant Andreu de la Barca,11,Baix Llobregat,2026-08-20,12.834,0.4075,0.332,1.623667,3.593,0.4125,84.332,100,100,100,100,100,96.083,70,municipality,openstreetmap_geofabrik;openrouteservice,,2026-08-21T22:01:49Z,0.2.0,,"© OpenStreetMap contributors, ODbL 1.0; nearest five geographic candidates routed.",complete,96.083,96.083,100,,open_community,osm_cross_border_nearest5_ors,true
081976,Sant Andreu de Llavaneres,21,Maresme,2026-08-20,8.816333,7.375167,0.121167,2.925333,5.565,0.077833,92.3673,95.2497,100,100,98.87,100,97.1533,70,municipality,openstreetmap_geofabrik;openrouteservice,,2026-08-21T22:01:49Z,0.2.0,,"© OpenStreetMap contributors, ODbL 1.0; nearest five geographic candidates routed.",complete,97.1533,97.1533,100,,open_community,osm_cross_border_nearest5_ors,true
081982,Sant Antoni de Vilamajor,41,Vallès Oriental,2026-08-20,17.931,2.011,1.0995,2.335333,8.2355,0.470167,74.138,100,100,100,93.529,100,92.2403,70,municipality,openstreetmap_geofabrik;openrouteservice,,2026-08-21T22:01:49Z,0.2.0,,"© OpenStreetMap contributors, ODbL 1.0; nearest five geographic candidates routed.",complete,92.2403,92.2403,100,,open_community,osm_cross_border_nearest5_ors,true
081995,Sant Bartomeu del Grau,24,Osona,2026-08-20,19.538333,16.8905,13.421667,0.904667,20.167667,0.329,70.9233,76.219,83.1567,100,69.6647,100,79.728,70,municipality,openstreetmap_geofabrik;openrouteservice,,2026-08-21T22:01:49Z,0.2.0,,"© OpenStreetMap contributors, ODbL 1.0; nearest five geographic candidates routed.",complete,79.728,79.728,100,,open_community,osm_cross_border_nearest5_ors,true
082009,Sant Boi de Llobregat,11,Baix Llobregat,2026-08-20,4.113167,3.187167,1.636,0.572833,7.874,2.1085,100,100,100,100,94.252,100,98.8504,70,municipality,openstreetmap_geofabrik;openrouteservice,,2026-08-21T22:01:49Z,0.2.0,,"© OpenStreetMap contributors, ODbL 1.0; nearest five geographic candidates routed.",complete,98.8504,98.8504,100,,open_community,osm_cross_border_nearest5_ors,true
082016,Sant Boi de Lluçanès,24,Osona,2026-08-20,31.657,21.052667,20.308,12.5115,19.521833,1.183,47.7907,67.8947,69.384,84.977,70.9563,100,68.6976,70,municipality,openstreetmap_geofabrik;openrouteservice,,2026-08-21T22:01:49Z,0.2.0,,"© OpenStreetMap contributors, ODbL 1.0; nearest five geographic candidates routed.",complete,68.6976,68.6976,100,,open_community,osm_cross_border_nearest5_ors,true
082021,Sant Celoni,41,Vallès Oriental,2026-08-20,2.7545,2.624667,2.480667,2.034,6.659667,0.690333,100,100,100,100,96.6807,100,99.3361,70,municipality,openstreetmap_geofabrik;openrouteservice,,2026-08-21T22:01:49Z,0.2.0,,"© OpenStreetMap contributors, ODbL 1.0; nearest five geographic candidates routed.",complete,99.3361,99.3361,100,,open_community,osm_cross_border_nearest5_ors,true
082037,Sant Cebrià de Vallalta,21,Maresme,2026-08-20,12.514667,2.677,2.2955,2.570833,11.063167,2.152833,84.9707,100,100,100,87.8737,100,93.8174,70,municipality,openstreetmap_geofabrik;openrouteservice,,2026-08-21T22:01:49Z,0.2.0,,"© OpenStreetMap contributors, ODbL 1.0; nearest five geographic candidates routed.",complete,93.8174,93.8174,100,,open_community,osm_cross_border_nearest5_ors,true
082042,Sant Climent de Llobregat,11,Baix Llobregat,2026-08-20,5.958667,0.511333,0.744833,1.571667,11.9775,0.5275,98.0827,100,100,100,86.045,100,96.7297,70,municipality,openstreetmap_geofabrik;openrouteservice,,2026-08-21T22:01:49Z,0.2.0,,"© OpenStreetMap contributors, ODbL 1.0; nearest five geographic candidates routed.",complete,96.7297,96.7297,100,,open_community,osm_cross_border_nearest5_ors,true
082055,Sant Cugat del Vallès,40,Vallès Occidental,2026-08-20,4.735833,0.880167,2.020333,1.800833,4.089167,0.880167,100,100,100,100,100,100,100,70,municipality,openstreetmap_geofabrik;openrouteservice,,2026-08-21T22:01:49Z,0.2.0,,"© OpenStreetMap contributors, ODbL 1.0; nearest five geographic candidates routed.",complete,100,100,100,,open_community,osm_cross_border_nearest5_ors,true
082068,Sant Cugat Sesgarrigues,03,Alt Penedès,2026-08-20,8.411667,0.9795,2.7115,1.319333,5.932,0.6635,93.1767,100,100,100,98.136,100,97.9214,70,municipality,openstreetmap_geofabrik;openrouteservice,,2026-08-21T22:01:49Z,0.2.0,,"© OpenStreetMap contributors, ODbL 1.0; nearest five geographic candidates routed.",complete,97.9214,97.9214,100,,open_community,osm_cross_border_nearest5_ors,true
082074,Sant Esteve de Palautordera,41,Vallès Oriental,2026-08-20,10.156667,1.799833,2.0625,0.559833,6.1915,0.248833,89.6867,100,100,100,97.617,100,96.9451,70,municipality,openstreetmap_geofabrik;openrouteservice,,2026-08-21T22:01:49Z,0.2.0,,"© OpenStreetMap contributors, ODbL 1.0; nearest five geographic candidates routed.",complete,96.9451,96.9451,100,,open_community,osm_cross_border_nearest5_ors,true
082080,Sant Esteve Sesrovires,11,Baix Llobregat,2026-08-20,13.877833,10.8705,11.388833,1.5405,4.5815,2.367667,82.2443,88.259,87.2223,100,100,100,91.2444,70,municipality,openstreetmap_geofabrik;openrouteservice,,2026-08-21T22:01:49Z,0.2.0,,"© OpenStreetMap contributors, ODbL 1.0; nearest five geographic candidates routed.",complete,91.2444,91.2444,100,,open_community,osm_cross_border_nearest5_ors,true
082093,Sant Fost de Campsentelles,41,Vallès Oriental,2026-08-20,9.847333,1.344333,3.335333,1.399833,8.408667,1.229167,90.3053,100,100,100,93.1827,100,96.2129,70,municipality,openstreetmap_geofabrik;openrouteservice,,2026-08-21T22:01:49Z,0.2.0,,"© OpenStreetMap contributors, ODbL 1.0; nearest five geographic candidates routed.",complete,96.2129,96.2129,100,,open_community,osm_cross_border_nearest5_ors,true
082107,Sant Feliu de Codines,41,Vallès Oriental,2026-08-20,20.502667,0.720333,0.27,2.1125,24.390667,1.506667,68.9947,100,100,100,61.2187,100,84.4924,70,municipality,openstreetmap_geofabrik;openrouteservice,,2026-08-21T22:01:49Z,0.2.0,,"© OpenStreetMap contributors, ODbL 1.0; nearest five geographic candidates routed.",complete,84.4924,84.4924,100,,open_community,osm_cross_border_nearest5_ors,true
082114,Sant Feliu de Llobregat,11,Baix Llobregat,2026-08-20,9.018167,1.5095,0.381,1.789167,2.902333,0.414833,91.9637,100,100,100,100,100,97.9909,70,municipality,openstreetmap_geofabrik;openrouteservice,,2026-08-21T22:01:49Z,0.2.0,,"© OpenStreetMap contributors, ODbL 1.0; nearest five geographic candidates routed.",complete,97.9909,97.9909,100,,open_community,osm_cross_border_nearest5_ors,true
082129,Sant Feliu Sasserra,07,Bages,2026-08-20,15.505833,0.9615,0.392167,2.661667,28.2675,1.056833,78.9883,100,100,100,53.465,100,85.4401,70,municipality,openstreetmap_geofabrik;openrouteservice,,2026-08-21T22:01:49Z,0.2.0,,"© OpenStreetMap contributors, ODbL 1.0; nearest five geographic candidates routed.",complete,85.4401,85.4401,100,,open_community,osm_cross_border_nearest5_ors,true
082135,Sant Fruitós de Bages,07,Bages,2026-08-20,11.999,0.919,0.420833,1.5525,7.9025,0.733667,86.002,100,100,100,94.195,100,95.3395,70,municipality,openstreetmap_geofabrik;openrouteservice,,2026-08-21T22:01:49Z,0.2.0,,"© OpenStreetMap contributors, ODbL 1.0; nearest five geographic candidates routed.",complete,95.3395,95.3395,100,,open_community,osm_cross_border_nearest5_ors,true
082140,Vilassar de Dalt,21,Maresme,2026-08-20,4.849333,5.0015,2.670333,1.673667,10.747167,0.8415,100,99.997,100,100,88.5057,100,97.7007,70,municipality,openstreetmap_geofabrik;openrouteservice,,2026-08-21T22:01:49Z,0.2.0,,"© OpenStreetMap contributors, ODbL 1.0; nearest five geographic candidates routed.",complete,97.7007,97.7007,100,,open_community,osm_cross_border_nearest5_ors,true
082153,Sant Hipòlit de Voltregà,24,Osona,2026-08-20,14.001333,0.911,1.866,2.501667,9.9715,1.528833,81.9973,100,100,100,90.057,100,93.5107,70,municipality,openstreetmap_geofabrik;openrouteservice,,2026-08-21T22:01:49Z,0.2.0,,"© OpenStreetMap contributors, ODbL 1.0; nearest five geographic candidates routed.",complete,93.5107,93.5107,100,,open_community,osm_cross_border_nearest5_ors,true
082166,Sant Jaume de Frontanyà,14,Berguedà,2026-08-20,30.489,19.611333,14.7345,14.386833,24.033833,14.5715,49.348,70.7773,80.531,81.2263,61.9323,80.857,67.6546,70,municipality,openstreetmap_geofabrik;openrouteservice,,2026-08-21T22:01:49Z,0.2.0,,"© OpenStreetMap contributors, ODbL 1.0; nearest five geographic candidates routed.",complete,67.6546,67.6546,100,,open_community,osm_cross_border_nearest5_ors,true
082172,Sant Joan Despí,11,Baix Llobregat,2026-08-20,9.400333,7.381,6.140167,1.648167,7.308833,0.468167,91.1993,95.238,97.7197,100,95.3823,100,95.7059,70,municipality,openstreetmap_geofabrik;openrouteservice,,2026-08-21T22:01:49Z,0.2.0,,"© OpenStreetMap contributors, ODbL 1.0; nearest five geographic candidates routed.",complete,95.7059,95.7059,100,,open_community,osm_cross_border_nearest5_ors,true
082188,Sant Joan de Vilatorrada,07,Bages,2026-08-20,13.287667,2.0135,0.797333,1.165,8.325167,0.705,83.4247,100,100,100,93.3497,100,94.5261,70,municipality,openstreetmap_geofabrik;openrouteservice,,2026-08-21T22:01:49Z,0.2.0,,"© OpenStreetMap contributors, ODbL 1.0; nearest five geographic candidates routed.",complete,94.5261,94.5261,100,,open_community,osm_cross_border_nearest5_ors,true
082191,Vilassar de Mar,21,Maresme,2026-08-20,7.604,2.1625,1.196333,3.342167,1.944833,0.546833,94.792,100,100,100,100,100,98.698,70,municipality,openstreetmap_geofabrik;openrouteservice,,2026-08-21T22:01:49Z,0.2.0,,"© OpenStreetMap contributors, ODbL 1.0; nearest five geographic candidates routed.",complete,98.698,98.698,100,,open_community,osm_cross_border_nearest5_ors,true
082205,Sant Julià de Vilatorta,24,Osona,2026-08-20,14.038333,8.7745,8.138833,2.011,16.172833,1.029333,81.9233,92.451,93.7223,100,77.6543,100,88.6238,70,municipality,openstreetmap_geofabrik;openrouteservice,,2026-08-21T22:01:49Z,0.2.0,,"© OpenStreetMap contributors, ODbL 1.0; nearest five geographic candidates routed.",complete,88.6238,88.6238,100,,open_community,osm_cross_border_nearest5_ors,true
082212,Sant Just Desvern,11,Baix Llobregat,2026-08-20,5.898,2.050333,1.130833,2.439333,10.642833,1.1055,98.204,100,100,100,88.7143,100,97.2939,70,municipality,openstreetmap_geofabrik;openrouteservice,,2026-08-21T22:01:49Z,0.2.0,,"© OpenStreetMap contributors, ODbL 1.0; nearest five geographic candidates routed.",complete,97.2939,97.2939,100,,open_community,osm_cross_border_nearest5_ors,true
082227,Sant Llorenç d'Hortons,03,Alt Penedès,2026-08-20,20.22,1.195833,0.992167,1.220333,9.726667,1.070333,69.56,100,100,100,90.5467,100,90.4993,70,municipality,openstreetmap_geofabrik;openrouteservice,,2026-08-21T22:01:49Z,0.2.0,,"© OpenStreetMap contributors, ODbL 1.0; nearest five geographic candidates routed.",complete,90.4993,90.4993,100,,open_community,osm_cross_border_nearest5_ors,true
082233,Sant Llorenç Savall,40,Vallès Occidental,2026-08-20,29.471,18.477167,17.595333,19.706,28.923333,0.156167,51.058,73.0457,74.8093,70.588,52.1533,100,66.1727,70,municipality,openstreetmap_geofabrik;openrouteservice,,2026-08-21T22:01:49Z,0.2.0,,"© OpenStreetMap contributors, ODbL 1.0; nearest five geographic candidates routed.",complete,66.1727,66.1727,100,,open_community,osm_cross_border_nearest5_ors,true
082248,Sant Martí de Centelles,24,Osona,2026-08-20,22.780333,8.773167,7.330333,6.765,11.758333,7.842167,64.4393,92.4537,95.3393,96.47,86.4833,94.3157,85.421,70,municipality,openstreetmap_geofabrik;openrouteservice,,2026-08-21T22:01:49Z,0.2.0,,"© OpenStreetMap contributors, ODbL 1.0; nearest five geographic candidates routed.",complete,85.421,85.421,100,,open_community,osm_cross_border_nearest5_ors,true
082251,Sant Martí d'Albars,43,Lluçanès,2026-08-20,25.974333,9.758,10.2385,9.682,31.7995,10.556833,58.0513,90.484,89.523,90.636,47.6007,88.8863,73.4624,70,municipality,openstreetmap_geofabrik;openrouteservice,,2026-08-21T22:01:49Z,0.2.0,,"© OpenStreetMap contributors, ODbL 1.0; nearest five geographic candidates routed.",complete,73.4624,73.4624,100,,open_community,osm_cross_border_nearest5_ors,true
082264,Sant Martí de Tous,06,Anoia,2026-08-20,12.879833,12.222,1.426,1.969667,15.327167,0.6965,84.2403,85.556,100,100,79.3457,100,89.7626,70,municipality,openstreetmap_geofabrik;openrouteservice,,2026-08-21T22:01:49Z,0.2.0,,"© OpenStreetMap contributors, ODbL 1.0; nearest five geographic candidates routed.",complete,89.7626,89.7626,100,,open_community,osm_cross_border_nearest5_ors,true
082270,Sant Martí Sarroca,03,Alt Penedès,2026-08-20,15.700667,0.907667,1.194667,1.579833,16.544667,1.501333,78.5987,100,100,100,76.9107,100,90.0318,70,municipality,openstreetmap_geofabrik;openrouteservice,,2026-08-21T22:01:49Z,0.2.0,,"© OpenStreetMap contributors, ODbL 1.0; nearest five geographic candidates routed.",complete,90.0318,90.0318,100,,open_community,osm_cross_border_nearest5_ors,true
082286,Sant Martí Sesgueioles,06,Anoia,2026-08-20,26.494167,4.940833,6.100333,1.47,0.991833,5.3185,57.0117,100,97.7993,100,100,99.363,88.7491,70,municipality,openstreetmap_geofabrik;openrouteservice,,2026-08-21T22:01:49Z,0.2.0,,"© OpenStreetMap contributors, ODbL 1.0; nearest five geographic candidates routed.",complete,88.7491,88.7491,100,,open_community,osm_cross_border_nearest5_ors,true
082299,Sant Mateu de Bages,07,Bages,2026-08-20,27.969167,11.069333,10.658833,11.417667,19.090333,10.561333,54.0617,87.8613,88.6823,87.1647,71.8193,88.8773,76.3991,70,municipality,openstreetmap_geofabrik;openrouteservice,,2026-08-21T22:01:49Z,0.2.0,,"© OpenStreetMap contributors, ODbL 1.0; nearest five geographic candidates routed.",complete,76.3991,76.3991,100,,open_community,osm_cross_border_nearest5_ors,true
082303,Premià de Dalt,21,Maresme,2026-08-20,5.687667,4.548667,0.2855,1.5525,5.813667,2.01,98.6247,100,100,100,98.3727,100,99.3307,70,municipality,openstreetmap_geofabrik;openrouteservice,,2026-08-21T22:01:49Z,0.2.0,,"© OpenStreetMap contributors, ODbL 1.0; nearest five geographic candidates routed.",complete,99.3307,99.3307,100,,open_community,osm_cross_border_nearest5_ors,true
082310,Sant Pere de Ribes,17,Garraf,2026-08-20,4.874833,3.267667,1.841,0.7365,9.871333,1.797333,100,100,100,100,90.2573,100,98.0515,70,municipality,openstreetmap_geofabrik;openrouteservice,,2026-08-21T22:01:49Z,0.2.0,,"© OpenStreetMap contributors, ODbL 1.0; nearest five geographic candidates routed.",complete,98.0515,98.0515,100,,open_community,osm_cross_border_nearest5_ors,true
082325,Sant Pere de Riudebitlles,03,Alt Penedès,2026-08-20,15.669667,2.495333,10.397833,0.4725,12.440667,2.079167,78.6607,100,89.2043,100,85.1187,100,89.5298,70,municipality,openstreetmap_geofabrik;openrouteservice,,2026-08-21T22:01:49Z,0.2.0,,"© OpenStreetMap contributors, ODbL 1.0; nearest five geographic candidates routed.",complete,89.5298,89.5298,100,,open_community,osm_cross_border_nearest5_ors,true
082331,Sant Pere de Torelló,24,Osona,2026-08-20,15.898,13.947833,9.403833,1.118,9.574667,0.659833,78.204,82.1043,91.1923,100,90.8507,100,88.2752,70,municipality,openstreetmap_geofabrik;openrouteservice,,2026-08-21T22:01:49Z,0.2.0,,"© OpenStreetMap contributors, ODbL 1.0; nearest five geographic candidates routed.",complete,88.2752,88.2752,100,,open_community,osm_cross_border_nearest5_ors,true
082346,Sant Pere de Vilamajor,41,Vallès Oriental,2026-08-20,20.842167,3.540167,4.0105,1.5985,11.1465,0.787833,68.3157,100,100,100,87.707,100,89.6203,70,municipality,openstreetmap_geofabrik;openrouteservice,,2026-08-21T22:01:49Z,0.2.0,,"© OpenStreetMap contributors, ODbL 1.0; nearest five geographic candidates routed.",complete,89.6203,89.6203,100,,open_community,osm_cross_border_nearest5_ors,true
082359,Sant Pol de Mar,21,Maresme,2026-08-20,8.114833,2.74,2.449667,2.813667,2.857333,2.192667,93.7703,100,100,100,100,100,98.4426,70,municipality,openstreetmap_geofabrik;openrouteservice,,2026-08-21T22:01:49Z,0.2.0,,"© OpenStreetMap contributors, ODbL 1.0; nearest five geographic candidates routed.",complete,98.4426,98.4426,100,,open_community,osm_cross_border_nearest5_ors,true
082362,Sant Quintí de Mediona,03,Alt Penedès,2026-08-20,15.750833,7.999833,12.604833,1.751,14.0455,1.983167,78.4983,94.0003,84.7903,100,81.909,100,87.0645,70,municipality,openstreetmap_geofabrik;openrouteservice,,2026-08-21T22:01:49Z,0.2.0,,"© OpenStreetMap contributors, ODbL 1.0; nearest five geographic candidates routed.",complete,87.0645,87.0645,100,,open_community,osm_cross_border_nearest5_ors,true
082378,Sant Quirze de Besora,24,Osona,2026-08-20,21.136833,15.681,14.845333,3.210667,2.392,0.9285,67.7263,78.638,80.3093,100,100,100,84.7891,70,municipality,openstreetmap_geofabrik;openrouteservice,,2026-08-21T22:01:49Z,0.2.0,,"© OpenStreetMap contributors, ODbL 1.0; nearest five geographic candidates routed.",complete,84.7891,84.7891,100,,open_community,osm_cross_border_nearest5_ors,true
082384,Sant Quirze del Vallès,40,Vallès Occidental,2026-08-20,8.211,1.788833,4.651,2.831667,8.634,1.890333,93.578,100,100,100,92.732,100,96.9409,70,municipality,openstreetmap_geofabrik;openrouteservice,,2026-08-21T22:01:49Z,0.2.0,,"© OpenStreetMap contributors, ODbL 1.0; nearest five geographic candidates routed.",complete,96.9409,96.9409,100,,open_community,osm_cross_border_nearest5_ors,true
082397,Sant Quirze Safaja,42,Moianès,2026-08-20,32.904333,7.331667,7.607333,2.945667,25.471667,2.302167,46.1276,95.3367,94.7853,100,59.0567,100,76.6008,70,municipality,openstreetmap_geofabrik;openrouteservice,,2026-08-21T22:01:49Z,0.2.0,,"© OpenStreetMap contributors, ODbL 1.0; nearest five geographic candidates routed.",complete,76.6008,76.6008,100,,open_community,osm_cross_border_nearest5_ors,true
082401,Sant Sadurní d'Anoia,03,Alt Penedès,2026-08-20,12.871667,4.858667,2.7985,2.416167,4.688333,1.089667,84.2567,100,100,100,100,100,96.0642,70,municipality,openstreetmap_geofabrik;openrouteservice,,2026-08-21T22:01:49Z,0.2.0,,"© OpenStreetMap contributors, ODbL 1.0; nearest five geographic candidates routed.",complete,96.0642,96.0642,100,,open_community,osm_cross_border_nearest5_ors,true
082418,Sant Sadurní d'Osormort,24,Osona,2026-08-20,18.023333,13.526333,12.890667,12.177167,20.165333,11.7535,73.9533,82.9473,84.2187,85.6457,69.6693,86.493,78.9219,70,municipality,openstreetmap_geofabrik;openrouteservice,,2026-08-21T22:01:49Z,0.2.0,,"© OpenStreetMap contributors, ODbL 1.0; nearest five geographic candidates routed.",complete,78.9219,78.9219,100,,open_community,osm_cross_border_nearest5_ors,true
082423,Marganell,07,Bages,2026-08-20,23.901833,12.878,13.854667,11.832333,11.063,11.362,62.1963,84.244,82.2907,86.3353,87.874,87.276,79.5797,70,municipality,openstreetmap_geofabrik;openrouteservice,,2026-08-21T22:01:49Z,0.2.0,,"© OpenStreetMap contributors, ODbL 1.0; nearest five geographic candidates routed.",complete,79.5797,79.5797,100,,open_community,osm_cross_border_nearest5_ors,true
082439,Santa Cecília de Voltregà,24,Osona,2026-08-20,13.670167,11.123,9.264,8.307667,13.691,10.546333,82.6597,87.754,91.472,93.3847,82.618,88.9073,86.8752,70,municipality,openstreetmap_geofabrik;openrouteservice,,2026-08-21T22:01:49Z,0.2.0,,"© OpenStreetMap contributors, ODbL 1.0; nearest five geographic candidates routed.",complete,86.8752,86.8752,100,,open_community,osm_cross_border_nearest5_ors,true
082444,Santa Coloma de Cervelló,11,Baix Llobregat,2026-08-20,9.7055,6.409667,1.388667,1.618333,3.183667,2.2835,90.589,97.1807,100,100,100,100,97.2244,70,municipality,openstreetmap_geofabrik;openrouteservice,,2026-08-21T22:01:49Z,0.2.0,,"© OpenStreetMap contributors, ODbL 1.0; nearest five geographic candidates routed.",complete,97.2244,97.2244,100,,open_community,osm_cross_border_nearest5_ors,true
082457,Santa Coloma de Gramenet,13,Barcelonès,2026-08-20,6.551333,1.601667,0.902333,0.985667,7.175333,1.273,96.8973,100,100,100,95.6493,100,98.3542,70,municipality,openstreetmap_geofabrik;openrouteservice,,2026-08-21T22:01:49Z,0.2.0,,"© OpenStreetMap contributors, ODbL 1.0; nearest five geographic candidates routed.",complete,98.3542,98.3542,100,,open_community,osm_cross_border_nearest5_ors,true
082460,Santa Eugènia de Berga,24,Osona,2026-08-20,11.015333,1.514167,5.842667,1.290833,12.108667,0.1455,87.9693,100,98.3147,100,85.7827,100,93.8118,70,municipality,openstreetmap_geofabrik;openrouteservice,,2026-08-21T22:01:49Z,0.2.0,,"© OpenStreetMap contributors, ODbL 1.0; nearest five geographic candidates routed.",complete,93.8118,93.8118,100,,open_community,osm_cross_border_nearest5_ors,true
082476,Santa Eulàlia de Riuprimer,24,Osona,2026-08-20,12.538333,12.9075,10.726,7.4625,13.196333,7.025833,84.9233,84.185,88.548,95.075,83.6073,95.9483,87.392,70,municipality,openstreetmap_geofabrik;openrouteservice,,2026-08-21T22:01:49Z,0.2.0,,"© OpenStreetMap contributors, ODbL 1.0; nearest five geographic candidates routed.",complete,87.392,87.392,100,,open_community,osm_cross_border_nearest5_ors,true
082482,Santa Eulàlia de Ronçana,41,Vallès Oriental,2026-08-20,17.461833,3.551833,3.470667,3.850333,12.888667,3.4155,75.0763,100,100,100,84.2227,100,90.6136,70,municipality,openstreetmap_geofabrik;openrouteservice,,2026-08-21T22:01:49Z,0.2.0,,"© OpenStreetMap contributors, ODbL 1.0; nearest five geographic candidates routed.",complete,90.6136,90.6136,100,,open_community,osm_cross_border_nearest5_ors,true
082495,Santa Fe del Penedès,03,Alt Penedès,2026-08-20,6.775333,0.0495,8.164333,0.2655,4.333,4.320167,96.4493,100,93.6713,100,100,100,97.8466,70,municipality,openstreetmap_geofabrik;openrouteservice,,2026-08-21T22:01:49Z,0.2.0,,"© OpenStreetMap contributors, ODbL 1.0; nearest five geographic candidates routed.",complete,97.8466,97.8466,100,,open_community,osm_cross_border_nearest5_ors,true
082508,Santa Margarida de Montbui,06,Anoia,2026-08-20,4.322667,0.698667,0.462167,1.4655,6.6825,0.250667,100,100,100,100,96.635,100,99.327,70,municipality,openstreetmap_geofabrik;openrouteservice,,2026-08-21T22:01:49Z,0.2.0,,"© OpenStreetMap contributors, ODbL 1.0; nearest five geographic candidates routed.",complete,99.327,99.327,100,,open_community,osm_cross_border_nearest5_ors,true
082515,Santa Margarida i els Monjos,03,Alt Penedès,2026-08-20,11.459167,9.496833,5.008167,2.26,3.059,0.681333,87.0817,91.0063,99.9837,100,100,100,95.4181,70,municipality,openstreetmap_geofabrik;openrouteservice,,2026-08-21T22:01:49Z,0.2.0,,"© OpenStreetMap contributors, ODbL 1.0; nearest five geographic candidates routed.",complete,95.4181,95.4181,100,,open_community,osm_cross_border_nearest5_ors,true
082520,Barberà del Vallès,40,Vallès Occidental,2026-08-20,7.4365,1.722667,2.290167,1.825833,4.1595,0.7475,95.127,100,100,100,100,100,98.7818,70,municipality,openstreetmap_geofabrik;openrouteservice,,2026-08-21T22:01:49Z,0.2.0,,"© OpenStreetMap contributors, ODbL 1.0; nearest five geographic candidates routed.",complete,98.7818,98.7818,100,,open_community,osm_cross_border_nearest5_ors,true
082536,Santa Maria de Besora,24,Osona,2026-08-20,27.196,21.74,21.6615,8.663167,8.451,8.298,55.608,66.52,66.677,92.6737,93.098,93.404,74.4428,70,municipality,openstreetmap_geofabrik;openrouteservice,,2026-08-21T22:01:49Z,0.2.0,,"© OpenStreetMap contributors, ODbL 1.0; nearest five geographic candidates routed.",complete,74.4428,74.4428,100,,open_community,osm_cross_border_nearest5_ors,true
082541,l'Esquirol,24,Osona,2026-08-20,17.925833,0.999333,15.086333,15.015833,20.4585,1.414333,74.1483,100,79.8273,79.9683,69.083,100,81.316,70,municipality,openstreetmap_geofabrik;openrouteservice,,2026-08-21T22:01:49Z,0.2.0,,"© OpenStreetMap contributors, ODbL 1.0; nearest five geographic candidates routed.",complete,81.316,81.316,100,,open_community,osm_cross_border_nearest5_ors,true
082554,Santa Maria de Merlès,14,Berguedà,2026-08-20,22.464333,9.135167,9.019833,8.2815,31.0145,10.169333,65.0713,91.7297,91.9603,93.437,48.6473,89.6613,76.4586,70,municipality,openstreetmap_geofabrik;openrouteservice,,2026-08-21T22:01:49Z,0.2.0,,"© OpenStreetMap contributors, ODbL 1.0; nearest five geographic candidates routed.",complete,76.4586,76.4586,100,,open_community,osm_cross_border_nearest5_ors,true
082567,Santa Maria de Martorelles,41,Vallès Oriental,2026-08-20,12.698667,7.153,1.703333,1.539333,11.260167,0.462333,84.6027,95.694,100,100,87.4797,100,93.0007,70,municipality,openstreetmap_geofabrik;openrouteservice,,2026-08-21T22:01:49Z,0.2.0,,"© OpenStreetMap contributors, ODbL 1.0; nearest five geographic candidates routed.",complete,93.0007,93.0007,100,,open_community,osm_cross_border_nearest5_ors,true
082573,Santa Maria de Miralles,06,Anoia,2026-08-20,18.596667,14.757,14.104833,8.930667,15.091,8.657833,72.8067,80.486,81.7903,92.1387,79.818,92.6843,81.0785,70,municipality,openstreetmap_geofabrik;openrouteservice,,2026-08-21T22:01:49Z,0.2.0,,"© OpenStreetMap contributors, ODbL 1.0; nearest five geographic candidates routed.",complete,81.0785,81.0785,100,,open_community,osm_cross_border_nearest5_ors,true
082589,Santa Maria d'Oló,42,Moianès,2026-08-20,12.647333,18.688167,0.241333,3.586833,18.364333,0.067167,84.7053,72.6237,100,100,73.2713,100,86.7241,70,municipality,openstreetmap_geofabrik;openrouteservice,,2026-08-21T22:01:49Z,0.2.0,,"© OpenStreetMap contributors, ODbL 1.0; nearest five geographic candidates routed.",complete,86.7241,86.7241,100,,open_community,osm_cross_border_nearest5_ors,true
082592,Santa Maria de Palautordera,41,Vallès Oriental,2026-08-20,8.854333,2.2285,1.183333,2.877833,5.595167,0.2585,92.2913,100,100,100,98.8097,100,97.8348,70,municipality,openstreetmap_geofabrik;openrouteservice,,2026-08-21T22:01:49Z,0.2.0,,"© OpenStreetMap contributors, ODbL 1.0; nearest five geographic candidates routed.",complete,97.8348,97.8348,100,,open_community,osm_cross_border_nearest5_ors,true
082606,Santa Perpètua de Mogoda,40,Vallès Occidental,2026-08-20,11.822,1.6895,1.743,2.7875,4.434333,0.890167,86.356,100,100,100,100,100,96.589,70,municipality,openstreetmap_geofabrik;openrouteservice,,2026-08-21T22:01:49Z,0.2.0,,"© OpenStreetMap contributors, ODbL 1.0; nearest five geographic candidates routed.",complete,96.589,96.589,100,,open_community,osm_cross_border_nearest5_ors,true
082613,Santa Susanna,21,Maresme,2026-08-20,11.2075,1.115,2.737667,2.024333,6.063,4.7685,87.585,100,100,100,97.874,100,96.471,70,municipality,openstreetmap_geofabrik;openrouteservice,,2026-08-21T22:01:49Z,0.2.0,,"© OpenStreetMap contributors, ODbL 1.0; nearest five geographic candidates routed.",complete,96.471,96.471,100,,open_community,osm_cross_border_nearest5_ors,true
082628,Sant Vicenç de Castellet,07,Bages,2026-08-20,18.852167,2.443833,0.786,1.7255,1.611,1.809167,72.2957,100,100,100,100,100,93.0739,70,municipality,openstreetmap_geofabrik;openrouteservice,,2026-08-21T22:01:49Z,0.2.0,,"© OpenStreetMap contributors, ODbL 1.0; nearest five geographic candidates routed.",complete,93.0739,93.0739,100,,open_community,osm_cross_border_nearest5_ors,true
082634,Sant Vicenç dels Horts,11,Baix Llobregat,2026-08-20,9.608333,2.734167,2.203833,0.842833,4.522833,0.821333,90.7833,100,100,100,100,100,97.6958,70,municipality,openstreetmap_geofabrik;openrouteservice,,2026-08-21T22:01:49Z,0.2.0,,"© OpenStreetMap contributors, ODbL 1.0; nearest five geographic candidates routed.",complete,97.6958,97.6958,100,,open_community,osm_cross_border_nearest5_ors,true
082649,Sant Vicenç de Montalt,21,Maresme,2026-08-20,12.243167,8.3545,2.540333,3.74,6.810667,2.819167,85.5137,93.291,100,100,96.3787,100,94.6478,70,municipality,openstreetmap_geofabrik;openrouteservice,,2026-08-21T22:01:49Z,0.2.0,,"© OpenStreetMap contributors, ODbL 1.0; nearest five geographic candidates routed.",complete,94.6478,94.6478,100,,open_community,osm_cross_border_nearest5_ors,true
082652,Sant Vicenç de Torelló,24,Osona,2026-08-20,12.02,10.069833,5.526,2.465167,4.900167,0.634667,85.96,89.8603,98.948,100,100,100,94.7586,70,municipality,openstreetmap_geofabrik;openrouteservice,,2026-08-21T22:01:49Z,0.2.0,,"© OpenStreetMap contributors, ODbL 1.0; nearest five geographic candidates routed.",complete,94.7586,94.7586,100,,open_community,osm_cross_border_nearest5_ors,true
082665,Cerdanyola del Vallès,40,Vallès Occidental,2026-08-20,9.038333,3.059333,0.666833,0.670667,3.2765,1.082333,91.9233,100,100,100,100,100,97.9808,70,municipality,openstreetmap_geofabrik;openrouteservice,,2026-08-21T22:01:49Z,0.2.0,,"© OpenStreetMap contributors, ODbL 1.0; nearest five geographic candidates routed.",complete,97.9808,97.9808,100,,open_community,osm_cross_border_nearest5_ors,true
082671,Sentmenat,40,Vallès Occidental,2026-08-20,15.317667,7.364333,1.663667,1.9585,16.557,1.7475,79.3647,95.2713,100,100,76.886,100,89.5091,70,municipality,openstreetmap_geofabrik;openrouteservice,,2026-08-21T22:01:49Z,0.2.0,,"© OpenStreetMap contributors, ODbL 1.0; nearest five geographic candidates routed.",complete,89.5091,89.5091,100,,open_community,osm_cross_border_nearest5_ors,true
082687,Cercs,14,Berguedà,2026-08-20,8.276833,0.191,7.701667,2.649833,19.5895,3.351167,93.4463,100,94.5967,100,70.821,100,91.4451,70,municipality,openstreetmap_geofabrik;openrouteservice,,2026-08-21T22:01:49Z,0.2.0,,"© OpenStreetMap contributors, ODbL 1.0; nearest five geographic candidates routed.",complete,91.4451,91.4451,100,,open_community,osm_cross_border_nearest5_ors,true
082690,Seva,24,Osona,2026-08-20,21.955,1.102333,8.935333,1.889667,5.827667,2.122667,66.09,100,92.1293,100,98.3447,100,89.6173,70,municipality,openstreetmap_geofabrik;openrouteservice,,2026-08-21T22:01:49Z,0.2.0,,"© OpenStreetMap contributors, ODbL 1.0; nearest five geographic candidates routed.",complete,89.6173,89.6173,100,,open_community,osm_cross_border_nearest5_ors,true
082704,Sitges,17,Garraf,2026-08-20,12.505,3.214,1.928833,1.384167,3.813333,1.344833,84.99,100,100,100,100,100,96.2475,70,municipality,openstreetmap_geofabrik;openrouteservice,,2026-08-21T22:01:49Z,0.2.0,,"© OpenStreetMap contributors, ODbL 1.0; nearest five geographic candidates routed.",complete,96.2475,96.2475,100,,open_community,osm_cross_border_nearest5_ors,true
082711,Sobremunt,43,Lluçanès,2026-08-20,29.042833,18.438333,17.693833,18.3295,24.254333,7.206167,51.9143,73.1233,74.6123,73.341,61.4913,95.5877,68.0607,70,municipality,openstreetmap_geofabrik;openrouteservice,,2026-08-21T22:01:49Z,0.2.0,,"© OpenStreetMap contributors, ODbL 1.0; nearest five geographic candidates routed.",complete,68.0607,68.0607,100,,open_community,osm_cross_border_nearest5_ors,true
082726,Sora,24,Osona,2026-08-20,25.914667,20.458667,18.003333,9.224167,11.309833,9.27,58.1707,69.0827,73.9933,91.5517,87.3803,91.46,75.481,70,municipality,openstreetmap_geofabrik;openrouteservice,,2026-08-21T22:01:49Z,0.2.0,,"© OpenStreetMap contributors, ODbL 1.0; nearest five geographic candidates routed.",complete,75.481,75.481,100,,open_community,osm_cross_border_nearest5_ors,true
082732,Subirats,03,Alt Penedès,2026-08-20,13.6585,10.975833,10.115167,7.462833,4.581333,0.742167,82.683,88.0483,89.7697,95.0743,100,100,91.3394,70,municipality,openstreetmap_geofabrik;openrouteservice,,2026-08-21T22:01:49Z,0.2.0,,"© OpenStreetMap contributors, ODbL 1.0; nearest five geographic candidates routed.",complete,91.3394,91.3394,100,,open_community,osm_cross_border_nearest5_ors,true
082747,Súria,07,Bages,2026-08-20,24.484833,0.943333,8.478333,0.284,19.522333,1.126167,61.0303,100,93.0433,100,70.9553,100,83.0573,70,municipality,openstreetmap_geofabrik;openrouteservice,,2026-08-21T22:01:49Z,0.2.0,,"© OpenStreetMap contributors, ODbL 1.0; nearest five geographic candidates routed.",complete,83.0573,83.0573,100,,open_community,osm_cross_border_nearest5_ors,true
082750,Tavèrnoles,24,Osona,2026-08-20,13.019833,12.928667,10.774667,5.361667,15.819667,5.855,83.9603,84.1427,88.4507,99.2767,78.3607,98.29,86.7304,70,municipality,openstreetmap_geofabrik;openrouteservice,,2026-08-21T22:01:49Z,0.2.0,,"© OpenStreetMap contributors, ODbL 1.0; nearest five geographic candidates routed.",complete,86.7304,86.7304,100,,open_community,osm_cross_border_nearest5_ors,true
082763,Tagamanent,41,Vallès Oriental,2026-08-20,21.795333,9.241833,8.068667,2.479333,3.5425,4.2985,66.4093,91.5163,93.8627,100,100,100,89.1023,70,municipality,openstreetmap_geofabrik;openrouteservice,,2026-08-21T22:01:49Z,0.2.0,,"© OpenStreetMap contributors, ODbL 1.0; nearest five geographic candidates routed.",complete,89.1023,89.1023,100,,open_community,osm_cross_border_nearest5_ors,true
082779,Talamanca,07,Bages,2026-08-20,32.702333,14.997167,15.078833,14.506833,28.605667,14.254833,46.3969,80.0057,79.8423,80.9863,52.7887,81.4903,66.3739,70,municipality,openstreetmap_geofabrik;openrouteservice,,2026-08-21T22:01:49Z,0.2.0,,"© OpenStreetMap contributors, ODbL 1.0; nearest five geographic candidates routed.",complete,66.3739,66.3739,100,,open_community,osm_cross_border_nearest5_ors,true
082785,Taradell,24,Osona,2026-08-20,16.806667,2.1925,1.2025,1.425333,9.805167,1.9465,76.3867,100,100,100,90.3897,100,92.1746,70,municipality,openstreetmap_geofabrik;openrouteservice,,2026-08-21T22:01:49Z,0.2.0,,"© OpenStreetMap contributors, ODbL 1.0; nearest five geographic candidates routed.",complete,92.1746,92.1746,100,,open_community,osm_cross_border_nearest5_ors,true
082798,Terrassa,40,Vallès Occidental,2026-08-20,2.962667,3.4935,1.413333,0.4275,3.935333,3.713667,100,100,100,100,100,100,100,70,municipality,openstreetmap_geofabrik;openrouteservice,,2026-08-21T22:01:49Z,0.2.0,,"© OpenStreetMap contributors, ODbL 1.0; nearest five geographic candidates routed.",complete,100,100,100,,open_community,osm_cross_border_nearest5_ors,true
082802,Tavertet,24,Osona,2026-08-20,33.705167,18.1075,30.865667,30.795,36.237833,17.489333,45.0598,73.785,48.8458,48.94,41.6829,75.0213,52.8346,70,municipality,openstreetmap_geofabrik;openrouteservice,,2026-08-21T22:01:49Z,0.2.0,,"© OpenStreetMap contributors, ODbL 1.0; nearest five geographic candidates routed.",complete,52.8346,52.8346,100,,open_community,osm_cross_border_nearest5_ors,true
082819,Teià,21,Maresme,2026-08-20,12.555333,6.242167,2.099333,4.170167,7.436667,0.869833,84.8893,97.5157,100,100,95.1267,100,94.875,70,municipality,openstreetmap_geofabrik;openrouteservice,,2026-08-21T22:01:49Z,0.2.0,,"© OpenStreetMap contributors, ODbL 1.0; nearest five geographic candidates routed.",complete,94.875,94.875,100,,open_community,osm_cross_border_nearest5_ors,true
082824,Tiana,21,Maresme,2026-08-20,11.259833,1.446,0.608167,2.8705,7.978667,1.4165,87.4803,100,100,100,94.0427,100,95.6786,70,municipality,openstreetmap_geofabrik;openrouteservice,,2026-08-21T22:01:49Z,0.2.0,,"© OpenStreetMap contributors, ODbL 1.0; nearest five geographic candidates routed.",complete,95.6786,95.6786,100,,open_community,osm_cross_border_nearest5_ors,true
082830,Tona,24,Osona,2026-08-20,14.0555,0.654167,0,3.542667,7.487167,1.901833,81.889,100,100,100,95.0257,100,94.4774,70,municipality,openstreetmap_geofabrik;openrouteservice,,2026-08-21T22:01:49Z,0.2.0,,"© OpenStreetMap contributors, ODbL 1.0; nearest five geographic candidates routed.",complete,94.4774,94.4774,100,,open_community,osm_cross_border_nearest5_ors,true
082845,Tordera,21,Maresme,2026-08-20,13.997333,1.685667,1.268333,2.833,2.408,2.575667,82.0053,100,100,100,100,100,95.5013,70,municipality,openstreetmap_geofabrik;openrouteservice,,2026-08-21T22:01:49Z,0.2.0,,"© OpenStreetMap contributors, ODbL 1.0; nearest five geographic candidates routed.",complete,95.5013,95.5013,100,,open_community,osm_cross_border_nearest5_ors,true
082858,Torelló,24,Osona,2026-08-20,12.685167,10.735,2.912667,1.407333,6.046667,1.897,84.6297,88.53,100,100,97.9067,100,94.0183,70,municipality,openstreetmap_geofabrik;openrouteservice,,2026-08-21T22:01:49Z,0.2.0,,"© OpenStreetMap contributors, ODbL 1.0; nearest five geographic candidates routed.",complete,94.0183,94.0183,100,,open_community,osm_cross_border_nearest5_ors,true
082861,la Torre de Claramunt,06,Anoia,2026-08-20,20.455833,6.260167,0.992667,2.087833,6.900333,1.083833,69.0883,97.4797,100,100,96.1993,100,91.1339,70,municipality,openstreetmap_geofabrik;openrouteservice,,2026-08-21T22:01:49Z,0.2.0,,"© OpenStreetMap contributors, ODbL 1.0; nearest five geographic candidates routed.",complete,91.1339,91.1339,100,,open_community,osm_cross_border_nearest5_ors,true
082877,Torrelavit,03,Alt Penedès,2026-08-20,17.499,4.4385,8.250167,2.574833,10.293,1.0385,75.002,100,93.4997,100,89.414,100,90.3332,70,municipality,openstreetmap_geofabrik;openrouteservice,,2026-08-21T22:01:49Z,0.2.0,,"© OpenStreetMap contributors, ODbL 1.0; nearest five geographic candidates routed.",complete,90.3332,90.3332,100,,open_community,osm_cross_border_nearest5_ors,true
082883,Torrelles de Foix,03,Alt Penedès,2026-08-20,20.562667,0.156167,1.9015,3.170167,21.406833,1.922667,68.8747,100,100,100,67.1863,100,85.6559,70,municipality,openstreetmap_geofabrik;openrouteservice,,2026-08-21T22:01:49Z,0.2.0,,"© OpenStreetMap contributors, ODbL 1.0; nearest five geographic candidates routed.",complete,85.6559,85.6559,100,,open_community,osm_cross_border_nearest5_ors,true
082896,Torrelles de Llobregat,11,Baix Llobregat,2026-08-20,19.926167,2.623333,0.611333,4.546833,12.53,0.449,70.1477,100,100,100,84.94,100,89.5249,70,municipality,openstreetmap_geofabrik;openrouteservice,,2026-08-21T22:01:49Z,0.2.0,,"© OpenStreetMap contributors, ODbL 1.0; nearest five geographic candidates routed.",complete,89.5249,89.5249,100,,open_community,osm_cross_border_nearest5_ors,true
082900,Ullastrell,40,Vallès Occidental,2026-08-20,13.845167,13.724333,13.593167,1.864833,15.685833,1.570167,82.3097,82.5513,82.8137,100,78.6283,100,85.2485,70,municipality,openstreetmap_geofabrik;openrouteservice,,2026-08-21T22:01:49Z,0.2.0,,"© OpenStreetMap contributors, ODbL 1.0; nearest five geographic candidates routed.",complete,85.2485,85.2485,100,,open_community,osm_cross_border_nearest5_ors,true
082917,Vacarisses,40,Vallès Occidental,2026-08-20,15.4115,10.101667,0.300667,1.303833,7.432333,0.349333,79.177,89.7967,100,100,95.1353,100,92.2908,70,municipality,openstreetmap_geofabrik;openrouteservice,,2026-08-21T22:01:49Z,0.2.0,,"© OpenStreetMap contributors, ODbL 1.0; nearest five geographic candidates routed.",complete,92.2908,92.2908,100,,open_community,osm_cross_border_nearest5_ors,true
082922,Vallbona d'Anoia,06,Anoia,2026-08-20,20.438833,1.3485,0.011333,2.183667,2.381667,1.618333,69.1223,100,100,100,100,100,92.2806,70,municipality,openstreetmap_geofabrik;openrouteservice,,2026-08-21T22:01:49Z,0.2.0,,"© OpenStreetMap contributors, ODbL 1.0; nearest five geographic candidates routed.",complete,92.2806,92.2806,100,,open_community,osm_cross_border_nearest5_ors,true
082938,Vallcebre,14,Berguedà,2026-08-20,28.629833,0.428667,14.544167,0.505667,20.020667,14.118,52.7403,100,80.9117,100,69.9587,81.764,76.5356,70,municipality,openstreetmap_geofabrik;openrouteservice,,2026-08-21T22:01:49Z,0.2.0,,"© OpenStreetMap contributors, ODbL 1.0; nearest five geographic candidates routed.",complete,76.5356,76.5356,100,,open_community,osm_cross_border_nearest5_ors,true
082943,Vallgorguina,41,Vallès Oriental,2026-08-20,9.306333,0.624,8.052833,1.861167,9.773333,0.066667,91.3873,100,93.8943,100,90.4533,100,94.7163,70,municipality,openstreetmap_geofabrik;openrouteservice,,2026-08-21T22:01:49Z,0.2.0,,"© OpenStreetMap contributors, ODbL 1.0; nearest five geographic candidates routed.",complete,94.7163,94.7163,100,,open_community,osm_cross_border_nearest5_ors,true
082956,Vallirana,11,Baix Llobregat,2026-08-20,1.9675,0.584833,0.452333,0.818333,15.986833,0.1445,100,100,100,100,78.0263,100,95.6053,70,municipality,openstreetmap_geofabrik;openrouteservice,,2026-08-21T22:01:49Z,0.2.0,,"© OpenStreetMap contributors, ODbL 1.0; nearest five geographic candidates routed.",complete,95.6053,95.6053,100,,open_community,osm_cross_border_nearest5_ors,true
082969,Vallromanes,41,Vallès Oriental,2026-08-20,14.960333,6.639167,0.453167,2.140167,15.128333,0.266333,80.0793,96.7217,100,100,79.7433,100,90.4767,70,municipality,openstreetmap_geofabrik;openrouteservice,,2026-08-21T22:01:49Z,0.2.0,,"© OpenStreetMap contributors, ODbL 1.0; nearest five geographic candidates routed.",complete,90.4767,90.4767,100,,open_community,osm_cross_border_nearest5_ors,true
082975,Veciana,06,Anoia,2026-08-20,20.448167,8.056833,8.314667,6.9265,8.059667,8.334833,69.1037,93.8863,93.3707,96.147,93.8807,93.3303,87.7569,70,municipality,openstreetmap_geofabrik;openrouteservice,,2026-08-21T22:01:49Z,0.2.0,,"© OpenStreetMap contributors, ODbL 1.0; nearest five geographic candidates routed.",complete,87.7569,87.7569,100,,open_community,osm_cross_border_nearest5_ors,true
082981,Vic,24,Osona,2026-08-20,3.398333,2.3815,3.483167,3.326333,2.001667,1.184333,100,100,100,100,100,100,100,70,municipality,openstreetmap_geofabrik;openrouteservice,,2026-08-21T22:01:49Z,0.2.0,,"© OpenStreetMap contributors, ODbL 1.0; nearest five geographic candidates routed.",complete,100,100,100,,open_community,osm_cross_border_nearest5_ors,true
082994,Vilada,14,Berguedà,2026-08-20,11.13,0.252333,8.120167,0.66,30.083,0.417,87.74,100,93.7597,100,49.8893,100,85.6648,70,municipality,openstreetmap_geofabrik;openrouteservice,,2026-08-21T22:01:49Z,0.2.0,,"© OpenStreetMap contributors, ODbL 1.0; nearest five geographic candidates routed.",complete,85.6648,85.6648,100,,open_community,osm_cross_border_nearest5_ors,true
083008,Viladecavalls,40,Vallès Occidental,2026-08-20,3.432,2.246333,4.175667,1.849167,8.470833,2.453333,100,100,100,100,93.0583,100,98.6117,70,municipality,openstreetmap_geofabrik;openrouteservice,,2026-08-21T22:01:49Z,0.2.0,,"© OpenStreetMap contributors, ODbL 1.0; nearest five geographic candidates routed.",complete,98.6117,98.6117,100,,open_community,osm_cross_border_nearest5_ors,true
083015,Viladecans,11,Baix Llobregat,2026-08-20,2.5405,0.821,1.431,1.530833,2.824833,0.307,100,100,100,100,100,100,100,70,municipality,openstreetmap_geofabrik;openrouteservice,,2026-08-21T22:01:49Z,0.2.0,,"© OpenStreetMap contributors, ODbL 1.0; nearest five geographic candidates routed.",complete,100,100,100,,open_community,osm_cross_border_nearest5_ors,true
083020,Vilanova del Camí,06,Anoia,2026-08-20,6.975,2.9135,2.951333,2.063,2.993,1.790167,96.05,100,100,100,100,100,99.0125,70,municipality,openstreetmap_geofabrik;openrouteservice,,2026-08-21T22:01:49Z,0.2.0,,"© OpenStreetMap contributors, ODbL 1.0; nearest five geographic candidates routed.",complete,99.0125,99.0125,100,,open_community,osm_cross_border_nearest5_ors,true
083036,Vilanova de Sau,24,Osona,2026-08-20,26.418833,21.154833,20.519167,2.1685,28.553167,15.219333,57.1623,67.6903,68.9617,100,52.8937,79.5613,66.7713,70,municipality,openstreetmap_geofabrik;openrouteservice,,2026-08-21T22:01:49Z,0.2.0,,"© OpenStreetMap contributors, ODbL 1.0; nearest five geographic candidates routed.",complete,66.7713,66.7713,100,,open_community,osm_cross_border_nearest5_ors,true
083041,Vilobí del Penedès,03,Alt Penedès,2026-08-20,9.346667,8.632667,8.404833,5.888667,12.5645,0.293,91.3067,92.7347,93.1903,98.2227,84.871,100,92.1714,70,municipality,openstreetmap_geofabrik;openrouteservice,,2026-08-21T22:01:49Z,0.2.0,,"© OpenStreetMap contributors, ODbL 1.0; nearest five geographic candidates routed.",complete,92.1714,92.1714,100,,open_community,osm_cross_border_nearest5_ors,true
083054,Vilafranca del Penedès,03,Alt Penedès,2026-08-20,3.006,1.043667,1.514333,0.470833,3.506333,0.342333,100,100,100,100,100,100,100,70,municipality,openstreetmap_geofabrik;openrouteservice,,2026-08-21T22:01:49Z,0.2.0,,"© OpenStreetMap contributors, ODbL 1.0; nearest five geographic candidates routed.",complete,100,100,100,,open_community,osm_cross_border_nearest5_ors,true
083067,Vilalba Sasserra,41,Vallès Oriental,2026-08-20,8.182167,6.459667,4.295667,0.838667,5.240333,1.275833,93.6357,97.0807,100,100,99.5193,100,97.8749,70,municipality,openstreetmap_geofabrik;openrouteservice,,2026-08-21T22:01:49Z,0.2.0,,"© OpenStreetMap contributors, ODbL 1.0; nearest five geographic candidates routed.",complete,97.8749,97.8749,100,,open_community,osm_cross_border_nearest5_ors,true
083073,Vilanova i la Geltrú,17,Garraf,2026-08-20,4.860167,4.7565,0.6185,0.6185,4.392833,4.648,100,100,100,100,100,100,100,70,municipality,openstreetmap_geofabrik;openrouteservice,,2026-08-21T22:01:49Z,0.2.0,,"© OpenStreetMap contributors, ODbL 1.0; nearest five geographic candidates routed.",complete,100,100,100,,open_community,osm_cross_border_nearest5_ors,true
083089,Viver i Serrateix,14,Berguedà,2026-08-20,37.837667,21.410833,21.464,23.312667,37.4,21.315,39.5498,67.1783,67.072,63.3747,40.1333,67.37,54.4797,70,municipality,openstreetmap_geofabrik;openrouteservice,,2026-08-21T22:01:49Z,0.2.0,,"© OpenStreetMap contributors, ODbL 1.0; nearest five geographic candidates routed.",complete,54.4797,54.4797,100,,open_community,osm_cross_border_nearest5_ors,true
089019,Rupit i Pruit,24,Osona,2026-08-20,56.681167,33.201833,45.9825,0.159333,59.213833,0.153833,14.4251,45.7309,28.69,100,11.0482,100,38.4136,70,municipality,openstreetmap_geofabrik;openrouteservice,,2026-08-21T22:01:49Z,0.2.0,,"© OpenStreetMap contributors, ODbL 1.0; nearest five geographic candidates routed.",complete,38.4136,38.4136,100,,open_community,osm_cross_border_nearest5_ors,true
089024,Vilanova del Vallès,41,Vallès Oriental,2026-08-20,11.076667,0.2475,3.606833,1.167167,10.376167,1.025,87.8467,100,100,100,89.2477,100,94.8112,70,municipality,openstreetmap_geofabrik;openrouteservice,,2026-08-21T22:01:49Z,0.2.0,,"© OpenStreetMap contributors, ODbL 1.0; nearest five geographic candidates routed.",complete,94.8112,94.8112,100,,open_community,osm_cross_border_nearest5_ors,true
089030,Sant Julià de Cerdanyola,14,Berguedà,2026-08-20,25.467,8.3215,7.526833,0.297667,12.952667,7.519833,59.066,93.357,94.9463,100,84.0947,94.9603,84.0743,70,municipality,openstreetmap_geofabrik;openrouteservice,,2026-08-21T22:01:49Z,0.2.0,,"© OpenStreetMap contributors, ODbL 1.0; nearest five geographic candidates routed.",complete,84.0743,84.0743,100,,open_community,osm_cross_border_nearest5_ors,true
089045,Badia del Vallès,40,Vallès Occidental,2026-08-20,10.845833,2.304,0.1665,1.478,5.443833,1.313167,88.3083,100,100,100,99.1123,100,96.8995,70,municipality,openstreetmap_geofabrik;openrouteservice,,2026-08-21T22:01:49Z,0.2.0,,"© OpenStreetMap contributors, ODbL 1.0; nearest five geographic candidates routed.",complete,96.8995,96.8995,100,,open_community,osm_cross_border_nearest5_ors,true
089058,la Palma de Cervelló,11,Baix Llobregat,2026-08-20,17.149,2.431167,1.720333,2.253833,14.943167,1.753833,75.702,100,100,100,80.1137,100,89.9482,70,municipality,openstreetmap_geofabrik;openrouteservice,,2026-08-21T22:01:49Z,0.2.0,,"© OpenStreetMap contributors, ODbL 1.0; nearest five geographic candidates routed.",complete,89.9482,89.9482,100,,open_community,osm_cross_border_nearest5_ors,true
170010,Agullana,02,Alt Empordà,2026-08-20,22.813667,0.155167,5.293167,1.257333,24.158,1.214833,64.3727,100,99.4137,100,61.684,100,83.3127,70,municipality,openstreetmap_geofabrik;openrouteservice,,2026-08-21T22:01:49Z,0.2.0,,"© OpenStreetMap contributors, ODbL 1.0; nearest five geographic candidates routed.",complete,83.3127,83.3127,100,,open_community,osm_cross_border_nearest5_ors,true
170025,Aiguaviva,20,Gironès,2026-08-20,20.322,2.055,0.911333,0.3175,14.705667,0.992667,69.356,100,100,100,80.5887,100,88.4567,70,municipality,openstreetmap_geofabrik;openrouteservice,,2026-08-21T22:01:49Z,0.2.0,,"© OpenStreetMap contributors, ODbL 1.0; nearest five geographic candidates routed.",complete,88.4567,88.4567,100,,open_community,osm_cross_border_nearest5_ors,true
170031,Albanyà,02,Alt Empordà,2026-08-20,26.369333,0,8.1175,35.045833,31.304333,26.218167,57.2613,100,93.765,43.2722,48.2609,57.5637,67.8041,70,municipality,openstreetmap_geofabrik;openrouteservice,,2026-08-21T22:01:49Z,0.2.0,,"© OpenStreetMap contributors, ODbL 1.0; nearest five geographic candidates routed.",complete,67.8041,67.8041,100,,open_community,osm_cross_border_nearest5_ors,true
170046,Albons,10,Baix Empordà,2026-08-20,30.238667,7.280333,5.9115,1.866167,15.636167,1.227,49.6818,95.4393,98.177,100,78.7277,100,82.1173,70,municipality,openstreetmap_geofabrik;openrouteservice,,2026-08-21T22:01:49Z,0.2.0,,"© OpenStreetMap contributors, ODbL 1.0; nearest five geographic candidates routed.",complete,82.1173,82.1173,100,,open_community,osm_cross_border_nearest5_ors,true
170059,el Far d'Empordà,02,Alt Empordà,2026-08-20,11.906333,0.6615,5.699,0.341833,6.149333,5.416833,86.1873,100,98.602,100,97.7013,99.1663,95.7241,70,municipality,openstreetmap_geofabrik;openrouteservice,,2026-08-21T22:01:49Z,0.2.0,,"© OpenStreetMap contributors, ODbL 1.0; nearest five geographic candidates routed.",complete,95.7241,95.7241,100,,open_community,osm_cross_border_nearest5_ors,true
170062,Alp,15,Cerdanya,2026-08-20,15.176833,8.744,2.168333,1.571333,4.501167,0.4125,79.6463,92.512,100,100,100,100,93.7884,70,municipality,openstreetmap_geofabrik;openrouteservice,,2026-08-21T22:01:49Z,0.2.0,,"© OpenStreetMap contributors, ODbL 1.0; nearest five geographic candidates routed.",complete,93.7884,93.7884,100,,open_community,osm_cross_border_nearest5_ors,true
170078,Amer,34,Selva,2026-08-20,34.334333,2.206667,0.329833,3.199167,33.806167,1.253667,44.2209,100,100,100,44.9251,100,75.0402,70,municipality,openstreetmap_geofabrik;openrouteservice,,2026-08-21T22:01:49Z,0.2.0,,"© OpenStreetMap contributors, ODbL 1.0; nearest five geographic candidates routed.",complete,75.0402,75.0402,100,,open_community,osm_cross_border_nearest5_ors,true
170084,Anglès,34,Selva,2026-08-20,26.1655,2.0185,1.668167,2.192667,24.090667,1.855,57.669,100,100,100,61.8187,100,81.781,70,municipality,openstreetmap_geofabrik;openrouteservice,,2026-08-21T22:01:49Z,0.2.0,,"© OpenStreetMap contributors, ODbL 1.0; nearest five geographic candidates routed.",complete,81.781,81.781,100,,open_community,osm_cross_border_nearest5_ors,true
170097,Arbúcies,34,Selva,2026-08-20,31.075167,2.7795,2.122,0.687,17.224333,0.5775,48.5664,100,100,100,75.5513,100,82.2519,70,municipality,openstreetmap_geofabrik;openrouteservice,,2026-08-21T22:01:49Z,0.2.0,,"© OpenStreetMap contributors, ODbL 1.0; nearest five geographic candidates routed.",complete,82.2519,82.2519,100,,open_community,osm_cross_border_nearest5_ors,true
170101,Argelaguer,19,Garrotxa,2026-08-20,19.178833,8.087167,6.443667,3.1245,34.367167,6.752,71.6423,93.8257,97.1127,100,44.1771,96.496,79.892,70,municipality,openstreetmap_geofabrik;openrouteservice,,2026-08-21T22:01:49Z,0.2.0,,"© OpenStreetMap contributors, ODbL 1.0; nearest five geographic candidates routed.",complete,79.892,79.892,100,,open_community,osm_cross_border_nearest5_ors,true
170118,l'Armentera,02,Alt Empordà,2026-08-20,27.426833,2.114833,1.274167,2.104833,12.8245,1.452,55.1463,100,100,100,84.351,100,85.6568,70,municipality,openstreetmap_geofabrik;openrouteservice,,2026-08-21T22:01:49Z,0.2.0,,"© OpenStreetMap contributors, ODbL 1.0; nearest five geographic candidates routed.",complete,85.6568,85.6568,100,,open_community,osm_cross_border_nearest5_ors,true
170123,Avinyonet de Puigventós,02,Alt Empordà,2026-08-20,13.174667,1.833167,10.011333,1.289333,15.625,1.317667,83.6507,100,89.9773,100,78.75,100,89.6581,70,municipality,openstreetmap_geofabrik;openrouteservice,,2026-08-21T22:01:49Z,0.2.0,,"© OpenStreetMap contributors, ODbL 1.0; nearest five geographic candidates routed.",complete,89.6581,89.6581,100,,open_community,osm_cross_border_nearest5_ors,true
170139,Begur,10,Baix Empordà,2026-08-20,27.309,0.101,5.466167,4.520167,36.994167,3.6325,55.382,100,99.0677,100,40.6744,100,76.7939,70,municipality,openstreetmap_geofabrik;openrouteservice,,2026-08-21T22:01:49Z,0.2.0,,"© OpenStreetMap contributors, ODbL 1.0; nearest five geographic candidates routed.",complete,76.7939,76.7939,100,,open_community,osm_cross_border_nearest5_ors,true
170144,la Vajol,02,Alt Empordà,2026-08-20,29.317833,8.555167,15.745333,7.715833,31.5795,7.978333,51.3643,92.8897,78.5093,94.5683,47.894,94.0433,70.9163,70,municipality,openstreetmap_geofabrik;openrouteservice,,2026-08-21T22:01:49Z,0.2.0,,"© OpenStreetMap contributors, ODbL 1.0; nearest five geographic candidates routed.",complete,70.9163,70.9163,100,,open_community,osm_cross_border_nearest5_ors,true
170157,Banyoles,28,Pla de l'Estany,2026-08-20,3.092667,2.039333,0.751167,2.710833,23.944,0.828167,100,100,100,100,62.112,100,92.4224,70,municipality,openstreetmap_geofabrik;openrouteservice,,2026-08-21T22:01:49Z,0.2.0,,"© OpenStreetMap contributors, ODbL 1.0; nearest five geographic candidates routed.",complete,92.4224,92.4224,100,,open_community,osm_cross_border_nearest5_ors,true
170160,Bàscara,02,Alt Empordà,2026-08-20,24.211833,1.3535,0.661667,1.24,10.620333,0.984667,61.5763,100,100,100,88.7593,100,88.1459,70,municipality,openstreetmap_geofabrik;openrouteservice,,2026-08-21T22:01:49Z,0.2.0,,"© OpenStreetMap contributors, ODbL 1.0; nearest five geographic candidates routed.",complete,88.1459,88.1459,100,,open_community,osm_cross_border_nearest5_ors,true
170182,Bellcaire d'Empordà,10,Baix Empordà,2026-08-20,33.625167,10.666667,7.030667,5.066833,19.022667,1.654667,45.1664,88.6667,95.9387,99.8663,71.9547,100,78.1569,70,municipality,openstreetmap_geofabrik;openrouteservice,,2026-08-21T22:01:49Z,0.2.0,,"© OpenStreetMap contributors, ODbL 1.0; nearest five geographic candidates routed.",complete,78.1569,78.1569,100,,open_community,osm_cross_border_nearest5_ors,true
170195,Besalú,19,Garrotxa,2026-08-20,19.373667,3.409,0.621833,1.299,32.087333,1.1745,71.2527,100,100,100,47.2169,100,82.2566,70,municipality,openstreetmap_geofabrik;openrouteservice,,2026-08-21T22:01:49Z,0.2.0,,"© OpenStreetMap contributors, ODbL 1.0; nearest five geographic candidates routed.",complete,82.2566,82.2566,100,,open_community,osm_cross_border_nearest5_ors,true
170209,Bescanó,20,Gironès,2026-08-20,20.805333,7.96,0.518333,3.2155,16.473667,0.675667,68.3893,94.08,100,100,77.0527,100,86.6199,70,municipality,openstreetmap_geofabrik;openrouteservice,,2026-08-21T22:01:49Z,0.2.0,,"© OpenStreetMap contributors, ODbL 1.0; nearest five geographic candidates routed.",complete,86.6199,86.6199,100,,open_community,osm_cross_border_nearest5_ors,true
170216,Beuda,19,Garrotxa,2026-08-20,24.502667,8.019667,9.748833,9.3665,35.668167,9.196,60.9947,93.9607,90.5023,91.267,42.4424,91.608,74.2192,70,municipality,openstreetmap_geofabrik;openrouteservice,,2026-08-21T22:01:49Z,0.2.0,,"© OpenStreetMap contributors, ODbL 1.0; nearest five geographic candidates routed.",complete,74.2192,74.2192,100,,open_community,osm_cross_border_nearest5_ors,true
170221,la Bisbal d'Empordà,10,Baix Empordà,2026-08-20,30.523833,3.427,2.3335,2.339,17.794,1.9975,49.3016,100,100,100,74.412,100,82.2078,70,municipality,openstreetmap_geofabrik;openrouteservice,,2026-08-21T22:01:49Z,0.2.0,,"© OpenStreetMap contributors, ODbL 1.0; nearest five geographic candidates routed.",complete,82.2078,82.2078,100,,open_community,osm_cross_border_nearest5_ors,true
170237,Blanes,34,Selva,2026-08-20,3.87,3.568167,1.2315,2.962333,7.950167,0.300167,100,100,100,100,94.0997,100,98.8199,70,municipality,openstreetmap_geofabrik;openrouteservice,,2026-08-21T22:01:49Z,0.2.0,,"© OpenStreetMap contributors, ODbL 1.0; nearest five geographic candidates routed.",complete,98.8199,98.8199,100,,open_community,osm_cross_border_nearest5_ors,true
170242,Bolvir,15,Cerdanya,2026-08-20,4.4475,11.835167,7.202333,1.382167,9.407833,4.505167,100,86.3297,95.5953,100,91.1843,100,95.3054,70,municipality,openstreetmap_geofabrik;openrouteservice,,2026-08-21T22:01:49Z,0.2.0,,"© OpenStreetMap contributors, ODbL 1.0; nearest five geographic candidates routed.",complete,95.3054,95.3054,100,,open_community,osm_cross_border_nearest5_ors,true
170255,Bordils,20,Gironès,2026-08-20,23.447167,5.363333,6.0455,1.007667,1.788833,2.047667,63.1057,99.2733,97.909,100,100,100,90.2492,70,municipality,openstreetmap_geofabrik;openrouteservice,,2026-08-21T22:01:49Z,0.2.0,,"© OpenStreetMap contributors, ODbL 1.0; nearest five geographic candidates routed.",complete,90.2492,90.2492,100,,open_community,osm_cross_border_nearest5_ors,true
170268,Borrassà,02,Alt Empordà,2026-08-20,12.880667,0.123833,9.717167,1.240333,9.941167,0.599333,84.2387,100,90.5657,100,90.1177,100,92.1964,70,municipality,openstreetmap_geofabrik;openrouteservice,,2026-08-21T22:01:49Z,0.2.0,,"© OpenStreetMap contributors, ODbL 1.0; nearest five geographic candidates routed.",complete,92.1964,92.1964,100,,open_community,osm_cross_border_nearest5_ors,true
170274,Breda,34,Selva,2026-08-20,19.27,2.357833,1.075667,3.266833,5.206667,1.1865,71.46,100,100,100,99.5867,100,92.7823,70,municipality,openstreetmap_geofabrik;openrouteservice,,2026-08-21T22:01:49Z,0.2.0,,"© OpenStreetMap contributors, ODbL 1.0; nearest five geographic candidates routed.",complete,92.7823,92.7823,100,,open_community,osm_cross_border_nearest5_ors,true
170280,Brunyola i Sant Martí Sapresa,34,Selva,2026-08-20,20.566,9.969667,10.042333,8.888833,18.491167,9.620833,68.868,90.0607,89.9153,92.2223,73.0177,90.7583,81.6108,70,municipality,openstreetmap_geofabrik;openrouteservice,,2026-08-21T22:01:49Z,0.2.0,,"© OpenStreetMap contributors, ODbL 1.0; nearest five geographic candidates routed.",complete,81.6108,81.6108,100,,open_community,osm_cross_border_nearest5_ors,true
170293,Boadella i les Escaules,02,Alt Empordà,2026-08-20,21.534167,0.964667,11.648167,0.863833,24.738,11.405167,66.9317,100,86.7037,100,60.524,87.1897,79.8974,70,municipality,openstreetmap_geofabrik;openrouteservice,,2026-08-21T22:01:49Z,0.2.0,,"© OpenStreetMap contributors, ODbL 1.0; nearest five geographic candidates routed.",complete,79.8974,79.8974,100,,open_community,osm_cross_border_nearest5_ors,true
170307,Cabanes,02,Alt Empordà,2026-08-20,10.739333,1.265667,8.387167,1.363167,11.680833,1.125,88.5213,100,93.2257,100,86.6383,100,93.1031,70,municipality,openstreetmap_geofabrik;openrouteservice,,2026-08-21T22:01:49Z,0.2.0,,"© OpenStreetMap contributors, ODbL 1.0; nearest five geographic candidates routed.",complete,93.1031,93.1031,100,,open_community,osm_cross_border_nearest5_ors,true
170314,Cabanelles,02,Alt Empordà,2026-08-20,23.022167,3.674333,3.2095,3.695333,20.855,3.384833,63.9557,100,100,100,68.29,100,84.6469,70,municipality,openstreetmap_geofabrik;openrouteservice,,2026-08-21T22:01:49Z,0.2.0,,"© OpenStreetMap contributors, ODbL 1.0; nearest five geographic candidates routed.",complete,84.6469,84.6469,100,,open_community,osm_cross_border_nearest5_ors,true
170329,Cadaqués,02,Alt Empordà,2026-08-20,51.246167,22.641167,5.8405,9.772667,32.907,6.5965,21.6718,64.7177,98.319,90.4547,46.124,96.807,62.7404,70,municipality,openstreetmap_geofabrik;openrouteservice,,2026-08-21T22:01:49Z,0.2.0,,"© OpenStreetMap contributors, ODbL 1.0; nearest five geographic candidates routed.",complete,62.7404,62.7404,100,,open_community,osm_cross_border_nearest5_ors,true
170335,Caldes de Malavella,34,Selva,2026-08-20,14.1975,1.318833,1.216167,2.2335,3.3705,0.944833,81.605,100,100,100,100,100,95.4013,70,municipality,openstreetmap_geofabrik;openrouteservice,,2026-08-21T22:01:49Z,0.2.0,,"© OpenStreetMap contributors, ODbL 1.0; nearest five geographic candidates routed.",complete,95.4013,95.4013,100,,open_community,osm_cross_border_nearest5_ors,true
170340,Calonge i Sant Antoni,10,Baix Empordà,2026-08-20,15.504167,8.0415,2.121833,3.640667,35.204167,2.8645,78.9917,93.917,100,100,43.0611,100,82.4477,70,municipality,openstreetmap_geofabrik;openrouteservice,,2026-08-21T22:01:49Z,0.2.0,,"© OpenStreetMap contributors, ODbL 1.0; nearest five geographic candidates routed.",complete,82.4477,82.4477,100,,open_community,osm_cross_border_nearest5_ors,true
170353,Camós,28,Pla de l'Estany,2026-08-20,6.485833,5.836167,6.3525,7.517167,20.006167,2.244667,97.0283,98.3277,97.295,94.9657,69.9877,100,91.9593,70,municipality,openstreetmap_geofabrik;openrouteservice,,2026-08-21T22:01:49Z,0.2.0,,"© OpenStreetMap contributors, ODbL 1.0; nearest five geographic candidates routed.",complete,91.9593,91.9593,100,,open_community,osm_cross_border_nearest5_ors,true
170366,Campdevànol,31,Ripollès,2026-08-20,1.1955,2.032833,1.173333,0.712,1.311667,1.374333,100,100,100,100,100,100,100,70,municipality,openstreetmap_geofabrik;openrouteservice,,2026-08-21T22:01:49Z,0.2.0,,"© OpenStreetMap contributors, ODbL 1.0; nearest five geographic candidates routed.",complete,100,100,100,,open_community,osm_cross_border_nearest5_ors,true
170372,Campelles,31,Ripollès,2026-08-20,20.2345,9.587167,8.635333,9.857,8.1385,9.912833,69.531,90.8257,92.7293,90.286,93.723,90.1743,86.3431,70,municipality,openstreetmap_geofabrik;openrouteservice,,2026-08-21T22:01:49Z,0.2.0,,"© OpenStreetMap contributors, ODbL 1.0; nearest five geographic candidates routed.",complete,86.3431,86.3431,100,,open_community,osm_cross_border_nearest5_ors,true
170388,Campllong,20,Gironès,2026-08-20,20.327667,6.9105,4.439667,5.34,6.259167,4.559667,69.3447,96.179,100,99.32,97.4817,100,91.1914,70,municipality,openstreetmap_geofabrik;openrouteservice,,2026-08-21T22:01:49Z,0.2.0,,"© OpenStreetMap contributors, ODbL 1.0; nearest five geographic candidates routed.",complete,91.1914,91.1914,100,,open_community,osm_cross_border_nearest5_ors,true
170391,Camprodon,31,Ripollès,2026-08-20,37.709667,3.546,0.3065,3.118833,34.313167,1.966167,39.7204,100,100,100,44.2491,100,73.7799,70,municipality,openstreetmap_geofabrik;openrouteservice,,2026-08-21T22:01:49Z,0.2.0,,"© OpenStreetMap contributors, ODbL 1.0; nearest five geographic candidates routed.",complete,73.7799,73.7799,100,,open_community,osm_cross_border_nearest5_ors,true
170405,Canet d'Adri,20,Gironès,2026-08-20,17.87,6.568,6.1325,4.911833,19.828,6.165333,74.26,96.864,97.735,100,70.344,97.6693,86.4773,70,municipality,openstreetmap_geofabrik;openrouteservice,,2026-08-21T22:01:49Z,0.2.0,,"© OpenStreetMap contributors, ODbL 1.0; nearest five geographic candidates routed.",complete,86.4773,86.4773,100,,open_community,osm_cross_border_nearest5_ors,true
170412,Cantallops,02,Alt Empordà,2026-08-20,24.751833,1.0785,7.304667,10.3705,26.096167,10.9375,60.4963,100,95.3907,89.259,57.8077,88.125,78.5022,70,municipality,openstreetmap_geofabrik;openrouteservice,,2026-08-21T22:01:49Z,0.2.0,,"© OpenStreetMap contributors, ODbL 1.0; nearest five geographic candidates routed.",complete,78.5022,78.5022,100,,open_community,osm_cross_border_nearest5_ors,true
170427,Capmany,02,Alt Empordà,2026-08-20,18.565,0.078833,8.6965,0.599833,21.768667,7.252667,72.87,100,92.607,100,66.4627,95.4947,84.5809,70,municipality,openstreetmap_geofabrik;openrouteservice,,2026-08-21T22:01:49Z,0.2.0,,"© OpenStreetMap contributors, ODbL 1.0; nearest five geographic candidates routed.",complete,84.5809,84.5809,100,,open_community,osm_cross_border_nearest5_ors,true
170433,Queralbs,31,Ripollès,2026-08-20,24.321167,12.269833,12.458833,11.3865,1.3025,11.880833,61.3577,85.4603,85.0823,87.227,100,86.2383,82.5215,70,municipality,openstreetmap_geofabrik;openrouteservice,,2026-08-21T22:01:49Z,0.2.0,,"© OpenStreetMap contributors, ODbL 1.0; nearest five geographic candidates routed.",complete,82.5215,82.5215,100,,open_community,osm_cross_border_nearest5_ors,true
170448,Cassà de la Selva,20,Gironès,2026-08-20,21.917667,3.045667,1.7625,2.097333,11.3175,0.806667,66.1647,100,100,100,87.365,100,89.0142,70,municipality,openstreetmap_geofabrik;openrouteservice,,2026-08-21T22:01:49Z,0.2.0,,"© OpenStreetMap contributors, ODbL 1.0; nearest five geographic candidates routed.",complete,89.0142,89.0142,100,,open_community,osm_cross_border_nearest5_ors,true
170464,Castellfollit de la Roca,19,Garrotxa,2026-08-20,11.477667,9.562833,0.276667,1.317167,44.492667,0.191833,87.0447,90.8743,100,100,30.6764,100,81.5276,70,municipality,openstreetmap_geofabrik;openrouteservice,,2026-08-21T22:01:49Z,0.2.0,,"© OpenStreetMap contributors, ODbL 1.0; nearest five geographic candidates routed.",complete,81.5276,81.5276,100,,open_community,osm_cross_border_nearest5_ors,true
170470,Castelló d'Empúries,02,Alt Empordà,2026-08-20,20.464667,7.4225,2.312833,1.498167,14.707667,0.350167,69.0707,95.155,100,100,80.5847,100,87.6579,70,municipality,openstreetmap_geofabrik;openrouteservice,,2026-08-21T22:01:49Z,0.2.0,,"© OpenStreetMap contributors, ODbL 1.0; nearest five geographic candidates routed.",complete,87.6579,87.6579,100,,open_community,osm_cross_border_nearest5_ors,true
170486,"Castell d'Aro, Platja d'Aro i s'Agaró",10,Baix Empordà,2026-08-20,10.609,6.4125,2.388167,4.143833,32.154167,1.9125,88.782,97.175,100,100,47.1278,100,86.1973,70,municipality,openstreetmap_geofabrik;openrouteservice,,2026-08-21T22:01:49Z,0.2.0,,"© OpenStreetMap contributors, ODbL 1.0; nearest five geographic candidates routed.",complete,86.1973,86.1973,100,,open_community,osm_cross_border_nearest5_ors,true
170499,Celrà,20,Gironès,2026-08-20,17.817,2.5145,1.279333,1.759833,2.537833,1.413167,74.366,100,100,100,100,100,93.5915,70,municipality,openstreetmap_geofabrik;openrouteservice,,2026-08-21T22:01:49Z,0.2.0,,"© OpenStreetMap contributors, ODbL 1.0; nearest five geographic candidates routed.",complete,93.5915,93.5915,100,,open_community,osm_cross_border_nearest5_ors,true
170502,Cervià de Ter,20,Gironès,2026-08-20,20.626667,1.2535,0.508667,1.524333,7.3715,0.998167,68.7467,100,100,100,95.257,100,91.2381,70,municipality,openstreetmap_geofabrik;openrouteservice,,2026-08-21T22:01:49Z,0.2.0,,"© OpenStreetMap contributors, ODbL 1.0; nearest five geographic candidates routed.",complete,91.2381,91.2381,100,,open_community,osm_cross_border_nearest5_ors,true
170519,Cistella,02,Alt Empordà,2026-08-20,19.462,0.565833,0.185167,0.963167,21.912167,6.0795,71.076,100,100,100,66.1757,97.841,85.7882,70,municipality,openstreetmap_geofabrik;openrouteservice,,2026-08-21T22:01:49Z,0.2.0,,"© OpenStreetMap contributors, ODbL 1.0; nearest five geographic candidates routed.",complete,85.7882,85.7882,100,,open_community,osm_cross_border_nearest5_ors,true
170524,Siurana,02,Alt Empordà,2026-08-20,18.994833,5.515,12.569167,4.081167,5.152667,11.995333,72.0103,98.97,84.8617,100,99.6947,86.0093,88.3603,70,municipality,openstreetmap_geofabrik;openrouteservice,,2026-08-21T22:01:49Z,0.2.0,,"© OpenStreetMap contributors, ODbL 1.0; nearest five geographic candidates routed.",complete,88.3603,88.3603,100,,open_community,osm_cross_border_nearest5_ors,true
170545,Colera,02,Alt Empordà,2026-08-20,23.706,0.290667,0.1285,0.711,2.328333,0.916,62.588,100,100,100,100,100,90.647,70,municipality,openstreetmap_geofabrik;openrouteservice,,2026-08-21T22:01:49Z,0.2.0,,"© OpenStreetMap contributors, ODbL 1.0; nearest five geographic candidates routed.",complete,90.647,90.647,100,,open_community,osm_cross_border_nearest5_ors,true
170558,Colomers,10,Baix Empordà,2026-08-20,27.640167,1.270833,8.268167,7.688,7.219667,6.188667,54.7197,100,93.4637,94.624,95.5607,97.6227,85.7095,70,municipality,openstreetmap_geofabrik;openrouteservice,,2026-08-21T22:01:49Z,0.2.0,,"© OpenStreetMap contributors, ODbL 1.0; nearest five geographic candidates routed.",complete,85.7095,85.7095,100,,open_community,osm_cross_border_nearest5_ors,true
170561,Cornellà del Terri,28,Pla de l'Estany,2026-08-20,11.616833,8.5765,2.562333,10.471167,17.206667,1.861667,86.7663,92.847,100,89.0577,75.5867,100,89.6417,70,municipality,openstreetmap_geofabrik;openrouteservice,,2026-08-21T22:01:49Z,0.2.0,,"© OpenStreetMap contributors, ODbL 1.0; nearest five geographic candidates routed.",complete,89.6417,89.6417,100,,open_community,osm_cross_border_nearest5_ors,true
170577,Corçà,10,Baix Empordà,2026-08-20,33.136667,8.083667,2.269667,0.866667,8.695,1.3035,45.8178,93.8327,100,100,92.61,100,84.0514,70,municipality,openstreetmap_geofabrik;openrouteservice,,2026-08-21T22:01:49Z,0.2.0,,"© OpenStreetMap contributors, ODbL 1.0; nearest five geographic candidates routed.",complete,84.0514,84.0514,100,,open_community,osm_cross_border_nearest5_ors,true
170583,Crespià,28,Pla de l'Estany,2026-08-20,20.865,12.958,12.493,12.978833,25.854,12.124167,68.27,84.084,85.014,84.0423,58.292,85.7517,75.3207,70,municipality,openstreetmap_geofabrik;openrouteservice,,2026-08-21T22:01:49Z,0.2.0,,"© OpenStreetMap contributors, ODbL 1.0; nearest five geographic candidates routed.",complete,75.3207,75.3207,100,,open_community,osm_cross_border_nearest5_ors,true
170600,Darnius,02,Alt Empordà,2026-08-20,21.923833,0.178333,0.214333,1.036,25.1275,0.942667,66.1523,100,100,100,59.745,100,83.4871,70,municipality,openstreetmap_geofabrik;openrouteservice,,2026-08-21T22:01:49Z,0.2.0,,"© OpenStreetMap contributors, ODbL 1.0; nearest five geographic candidates routed.",complete,83.4871,83.4871,100,,open_community,osm_cross_border_nearest5_ors,true
170617,Das,15,Cerdanya,2026-08-20,17.018667,6.778833,4.1545,4.743333,7.7675,3.822667,75.9627,96.4423,100,100,94.465,100,92.35,70,municipality,openstreetmap_geofabrik;openrouteservice,,2026-08-21T22:01:49Z,0.2.0,,"© OpenStreetMap contributors, ODbL 1.0; nearest five geographic candidates routed.",complete,92.35,92.35,100,,open_community,osm_cross_border_nearest5_ors,true
170622,l'Escala,02,Alt Empordà,2026-08-20,35.454,4.471667,1.3905,1.5435,20.8515,1.629833,42.728,100,100,100,68.297,100,79.3414,70,municipality,openstreetmap_geofabrik;openrouteservice,,2026-08-21T22:01:49Z,0.2.0,,"© OpenStreetMap contributors, ODbL 1.0; nearest five geographic candidates routed.",complete,79.3414,79.3414,100,,open_community,osm_cross_border_nearest5_ors,true
170638,Espinelves,24,Osona,2026-08-20,19.999667,10.488,10.991167,11.6065,22.141667,10.795,70.0007,89.024,88.0177,86.787,65.7167,88.41,79.1204,70,municipality,openstreetmap_geofabrik;openrouteservice,,2026-08-21T22:01:49Z,0.2.0,,"© OpenStreetMap contributors, ODbL 1.0; nearest five geographic candidates routed.",complete,79.1204,79.1204,100,,open_community,osm_cross_border_nearest5_ors,true
170643,Espolla,02,Alt Empordà,2026-08-20,21.543167,4.317833,13.109167,1.471833,16.297833,4.768167,66.9137,100,83.7817,100,77.4043,100,83.9656,70,municipality,openstreetmap_geofabrik;openrouteservice,,2026-08-21T22:01:49Z,0.2.0,,"© OpenStreetMap contributors, ODbL 1.0; nearest five geographic candidates routed.",complete,83.9656,83.9656,100,,open_community,osm_cross_border_nearest5_ors,true
170656,Esponellà,28,Pla de l'Estany,2026-08-20,15.7725,9.132,13.467333,14.423833,23.815333,7.031667,78.455,91.736,83.0653,81.1523,62.3693,95.9367,80.17,70,municipality,openstreetmap_geofabrik;openrouteservice,,2026-08-21T22:01:49Z,0.2.0,,"© OpenStreetMap contributors, ODbL 1.0; nearest five geographic candidates routed.",complete,80.17,80.17,100,,open_community,osm_cross_border_nearest5_ors,true
170669,Figueres,02,Alt Empordà,2026-08-20,3.2375,1.477667,1.696,2.687,4.32,0.4725,100,100,100,100,100,100,100,70,municipality,openstreetmap_geofabrik;openrouteservice,,2026-08-21T22:01:49Z,0.2.0,,"© OpenStreetMap contributors, ODbL 1.0; nearest five geographic candidates routed.",complete,100,100,100,,open_community,osm_cross_border_nearest5_ors,true
170675,Flaçà,20,Gironès,2026-08-20,27.054833,0.833333,8.795333,5.587167,0.3375,0.483833,55.8903,100,92.4093,98.8257,100,100,87.337,70,municipality,openstreetmap_geofabrik;openrouteservice,,2026-08-21T22:01:49Z,0.2.0,,"© OpenStreetMap contributors, ODbL 1.0; nearest five geographic candidates routed.",complete,87.337,87.337,100,,open_community,osm_cross_border_nearest5_ors,true
170681,Foixà,10,Baix Empordà,2026-08-20,33.494833,8.650333,9.014,8.804667,9.053,7.328667,45.3402,92.6993,91.972,92.3907,91.894,95.3427,80.7865,70,municipality,openstreetmap_geofabrik;openrouteservice,,2026-08-21T22:01:49Z,0.2.0,,"© OpenStreetMap contributors, ODbL 1.0; nearest five geographic candidates routed.",complete,80.7865,80.7865,100,,open_community,osm_cross_border_nearest5_ors,true
170694,Fontanals de Cerdanya,15,Cerdanya,2026-08-20,12.674667,11.9155,7.433333,6.836333,2.770667,6.3035,84.6507,86.169,95.1333,96.3273,100,97.393,92.4867,70,municipality,openstreetmap_geofabrik;openrouteservice,,2026-08-21T22:01:49Z,0.2.0,,"© OpenStreetMap contributors, ODbL 1.0; nearest five geographic candidates routed.",complete,92.4867,92.4867,100,,open_community,osm_cross_border_nearest5_ors,true
170708,Fontanilles,10,Baix Empordà,2026-08-20,33.955333,5.404167,8.576333,13.792,24.612,11.7265,44.7262,99.1917,92.8473,82.416,60.776,86.547,73.6813,70,municipality,openstreetmap_geofabrik;openrouteservice,,2026-08-21T22:01:49Z,0.2.0,,"© OpenStreetMap contributors, ODbL 1.0; nearest five geographic candidates routed.",complete,73.6813,73.6813,100,,open_community,osm_cross_border_nearest5_ors,true
170715,Fontcoberta,28,Pla de l'Estany,2026-08-20,12.343667,5.100167,10.212667,12.8115,24.338667,5.419333,85.3127,99.7997,89.5747,84.377,61.3227,99.1613,84.8314,70,municipality,openstreetmap_geofabrik;openrouteservice,,2026-08-21T22:01:49Z,0.2.0,,"© OpenStreetMap contributors, ODbL 1.0; nearest five geographic candidates routed.",complete,84.8314,84.8314,100,,open_community,osm_cross_border_nearest5_ors,true
170736,Fornells de la Selva,20,Gironès,2026-08-20,21.713833,13.556333,9.1045,1.86,3.3045,2.222667,66.5723,82.8873,91.791,100,100,100,87.4344,70,municipality,openstreetmap_geofabrik;openrouteservice,,2026-08-21T22:01:49Z,0.2.0,,"© OpenStreetMap contributors, ODbL 1.0; nearest five geographic candidates routed.",complete,87.4344,87.4344,100,,open_community,osm_cross_border_nearest5_ors,true
170741,Fortià,02,Alt Empordà,2026-08-20,20.417167,0.732,6.388667,1.622833,13.277667,1.979,69.1657,100,97.2227,100,83.4447,100,88.4249,70,municipality,openstreetmap_geofabrik;openrouteservice,,2026-08-21T22:01:49Z,0.2.0,,"© OpenStreetMap contributors, ODbL 1.0; nearest five geographic candidates routed.",complete,88.4249,88.4249,100,,open_community,osm_cross_border_nearest5_ors,true
170754,Garrigàs,02,Alt Empordà,2026-08-20,19.667667,1.193,9.326833,1.0885,6.9355,9.65,70.6647,100,91.3463,100,96.129,90.7,89.2312,70,municipality,openstreetmap_geofabrik;openrouteservice,,2026-08-21T22:01:49Z,0.2.0,,"© OpenStreetMap contributors, ODbL 1.0; nearest five geographic candidates routed.",complete,89.2312,89.2312,100,,open_community,osm_cross_border_nearest5_ors,true
170767,Garrigoles,10,Baix Empordà,2026-08-20,33.639333,8.355167,18.7235,9.040667,9.3615,9.437,45.1476,93.2897,72.553,91.9187,91.277,91.126,76.3508,70,municipality,openstreetmap_geofabrik;openrouteservice,,2026-08-21T22:01:49Z,0.2.0,,"© OpenStreetMap contributors, ODbL 1.0; nearest five geographic candidates routed.",complete,76.3508,76.3508,100,,open_community,osm_cross_border_nearest5_ors,true
170773,Garriguella,02,Alt Empordà,2026-08-20,21.658667,1.8055,6.982667,9.9435,5.884833,0.964167,66.6827,100,96.0347,90.113,98.2303,100,89.535,70,municipality,openstreetmap_geofabrik;openrouteservice,,2026-08-21T22:01:49Z,0.2.0,,"© OpenStreetMap contributors, ODbL 1.0; nearest five geographic candidates routed.",complete,89.535,89.535,100,,open_community,osm_cross_border_nearest5_ors,true
170789,Ger,15,Cerdanya,2026-08-20,0.952167,12.351,10.985167,1.9405,13.190667,1.2205,100,85.298,88.0297,100,83.6187,100,92.1244,70,municipality,openstreetmap_geofabrik;openrouteservice,,2026-08-21T22:01:49Z,0.2.0,,"© OpenStreetMap contributors, ODbL 1.0; nearest five geographic candidates routed.",complete,92.1244,92.1244,100,,open_community,osm_cross_border_nearest5_ors,true
170792,Girona,20,Gironès,2026-08-20,7.818833,1.435,0.466,2.727167,5.009667,0.664167,94.3623,100,100,100,99.9807,100,98.5867,70,municipality,openstreetmap_geofabrik;openrouteservice,,2026-08-21T22:01:49Z,0.2.0,,"© OpenStreetMap contributors, ODbL 1.0; nearest five geographic candidates routed.",complete,98.5867,98.5867,100,,open_community,osm_cross_border_nearest5_ors,true
170806,Gombrèn,31,Ripollès,2026-08-20,10.008833,10.846167,9.986667,11.4315,10.086333,10.342667,89.9823,88.3077,90.0267,87.137,89.8273,89.3147,89.3577,70,municipality,openstreetmap_geofabrik;openrouteservice,,2026-08-21T22:01:49Z,0.2.0,,"© OpenStreetMap contributors, ODbL 1.0; nearest five geographic candidates routed.",complete,89.3577,89.3577,100,,open_community,osm_cross_border_nearest5_ors,true
170813,Gualta,10,Baix Empordà,2026-08-20,35.6755,5.903167,5.543,8.956333,18.767167,6.890833,42.4327,98.1937,98.914,92.0873,72.4657,96.2183,78.4437,70,municipality,openstreetmap_geofabrik;openrouteservice,,2026-08-21T22:01:49Z,0.2.0,,"© OpenStreetMap contributors, ODbL 1.0; nearest five geographic candidates routed.",complete,78.4437,78.4437,100,,open_community,osm_cross_border_nearest5_ors,true
170828,Guils de Cerdanya,15,Cerdanya,2026-08-20,12.946167,12.948667,11.505,8.439833,9.987167,10.227167,84.1077,84.1027,86.99,93.1203,90.0257,89.5457,87.3121,70,municipality,openstreetmap_geofabrik;openrouteservice,,2026-08-21T22:01:49Z,0.2.0,,"© OpenStreetMap contributors, ODbL 1.0; nearest five geographic candidates routed.",complete,87.3121,87.3121,100,,open_community,osm_cross_border_nearest5_ors,true
170834,Hostalric,34,Selva,2026-08-20,20.189,9.714167,3.5855,2.801833,5.237333,3.447333,69.622,90.5717,100,100,99.5253,100,90.8963,70,municipality,openstreetmap_geofabrik;openrouteservice,,2026-08-21T22:01:49Z,0.2.0,,"© OpenStreetMap contributors, ODbL 1.0; nearest five geographic candidates routed.",complete,90.8963,90.8963,100,,open_community,osm_cross_border_nearest5_ors,true
170849,Isòvol,15,Cerdanya,2026-08-20,4.289833,10.746167,11.121333,5.084667,16.2425,4.3475,100,88.5077,87.7573,99.8307,77.515,100,91.3137,70,municipality,openstreetmap_geofabrik;openrouteservice,,2026-08-21T22:01:49Z,0.2.0,,"© OpenStreetMap contributors, ODbL 1.0; nearest five geographic candidates routed.",complete,91.3137,91.3137,100,,open_community,osm_cross_border_nearest5_ors,true
170852,Jafre,10,Baix Empordà,2026-08-20,29.970833,4.082333,10.598833,4.223167,9.550333,4.619333,50.0583,100,88.8023,100,90.8993,100,83.4549,70,municipality,openstreetmap_geofabrik;openrouteservice,,2026-08-21T22:01:49Z,0.2.0,,"© OpenStreetMap contributors, ODbL 1.0; nearest five geographic candidates routed.",complete,83.4549,83.4549,100,,open_community,osm_cross_border_nearest5_ors,true
170865,la Jonquera,02,Alt Empordà,2026-08-20,18.3455,2.096167,1.387333,1.4615,20.5455,1.2785,73.309,100,100,100,68.909,100,87.109,70,municipality,openstreetmap_geofabrik;openrouteservice,,2026-08-21T22:01:49Z,0.2.0,,"© OpenStreetMap contributors, ODbL 1.0; nearest five geographic candidates routed.",complete,87.109,87.109,100,,open_community,osm_cross_border_nearest5_ors,true
170871,Juià,20,Gironès,2026-08-20,22.9335,4.509,6.395833,6.198333,6.619167,5.478833,64.133,100,97.2083,97.6033,96.7617,99.0423,89.4918,70,municipality,openstreetmap_geofabrik;openrouteservice,,2026-08-21T22:01:49Z,0.2.0,,"© OpenStreetMap contributors, ODbL 1.0; nearest five geographic candidates routed.",complete,89.4918,89.4918,100,,open_community,osm_cross_border_nearest5_ors,true
170887,Lladó,02,Alt Empordà,2026-08-20,24.096667,0.144333,0.507833,1.847167,21.9295,0.100667,61.8067,100,100,100,66.141,100,83.6799,70,municipality,openstreetmap_geofabrik;openrouteservice,,2026-08-21T22:01:49Z,0.2.0,,"© OpenStreetMap contributors, ODbL 1.0; nearest five geographic candidates routed.",complete,83.6799,83.6799,100,,open_community,osm_cross_border_nearest5_ors,true
170890,Llagostera,20,Gironès,2026-08-20,18.603667,2.945167,2.556333,4.956833,12.561667,3.3145,72.7927,100,100,100,84.8767,100,90.1735,70,municipality,openstreetmap_geofabrik;openrouteservice,,2026-08-21T22:01:49Z,0.2.0,,"© OpenStreetMap contributors, ODbL 1.0; nearest five geographic candidates routed.",complete,90.1735,90.1735,100,,open_community,osm_cross_border_nearest5_ors,true
170904,Llambilles,20,Gironès,2026-08-20,22.447167,9.492,5.540667,7.032667,11.455,2.478667,65.1057,91.016,98.9187,95.9347,87.09,100,86.724,70,municipality,openstreetmap_geofabrik;openrouteservice,,2026-08-21T22:01:49Z,0.2.0,,"© OpenStreetMap contributors, ODbL 1.0; nearest five geographic candidates routed.",complete,86.724,86.724,100,,open_community,osm_cross_border_nearest5_ors,true
170911,Llanars,31,Ripollès,2026-08-20,40.626167,8.029,5.162,0.497833,47.3155,0.624333,35.8318,93.942,99.676,100,26.9127,100,68.367,70,municipality,openstreetmap_geofabrik;openrouteservice,,2026-08-21T22:01:49Z,0.2.0,,"© OpenStreetMap contributors, ODbL 1.0; nearest five geographic candidates routed.",complete,68.367,68.367,100,,open_community,osm_cross_border_nearest5_ors,true
170926,Llançà,02,Alt Empordà,2026-08-20,26.741333,1.7845,0.993667,2.301167,2.804667,0.168333,56.5173,100,100,100,100,100,89.1293,70,municipality,openstreetmap_geofabrik;openrouteservice,,2026-08-21T22:01:49Z,0.2.0,,"© OpenStreetMap contributors, ODbL 1.0; nearest five geographic candidates routed.",complete,89.1293,89.1293,100,,open_community,osm_cross_border_nearest5_ors,true
170932,Llers,02,Alt Empordà,2026-08-20,8.249167,9.351167,7.5375,5.5885,13.184167,0.256,93.5017,91.2977,94.925,98.823,83.6317,100,92.6637,70,municipality,openstreetmap_geofabrik;openrouteservice,,2026-08-21T22:01:49Z,0.2.0,,"© OpenStreetMap contributors, ODbL 1.0; nearest five geographic candidates routed.",complete,92.6637,92.6637,100,,open_community,osm_cross_border_nearest5_ors,true
170947,Llívia,15,Cerdanya,2026-08-20,9.475667,8.245,2.090667,4.260833,6.204667,3.515167,91.0487,93.51,100,100,97.5907,100,96.3068,70,municipality,openstreetmap_geofabrik;openrouteservice,,2026-08-21T22:01:49Z,0.2.0,,"© OpenStreetMap contributors, ODbL 1.0; nearest five geographic candidates routed.",complete,96.3068,96.3068,100,,open_community,osm_cross_border_nearest5_ors,true
170950,Lloret de Mar,34,Selva,2026-08-20,10.691333,2.3435,0.333,3.075667,16.158,0.2665,88.6173,100,100,100,77.684,100,92.6911,70,municipality,openstreetmap_geofabrik;openrouteservice,,2026-08-21T22:01:49Z,0.2.0,,"© OpenStreetMap contributors, ODbL 1.0; nearest five geographic candidates routed.",complete,92.6911,92.6911,100,,open_community,osm_cross_border_nearest5_ors,true
170963,les Llosses,31,Ripollès,2026-08-20,17.121,13.252833,8.913,12.263333,12.896667,11.4605,75.758,83.4943,92.174,85.4733,84.2067,87.079,83.995,70,municipality,openstreetmap_geofabrik;openrouteservice,,2026-08-21T22:01:49Z,0.2.0,,"© OpenStreetMap contributors, ODbL 1.0; nearest five geographic candidates routed.",complete,83.995,83.995,100,,open_community,osm_cross_border_nearest5_ors,true
170979,Madremanya,20,Gironès,2026-08-20,32.140667,13.3755,9.778333,9.201333,11.186333,9.4385,47.1458,83.249,90.4433,91.5973,87.6273,91.123,78.16,70,municipality,openstreetmap_geofabrik;openrouteservice,,2026-08-21T22:01:49Z,0.2.0,,"© OpenStreetMap contributors, ODbL 1.0; nearest five geographic candidates routed.",complete,78.16,78.16,100,,open_community,osm_cross_border_nearest5_ors,true
170985,Maià de Montcal,19,Garrotxa,2026-08-20,25.2085,0.823833,13.267833,12.8855,30.757833,12.715167,59.583,100,83.4643,84.229,48.9896,84.5697,73.2664,70,municipality,openstreetmap_geofabrik;openrouteservice,,2026-08-21T22:01:49Z,0.2.0,,"© OpenStreetMap contributors, ODbL 1.0; nearest five geographic candidates routed.",complete,73.2664,73.2664,100,,open_community,osm_cross_border_nearest5_ors,true
170998,Meranges,15,Cerdanya,2026-08-20,14.396333,21.814667,22.19,15.191333,26.349167,14.454,81.2073,66.3707,65.62,79.6173,57.3017,81.092,70.9127,70,municipality,openstreetmap_geofabrik;openrouteservice,,2026-08-21T22:01:49Z,0.2.0,,"© OpenStreetMap contributors, ODbL 1.0; nearest five geographic candidates routed.",complete,70.9127,70.9127,100,,open_community,osm_cross_border_nearest5_ors,true
171002,Masarac i Vilarnadal,02,Alt Empordà,2026-08-20,15.4865,4.000167,10.236,5.763167,16.427833,4.134,79.027,100,89.528,98.4737,77.1443,100,87.9386,70,municipality,openstreetmap_geofabrik;openrouteservice,,2026-08-21T22:01:49Z,0.2.0,,"© OpenStreetMap contributors, ODbL 1.0; nearest five geographic candidates routed.",complete,87.9386,87.9386,100,,open_community,osm_cross_border_nearest5_ors,true
171019,Massanes,34,Selva,2026-08-20,17.2305,11.996,8.957667,11.109333,7.438333,9.250333,75.539,86.008,92.0847,87.7813,95.1233,91.4993,87.1556,70,municipality,openstreetmap_geofabrik;openrouteservice,,2026-08-21T22:01:49Z,0.2.0,,"© OpenStreetMap contributors, ODbL 1.0; nearest five geographic candidates routed.",complete,87.1556,87.1556,100,,open_community,osm_cross_border_nearest5_ors,true
171024,Maçanet de Cabrenys,02,Alt Empordà,2026-08-20,30.875333,10.837167,7.130833,1.042833,34.079,0.141167,48.8329,88.3257,95.7383,100,44.5613,100,73.517,70,municipality,openstreetmap_geofabrik;openrouteservice,,2026-08-21T22:01:49Z,0.2.0,,"© OpenStreetMap contributors, ODbL 1.0; nearest five geographic candidates routed.",complete,73.517,73.517,100,,open_community,osm_cross_border_nearest5_ors,true
171030,Maçanet de la Selva,34,Selva,2026-08-20,14.478,10.3755,0.855667,2.79,12.911833,0.991,81.044,89.249,100,100,84.1763,100,90.4836,70,municipality,openstreetmap_geofabrik;openrouteservice,,2026-08-21T22:01:49Z,0.2.0,,"© OpenStreetMap contributors, ODbL 1.0; nearest five geographic candidates routed.",complete,90.4836,90.4836,100,,open_community,osm_cross_border_nearest5_ors,true
171058,Mieres,19,Garrotxa,2026-08-20,17.226167,11.177167,11.096333,1.720167,40.494833,11.542333,75.5477,87.6457,87.8073,100,36.0069,86.9153,75.4882,70,municipality,openstreetmap_geofabrik;openrouteservice,,2026-08-21T22:01:49Z,0.2.0,,"© OpenStreetMap contributors, ODbL 1.0; nearest five geographic candidates routed.",complete,75.4882,75.4882,100,,open_community,osm_cross_border_nearest5_ors,true
171061,Mollet de Peralada,02,Alt Empordà,2026-08-20,19.205167,3.249,6.946333,6.443167,13.453333,3.618,71.5897,100,96.1073,97.1137,83.0933,100,88.4489,70,municipality,openstreetmap_geofabrik;openrouteservice,,2026-08-21T22:01:49Z,0.2.0,,"© OpenStreetMap contributors, ODbL 1.0; nearest five geographic candidates routed.",complete,88.4489,88.4489,100,,open_community,osm_cross_border_nearest5_ors,true
171077,Molló,31,Ripollès,2026-08-20,46.800667,9.379667,9.469667,8.362667,56.6905,13.451167,27.5991,91.2407,91.0607,93.2747,14.4127,83.0977,59.3178,70,municipality,openstreetmap_geofabrik;openrouteservice,,2026-08-21T22:01:49Z,0.2.0,,"© OpenStreetMap contributors, ODbL 1.0; nearest five geographic candidates routed.",complete,59.3178,59.3178,100,,open_community,osm_cross_border_nearest5_ors,true
171096,Montagut i Oix,19,Garrotxa,2026-08-20,15.2955,13.006667,5.969167,0.594667,39.2865,1.657,79.409,83.9867,98.0617,100,37.618,100,79.5862,70,municipality,openstreetmap_geofabrik;openrouteservice,,2026-08-21T22:01:49Z,0.2.0,,"© OpenStreetMap contributors, ODbL 1.0; nearest five geographic candidates routed.",complete,79.5862,79.5862,100,,open_community,osm_cross_border_nearest5_ors,true
171100,Mont-ras,10,Baix Empordà,2026-08-20,14.726167,1.304833,4.0295,1.913833,35.633667,2.470833,80.5477,100,100,100,42.4884,100,83.6346,70,municipality,openstreetmap_geofabrik;openrouteservice,,2026-08-21T22:01:49Z,0.2.0,,"© OpenStreetMap contributors, ODbL 1.0; nearest five geographic candidates routed.",complete,83.6346,83.6346,100,,open_community,osm_cross_border_nearest5_ors,true
171117,Navata,02,Alt Empordà,2026-08-20,20.579333,1.239,1.228667,1.783333,18.412167,2.372833,68.8413,100,100,100,73.1757,100,86.8455,70,municipality,openstreetmap_geofabrik;openrouteservice,,2026-08-21T22:01:49Z,0.2.0,,"© OpenStreetMap contributors, ODbL 1.0; nearest five geographic candidates routed.",complete,86.8455,86.8455,100,,open_community,osm_cross_border_nearest5_ors,true
171122,Ogassa,31,Ripollès,2026-08-20,22.417167,18.244,6.212,0.028833,19.0205,6.901333,65.1657,73.512,97.576,100,71.959,96.1973,80.845,70,municipality,openstreetmap_geofabrik;openrouteservice,,2026-08-21T22:01:49Z,0.2.0,,"© OpenStreetMap contributors, ODbL 1.0; nearest five geographic candidates routed.",complete,80.845,80.845,100,,open_community,osm_cross_border_nearest5_ors,true
171143,Olot,19,Garrotxa,2026-08-20,6.235,5.917333,5.716,4.401833,40.8645,0.1235,97.53,98.1653,98.568,100,35.514,100,85.9237,70,municipality,openstreetmap_geofabrik;openrouteservice,,2026-08-21T22:01:49Z,0.2.0,,"© OpenStreetMap contributors, ODbL 1.0; nearest five geographic candidates routed.",complete,85.9237,85.9237,100,,open_community,osm_cross_border_nearest5_ors,true
171156,Ordis,02,Alt Empordà,2026-08-20,17.452333,0,8.848833,1.694833,12.138833,5.232,75.0953,100,92.3023,100,85.7223,99.536,89.3323,70,municipality,openstreetmap_geofabrik;openrouteservice,,2026-08-21T22:01:49Z,0.2.0,,"© OpenStreetMap contributors, ODbL 1.0; nearest five geographic candidates routed.",complete,89.3323,89.3323,100,,open_community,osm_cross_border_nearest5_ors,true
171169,Osor,34,Selva,2026-08-20,33.7615,9.388,8.231,1.014833,31.6865,8.5205,44.9847,91.224,93.538,100,47.7513,92.959,72.4835,70,municipality,openstreetmap_geofabrik;openrouteservice,,2026-08-21T22:01:49Z,0.2.0,,"© OpenStreetMap contributors, ODbL 1.0; nearest five geographic candidates routed.",complete,72.4835,72.4835,100,,open_community,osm_cross_border_nearest5_ors,true
171175,Palafrugell,10,Baix Empordà,2026-08-20,18.298667,2.045,2.009,1.923167,37.333833,1.331333,73.4027,100,100,100,40.2216,100,81.395,70,municipality,openstreetmap_geofabrik;openrouteservice,,2026-08-21T22:01:49Z,0.2.0,,"© OpenStreetMap contributors, ODbL 1.0; nearest five geographic candidates routed.",complete,81.395,81.395,100,,open_community,osm_cross_border_nearest5_ors,true
171181,Palamós,10,Baix Empordà,2026-08-20,4.150333,3.932833,2.986833,2.816,42.721,0.364167,100,100,100,100,33.0387,100,86.6077,70,municipality,openstreetmap_geofabrik;openrouteservice,,2026-08-21T22:01:49Z,0.2.0,,"© OpenStreetMap contributors, ODbL 1.0; nearest five geographic candidates routed.",complete,86.6077,86.6077,100,,open_community,osm_cross_border_nearest5_ors,true
171194,Palau de Santa Eulàlia,02,Alt Empordà,2026-08-20,21.920833,0.4645,11.112,4.1815,9.510167,10.000667,66.1583,100,87.776,100,90.9797,89.9987,86.2906,70,municipality,openstreetmap_geofabrik;openrouteservice,,2026-08-21T22:01:49Z,0.2.0,,"© OpenStreetMap contributors, ODbL 1.0; nearest five geographic candidates routed.",complete,86.2906,86.2906,100,,open_community,osm_cross_border_nearest5_ors,true
171208,Palau-saverdera,02,Alt Empordà,2026-08-20,30.560333,9.982833,2.997833,2.171167,12.148667,0.807167,49.2529,90.0343,100,100,85.7027,100,82.9589,70,municipality,openstreetmap_geofabrik;openrouteservice,,2026-08-21T22:01:49Z,0.2.0,,"© OpenStreetMap contributors, ODbL 1.0; nearest five geographic candidates routed.",complete,82.9589,82.9589,100,,open_community,osm_cross_border_nearest5_ors,true
171215,Palau-sator,10,Baix Empordà,2026-08-20,31.906,0.973833,10.66,10.389667,26.992833,11.1385,47.4587,100,88.68,89.2207,56.0143,87.723,73.4979,70,municipality,openstreetmap_geofabrik;openrouteservice,,2026-08-21T22:01:49Z,0.2.0,,"© OpenStreetMap contributors, ODbL 1.0; nearest five geographic candidates routed.",complete,73.4979,73.4979,100,,open_community,osm_cross_border_nearest5_ors,true
171236,Palol de Revardit,28,Pla de l'Estany,2026-08-20,12.234833,10.862333,7.751667,13.155333,15.139,7.274667,85.5303,88.2753,94.4967,83.6893,79.722,95.4507,87.3816,70,municipality,openstreetmap_geofabrik;openrouteservice,,2026-08-21T22:01:49Z,0.2.0,,"© OpenStreetMap contributors, ODbL 1.0; nearest five geographic candidates routed.",complete,87.3816,87.3816,100,,open_community,osm_cross_border_nearest5_ors,true
171241,Pals,10,Baix Empordà,2026-08-20,25.891,12.717333,7.0395,11.746333,29.482333,2.324333,58.218,84.5653,95.921,86.5073,51.0353,100,75.2813,70,municipality,openstreetmap_geofabrik;openrouteservice,,2026-08-21T22:01:49Z,0.2.0,,"© OpenStreetMap contributors, ODbL 1.0; nearest five geographic candidates routed.",complete,75.2813,75.2813,100,,open_community,osm_cross_border_nearest5_ors,true
171254,Pardines,31,Ripollès,2026-08-20,21.394667,9.343333,9.5325,8.460167,7.936833,9.418,67.2107,91.3133,90.935,93.0797,94.1263,91.164,85.9363,70,municipality,openstreetmap_geofabrik;openrouteservice,,2026-08-21T22:01:49Z,0.2.0,,"© OpenStreetMap contributors, ODbL 1.0; nearest five geographic candidates routed.",complete,85.9363,85.9363,100,,open_community,osm_cross_border_nearest5_ors,true
171267,Parlavà,10,Baix Empordà,2026-08-20,34.313167,9.468667,8.865333,7.387167,9.871333,1.684333,44.2491,91.0627,92.2693,95.2257,90.2573,100,80.7496,70,municipality,openstreetmap_geofabrik;openrouteservice,,2026-08-21T22:01:49Z,0.2.0,,"© OpenStreetMap contributors, ODbL 1.0; nearest five geographic candidates routed.",complete,80.7496,80.7496,100,,open_community,osm_cross_border_nearest5_ors,true
171289,Pau,02,Alt Empordà,2026-08-20,24.224167,5.549167,4.072333,1.057,5.812667,0.537,61.5517,98.9017,100,100,98.3747,100,89.8981,70,municipality,openstreetmap_geofabrik;openrouteservice,,2026-08-21T22:01:49Z,0.2.0,,"© OpenStreetMap contributors, ODbL 1.0; nearest five geographic candidates routed.",complete,89.8981,89.8981,100,,open_community,osm_cross_border_nearest5_ors,true
171292,Pedret i Marzà,02,Alt Empordà,2026-08-20,18.279667,8.610667,7.379,7.833167,6.281167,7.370667,73.4407,92.7787,95.242,94.3337,97.4377,95.2587,89.7722,70,municipality,openstreetmap_geofabrik;openrouteservice,,2026-08-21T22:01:49Z,0.2.0,,"© OpenStreetMap contributors, ODbL 1.0; nearest five geographic candidates routed.",complete,89.7722,89.7722,100,,open_community,osm_cross_border_nearest5_ors,true
171306,la Pera,10,Baix Empordà,2026-08-20,29.768167,4.923833,7.814333,1.786833,5.3265,5.472833,50.4637,100,94.3713,100,99.347,99.0543,86.265,70,municipality,openstreetmap_geofabrik;openrouteservice,,2026-08-21T22:01:49Z,0.2.0,,"© OpenStreetMap contributors, ODbL 1.0; nearest five geographic candidates routed.",complete,86.265,86.265,100,,open_community,osm_cross_border_nearest5_ors,true
171328,Peralada,02,Alt Empordà,2026-08-20,13.706,2.897333,1.188667,8.932833,11.274833,1.359667,82.588,100,100,92.1343,87.4503,100,92.3505,70,municipality,openstreetmap_geofabrik;openrouteservice,,2026-08-21T22:01:49Z,0.2.0,,"© OpenStreetMap contributors, ODbL 1.0; nearest five geographic candidates routed.",complete,92.3505,92.3505,100,,open_community,osm_cross_border_nearest5_ors,true
171334,les Planes d'Hostoles,19,Garrotxa,2026-08-20,24.931833,1.993,0.767833,7.574667,41.005167,1.525,60.1363,100,100,94.8507,35.3264,100,76.5844,70,municipality,openstreetmap_geofabrik;openrouteservice,,2026-08-21T22:01:49Z,0.2.0,,"© OpenStreetMap contributors, ODbL 1.0; nearest five geographic candidates routed.",complete,76.5844,76.5844,100,,open_community,osm_cross_border_nearest5_ors,true
171349,Planoles,31,Ripollès,2026-08-20,21.779667,10.282333,9.917333,0.8325,2.606833,9.427167,66.4407,89.4353,90.1653,100,100,91.1457,87.1731,70,municipality,openstreetmap_geofabrik;openrouteservice,,2026-08-21T22:01:49Z,0.2.0,,"© OpenStreetMap contributors, ODbL 1.0; nearest five geographic candidates routed.",complete,87.1731,87.1731,100,,open_community,osm_cross_border_nearest5_ors,true
171352,Pont de Molins,02,Alt Empordà,2026-08-20,10.4645,6.800667,10.199667,0.13,13.668167,7.309,89.071,96.3987,89.6007,100,82.6637,95.382,90.7186,70,municipality,openstreetmap_geofabrik;openrouteservice,,2026-08-21T22:01:49Z,0.2.0,,"© OpenStreetMap contributors, ODbL 1.0; nearest five geographic candidates routed.",complete,90.7186,90.7186,100,,open_community,osm_cross_border_nearest5_ors,true
171365,Pontós,02,Alt Empordà,2026-08-20,21.4605,0.054,5.468833,6.047333,10.866167,5.792,67.079,100,99.0623,97.9053,88.2677,98.416,88.8679,70,municipality,openstreetmap_geofabrik;openrouteservice,,2026-08-21T22:01:49Z,0.2.0,,"© OpenStreetMap contributors, ODbL 1.0; nearest five geographic candidates routed.",complete,88.8679,88.8679,100,,open_community,osm_cross_border_nearest5_ors,true
171371,Porqueres,28,Pla de l'Estany,2026-08-20,5.7235,3.177,3.067833,6.754833,18.579,1.604667,98.553,100,100,96.4903,72.842,100,93.8557,70,municipality,openstreetmap_geofabrik;openrouteservice,,2026-08-21T22:01:49Z,0.2.0,,"© OpenStreetMap contributors, ODbL 1.0; nearest five geographic candidates routed.",complete,93.8557,93.8557,100,,open_community,osm_cross_border_nearest5_ors,true
171387,Portbou,02,Alt Empordà,2026-08-20,17.0395,2.180167,2.544333,4.5395,4.158833,2.732833,75.921,100,100,100,100,100,93.9802,70,municipality,openstreetmap_geofabrik;openrouteservice,,2026-08-21T22:01:49Z,0.2.0,,"© OpenStreetMap contributors, ODbL 1.0; nearest five geographic candidates routed.",complete,93.9802,93.9802,100,,open_community,osm_cross_border_nearest5_ors,true
171390,les Preses,19,Garrotxa,2026-08-20,9.989167,5.806333,1.711833,1.242833,29.888833,2.317333,90.0217,98.3873,100,100,50.2223,100,87.308,70,municipality,openstreetmap_geofabrik;openrouteservice,,2026-08-21T22:01:49Z,0.2.0,,"© OpenStreetMap contributors, ODbL 1.0; nearest five geographic candidates routed.",complete,87.308,87.308,100,,open_community,osm_cross_border_nearest5_ors,true
171404,el Port de la Selva,02,Alt Empordà,2026-08-20,37.918333,1.629333,1.493167,2.384167,12.920333,1.326667,39.4422,100,100,100,84.1593,100,81.6924,70,municipality,openstreetmap_geofabrik;openrouteservice,,2026-08-21T22:01:49Z,0.2.0,,"© OpenStreetMap contributors, ODbL 1.0; nearest five geographic candidates routed.",complete,81.6924,81.6924,100,,open_community,osm_cross_border_nearest5_ors,true
171411,Puigcerdà,15,Cerdanya,2026-08-20,0.585,0.582333,1.956667,3.2765,0,2.552,100,100,100,100,100,100,100,70,municipality,openstreetmap_geofabrik;openrouteservice,,2026-08-21T22:01:49Z,0.2.0,,"© OpenStreetMap contributors, ODbL 1.0; nearest five geographic candidates routed.",complete,100,100,100,,open_community,osm_cross_border_nearest5_ors,true
171426,Quart,20,Gironès,2026-08-20,18.457333,7.418,0.298167,1.532167,11.533,1.345833,73.0853,95.164,100,100,86.934,100,89.9327,70,municipality,openstreetmap_geofabrik;openrouteservice,,2026-08-21T22:01:49Z,0.2.0,,"© OpenStreetMap contributors, ODbL 1.0; nearest five geographic candidates routed.",complete,89.9327,89.9327,100,,open_community,osm_cross_border_nearest5_ors,true
171432,Rabós,02,Alt Empordà,2026-08-20,24.300833,7.804167,11.844667,5.961667,12.417833,8.173167,61.3983,94.3917,86.3107,98.0767,85.1643,93.6537,82.9764,70,municipality,openstreetmap_geofabrik;openrouteservice,,2026-08-21T22:01:49Z,0.2.0,,"© OpenStreetMap contributors, ODbL 1.0; nearest five geographic candidates routed.",complete,82.9764,82.9764,100,,open_community,osm_cross_border_nearest5_ors,true
171447,Regencós,10,Baix Empordà,2026-08-20,22.3675,8.058833,6.870333,5.967333,31.694167,5.079667,65.265,93.8823,96.2593,98.0653,47.7411,99.8407,78.9893,70,municipality,openstreetmap_geofabrik;openrouteservice,,2026-08-21T22:01:49Z,0.2.0,,"© OpenStreetMap contributors, ODbL 1.0; nearest five geographic candidates routed.",complete,78.9893,78.9893,100,,open_community,osm_cross_border_nearest5_ors,true
171450,Ribes de Freser,31,Ripollès,2026-08-20,15.194167,3.142833,3.332,2.259667,2.257167,0.1685,79.6117,100,100,100,100,100,94.9029,70,municipality,openstreetmap_geofabrik;openrouteservice,,2026-08-21T22:01:49Z,0.2.0,,"© OpenStreetMap contributors, ODbL 1.0; nearest five geographic candidates routed.",complete,94.9029,94.9029,100,,open_community,osm_cross_border_nearest5_ors,true
171463,Riells i Viabrea,34,Selva,2026-08-20,14.0005,0.251333,2.1265,0.416167,2.185667,1.186167,81.999,100,100,100,100,100,95.4998,70,municipality,openstreetmap_geofabrik;openrouteservice,,2026-08-21T22:01:49Z,0.2.0,,"© OpenStreetMap contributors, ODbL 1.0; nearest five geographic candidates routed.",complete,95.4998,95.4998,100,,open_community,osm_cross_border_nearest5_ors,true
171479,Ripoll,31,Ripollès,2026-08-20,6.067333,2.366667,3.048167,0.807333,3.6415,0.41,97.8653,100,100,100,100,100,99.4663,70,municipality,openstreetmap_geofabrik;openrouteservice,,2026-08-21T22:01:49Z,0.2.0,,"© OpenStreetMap contributors, ODbL 1.0; nearest five geographic candidates routed.",complete,99.4663,99.4663,100,,open_community,osm_cross_border_nearest5_ors,true
171485,Riudarenes,34,Selva,2026-08-20,5.146167,1.261167,4.1585,2.59,7.066833,0.839167,99.7077,100,100,100,95.8663,100,99.1002,70,municipality,openstreetmap_geofabrik;openrouteservice,,2026-08-21T22:01:49Z,0.2.0,,"© OpenStreetMap contributors, ODbL 1.0; nearest five geographic candidates routed.",complete,99.1002,99.1002,100,,open_community,osm_cross_border_nearest5_ors,true
171498,Riudaura,19,Garrotxa,2026-08-20,11.080667,0.484333,10.649167,2.1405,38.139333,11.284,87.8387,100,88.7017,100,39.1476,87.432,81.2727,70,municipality,openstreetmap_geofabrik;openrouteservice,,2026-08-21T22:01:49Z,0.2.0,,"© OpenStreetMap contributors, ODbL 1.0; nearest five geographic candidates routed.",complete,81.2727,81.2727,100,,open_community,osm_cross_border_nearest5_ors,true
171501,Riudellots de la Selva,34,Selva,2026-08-20,14.054,9.585333,1.708667,1.268333,2.537167,1.104,81.892,90.8293,100,100,100,100,94.0974,70,municipality,openstreetmap_geofabrik;openrouteservice,,2026-08-21T22:01:49Z,0.2.0,,"© OpenStreetMap contributors, ODbL 1.0; nearest five geographic candidates routed.",complete,94.0974,94.0974,100,,open_community,osm_cross_border_nearest5_ors,true
171518,Riumors,02,Alt Empordà,2026-08-20,18.852833,4.924833,10.591333,5.8255,11.1185,6.025333,72.2943,100,88.8173,98.349,87.763,97.9493,88.0195,70,municipality,openstreetmap_geofabrik;openrouteservice,,2026-08-21T22:01:49Z,0.2.0,,"© OpenStreetMap contributors, ODbL 1.0; nearest five geographic candidates routed.",complete,88.0195,88.0195,100,,open_community,osm_cross_border_nearest5_ors,true
171523,Roses,02,Alt Empordà,2026-08-20,32.094333,2.638167,0.610333,3.219833,20.820333,0.686,47.2076,100,100,100,68.3593,100,80.4738,70,municipality,openstreetmap_geofabrik;openrouteservice,,2026-08-21T22:01:49Z,0.2.0,,"© OpenStreetMap contributors, ODbL 1.0; nearest five geographic candidates routed.",complete,80.4738,80.4738,100,,open_community,osm_cross_border_nearest5_ors,true
171539,Rupià,10,Baix Empordà,2026-08-20,32.915833,8.0715,8.010167,8.225667,8.474167,5.294,46.1122,93.857,93.9797,93.5487,93.0517,99.412,82.309,70,municipality,openstreetmap_geofabrik;openrouteservice,,2026-08-21T22:01:49Z,0.2.0,,"© OpenStreetMap contributors, ODbL 1.0; nearest five geographic candidates routed.",complete,82.309,82.309,100,,open_community,osm_cross_border_nearest5_ors,true
171544,Sales de Llierca,19,Garrotxa,2026-08-20,19.783333,11.512667,2.986167,2.835333,37.7925,3.7245,70.4333,86.9747,100,100,39.61,100,78.5765,70,municipality,openstreetmap_geofabrik;openrouteservice,,2026-08-21T22:01:49Z,0.2.0,,"© OpenStreetMap contributors, ODbL 1.0; nearest five geographic candidates routed.",complete,78.5765,78.5765,100,,open_community,osm_cross_border_nearest5_ors,true
171557,Salt,20,Gironès,2026-08-20,13.2265,2.875833,0.9255,2.087667,8.894833,0.823333,83.547,100,100,100,92.2103,100,94.3288,70,municipality,openstreetmap_geofabrik;openrouteservice,,2026-08-21T22:01:49Z,0.2.0,,"© OpenStreetMap contributors, ODbL 1.0; nearest five geographic candidates routed.",complete,94.3288,94.3288,100,,open_community,osm_cross_border_nearest5_ors,true
171576,Sant Andreu Salou,20,Gironès,2026-08-20,19.3005,6.421667,6.097833,7.01,8.0315,5.581333,71.399,97.1567,97.8043,95.98,93.937,98.8373,90.2532,70,municipality,openstreetmap_geofabrik;openrouteservice,,2026-08-21T22:01:49Z,0.2.0,,"© OpenStreetMap contributors, ODbL 1.0; nearest five geographic candidates routed.",complete,90.2532,90.2532,100,,open_community,osm_cross_border_nearest5_ors,true
171582,Sant Climent Sescebes,02,Alt Empordà,2026-08-20,17.566167,0.827167,9.826667,5.292333,16.769167,0.326333,74.8677,100,90.3467,99.4153,76.4617,100,87.0201,70,municipality,openstreetmap_geofabrik;openrouteservice,,2026-08-21T22:01:49Z,0.2.0,,"© OpenStreetMap contributors, ODbL 1.0; nearest five geographic candidates routed.",complete,87.0201,87.0201,100,,open_community,osm_cross_border_nearest5_ors,true
171595,Sant Feliu de Buixalleu,34,Selva,2026-08-20,31.498667,11.390167,13.101167,11.290167,15.8445,11.368833,48.0018,87.2197,83.7977,87.4197,78.311,87.2623,74.9733,70,municipality,openstreetmap_geofabrik;openrouteservice,,2026-08-21T22:01:49Z,0.2.0,,"© OpenStreetMap contributors, ODbL 1.0; nearest five geographic candidates routed.",complete,74.9733,74.9733,100,,open_community,osm_cross_border_nearest5_ors,true
171609,Sant Feliu de Guíxols,10,Baix Empordà,2026-08-20,4.79,2.578167,0.011,4.581333,32.1325,0.151333,100,100,100,100,47.1567,100,89.4313,70,municipality,openstreetmap_geofabrik;openrouteservice,,2026-08-21T22:01:49Z,0.2.0,,"© OpenStreetMap contributors, ODbL 1.0; nearest five geographic candidates routed.",complete,89.4313,89.4313,100,,open_community,osm_cross_border_nearest5_ors,true
171616,Sant Feliu de Pallerols,19,Garrotxa,2026-08-20,21.1925,7.564,1.160833,0.874667,37.265667,0.964167,67.615,94.872,100,100,40.3124,100,79.197,70,municipality,openstreetmap_geofabrik;openrouteservice,,2026-08-21T22:01:49Z,0.2.0,,"© OpenStreetMap contributors, ODbL 1.0; nearest five geographic candidates routed.",complete,79.197,79.197,100,,open_community,osm_cross_border_nearest5_ors,true
171621,Sant Ferriol,19,Garrotxa,2026-08-20,31.027333,18.252,17.079,15.300833,46.029167,16.526333,48.6302,73.496,75.842,79.3983,28.6278,76.9473,59.7105,70,municipality,openstreetmap_geofabrik;openrouteservice,,2026-08-21T22:01:49Z,0.2.0,,"© OpenStreetMap contributors, ODbL 1.0; nearest five geographic candidates routed.",complete,59.7105,59.7105,100,,open_community,osm_cross_border_nearest5_ors,true
171637,Sant Gregori,20,Gironès,2026-08-20,11.353,0.842167,0.094333,0.4065,13.311,0.351667,87.294,100,100,100,83.378,100,93.4991,70,municipality,openstreetmap_geofabrik;openrouteservice,,2026-08-21T22:01:49Z,0.2.0,,"© OpenStreetMap contributors, ODbL 1.0; nearest five geographic candidates routed.",complete,93.4991,93.4991,100,,open_community,osm_cross_border_nearest5_ors,true
171642,Sant Hilari Sacalm,34,Selva,2026-08-20,31.100333,2.335167,2.118833,0.2715,28.956833,0.050167,48.5329,100,100,100,52.0863,100,77.5505,70,municipality,openstreetmap_geofabrik;openrouteservice,,2026-08-21T22:01:49Z,0.2.0,,"© OpenStreetMap contributors, ODbL 1.0; nearest five geographic candidates routed.",complete,77.5505,77.5505,100,,open_community,osm_cross_border_nearest5_ors,true
171655,Sant Jaume de Llierca,19,Garrotxa,2026-08-20,16.768,9.744667,8.522667,1.6905,36.0245,0.4365,76.464,90.5107,92.9547,100,41.9673,100,79.677,70,municipality,openstreetmap_geofabrik;openrouteservice,,2026-08-21T22:01:49Z,0.2.0,,"© OpenStreetMap contributors, ODbL 1.0; nearest five geographic candidates routed.",complete,79.677,79.677,100,,open_community,osm_cross_border_nearest5_ors,true
171668,Sant Jordi Desvalls,20,Gironès,2026-08-20,24.629167,0.956333,5.257167,4.677,3.484333,0.280667,60.7417,100,99.4857,100,100,100,90.0826,70,municipality,openstreetmap_geofabrik;openrouteservice,,2026-08-21T22:01:49Z,0.2.0,,"© OpenStreetMap contributors, ODbL 1.0; nearest five geographic candidates routed.",complete,90.0826,90.0826,100,,open_community,osm_cross_border_nearest5_ors,true
171674,Sant Joan de les Abadesses,31,Ripollès,2026-08-20,18.657667,14.4845,1.564833,4.860833,15.261,2.254,72.6847,81.031,100,100,79.478,100,86.2214,70,municipality,openstreetmap_geofabrik;openrouteservice,,2026-08-21T22:01:49Z,0.2.0,,"© OpenStreetMap contributors, ODbL 1.0; nearest five geographic candidates routed.",complete,86.2214,86.2214,100,,open_community,osm_cross_border_nearest5_ors,true
171680,Sant Joan de Mollet,20,Gironès,2026-08-20,25.895,1.04,8.4935,4.4275,3.202667,3.349167,58.21,100,93.013,100,100,100,88.1551,70,municipality,openstreetmap_geofabrik;openrouteservice,,2026-08-21T22:01:49Z,0.2.0,,"© OpenStreetMap contributors, ODbL 1.0; nearest five geographic candidates routed.",complete,88.1551,88.1551,100,,open_community,osm_cross_border_nearest5_ors,true
171693,Sant Julià de Ramis,20,Gironès,2026-08-20,11.364833,7.853667,6.917667,7.193167,10.072833,6.4245,87.2703,94.2927,96.1647,95.6137,89.8543,97.151,92.4418,70,municipality,openstreetmap_geofabrik;openrouteservice,,2026-08-21T22:01:49Z,0.2.0,,"© OpenStreetMap contributors, ODbL 1.0; nearest five geographic candidates routed.",complete,92.4418,92.4418,100,,open_community,osm_cross_border_nearest5_ors,true
171707,Vallfogona de Ripollès,31,Ripollès,2026-08-20,23.261667,18.0875,19.6745,1.1865,15.932833,15.690167,63.4767,73.825,70.651,100,78.1343,78.6197,74.562,70,municipality,openstreetmap_geofabrik;openrouteservice,,2026-08-21T22:01:49Z,0.2.0,,"© OpenStreetMap contributors, ODbL 1.0; nearest five geographic candidates routed.",complete,74.562,74.562,100,,open_community,osm_cross_border_nearest5_ors,true
171714,Sant Llorenç de la Muga,02,Alt Empordà,2026-08-20,20.795833,2.036833,0.592333,12.301667,25.730833,20.644667,68.4083,100,100,85.3967,58.5383,68.7107,79.2205,70,municipality,openstreetmap_geofabrik;openrouteservice,,2026-08-21T22:01:49Z,0.2.0,,"© OpenStreetMap contributors, ODbL 1.0; nearest five geographic candidates routed.",complete,79.2205,79.2205,100,,open_community,osm_cross_border_nearest5_ors,true
171729,Sant Martí de Llémena,20,Gironès,2026-08-20,27.017667,5.909333,5.741833,14.059667,28.975667,14.005667,55.9647,98.1813,98.5163,81.8807,52.0487,81.9887,75.2183,70,municipality,openstreetmap_geofabrik;openrouteservice,,2026-08-21T22:01:49Z,0.2.0,,"© OpenStreetMap contributors, ODbL 1.0; nearest five geographic candidates routed.",complete,75.2183,75.2183,100,,open_community,osm_cross_border_nearest5_ors,true
171735,Sant Martí Vell,20,Gironès,2026-08-20,25.072,6.6475,8.534333,5.197833,4.812,4.185667,59.856,96.705,92.9313,99.6043,100,100,88.0164,70,municipality,openstreetmap_geofabrik;openrouteservice,,2026-08-21T22:01:49Z,0.2.0,,"© OpenStreetMap contributors, ODbL 1.0; nearest five geographic candidates routed.",complete,88.0164,88.0164,100,,open_community,osm_cross_border_nearest5_ors,true
171740,Sant Miquel de Campmajor,28,Pla de l'Estany,2026-08-20,13.411333,15.549167,14.607167,8.301667,36.68,14.791667,83.1773,78.9017,80.7857,93.3967,41.0933,80.4167,74.3867,70,municipality,openstreetmap_geofabrik;openrouteservice,,2026-08-21T22:01:49Z,0.2.0,,"© OpenStreetMap contributors, ODbL 1.0; nearest five geographic candidates routed.",complete,74.3867,74.3867,100,,open_community,osm_cross_border_nearest5_ors,true
171753,Sant Miquel de Fluvià,02,Alt Empordà,2026-08-20,25.809167,7.4515,11.105,9.6215,1.280333,1.513167,58.3817,95.097,87.79,90.757,100,100,85.4937,70,municipality,openstreetmap_geofabrik;openrouteservice,,2026-08-21T22:01:49Z,0.2.0,,"© OpenStreetMap contributors, ODbL 1.0; nearest five geographic candidates routed.",complete,85.4937,85.4937,100,,open_community,osm_cross_border_nearest5_ors,true
171766,Sant Mori,02,Alt Empordà,2026-08-20,28.507167,6.176667,9.346333,7.4775,3.3665,4.211167,52.9857,97.6467,91.3073,95.045,100,100,85.6594,70,municipality,openstreetmap_geofabrik;openrouteservice,,2026-08-21T22:01:49Z,0.2.0,,"© OpenStreetMap contributors, ODbL 1.0; nearest five geographic candidates routed.",complete,85.6594,85.6594,100,,open_community,osm_cross_border_nearest5_ors,true
171772,Sant Pau de Segúries,31,Ripollès,2026-08-20,28.6585,10.437,9.4875,0.9495,25.262,0.4985,52.683,89.126,91.025,100,59.476,100,76.6399,70,municipality,openstreetmap_geofabrik;openrouteservice,,2026-08-21T22:01:49Z,0.2.0,,"© OpenStreetMap contributors, ODbL 1.0; nearest five geographic candidates routed.",complete,76.6399,76.6399,100,,open_community,osm_cross_border_nearest5_ors,true
171788,Sant Pere Pescador,02,Alt Empordà,2026-08-20,26.2795,3.492167,3.893667,3.2605,11.536167,2.532667,57.441,100,100,100,86.9277,100,86.7458,70,municipality,openstreetmap_geofabrik;openrouteservice,,2026-08-21T22:01:49Z,0.2.0,,"© OpenStreetMap contributors, ODbL 1.0; nearest five geographic candidates routed.",complete,86.7458,86.7458,100,,open_community,osm_cross_border_nearest5_ors,true
171805,Santa Coloma de Farners,34,Selva,2026-08-20,15.216333,2.5835,2.217,3.3905,17.137,1.543667,79.5673,100,100,100,75.726,100,90.037,70,municipality,openstreetmap_geofabrik;openrouteservice,,2026-08-21T22:01:49Z,0.2.0,,"© OpenStreetMap contributors, ODbL 1.0; nearest five geographic candidates routed.",complete,90.037,90.037,100,,open_community,osm_cross_border_nearest5_ors,true
171812,Santa Cristina d'Aro,10,Baix Empordà,2026-08-20,8.852333,10.337,1.084167,2.664333,23.293,0.452333,92.2953,89.326,100,100,63.414,100,89.1555,70,municipality,openstreetmap_geofabrik;openrouteservice,,2026-08-21T22:01:49Z,0.2.0,,"© OpenStreetMap contributors, ODbL 1.0; nearest five geographic candidates routed.",complete,89.1555,89.1555,100,,open_community,osm_cross_border_nearest5_ors,true
171827,Santa Llogaia d'Àlguema,02,Alt Empordà,2026-08-20,14.918,6.917167,8.805,4.679333,8.284167,6.801167,80.164,96.1657,92.39,100,93.4317,96.3977,91.27,70,municipality,openstreetmap_geofabrik;openrouteservice,,2026-08-21T22:01:49Z,0.2.0,,"© OpenStreetMap contributors, ODbL 1.0; nearest five geographic candidates routed.",complete,91.27,91.27,100,,open_community,osm_cross_border_nearest5_ors,true
171833,Sant Aniol de Finestres,19,Garrotxa,2026-08-20,32.965667,0.272167,0.439667,19.8535,34.923667,13.395333,46.0458,100,100,70.293,43.4351,83.2093,70.5487,70,municipality,openstreetmap_geofabrik;openrouteservice,,2026-08-21T22:01:49Z,0.2.0,,"© OpenStreetMap contributors, ODbL 1.0; nearest five geographic candidates routed.",complete,70.5487,70.5487,100,,open_community,osm_cross_border_nearest5_ors,true
171848,Santa Pau,19,Garrotxa,2026-08-20,14.779833,3.582333,3.003,12.378833,50.583333,2.7335,80.4403,100,100,85.2423,22.5556,100,78.1454,70,municipality,openstreetmap_geofabrik;openrouteservice,,2026-08-21T22:01:49Z,0.2.0,,"© OpenStreetMap contributors, ODbL 1.0; nearest five geographic candidates routed.",complete,78.1454,78.1454,100,,open_community,osm_cross_border_nearest5_ors,true
171851,Sant Joan les Fonts,19,Garrotxa,2026-08-20,10.683667,8.768833,4.167667,3.476667,41.045667,0.1175,88.6327,92.4623,100,100,35.2724,100,83.082,70,municipality,openstreetmap_geofabrik;openrouteservice,,2026-08-21T22:01:49Z,0.2.0,,"© OpenStreetMap contributors, ODbL 1.0; nearest five geographic candidates routed.",complete,83.082,83.082,100,,open_community,osm_cross_border_nearest5_ors,true
171864,Sarrià de Ter,20,Gironès,2026-08-20,9.5945,6.083333,1.558167,6.244667,11.796667,1.4345,90.811,97.8333,100,97.5107,86.4067,100,94.4102,70,municipality,openstreetmap_geofabrik;openrouteservice,,2026-08-21T22:01:49Z,0.2.0,,"© OpenStreetMap contributors, ODbL 1.0; nearest five geographic candidates routed.",complete,94.4102,94.4102,100,,open_community,osm_cross_border_nearest5_ors,true
171870,"Saus, Camallera i Llampaies",02,Alt Empordà,2026-08-20,25.952667,1.4745,9.6015,2.02,3.063667,0.887333,58.0947,100,90.797,100,100,100,87.6831,70,municipality,openstreetmap_geofabrik;openrouteservice,,2026-08-21T22:01:49Z,0.2.0,,"© OpenStreetMap contributors, ODbL 1.0; nearest five geographic candidates routed.",complete,87.6831,87.6831,100,,open_community,osm_cross_border_nearest5_ors,true
171886,la Selva de Mar,02,Alt Empordà,2026-08-20,37.690833,0.478667,3.834333,7.002333,12.692833,5.6445,39.7456,100,100,95.9953,84.6143,98.711,81.3299,70,municipality,openstreetmap_geofabrik;openrouteservice,,2026-08-21T22:01:49Z,0.2.0,,"© OpenStreetMap contributors, ODbL 1.0; nearest five geographic candidates routed.",complete,81.3299,81.3299,100,,open_community,osm_cross_border_nearest5_ors,true
171899,la Cellera de Ter,34,Selva,2026-08-20,29.801667,1.074833,0.889833,5.121167,27.726833,1.477833,50.3967,100,100,99.7577,54.5463,100,78.4842,70,municipality,openstreetmap_geofabrik;openrouteservice,,2026-08-21T22:01:49Z,0.2.0,,"© OpenStreetMap contributors, ODbL 1.0; nearest five geographic candidates routed.",complete,78.4842,78.4842,100,,open_community,osm_cross_border_nearest5_ors,true
171903,Serinyà,28,Pla de l'Estany,2026-08-20,11.508667,8.434833,9.203667,9.628833,26.573333,0.407833,86.9827,93.1303,91.5927,90.7423,56.8533,100,84.4787,70,municipality,openstreetmap_geofabrik;openrouteservice,,2026-08-21T22:01:49Z,0.2.0,,"© OpenStreetMap contributors, ODbL 1.0; nearest five geographic candidates routed.",complete,84.4787,84.4787,100,,open_community,osm_cross_border_nearest5_ors,true
171910,Serra de Daró,10,Baix Empordà,2026-08-20,36.601167,4.811833,7.813333,5.231,14.318167,5.405167,41.1984,100,94.3733,99.538,81.3637,99.1897,80.3198,70,municipality,openstreetmap_geofabrik;openrouteservice,,2026-08-21T22:01:49Z,0.2.0,,"© OpenStreetMap contributors, ODbL 1.0; nearest five geographic candidates routed.",complete,80.3198,80.3198,100,,open_community,osm_cross_border_nearest5_ors,true
171925,Setcases,31,Ripollès,2026-08-20,51.570667,0.209833,16.1065,7.965833,54.852167,10.3205,21.2391,100,77.787,94.0683,16.8638,89.359,57.5827,70,municipality,openstreetmap_geofabrik;openrouteservice,,2026-08-21T22:01:49Z,0.2.0,,"© OpenStreetMap contributors, ODbL 1.0; nearest five geographic candidates routed.",complete,57.5827,57.5827,100,,open_community,osm_cross_border_nearest5_ors,true
171931,Sils,34,Selva,2026-08-20,0.239333,5.527167,1.989,1.821167,3.057833,0.6055,100,98.9457,100,100,100,100,99.8419,70,municipality,openstreetmap_geofabrik;openrouteservice,,2026-08-21T22:01:49Z,0.2.0,,"© OpenStreetMap contributors, ODbL 1.0; nearest five geographic candidates routed.",complete,99.8419,99.8419,100,,open_community,osm_cross_border_nearest5_ors,true
171946,Susqueda,34,Selva,2026-08-20,43.250667,11.728167,12.877167,10.6245,44.132167,12.577,32.3324,86.5437,84.2457,88.751,31.1571,84.846,61.5049,70,municipality,openstreetmap_geofabrik;openrouteservice,,2026-08-21T22:01:49Z,0.2.0,,"© OpenStreetMap contributors, ODbL 1.0; nearest five geographic candidates routed.",complete,61.5049,61.5049,100,,open_community,osm_cross_border_nearest5_ors,true
171959,la Tallada d'Empordà,10,Baix Empordà,2026-08-20,31.124167,9.343667,13.372833,5.149667,16.521667,4.540833,48.5011,91.3127,83.2543,99.7007,76.9567,100,77.8345,70,municipality,openstreetmap_geofabrik;openrouteservice,,2026-08-21T22:01:49Z,0.2.0,,"© OpenStreetMap contributors, ODbL 1.0; nearest five geographic candidates routed.",complete,77.8345,77.8345,100,,open_community,osm_cross_border_nearest5_ors,true
171962,Terrades,02,Alt Empordà,2026-08-20,14.805167,0.3795,6.587333,8.611167,19.740333,6.627667,80.3897,100,96.8253,92.7777,70.5193,96.7447,87.5186,70,municipality,openstreetmap_geofabrik;openrouteservice,,2026-08-21T22:01:49Z,0.2.0,,"© OpenStreetMap contributors, ODbL 1.0; nearest five geographic candidates routed.",complete,87.5186,87.5186,100,,open_community,osm_cross_border_nearest5_ors,true
171978,Torrent,10,Baix Empordà,2026-08-20,20.933,9.4465,8.508,8.827833,28.542333,5.413833,68.134,91.107,92.984,92.3443,52.9153,99.1723,79.0311,70,municipality,openstreetmap_geofabrik;openrouteservice,,2026-08-21T22:01:49Z,0.2.0,,"© OpenStreetMap contributors, ODbL 1.0; nearest five geographic candidates routed.",complete,79.0311,79.0311,100,,open_community,osm_cross_border_nearest5_ors,true
171984,Torroella de Fluvià,02,Alt Empordà,2026-08-20,21.564167,0.942333,7.989833,6.244833,6.821,4.942167,66.8717,100,94.0203,97.5103,96.358,100,89.5446,70,municipality,openstreetmap_geofabrik;openrouteservice,,2026-08-21T22:01:49Z,0.2.0,,"© OpenStreetMap contributors, ODbL 1.0; nearest five geographic candidates routed.",complete,89.5446,89.5446,100,,open_community,osm_cross_border_nearest5_ors,true
171997,Torroella de Montgrí,10,Baix Empordà,2026-08-20,34.069,1.666167,1.129667,2.684167,21.693833,0.3625,44.5747,100,100,100,66.6123,100,79.4661,70,municipality,openstreetmap_geofabrik;openrouteservice,,2026-08-21T22:01:49Z,0.2.0,,"© OpenStreetMap contributors, ODbL 1.0; nearest five geographic candidates routed.",complete,79.4661,79.4661,100,,open_community,osm_cross_border_nearest5_ors,true
172001,Tortellà,19,Garrotxa,2026-08-20,19.342167,11.0715,1.156667,1.459333,37.351333,0.4,71.3157,87.857,100,100,40.1982,100,79.0471,70,municipality,openstreetmap_geofabrik;openrouteservice,,2026-08-21T22:01:49Z,0.2.0,,"© OpenStreetMap contributors, ODbL 1.0; nearest five geographic candidates routed.",complete,79.0471,79.0471,100,,open_community,osm_cross_border_nearest5_ors,true
172018,Toses,31,Ripollès,2026-08-20,40.504167,26.708833,16.232667,16.342667,1.5645,25.853833,35.9944,56.5823,77.5347,77.3147,100,58.2923,66.5536,70,municipality,openstreetmap_geofabrik;openrouteservice,,2026-08-21T22:01:49Z,0.2.0,,"© OpenStreetMap contributors, ODbL 1.0; nearest five geographic candidates routed.",complete,66.5536,66.5536,100,,open_community,osm_cross_border_nearest5_ors,true
172023,Tossa de Mar,34,Selva,2026-08-20,27.1105,2.205,2.235167,3.383333,30.700167,1.288,55.779,100,100,100,49.0664,100,78.758,70,municipality,openstreetmap_geofabrik;openrouteservice,,2026-08-21T22:01:49Z,0.2.0,,"© OpenStreetMap contributors, ODbL 1.0; nearest five geographic candidates routed.",complete,78.758,78.758,100,,open_community,osm_cross_border_nearest5_ors,true
172039,Ultramort,10,Baix Empordà,2026-08-20,35.869833,11.805333,11.404,5.639333,12.208,3.137167,42.1736,86.3893,87.192,98.7213,85.584,100,77.9291,70,municipality,openstreetmap_geofabrik;openrouteservice,,2026-08-21T22:01:49Z,0.2.0,,"© OpenStreetMap contributors, ODbL 1.0; nearest five geographic candidates routed.",complete,77.9291,77.9291,100,,open_community,osm_cross_border_nearest5_ors,true
172044,Ullà,10,Baix Empordà,2026-08-20,38.135333,5.646,5.283667,2.142667,19.606,3.66,39.1529,98.708,99.4327,100,70.788,100,78.6386,70,municipality,openstreetmap_geofabrik;openrouteservice,,2026-08-21T22:01:49Z,0.2.0,,"© OpenStreetMap contributors, ODbL 1.0; nearest five geographic candidates routed.",complete,78.6386,78.6386,100,,open_community,osm_cross_border_nearest5_ors,true
172057,Ullastret,10,Baix Empordà,2026-08-20,34.931667,0.577333,14.150333,1.633333,18.538167,10.379833,43.4244,100,81.6993,100,72.9237,89.2403,75.7047,70,municipality,openstreetmap_geofabrik;openrouteservice,,2026-08-21T22:01:49Z,0.2.0,,"© OpenStreetMap contributors, ODbL 1.0; nearest five geographic candidates routed.",complete,75.7047,75.7047,100,,open_community,osm_cross_border_nearest5_ors,true
172060,Urús,15,Cerdanya,2026-08-20,16.427,9.637833,6.718833,7.3075,10.331833,6.387,77.146,90.7243,96.5623,95.385,89.3363,97.226,89.336,70,municipality,openstreetmap_geofabrik;openrouteservice,,2026-08-21T22:01:49Z,0.2.0,,"© OpenStreetMap contributors, ODbL 1.0; nearest five geographic candidates routed.",complete,89.336,89.336,100,,open_community,osm_cross_border_nearest5_ors,true
172076,la Vall d'en Bas,19,Garrotxa,2026-08-20,13.382833,2.440667,1.819,5.700167,29.456167,1.442333,83.2343,100,100,98.5997,51.0877,100,85.8861,70,municipality,openstreetmap_geofabrik;openrouteservice,,2026-08-21T22:01:49Z,0.2.0,,"© OpenStreetMap contributors, ODbL 1.0; nearest five geographic candidates routed.",complete,85.8861,85.8861,100,,open_community,osm_cross_border_nearest5_ors,true
172082,la Vall de Bianya,19,Garrotxa,2026-08-20,12.467167,10.552333,10.568333,7.4465,34.095167,5.2975,85.0657,88.8953,88.8633,95.107,44.5398,99.405,80.7325,70,municipality,openstreetmap_geofabrik;openrouteservice,,2026-08-21T22:01:49Z,0.2.0,,"© OpenStreetMap contributors, ODbL 1.0; nearest five geographic candidates routed.",complete,80.7325,80.7325,100,,open_community,osm_cross_border_nearest5_ors,true
172095,Vall-llobrega,10,Baix Empordà,2026-08-20,13.109667,10.593833,7.943,10.835333,38.833667,3.286833,83.7807,88.8123,94.114,88.3293,38.2218,100,79.5671,70,municipality,openstreetmap_geofabrik;openrouteservice,,2026-08-21T22:01:49Z,0.2.0,,"© OpenStreetMap contributors, ODbL 1.0; nearest five geographic candidates routed.",complete,79.5671,79.5671,100,,open_community,osm_cross_border_nearest5_ors,true
172109,Ventalló,02,Alt Empordà,2026-08-20,25.238333,7.039167,9.305333,1.048833,8.789167,4.861,59.5233,95.9217,91.3893,100,92.4217,100,86.0313,70,municipality,openstreetmap_geofabrik;openrouteservice,,2026-08-21T22:01:49Z,0.2.0,,"© OpenStreetMap contributors, ODbL 1.0; nearest five geographic candidates routed.",complete,86.0313,86.0313,100,,open_community,osm_cross_border_nearest5_ors,true
172116,Verges,10,Baix Empordà,2026-08-20,32.819333,8.6775,10.532667,1.797833,13.844,1.428,46.2409,92.645,88.9347,100,82.312,100,79.7063,70,municipality,openstreetmap_geofabrik;openrouteservice,,2026-08-21T22:01:49Z,0.2.0,,"© OpenStreetMap contributors, ODbL 1.0; nearest five geographic candidates routed.",complete,79.7063,79.7063,100,,open_community,osm_cross_border_nearest5_ors,true
172121,Vidrà,24,Osona,2026-08-20,34.741667,48.6265,29.207167,1.329,15.996667,15.843667,43.6778,25.1647,51.5857,100,78.0067,78.3127,58.4439,70,municipality,openstreetmap_geofabrik;openrouteservice,,2026-08-21T22:01:49Z,0.2.0,,"© OpenStreetMap contributors, ODbL 1.0; nearest five geographic candidates routed.",complete,58.4439,58.4439,100,,open_community,osm_cross_border_nearest5_ors,true
172137,Vidreres,34,Selva,2026-08-20,9.537667,2.749333,0.979833,3.702333,8.718,1.319,90.9247,100,100,100,92.564,100,96.244,70,municipality,openstreetmap_geofabrik;openrouteservice,,2026-08-21T22:01:49Z,0.2.0,,"© OpenStreetMap contributors, ODbL 1.0; nearest five geographic candidates routed.",complete,96.244,96.244,100,,open_community,osm_cross_border_nearest5_ors,true
172142,Vilabertran,02,Alt Empordà,2026-08-20,9.647833,0.905667,6.374,5.169167,9.139333,0.0225,90.7043,100,97.252,99.6617,91.7213,100,95.4369,70,municipality,openstreetmap_geofabrik;openrouteservice,,2026-08-21T22:01:49Z,0.2.0,,"© OpenStreetMap contributors, ODbL 1.0; nearest five geographic candidates routed.",complete,95.4369,95.4369,100,,open_community,osm_cross_border_nearest5_ors,true
172155,Vilablareix,20,Gironès,2026-08-20,16.001667,5.744667,4.629333,3.994333,12.846833,4.608167,77.9967,98.5107,100,100,84.3063,100,91.137,70,municipality,openstreetmap_geofabrik;openrouteservice,,2026-08-21T22:01:49Z,0.2.0,,"© OpenStreetMap contributors, ODbL 1.0; nearest five geographic candidates routed.",complete,91.137,91.137,100,,open_community,osm_cross_border_nearest5_ors,true
172168,Viladasens,20,Gironès,2026-08-20,25.338667,0.202,6.670333,5.976667,9.093167,6.068167,59.3227,100,96.6593,98.0467,91.8137,97.8637,87.1163,70,municipality,openstreetmap_geofabrik;openrouteservice,,2026-08-21T22:01:49Z,0.2.0,,"© OpenStreetMap contributors, ODbL 1.0; nearest five geographic candidates routed.",complete,87.1163,87.1163,100,,open_community,osm_cross_border_nearest5_ors,true
172174,Viladamat,02,Alt Empordà,2026-08-20,26.271333,0.675167,6.694667,0.428,11.668833,0.255,57.4573,100,96.6107,100,86.6623,100,86.0189,70,municipality,openstreetmap_geofabrik;openrouteservice,,2026-08-21T22:01:49Z,0.2.0,,"© OpenStreetMap contributors, ODbL 1.0; nearest five geographic candidates routed.",complete,86.0189,86.0189,100,,open_community,osm_cross_border_nearest5_ors,true
172180,Vilademuls,28,Pla de l'Estany,2026-08-20,25.349833,7.835833,7.6085,7.433,14.111333,7.503833,59.3003,94.3283,94.783,95.134,81.7773,94.9923,83.299,70,municipality,openstreetmap_geofabrik;openrouteservice,,2026-08-21T22:01:49Z,0.2.0,,"© OpenStreetMap contributors, ODbL 1.0; nearest five geographic candidates routed.",complete,83.299,83.299,100,,open_community,osm_cross_border_nearest5_ors,true
172207,Viladrau,24,Osona,2026-08-20,27.353333,2.997667,0.132167,4.116333,21.241833,3.304667,55.2933,100,100,100,67.5163,100,82.3266,70,municipality,openstreetmap_geofabrik;openrouteservice,,2026-08-21T22:01:49Z,0.2.0,,"© OpenStreetMap contributors, ODbL 1.0; nearest five geographic candidates routed.",complete,82.3266,82.3266,100,,open_community,osm_cross_border_nearest5_ors,true
172214,Vilafant,02,Alt Empordà,2026-08-20,8.419667,0.949667,5.256333,5.865833,10.87,0.7055,93.1607,100,99.4873,98.2683,88.26,100,95.6665,70,municipality,openstreetmap_geofabrik;openrouteservice,,2026-08-21T22:01:49Z,0.2.0,,"© OpenStreetMap contributors, ODbL 1.0; nearest five geographic candidates routed.",complete,95.6665,95.6665,100,,open_community,osm_cross_border_nearest5_ors,true
172229,Vilaür,02,Alt Empordà,2026-08-20,25.9125,5.1925,5.598833,4.446333,5.621667,5.424667,58.175,99.615,98.8023,100,98.7567,99.1507,88.9129,70,municipality,openstreetmap_geofabrik;openrouteservice,,2026-08-21T22:01:49Z,0.2.0,,"© OpenStreetMap contributors, ODbL 1.0; nearest five geographic candidates routed.",complete,88.9129,88.9129,100,,open_community,osm_cross_border_nearest5_ors,true
172235,Vilajuïga,02,Alt Empordà,2026-08-20,21.6815,1.502833,0.026,5.32,3.269833,0.155667,66.637,100,100,99.36,100,100,91.5952,70,municipality,openstreetmap_geofabrik;openrouteservice,,2026-08-21T22:01:49Z,0.2.0,,"© OpenStreetMap contributors, ODbL 1.0; nearest five geographic candidates routed.",complete,91.5952,91.5952,100,,open_community,osm_cross_border_nearest5_ors,true
172240,Vilallonga de Ter,31,Ripollès,2026-08-20,44.733167,7.448667,9.269,0.409833,48.014667,3.483,30.3558,95.1027,91.462,100,25.9804,100,65.3428,70,municipality,openstreetmap_geofabrik;openrouteservice,,2026-08-21T22:01:49Z,0.2.0,,"© OpenStreetMap contributors, ODbL 1.0; nearest five geographic candidates routed.",complete,65.3428,65.3428,100,,open_community,osm_cross_border_nearest5_ors,true
172253,Vilamacolum,02,Alt Empordà,2026-08-20,21.718,0.557,6.906667,0.58,11.750167,5.545667,66.564,100,96.1867,100,86.4997,98.9087,88.0692,70,municipality,openstreetmap_geofabrik;openrouteservice,,2026-08-21T22:01:49Z,0.2.0,,"© OpenStreetMap contributors, ODbL 1.0; nearest five geographic candidates routed.",complete,88.0692,88.0692,100,,open_community,osm_cross_border_nearest5_ors,true
172266,Vilamalla,02,Alt Empordà,2026-08-20,15.196,0.753167,8.770167,1.697667,3.251333,8.589667,79.608,100,92.4597,100,100,92.8207,92.676,70,municipality,openstreetmap_geofabrik;openrouteservice,,2026-08-21T22:01:49Z,0.2.0,,"© OpenStreetMap contributors, ODbL 1.0; nearest five geographic candidates routed.",complete,92.676,92.676,100,,open_community,osm_cross_border_nearest5_ors,true
172272,Vilamaniscle,02,Alt Empordà,2026-08-20,24.915333,4.212833,11.8485,12.525667,10.750667,6.284333,60.1693,100,86.303,84.9487,88.4987,97.4313,83.2407,70,municipality,openstreetmap_geofabrik;openrouteservice,,2026-08-21T22:01:49Z,0.2.0,,"© OpenStreetMap contributors, ODbL 1.0; nearest five geographic candidates routed.",complete,83.2407,83.2407,100,,open_community,osm_cross_border_nearest5_ors,true
172288,Vilanant,02,Alt Empordà,2026-08-20,16.643,4.105667,4.8285,4.145167,19.093333,3.260667,76.714,100,100,100,71.8133,100,88.5412,70,municipality,openstreetmap_geofabrik;openrouteservice,,2026-08-21T22:01:49Z,0.2.0,,"© OpenStreetMap contributors, ODbL 1.0; nearest five geographic candidates routed.",complete,88.5412,88.5412,100,,open_community,osm_cross_border_nearest5_ors,true
172305,Vila-sacra,02,Alt Empordà,2026-08-20,15.895,0.2895,4.561667,4.918333,10.138,0.269,78.21,100,100,100,89.724,100,92.4973,70,municipality,openstreetmap_geofabrik;openrouteservice,,2026-08-21T22:01:49Z,0.2.0,,"© OpenStreetMap contributors, ODbL 1.0; nearest five geographic candidates routed.",complete,92.4973,92.4973,100,,open_community,osm_cross_border_nearest5_ors,true
172327,Vilopriu,10,Baix Empordà,2026-08-20,28.62,3.335833,9.248,8.522333,6.320833,7.1685,52.76,100,91.504,92.9553,97.3583,95.663,84.8243,70,municipality,openstreetmap_geofabrik;openrouteservice,,2026-08-21T22:01:49Z,0.2.0,,"© OpenStreetMap contributors, ODbL 1.0; nearest five geographic candidates routed.",complete,84.8243,84.8243,100,,open_community,osm_cross_border_nearest5_ors,true
172333,Vilobí d'Onyar,34,Selva,2026-08-20,17.824667,0.959167,1.460167,1.643833,12.208333,1.701167,74.3507,100,100,100,85.5833,100,90.7043,70,municipality,openstreetmap_geofabrik;openrouteservice,,2026-08-21T22:01:49Z,0.2.0,,"© OpenStreetMap contributors, ODbL 1.0; nearest five geographic candidates routed.",complete,90.7043,90.7043,100,,open_community,osm_cross_border_nearest5_ors,true
172348,Biure,02,Alt Empordà,2026-08-20,15.5745,0.167667,11.641167,0.2075,18.778167,10.254167,78.851,100,86.7177,100,72.4437,89.4917,85.4942,70,municipality,openstreetmap_geofabrik;openrouteservice,,2026-08-21T22:01:49Z,0.2.0,,"© OpenStreetMap contributors, ODbL 1.0; nearest five geographic candidates routed.",complete,85.4942,85.4942,100,,open_community,osm_cross_border_nearest5_ors,true
179011,"Cruïlles, Monells i Sant Sadurní de l'Heura",10,Baix Empordà,2026-08-20,37.212167,7.591667,8.129833,1.173167,16.746667,4.745,40.3838,94.8167,93.7403,100,76.5067,100,78.3679,70,municipality,openstreetmap_geofabrik;openrouteservice,,2026-08-21T22:01:49Z,0.2.0,,"© OpenStreetMap contributors, ODbL 1.0; nearest five geographic candidates routed.",complete,78.3679,78.3679,100,,open_community,osm_cross_border_nearest5_ors,true
179026,Forallac,10,Baix Empordà,2026-08-20,27.987667,5.082833,3.8545,1.103667,19.449667,2.2965,54.0247,99.8343,100,100,71.1007,100,82.7015,70,municipality,openstreetmap_geofabrik;openrouteservice,,2026-08-21T22:01:49Z,0.2.0,,"© OpenStreetMap contributors, ODbL 1.0; nearest five geographic candidates routed.",complete,82.7015,82.7015,100,,open_community,osm_cross_border_nearest5_ors,true
179032,Sant Julià del Llor i Bonmatí,34,Selva,2026-08-20,29.991,8.877333,2.8855,8.570167,25.659333,2.889667,50.018,92.2453,100,92.8597,58.6813,100,77.3635,70,municipality,openstreetmap_geofabrik;openrouteservice,,2026-08-21T22:01:49Z,0.2.0,,"© OpenStreetMap contributors, ODbL 1.0; nearest five geographic candidates routed.",complete,77.3635,77.3635,100,,open_community,osm_cross_border_nearest5_ors,true
250019,Abella de la Conca,25,Pallars Jussà,2026-08-20,30.541,36.092833,44.352333,11.453167,32.308667,11.452167,49.2787,41.8762,30.8636,87.0937,46.9218,87.0957,51.5771,70,municipality,openstreetmap_geofabrik;openrouteservice,,2026-08-21T22:01:49Z,0.2.0,,"© OpenStreetMap contributors, ODbL 1.0; nearest five geographic candidates routed.",complete,51.5771,51.5771,100,,open_community,osm_cross_border_nearest5_ors,true
250024,Àger,23,Noguera,2026-08-20,31.738,1.0585,1.324167,2.165,9.9185,2.482,47.6827,100,100,100,90.163,100,84.9533,70,municipality,openstreetmap_geofabrik;openrouteservice,,2026-08-21T22:01:49Z,0.2.0,,"© OpenStreetMap contributors, ODbL 1.0; nearest five geographic candidates routed.",complete,84.9533,84.9533,100,,open_community,osm_cross_border_nearest5_ors,true
250030,Agramunt,38,Urgell,2026-08-20,35.41,1.843167,1.149667,0.755167,18.5225,0.844167,42.7867,100,100,100,72.955,100,80.2877,70,municipality,openstreetmap_geofabrik;openrouteservice,,2026-08-21T22:01:49Z,0.2.0,,"© OpenStreetMap contributors, ODbL 1.0; nearest five geographic candidates routed.",complete,80.2877,80.2877,100,,open_community,osm_cross_border_nearest5_ors,true
250045,els Alamús,33,Segrià,2026-08-20,14.229667,12.317667,7.877167,0.708667,10.782,0.857833,81.5407,85.3647,94.2457,100,88.436,100,89.7262,70,municipality,openstreetmap_geofabrik;openrouteservice,,2026-08-21T22:01:49Z,0.2.0,,"© OpenStreetMap contributors, ODbL 1.0; nearest five geographic candidates routed.",complete,89.7262,89.7262,100,,open_community,osm_cross_border_nearest5_ors,true
250058,Alàs i Cerc,04,Alt Urgell,2026-08-20,10.764333,10.686667,8.452167,0.714667,49.498667,9.812667,88.4713,88.6267,93.0957,100,24.0018,90.3747,77.8688,70,municipality,openstreetmap_geofabrik;openrouteservice,,2026-08-21T22:01:49Z,0.2.0,,"© OpenStreetMap contributors, ODbL 1.0; nearest five geographic candidates routed.",complete,77.8688,77.8688,100,,open_community,osm_cross_border_nearest5_ors,true
250061,l'Albagés,18,Garrigues,2026-08-20,33.845167,12.883167,17.466,1.265,19.0495,0.851333,44.8731,84.2337,75.068,100,71.901,100,73.2471,70,municipality,openstreetmap_geofabrik;openrouteservice,,2026-08-21T22:01:49Z,0.2.0,,"© OpenStreetMap contributors, ODbL 1.0; nearest five geographic candidates routed.",complete,73.2471,73.2471,100,,open_community,osm_cross_border_nearest5_ors,true
250077,Albatàrrec,33,Segrià,2026-08-20,10.179,8.57,8.236167,1.775,13.707,0.598,89.642,92.86,93.5277,100,82.586,100,91.5622,70,municipality,openstreetmap_geofabrik;openrouteservice,,2026-08-21T22:01:49Z,0.2.0,,"© OpenStreetMap contributors, ODbL 1.0; nearest five geographic candidates routed.",complete,91.5622,91.5622,100,,open_community,osm_cross_border_nearest5_ors,true
250083,Albesa,23,Noguera,2026-08-20,28.2805,1.327833,1.407167,1.868,16.762833,0.274333,53.439,100,100,100,76.4743,100,83.6546,70,municipality,openstreetmap_geofabrik;openrouteservice,,2026-08-21T22:01:49Z,0.2.0,,"© OpenStreetMap contributors, ODbL 1.0; nearest five geographic candidates routed.",complete,83.6546,83.6546,100,,open_community,osm_cross_border_nearest5_ors,true
250096,l'Albi,18,Garrigues,2026-08-20,29.4145,8.1785,7.3905,1.962,9.0835,0.242333,51.171,93.643,95.219,100,91.833,100,84.2496,70,municipality,openstreetmap_geofabrik;openrouteservice,,2026-08-21T22:01:49Z,0.2.0,,"© OpenStreetMap contributors, ODbL 1.0; nearest five geographic candidates routed.",complete,84.2496,84.2496,100,,open_community,osm_cross_border_nearest5_ors,true
250100,Alcanó,33,Segrià,2026-08-20,16.830667,6.644667,9.807667,1.457667,18.8845,9.945833,76.3387,96.7107,90.3847,100,72.231,90.1083,85.1252,70,municipality,openstreetmap_geofabrik;openrouteservice,,2026-08-21T22:01:49Z,0.2.0,,"© OpenStreetMap contributors, ODbL 1.0; nearest five geographic candidates routed.",complete,85.1252,85.1252,100,,open_community,osm_cross_border_nearest5_ors,true
250117,Alcarràs,33,Segrià,2026-08-20,18.441667,1.116,1.284,2.925,20.926167,0.457333,73.1167,100,100,100,68.1477,100,86.9087,70,municipality,openstreetmap_geofabrik;openrouteservice,,2026-08-21T22:01:49Z,0.2.0,,"© OpenStreetMap contributors, ODbL 1.0; nearest five geographic candidates routed.",complete,86.9087,86.9087,100,,open_community,osm_cross_border_nearest5_ors,true
250122,Alcoletge,33,Segrià,2026-08-20,15.729167,11.355167,9.681833,1.051833,5.093667,1.767,78.5417,87.2897,90.6363,100,99.8127,100,90.8187,70,municipality,openstreetmap_geofabrik;openrouteservice,,2026-08-21T22:01:49Z,0.2.0,,"© OpenStreetMap contributors, ODbL 1.0; nearest five geographic candidates routed.",complete,90.8187,90.8187,100,,open_community,osm_cross_border_nearest5_ors,true
250138,Alfarràs,33,Segrià,2026-08-20,28.27,1.043833,0.4155,1.536333,24.0895,0.417167,53.46,100,100,100,61.821,100,80.7292,70,municipality,openstreetmap_geofabrik;openrouteservice,,2026-08-21T22:01:49Z,0.2.0,,"© OpenStreetMap contributors, ODbL 1.0; nearest five geographic candidates routed.",complete,80.7292,80.7292,100,,open_community,osm_cross_border_nearest5_ors,true
250143,Alfés,33,Segrià,2026-08-20,13.641667,0.5605,11.4755,1.951667,15.695333,9.408,82.7167,100,87.049,100,78.6093,91.184,87.9292,70,municipality,openstreetmap_geofabrik;openrouteservice,,2026-08-21T22:01:49Z,0.2.0,,"© OpenStreetMap contributors, ODbL 1.0; nearest five geographic candidates routed.",complete,87.9292,87.9292,100,,open_community,osm_cross_border_nearest5_ors,true
250156,Algerri,23,Noguera,2026-08-20,23.836167,7.860333,7.8725,1.091833,21.6975,1.0285,62.3277,94.2793,94.255,100,66.605,100,81.8958,70,municipality,openstreetmap_geofabrik;openrouteservice,,2026-08-21T22:01:49Z,0.2.0,,"© OpenStreetMap contributors, ODbL 1.0; nearest five geographic candidates routed.",complete,81.8958,81.8958,100,,open_community,osm_cross_border_nearest5_ors,true
250169,Alguaire,33,Segrià,2026-08-20,23.3335,1.702833,1.292667,2.610667,22.026167,0.995833,63.333,100,100,100,65.9477,100,84.0228,70,municipality,openstreetmap_geofabrik;openrouteservice,,2026-08-21T22:01:49Z,0.2.0,,"© OpenStreetMap contributors, ODbL 1.0; nearest five geographic candidates routed.",complete,84.0228,84.0228,100,,open_community,osm_cross_border_nearest5_ors,true
250175,Alins,26,Pallars Sobirà,2026-08-20,67.814,5.790333,14.907167,0.284333,65.341167,14.532167,7.3953,98.4193,80.1857,100,8.2196,80.9357,52.3864,70,municipality,openstreetmap_geofabrik;openrouteservice,,2026-08-21T22:01:49Z,0.2.0,,"© OpenStreetMap contributors, ODbL 1.0; nearest five geographic candidates routed.",complete,52.3864,52.3864,100,,open_community,osm_cross_border_nearest5_ors,true
250194,Almacelles,33,Segrià,2026-08-20,26.088333,8.1565,0.6525,1.582333,9.474833,0.162167,57.8233,93.687,100,100,91.0503,100,86.7189,70,municipality,openstreetmap_geofabrik;openrouteservice,,2026-08-21T22:01:49Z,0.2.0,,"© OpenStreetMap contributors, ODbL 1.0; nearest five geographic candidates routed.",complete,86.7189,86.7189,100,,open_community,osm_cross_border_nearest5_ors,true
250208,Almatret,33,Segrià,2026-08-20,41.2125,1.659333,23.891,16.815,21.771667,17.206,35.05,100,62.218,76.37,66.4567,75.588,64.6932,70,municipality,openstreetmap_geofabrik;openrouteservice,,2026-08-21T22:01:49Z,0.2.0,,"© OpenStreetMap contributors, ODbL 1.0; nearest five geographic candidates routed.",complete,64.6932,64.6932,100,,open_community,osm_cross_border_nearest5_ors,true
250215,Almenar,33,Segrià,2026-08-20,27.303833,1.907,2.468333,3.120333,25.9965,2.6555,55.3923,100,100,100,58.007,100,80.4495,70,municipality,openstreetmap_geofabrik;openrouteservice,,2026-08-21T22:01:49Z,0.2.0,,"© OpenStreetMap contributors, ODbL 1.0; nearest five geographic candidates routed.",complete,80.4495,80.4495,100,,open_community,osm_cross_border_nearest5_ors,true
250220,Alòs de Balaguer,23,Noguera,2026-08-20,39.41,22.628167,23.148167,22.790833,36.668333,22.747667,37.4533,64.7437,63.7037,64.4183,41.1089,64.5047,52.9297,70,municipality,openstreetmap_geofabrik;openrouteservice,,2026-08-21T22:01:49Z,0.2.0,,"© OpenStreetMap contributors, ODbL 1.0; nearest five geographic candidates routed.",complete,52.9297,52.9297,100,,open_community,osm_cross_border_nearest5_ors,true
250236,Alpicat,33,Segrià,2026-08-20,16.139667,1.341333,2.2975,1.542,14.801833,2.195833,77.7207,100,100,100,80.3963,100,90.5094,70,municipality,openstreetmap_geofabrik;openrouteservice,,2026-08-21T22:01:49Z,0.2.0,,"© OpenStreetMap contributors, ODbL 1.0; nearest five geographic candidates routed.",complete,90.5094,90.5094,100,,open_community,osm_cross_border_nearest5_ors,true
250241,Alt Àneu,26,Pallars Sobirà,2026-08-20,104.1105,7.7865,4.8305,5.519833,75.721,7.467167,0,94.427,100,98.9603,4.7597,95.0657,54.5186,70,municipality,openstreetmap_geofabrik;openrouteservice,,2026-08-21T22:01:49Z,0.2.0,,"© OpenStreetMap contributors, ODbL 1.0; nearest five geographic candidates routed.",complete,54.5186,54.5186,100,,open_community,osm_cross_border_nearest5_ors,true
250254,Naut Aran,39,Val d'Aran,2026-08-20,137.006667,1.508667,17.5365,1.389167,105.231,5.364667,0,100,74.927,100,0,99.2707,49.9125,70,municipality,openstreetmap_geofabrik;openrouteservice,,2026-08-21T22:01:49Z,0.2.0,,"© OpenStreetMap contributors, ODbL 1.0; nearest five geographic candidates routed.",complete,49.9125,49.9125,100,,open_community,osm_cross_border_nearest5_ors,true
250273,Anglesola,38,Urgell,2026-08-20,29.676333,5.965333,0.9735,1.2225,3.165833,1.028833,50.6473,98.0693,100,100,100,100,87.3722,70,municipality,openstreetmap_geofabrik;openrouteservice,,2026-08-21T22:01:49Z,0.2.0,,"© OpenStreetMap contributors, ODbL 1.0; nearest five geographic candidates routed.",complete,87.3722,87.3722,100,,open_community,osm_cross_border_nearest5_ors,true
250292,Arbeca,18,Garrigues,2026-08-20,34.927667,1.294667,1.779667,1.107333,8.943333,0.845333,43.4298,100,100,100,92.1133,100,84.2801,70,municipality,openstreetmap_geofabrik;openrouteservice,,2026-08-21T22:01:49Z,0.2.0,,"© OpenStreetMap contributors, ODbL 1.0; nearest five geographic candidates routed.",complete,84.2801,84.2801,100,,open_community,osm_cross_border_nearest5_ors,true
250306,el Pont de Bar,04,Alt Urgell,2026-08-20,21.359667,13.2675,16.245833,13.214,38.807833,12.8645,67.2807,83.465,77.5083,83.572,38.2562,84.271,69.2771,70,municipality,openstreetmap_geofabrik;openrouteservice,,2026-08-21T22:01:49Z,0.2.0,,"© OpenStreetMap contributors, ODbL 1.0; nearest five geographic candidates routed.",complete,69.2771,69.2771,100,,open_community,osm_cross_border_nearest5_ors,true
250313,Arres,39,Val d'Aran,2026-08-20,123.5665,22.838333,22.275333,16.315333,110.037,22.312,0,64.3233,65.4493,77.3693,0,65.376,37.0129,70,municipality,openstreetmap_geofabrik;openrouteservice,,2026-08-21T22:01:49Z,0.2.0,,"© OpenStreetMap contributors, ODbL 1.0; nearest five geographic candidates routed.",complete,37.0129,37.0129,100,,open_community,osm_cross_border_nearest5_ors,true
250328,Arsèguel,04,Alt Urgell,2026-08-20,20.292667,18.200667,15.178667,12.305833,43.741,17.373667,69.4147,73.5987,79.6427,85.3883,31.6787,75.2527,66.7219,70,municipality,openstreetmap_geofabrik;openrouteservice,,2026-08-21T22:01:49Z,0.2.0,,"© OpenStreetMap contributors, ODbL 1.0; nearest five geographic candidates routed.",complete,66.7219,66.7219,100,,open_community,osm_cross_border_nearest5_ors,true
250334,Artesa de Lleida,33,Segrià,2026-08-20,13.956833,1.023667,0.8885,1.0685,5.054667,0.838333,82.0863,100,100,100,99.8907,100,95.4997,70,municipality,openstreetmap_geofabrik;openrouteservice,,2026-08-21T22:01:49Z,0.2.0,,"© OpenStreetMap contributors, ODbL 1.0; nearest five geographic candidates routed.",complete,95.4997,95.4997,100,,open_community,osm_cross_border_nearest5_ors,true
250349,Artesa de Segre,23,Noguera,2026-08-20,28.331333,0.588333,0.9805,11.712167,34.76,0.5475,53.3373,100,100,86.5757,43.6533,100,75.7226,70,municipality,openstreetmap_geofabrik;openrouteservice,,2026-08-21T22:01:49Z,0.2.0,,"© OpenStreetMap contributors, ODbL 1.0; nearest five geographic candidates routed.",complete,75.7226,75.7226,100,,open_community,osm_cross_border_nearest5_ors,true
250352,la Sentiu de Sió,23,Noguera,2026-08-20,11.214,2.137667,9.073667,2.082833,12.316833,2.176667,87.572,100,91.8527,100,85.3663,100,92.3368,70,municipality,openstreetmap_geofabrik;openrouteservice,,2026-08-21T22:01:49Z,0.2.0,,"© OpenStreetMap contributors, ODbL 1.0; nearest five geographic candidates routed.",complete,92.3368,92.3368,100,,open_community,osm_cross_border_nearest5_ors,true
250365,Aspa,33,Segrià,2026-08-20,22.689167,11.867667,11.7325,11.640667,15.898667,11.682333,64.6217,86.2647,86.535,86.7187,78.2027,86.6353,79.3781,70,municipality,openstreetmap_geofabrik;openrouteservice,,2026-08-21T22:01:49Z,0.2.0,,"© OpenStreetMap contributors, ODbL 1.0; nearest five geographic candidates routed.",complete,79.3781,79.3781,100,,open_community,osm_cross_border_nearest5_ors,true
250371,les Avellanes i Santa Linya,23,Noguera,2026-08-20,24.4955,0.723833,16.2475,0.509667,18.890667,0.770167,61.009,100,77.505,100,72.2187,100,80.197,70,municipality,openstreetmap_geofabrik;openrouteservice,,2026-08-21T22:01:49Z,0.2.0,,"© OpenStreetMap contributors, ODbL 1.0; nearest five geographic candidates routed.",complete,80.197,80.197,100,,open_community,osm_cross_border_nearest5_ors,true
250387,Aitona,33,Segrià,2026-08-20,20.078833,0.641833,0.088833,1.470667,28.087833,0.356333,69.8423,100,100,100,53.8243,100,83.2254,70,municipality,openstreetmap_geofabrik;openrouteservice,,2026-08-21T22:01:49Z,0.2.0,,"© OpenStreetMap contributors, ODbL 1.0; nearest five geographic candidates routed.",complete,83.2254,83.2254,100,,open_community,osm_cross_border_nearest5_ors,true
250390,Baix Pallars,26,Pallars Sobirà,2026-08-20,31.439333,14.967,20.394,15.150667,17.909833,14.309333,48.0809,80.066,69.212,79.6987,74.1803,81.3813,68.8166,70,municipality,openstreetmap_geofabrik;openrouteservice,,2026-08-21T22:01:49Z,0.2.0,,"© OpenStreetMap contributors, ODbL 1.0; nearest five geographic candidates routed.",complete,68.8166,68.8166,100,,open_community,osm_cross_border_nearest5_ors,true
250404,Balaguer,23,Noguera,2026-08-20,5.4505,1.964667,0.766667,1.711667,4.015333,0.673,99.099,100,100,100,100,100,99.7747,70,municipality,openstreetmap_geofabrik;openrouteservice,,2026-08-21T22:01:49Z,0.2.0,,"© OpenStreetMap contributors, ODbL 1.0; nearest five geographic candidates routed.",complete,99.7747,99.7747,100,,open_community,osm_cross_border_nearest5_ors,true
250411,Barbens,27,Pla d'Urgell,2026-08-20,28.8825,5.234167,7.7265,2.0735,9.8255,1.9715,52.235,99.5317,94.547,100,90.349,100,84.9677,70,municipality,openstreetmap_geofabrik;openrouteservice,,2026-08-21T22:01:49Z,0.2.0,,"© OpenStreetMap contributors, ODbL 1.0; nearest five geographic candidates routed.",complete,84.9677,84.9677,100,,open_community,osm_cross_border_nearest5_ors,true
250426,la Baronia de Rialb,23,Noguera,2026-08-20,41.674167,19.744167,19.986167,6.523333,38.795667,4.252333,34.4344,70.5117,70.0277,96.9533,38.2724,100,60.5407,70,municipality,openstreetmap_geofabrik;openrouteservice,,2026-08-21T22:01:49Z,0.2.0,,"© OpenStreetMap contributors, ODbL 1.0; nearest five geographic candidates routed.",complete,60.5407,60.5407,100,,open_community,osm_cross_border_nearest5_ors,true
250432,la Vall de Boí,05,Alta Ribagorça,2026-08-20,78.924333,16.691333,1.319333,17.7725,65.394833,1.242167,3.6919,76.6173,100,74.455,8.2017,100,51.5014,70,municipality,openstreetmap_geofabrik;openrouteservice,,2026-08-21T22:01:49Z,0.2.0,,"© OpenStreetMap contributors, ODbL 1.0; nearest five geographic candidates routed.",complete,51.5014,51.5014,100,,open_community,osm_cross_border_nearest5_ors,true
250447,Bassella,04,Alt Urgell,2026-08-20,52.860167,21.1705,7.587667,7.965333,53.923167,7.4075,19.5198,67.659,94.8247,94.0693,18.1024,95.185,56.5397,70,municipality,openstreetmap_geofabrik;openrouteservice,,2026-08-21T22:01:49Z,0.2.0,,"© OpenStreetMap contributors, ODbL 1.0; nearest five geographic candidates routed.",complete,56.5397,56.5397,100,,open_community,osm_cross_border_nearest5_ors,true
250450,Bausen,39,Val d'Aran,2026-08-20,139.156167,14.7785,13.685,14.808833,125.626667,14.4965,0,80.443,82.63,80.3823,0,81.007,44.7314,70,municipality,openstreetmap_geofabrik;openrouteservice,,2026-08-21T22:01:49Z,0.2.0,,"© OpenStreetMap contributors, ODbL 1.0; nearest five geographic candidates routed.",complete,44.7314,44.7314,100,,open_community,osm_cross_border_nearest5_ors,true
250463,Belianes,38,Urgell,2026-08-20,41.637,0.310167,7.742833,0.848,13.966833,0.865667,34.484,100,94.5143,100,82.0663,100,78.9371,70,municipality,openstreetmap_geofabrik;openrouteservice,,2026-08-21T22:01:49Z,0.2.0,,"© OpenStreetMap contributors, ODbL 1.0; nearest five geographic candidates routed.",complete,78.9371,78.9371,100,,open_community,osm_cross_border_nearest5_ors,true
250479,Bellcaire d'Urgell,23,Noguera,2026-08-20,10.817167,7.750667,1.251333,0.608833,10.8785,1.208,88.3657,94.4987,100,100,88.243,100,93.9148,70,municipality,openstreetmap_geofabrik;openrouteservice,,2026-08-21T22:01:49Z,0.2.0,,"© OpenStreetMap contributors, ODbL 1.0; nearest five geographic candidates routed.",complete,93.9148,93.9148,100,,open_community,osm_cross_border_nearest5_ors,true
250485,Bell-lloc d'Urgell,27,Pla d'Urgell,2026-08-20,17.302,11.8915,0.809,2.991333,14.316667,0.762,75.396,86.217,100,100,81.3667,100,88.0549,70,municipality,openstreetmap_geofabrik;openrouteservice,,2026-08-21T22:01:49Z,0.2.0,,"© OpenStreetMap contributors, ODbL 1.0; nearest five geographic candidates routed.",complete,88.0549,88.0549,100,,open_community,osm_cross_border_nearest5_ors,true
250498,Bellmunt d'Urgell,23,Noguera,2026-08-20,20.699,1.175667,8.978,1.3705,20.760333,5.945167,68.602,100,92.044,100,68.4793,98.1097,84.0661,70,municipality,openstreetmap_geofabrik;openrouteservice,,2026-08-21T22:01:49Z,0.2.0,,"© OpenStreetMap contributors, ODbL 1.0; nearest five geographic candidates routed.",complete,84.0661,84.0661,100,,open_community,osm_cross_border_nearest5_ors,true
250501,Bellpuig,38,Urgell,2026-08-20,32.3515,2.269,1.8385,2.900833,4.049333,2.131167,46.8647,100,100,100,100,100,86.7162,70,municipality,openstreetmap_geofabrik;openrouteservice,,2026-08-21T22:01:49Z,0.2.0,,"© OpenStreetMap contributors, ODbL 1.0; nearest five geographic candidates routed.",complete,86.7162,86.7162,100,,open_community,osm_cross_border_nearest5_ors,true
250518,Bellver de Cerdanya,15,Cerdanya,2026-08-20,12.671167,2.346167,2.7005,3.538667,21.131167,2.067,84.6577,100,100,100,67.7377,100,89.712,70,municipality,openstreetmap_geofabrik;openrouteservice,,2026-08-21T22:01:49Z,0.2.0,,"© OpenStreetMap contributors, ODbL 1.0; nearest five geographic candidates routed.",complete,89.712,89.712,100,,open_community,osm_cross_border_nearest5_ors,true
250523,Bellvís,27,Pla d'Urgell,2026-08-20,20.109667,1.8095,0.364333,1.479167,7.733667,1.137,69.7807,100,100,100,94.5327,100,91.3517,70,municipality,openstreetmap_geofabrik;openrouteservice,,2026-08-21T22:01:49Z,0.2.0,,"© OpenStreetMap contributors, ODbL 1.0; nearest five geographic candidates routed.",complete,91.3517,91.3517,100,,open_community,osm_cross_border_nearest5_ors,true
250539,Benavent de Segrià,33,Segrià,2026-08-20,19.575333,0.476833,0.248667,1.042333,16.7395,0.5335,70.8493,100,100,100,76.521,100,88.0165,70,municipality,openstreetmap_geofabrik;openrouteservice,,2026-08-21T22:01:49Z,0.2.0,,"© OpenStreetMap contributors, ODbL 1.0; nearest five geographic candidates routed.",complete,88.0165,88.0165,100,,open_community,osm_cross_border_nearest5_ors,true
250557,Biosca,35,Solsonès,2026-08-20,45.463333,12.644333,10.714667,7.7505,22.215833,8.114333,29.3822,84.7113,88.5707,94.499,65.5683,93.7713,69.7071,70,municipality,openstreetmap_geofabrik;openrouteservice,,2026-08-21T22:01:49Z,0.2.0,,"© OpenStreetMap contributors, ODbL 1.0; nearest five geographic candidates routed.",complete,69.7071,69.7071,100,,open_community,osm_cross_border_nearest5_ors,true
250560,Bovera,18,Garrigues,2026-08-20,48.953,25.002667,21.203333,1.195167,24.456833,9.450167,24.7293,59.9947,67.5933,100,61.0863,91.0997,60.0274,70,municipality,openstreetmap_geofabrik;openrouteservice,,2026-08-21T22:01:49Z,0.2.0,,"© OpenStreetMap contributors, ODbL 1.0; nearest five geographic candidates routed.",complete,60.0274,60.0274,100,,open_community,osm_cross_border_nearest5_ors,true
250576,Es Bòrdes,39,Val d'Aran,2026-08-20,114.4495,8.457833,7.894833,0.787333,100.92,8.734,0,93.0843,94.2103,100,0,92.532,52.0579,70,municipality,openstreetmap_geofabrik;openrouteservice,,2026-08-21T22:01:49Z,0.2.0,,"© OpenStreetMap contributors, ODbL 1.0; nearest five geographic candidates routed.",complete,52.0579,52.0579,100,,open_community,osm_cross_border_nearest5_ors,true
250582,les Borges Blanques,18,Garrigues,2026-08-20,26.792333,3.970167,1.8655,2.7175,4.110333,1.939333,56.4153,100,100,100,100,100,89.1038,70,municipality,openstreetmap_geofabrik;openrouteservice,,2026-08-21T22:01:49Z,0.2.0,,"© OpenStreetMap contributors, ODbL 1.0; nearest five geographic candidates routed.",complete,89.1038,89.1038,100,,open_community,osm_cross_border_nearest5_ors,true
250595,Bossòst,39,Val d'Aran,2026-08-20,121.244333,2.1445,0.761,1.397667,107.714833,1.0645,0,100,100,100,0,100,55,70,municipality,openstreetmap_geofabrik;openrouteservice,,2026-08-21T22:01:49Z,0.2.0,,"© OpenStreetMap contributors, ODbL 1.0; nearest five geographic candidates routed.",complete,55,55,100,,open_community,osm_cross_border_nearest5_ors,true
250609,Cabanabona,23,Noguera,2026-08-20,45.312833,14.795833,11.3155,9.472667,26.430333,10.0065,29.5829,80.4083,87.369,91.0547,57.1393,89.987,66.4628,70,municipality,openstreetmap_geofabrik;openrouteservice,,2026-08-21T22:01:49Z,0.2.0,,"© OpenStreetMap contributors, ODbL 1.0; nearest five geographic candidates routed.",complete,66.4628,66.4628,100,,open_community,osm_cross_border_nearest5_ors,true
250616,Cabó,04,Alt Urgell,2026-08-20,50.993167,48.136833,21.382,21.433167,80.3055,21.0725,22.0091,25.8176,67.236,67.1337,3.2315,67.855,36.9673,70,municipality,openstreetmap_geofabrik;openrouteservice,,2026-08-21T22:01:49Z,0.2.0,,"© OpenStreetMap contributors, ODbL 1.0; nearest five geographic candidates routed.",complete,36.9673,36.9673,100,,open_community,osm_cross_border_nearest5_ors,true
250621,Camarasa,23,Noguera,2026-08-20,15.724167,13.415333,14.691333,1.9545,9.131333,0.572,78.5517,83.1693,80.6173,100,91.7373,100,86.5842,70,municipality,openstreetmap_geofabrik;openrouteservice,,2026-08-21T22:01:49Z,0.2.0,,"© OpenStreetMap contributors, ODbL 1.0; nearest five geographic candidates routed.",complete,86.5842,86.5842,100,,open_community,osm_cross_border_nearest5_ors,true
250637,Canejan,39,Val d'Aran,2026-08-20,146.015833,21.638333,20.544833,21.6685,132.4865,21.356333,0,66.7233,68.9103,66.663,0,67.2873,37.1856,70,municipality,openstreetmap_geofabrik;openrouteservice,,2026-08-21T22:01:49Z,0.2.0,,"© OpenStreetMap contributors, ODbL 1.0; nearest five geographic candidates routed.",complete,37.1856,37.1856,100,,open_community,osm_cross_border_nearest5_ors,true
250642,Castellar de la Ribera,35,Solsonès,2026-08-20,53.674833,11.110167,9.715667,10.910667,52.1785,10.385,18.4336,87.7797,90.5687,88.1787,20.4287,89.23,57.7157,70,municipality,openstreetmap_geofabrik;openrouteservice,,2026-08-21T22:01:49Z,0.2.0,,"© OpenStreetMap contributors, ODbL 1.0; nearest five geographic candidates routed.",complete,57.7157,57.7157,100,,open_community,osm_cross_border_nearest5_ors,true
250674,Castelldans,18,Garrigues,2026-08-20,22.492,1.529833,6.112833,1.429667,7.696167,0.309,65.016,100,97.7743,100,94.6077,100,89.7304,70,municipality,openstreetmap_geofabrik;openrouteservice,,2026-08-21T22:01:49Z,0.2.0,,"© OpenStreetMap contributors, ODbL 1.0; nearest five geographic candidates routed.",complete,89.7304,89.7304,100,,open_community,osm_cross_border_nearest5_ors,true
250680,Castellnou de Seana,27,Pla d'Urgell,2026-08-20,26.868833,8.9895,8.319667,0.329167,4.753167,0.227333,56.2623,92.021,93.3607,100,100,100,86.5409,70,municipality,openstreetmap_geofabrik;openrouteservice,,2026-08-21T22:01:49Z,0.2.0,,"© OpenStreetMap contributors, ODbL 1.0; nearest five geographic candidates routed.",complete,86.5409,86.5409,100,,open_community,osm_cross_border_nearest5_ors,true
250693,Castelló de Farfanya,23,Noguera,2026-08-20,16.113333,12.300333,13.4045,1.214333,13.974667,1.427833,77.7733,85.3993,83.191,100,82.0507,100,85.3016,70,municipality,openstreetmap_geofabrik;openrouteservice,,2026-08-21T22:01:49Z,0.2.0,,"© OpenStreetMap contributors, ODbL 1.0; nearest five geographic candidates routed.",complete,85.3016,85.3016,100,,open_community,osm_cross_border_nearest5_ors,true
250707,Castellserà,38,Urgell,2026-08-20,19.004333,1.263667,0.1935,1.172667,19.065667,0.380167,71.9913,100,100,100,71.8687,100,87.3716,70,municipality,openstreetmap_geofabrik;openrouteservice,,2026-08-21T22:01:49Z,0.2.0,,"© OpenStreetMap contributors, ODbL 1.0; nearest five geographic candidates routed.",complete,87.3716,87.3716,100,,open_community,osm_cross_border_nearest5_ors,true
250714,Cava,04,Alt Urgell,2026-08-20,36.509,34.417,31.395,28.522,59.957333,33.59,41.3213,44.1107,48.14,52.956,10.0569,45.2133,38.4032,70,municipality,openstreetmap_geofabrik;openrouteservice,,2026-08-21T22:01:49Z,0.2.0,,"© OpenStreetMap contributors, ODbL 1.0; nearest five geographic candidates routed.",complete,38.4032,38.4032,100,,open_community,osm_cross_border_nearest5_ors,true
250729,Cervera,32,Segarra,2026-08-20,27.005,3.595667,3.704833,4.1365,5.383333,4.056833,55.99,100,100,100,99.2333,100,88.8442,70,municipality,openstreetmap_geofabrik;openrouteservice,,2026-08-21T22:01:49Z,0.2.0,,"© OpenStreetMap contributors, ODbL 1.0; nearest five geographic candidates routed.",complete,88.8442,88.8442,100,,open_community,osm_cross_border_nearest5_ors,true
250735,Cervià de les Garrigues,18,Garrigues,2026-08-20,35.2335,12.961333,1.622,1.970333,13.866167,1.378833,43.022,84.0773,100,100,82.2677,100,79.8206,70,municipality,openstreetmap_geofabrik;openrouteservice,,2026-08-21T22:01:49Z,0.2.0,,"© OpenStreetMap contributors, ODbL 1.0; nearest five geographic candidates routed.",complete,79.8206,79.8206,100,,open_community,osm_cross_border_nearest5_ors,true
250740,Ciutadilla,38,Urgell,2026-08-20,43.740333,6.516333,14.443833,1.803,17.788333,11.311833,31.6796,96.9673,81.1123,100,74.4233,87.3763,72.3097,70,municipality,openstreetmap_geofabrik;openrouteservice,,2026-08-21T22:01:49Z,0.2.0,,"© OpenStreetMap contributors, ODbL 1.0; nearest five geographic candidates routed.",complete,72.3097,72.3097,100,,open_community,osm_cross_border_nearest5_ors,true
250753,Clariana de Cardener,35,Solsonès,2026-08-20,40.974167,9.167667,14.538167,8.392667,36.011667,7.339667,35.3678,91.6647,80.9237,93.2147,41.9844,95.3207,66.0268,70,municipality,openstreetmap_geofabrik;openrouteservice,,2026-08-21T22:01:49Z,0.2.0,,"© OpenStreetMap contributors, ODbL 1.0; nearest five geographic candidates routed.",complete,66.0268,66.0268,100,,open_community,osm_cross_border_nearest5_ors,true
250766,el Cogul,18,Garrigues,2026-08-20,26.883667,15.036333,16.481167,14.212667,20.647333,13.815333,56.2327,79.9273,77.0377,81.5747,68.7053,82.3693,71.5903,70,municipality,openstreetmap_geofabrik;openrouteservice,,2026-08-21T22:01:49Z,0.2.0,,"© OpenStreetMap contributors, ODbL 1.0; nearest five geographic candidates routed.",complete,71.5903,71.5903,100,,open_community,osm_cross_border_nearest5_ors,true
250772,Coll de Nargó,04,Alt Urgell,2026-08-20,36.826,33.9695,1.003833,1.298167,53.693667,1.037167,40.8987,44.7073,100,100,18.4084,100,60.6124,70,municipality,openstreetmap_geofabrik;openrouteservice,,2026-08-21T22:01:49Z,0.2.0,,"© OpenStreetMap contributors, ODbL 1.0; nearest five geographic candidates routed.",complete,60.6124,60.6124,100,,open_community,osm_cross_border_nearest5_ors,true
250788,Corbins,33,Segrià,2026-08-20,17.957833,0.048833,8.276167,0.965833,8.9555,0.202833,74.0843,100,93.4477,100,92.089,100,90.6284,70,municipality,openstreetmap_geofabrik;openrouteservice,,2026-08-21T22:01:49Z,0.2.0,,"© OpenStreetMap contributors, ODbL 1.0; nearest five geographic candidates routed.",complete,90.6284,90.6284,100,,open_community,osm_cross_border_nearest5_ors,true
250791,Cubells,23,Noguera,2026-08-20,18.4365,11.1625,13.208833,1.8955,19.539167,2.418833,73.127,87.675,83.5823,100,70.9217,100,82.3338,70,municipality,openstreetmap_geofabrik;openrouteservice,,2026-08-21T22:01:49Z,0.2.0,,"© OpenStreetMap contributors, ODbL 1.0; nearest five geographic candidates routed.",complete,82.3338,82.3338,100,,open_community,osm_cross_border_nearest5_ors,true
250812,l'Espluga Calba,18,Garrigues,2026-08-20,39.997667,7.019333,12.100833,1.6685,12.189,1.033,36.6698,95.9613,85.7983,100,85.622,100,77.8457,70,municipality,openstreetmap_geofabrik;openrouteservice,,2026-08-21T22:01:49Z,0.2.0,,"© OpenStreetMap contributors, ODbL 1.0; nearest five geographic candidates routed.",complete,77.8457,77.8457,100,,open_community,osm_cross_border_nearest5_ors,true
250827,Espot,26,Pallars Sobirà,2026-08-20,96.96,9.751167,6.474667,16.525333,68.570333,0.207333,0,90.4977,97.0507,76.9493,7.1432,100,52.1084,70,municipality,openstreetmap_geofabrik;openrouteservice,,2026-08-21T22:01:49Z,0.2.0,,"© OpenStreetMap contributors, ODbL 1.0; nearest five geographic candidates routed.",complete,52.1084,52.1084,100,,open_community,osm_cross_border_nearest5_ors,true
250851,Estaràs,32,Segarra,2026-08-20,28.350167,8.777167,9.035,8.235167,8.78,8.3695,53.2997,92.4457,91.93,93.5297,92.44,93.261,82.7448,70,municipality,openstreetmap_geofabrik;openrouteservice,,2026-08-21T22:01:49Z,0.2.0,,"© OpenStreetMap contributors, ODbL 1.0; nearest five geographic candidates routed.",complete,82.7448,82.7448,100,,open_community,osm_cross_border_nearest5_ors,true
250864,Esterri d'Àneu,26,Pallars Sobirà,2026-08-20,101.653,3.3165,0.247833,1.049833,73.263333,2.997167,0,100,100,100,5.5789,100,56.1158,70,municipality,openstreetmap_geofabrik;openrouteservice,,2026-08-21T22:01:49Z,0.2.0,,"© OpenStreetMap contributors, ODbL 1.0; nearest five geographic candidates routed.",complete,56.1158,56.1158,100,,open_community,osm_cross_border_nearest5_ors,true
250870,Esterri de Cardós,26,Pallars Sobirà,2026-08-20,95.5895,32.943167,9.272833,11.9325,72.806833,21.997833,0,46.0758,91.4543,86.135,5.7311,66.0043,41.5624,70,municipality,openstreetmap_geofabrik;openrouteservice,,2026-08-21T22:01:49Z,0.2.0,,"© OpenStreetMap contributors, ODbL 1.0; nearest five geographic candidates routed.",complete,41.5624,41.5624,100,,open_community,osm_cross_border_nearest5_ors,true
250886,Estamariu,04,Alt Urgell,2026-08-20,21.7705,0.042833,16.6565,13.7835,56.019667,18.851333,66.459,100,76.687,82.433,15.3071,72.2973,65.4866,70,municipality,openstreetmap_geofabrik;openrouteservice,,2026-08-21T22:01:49Z,0.2.0,,"© OpenStreetMap contributors, ODbL 1.0; nearest five geographic candidates routed.",complete,65.4866,65.4866,100,,open_community,osm_cross_border_nearest5_ors,true
250899,Farrera,26,Pallars Sobirà,2026-08-20,79.267833,25.961,16.927167,16.921333,67.361167,16.552167,3.5774,58.078,76.1457,76.1573,7.5463,76.8957,41.6498,70,municipality,openstreetmap_geofabrik;openrouteservice,,2026-08-21T22:01:49Z,0.2.0,,"© OpenStreetMap contributors, ODbL 1.0; nearest five geographic candidates routed.",complete,41.6498,41.6498,100,,open_community,osm_cross_border_nearest5_ors,true
250925,la Floresta,18,Garrigues,2026-08-20,31.457333,7.036333,0.696167,8.311833,1.9685,7.341833,48.0569,95.9273,100,93.3763,100,95.3163,85.2726,70,municipality,openstreetmap_geofabrik;openrouteservice,,2026-08-21T22:01:49Z,0.2.0,,"© OpenStreetMap contributors, ODbL 1.0; nearest five geographic candidates routed.",complete,85.2726,85.2726,100,,open_community,osm_cross_border_nearest5_ors,true
250931,Fondarella,27,Pla d'Urgell,2026-08-20,22.133833,6.059833,4.440667,1.0195,8.8645,4.166333,65.7323,97.8803,100,100,92.271,100,89.5693,70,municipality,openstreetmap_geofabrik;openrouteservice,,2026-08-21T22:01:49Z,0.2.0,,"© OpenStreetMap contributors, ODbL 1.0; nearest five geographic candidates routed.",complete,89.5693,89.5693,100,,open_community,osm_cross_border_nearest5_ors,true
250946,Foradada,23,Noguera,2026-08-20,23.564167,8.758833,8.545167,6.945,24.667,6.901833,62.8717,92.4823,92.9097,96.11,60.666,96.1963,79.536,70,municipality,openstreetmap_geofabrik;openrouteservice,,2026-08-21T22:01:49Z,0.2.0,,"© OpenStreetMap contributors, ODbL 1.0; nearest five geographic candidates routed.",complete,79.536,79.536,100,,open_community,osm_cross_border_nearest5_ors,true
250962,la Fuliola,38,Urgell,2026-08-20,21.917,6.556667,1.9625,2.607167,13.298,1.892167,66.166,96.8867,100,100,83.404,100,87.7553,70,municipality,openstreetmap_geofabrik;openrouteservice,,2026-08-21T22:01:49Z,0.2.0,,"© OpenStreetMap contributors, ODbL 1.0; nearest five geographic candidates routed.",complete,87.7553,87.7553,100,,open_community,osm_cross_border_nearest5_ors,true
250978,Fulleda,18,Garrigues,2026-08-20,33.698,0.278833,17.701667,6.9945,12.6655,6.127333,45.0693,100,74.5967,96.011,84.669,97.7453,77.4961,70,municipality,openstreetmap_geofabrik;openrouteservice,,2026-08-21T22:01:49Z,0.2.0,,"© OpenStreetMap contributors, ODbL 1.0; nearest five geographic candidates routed.",complete,77.4961,77.4961,100,,open_community,osm_cross_border_nearest5_ors,true
250984,Gavet de la Conca,25,Pallars Jussà,2026-08-20,11.986,17.537833,11.6725,11.778,13.753667,12.060667,86.028,74.9243,86.655,86.444,82.4927,85.8787,83.8075,70,municipality,openstreetmap_geofabrik;openrouteservice,,2026-08-21T22:01:49Z,0.2.0,,"© OpenStreetMap contributors, ODbL 1.0; nearest five geographic candidates routed.",complete,83.8075,83.8075,100,,open_community,osm_cross_border_nearest5_ors,true
250997,Golmés,27,Pla d'Urgell,2026-08-20,26.824333,1.2465,1.293333,1.865833,6.9465,0.769333,56.3513,100,100,100,96.107,100,88.3092,70,municipality,openstreetmap_geofabrik;openrouteservice,,2026-08-21T22:01:49Z,0.2.0,,"© OpenStreetMap contributors, ODbL 1.0; nearest five geographic candidates routed.",complete,88.3092,88.3092,100,,open_community,osm_cross_border_nearest5_ors,true
251001,Gósol,14,Berguedà,2026-08-20,21.727833,0.2065,34.842,11.271667,36.189,10.8515,66.5443,100,43.544,87.4567,41.748,88.297,66.2698,70,municipality,openstreetmap_geofabrik;openrouteservice,,2026-08-21T22:01:49Z,0.2.0,,"© OpenStreetMap contributors, ODbL 1.0; nearest five geographic candidates routed.",complete,66.2698,66.2698,100,,open_community,osm_cross_border_nearest5_ors,true
251018,la Granadella,18,Garrigues,2026-08-20,39.457667,16.1735,17.205,0.748833,32.2135,0.271667,37.3898,77.653,75.59,100,47.0487,100,65.5231,70,municipality,openstreetmap_geofabrik;openrouteservice,,2026-08-21T22:01:49Z,0.2.0,,"© OpenStreetMap contributors, ODbL 1.0; nearest five geographic candidates routed.",complete,65.5231,65.5231,100,,open_community,osm_cross_border_nearest5_ors,true
251023,la Granja d'Escarp,33,Segrià,2026-08-20,21.493667,1.772,13.578667,0.668333,40.357,0.762167,67.0127,100,82.8427,100,36.1907,100,75.5599,70,municipality,openstreetmap_geofabrik;openrouteservice,,2026-08-21T22:01:49Z,0.2.0,,"© OpenStreetMap contributors, ODbL 1.0; nearest five geographic candidates routed.",complete,75.5599,75.5599,100,,open_community,osm_cross_border_nearest5_ors,true
251039,Granyanella,32,Segarra,2026-08-20,31.222167,7.316667,5.375667,8.191,9.062167,7.607,48.3704,95.3667,99.2487,93.618,91.8757,94.786,83.4629,70,municipality,openstreetmap_geofabrik;openrouteservice,,2026-08-21T22:01:49Z,0.2.0,,"© OpenStreetMap contributors, ODbL 1.0; nearest five geographic candidates routed.",complete,83.4629,83.4629,100,,open_community,osm_cross_border_nearest5_ors,true
251044,Granyena de Segarra,32,Segarra,2026-08-20,34.046,9.3065,9.415667,11.59,11.222833,9.7675,44.6053,91.387,91.1687,86.82,87.5543,90.465,78.3325,70,municipality,openstreetmap_geofabrik;openrouteservice,,2026-08-21T22:01:49Z,0.2.0,,"© OpenStreetMap contributors, ODbL 1.0; nearest five geographic candidates routed.",complete,78.3325,78.3325,100,,open_community,osm_cross_border_nearest5_ors,true
251057,Granyena de les Garrigues,18,Garrigues,2026-08-20,23.5035,12.498,16.839333,6.5615,25.557333,12.553333,62.993,85.004,76.3213,96.877,58.8853,84.8933,73.7172,70,municipality,openstreetmap_geofabrik;openrouteservice,,2026-08-21T22:01:49Z,0.2.0,,"© OpenStreetMap contributors, ODbL 1.0; nearest five geographic candidates routed.",complete,73.7172,73.7172,100,,open_community,osm_cross_border_nearest5_ors,true
251095,Guimerà,38,Urgell,2026-08-20,45.288333,10.428,16.998833,1.454,20.3435,13.867,29.6156,89.144,76.0023,100,69.313,82.266,68.0652,70,municipality,openstreetmap_geofabrik;openrouteservice,,2026-08-21T22:01:49Z,0.2.0,,"© OpenStreetMap contributors, ODbL 1.0; nearest five geographic candidates routed.",complete,68.0652,68.0652,100,,open_community,osm_cross_border_nearest5_ors,true
251109,Guissona,32,Segarra,2026-08-20,38.136667,3.551167,1.0695,1.7495,19.254167,1.445333,39.1511,100,100,100,71.4917,100,79.0861,70,municipality,openstreetmap_geofabrik;openrouteservice,,2026-08-21T22:01:49Z,0.2.0,,"© OpenStreetMap contributors, ODbL 1.0; nearest five geographic candidates routed.",complete,79.0861,79.0861,100,,open_community,osm_cross_border_nearest5_ors,true
251116,Guixers,35,Solsonès,2026-08-20,32.801,12.738833,12.680833,12.117,54.6215,12.230833,46.2653,84.5223,84.6383,85.766,17.1713,85.5383,61.737,70,municipality,openstreetmap_geofabrik;openrouteservice,,2026-08-21T22:01:49Z,0.2.0,,"© OpenStreetMap contributors, ODbL 1.0; nearest five geographic candidates routed.",complete,61.737,61.737,100,,open_community,osm_cross_border_nearest5_ors,true
251121,Ivars de Noguera,23,Noguera,2026-08-20,33.1955,5.363167,5.375333,1.4035,29.368667,5.8245,45.7393,99.2737,99.2493,100,51.2627,98.351,76.2634,70,municipality,openstreetmap_geofabrik;openrouteservice,,2026-08-21T22:01:49Z,0.2.0,,"© OpenStreetMap contributors, ODbL 1.0; nearest five geographic candidates routed.",complete,76.2634,76.2634,100,,open_community,osm_cross_border_nearest5_ors,true
251137,Ivars d'Urgell,27,Pla d'Urgell,2026-08-20,23.873167,6.631,1.278333,1.817333,13.139667,0.422,62.2537,96.738,100,100,83.7207,100,86.8183,70,municipality,openstreetmap_geofabrik;openrouteservice,,2026-08-21T22:01:49Z,0.2.0,,"© OpenStreetMap contributors, ODbL 1.0; nearest five geographic candidates routed.",complete,86.8183,86.8183,100,,open_community,osm_cross_border_nearest5_ors,true
251142,Ivorra,32,Segarra,2026-08-20,42.468333,19.104333,20.425667,9.251667,19.610167,8.961333,33.3756,71.7913,69.1487,91.4967,70.7797,92.0773,65.4557,70,municipality,openstreetmap_geofabrik;openrouteservice,,2026-08-21T22:01:49Z,0.2.0,,"© OpenStreetMap contributors, ODbL 1.0; nearest five geographic candidates routed.",complete,65.4557,65.4557,100,,open_community,osm_cross_border_nearest5_ors,true
251155,Isona i Conca Dellà,25,Pallars Jussà,2026-08-20,20.667667,26.219667,20.354167,0.728167,22.435333,0.727167,68.6647,57.5607,69.2917,100,65.1293,100,72.6845,70,municipality,openstreetmap_geofabrik;openrouteservice,,2026-08-21T22:01:49Z,0.2.0,,"© OpenStreetMap contributors, ODbL 1.0; nearest five geographic candidates routed.",complete,72.6845,72.6845,100,,open_community,osm_cross_border_nearest5_ors,true
251180,Juncosa,18,Garrigues,2026-08-20,38.4395,27.434,26.0815,0.789167,33.699,1.273167,38.7473,55.132,57.837,100,45.068,100,58.5376,70,municipality,openstreetmap_geofabrik;openrouteservice,,2026-08-21T22:01:49Z,0.2.0,,"© OpenStreetMap contributors, ODbL 1.0; nearest five geographic candidates routed.",complete,58.5376,58.5376,100,,open_community,osm_cross_border_nearest5_ors,true
251193,Juneda,18,Garrigues,2026-08-20,25.411667,1.139833,1.541333,2.8495,2.838333,1.258667,59.1767,100,100,100,100,100,89.7942,70,municipality,openstreetmap_geofabrik;openrouteservice,,2026-08-21T22:01:49Z,0.2.0,,"© OpenStreetMap contributors, ODbL 1.0; nearest five geographic candidates routed.",complete,89.7942,89.7942,100,,open_community,osm_cross_border_nearest5_ors,true
251207,Lleida,33,Segrià,2026-08-20,5.242333,1.702667,3.315667,2.266333,5.1745,0.007667,99.5153,100,100,100,99.651,100,99.809,70,municipality,openstreetmap_geofabrik;openrouteservice,,2026-08-21T22:01:49Z,0.2.0,,"© OpenStreetMap contributors, ODbL 1.0; nearest five geographic candidates routed.",complete,99.809,99.809,100,,open_community,osm_cross_border_nearest5_ors,true
251214,Les,39,Val d'Aran,2026-08-20,125.532833,1.311667,0.5065,1.052167,112.003333,0.431833,0,100,100,100,0,100,55,70,municipality,openstreetmap_geofabrik;openrouteservice,,2026-08-21T22:01:49Z,0.2.0,,"© OpenStreetMap contributors, ODbL 1.0; nearest five geographic candidates routed.",complete,55,55,100,,open_community,osm_cross_border_nearest5_ors,true
251229,Linyola,27,Pla d'Urgell,2026-08-20,16.939167,10.454833,0.182667,2.0545,14.183833,1.246333,76.1217,89.0903,100,100,81.6323,100,88.7204,70,municipality,openstreetmap_geofabrik;openrouteservice,,2026-08-21T22:01:49Z,0.2.0,,"© OpenStreetMap contributors, ODbL 1.0; nearest five geographic candidates routed.",complete,88.7204,88.7204,100,,open_community,osm_cross_border_nearest5_ors,true
251235,Lladorre,26,Pallars Sobirà,2026-08-20,92.346333,29.7,6.029833,8.689333,69.563833,18.754833,0,50.6,97.9403,92.6213,6.8121,72.4903,45.0516,70,municipality,openstreetmap_geofabrik;openrouteservice,,2026-08-21T22:01:49Z,0.2.0,,"© OpenStreetMap contributors, ODbL 1.0; nearest five geographic candidates routed.",complete,45.0516,45.0516,100,,open_community,osm_cross_border_nearest5_ors,true
251240,Lladurs,35,Solsonès,2026-08-20,39.917833,8.53,7.112333,0.146667,50.470833,7.688833,36.7762,92.94,95.7753,100,22.7056,94.6223,66.2935,70,municipality,openstreetmap_geofabrik;openrouteservice,,2026-08-21T22:01:49Z,0.2.0,,"© OpenStreetMap contributors, ODbL 1.0; nearest five geographic candidates routed.",complete,66.2935,66.2935,100,,open_community,osm_cross_border_nearest5_ors,true
251253,Llardecans,33,Segrià,2026-08-20,33.87,1.066833,0.989333,0.867167,31.878,0.676,44.84,100,100,100,47.496,100,75.7092,70,municipality,openstreetmap_geofabrik;openrouteservice,,2026-08-21T22:01:49Z,0.2.0,,"© OpenStreetMap contributors, ODbL 1.0; nearest five geographic candidates routed.",complete,75.7092,75.7092,100,,open_community,osm_cross_border_nearest5_ors,true
251266,Llavorsí,26,Pallars Sobirà,2026-08-20,64.6135,11.397,0.429667,0.423833,51.260833,0.052833,8.4622,87.206,100,100,21.6522,100,59.5269,70,municipality,openstreetmap_geofabrik;openrouteservice,,2026-08-21T22:01:49Z,0.2.0,,"© OpenStreetMap contributors, ODbL 1.0; nearest five geographic candidates routed.",complete,59.5269,59.5269,100,,open_community,osm_cross_border_nearest5_ors,true
251272,Lles de Cerdanya,15,Cerdanya,2026-08-20,36.218167,19.057333,25.908167,0.046,44.678167,18.734833,41.7091,71.8853,58.1837,100,30.4291,72.5303,56.1857,70,municipality,openstreetmap_geofabrik;openrouteservice,,2026-08-21T22:01:49Z,0.2.0,,"© OpenStreetMap contributors, ODbL 1.0; nearest five geographic candidates routed.",complete,56.1857,56.1857,100,,open_community,osm_cross_border_nearest5_ors,true
251288,Llimiana,25,Pallars Jussà,2026-08-20,25.904,25.666333,25.0045,19.963833,14.089833,25.392667,58.192,58.6673,59.991,70.0723,81.8203,59.2147,64.6391,70,municipality,openstreetmap_geofabrik;openrouteservice,,2026-08-21T22:01:49Z,0.2.0,,"© OpenStreetMap contributors, ODbL 1.0; nearest five geographic candidates routed.",complete,64.6391,64.6391,100,,open_community,osm_cross_border_nearest5_ors,true
251291,Llobera,35,Solsonès,2026-08-20,48.999833,11.696,10.459167,11.351,38.055,10.590333,24.6669,86.608,89.0817,87.298,39.26,88.8193,62.438,70,municipality,openstreetmap_geofabrik;openrouteservice,,2026-08-21T22:01:49Z,0.2.0,,"© OpenStreetMap contributors, ODbL 1.0; nearest five geographic candidates routed.",complete,62.438,62.438,100,,open_community,osm_cross_border_nearest5_ors,true
251305,Maldà,38,Urgell,2026-08-20,44.685,3.3385,10.468167,0.427833,17.753333,3.392333,30.42,100,89.0637,100,74.4933,100,75.3164,70,municipality,openstreetmap_geofabrik;openrouteservice,,2026-08-21T22:01:49Z,0.2.0,,"© OpenStreetMap contributors, ODbL 1.0; nearest five geographic candidates routed.",complete,75.3164,75.3164,100,,open_community,osm_cross_border_nearest5_ors,true
251312,Massalcoreig,33,Segrià,2026-08-20,15.990833,11.1165,16.218,1.5125,36.179167,1.447,78.0183,87.767,77.564,100,41.7611,100,76.5346,70,municipality,openstreetmap_geofabrik;openrouteservice,,2026-08-21T22:01:49Z,0.2.0,,"© OpenStreetMap contributors, ODbL 1.0; nearest five geographic candidates routed.",complete,76.5346,76.5346,100,,open_community,osm_cross_border_nearest5_ors,true
251327,Massoteres,32,Segarra,2026-08-20,40.694333,5.313167,4.065,4.080333,21.811833,4.559333,35.7409,99.3737,100,100,66.3763,100,77.1165,70,municipality,openstreetmap_geofabrik;openrouteservice,,2026-08-21T22:01:49Z,0.2.0,,"© OpenStreetMap contributors, ODbL 1.0; nearest five geographic candidates routed.",complete,77.1165,77.1165,100,,open_community,osm_cross_border_nearest5_ors,true
251333,Maials,33,Segrià,2026-08-20,28.683,1.396333,8.375,1.376167,28.699833,0.3625,52.634,100,93.25,100,52.6003,100,77.3286,70,municipality,openstreetmap_geofabrik;openrouteservice,,2026-08-21T22:01:49Z,0.2.0,,"© OpenStreetMap contributors, ODbL 1.0; nearest five geographic candidates routed.",complete,77.3286,77.3286,100,,open_community,osm_cross_border_nearest5_ors,true
251348,Menàrguens,23,Noguera,2026-08-20,18.000667,0.392667,0.222,0.776667,4.895167,0.569167,73.9987,100,100,100,100,100,93.4997,70,municipality,openstreetmap_geofabrik;openrouteservice,,2026-08-21T22:01:49Z,0.2.0,,"© OpenStreetMap contributors, ODbL 1.0; nearest five geographic candidates routed.",complete,93.4997,93.4997,100,,open_community,osm_cross_border_nearest5_ors,true
251351,Miralcamp,27,Pla d'Urgell,2026-08-20,29.575167,5.617,6.224167,1.721167,14.686333,1.412667,50.8497,98.766,97.5517,100,80.6273,100,83.1631,70,municipality,openstreetmap_geofabrik;openrouteservice,,2026-08-21T22:01:49Z,0.2.0,,"© OpenStreetMap contributors, ODbL 1.0; nearest five geographic candidates routed.",complete,83.1631,83.1631,100,,open_community,osm_cross_border_nearest5_ors,true
251364,la Molsosa,35,Solsonès,2026-08-20,41.0365,16.312,15.6015,15.203833,15.879,16.0905,35.2847,77.376,78.797,79.5923,78.242,77.819,67.5765,70,municipality,openstreetmap_geofabrik;openrouteservice,,2026-08-21T22:01:49Z,0.2.0,,"© OpenStreetMap contributors, ODbL 1.0; nearest five geographic candidates routed.",complete,67.5765,67.5765,100,,open_community,osm_cross_border_nearest5_ors,true
251370,Mollerussa,27,Pla d'Urgell,2026-08-20,25.597,0.596667,1.003833,1.694,9.5595,1.713833,58.806,100,100,100,90.881,100,87.8777,70,municipality,openstreetmap_geofabrik;openrouteservice,,2026-08-21T22:01:49Z,0.2.0,,"© OpenStreetMap contributors, ODbL 1.0; nearest five geographic candidates routed.",complete,87.8777,87.8777,100,,open_community,osm_cross_border_nearest5_ors,true
251386,Montgai,23,Noguera,2026-08-20,17.856667,1.070333,13.694833,0.6285,18.9595,0.3475,74.2867,100,82.6103,100,72.081,100,84.5099,70,municipality,openstreetmap_geofabrik;openrouteservice,,2026-08-21T22:01:49Z,0.2.0,,"© OpenStreetMap contributors, ODbL 1.0; nearest five geographic candidates routed.",complete,84.5099,84.5099,100,,open_community,osm_cross_border_nearest5_ors,true
251399,Montellà i Martinet,15,Cerdanya,2026-08-20,17.373667,0.750833,7.063667,0.239833,25.833667,0.109833,75.2527,100,95.8727,100,58.3327,100,84.6543,70,municipality,openstreetmap_geofabrik;openrouteservice,,2026-08-21T22:01:49Z,0.2.0,,"© OpenStreetMap contributors, ODbL 1.0; nearest five geographic candidates routed.",complete,84.6543,84.6543,100,,open_community,osm_cross_border_nearest5_ors,true
251403,Montferrer i Castellbò,04,Alt Urgell,2026-08-20,10.399333,7.464833,7.985333,2.871667,62.2,2.901,89.2013,95.0703,94.0293,100,9.2667,100,77.2201,70,municipality,openstreetmap_geofabrik;openrouteservice,,2026-08-21T22:01:49Z,0.2.0,,"© OpenStreetMap contributors, ODbL 1.0; nearest five geographic candidates routed.",complete,77.2201,77.2201,100,,open_community,osm_cross_border_nearest5_ors,true
251410,Montoliu de Segarra,32,Segarra,2026-08-20,38.809333,17.821,17.930333,20.1045,19.737333,18.282167,38.2542,74.358,74.1393,69.791,70.5253,73.4357,63.9728,70,municipality,openstreetmap_geofabrik;openrouteservice,,2026-08-21T22:01:49Z,0.2.0,,"© OpenStreetMap contributors, ODbL 1.0; nearest five geographic candidates routed.",complete,63.9728,63.9728,100,,open_community,osm_cross_border_nearest5_ors,true
251425,Montoliu de Lleida,33,Segrià,2026-08-20,13.673667,5.6705,5.336667,0.373167,16.426167,0.077667,82.6527,98.659,99.3267,100,77.1477,100,90.7569,70,municipality,openstreetmap_geofabrik;openrouteservice,,2026-08-21T22:01:49Z,0.2.0,,"© OpenStreetMap contributors, ODbL 1.0; nearest five geographic candidates routed.",complete,90.7569,90.7569,100,,open_community,osm_cross_border_nearest5_ors,true
251431,Montornès de Segarra,32,Segarra,2026-08-20,45.885,13.0015,19.103667,13.695667,22.448333,12.965167,28.82,83.997,71.7927,82.6087,65.1033,84.0697,63.8516,70,municipality,openstreetmap_geofabrik;openrouteservice,,2026-08-21T22:01:49Z,0.2.0,,"© OpenStreetMap contributors, ODbL 1.0; nearest five geographic candidates routed.",complete,63.8516,63.8516,100,,open_community,osm_cross_border_nearest5_ors,true
251459,Nalec,38,Urgell,2026-08-20,42.6255,0.3165,15.481,5.5985,18.825667,9.0705,33.166,100,79.038,98.803,72.3487,91.859,72.635,70,municipality,openstreetmap_geofabrik;openrouteservice,,2026-08-21T22:01:49Z,0.2.0,,"© OpenStreetMap contributors, ODbL 1.0; nearest five geographic candidates routed.",complete,72.635,72.635,100,,open_community,osm_cross_border_nearest5_ors,true
251462,Navès,35,Solsonès,2026-08-20,31.916167,14.101,12.351667,13.8035,50.031833,12.768167,47.4451,81.798,85.2967,82.393,23.2909,84.4637,62.5342,70,municipality,openstreetmap_geofabrik;openrouteservice,,2026-08-21T22:01:49Z,0.2.0,,"© OpenStreetMap contributors, ODbL 1.0; nearest five geographic candidates routed.",complete,62.5342,62.5342,100,,open_community,osm_cross_border_nearest5_ors,true
251484,Odèn,35,Solsonès,2026-08-20,58.6605,39.9805,31.3295,32.326833,84.207833,31.262667,11.786,36.6927,48.2273,46.8976,1.9307,48.3164,28.0034,70,municipality,openstreetmap_geofabrik;openrouteservice,,2026-08-21T22:01:49Z,0.2.0,,"© OpenStreetMap contributors, ODbL 1.0; nearest five geographic candidates routed.",complete,28.0034,28.0034,100,,open_community,osm_cross_border_nearest5_ors,true
251497,Oliana,04,Alt Urgell,2026-08-20,50.263167,25.907833,2.210667,2.409,69.4555,2.0305,22.9824,58.1843,100,100,6.8482,100,55.8429,70,municipality,openstreetmap_geofabrik;openrouteservice,,2026-08-21T22:01:49Z,0.2.0,,"© OpenStreetMap contributors, ODbL 1.0; nearest five geographic candidates routed.",complete,55.8429,55.8429,100,,open_community,osm_cross_border_nearest5_ors,true
251500,Oliola,23,Noguera,2026-08-20,39.901833,17.971833,18.213833,10.421833,38.538333,9.491833,36.7976,74.0563,73.5723,89.1563,38.6156,91.0163,60.7627,70,municipality,openstreetmap_geofabrik;openrouteservice,,2026-08-21T22:01:49Z,0.2.0,,"© OpenStreetMap contributors, ODbL 1.0; nearest five geographic candidates routed.",complete,60.7627,60.7627,100,,open_community,osm_cross_border_nearest5_ors,true
251517,Olius,35,Solsonès,2026-08-20,45.671167,10.539,8.789667,2.531833,46.226,1.726667,29.1051,88.922,92.4207,100,28.3653,100,64.7718,70,municipality,openstreetmap_geofabrik;openrouteservice,,2026-08-21T22:01:49Z,0.2.0,,"© OpenStreetMap contributors, ODbL 1.0; nearest five geographic candidates routed.",complete,64.7718,64.7718,100,,open_community,osm_cross_border_nearest5_ors,true
251522,les Oluges,32,Segarra,2026-08-20,29.974,10.287833,10.091167,7.959333,10.285,9.818167,50.052,89.4243,89.8177,94.0813,89.43,90.3637,80.2207,70,municipality,openstreetmap_geofabrik;openrouteservice,,2026-08-21T22:01:49Z,0.2.0,,"© OpenStreetMap contributors, ODbL 1.0; nearest five geographic candidates routed.",complete,80.2207,80.2207,100,,open_community,osm_cross_border_nearest5_ors,true
251538,els Omellons,18,Garrigues,2026-08-20,36.117833,11.887667,5.1955,6.238333,5.283833,6.745333,41.8429,86.2247,99.609,97.5233,99.4323,96.5093,82.606,70,municipality,openstreetmap_geofabrik;openrouteservice,,2026-08-21T22:01:49Z,0.2.0,,"© OpenStreetMap contributors, ODbL 1.0; nearest five geographic candidates routed.",complete,82.606,82.606,100,,open_community,osm_cross_border_nearest5_ors,true
251543,els Omells de na Gaia,38,Urgell,2026-08-20,39.037167,15.101833,22.269,12.855167,20.3265,12.809,37.9504,79.7963,65.462,84.2897,69.347,84.382,65.286,70,municipality,openstreetmap_geofabrik;openrouteservice,,2026-08-21T22:01:49Z,0.2.0,,"© OpenStreetMap contributors, ODbL 1.0; nearest five geographic candidates routed.",complete,65.286,65.286,100,,open_community,osm_cross_border_nearest5_ors,true
251556,Organyà,04,Alt Urgell,2026-08-20,30.321833,27.4655,0.295,1.952,60.027333,0.7945,49.5709,55.069,100,100,9.9909,100,62.6513,70,municipality,openstreetmap_geofabrik;openrouteservice,,2026-08-21T22:01:49Z,0.2.0,,"© OpenStreetMap contributors, ODbL 1.0; nearest five geographic candidates routed.",complete,62.6513,62.6513,100,,open_community,osm_cross_border_nearest5_ors,true
251569,Os de Balaguer,23,Noguera,2026-08-20,21.833333,0.8555,19.494333,1.440667,18.533167,1.0895,66.3333,100,71.0113,100,72.9337,100,80.3723,70,municipality,openstreetmap_geofabrik;openrouteservice,,2026-08-21T22:01:49Z,0.2.0,,"© OpenStreetMap contributors, ODbL 1.0; nearest five geographic candidates routed.",complete,80.3723,80.3723,100,,open_community,osm_cross_border_nearest5_ors,true
251575,Ossó de Sió,38,Urgell,2026-08-20,36.986333,4.670833,10.5255,7.2735,18.123167,11.027,40.6849,100,88.949,95.453,73.7537,87.946,76.0517,70,municipality,openstreetmap_geofabrik;openrouteservice,,2026-08-21T22:01:49Z,0.2.0,,"© OpenStreetMap contributors, ODbL 1.0; nearest five geographic candidates routed.",complete,76.0517,76.0517,100,,open_community,osm_cross_border_nearest5_ors,true
251581,el Palau d'Anglesola,27,Pla d'Urgell,2026-08-20,22.6015,8.596167,0.305833,0.876,10.5235,0.095167,64.797,92.8077,100,100,88.953,100,87.911,70,municipality,openstreetmap_geofabrik;openrouteservice,,2026-08-21T22:01:49Z,0.2.0,,"© OpenStreetMap contributors, ODbL 1.0; nearest five geographic candidates routed.",complete,87.911,87.911,100,,open_community,osm_cross_border_nearest5_ors,true
251615,Conca de Dalt,25,Pallars Jussà,2026-08-20,17.513833,2.679333,2.3095,2.863167,3.9845,2.088667,74.9723,100,100,100,100,100,93.7431,70,municipality,openstreetmap_geofabrik;openrouteservice,,2026-08-21T22:01:49Z,0.2.0,,"© OpenStreetMap contributors, ODbL 1.0; nearest five geographic candidates routed.",complete,93.7431,93.7431,100,,open_community,osm_cross_border_nearest5_ors,true
251636,la Coma i la Pedra,35,Solsonès,2026-08-20,28.325167,8.2755,8.2175,9.753667,73.105667,8.368167,53.3497,93.449,93.565,90.4927,5.6314,93.2637,65.5697,70,municipality,openstreetmap_geofabrik;openrouteservice,,2026-08-21T22:01:49Z,0.2.0,,"© OpenStreetMap contributors, ODbL 1.0; nearest five geographic candidates routed.",complete,65.5697,65.5697,100,,open_community,osm_cross_border_nearest5_ors,true
251641,Penelles,23,Noguera,2026-08-20,16.427833,0.534833,3.571,0.792167,16.489167,0.68,77.1443,100,100,100,77.0217,100,89.6904,70,municipality,openstreetmap_geofabrik;openrouteservice,,2026-08-21T22:01:49Z,0.2.0,,"© OpenStreetMap contributors, ODbL 1.0; nearest five geographic candidates routed.",complete,89.6904,89.6904,100,,open_community,osm_cross_border_nearest5_ors,true
251654,Peramola,04,Alt Urgell,2026-08-20,51.655333,32.017667,8.805,10.171333,70.847667,9.596,21.1262,47.3098,92.39,89.6573,6.3841,90.808,50.1794,70,municipality,openstreetmap_geofabrik;openrouteservice,,2026-08-21T22:01:49Z,0.2.0,,"© OpenStreetMap contributors, ODbL 1.0; nearest five geographic candidates routed.",complete,50.1794,50.1794,100,,open_community,osm_cross_border_nearest5_ors,true
251667,Pinell de Solsonès,35,Solsonès,2026-08-20,57.194,14.445667,14.302333,13.750833,50.521167,14.1655,13.7413,81.1087,81.3953,82.4983,22.6384,81.669,52.8251,70,municipality,openstreetmap_geofabrik;openrouteservice,,2026-08-21T22:01:49Z,0.2.0,,"© OpenStreetMap contributors, ODbL 1.0; nearest five geographic candidates routed.",complete,52.8251,52.8251,100,,open_community,osm_cross_border_nearest5_ors,true
251673,Pinós,35,Solsonès,2026-08-20,52.563833,27.8395,14.675333,23.037333,26.184,25.300667,19.9149,54.321,80.6493,63.9253,57.632,59.3987,53.1155,70,municipality,openstreetmap_geofabrik;openrouteservice,,2026-08-21T22:01:49Z,0.2.0,,"© OpenStreetMap contributors, ODbL 1.0; nearest five geographic candidates routed.",complete,53.1155,53.1155,100,,open_community,osm_cross_border_nearest5_ors,true
251689,el Poal,27,Pla d'Urgell,2026-08-20,28.436667,0.271333,9.716333,1.184333,16.060667,0.659833,53.1267,100,90.5673,100,77.8787,100,81.9709,70,municipality,openstreetmap_geofabrik;openrouteservice,,2026-08-21T22:01:49Z,0.2.0,,"© OpenStreetMap contributors, ODbL 1.0; nearest five geographic candidates routed.",complete,81.9709,81.9709,100,,open_community,osm_cross_border_nearest5_ors,true
251692,la Pobla de Cérvoles,18,Garrigues,2026-08-20,41.851833,6.468667,1.258167,14.9295,18.0165,16.727167,34.1976,97.0627,100,80.141,73.967,76.5457,73.5709,70,municipality,openstreetmap_geofabrik;openrouteservice,,2026-08-21T22:01:49Z,0.2.0,,"© OpenStreetMap contributors, ODbL 1.0; nearest five geographic candidates routed.",complete,73.5709,73.5709,100,,open_community,osm_cross_border_nearest5_ors,true
251706,Bellaguarda,18,Garrigues,2026-08-20,48.4675,25.183167,26.214667,0.908833,39.425667,8.9645,25.3767,59.6337,57.5707,100,37.4324,92.071,53.4969,70,municipality,openstreetmap_geofabrik;openrouteservice,,2026-08-21T22:01:49Z,0.2.0,,"© OpenStreetMap contributors, ODbL 1.0; nearest five geographic candidates routed.",complete,53.4969,53.4969,100,,open_community,osm_cross_border_nearest5_ors,true
251713,la Pobla de Segur,25,Pallars Jussà,2026-08-20,17.464667,0.9925,0.6225,1.176167,3.935333,0.334833,75.0707,100,100,100,100,100,93.7677,70,municipality,openstreetmap_geofabrik;openrouteservice,,2026-08-21T22:01:49Z,0.2.0,,"© OpenStreetMap contributors, ODbL 1.0; nearest five geographic candidates routed.",complete,93.7677,93.7677,100,,open_community,osm_cross_border_nearest5_ors,true
251728,Ponts,23,Noguera,2026-08-20,37.982833,16.052833,16.294833,2.180167,34.452667,0.8155,39.3562,77.8943,77.4103,100,44.0631,100,65.8179,70,municipality,openstreetmap_geofabrik;openrouteservice,,2026-08-21T22:01:49Z,0.2.0,,"© OpenStreetMap contributors, ODbL 1.0; nearest five geographic candidates routed.",complete,65.8179,65.8179,100,,open_community,osm_cross_border_nearest5_ors,true
251734,el Pont de Suert,05,Alta Ribagorça,2026-08-20,63.5125,0.984667,0.592667,1.673667,49.983,0.678667,8.8292,100,100,100,23.356,100,61.8785,70,municipality,openstreetmap_geofabrik;openrouteservice,,2026-08-21T22:01:49Z,0.2.0,,"© OpenStreetMap contributors, ODbL 1.0; nearest five geographic candidates routed.",complete,61.8785,61.8785,100,,open_community,osm_cross_border_nearest5_ors,true
251749,la Portella,33,Segrià,2026-08-20,26.5175,4.748167,4.668667,0.6495,19.786333,0.059833,56.965,100,100,100,70.4273,100,83.3267,70,municipality,openstreetmap_geofabrik;openrouteservice,,2026-08-21T22:01:49Z,0.2.0,,"© OpenStreetMap contributors, ODbL 1.0; nearest five geographic candidates routed.",complete,83.3267,83.3267,100,,open_community,osm_cross_border_nearest5_ors,true
251752,Prats i Sansor,15,Cerdanya,2026-08-20,11.928167,0.377,7.757167,8.346,11.370167,7.425333,86.1437,100,94.4857,93.308,87.2597,95.1493,91.7307,70,municipality,openstreetmap_geofabrik;openrouteservice,,2026-08-21T22:01:49Z,0.2.0,,"© OpenStreetMap contributors, ODbL 1.0; nearest five geographic candidates routed.",complete,91.7307,91.7307,100,,open_community,osm_cross_border_nearest5_ors,true
251765,Preixana,38,Urgell,2026-08-20,36.811333,6.657,6.848333,2.094333,9.100833,1.945833,40.9182,96.686,96.3033,100,91.7983,100,82.3528,70,municipality,openstreetmap_geofabrik;openrouteservice,,2026-08-21T22:01:49Z,0.2.0,,"© OpenStreetMap contributors, ODbL 1.0; nearest five geographic candidates routed.",complete,82.3528,82.3528,100,,open_community,osm_cross_border_nearest5_ors,true
251771,Preixens,23,Noguera,2026-08-20,29.3095,7.229167,6.535667,0.706833,22.285667,6.0415,51.381,95.5417,96.9287,100,65.4287,97.917,79.4397,70,municipality,openstreetmap_geofabrik;openrouteservice,,2026-08-21T22:01:49Z,0.2.0,,"© OpenStreetMap contributors, ODbL 1.0; nearest five geographic candidates routed.",complete,79.4397,79.4397,100,,open_community,osm_cross_border_nearest5_ors,true
251790,Prullans,15,Cerdanya,2026-08-20,16.383,0.630667,0.37,6.800667,24.843,1.387,77.234,100,100,96.3987,60.314,100,86.0112,70,municipality,openstreetmap_geofabrik;openrouteservice,,2026-08-21T22:01:49Z,0.2.0,,"© OpenStreetMap contributors, ODbL 1.0; nearest five geographic candidates routed.",complete,86.0112,86.0112,100,,open_community,osm_cross_border_nearest5_ors,true
251804,Puiggròs,18,Garrigues,2026-08-20,33.209,1.019,9.4405,0.902667,9.263,9.299167,45.7213,100,91.119,100,91.474,91.4017,82.0891,70,municipality,openstreetmap_geofabrik;openrouteservice,,2026-08-21T22:01:49Z,0.2.0,,"© OpenStreetMap contributors, ODbL 1.0; nearest five geographic candidates routed.",complete,82.0891,82.0891,100,,open_community,osm_cross_border_nearest5_ors,true
251811,Puigverd d'Agramunt,38,Urgell,2026-08-20,40.4,6.159167,5.253333,1.854167,20.055667,5.754833,36.1333,97.6817,99.4933,100,69.8887,98.4903,77.411,70,municipality,openstreetmap_geofabrik;openrouteservice,,2026-08-21T22:01:49Z,0.2.0,,"© OpenStreetMap contributors, ODbL 1.0; nearest five geographic candidates routed.",complete,77.411,77.411,100,,open_community,osm_cross_border_nearest5_ors,true
251826,Puigverd de Lleida,33,Segrià,2026-08-20,17.105,4.171833,0.511833,1.036667,2.523167,0.2255,75.79,100,100,100,100,100,93.9475,70,municipality,openstreetmap_geofabrik;openrouteservice,,2026-08-21T22:01:49Z,0.2.0,,"© OpenStreetMap contributors, ODbL 1.0; nearest five geographic candidates routed.",complete,93.9475,93.9475,100,,open_community,osm_cross_border_nearest5_ors,true
251832,Rialp,26,Pallars Sobirà,2026-08-20,54.380667,1.141833,2.1395,6.0265,41.028167,0.809167,17.4924,100,100,97.947,35.2958,100,66.227,70,municipality,openstreetmap_geofabrik;openrouteservice,,2026-08-21T22:01:49Z,0.2.0,,"© OpenStreetMap contributors, ODbL 1.0; nearest five geographic candidates routed.",complete,66.227,66.227,100,,open_community,osm_cross_border_nearest5_ors,true
251850,Ribera d'Urgellet,04,Alt Urgell,2026-08-20,16.456333,13.599833,2.936,0.926,68.257167,4.8065,77.0873,82.8003,100,100,7.2476,100,73.1414,70,municipality,openstreetmap_geofabrik;openrouteservice,,2026-08-21T22:01:49Z,0.2.0,,"© OpenStreetMap contributors, ODbL 1.0; nearest five geographic candidates routed.",complete,73.1414,73.1414,100,,open_community,osm_cross_border_nearest5_ors,true
251863,Riner,35,Solsonès,2026-08-20,53.851167,16.5475,15.310667,13.215167,42.950167,15.441833,18.1984,76.905,79.3787,83.5697,32.7331,79.1163,54.7763,70,municipality,openstreetmap_geofabrik;openrouteservice,,2026-08-21T22:01:49Z,0.2.0,,"© OpenStreetMap contributors, ODbL 1.0; nearest five geographic candidates routed.",complete,54.7763,54.7763,100,,open_community,osm_cross_border_nearest5_ors,true
251898,Rosselló,33,Segrià,2026-08-20,17.4235,7.012667,2.221,1.586,17.188833,2.126333,75.153,95.9747,100,100,75.6223,100,88.3089,70,municipality,openstreetmap_geofabrik;openrouteservice,,2026-08-21T22:01:49Z,0.2.0,,"© OpenStreetMap contributors, ODbL 1.0; nearest five geographic candidates routed.",complete,88.3089,88.3089,100,,open_community,osm_cross_border_nearest5_ors,true
251902,Salàs de Pallars,25,Pallars Jussà,2026-08-20,12.506833,1.798833,6.946667,9.713833,4.2505,8.939333,84.9863,100,96.1067,90.5723,100,92.1213,93.7373,70,municipality,openstreetmap_geofabrik;openrouteservice,,2026-08-21T22:01:49Z,0.2.0,,"© OpenStreetMap contributors, ODbL 1.0; nearest five geographic candidates routed.",complete,93.7373,93.7373,100,,open_community,osm_cross_border_nearest5_ors,true
251919,Sanaüja,32,Segarra,2026-08-20,51.523667,18.7045,16.774833,1.39,28.276,0.906,21.3018,72.591,76.4503,100,53.448,100,62.1938,70,municipality,openstreetmap_geofabrik;openrouteservice,,2026-08-21T22:01:49Z,0.2.0,,"© OpenStreetMap contributors, ODbL 1.0; nearest five geographic candidates routed.",complete,62.1938,62.1938,100,,open_community,osm_cross_border_nearest5_ors,true
251924,Sant Guim de Freixenet,32,Segarra,2026-08-20,20.922667,0.5825,0.395,0.812,0.579667,0.3085,68.1547,100,100,100,100,100,92.0387,70,municipality,openstreetmap_geofabrik;openrouteservice,,2026-08-21T22:01:49Z,0.2.0,,"© OpenStreetMap contributors, ODbL 1.0; nearest five geographic candidates routed.",complete,92.0387,92.0387,100,,open_community,osm_cross_border_nearest5_ors,true
251930,Sant Llorenç de Morunys,35,Solsonès,2026-08-20,36.002833,1.016167,0.958167,1.809,65.161,0.508167,41.9962,100,100,100,8.2797,100,67.155,70,municipality,openstreetmap_geofabrik;openrouteservice,,2026-08-21T22:01:49Z,0.2.0,,"© OpenStreetMap contributors, ODbL 1.0; nearest five geographic candidates routed.",complete,67.155,67.155,100,,open_community,osm_cross_border_nearest5_ors,true
251945,Sant Ramon,32,Segarra,2026-08-20,34.615833,12.8325,15.963,2.027667,13.338333,1.303,43.8456,84.335,78.074,100,83.3233,100,75.8911,70,municipality,openstreetmap_geofabrik;openrouteservice,,2026-08-21T22:01:49Z,0.2.0,,"© OpenStreetMap contributors, ODbL 1.0; nearest five geographic candidates routed.",complete,75.8911,75.8911,100,,open_community,osm_cross_border_nearest5_ors,true
251961,Sant Esteve de la Sarga,25,Pallars Jussà,2026-08-20,34.983167,40.364667,34.083667,29.043,25.990167,34.471833,43.3558,36.1804,44.5551,51.914,58.0197,44.0376,46.3761,70,municipality,openstreetmap_geofabrik;openrouteservice,,2026-08-21T22:01:49Z,0.2.0,,"© OpenStreetMap contributors, ODbL 1.0; nearest five geographic candidates routed.",complete,46.3761,46.3761,100,,open_community,osm_cross_border_nearest5_ors,true
251977,Sant Guim de la Plana,32,Segarra,2026-08-20,38.499667,7.363333,7.035833,6.0855,19.617,7.284667,38.6671,95.2733,95.9283,97.829,70.766,95.4307,76.6226,70,municipality,openstreetmap_geofabrik;openrouteservice,,2026-08-21T22:01:49Z,0.2.0,,"© OpenStreetMap contributors, ODbL 1.0; nearest five geographic candidates routed.",complete,76.6226,76.6226,100,,open_community,osm_cross_border_nearest5_ors,true
252000,Sarroca de Lleida,33,Segrià,2026-08-20,22.3635,9.27,0.0695,1.402167,24.417333,0.207833,65.273,91.46,100,100,61.1653,100,82.2703,70,municipality,openstreetmap_geofabrik;openrouteservice,,2026-08-21T22:01:49Z,0.2.0,,"© OpenStreetMap contributors, ODbL 1.0; nearest five geographic candidates routed.",complete,82.2703,82.2703,100,,open_community,osm_cross_border_nearest5_ors,true
252017,Sarroca de Bellera,25,Pallars Jussà,2026-08-20,32.625,6.4625,11.995167,17.9425,19.0955,6.963833,46.5,97.075,86.0097,74.115,71.809,96.0723,74.7687,70,municipality,openstreetmap_geofabrik;openrouteservice,,2026-08-21T22:01:49Z,0.2.0,,"© OpenStreetMap contributors, ODbL 1.0; nearest five geographic candidates routed.",complete,74.7687,74.7687,100,,open_community,osm_cross_border_nearest5_ors,true
252022,Senterada,25,Pallars Jussà,2026-08-20,26.474167,0.523833,5.315667,11.262833,12.944667,0.284167,57.0517,100,99.3687,87.4743,84.1107,100,84.7062,70,municipality,openstreetmap_geofabrik;openrouteservice,,2026-08-21T22:01:49Z,0.2.0,,"© OpenStreetMap contributors, ODbL 1.0; nearest five geographic candidates routed.",complete,84.7062,84.7062,100,,open_community,osm_cross_border_nearest5_ors,true
252038,la Seu d'Urgell,04,Alt Urgell,2026-08-20,3.2865,2.847167,2.384167,2.095833,54.794333,0.959,100,100,100,100,16.9409,100,83.3882,70,municipality,openstreetmap_geofabrik;openrouteservice,,2026-08-21T22:01:49Z,0.2.0,,"© OpenStreetMap contributors, ODbL 1.0; nearest five geographic candidates routed.",complete,83.3882,83.3882,100,,open_community,osm_cross_border_nearest5_ors,true
252043,Seròs,33,Segrià,2026-08-20,13.419167,7.158667,6.985667,0.79,33.141,0.5255,83.1617,95.6827,96.0287,100,45.812,100,83.511,70,municipality,openstreetmap_geofabrik;openrouteservice,,2026-08-21T22:01:49Z,0.2.0,,"© OpenStreetMap contributors, ODbL 1.0; nearest five geographic candidates routed.",complete,83.511,83.511,100,,open_community,osm_cross_border_nearest5_ors,true
252056,Sidamon,27,Pla d'Urgell,2026-08-20,21.066,9.125167,6.162667,1.631667,11.748,0.669667,67.868,91.7497,97.6747,100,86.504,100,87.5652,70,municipality,openstreetmap_geofabrik;openrouteservice,,2026-08-21T22:01:49Z,0.2.0,,"© OpenStreetMap contributors, ODbL 1.0; nearest five geographic candidates routed.",complete,87.5652,87.5652,100,,open_community,osm_cross_border_nearest5_ors,true
252069,el Soleràs,18,Garrigues,2026-08-20,28.4365,17.430833,21.772333,0.617333,29.3405,11.095167,53.127,75.1383,66.4553,100,51.319,87.8097,66.8883,70,municipality,openstreetmap_geofabrik;openrouteservice,,2026-08-21T22:01:49Z,0.2.0,,"© OpenStreetMap contributors, ODbL 1.0; nearest five geographic candidates routed.",complete,66.8883,66.8883,100,,open_community,osm_cross_border_nearest5_ors,true
252075,Solsona,35,Solsonès,2026-08-20,44.916833,1.4055,1.724167,1.226833,43.283,1.568,30.1109,100,100,100,32.2893,100,68.9856,70,municipality,openstreetmap_geofabrik;openrouteservice,,2026-08-21T22:01:49Z,0.2.0,,"© OpenStreetMap contributors, ODbL 1.0; nearest five geographic candidates routed.",complete,68.9856,68.9856,100,,open_community,osm_cross_border_nearest5_ors,true
252081,Soriguera,26,Pallars Sobirà,2026-08-20,41.075667,8.707667,7.357833,10.570333,43.696,10.184667,35.2324,92.5847,95.2843,88.8593,31.7387,89.6307,65.9494,70,municipality,openstreetmap_geofabrik;openrouteservice,,2026-08-21T22:01:49Z,0.2.0,,"© OpenStreetMap contributors, ODbL 1.0; nearest five geographic candidates routed.",complete,65.9494,65.9494,100,,open_community,osm_cross_border_nearest5_ors,true
252094,Sort,26,Pallars Sobirà,2026-08-20,48.411167,0.862667,0.920667,1.5025,35.0585,1.116667,25.4518,100,100,100,43.2553,100,70.014,70,municipality,openstreetmap_geofabrik;openrouteservice,,2026-08-21T22:01:49Z,0.2.0,,"© OpenStreetMap contributors, ODbL 1.0; nearest five geographic candidates routed.",complete,70.014,70.014,100,,open_community,osm_cross_border_nearest5_ors,true
252108,Soses,33,Segrià,2026-08-20,17.4615,0.016333,6.988,7.456667,23.334833,1.531167,75.077,100,96.024,95.0867,63.3303,100,85.1488,70,municipality,openstreetmap_geofabrik;openrouteservice,,2026-08-21T22:01:49Z,0.2.0,,"© OpenStreetMap contributors, ODbL 1.0; nearest five geographic candidates routed.",complete,85.1488,85.1488,100,,open_community,osm_cross_border_nearest5_ors,true
252115,Sudanell,33,Segrià,2026-08-20,17.376333,0.769833,0.435833,1.1315,20.904167,0.2105,75.2473,100,100,100,68.1917,100,87.4502,70,municipality,openstreetmap_geofabrik;openrouteservice,,2026-08-21T22:01:49Z,0.2.0,,"© OpenStreetMap contributors, ODbL 1.0; nearest five geographic candidates routed.",complete,87.4502,87.4502,100,,open_community,osm_cross_border_nearest5_ors,true
252120,Sunyer,33,Segrià,2026-08-20,18.797,7.039167,8.428167,0.5355,20.850833,8.4685,72.406,95.9217,93.1437,100,68.2983,93.063,84.0845,70,municipality,openstreetmap_geofabrik;openrouteservice,,2026-08-21T22:01:49Z,0.2.0,,"© OpenStreetMap contributors, ODbL 1.0; nearest five geographic candidates routed.",complete,84.0845,84.0845,100,,open_community,osm_cross_border_nearest5_ors,true
252154,Talarn,25,Pallars Jussà,2026-08-20,6.994333,0.8475,4.606833,6.365333,6.9025,0.785167,96.0113,100,100,97.2693,96.195,100,97.9688,70,municipality,openstreetmap_geofabrik;openrouteservice,,2026-08-21T22:01:49Z,0.2.0,,"© OpenStreetMap contributors, ODbL 1.0; nearest five geographic candidates routed.",complete,97.9688,97.9688,100,,open_community,osm_cross_border_nearest5_ors,true
252167,Talavera,32,Segarra,2026-08-20,29.96,11.569167,11.321333,9.94,19.455167,9.390333,50.08,86.8617,87.3573,90.12,71.0897,91.2193,75.3726,70,municipality,openstreetmap_geofabrik;openrouteservice,,2026-08-21T22:01:49Z,0.2.0,,"© OpenStreetMap contributors, ODbL 1.0; nearest five geographic candidates routed.",complete,75.3726,75.3726,100,,open_community,osm_cross_border_nearest5_ors,true
252173,Tàrrega,38,Urgell,2026-08-20,35.441,4.786667,2.100667,3.129167,3.252833,2.138167,42.7453,100,100,100,100,100,85.6863,70,municipality,openstreetmap_geofabrik;openrouteservice,,2026-08-21T22:01:49Z,0.2.0,,"© OpenStreetMap contributors, ODbL 1.0; nearest five geographic candidates routed.",complete,85.6863,85.6863,100,,open_community,osm_cross_border_nearest5_ors,true
252189,Tarrés,18,Garrigues,2026-08-20,26.821,5.815667,10.824667,5.850833,5.788333,5.3725,56.358,98.3687,88.3507,98.2983,98.4233,99.255,85.9549,70,municipality,openstreetmap_geofabrik;openrouteservice,,2026-08-21T22:01:49Z,0.2.0,,"© OpenStreetMap contributors, ODbL 1.0; nearest five geographic candidates routed.",complete,85.9549,85.9549,100,,open_community,osm_cross_border_nearest5_ors,true
252192,Tarroja de Segarra,32,Segarra,2026-08-20,30.6785,8.999333,7.382167,8.386167,11.796,8.2885,49.0953,92.0013,95.2357,93.2277,86.408,93.423,81.0678,70,municipality,openstreetmap_geofabrik;openrouteservice,,2026-08-21T22:01:49Z,0.2.0,,"© OpenStreetMap contributors, ODbL 1.0; nearest five geographic candidates routed.",complete,81.0678,81.0678,100,,open_community,osm_cross_border_nearest5_ors,true
252206,Térmens,23,Noguera,2026-08-20,14.363667,4.1175,0.378333,1.240167,1.956667,0.295167,81.2727,100,100,100,100,100,95.3182,70,municipality,openstreetmap_geofabrik;openrouteservice,,2026-08-21T22:01:49Z,0.2.0,,"© OpenStreetMap contributors, ODbL 1.0; nearest five geographic candidates routed.",complete,95.3182,95.3182,100,,open_community,osm_cross_border_nearest5_ors,true
252213,Tírvia,26,Pallars Sobirà,2026-08-20,82.084667,20.061,11.027167,11.021333,61.461333,10.652333,2.6384,69.878,87.9457,87.9573,9.5129,88.6953,48.2983,70,municipality,openstreetmap_geofabrik;openrouteservice,,2026-08-21T22:01:49Z,0.2.0,,"© OpenStreetMap contributors, ODbL 1.0; nearest five geographic candidates routed.",complete,48.2983,48.2983,100,,open_community,osm_cross_border_nearest5_ors,true
252228,Tiurana,23,Noguera,2026-08-20,55.645,33.715,22.231667,20.494167,52.7665,18.223,15.8067,45.0467,65.5367,69.0117,19.6447,73.554,42.0015,70,municipality,openstreetmap_geofabrik;openrouteservice,,2026-08-21T22:01:49Z,0.2.0,,"© OpenStreetMap contributors, ODbL 1.0; nearest five geographic candidates routed.",complete,42.0015,42.0015,100,,open_community,osm_cross_border_nearest5_ors,true
252234,Torà,35,Solsonès,2026-08-20,39.334667,15.581167,13.627167,1.588333,16.087167,0.724667,37.5538,78.8377,82.7457,100,77.8257,100,73.3284,70,municipality,openstreetmap_geofabrik;openrouteservice,,2026-08-21T22:01:49Z,0.2.0,,"© OpenStreetMap contributors, ODbL 1.0; nearest five geographic candidates routed.",complete,73.3284,73.3284,100,,open_community,osm_cross_border_nearest5_ors,true
252249,els Torms,18,Garrigues,2026-08-20,32.6225,21.617,25.958333,7.538833,30.979333,9.580833,46.5033,66.766,58.0833,94.9223,48.6942,90.8383,61.5723,70,municipality,openstreetmap_geofabrik;openrouteservice,,2026-08-21T22:01:49Z,0.2.0,,"© OpenStreetMap contributors, ODbL 1.0; nearest five geographic candidates routed.",complete,61.5723,61.5723,100,,open_community,osm_cross_border_nearest5_ors,true
252252,Tornabous,38,Urgell,2026-08-20,25.1085,0.0935,5.109333,0.323,8.248833,0.909,59.783,100,99.7813,100,93.5023,100,88.6025,70,municipality,openstreetmap_geofabrik;openrouteservice,,2026-08-21T22:01:49Z,0.2.0,,"© OpenStreetMap contributors, ODbL 1.0; nearest five geographic candidates routed.",complete,88.6025,88.6025,100,,open_community,osm_cross_border_nearest5_ors,true
252265,Torrebesses,33,Segrià,2026-08-20,27.006667,0.190667,9.3685,1.180333,29.0605,0.644167,55.9867,100,91.263,100,51.879,100,77.6251,70,municipality,openstreetmap_geofabrik;openrouteservice,,2026-08-21T22:01:49Z,0.2.0,,"© OpenStreetMap contributors, ODbL 1.0; nearest five geographic candidates routed.",complete,77.6251,77.6251,100,,open_community,osm_cross_border_nearest5_ors,true
252271,la Torre de Cabdella,25,Pallars Jussà,2026-08-20,43.955167,18.217,8.249,7.938833,30.425667,17.410833,31.3931,73.566,93.502,94.1223,49.4324,75.1783,64.4001,70,municipality,openstreetmap_geofabrik;openrouteservice,,2026-08-21T22:01:49Z,0.2.0,,"© OpenStreetMap contributors, ODbL 1.0; nearest five geographic candidates routed.",complete,64.4001,64.4001,100,,open_community,osm_cross_border_nearest5_ors,true
252287,Torrefarrera,33,Segrià,2026-08-20,14.280667,1.3645,4.091667,3.714333,14.045833,0.87,81.4387,100,100,100,81.9083,100,91.7413,70,municipality,openstreetmap_geofabrik;openrouteservice,,2026-08-21T22:01:49Z,0.2.0,,"© OpenStreetMap contributors, ODbL 1.0; nearest five geographic candidates routed.",complete,91.7413,91.7413,100,,open_community,osm_cross_border_nearest5_ors,true
252304,Torregrossa,27,Pla d'Urgell,2026-08-20,24.414667,0.8565,1.359,1.296833,10.7055,0.593167,61.1707,100,100,100,88.589,100,88.0105,70,municipality,openstreetmap_geofabrik;openrouteservice,,2026-08-21T22:01:49Z,0.2.0,,"© OpenStreetMap contributors, ODbL 1.0; nearest five geographic candidates routed.",complete,88.0105,88.0105,100,,open_community,osm_cross_border_nearest5_ors,true
252311,Torrelameu,23,Noguera,2026-08-20,20.795667,0.2545,7.794833,0.995167,8.474333,0.575667,68.4087,100,94.4103,100,93.0513,100,89.5945,70,municipality,openstreetmap_geofabrik;openrouteservice,,2026-08-21T22:01:49Z,0.2.0,,"© OpenStreetMap contributors, ODbL 1.0; nearest five geographic candidates routed.",complete,89.5945,89.5945,100,,open_community,osm_cross_border_nearest5_ors,true
252326,Torres de Segre,33,Segrià,2026-08-20,19.0855,2.152833,1.7085,6.035333,23.991667,2.4855,71.829,100,100,97.9293,62.0167,100,85.1535,70,municipality,openstreetmap_geofabrik;openrouteservice,,2026-08-21T22:01:49Z,0.2.0,,"© OpenStreetMap contributors, ODbL 1.0; nearest five geographic candidates routed.",complete,85.1535,85.1535,100,,open_community,osm_cross_border_nearest5_ors,true
252332,Torre-serona,33,Segrià,2026-08-20,14.3665,1.474167,4.428167,0.778833,11.530667,5.977667,81.267,100,100,100,86.9387,98.0447,92.509,70,municipality,openstreetmap_geofabrik;openrouteservice,,2026-08-21T22:01:49Z,0.2.0,,"© OpenStreetMap contributors, ODbL 1.0; nearest five geographic candidates routed.",complete,92.509,92.509,100,,open_community,osm_cross_border_nearest5_ors,true
252347,Tremp,25,Pallars Jussà,2026-08-20,1.602833,5.0885,0.212667,0.973833,1.7655,0.699833,100,99.823,100,100,100,100,99.9734,70,municipality,openstreetmap_geofabrik;openrouteservice,,2026-08-21T22:01:49Z,0.2.0,,"© OpenStreetMap contributors, ODbL 1.0; nearest five geographic candidates routed.",complete,99.9734,99.9734,100,,open_community,osm_cross_border_nearest5_ors,true
252385,Vallbona de les Monges,38,Urgell,2026-08-20,39.280167,10.260333,17.39,6.9845,24.675333,10.314167,37.6264,89.4793,75.22,96.031,60.6493,89.3717,68.5426,70,municipality,openstreetmap_geofabrik;openrouteservice,,2026-08-21T22:01:49Z,0.2.0,,"© OpenStreetMap contributors, ODbL 1.0; nearest five geographic candidates routed.",complete,68.5426,68.5426,100,,open_community,osm_cross_border_nearest5_ors,true
252398,les Valls de Valira,04,Alt Urgell,2026-08-20,6.797167,6.357833,4.86,5.3195,57.7755,4.847833,96.4057,97.2843,100,99.361,12.966,100,81.2234,70,municipality,openstreetmap_geofabrik;openrouteservice,,2026-08-21T22:01:49Z,0.2.0,,"© OpenStreetMap contributors, ODbL 1.0; nearest five geographic candidates routed.",complete,81.2234,81.2234,100,,open_community,osm_cross_border_nearest5_ors,true
252402,Vallfogona de Balaguer,23,Noguera,2026-08-20,9.737167,0.214,0.214833,0.712167,3.856167,0.305167,90.5257,100,100,100,100,100,97.6314,70,municipality,openstreetmap_geofabrik;openrouteservice,,2026-08-21T22:01:49Z,0.2.0,,"© OpenStreetMap contributors, ODbL 1.0; nearest five geographic candidates routed.",complete,97.6314,97.6314,100,,open_community,osm_cross_border_nearest5_ors,true
252424,Verdú,38,Urgell,2026-08-20,42.974167,0.5795,7.550167,1.4635,10.894833,0.897167,32.7011,100,94.8997,100,88.2103,100,79.7973,70,municipality,openstreetmap_geofabrik;openrouteservice,,2026-08-21T22:01:49Z,0.2.0,,"© OpenStreetMap contributors, ODbL 1.0; nearest five geographic candidates routed.",complete,79.7973,79.7973,100,,open_community,osm_cross_border_nearest5_ors,true
252430,Vielha e Mijaran,39,Val d'Aran,2026-08-20,102.369,15.6605,1.145,1.212333,88.8395,0.462833,0,78.679,100,100,0.3868,100,51.8792,70,municipality,openstreetmap_geofabrik;openrouteservice,,2026-08-21T22:01:49Z,0.2.0,,"© OpenStreetMap contributors, ODbL 1.0; nearest five geographic candidates routed.",complete,51.8792,51.8792,100,,open_community,osm_cross_border_nearest5_ors,true
252445,Vilagrassa,38,Urgell,2026-08-20,33.376167,0.453833,4.564333,1.245833,5.782,0.6985,45.4984,100,100,100,98.436,100,86.0618,70,municipality,openstreetmap_geofabrik;openrouteservice,,2026-08-21T22:01:49Z,0.2.0,,"© OpenStreetMap contributors, ODbL 1.0; nearest five geographic candidates routed.",complete,86.0618,86.0618,100,,open_community,osm_cross_border_nearest5_ors,true
252458,Vilaller,05,Alta Ribagorça,2026-08-20,72.364167,10.131167,1.1845,1.594167,58.834667,0.745667,5.8786,89.7377,100,100,11.5538,100,57.2411,70,municipality,openstreetmap_geofabrik;openrouteservice,,2026-08-21T22:01:49Z,0.2.0,,"© OpenStreetMap contributors, ODbL 1.0; nearest five geographic candidates routed.",complete,57.2411,57.2411,100,,open_community,osm_cross_border_nearest5_ors,true
252477,Vilamòs,39,Val d'Aran,2026-08-20,118.7145,17.986167,17.423167,11.463333,105.185,17.459833,0,74.0277,75.1537,87.0733,0,75.0803,42.3503,70,municipality,openstreetmap_geofabrik;openrouteservice,,2026-08-21T22:01:49Z,0.2.0,,"© OpenStreetMap contributors, ODbL 1.0; nearest five geographic candidates routed.",complete,42.3503,42.3503,100,,open_community,osm_cross_border_nearest5_ors,true
252483,Vilanova de Bellpuig,27,Pla d'Urgell,2026-08-20,30.6615,5.259167,5.438833,0.739667,5.107167,0.666167,49.118,99.4817,99.1223,100,99.7857,100,86.9834,70,municipality,openstreetmap_geofabrik;openrouteservice,,2026-08-21T22:01:49Z,0.2.0,,"© OpenStreetMap contributors, ODbL 1.0; nearest five geographic candidates routed.",complete,86.9834,86.9834,100,,open_community,osm_cross_border_nearest5_ors,true
252496,Vilanova de l'Aguda,23,Noguera,2026-08-20,47.4025,22.839167,19.358833,10.092,34.473667,10.625833,26.7967,64.3217,71.2823,89.816,44.0351,88.7483,57.2673,70,municipality,openstreetmap_geofabrik;openrouteservice,,2026-08-21T22:01:49Z,0.2.0,,"© OpenStreetMap contributors, ODbL 1.0; nearest five geographic candidates routed.",complete,57.2673,57.2673,100,,open_community,osm_cross_border_nearest5_ors,true
252509,Vilanova de Meià,23,Noguera,2026-08-20,48.156333,22.826,2.5335,1.843833,43.7035,22.271,25.7916,64.348,100,100,31.7287,65.458,58.9916,70,municipality,openstreetmap_geofabrik;openrouteservice,,2026-08-21T22:01:49Z,0.2.0,,"© OpenStreetMap contributors, ODbL 1.0; nearest five geographic candidates routed.",complete,58.9916,58.9916,100,,open_community,osm_cross_border_nearest5_ors,true
252516,Vilanova de Segrià,33,Segrià,2026-08-20,21.888167,1.101,1.420667,1.397833,19.860167,1.189167,66.2237,100,100,100,70.2797,100,85.6119,70,municipality,openstreetmap_geofabrik;openrouteservice,,2026-08-21T22:01:49Z,0.2.0,,"© OpenStreetMap contributors, ODbL 1.0; nearest five geographic candidates routed.",complete,85.6119,85.6119,100,,open_community,osm_cross_border_nearest5_ors,true
252521,Vila-sana,27,Pla d'Urgell,2026-08-20,25.746333,0.729667,8.4935,1.854833,11.2215,1.51,58.5073,100,93.013,100,87.557,100,85.7408,70,municipality,openstreetmap_geofabrik;openrouteservice,,2026-08-21T22:01:49Z,0.2.0,,"© OpenStreetMap contributors, ODbL 1.0; nearest five geographic candidates routed.",complete,85.7408,85.7408,100,,open_community,osm_cross_border_nearest5_ors,true
252537,el Vilosell,18,Garrigues,2026-08-20,35.842833,0.52,6.817,8.920333,12.007333,10.718,42.2096,100,96.366,92.1593,85.9853,88.564,80.095,70,municipality,openstreetmap_geofabrik;openrouteservice,,2026-08-21T22:01:49Z,0.2.0,,"© OpenStreetMap contributors, ODbL 1.0; nearest five geographic candidates routed.",complete,80.095,80.095,100,,open_community,osm_cross_border_nearest5_ors,true
252542,Vilanova de la Barca,33,Segrià,2026-08-20,20.982667,1.572667,0.898667,0.8025,1.642,1.010667,68.0347,100,100,100,100,100,92.0087,70,municipality,openstreetmap_geofabrik;openrouteservice,,2026-08-21T22:01:49Z,0.2.0,,"© OpenStreetMap contributors, ODbL 1.0; nearest five geographic candidates routed.",complete,92.0087,92.0087,100,,open_community,osm_cross_border_nearest5_ors,true
252555,Vinaixa,18,Garrigues,2026-08-20,28.696,0.518333,11.250167,0.611,1.526333,0.473167,52.608,100,87.4997,100,100,100,85.6519,70,municipality,openstreetmap_geofabrik;openrouteservice,,2026-08-21T22:01:49Z,0.2.0,,"© OpenStreetMap contributors, ODbL 1.0; nearest five geographic candidates routed.",complete,85.6519,85.6519,100,,open_community,osm_cross_border_nearest5_ors,true
259010,Vall de Cardós,26,Pallars Sobirà,2026-08-20,84.383,21.736667,3.374167,0.7365,61.6005,10.7915,1.8723,66.5267,100,100,9.4665,88.417,51.1821,70,municipality,openstreetmap_geofabrik;openrouteservice,,2026-08-21T22:01:49Z,0.2.0,,"© OpenStreetMap contributors, ODbL 1.0; nearest five geographic candidates routed.",complete,51.1821,51.1821,100,,open_community,osm_cross_border_nearest5_ors,true
259025,Sant Martí de Riucorb,38,Urgell,2026-08-20,46.834167,0.287833,11.8785,0.4125,15.402,0.2895,27.5544,100,86.243,100,79.196,100,74.9764,70,municipality,openstreetmap_geofabrik;openrouteservice,,2026-08-21T22:01:49Z,0.2.0,,"© OpenStreetMap contributors, ODbL 1.0; nearest five geographic candidates routed.",complete,74.9764,74.9764,100,,open_community,osm_cross_border_nearest5_ors,true
259031,la Guingueta d'Àneu,26,Pallars Sobirà,2026-08-20,94.359833,0.0255,3.700333,7.024333,65.970167,6.519667,0,100,100,95.9513,8.0099,96.9607,55.8932,70,municipality,openstreetmap_geofabrik;openrouteservice,,2026-08-21T22:01:49Z,0.2.0,,"© OpenStreetMap contributors, ODbL 1.0; nearest five geographic candidates routed.",complete,55.8932,55.8932,100,,open_community,osm_cross_border_nearest5_ors,true
259046,Castell de Mur,25,Pallars Jussà,2026-08-20,14.118167,19.499667,13.218667,8.178,5.125167,13.607,81.7637,71.0007,83.5627,93.644,99.7497,82.786,85.3965,70,municipality,openstreetmap_geofabrik;openrouteservice,,2026-08-21T22:01:49Z,0.2.0,,"© OpenStreetMap contributors, ODbL 1.0; nearest five geographic candidates routed.",complete,85.3965,85.3965,100,,open_community,osm_cross_border_nearest5_ors,true
259059,Ribera d'Ondara,32,Segarra,2026-08-20,22.565833,11.264,11.3585,2.545833,12.061,1.996167,64.8683,87.472,87.283,100,85.878,100,83.9701,70,municipality,openstreetmap_geofabrik;openrouteservice,,2026-08-21T22:01:49Z,0.2.0,,"© OpenStreetMap contributors, ODbL 1.0; nearest five geographic candidates routed.",complete,83.9701,83.9701,100,,open_community,osm_cross_border_nearest5_ors,true
259062,les Valls d'Aguilar,04,Alt Urgell,2026-08-20,22.4735,19.617,8.953167,8.214833,75.466667,10.823667,65.053,70.766,92.0937,93.5703,4.8444,88.3527,64.4581,70,municipality,openstreetmap_geofabrik;openrouteservice,,2026-08-21T22:01:49Z,0.2.0,,"© OpenStreetMap contributors, ODbL 1.0; nearest five geographic candidates routed.",complete,64.4581,64.4581,100,,open_community,osm_cross_border_nearest5_ors,true
259078,Torrefeta i Florejacs,32,Segarra,2026-08-20,34.390333,7.433333,5.816167,6.820333,15.507833,6.722667,44.1462,95.1333,98.3677,96.3593,78.9843,96.5547,80.0683,70,municipality,openstreetmap_geofabrik;openrouteservice,,2026-08-21T22:01:49Z,0.2.0,,"© OpenStreetMap contributors, ODbL 1.0; nearest five geographic candidates routed.",complete,80.0683,80.0683,100,,open_community,osm_cross_border_nearest5_ors,true
259084,Fígols i Alinyà,04,Alt Urgell,2026-08-20,34.228,31.371667,4.941833,6.183167,61.471667,5.0255,44.3627,48.1711,100,97.6337,9.5094,99.949,59.9765,70,municipality,openstreetmap_geofabrik;openrouteservice,,2026-08-21T22:01:49Z,0.2.0,,"© OpenStreetMap contributors, ODbL 1.0; nearest five geographic candidates routed.",complete,59.9765,59.9765,100,,open_community,osm_cross_border_nearest5_ors,true
259097,la Vansa i Fórnols,04,Alt Urgell,2026-08-20,18.804833,36.205833,50.404667,18.782667,72.188333,50.947333,72.3903,41.7256,22.7938,72.4347,5.9372,22.0702,39.5531,70,municipality,openstreetmap_geofabrik;openrouteservice,,2026-08-21T22:01:49Z,0.2.0,,"© OpenStreetMap contributors, ODbL 1.0; nearest five geographic candidates routed.",complete,39.5531,39.5531,100,,open_community,osm_cross_border_nearest5_ors,true
259101,Josa i Tuixén,04,Alt Urgell,2026-08-20,0.801167,21.4225,35.723333,1.138667,57.405167,32.067667,100,67.155,42.3689,100,13.4598,47.2431,60.9633,70,municipality,openstreetmap_geofabrik;openrouteservice,,2026-08-21T22:01:49Z,0.2.0,,"© OpenStreetMap contributors, ODbL 1.0; nearest five geographic candidates routed.",complete,60.9633,60.9633,100,,open_community,osm_cross_border_nearest5_ors,true
259118,els Plans de Sió,32,Segarra,2026-08-20,35.938833,4.595333,9.484333,0.355333,17.075667,10.919833,42.0816,100,91.0313,100,75.8487,88.1603,77.7124,70,municipality,openstreetmap_geofabrik;openrouteservice,,2026-08-21T22:01:49Z,0.2.0,,"© OpenStreetMap contributors, ODbL 1.0; nearest five geographic candidates routed.",complete,77.7124,77.7124,100,,open_community,osm_cross_border_nearest5_ors,true
259123,Gimenells i el Pla de la Font,33,Segrià,2026-08-20,34.008333,14.25,0.7475,0.239833,20.879,0.4855,44.6556,81.5,100,100,68.242,100,77.0373,70,municipality,openstreetmap_geofabrik;openrouteservice,,2026-08-21T22:01:49Z,0.2.0,,"© OpenStreetMap contributors, ODbL 1.0; nearest five geographic candidates routed.",complete,77.0373,77.0373,100,,open_community,osm_cross_border_nearest5_ors,true
259139,Riu de Cerdanya,15,Cerdanya,2026-08-20,14.5135,7.724333,10.711833,11.300667,14.324833,10.38,80.973,94.5513,88.5763,87.3987,81.3503,89.24,86.0751,70,municipality,openstreetmap_geofabrik;openrouteservice,,2026-08-21T22:01:49Z,0.2.0,,"© OpenStreetMap contributors, ODbL 1.0; nearest five geographic candidates routed.",complete,86.0751,86.0751,100,,open_community,osm_cross_border_nearest5_ors,true
430017,Aiguamúrcia,01,Alt Camp,2026-08-20,24.876167,0.433667,5.412833,14.927,19.525833,1.242833,60.2477,100,99.1743,80.146,70.9483,100,82.101,70,municipality,openstreetmap_geofabrik;openrouteservice,,2026-08-21T22:01:49Z,0.2.0,,"© OpenStreetMap contributors, ODbL 1.0; nearest five geographic candidates routed.",complete,82.101,82.101,100,,open_community,osm_cross_border_nearest5_ors,true
430022,Albinyana,12,Baix Penedès,2026-08-20,11.9665,9.904333,9.550667,2.6435,12.357833,2.255,86.067,90.1913,90.8987,100,85.2843,100,90.282,70,municipality,openstreetmap_geofabrik;openrouteservice,,2026-08-21T22:01:49Z,0.2.0,,"© OpenStreetMap contributors, ODbL 1.0; nearest five geographic candidates routed.",complete,90.282,90.282,100,,open_community,osm_cross_border_nearest5_ors,true
430038,l'Albiol,08,Baix Camp,2026-08-20,26.6285,20.8135,19.916333,16.815833,20.564833,16.532333,56.743,68.373,70.1673,76.3683,68.8703,76.9353,67.5796,70,municipality,openstreetmap_geofabrik;openrouteservice,,2026-08-21T22:01:49Z,0.2.0,,"© OpenStreetMap contributors, ODbL 1.0; nearest five geographic candidates routed.",complete,67.5796,67.5796,100,,open_community,osm_cross_border_nearest5_ors,true
430043,Alcanar,22,Montsià,2026-08-20,14.6675,1.239,0.9065,2.0595,13.259167,1.068,80.665,100,100,100,83.4817,100,91.8626,70,municipality,openstreetmap_geofabrik;openrouteservice,,2026-08-21T22:01:49Z,0.2.0,,"© OpenStreetMap contributors, ODbL 1.0; nearest five geographic candidates routed.",complete,91.8626,91.8626,100,,open_community,osm_cross_border_nearest5_ors,true
430056,Alcover,01,Alt Camp,2026-08-20,14.437167,1.140667,0.947167,1.112167,1.695833,1.058667,81.1257,100,100,100,100,100,95.2814,70,municipality,openstreetmap_geofabrik;openrouteservice,,2026-08-21T22:01:49Z,0.2.0,,"© OpenStreetMap contributors, ODbL 1.0; nearest five geographic candidates routed.",complete,95.2814,95.2814,100,,open_community,osm_cross_border_nearest5_ors,true
430069,Aldover,09,Baix Ebre,2026-08-20,10.4895,0.535,6.6375,0.836333,15.466,0.269833,89.021,100,96.725,100,79.068,100,92.4138,70,municipality,openstreetmap_geofabrik;openrouteservice,,2026-08-21T22:01:49Z,0.2.0,,"© OpenStreetMap contributors, ODbL 1.0; nearest five geographic candidates routed.",complete,92.4138,92.4138,100,,open_community,osm_cross_border_nearest5_ors,true
430075,l'Aleixar,08,Baix Camp,2026-08-20,12.905833,1.272667,10.420333,1.368,11.51,1.2175,84.1883,100,89.1593,100,86.98,100,91.2749,70,municipality,openstreetmap_geofabrik;openrouteservice,,2026-08-21T22:01:49Z,0.2.0,,"© OpenStreetMap contributors, ODbL 1.0; nearest five geographic candidates routed.",complete,91.2749,91.2749,100,,open_community,osm_cross_border_nearest5_ors,true
430081,Alfara de Carles,09,Baix Ebre,2026-08-20,25.271167,1.273,22.495167,0.555333,28.3075,0.877667,59.4577,100,65.0097,100,53.385,100,73.5434,70,municipality,openstreetmap_geofabrik;openrouteservice,,2026-08-21T22:01:49Z,0.2.0,,"© OpenStreetMap contributors, ODbL 1.0; nearest five geographic candidates routed.",complete,73.5434,73.5434,100,,open_community,osm_cross_border_nearest5_ors,true
430094,Alforja,08,Baix Camp,2026-08-20,21.334833,10.426167,2.173167,2.298333,11.670333,1.273167,67.3303,89.1477,100,100,86.6593,100,87.5366,70,municipality,openstreetmap_geofabrik;openrouteservice,,2026-08-21T22:01:49Z,0.2.0,,"© OpenStreetMap contributors, ODbL 1.0; nearest five geographic candidates routed.",complete,87.5366,87.5366,100,,open_community,osm_cross_border_nearest5_ors,true
430108,Alió,01,Alt Camp,2026-08-20,11.71,9.786833,7.382833,0.476,10.639167,6.070333,86.58,90.4263,95.2343,100,88.7217,97.8593,91.7861,70,municipality,openstreetmap_geofabrik;openrouteservice,,2026-08-21T22:01:49Z,0.2.0,,"© OpenStreetMap contributors, ODbL 1.0; nearest five geographic candidates routed.",complete,91.7861,91.7861,100,,open_community,osm_cross_border_nearest5_ors,true
430115,Almoster,08,Baix Camp,2026-08-20,14.289167,0.414667,5.303167,0.959333,6.177,0.8355,81.4217,100,99.3937,100,97.646,100,94.7634,70,municipality,openstreetmap_geofabrik;openrouteservice,,2026-08-21T22:01:49Z,0.2.0,,"© OpenStreetMap contributors, ODbL 1.0; nearest five geographic candidates routed.",complete,94.7634,94.7634,100,,open_community,osm_cross_border_nearest5_ors,true
430120,Altafulla,36,Tarragonès,2026-08-20,17.2315,2.388,3.903667,2.245167,4.673,2.1365,75.537,100,100,100,100,100,93.8843,70,municipality,openstreetmap_geofabrik;openrouteservice,,2026-08-21T22:01:49Z,0.2.0,,"© OpenStreetMap contributors, ODbL 1.0; nearest five geographic candidates routed.",complete,93.8843,93.8843,100,,open_community,osm_cross_border_nearest5_ors,true
430136,l'Ametlla de Mar,09,Baix Ebre,2026-08-20,23.324167,1.261333,0.878833,4.786167,4.268,0.617167,63.3517,100,100,100,100,100,90.8379,70,municipality,openstreetmap_geofabrik;openrouteservice,,2026-08-21T22:01:49Z,0.2.0,,"© OpenStreetMap contributors, ODbL 1.0; nearest five geographic candidates routed.",complete,90.8379,90.8379,100,,open_community,osm_cross_border_nearest5_ors,true
430141,Amposta,22,Montsià,2026-08-20,3.914,4.469667,4.2365,2.314833,11.599333,2.3055,100,100,100,100,86.8013,100,97.3603,70,municipality,openstreetmap_geofabrik;openrouteservice,,2026-08-21T22:01:49Z,0.2.0,,"© OpenStreetMap contributors, ODbL 1.0; nearest five geographic candidates routed.",complete,97.3603,97.3603,100,,open_community,osm_cross_border_nearest5_ors,true
430154,Arbolí,08,Baix Camp,2026-08-20,32.964,17.003667,0.23,13.927667,23.299667,14.834667,46.048,75.9927,100,82.1447,63.4007,80.3307,71.8386,70,municipality,openstreetmap_geofabrik;openrouteservice,,2026-08-21T22:01:49Z,0.2.0,,"© OpenStreetMap contributors, ODbL 1.0; nearest five geographic candidates routed.",complete,71.8386,71.8386,100,,open_community,osm_cross_border_nearest5_ors,true
430167,l'Arboç,12,Baix Penedès,2026-08-20,10.9995,3.3745,3.710333,4.469333,4.040667,2.738167,88.001,100,100,100,100,100,97.0002,70,municipality,openstreetmap_geofabrik;openrouteservice,,2026-08-21T22:01:49Z,0.2.0,,"© OpenStreetMap contributors, ODbL 1.0; nearest five geographic candidates routed.",complete,97.0002,97.0002,100,,open_community,osm_cross_border_nearest5_ors,true
430173,l'Argentera,08,Baix Camp,2026-08-20,29.034333,0.107167,4.6205,3.963833,2.899667,12.863,51.9313,100,100,100,100,84.274,86.4102,70,municipality,openstreetmap_geofabrik;openrouteservice,,2026-08-21T22:01:49Z,0.2.0,,"© OpenStreetMap contributors, ODbL 1.0; nearest five geographic candidates routed.",complete,86.4102,86.4102,100,,open_community,osm_cross_border_nearest5_ors,true
430189,Arnes,37,Terra Alta,2026-08-20,35.874,0.2435,0.264833,0.618667,57.598,0.336,42.168,100,100,100,13.2027,100,68.1825,70,municipality,openstreetmap_geofabrik;openrouteservice,,2026-08-21T22:01:49Z,0.2.0,,"© OpenStreetMap contributors, ODbL 1.0; nearest five geographic candidates routed.",complete,68.1825,68.1825,100,,open_community,osm_cross_border_nearest5_ors,true
430192,Ascó,30,Ribera d'Ebre,2026-08-20,27.633833,11.881167,13.508,2.148,2.333667,1.951167,54.7323,86.2377,82.984,100,100,100,83.2155,70,municipality,openstreetmap_geofabrik;openrouteservice,,2026-08-21T22:01:49Z,0.2.0,,"© OpenStreetMap contributors, ODbL 1.0; nearest five geographic candidates routed.",complete,83.2155,83.2155,100,,open_community,osm_cross_border_nearest5_ors,true
430206,Banyeres del Penedès,12,Baix Penedès,2026-08-20,15.132667,4.601333,1.652167,3.274,5.344667,1.645833,79.7347,100,100,100,99.3107,100,94.7958,70,municipality,openstreetmap_geofabrik;openrouteservice,,2026-08-21T22:01:49Z,0.2.0,,"© OpenStreetMap contributors, ODbL 1.0; nearest five geographic candidates routed.",complete,94.7958,94.7958,100,,open_community,osm_cross_border_nearest5_ors,true
430213,Barberà de la Conca,16,Conca de Barberà,2026-08-20,22.189833,11.758,1.3785,1.472,12.176,0.739333,65.6203,86.484,100,100,85.648,100,86.5073,70,municipality,openstreetmap_geofabrik;openrouteservice,,2026-08-21T22:01:49Z,0.2.0,,"© OpenStreetMap contributors, ODbL 1.0; nearest five geographic candidates routed.",complete,86.5073,86.5073,100,,open_community,osm_cross_border_nearest5_ors,true
430228,Batea,37,Terra Alta,2026-08-20,36.842833,1.629,0.068167,1.4625,26.035833,0.441833,40.8762,100,100,100,57.9283,100,76.8047,70,municipality,openstreetmap_geofabrik;openrouteservice,,2026-08-21T22:01:49Z,0.2.0,,"© OpenStreetMap contributors, ODbL 1.0; nearest five geographic candidates routed.",complete,76.8047,76.8047,100,,open_community,osm_cross_border_nearest5_ors,true
430234,Bellmunt del Priorat,29,Priorat,2026-08-20,33.089,10.247667,8.130333,9.458833,12.555333,8.860333,45.8813,89.5047,93.7393,91.0823,84.8893,92.2793,78.9579,70,municipality,openstreetmap_geofabrik;openrouteservice,,2026-08-21T22:01:49Z,0.2.0,,"© OpenStreetMap contributors, ODbL 1.0; nearest five geographic candidates routed.",complete,78.9579,78.9579,100,,open_community,osm_cross_border_nearest5_ors,true
430249,Bellvei,12,Baix Penedès,2026-08-20,7.0425,3.211,4.455167,3.7555,8.517167,2.059667,95.915,100,100,100,92.9657,100,97.5719,70,municipality,openstreetmap_geofabrik;openrouteservice,,2026-08-21T22:01:49Z,0.2.0,,"© OpenStreetMap contributors, ODbL 1.0; nearest five geographic candidates routed.",complete,97.5719,97.5719,100,,open_community,osm_cross_border_nearest5_ors,true
430252,Benifallet,09,Baix Ebre,2026-08-20,34.744667,0.301,0.096667,10.735833,34.822,0.469167,43.6738,100,100,88.5283,43.5707,100,73.4854,70,municipality,openstreetmap_geofabrik;openrouteservice,,2026-08-21T22:01:49Z,0.2.0,,"© OpenStreetMap contributors, ODbL 1.0; nearest five geographic candidates routed.",complete,73.4854,73.4854,100,,open_community,osm_cross_border_nearest5_ors,true
430265,Benissanet,30,Ribera d'Ebre,2026-08-20,10.4645,15.808667,5.282667,0.487833,9.077667,0.279333,89.071,78.3827,99.4347,100,91.8447,100,92.281,70,municipality,openstreetmap_geofabrik;openrouteservice,,2026-08-21T22:01:49Z,0.2.0,,"© OpenStreetMap contributors, ODbL 1.0; nearest five geographic candidates routed.",complete,92.281,92.281,100,,open_community,osm_cross_border_nearest5_ors,true
430271,la Bisbal de Montsant,29,Priorat,2026-08-20,44.636,19.108833,31.198333,0.654667,27.314167,13.220333,30.4853,71.7823,48.4022,100,55.3717,83.5593,57.4994,70,municipality,openstreetmap_geofabrik;openrouteservice,,2026-08-21T22:01:49Z,0.2.0,,"© OpenStreetMap contributors, ODbL 1.0; nearest five geographic candidates routed.",complete,57.4994,57.4994,100,,open_community,osm_cross_border_nearest5_ors,true
430287,la Bisbal del Penedès,12,Baix Penedès,2026-08-20,15.6165,1.921333,9.770667,3.376333,16.007833,2.690667,78.767,100,90.4587,100,77.9843,100,88.3804,70,municipality,openstreetmap_geofabrik;openrouteservice,,2026-08-21T22:01:49Z,0.2.0,,"© OpenStreetMap contributors, ODbL 1.0; nearest five geographic candidates routed.",complete,88.3804,88.3804,100,,open_community,osm_cross_border_nearest5_ors,true
430290,Blancafort,16,Conca de Barberà,2026-08-20,23.511667,0.516167,11.039667,0.723167,10.582833,0.0605,62.9767,100,87.9207,100,88.8343,100,86.0952,70,municipality,openstreetmap_geofabrik;openrouteservice,,2026-08-21T22:01:49Z,0.2.0,,"© OpenStreetMap contributors, ODbL 1.0; nearest five geographic candidates routed.",complete,86.0952,86.0952,100,,open_community,osm_cross_border_nearest5_ors,true
430304,Bonastre,12,Baix Penedès,2026-08-20,22.4185,6.718833,11.1105,1.866833,7.716333,7.465667,65.163,96.5623,87.779,100,94.5673,95.0687,86.7512,70,municipality,openstreetmap_geofabrik;openrouteservice,,2026-08-21T22:01:49Z,0.2.0,,"© OpenStreetMap contributors, ODbL 1.0; nearest five geographic candidates routed.",complete,86.7512,86.7512,100,,open_community,osm_cross_border_nearest5_ors,true
430311,les Borges del Camp,08,Baix Camp,2026-08-20,11.8995,0.990833,1.1455,1.587,2.235167,0.922833,86.201,100,100,100,100,100,96.5503,70,municipality,openstreetmap_geofabrik;openrouteservice,,2026-08-21T22:01:49Z,0.2.0,,"© OpenStreetMap contributors, ODbL 1.0; nearest five geographic candidates routed.",complete,96.5503,96.5503,100,,open_community,osm_cross_border_nearest5_ors,true
430326,Bot,37,Terra Alta,2026-08-20,38.094667,14.265,11.093333,0.865333,32.909667,0.1615,39.2071,81.47,87.8133,100,46.1204,100,68.809,70,municipality,openstreetmap_geofabrik;openrouteservice,,2026-08-21T22:01:49Z,0.2.0,,"© OpenStreetMap contributors, ODbL 1.0; nearest five geographic candidates routed.",complete,68.809,68.809,100,,open_community,osm_cross_border_nearest5_ors,true
430332,Botarell,08,Baix Camp,2026-08-20,15.7265,6.198167,9.5905,6.3025,2.734833,0.07,78.547,97.6037,90.819,97.395,100,100,92.1806,70,municipality,openstreetmap_geofabrik;openrouteservice,,2026-08-21T22:01:49Z,0.2.0,,"© OpenStreetMap contributors, ODbL 1.0; nearest five geographic candidates routed.",complete,92.1806,92.1806,100,,open_community,osm_cross_border_nearest5_ors,true
430347,Bràfim,01,Alt Camp,2026-08-20,18.871667,1.262167,11.132,0.5545,8.817,0.123,72.2567,100,87.736,100,92.366,100,89.0846,70,municipality,openstreetmap_geofabrik;openrouteservice,,2026-08-21T22:01:49Z,0.2.0,,"© OpenStreetMap contributors, ODbL 1.0; nearest five geographic candidates routed.",complete,89.0846,89.0846,100,,open_community,osm_cross_border_nearest5_ors,true
430350,Cabacés,29,Priorat,2026-08-20,42.739667,10.619833,28.256333,0.649,25.877333,18.6265,33.0138,88.7603,53.4873,100,58.2453,72.747,61.1887,70,municipality,openstreetmap_geofabrik;openrouteservice,,2026-08-21T22:01:49Z,0.2.0,,"© OpenStreetMap contributors, ODbL 1.0; nearest five geographic candidates routed.",complete,61.1887,61.1887,100,,open_community,osm_cross_border_nearest5_ors,true
430363,Cabra del Camp,01,Alt Camp,2026-08-20,20.021833,8.138833,6.869667,6.089333,17.667167,0.8935,69.9563,93.7223,96.2607,97.8213,74.6657,100,85.5148,70,municipality,openstreetmap_geofabrik;openrouteservice,,2026-08-21T22:01:49Z,0.2.0,,"© OpenStreetMap contributors, ODbL 1.0; nearest five geographic candidates routed.",complete,85.5148,85.5148,100,,open_community,osm_cross_border_nearest5_ors,true
430379,Calafell,12,Baix Penedès,2026-08-20,10.4985,4.950833,4.690667,1.8355,6.599667,4.360667,89.003,100,100,100,96.8007,100,96.6109,70,municipality,openstreetmap_geofabrik;openrouteservice,,2026-08-21T22:01:49Z,0.2.0,,"© OpenStreetMap contributors, ODbL 1.0; nearest five geographic candidates routed.",complete,96.6109,96.6109,100,,open_community,osm_cross_border_nearest5_ors,true
430385,Cambrils,08,Baix Camp,2026-08-20,4.151,11.392,1.525,1.867667,4.5385,1.168,100,87.216,100,100,100,100,98.0824,70,municipality,openstreetmap_geofabrik;openrouteservice,,2026-08-21T22:01:49Z,0.2.0,,"© OpenStreetMap contributors, ODbL 1.0; nearest five geographic candidates routed.",complete,98.0824,98.0824,100,,open_community,osm_cross_border_nearest5_ors,true
430398,Capafonts,08,Baix Camp,2026-08-20,43.525,28.315333,29.5755,10.821167,30.324,10.8535,31.9667,53.3693,50.849,88.3577,49.568,88.293,53.7455,70,municipality,openstreetmap_geofabrik;openrouteservice,,2026-08-21T22:01:49Z,0.2.0,,"© OpenStreetMap contributors, ODbL 1.0; nearest five geographic candidates routed.",complete,53.7455,53.7455,100,,open_community,osm_cross_border_nearest5_ors,true
430402,Capçanes,29,Priorat,2026-08-20,27.112667,11.349,10.3845,0.594,1.2435,0.217167,55.7747,87.302,89.231,100,100,100,84.8852,70,municipality,openstreetmap_geofabrik;openrouteservice,,2026-08-21T22:01:49Z,0.2.0,,"© OpenStreetMap contributors, ODbL 1.0; nearest five geographic candidates routed.",complete,84.8852,84.8852,100,,open_community,osm_cross_border_nearest5_ors,true
430419,Caseres,37,Terra Alta,2026-08-20,21.813,18.405667,8.898,18.239167,41.840667,0.316833,66.374,73.1887,92.204,73.5217,34.2124,100,70.2073,70,municipality,openstreetmap_geofabrik;openrouteservice,,2026-08-21T22:01:49Z,0.2.0,,"© OpenStreetMap contributors, ODbL 1.0; nearest five geographic candidates routed.",complete,70.2073,70.2073,100,,open_community,osm_cross_border_nearest5_ors,true
430424,Castellvell del Camp,08,Baix Camp,2026-08-20,9.238,7.230833,5.511,3.092833,8.684667,2.093167,91.524,95.5383,98.978,100,92.6307,100,95.5335,70,municipality,openstreetmap_geofabrik;openrouteservice,,2026-08-21T22:01:49Z,0.2.0,,"© OpenStreetMap contributors, ODbL 1.0; nearest five geographic candidates routed.",complete,95.5335,95.5335,100,,open_community,osm_cross_border_nearest5_ors,true
430430,el Catllar,36,Tarragonès,2026-08-20,13.586667,0.981167,9.416833,1.055333,12.6555,0.468667,82.8267,100,91.1663,100,84.689,100,90.8777,70,municipality,openstreetmap_geofabrik;openrouteservice,,2026-08-21T22:01:49Z,0.2.0,,"© OpenStreetMap contributors, ODbL 1.0; nearest five geographic candidates routed.",complete,90.8777,90.8777,100,,open_community,osm_cross_border_nearest5_ors,true
430445,la Sénia,22,Montsià,2026-08-20,31.620167,1.7885,0.436,1.788167,20.412333,0.663167,47.8398,100,100,100,69.1753,100,80.795,70,municipality,openstreetmap_geofabrik;openrouteservice,,2026-08-21T22:01:49Z,0.2.0,,"© OpenStreetMap contributors, ODbL 1.0; nearest five geographic candidates routed.",complete,80.795,80.795,100,,open_community,osm_cross_border_nearest5_ors,true
430458,Colldejou,08,Baix Camp,2026-08-20,27.03,13.4475,0.1705,13.158667,12.872167,13.983167,55.94,83.105,100,83.6827,84.2557,82.0337,79.8735,70,municipality,openstreetmap_geofabrik;openrouteservice,,2026-08-21T22:01:49Z,0.2.0,,"© OpenStreetMap contributors, ODbL 1.0; nearest five geographic candidates routed.",complete,79.8735,79.8735,100,,open_community,osm_cross_border_nearest5_ors,true
430461,Conesa,16,Conca de Barberà,2026-08-20,35.9925,6.047833,11.229833,11.676,27.082667,12.1625,42.01,97.9043,87.5403,86.648,55.8347,85.675,71.0954,70,municipality,openstreetmap_geofabrik;openrouteservice,,2026-08-21T22:01:49Z,0.2.0,,"© OpenStreetMap contributors, ODbL 1.0; nearest five geographic candidates routed.",complete,71.0954,71.0954,100,,open_community,osm_cross_border_nearest5_ors,true
430477,Constantí,36,Tarragonès,2026-08-20,11.503167,10.529167,1.452333,2.961667,14.501333,0.117667,86.9937,88.9417,100,100,80.9973,100,91.2891,70,municipality,openstreetmap_geofabrik;openrouteservice,,2026-08-21T22:01:49Z,0.2.0,,"© OpenStreetMap contributors, ODbL 1.0; nearest five geographic candidates routed.",complete,91.2891,91.2891,100,,open_community,osm_cross_border_nearest5_ors,true
430483,Corbera d'Ebre,37,Terra Alta,2026-08-20,21.673167,1.2,0.6095,1.904667,16.488167,0.491333,66.6537,100,100,100,77.0237,100,87.0682,70,municipality,openstreetmap_geofabrik;openrouteservice,,2026-08-21T22:01:49Z,0.2.0,,"© OpenStreetMap contributors, ODbL 1.0; nearest five geographic candidates routed.",complete,87.0682,87.0682,100,,open_community,osm_cross_border_nearest5_ors,true
430496,Cornudella de Montsant,29,Priorat,2026-08-20,38.150333,0.823333,17.760833,1.437167,28.486,0.340833,39.1329,100,74.4783,100,53.028,100,70.2845,70,municipality,openstreetmap_geofabrik;openrouteservice,,2026-08-21T22:01:49Z,0.2.0,,"© OpenStreetMap contributors, ODbL 1.0; nearest five geographic candidates routed.",complete,70.2845,70.2845,100,,open_community,osm_cross_border_nearest5_ors,true
430509,Creixell,36,Tarragonès,2026-08-20,20.550833,2.204,2.645333,4.311167,8.845,2.352667,68.8983,100,100,100,92.31,100,90.6866,70,municipality,openstreetmap_geofabrik;openrouteservice,,2026-08-21T22:01:49Z,0.2.0,,"© OpenStreetMap contributors, ODbL 1.0; nearest five geographic candidates routed.",complete,90.6866,90.6866,100,,open_community,osm_cross_border_nearest5_ors,true
430516,Cunit,12,Baix Penedès,2026-08-20,17.374167,1.282333,0.495667,3.373167,4.975,2.796167,75.2517,100,100,100,100,100,93.8129,70,municipality,openstreetmap_geofabrik;openrouteservice,,2026-08-21T22:01:49Z,0.2.0,,"© OpenStreetMap contributors, ODbL 1.0; nearest five geographic candidates routed.",complete,93.8129,93.8129,100,,open_community,osm_cross_border_nearest5_ors,true
430521,Xerta,09,Baix Ebre,2026-08-20,16.6055,0.5715,1.4335,1.858833,21.582,0.1165,76.789,100,100,100,66.836,100,87.5644,70,municipality,openstreetmap_geofabrik;openrouteservice,,2026-08-21T22:01:49Z,0.2.0,,"© OpenStreetMap contributors, ODbL 1.0; nearest five geographic candidates routed.",complete,87.5644,87.5644,100,,open_community,osm_cross_border_nearest5_ors,true
430537,Duesaigües,08,Baix Camp,2026-08-20,25.353167,4.671,0.111833,0.726167,2.471833,9.181833,59.2937,100,100,100,100,91.6363,88.9871,70,municipality,openstreetmap_geofabrik;openrouteservice,,2026-08-21T22:01:49Z,0.2.0,,"© OpenStreetMap contributors, ODbL 1.0; nearest five geographic candidates routed.",complete,88.9871,88.9871,100,,open_community,osm_cross_border_nearest5_ors,true
430542,l'Espluga de Francolí,16,Conca de Barberà,2026-08-20,21.328833,1.607333,0.453667,2.520833,3.105,0.564167,67.3423,100,100,100,100,100,91.8356,70,municipality,openstreetmap_geofabrik;openrouteservice,,2026-08-21T22:01:49Z,0.2.0,,"© OpenStreetMap contributors, ODbL 1.0; nearest five geographic candidates routed.",complete,91.8356,91.8356,100,,open_community,osm_cross_border_nearest5_ors,true
430555,Falset,29,Priorat,2026-08-20,27.659333,2.009667,2.1915,1.220833,6.5265,0.047333,54.6813,100,100,100,96.947,100,88.0597,70,municipality,openstreetmap_geofabrik;openrouteservice,,2026-08-21T22:01:49Z,0.2.0,,"© OpenStreetMap contributors, ODbL 1.0; nearest five geographic candidates routed.",complete,88.0597,88.0597,100,,open_community,osm_cross_border_nearest5_ors,true
430568,la Fatarella,37,Terra Alta,2026-08-20,26.994667,17.758833,17.168333,1.334667,15.3705,0.5245,56.0107,74.4823,75.6633,100,79.259,100,76.1595,70,municipality,openstreetmap_geofabrik;openrouteservice,,2026-08-21T22:01:49Z,0.2.0,,"© OpenStreetMap contributors, ODbL 1.0; nearest five geographic candidates routed.",complete,76.1595,76.1595,100,,open_community,osm_cross_border_nearest5_ors,true
430574,la Febró,08,Baix Camp,2026-08-20,46.8095,27.572833,24.625667,10.078667,34.543,10.111,27.5873,54.8543,60.7487,89.8427,43.9427,89.778,54.0253,70,municipality,openstreetmap_geofabrik;openrouteservice,,2026-08-21T22:01:49Z,0.2.0,,"© OpenStreetMap contributors, ODbL 1.0; nearest five geographic candidates routed.",complete,54.0253,54.0253,100,,open_community,osm_cross_border_nearest5_ors,true
430580,la Figuera,29,Priorat,2026-08-20,29.449333,13.337833,23.6945,10.005667,25.4395,16.817833,51.1013,83.3243,62.611,89.9887,59.121,76.3643,66.2557,70,municipality,openstreetmap_geofabrik;openrouteservice,,2026-08-21T22:01:49Z,0.2.0,,"© OpenStreetMap contributors, ODbL 1.0; nearest five geographic candidates routed.",complete,66.2557,66.2557,100,,open_community,osm_cross_border_nearest5_ors,true
430593,Figuerola del Camp,01,Alt Camp,2026-08-20,19.362333,0.875833,12.559167,0.548167,18.572667,7.831333,71.2753,100,84.8817,100,72.8547,94.3373,83.7998,70,municipality,openstreetmap_geofabrik;openrouteservice,,2026-08-21T22:01:49Z,0.2.0,,"© OpenStreetMap contributors, ODbL 1.0; nearest five geographic candidates routed.",complete,83.7998,83.7998,100,,open_community,osm_cross_border_nearest5_ors,true
430607,Flix,30,Ribera d'Ebre,2026-08-20,35.9895,1.326167,2.422,2.715667,3.688,2.311,42.014,100,100,100,100,100,85.5035,70,municipality,openstreetmap_geofabrik;openrouteservice,,2026-08-21T22:01:49Z,0.2.0,,"© OpenStreetMap contributors, ODbL 1.0; nearest five geographic candidates routed.",complete,85.5035,85.5035,100,,open_community,osm_cross_border_nearest5_ors,true
430614,Forès,16,Conca de Barberà,2026-08-20,37.822667,10.776167,13.683833,14.606833,27.661167,14.003333,39.5698,88.4477,82.6323,80.7863,54.6777,81.9933,66.8996,70,municipality,openstreetmap_geofabrik;openrouteservice,,2026-08-21T22:01:49Z,0.2.0,,"© OpenStreetMap contributors, ODbL 1.0; nearest five geographic candidates routed.",complete,66.8996,66.8996,100,,open_community,osm_cross_border_nearest5_ors,true
430629,Freginals,22,Montsià,2026-08-20,13.331167,0.8865,10.141667,0.941833,13.024167,0.328833,83.3377,100,89.7167,100,83.9517,100,90.5681,70,municipality,openstreetmap_geofabrik;openrouteservice,,2026-08-21T22:01:49Z,0.2.0,,"© OpenStreetMap contributors, ODbL 1.0; nearest five geographic candidates routed.",complete,90.5681,90.5681,100,,open_community,osm_cross_border_nearest5_ors,true
430635,la Galera,22,Montsià,2026-08-20,21.453,12.0135,18.263667,6.882,20.126333,0.545167,67.094,85.973,73.4727,96.236,69.7473,100,77.937,70,municipality,openstreetmap_geofabrik;openrouteservice,,2026-08-21T22:01:49Z,0.2.0,,"© OpenStreetMap contributors, ODbL 1.0; nearest five geographic candidates routed.",complete,77.937,77.937,100,,open_community,osm_cross_border_nearest5_ors,true
430640,Gandesa,37,Terra Alta,2026-08-20,27.646167,5.813833,0.644667,1.048667,22.461167,0.785333,54.7077,98.3723,100,100,65.0777,100,81.4483,70,municipality,openstreetmap_geofabrik;openrouteservice,,2026-08-21T22:01:49Z,0.2.0,,"© OpenStreetMap contributors, ODbL 1.0; nearest five geographic candidates routed.",complete,81.4483,81.4483,100,,open_community,osm_cross_border_nearest5_ors,true
430653,Garcia,30,Ribera d'Ebre,2026-08-20,11.497167,23.424667,5.742333,0.551833,7.487167,0.223833,87.0057,63.1507,98.5153,100,95.0257,100,89.9322,70,municipality,openstreetmap_geofabrik;openrouteservice,,2026-08-21T22:01:49Z,0.2.0,,"© OpenStreetMap contributors, ODbL 1.0; nearest five geographic candidates routed.",complete,89.9322,89.9322,100,,open_community,osm_cross_border_nearest5_ors,true
430666,els Garidells,01,Alt Camp,2026-08-20,11.7655,8.084667,5.026167,5.381333,5.046167,5.523333,86.469,93.8307,99.9477,99.2373,99.9077,98.9533,95.482,70,municipality,openstreetmap_geofabrik;openrouteservice,,2026-08-21T22:01:49Z,0.2.0,,"© OpenStreetMap contributors, ODbL 1.0; nearest five geographic candidates routed.",complete,95.482,95.482,100,,open_community,osm_cross_border_nearest5_ors,true
430672,Ginestar,30,Ribera d'Ebre,2026-08-20,16.834,11.395,11.564833,0.845667,14.280833,0.6,76.332,87.21,86.8703,100,81.4383,100,85.8262,70,municipality,openstreetmap_geofabrik;openrouteservice,,2026-08-21T22:01:49Z,0.2.0,,"© OpenStreetMap contributors, ODbL 1.0; nearest five geographic candidates routed.",complete,85.8262,85.8262,100,,open_community,osm_cross_border_nearest5_ors,true
430688,Godall,22,Montsià,2026-08-20,26.162333,13.7725,13.376167,1.459833,14.627667,0.3825,57.6753,82.455,83.2477,100,80.7447,100,79.5856,70,municipality,openstreetmap_geofabrik;openrouteservice,,2026-08-21T22:01:49Z,0.2.0,,"© OpenStreetMap contributors, ODbL 1.0; nearest five geographic candidates routed.",complete,79.5856,79.5856,100,,open_community,osm_cross_border_nearest5_ors,true
430691,Gratallops,29,Priorat,2026-08-20,34.283,0.476667,12.308167,0.792333,16.643167,11.578167,44.2893,100,85.3837,100,76.7137,86.8437,77.1762,70,municipality,openstreetmap_geofabrik;openrouteservice,,2026-08-21T22:01:49Z,0.2.0,,"© OpenStreetMap contributors, ODbL 1.0; nearest five geographic candidates routed.",complete,77.1762,77.1762,100,,open_community,osm_cross_border_nearest5_ors,true
430705,els Guiamets,29,Priorat,2026-08-20,23.5225,13.829667,11.7125,6.9335,3.858667,7.171,62.955,82.3407,86.575,96.133,100,95.658,84.584,70,municipality,openstreetmap_geofabrik;openrouteservice,,2026-08-21T22:01:49Z,0.2.0,,"© OpenStreetMap contributors, ODbL 1.0; nearest five geographic candidates routed.",complete,84.584,84.584,100,,open_community,osm_cross_border_nearest5_ors,true
430712,Horta de Sant Joan,37,Terra Alta,2026-08-20,36.932,1.277333,1.380167,1.794,54.406333,1.6905,40.7573,100,100,100,17.4582,100,68.681,70,municipality,openstreetmap_geofabrik;openrouteservice,,2026-08-21T22:01:49Z,0.2.0,,"© OpenStreetMap contributors, ODbL 1.0; nearest five geographic candidates routed.",complete,68.681,68.681,100,,open_community,osm_cross_border_nearest5_ors,true
430727,el Lloar,29,Priorat,2026-08-20,28.099,7.2505,17.257167,6.039833,21.592167,16.527333,53.802,95.499,75.4857,97.9203,66.8157,76.9453,73.7222,70,municipality,openstreetmap_geofabrik;openrouteservice,,2026-08-21T22:01:49Z,0.2.0,,"© OpenStreetMap contributors, ODbL 1.0; nearest five geographic candidates routed.",complete,73.7222,73.7222,100,,open_community,osm_cross_border_nearest5_ors,true
430733,Llorac,16,Conca de Barberà,2026-08-20,32.819,4.889333,9.553667,9.661333,24.293167,10.145333,46.2413,100,90.8927,90.6773,61.4137,89.7093,75.0603,70,municipality,openstreetmap_geofabrik;openrouteservice,,2026-08-21T22:01:49Z,0.2.0,,"© OpenStreetMap contributors, ODbL 1.0; nearest five geographic candidates routed.",complete,75.0603,75.0603,100,,open_community,osm_cross_border_nearest5_ors,true
430748,Llorenç del Penedès,12,Baix Penedès,2026-08-20,12.4985,1.153667,0.9505,3.022833,7.607167,1.231333,85.003,100,100,100,94.7857,100,95.2079,70,municipality,openstreetmap_geofabrik;openrouteservice,,2026-08-21T22:01:49Z,0.2.0,,"© OpenStreetMap contributors, ODbL 1.0; nearest five geographic candidates routed.",complete,95.2079,95.2079,100,,open_community,osm_cross_border_nearest5_ors,true
430751,Margalef,29,Priorat,2026-08-20,49.149833,23.622667,33.533833,0.059333,31.828,18.055,24.4669,62.7547,45.2882,100,47.5627,73.89,51.4891,70,municipality,openstreetmap_geofabrik;openrouteservice,,2026-08-21T22:01:49Z,0.2.0,,"© OpenStreetMap contributors, ODbL 1.0; nearest five geographic candidates routed.",complete,51.4891,51.4891,100,,open_community,osm_cross_border_nearest5_ors,true
430764,Marçà,29,Priorat,2026-08-20,25.227,6.401333,5.436833,1.2535,2.621167,0.901667,59.546,97.1973,99.1263,100,100,100,89.2914,70,municipality,openstreetmap_geofabrik;openrouteservice,,2026-08-21T22:01:49Z,0.2.0,,"© OpenStreetMap contributors, ODbL 1.0; nearest five geographic candidates routed.",complete,89.2914,89.2914,100,,open_community,osm_cross_border_nearest5_ors,true
430770,Mas de Barberans,22,Montsià,2026-08-20,24.972667,21.3375,20.682333,1.151333,26.315667,1.700667,60.0547,67.325,68.6353,100,57.3687,100,70.3132,70,municipality,openstreetmap_geofabrik;openrouteservice,,2026-08-21T22:01:49Z,0.2.0,,"© OpenStreetMap contributors, ODbL 1.0; nearest five geographic candidates routed.",complete,70.3132,70.3132,100,,open_community,osm_cross_border_nearest5_ors,true
430786,Masdenverge,22,Montsià,2026-08-20,10.672167,9.379833,7.482667,1.720667,18.827,1.171333,88.6557,91.2403,95.0347,100,72.346,100,89.3261,70,municipality,openstreetmap_geofabrik;openrouteservice,,2026-08-21T22:01:49Z,0.2.0,,"© OpenStreetMap contributors, ODbL 1.0; nearest five geographic candidates routed.",complete,89.3261,89.3261,100,,open_community,osm_cross_border_nearest5_ors,true
430799,Masllorenç,12,Baix Penedès,2026-08-20,20.671167,9.753333,15.471833,5.4405,8.461333,4.997833,68.6577,90.4933,79.0563,99.119,93.0773,100,85.077,70,municipality,openstreetmap_geofabrik;openrouteservice,,2026-08-21T22:01:49Z,0.2.0,,"© OpenStreetMap contributors, ODbL 1.0; nearest five geographic candidates routed.",complete,85.077,85.077,100,,open_community,osm_cross_border_nearest5_ors,true
430803,la Masó,01,Alt Camp,2026-08-20,10.737833,7.9435,6.321167,0.585833,11.006333,5.477167,88.5243,94.113,97.3577,100,87.9873,99.0457,93.2216,70,municipality,openstreetmap_geofabrik;openrouteservice,,2026-08-21T22:01:49Z,0.2.0,,"© OpenStreetMap contributors, ODbL 1.0; nearest five geographic candidates routed.",complete,93.2216,93.2216,100,,open_community,osm_cross_border_nearest5_ors,true
430810,Maspujols,08,Baix Camp,2026-08-20,10.028833,4.133,6.713167,1.9505,7.802667,0.315,89.9423,100,96.5737,100,94.3947,100,95.6793,70,municipality,openstreetmap_geofabrik;openrouteservice,,2026-08-21T22:01:49Z,0.2.0,,"© OpenStreetMap contributors, ODbL 1.0; nearest five geographic candidates routed.",complete,95.6793,95.6793,100,,open_community,osm_cross_border_nearest5_ors,true
430825,el Masroig,29,Priorat,2026-08-20,18.183,13.4875,11.370333,8.633667,10.931167,0.4505,73.634,83.025,87.2593,92.7327,88.1377,100,85.2149,70,municipality,openstreetmap_geofabrik;openrouteservice,,2026-08-21T22:01:49Z,0.2.0,,"© OpenStreetMap contributors, ODbL 1.0; nearest five geographic candidates routed.",complete,85.2149,85.2149,100,,open_community,osm_cross_border_nearest5_ors,true
430831,el Milà,01,Alt Camp,2026-08-20,12.603667,9.130333,7.394333,5.854167,7.497,7.591833,84.7927,91.7393,95.2113,98.2917,95.006,94.8163,92.3133,70,municipality,openstreetmap_geofabrik;openrouteservice,,2026-08-21T22:01:49Z,0.2.0,,"© OpenStreetMap contributors, ODbL 1.0; nearest five geographic candidates routed.",complete,92.3133,92.3133,100,,open_community,osm_cross_border_nearest5_ors,true
430846,Miravet,30,Ribera d'Ebre,2026-08-20,16.991667,9.961833,10.131833,2.2875,15.605,1.722167,76.0167,90.0763,89.7363,100,78.79,100,86.2209,70,municipality,openstreetmap_geofabrik;openrouteservice,,2026-08-21T22:01:49Z,0.2.0,,"© OpenStreetMap contributors, ODbL 1.0; nearest five geographic candidates routed.",complete,86.2209,86.2209,100,,open_community,osm_cross_border_nearest5_ors,true
430859,el Molar,29,Priorat,2026-08-20,20.247167,15.429833,14.4925,0.8035,16.237333,9.2765,69.5057,79.1403,81.015,100,77.5253,91.447,80.1002,70,municipality,openstreetmap_geofabrik;openrouteservice,,2026-08-21T22:01:49Z,0.2.0,,"© OpenStreetMap contributors, ODbL 1.0; nearest five geographic candidates routed.",complete,80.1002,80.1002,100,,open_community,osm_cross_border_nearest5_ors,true
430862,Montblanc,16,Conca de Barberà,2026-08-20,18.509333,3.733,2.551667,2.1305,3.129833,3.013333,72.9813,100,100,100,100,100,93.2453,70,municipality,openstreetmap_geofabrik;openrouteservice,,2026-08-21T22:01:49Z,0.2.0,,"© OpenStreetMap contributors, ODbL 1.0; nearest five geographic candidates routed.",complete,93.2453,93.2453,100,,open_community,osm_cross_border_nearest5_ors,true
430884,Montbrió del Camp,08,Baix Camp,2026-08-20,13.963333,7.815,9.857167,7.919333,6.4725,2.095833,82.0733,94.37,90.2857,94.1613,97.055,100,91.5581,70,municipality,openstreetmap_geofabrik;openrouteservice,,2026-08-21T22:01:49Z,0.2.0,,"© OpenStreetMap contributors, ODbL 1.0; nearest five geographic candidates routed.",complete,91.5581,91.5581,100,,open_community,osm_cross_border_nearest5_ors,true
430897,Montferri,01,Alt Camp,2026-08-20,21.0865,7.321,10.264,5.5045,7.063333,6.181833,67.827,95.358,89.472,98.991,95.8733,97.6363,87.9922,70,municipality,openstreetmap_geofabrik;openrouteservice,,2026-08-21T22:01:49Z,0.2.0,,"© OpenStreetMap contributors, ODbL 1.0; nearest five geographic candidates routed.",complete,87.9922,87.9922,100,,open_community,osm_cross_border_nearest5_ors,true
430901,el Montmell,12,Baix Penedès,2026-08-20,22.464,0.4395,15.857333,1.879333,16.9615,10.485167,65.072,100,78.2853,100,76.077,89.0297,81.0434,70,municipality,openstreetmap_geofabrik;openrouteservice,,2026-08-21T22:01:49Z,0.2.0,,"© OpenStreetMap contributors, ODbL 1.0; nearest five geographic candidates routed.",complete,81.0434,81.0434,100,,open_community,osm_cross_border_nearest5_ors,true
430918,Mont-ral,01,Alt Camp,2026-08-20,30.635667,17.233,17.1455,17.204667,17.894167,17.257,49.1524,75.534,75.709,75.5907,74.2117,75.486,68.71,70,municipality,openstreetmap_geofabrik;openrouteservice,,2026-08-21T22:01:49Z,0.2.0,,"© OpenStreetMap contributors, ODbL 1.0; nearest five geographic candidates routed.",complete,68.71,68.71,100,,open_community,osm_cross_border_nearest5_ors,true
430923,Mont-roig del Camp,08,Baix Camp,2026-08-20,17.124667,2.273333,2.155833,3.4875,16.687667,1.368667,75.7507,100,100,100,76.6247,100,89.2626,70,municipality,openstreetmap_geofabrik;openrouteservice,,2026-08-21T22:01:49Z,0.2.0,,"© OpenStreetMap contributors, ODbL 1.0; nearest five geographic candidates routed.",complete,89.2626,89.2626,100,,open_community,osm_cross_border_nearest5_ors,true
430939,Móra d'Ebre,30,Ribera d'Ebre,2026-08-20,3.040667,21.7405,4.4195,1.926,6.833,2.9275,100,66.519,100,100,96.334,100,94.2447,70,municipality,openstreetmap_geofabrik;openrouteservice,,2026-08-21T22:01:49Z,0.2.0,,"© OpenStreetMap contributors, ODbL 1.0; nearest five geographic candidates routed.",complete,94.2447,94.2447,100,,open_community,osm_cross_border_nearest5_ors,true
430944,Móra la Nova,30,Ribera d'Ebre,2026-08-20,7.3065,22.1015,2.297333,0.72,1.783,0.306333,95.387,65.797,100,100,100,100,93.7163,70,municipality,openstreetmap_geofabrik;openrouteservice,,2026-08-21T22:01:49Z,0.2.0,,"© OpenStreetMap contributors, ODbL 1.0; nearest five geographic candidates routed.",complete,93.7163,93.7163,100,,open_community,osm_cross_border_nearest5_ors,true
430957,el Morell,36,Tarragonès,2026-08-20,13.912167,1.027167,1.199667,2.639,12.284167,0.227333,82.1757,100,100,100,85.4317,100,92.6303,70,municipality,openstreetmap_geofabrik;openrouteservice,,2026-08-21T22:01:49Z,0.2.0,,"© OpenStreetMap contributors, ODbL 1.0; nearest five geographic candidates routed.",complete,92.6303,92.6303,100,,open_community,osm_cross_border_nearest5_ors,true
430960,la Morera de Montsant,29,Priorat,2026-08-20,48.381,11.318167,27.9915,11.667833,35.4875,11.572333,25.492,87.3637,54.017,86.6643,42.6833,86.8553,56.1696,70,municipality,openstreetmap_geofabrik;openrouteservice,,2026-08-21T22:01:49Z,0.2.0,,"© OpenStreetMap contributors, ODbL 1.0; nearest five geographic candidates routed.",complete,56.1696,56.1696,100,,open_community,osm_cross_border_nearest5_ors,true
430976,la Nou de Gaià,36,Tarragonès,2026-08-20,17.282,9.403667,9.694167,8.921167,6.259333,0.521667,75.436,91.1927,90.6117,92.1577,97.4813,100,89.3723,70,municipality,openstreetmap_geofabrik;openrouteservice,,2026-08-21T22:01:49Z,0.2.0,,"© OpenStreetMap contributors, ODbL 1.0; nearest five geographic candidates routed.",complete,89.3723,89.3723,100,,open_community,osm_cross_border_nearest5_ors,true
430982,Nulles,01,Alt Camp,2026-08-20,12.180167,0.9885,10.290833,1.095833,1.123333,6.633333,85.6397,100,89.4183,100,100,96.7333,93.9669,70,municipality,openstreetmap_geofabrik;openrouteservice,,2026-08-21T22:01:49Z,0.2.0,,"© OpenStreetMap contributors, ODbL 1.0; nearest five geographic candidates routed.",complete,93.9669,93.9669,100,,open_community,osm_cross_border_nearest5_ors,true
430995,la Palma d'Ebre,30,Ribera d'Ebre,2026-08-20,43.948333,23.728833,19.9295,12.759167,23.183,0.2685,31.4022,62.5423,70.141,84.4817,63.634,100,62.4351,70,municipality,openstreetmap_geofabrik;openrouteservice,,2026-08-21T22:01:49Z,0.2.0,,"© OpenStreetMap contributors, ODbL 1.0; nearest five geographic candidates routed.",complete,62.4351,62.4351,100,,open_community,osm_cross_border_nearest5_ors,true
431009,els Pallaresos,36,Tarragonès,2026-08-20,10.6525,6.971667,1.159667,1.409833,8.713667,1.393833,88.695,96.0567,100,100,92.5727,100,95.0968,70,municipality,openstreetmap_geofabrik;openrouteservice,,2026-08-21T22:01:49Z,0.2.0,,"© OpenStreetMap contributors, ODbL 1.0; nearest five geographic candidates routed.",complete,95.0968,95.0968,100,,open_community,osm_cross_border_nearest5_ors,true
431016,Passanant i Belltall,16,Conca de Barberà,2026-08-20,42.007,0.296,17.868,10.483833,24.731333,18.187667,33.9907,100,74.264,89.0323,60.5373,73.6247,66.7236,70,municipality,openstreetmap_geofabrik;openrouteservice,,2026-08-21T22:01:49Z,0.2.0,,"© OpenStreetMap contributors, ODbL 1.0; nearest five geographic candidates routed.",complete,66.7236,66.7236,100,,open_community,osm_cross_border_nearest5_ors,true
431021,Paüls,09,Baix Ebre,2026-08-20,28.847167,16.0435,1.087333,2.368,33.823667,0.663333,52.3057,77.913,100,100,44.9018,100,73.7437,70,municipality,openstreetmap_geofabrik;openrouteservice,,2026-08-21T22:01:49Z,0.2.0,,"© OpenStreetMap contributors, ODbL 1.0; nearest five geographic candidates routed.",complete,73.7437,73.7437,100,,open_community,osm_cross_border_nearest5_ors,true
431037,Perafort,36,Tarragonès,2026-08-20,11.508667,7.828,4.670333,1.130333,5.192833,0.9235,86.9827,94.344,100,100,99.6143,100,95.8201,70,municipality,openstreetmap_geofabrik;openrouteservice,,2026-08-21T22:01:49Z,0.2.0,,"© OpenStreetMap contributors, ODbL 1.0; nearest five geographic candidates routed.",complete,95.8201,95.8201,100,,open_community,osm_cross_border_nearest5_ors,true
431042,el Perelló,09,Baix Ebre,2026-08-20,30.0965,14.132333,12.585333,1.0065,12.839833,13.2935,49.8713,81.7353,84.8293,100,84.3203,83.413,76.8993,70,municipality,openstreetmap_geofabrik;openrouteservice,,2026-08-21T22:01:49Z,0.2.0,,"© OpenStreetMap contributors, ODbL 1.0; nearest five geographic candidates routed.",complete,76.8993,76.8993,100,,open_community,osm_cross_border_nearest5_ors,true
431055,les Piles de Gaià,16,Conca de Barberà,2026-08-20,29.566,6.507,4.803333,5.2495,21.040167,6.405333,50.868,96.986,100,99.501,67.9197,97.1893,80.5179,70,municipality,openstreetmap_geofabrik;openrouteservice,,2026-08-21T22:01:49Z,0.2.0,,"© OpenStreetMap contributors, ODbL 1.0; nearest five geographic candidates routed.",complete,80.5179,80.5179,100,,open_community,osm_cross_border_nearest5_ors,true
431068,el Pinell de Brai,37,Terra Alta,2026-08-20,30.876667,11.2735,0.120667,1.172667,29.49,0.544,48.8311,87.453,100,100,51.02,100,75.5297,70,municipality,openstreetmap_geofabrik;openrouteservice,,2026-08-21T22:01:49Z,0.2.0,,"© OpenStreetMap contributors, ODbL 1.0; nearest five geographic candidates routed.",complete,75.5297,75.5297,100,,open_community,osm_cross_border_nearest5_ors,true
431074,Pira,16,Conca de Barberà,2026-08-20,20.848667,9.198667,3.928667,4.528333,10.834833,4.2535,68.3027,91.6027,100,100,88.3303,100,88.4821,70,municipality,openstreetmap_geofabrik;openrouteservice,,2026-08-21T22:01:49Z,0.2.0,,"© OpenStreetMap contributors, ODbL 1.0; nearest five geographic candidates routed.",complete,88.4821,88.4821,100,,open_community,osm_cross_border_nearest5_ors,true
431080,el Pla de Santa Maria,01,Alt Camp,2026-08-20,16.948,4.198167,10.144833,1.388167,16.158333,5.5735,76.104,100,89.7103,100,77.6833,98.853,87.39,70,municipality,openstreetmap_geofabrik;openrouteservice,,2026-08-21T22:01:49Z,0.2.0,,"© OpenStreetMap contributors, ODbL 1.0; nearest five geographic candidates routed.",complete,87.39,87.39,100,,open_community,osm_cross_border_nearest5_ors,true
431093,la Pobla de Mafumet,36,Tarragonès,2026-08-20,13.163333,1.9205,0.968,1.734833,12.123,0.712167,83.6733,100,100,100,85.754,100,93.0691,70,municipality,openstreetmap_geofabrik;openrouteservice,,2026-08-21T22:01:49Z,0.2.0,,"© OpenStreetMap contributors, ODbL 1.0; nearest five geographic candidates routed.",complete,93.0691,93.0691,100,,open_community,osm_cross_border_nearest5_ors,true
431107,la Pobla de Massaluca,37,Terra Alta,2026-08-20,45.838667,15.727833,21.809833,0.6425,9.977667,10.894,28.8818,78.5443,66.3803,100,90.0447,88.212,69.1083,70,municipality,openstreetmap_geofabrik;openrouteservice,,2026-08-21T22:01:49Z,0.2.0,,"© OpenStreetMap contributors, ODbL 1.0; nearest five geographic candidates routed.",complete,69.1083,69.1083,100,,open_community,osm_cross_border_nearest5_ors,true
431114,la Pobla de Montornès,36,Tarragonès,2026-08-20,18.714167,9.11,6.423333,6.151667,8.292,0.826667,72.5717,91.78,97.1533,97.6967,93.416,100,89.7935,70,municipality,openstreetmap_geofabrik;openrouteservice,,2026-08-21T22:01:49Z,0.2.0,,"© OpenStreetMap contributors, ODbL 1.0; nearest five geographic candidates routed.",complete,89.7935,89.7935,100,,open_community,osm_cross_border_nearest5_ors,true
431129,Poboleda,29,Priorat,2026-08-20,39.913833,10.881667,20.179167,10.458167,35.418833,0.618167,36.7816,88.2367,69.6417,89.0837,42.7749,100,63.8226,70,municipality,openstreetmap_geofabrik;openrouteservice,,2026-08-21T22:01:49Z,0.2.0,,"© OpenStreetMap contributors, ODbL 1.0; nearest five geographic candidates routed.",complete,63.8226,63.8226,100,,open_community,osm_cross_border_nearest5_ors,true
431135,el Pont d'Armentera,01,Alt Camp,2026-08-20,21.5555,5.695833,0.420667,11.083,20.765667,0.138,66.889,98.6083,100,87.834,68.4687,100,83.9906,70,municipality,openstreetmap_geofabrik;openrouteservice,,2026-08-21T22:01:49Z,0.2.0,,"© OpenStreetMap contributors, ODbL 1.0; nearest five geographic candidates routed.",complete,83.9906,83.9906,100,,open_community,osm_cross_border_nearest5_ors,true
431140,Porrera,29,Priorat,2026-08-20,31.472,13.180667,16.5965,1.933333,17.8,0.27,48.0373,83.6387,76.807,100,74.4,100,74.7965,70,municipality,openstreetmap_geofabrik;openrouteservice,,2026-08-21T22:01:49Z,0.2.0,,"© OpenStreetMap contributors, ODbL 1.0; nearest five geographic candidates routed.",complete,74.7965,74.7965,100,,open_community,osm_cross_border_nearest5_ors,true
431153,Pradell de la Teixeta,29,Priorat,2026-08-20,26.3955,11.887667,10.7885,11.098833,5.293,10.500333,57.209,86.2247,88.423,87.8023,99.414,88.9993,82.4835,70,municipality,openstreetmap_geofabrik;openrouteservice,,2026-08-21T22:01:49Z,0.2.0,,"© OpenStreetMap contributors, ODbL 1.0; nearest five geographic candidates routed.",complete,82.4835,82.4835,100,,open_community,osm_cross_border_nearest5_ors,true
431166,Prades,08,Baix Camp,2026-08-20,47.765333,18.979333,27.5175,1.717667,25.692833,0.499333,26.3129,72.0413,54.965,100,58.6143,100,60.1003,70,municipality,openstreetmap_geofabrik;openrouteservice,,2026-08-21T22:01:49Z,0.2.0,,"© OpenStreetMap contributors, ODbL 1.0; nearest five geographic candidates routed.",complete,60.1003,60.1003,100,,open_community,osm_cross_border_nearest5_ors,true
431172,Prat de Comte,37,Terra Alta,2026-08-20,35.259333,0.0715,0.768333,0.743667,40.235833,14.799833,42.9876,100,100,100,36.3522,80.4003,71.0574,70,municipality,openstreetmap_geofabrik;openrouteservice,,2026-08-21T22:01:49Z,0.2.0,,"© OpenStreetMap contributors, ODbL 1.0; nearest five geographic candidates routed.",complete,71.0574,71.0574,100,,open_community,osm_cross_border_nearest5_ors,true
431188,Pratdip,08,Baix Camp,2026-08-20,18.6305,18.560667,11.633,0.8985,18.029333,0.9675,72.739,72.8787,86.734,100,73.9413,100,81.2516,70,municipality,openstreetmap_geofabrik;openrouteservice,,2026-08-21T22:01:49Z,0.2.0,,"© OpenStreetMap contributors, ODbL 1.0; nearest five geographic candidates routed.",complete,81.2516,81.2516,100,,open_community,osm_cross_border_nearest5_ors,true
431191,Puigpelat,01,Alt Camp,2026-08-20,11.550167,9.178667,9.661,6.898333,8.670833,1.554333,86.8997,91.6427,90.678,96.2033,92.6583,100,91.7589,70,municipality,openstreetmap_geofabrik;openrouteservice,,2026-08-21T22:01:49Z,0.2.0,,"© OpenStreetMap contributors, ODbL 1.0; nearest five geographic candidates routed.",complete,91.7589,91.7589,100,,open_community,osm_cross_border_nearest5_ors,true
431205,Querol,01,Alt Camp,2026-08-20,30.5885,14.794833,9.480333,20.116,29.798833,9.765333,49.2153,80.4103,91.0393,69.768,50.4023,90.4693,68.6774,70,municipality,openstreetmap_geofabrik;openrouteservice,,2026-08-21T22:01:49Z,0.2.0,,"© OpenStreetMap contributors, ODbL 1.0; nearest five geographic candidates routed.",complete,68.6774,68.6774,100,,open_community,osm_cross_border_nearest5_ors,true
431212,Rasquera,30,Ribera d'Ebre,2026-08-20,26.306167,0.965,0.991333,1.686,24.919333,0.449833,57.3877,100,100,100,60.1613,100,81.3792,70,municipality,openstreetmap_geofabrik;openrouteservice,,2026-08-21T22:01:49Z,0.2.0,,"© OpenStreetMap contributors, ODbL 1.0; nearest five geographic candidates routed.",complete,81.3792,81.3792,100,,open_community,osm_cross_border_nearest5_ors,true
431227,Renau,36,Tarragonès,2026-08-20,17.749333,5.562833,8.8855,6.445167,4.459833,5.570833,74.5013,98.8743,92.229,97.1097,100,98.8583,91.4991,70,municipality,openstreetmap_geofabrik;openrouteservice,,2026-08-21T22:01:49Z,0.2.0,,"© OpenStreetMap contributors, ODbL 1.0; nearest five geographic candidates routed.",complete,91.4991,91.4991,100,,open_community,osm_cross_border_nearest5_ors,true
431233,Reus,08,Baix Camp,2026-08-20,6.080667,2.5415,0.883,2.867833,6.307833,0.224333,97.8387,100,100,100,97.3843,100,98.9365,70,municipality,openstreetmap_geofabrik;openrouteservice,,2026-08-21T22:01:49Z,0.2.0,,"© OpenStreetMap contributors, ODbL 1.0; nearest five geographic candidates routed.",complete,98.9365,98.9365,100,,open_community,osm_cross_border_nearest5_ors,true
431248,la Riba,01,Alt Camp,2026-08-20,17.065167,6.906833,0.126167,2.29,2.532167,0.474833,75.8697,96.1863,100,100,100,100,93.3954,70,municipality,openstreetmap_geofabrik;openrouteservice,,2026-08-21T22:01:49Z,0.2.0,,"© OpenStreetMap contributors, ODbL 1.0; nearest five geographic candidates routed.",complete,93.3954,93.3954,100,,open_community,osm_cross_border_nearest5_ors,true
431251,Riba-roja d'Ebre,30,Ribera d'Ebre,2026-08-20,41.3505,9.4425,10.155,1.057,1.5125,0.735667,34.866,91.115,89.69,100,100,100,80.3217,70,municipality,openstreetmap_geofabrik;openrouteservice,,2026-08-21T22:01:49Z,0.2.0,,"© OpenStreetMap contributors, ODbL 1.0; nearest five geographic candidates routed.",complete,80.3217,80.3217,100,,open_community,osm_cross_border_nearest5_ors,true
431264,la Riera de Gaià,36,Tarragonès,2026-08-20,14.771833,6.393,7.184,5.910667,9.7765,0.793833,80.4563,97.214,95.632,98.1787,90.447,100,91.7298,70,municipality,openstreetmap_geofabrik;openrouteservice,,2026-08-21T22:01:49Z,0.2.0,,"© OpenStreetMap contributors, ODbL 1.0; nearest five geographic candidates routed.",complete,91.7298,91.7298,100,,open_community,osm_cross_border_nearest5_ors,true
431270,Riudecanyes,08,Baix Camp,2026-08-20,19.351,1.444833,10.315333,1.271333,5.259833,1.559333,71.298,100,89.3693,100,99.4803,100,90.5944,70,municipality,openstreetmap_geofabrik;openrouteservice,,2026-08-21T22:01:49Z,0.2.0,,"© OpenStreetMap contributors, ODbL 1.0; nearest five geographic candidates routed.",complete,90.5944,90.5944,100,,open_community,osm_cross_border_nearest5_ors,true
431286,Riudecols,08,Baix Camp,2026-08-20,16.821333,9.2165,9.371,10.006333,9.437667,0.408667,76.3573,91.567,91.258,89.9873,91.1247,100,88.2996,70,municipality,openstreetmap_geofabrik;openrouteservice,,2026-08-21T22:01:49Z,0.2.0,,"© OpenStreetMap contributors, ODbL 1.0; nearest five geographic candidates routed.",complete,88.2996,88.2996,100,,open_community,osm_cross_border_nearest5_ors,true
431299,Riudoms,08,Baix Camp,2026-08-20,11.555833,1.201167,0.420833,1.051,6.9665,0.594667,86.8883,100,100,100,96.067,100,95.9355,70,municipality,openstreetmap_geofabrik;openrouteservice,,2026-08-21T22:01:49Z,0.2.0,,"© OpenStreetMap contributors, ODbL 1.0; nearest five geographic candidates routed.",complete,95.9355,95.9355,100,,open_community,osm_cross_border_nearest5_ors,true
431303,Rocafort de Queralt,16,Conca de Barberà,2026-08-20,29.54,11.8765,4.933167,5.3185,19.526333,4.606,50.92,86.247,100,99.363,70.9473,100,79.7928,70,municipality,openstreetmap_geofabrik;openrouteservice,,2026-08-21T22:01:49Z,0.2.0,,"© OpenStreetMap contributors, ODbL 1.0; nearest five geographic candidates routed.",complete,79.7928,79.7928,100,,open_community,osm_cross_border_nearest5_ors,true
431310,Roda de Berà,36,Tarragonès,2026-08-20,18.4265,1.573167,6.5315,2.073333,0.356833,1.6935,73.147,100,96.937,100,100,100,92.6741,70,municipality,openstreetmap_geofabrik;openrouteservice,,2026-08-21T22:01:49Z,0.2.0,,"© OpenStreetMap contributors, ODbL 1.0; nearest five geographic candidates routed.",complete,92.6741,92.6741,100,,open_community,osm_cross_border_nearest5_ors,true
431325,Rodonyà,01,Alt Camp,2026-08-20,21.932667,11.014833,13.551667,1.647167,11.691167,0.1395,66.1347,87.9703,82.8967,100,86.6177,100,83.6321,70,municipality,openstreetmap_geofabrik;openrouteservice,,2026-08-21T22:01:49Z,0.2.0,,"© OpenStreetMap contributors, ODbL 1.0; nearest five geographic candidates routed.",complete,83.6321,83.6321,100,,open_community,osm_cross_border_nearest5_ors,true
431331,Roquetes,09,Baix Ebre,2026-08-20,4.909167,1.343833,3.379833,1.1345,6.585667,0.312833,100,100,100,100,96.8287,100,99.3657,70,municipality,openstreetmap_geofabrik;openrouteservice,,2026-08-21T22:01:49Z,0.2.0,,"© OpenStreetMap contributors, ODbL 1.0; nearest five geographic candidates routed.",complete,99.3657,99.3657,100,,open_community,osm_cross_border_nearest5_ors,true
431346,el Rourell,01,Alt Camp,2026-08-20,11.256667,6.361333,4.008667,2.188,11.739,4.206167,87.4867,97.2773,100,100,86.522,100,93.7677,70,municipality,openstreetmap_geofabrik;openrouteservice,,2026-08-21T22:01:49Z,0.2.0,,"© OpenStreetMap contributors, ODbL 1.0; nearest five geographic candidates routed.",complete,93.7677,93.7677,100,,open_community,osm_cross_border_nearest5_ors,true
431359,Salomó,36,Tarragonès,2026-08-20,22.8035,12.805667,14.162833,10.559,1.421667,0.846833,64.393,84.3887,81.6743,88.882,100,100,83.9796,70,municipality,openstreetmap_geofabrik;openrouteservice,,2026-08-21T22:01:49Z,0.2.0,,"© OpenStreetMap contributors, ODbL 1.0; nearest five geographic candidates routed.",complete,83.9796,83.9796,100,,open_community,osm_cross_border_nearest5_ors,true
431362,la Ràpita,22,Montsià,2026-08-20,17.805667,2.112833,0.697,1.624,22.205333,1.058667,74.3887,100,100,100,65.5893,100,86.715,70,municipality,openstreetmap_geofabrik;openrouteservice,,2026-08-21T22:01:49Z,0.2.0,,"© OpenStreetMap contributors, ODbL 1.0; nearest five geographic candidates routed.",complete,86.715,86.715,100,,open_community,osm_cross_border_nearest5_ors,true
431378,Sant Jaume dels Domenys,12,Baix Penedès,2026-08-20,15.139333,0.994833,0.164667,0.398333,9.490667,0.314667,79.7213,100,100,100,91.0187,100,93.1341,70,municipality,openstreetmap_geofabrik;openrouteservice,,2026-08-21T22:01:49Z,0.2.0,,"© OpenStreetMap contributors, ODbL 1.0; nearest five geographic candidates routed.",complete,93.1341,93.1341,100,,open_community,osm_cross_border_nearest5_ors,true
431384,Santa Bàrbara,22,Montsià,2026-08-20,16.345833,8.093833,13.1565,1.909167,16.6345,0.194667,77.3083,93.8123,83.687,100,76.731,100,85.4825,70,municipality,openstreetmap_geofabrik;openrouteservice,,2026-08-21T22:01:49Z,0.2.0,,"© OpenStreetMap contributors, ODbL 1.0; nearest five geographic candidates routed.",complete,85.4825,85.4825,100,,open_community,osm_cross_border_nearest5_ors,true
431397,Santa Coloma de Queralt,16,Conca de Barberà,2026-08-20,25.1035,2.0445,1.6585,1.294167,16.5775,0.145333,59.793,100,100,100,76.845,100,85.3173,70,municipality,openstreetmap_geofabrik;openrouteservice,,2026-08-21T22:01:49Z,0.2.0,,"© OpenStreetMap contributors, ODbL 1.0; nearest five geographic candidates routed.",complete,85.3173,85.3173,100,,open_community,osm_cross_border_nearest5_ors,true
431401,Santa Oliva,12,Baix Penedès,2026-08-20,9.1335,6.858333,6.103167,7.152167,9.311833,2.279333,91.733,96.2833,97.7937,95.6957,91.3763,100,94.7793,70,municipality,openstreetmap_geofabrik;openrouteservice,,2026-08-21T22:01:49Z,0.2.0,,"© OpenStreetMap contributors, ODbL 1.0; nearest five geographic candidates routed.",complete,94.7793,94.7793,100,,open_community,osm_cross_border_nearest5_ors,true
431418,Pontils,16,Conca de Barberà,2026-08-20,34.3585,11.2995,9.595833,10.042,25.832667,11.197833,44.1887,87.401,90.8083,89.916,58.3347,87.6043,71.738,70,municipality,openstreetmap_geofabrik;openrouteservice,,2026-08-21T22:01:49Z,0.2.0,,"© OpenStreetMap contributors, ODbL 1.0; nearest five geographic candidates routed.",complete,71.738,71.738,100,,open_community,osm_cross_border_nearest5_ors,true
431423,Sarral,16,Conca de Barberà,2026-08-20,25.627333,14.141833,1.0675,0.697,15.6135,1.326333,58.7453,81.7163,100,100,78.773,100,82.6984,70,municipality,openstreetmap_geofabrik;openrouteservice,,2026-08-21T22:01:49Z,0.2.0,,"© OpenStreetMap contributors, ODbL 1.0; nearest five geographic candidates routed.",complete,82.6984,82.6984,100,,open_community,osm_cross_border_nearest5_ors,true
431439,Savallà del Comtat,16,Conca de Barberà,2026-08-20,34.484,0.2195,11.218667,11.3265,25.958167,11.810333,44.0213,100,87.5627,87.347,58.0837,86.3793,72.5072,70,municipality,openstreetmap_geofabrik;openrouteservice,,2026-08-21T22:01:49Z,0.2.0,,"© OpenStreetMap contributors, ODbL 1.0; nearest five geographic candidates routed.",complete,72.5072,72.5072,100,,open_community,osm_cross_border_nearest5_ors,true
431444,la Secuita,36,Tarragonès,2026-08-20,15.87,9.561333,1.780667,1.510333,5.705333,1.413333,78.26,90.8773,100,100,98.5893,100,92.9145,70,municipality,openstreetmap_geofabrik;openrouteservice,,2026-08-21T22:01:49Z,0.2.0,,"© OpenStreetMap contributors, ODbL 1.0; nearest five geographic candidates routed.",complete,92.9145,92.9145,100,,open_community,osm_cross_border_nearest5_ors,true
431457,la Selva del Camp,08,Baix Camp,2026-08-20,13.000667,1.951833,1.570833,1.2235,2.303833,1.326833,83.9987,100,100,100,100,100,95.9997,70,municipality,openstreetmap_geofabrik;openrouteservice,,2026-08-21T22:01:49Z,0.2.0,,"© OpenStreetMap contributors, ODbL 1.0; nearest five geographic candidates routed.",complete,95.9997,95.9997,100,,open_community,osm_cross_border_nearest5_ors,true
431460,Senan,16,Conca de Barberà,2026-08-20,31.756167,16.4595,14.987833,16.0035,13.045333,15.772667,47.6584,77.081,80.0243,77.993,83.9093,78.4547,71.9082,70,municipality,openstreetmap_geofabrik;openrouteservice,,2026-08-21T22:01:49Z,0.2.0,,"© OpenStreetMap contributors, ODbL 1.0; nearest five geographic candidates routed.",complete,71.9082,71.9082,100,,open_community,osm_cross_border_nearest5_ors,true
431476,Solivella,16,Conca de Barberà,2026-08-20,23.712667,5.3805,10.624333,4.301167,13.551,0.420333,62.5747,99.239,88.7513,100,82.898,100,84.8594,70,municipality,openstreetmap_geofabrik;openrouteservice,,2026-08-21T22:01:49Z,0.2.0,,"© OpenStreetMap contributors, ODbL 1.0; nearest five geographic candidates routed.",complete,84.8594,84.8594,100,,open_community,osm_cross_border_nearest5_ors,true
431482,Tarragona,36,Tarragonès,2026-08-20,0.970667,1.135333,1.615667,1.570833,5.756167,0.438,100,100,100,100,98.4877,100,99.6975,70,municipality,openstreetmap_geofabrik;openrouteservice,,2026-08-21T22:01:49Z,0.2.0,,"© OpenStreetMap contributors, ODbL 1.0; nearest five geographic candidates routed.",complete,99.6975,99.6975,100,,open_community,osm_cross_border_nearest5_ors,true
431495,Tivenys,09,Baix Ebre,2026-08-20,20.023667,0.458,15.962833,0.458,19.540833,0.422667,69.9527,100,78.0743,100,70.9183,100,82.2867,70,municipality,openstreetmap_geofabrik;openrouteservice,,2026-08-21T22:01:49Z,0.2.0,,"© OpenStreetMap contributors, ODbL 1.0; nearest five geographic candidates routed.",complete,82.2867,82.2867,100,,open_community,osm_cross_border_nearest5_ors,true
431508,Tivissa,30,Ribera d'Ebre,2026-08-20,20.0705,15.622667,17.678167,1.476333,14.491833,1.037667,69.859,78.7547,74.6437,100,81.0163,100,80.41,70,municipality,openstreetmap_geofabrik;openrouteservice,,2026-08-21T22:01:49Z,0.2.0,,"© OpenStreetMap contributors, ODbL 1.0; nearest five geographic candidates routed.",complete,80.41,80.41,100,,open_community,osm_cross_border_nearest5_ors,true
431515,la Torre de Fontaubella,29,Priorat,2026-08-20,33.100833,12.459833,10.997333,7.950333,2.775,8.192,45.8656,85.0803,88.0053,94.0993,100,93.616,80.601,70,municipality,openstreetmap_geofabrik;openrouteservice,,2026-08-21T22:01:49Z,0.2.0,,"© OpenStreetMap contributors, ODbL 1.0; nearest five geographic candidates routed.",complete,80.601,80.601,100,,open_community,osm_cross_border_nearest5_ors,true
431520,la Torre de l'Espanyol,30,Ribera d'Ebre,2026-08-20,27.248667,17.134167,18.761167,1.192167,9.926833,0.457,55.5027,75.7317,72.4777,100,90.1463,100,77.7602,70,municipality,openstreetmap_geofabrik;openrouteservice,,2026-08-21T22:01:49Z,0.2.0,,"© OpenStreetMap contributors, ODbL 1.0; nearest five geographic candidates routed.",complete,77.7602,77.7602,100,,open_community,osm_cross_border_nearest5_ors,true
431536,Torredembarra,36,Tarragonès,2026-08-20,18.825333,2.4695,4.8295,0.688167,5.087833,1.595,72.3493,100,100,100,99.8243,100,93.0522,70,municipality,openstreetmap_geofabrik;openrouteservice,,2026-08-21T22:01:49Z,0.2.0,,"© OpenStreetMap contributors, ODbL 1.0; nearest five geographic candidates routed.",complete,93.0522,93.0522,100,,open_community,osm_cross_border_nearest5_ors,true
431541,Torroja del Priorat,29,Priorat,2026-08-20,40.870333,0.664667,20.128833,8.592167,24.463833,12.3735,35.5062,100,69.7423,92.8157,61.0723,85.253,67.8463,70,municipality,openstreetmap_geofabrik;openrouteservice,,2026-08-21T22:01:49Z,0.2.0,,"© OpenStreetMap contributors, ODbL 1.0; nearest five geographic candidates routed.",complete,67.8463,67.8463,100,,open_community,osm_cross_border_nearest5_ors,true
431554,Tortosa,09,Baix Ebre,2026-08-20,2.609667,1.838167,2.559,1.544333,2.126833,0.563,100,100,100,100,100,100,100,70,municipality,openstreetmap_geofabrik;openrouteservice,,2026-08-21T22:01:49Z,0.2.0,,"© OpenStreetMap contributors, ODbL 1.0; nearest five geographic candidates routed.",complete,100,100,100,,open_community,osm_cross_border_nearest5_ors,true
431567,Ulldecona,22,Montsià,2026-08-20,20.795333,1.791833,1.548333,2.783667,1.683667,0.772833,68.4093,100,100,100,100,100,92.1023,70,municipality,openstreetmap_geofabrik;openrouteservice,,2026-08-21T22:01:49Z,0.2.0,,"© OpenStreetMap contributors, ODbL 1.0; nearest five geographic candidates routed.",complete,92.1023,92.1023,100,,open_community,osm_cross_border_nearest5_ors,true
431573,Ulldemolins,29,Priorat,2026-08-20,50.682833,14.003833,18.533333,1.183667,28.610333,1.187833,22.4229,81.9923,72.9333,100,52.7793,100,63.0471,70,municipality,openstreetmap_geofabrik;openrouteservice,,2026-08-21T22:01:49Z,0.2.0,,"© OpenStreetMap contributors, ODbL 1.0; nearest five geographic candidates routed.",complete,63.0471,63.0471,100,,open_community,osm_cross_border_nearest5_ors,true
431589,Vallclara,16,Conca de Barberà,2026-08-20,31.296167,5.8165,12.115167,8.603333,9.223667,9.937167,48.2718,98.367,85.7697,92.7933,91.5527,90.1257,80.5794,70,municipality,openstreetmap_geofabrik;openrouteservice,,2026-08-21T22:01:49Z,0.2.0,,"© OpenStreetMap contributors, ODbL 1.0; nearest five geographic candidates routed.",complete,80.5794,80.5794,100,,open_community,osm_cross_border_nearest5_ors,true
431592,Vallfogona de Riucorb,16,Conca de Barberà,2026-08-20,40.1425,11.814167,22.333833,6.140833,25.6785,19.202,36.4767,86.3717,65.3323,97.7183,58.643,71.596,63.8014,70,municipality,openstreetmap_geofabrik;openrouteservice,,2026-08-21T22:01:49Z,0.2.0,,"© OpenStreetMap contributors, ODbL 1.0; nearest five geographic candidates routed.",complete,63.8014,63.8014,100,,open_community,osm_cross_border_nearest5_ors,true
431606,Vallmoll,01,Alt Camp,2026-08-20,9.8285,7.034167,7.005,1.254667,8.986,1.549833,90.343,95.9317,95.99,100,92.028,100,94.5791,70,municipality,openstreetmap_geofabrik;openrouteservice,,2026-08-21T22:01:49Z,0.2.0,,"© OpenStreetMap contributors, ODbL 1.0; nearest five geographic candidates routed.",complete,94.5791,94.5791,100,,open_community,osm_cross_border_nearest5_ors,true
431613,Valls,01,Alt Camp,2026-08-20,3.345333,2.462333,2.008667,2.158,6.507167,2.622333,100,100,100,100,96.9857,100,99.3971,70,municipality,openstreetmap_geofabrik;openrouteservice,,2026-08-21T22:01:49Z,0.2.0,,"© OpenStreetMap contributors, ODbL 1.0; nearest five geographic candidates routed.",complete,99.3971,99.3971,100,,open_community,osm_cross_border_nearest5_ors,true
431628,Vandellòs i l'Hospitalet de l'Infant,08,Baix Camp,2026-08-20,18.987333,0.9855,10.768667,15.664,14.600833,0.975833,72.0253,100,88.4627,78.672,80.7983,100,84.7257,70,municipality,openstreetmap_geofabrik;openrouteservice,,2026-08-21T22:01:49Z,0.2.0,,"© OpenStreetMap contributors, ODbL 1.0; nearest five geographic candidates routed.",complete,84.7257,84.7257,100,,open_community,osm_cross_border_nearest5_ors,true
431634,el Vendrell,12,Baix Penedès,2026-08-20,5.990167,2.162833,1.881,1.974833,2.569,0.173167,98.0197,100,100,100,100,100,99.5049,70,municipality,openstreetmap_geofabrik;openrouteservice,,2026-08-21T22:01:49Z,0.2.0,,"© OpenStreetMap contributors, ODbL 1.0; nearest five geographic candidates routed.",complete,99.5049,99.5049,100,,open_community,osm_cross_border_nearest5_ors,true
431649,Vespella de Gaià,36,Tarragonès,2026-08-20,22.459833,14.2445,15.229667,13.762,12.660833,8.178667,65.0803,81.511,79.5407,82.476,84.6783,93.6427,78.9524,70,municipality,openstreetmap_geofabrik;openrouteservice,,2026-08-21T22:01:49Z,0.2.0,,"© OpenStreetMap contributors, ODbL 1.0; nearest five geographic candidates routed.",complete,78.9524,78.9524,100,,open_community,osm_cross_border_nearest5_ors,true
431652,Vilabella,01,Alt Camp,2026-08-20,17.1005,0.743833,11.665,1.250333,3.1105,0.719833,75.799,100,86.67,100,100,100,91.2837,70,municipality,openstreetmap_geofabrik;openrouteservice,,2026-08-21T22:01:49Z,0.2.0,,"© OpenStreetMap contributors, ODbL 1.0; nearest five geographic candidates routed.",complete,91.2837,91.2837,100,,open_community,osm_cross_border_nearest5_ors,true
431665,Vilallonga del Camp,36,Tarragonès,2026-08-20,14.250667,4.495667,1.1775,1.541333,10.045667,1.207667,81.4987,100,100,100,89.9087,100,93.3564,70,municipality,openstreetmap_geofabrik;openrouteservice,,2026-08-21T22:01:49Z,0.2.0,,"© OpenStreetMap contributors, ODbL 1.0; nearest five geographic candidates routed.",complete,93.3564,93.3564,100,,open_community,osm_cross_border_nearest5_ors,true
431671,Vilanova d'Escornalbou,08,Baix Camp,2026-08-20,22.698833,0.888833,8.988,0.549667,12.305833,0.165167,64.6023,100,92.024,100,85.3883,100,86.633,70,municipality,openstreetmap_geofabrik;openrouteservice,,2026-08-21T22:01:49Z,0.2.0,,"© OpenStreetMap contributors, ODbL 1.0; nearest five geographic candidates routed.",complete,86.633,86.633,100,,open_community,osm_cross_border_nearest5_ors,true
431687,Vilanova de Prades,16,Conca de Barberà,2026-08-20,37.114833,10.568333,16.867,11.866333,15.042333,11.743833,40.5136,88.8633,76.266,86.2673,79.9153,86.5123,71.9721,70,municipality,openstreetmap_geofabrik;openrouteservice,,2026-08-21T22:01:49Z,0.2.0,,"© OpenStreetMap contributors, ODbL 1.0; nearest five geographic candidates routed.",complete,71.9721,71.9721,100,,open_community,osm_cross_border_nearest5_ors,true
431690,Vilaplana,08,Baix Camp,2026-08-20,17.927,6.293833,7.819833,0.558167,15.97,0.826,74.146,97.4123,94.3603,100,78.06,100,87.6324,70,municipality,openstreetmap_geofabrik;openrouteservice,,2026-08-21T22:01:49Z,0.2.0,,"© OpenStreetMap contributors, ODbL 1.0; nearest five geographic candidates routed.",complete,87.6324,87.6324,100,,open_community,osm_cross_border_nearest5_ors,true
431704,Vila-rodona,01,Alt Camp,2026-08-20,20.145333,1.222833,0.3815,10.196333,14.795,0.332833,69.7093,100,100,89.6073,80.41,100,87.4701,70,municipality,openstreetmap_geofabrik;openrouteservice,,2026-08-21T22:01:49Z,0.2.0,,"© OpenStreetMap contributors, ODbL 1.0; nearest five geographic candidates routed.",complete,87.4701,87.4701,100,,open_community,osm_cross_border_nearest5_ors,true
431711,Vila-seca,36,Tarragonès,2026-08-20,13.834167,4.839167,2.309167,2.850667,4.622333,1.158833,82.3317,100,100,100,100,100,95.5829,70,municipality,openstreetmap_geofabrik;openrouteservice,,2026-08-21T22:01:49Z,0.2.0,,"© OpenStreetMap contributors, ODbL 1.0; nearest five geographic candidates routed.",complete,95.5829,95.5829,100,,open_community,osm_cross_border_nearest5_ors,true
431726,Vilaverd,16,Conca de Barberà,2026-08-20,18.325667,1.4335,5.222833,1.6735,1.310667,5.372333,73.3487,100,99.5543,100,100,99.2553,93.1736,70,municipality,openstreetmap_geofabrik;openrouteservice,,2026-08-21T22:01:49Z,0.2.0,,"© OpenStreetMap contributors, ODbL 1.0; nearest five geographic candidates routed.",complete,93.1736,93.1736,100,,open_community,osm_cross_border_nearest5_ors,true
431732,la Vilella Alta,29,Priorat,2026-08-20,42.86,5.186167,21.079333,5.075833,25.414333,12.796333,32.8533,99.6277,67.8413,99.8483,59.1713,84.4073,66.9856,70,municipality,openstreetmap_geofabrik;openrouteservice,,2026-08-21T22:01:49Z,0.2.0,,"© OpenStreetMap contributors, ODbL 1.0; nearest five geographic candidates routed.",complete,66.9856,66.9856,100,,open_community,osm_cross_border_nearest5_ors,true
431747,la Vilella Baixa,29,Priorat,2026-08-20,40.643,0.054333,18.862333,1.575833,23.197333,16.189833,35.8093,100,72.2753,100,63.6053,77.6203,68.8905,70,municipality,openstreetmap_geofabrik;openrouteservice,,2026-08-21T22:01:49Z,0.2.0,,"© OpenStreetMap contributors, ODbL 1.0; nearest five geographic candidates routed.",complete,68.8905,68.8905,100,,open_community,osm_cross_border_nearest5_ors,true
431750,Vilalba dels Arcs,37,Terra Alta,2026-08-20,36.09,13.916333,10.704833,1.231667,20.9515,1.145333,41.88,82.1673,88.5903,100,68.097,100,74.1326,70,municipality,openstreetmap_geofabrik;openrouteservice,,2026-08-21T22:01:49Z,0.2.0,,"© OpenStreetMap contributors, ODbL 1.0; nearest five geographic candidates routed.",complete,74.1326,74.1326,100,,open_community,osm_cross_border_nearest5_ors,true
431763,Vimbodí i Poblet,16,Conca de Barberà,2026-08-20,24.396333,9.192667,8.400167,2.595833,2.835,0.967167,61.2073,91.6147,93.1997,100,100,100,87.684,70,municipality,openstreetmap_geofabrik;openrouteservice,,2026-08-21T22:01:49Z,0.2.0,,"© OpenStreetMap contributors, ODbL 1.0; nearest five geographic candidates routed.",complete,87.684,87.684,100,,open_community,osm_cross_border_nearest5_ors,true
431779,Vinebre,30,Ribera d'Ebre,2026-08-20,23.565667,13.0935,14.7205,4.982667,5.886167,1.657167,62.8687,83.813,80.559,100,98.2277,100,84.0465,70,municipality,openstreetmap_geofabrik;openrouteservice,,2026-08-21T22:01:49Z,0.2.0,,"© OpenStreetMap contributors, ODbL 1.0; nearest five geographic candidates routed.",complete,84.0465,84.0465,100,,open_community,osm_cross_border_nearest5_ors,true
431785,Vinyols i els Arcs,08,Baix Camp,2026-08-20,13.275667,0.03,5.742167,2.751833,11.339167,5.430833,83.4487,100,98.5157,100,87.3217,99.1383,92.9435,70,municipality,openstreetmap_geofabrik;openrouteservice,,2026-08-21T22:01:49Z,0.2.0,,"© OpenStreetMap contributors, ODbL 1.0; nearest five geographic candidates routed.",complete,92.9435,92.9435,100,,open_community,osm_cross_border_nearest5_ors,true
439018,Deltebre,09,Baix Ebre,2026-08-20,21.3845,3.805167,0.950833,2.4395,15.240333,0.561333,67.231,100,100,100,79.5193,100,87.7116,70,municipality,openstreetmap_geofabrik;openrouteservice,,2026-08-21T22:01:49Z,0.2.0,,"© OpenStreetMap contributors, ODbL 1.0; nearest five geographic candidates routed.",complete,87.7116,87.7116,100,,open_community,osm_cross_border_nearest5_ors,true
439023,Sant Jaume d'Enveja,22,Montsià,2026-08-20,18.929,6.342333,0.7335,3.774,17.827167,1.089167,72.142,97.3153,100,100,74.3457,100,87.5019,70,municipality,openstreetmap_geofabrik;openrouteservice,,2026-08-21T22:01:49Z,0.2.0,,"© OpenStreetMap contributors, ODbL 1.0; nearest five geographic candidates routed.",complete,87.5019,87.5019,100,,open_community,osm_cross_border_nearest5_ors,true
439039,Camarles,09,Baix Ebre,2026-08-20,16.085167,5.684,0.579,0.591667,2.003833,0.9045,77.8297,98.632,100,100,100,100,94.2522,70,municipality,openstreetmap_geofabrik;openrouteservice,,2026-08-21T22:01:49Z,0.2.0,,"© OpenStreetMap contributors, ODbL 1.0; nearest five geographic candidates routed.",complete,94.2522,94.2522,100,,open_community,osm_cross_border_nearest5_ors,true
439044,l'Aldea,09,Baix Ebre,2026-08-20,10.8935,1.199167,0.259167,1.828167,3.510167,0.434667,88.213,100,100,100,100,100,97.0532,70,municipality,openstreetmap_geofabrik;openrouteservice,,2026-08-21T22:01:49Z,0.2.0,,"© OpenStreetMap contributors, ODbL 1.0; nearest five geographic candidates routed.",complete,97.0532,97.0532,100,,open_community,osm_cross_border_nearest5_ors,true
439057,Salou,36,Tarragonès,2026-08-20,15.064333,2.024333,1.296333,1.430833,7.6405,2.191667,79.8713,100,100,100,94.719,100,93.9116,70,municipality,openstreetmap_geofabrik;openrouteservice,,2026-08-21T22:01:49Z,0.2.0,,"© OpenStreetMap contributors, ODbL 1.0; nearest five geographic candidates routed.",complete,93.9116,93.9116,100,,open_community,osm_cross_border_nearest5_ors,true
439060,l'Ampolla,09,Baix Ebre,2026-08-20,22.722667,3.274167,1.794833,3.114167,2.788,1.127667,64.5547,100,100,100,100,100,91.1387,70,municipality,openstreetmap_geofabrik;openrouteservice,,2026-08-21T22:01:49Z,0.2.0,,"© OpenStreetMap contributors, ODbL 1.0; nearest five geographic candidates routed.",complete,91.1387,91.1387,100,,open_community,osm_cross_border_nearest5_ors,true
439076,la Canonja,36,Tarragonès,2026-08-20,7.766667,7.3355,5.320167,4.513833,9.5215,2.782,94.4667,95.329,99.3597,100,90.957,100,95.9794,70,municipality,openstreetmap_geofabrik;openrouteservice,,2026-08-21T22:01:49Z,0.2.0,,"© OpenStreetMap contributors, ODbL 1.0; nearest five geographic candidates routed.",complete,95.9794,95.9794,100,,open_community,osm_cross_border_nearest5_ors,true
