municipality_code,municipality_name,comarca_code,comarca_name,reference_period,flood_t10_pct,flood_t100_pct,flood_t500_pct,preferred_flow_zone_pct,flood_risk_raw,flood_safety_score,high_fire_risk_area_pct,very_high_fire_risk_area_pct,fire_risk_raw,fire_safety_score,flood_red_flag,fire_red_flag,risk_review_required,score_0_100,confidence_0_100,data_scope,source_id,source_updated_at,retrieved_at,method_version,missing_reason,notes,score_status,score_min_0_100,score_max_0_100,coverage_weight_pct,rank_stability_0_100,source_tier,method_variant,usable_for_composite
080018,Abrera,11,Baix Llobregat,2024,,,,,,,33.874239,24.74645,83.36714,34.9937,,true,true,,70,derived,gencat_fire_hazard_2024,,2026-08-21T20:09:22Z,0.2.0,missing_dependency,Flood and built-up exposure are pending; interval reflects only fire's 45% weight.,partial,15.7472,70.7472,45,,official,territorial_fire_7_8_high_9_10_very_high,false
080023,Aguilar de Segarra,07,Bages,2024,,,,,,,35.277383,9.886202,55.049787,57.5676,,true,true,,70,derived,gencat_fire_hazard_2024,,2026-08-21T20:09:22Z,0.2.0,missing_dependency,Flood and built-up exposure are pending; interval reflects only fire's 45% weight.,partial,25.9054,80.9054,45,,official,territorial_fire_7_8_high_9_10_very_high,false
080039,Alella,21,Maresme,2024,,,,,,,28.409091,7.954545,44.318182,66.1226,,true,true,,70,derived,gencat_fire_hazard_2024,,2026-08-21T20:09:22Z,0.2.0,missing_dependency,Flood and built-up exposure are pending; interval reflects only fire's 45% weight.,partial,29.7552,84.7552,45,,official,territorial_fire_7_8_high_9_10_very_high,false
080044,Alpens,43,Lluçanès,2024,,,,,,,32.613909,3.277378,39.168665,70.2276,,true,true,,70,derived,gencat_fire_hazard_2024,,2026-08-21T20:09:22Z,0.2.0,missing_dependency,Flood and built-up exposure are pending; interval reflects only fire's 45% weight.,partial,31.6024,86.6024,45,,official,territorial_fire_7_8_high_9_10_very_high,false
080057,l'Ametlla del Vallès,41,Vallès Oriental,2024,,,,,,,35.07014,26.452906,87.975952,31.3197,,true,true,,70,derived,gencat_fire_hazard_2024,,2026-08-21T20:09:22Z,0.2.0,missing_dependency,Flood and built-up exposure are pending; interval reflects only fire's 45% weight.,partial,14.0939,69.0939,45,,official,territorial_fire_7_8_high_9_10_very_high,false
080060,Arenys de Mar,21,Maresme,2024,,,,,,,7.66129,5.241935,18.145161,86.9871,,true,true,,70,derived,gencat_fire_hazard_2024,,2026-08-21T20:09:22Z,0.2.0,missing_dependency,Flood and built-up exposure are pending; interval reflects only fire's 45% weight.,partial,39.1442,94.1442,45,,official,territorial_fire_7_8_high_9_10_very_high,false
080076,Arenys de Munt,21,Maresme,2024,,,,,,,32.192575,15.545244,63.283063,51.0042,,true,true,,70,derived,gencat_fire_hazard_2024,,2026-08-21T20:09:22Z,0.2.0,missing_dependency,Flood and built-up exposure are pending; interval reflects only fire's 45% weight.,partial,22.9519,77.9519,45,,official,territorial_fire_7_8_high_9_10_very_high,false
080082,Argençola,06,Anoia,2024,,,,,,,37.403814,53.195049,143.793911,0,,true,true,,70,derived,gencat_fire_hazard_2024,,2026-08-21T20:09:22Z,0.2.0,missing_dependency,Flood and built-up exposure are pending; interval reflects only fire's 45% weight.,partial,0,55,45,,official,territorial_fire_7_8_high_9_10_very_high,false
080095,Argentona,21,Maresme,2024,,,,,,,37.008734,32.20524,101.419214,20.603,,true,true,,70,derived,gencat_fire_hazard_2024,,2026-08-21T20:09:22Z,0.2.0,missing_dependency,Flood and built-up exposure are pending; interval reflects only fire's 45% weight.,partial,9.2714,64.2714,45,,official,territorial_fire_7_8_high_9_10_very_high,false
080109,Artés,07,Bages,2024,,,,,,,38.169014,17.746479,73.661972,42.7304,,true,true,,70,derived,gencat_fire_hazard_2024,,2026-08-21T20:09:22Z,0.2.0,missing_dependency,Flood and built-up exposure are pending; interval reflects only fire's 45% weight.,partial,19.2287,74.2287,45,,official,territorial_fire_7_8_high_9_10_very_high,false
080116,Avià,14,Berguedà,2024,,,,,,,37.213404,8.289242,53.791887,58.5704,,true,true,,70,derived,gencat_fire_hazard_2024,,2026-08-21T20:09:22Z,0.2.0,missing_dependency,Flood and built-up exposure are pending; interval reflects only fire's 45% weight.,partial,26.3567,81.3567,45,,official,territorial_fire_7_8_high_9_10_very_high,false
080121,Avinyó,07,Bages,2024,,,,,,,43.060797,31.865828,106.792453,16.3196,,true,true,,70,derived,gencat_fire_hazard_2024,,2026-08-21T20:09:22Z,0.2.0,missing_dependency,Flood and built-up exposure are pending; interval reflects only fire's 45% weight.,partial,7.3438,62.3438,45,,official,territorial_fire_7_8_high_9_10_very_high,false
080137,Avinyonet del Penedès,03,Alt Penedès,2024,,,,,,,27.847222,9.444444,46.736111,64.1951,,true,true,,70,derived,gencat_fire_hazard_2024,,2026-08-21T20:09:22Z,0.2.0,missing_dependency,Flood and built-up exposure are pending; interval reflects only fire's 45% weight.,partial,28.8878,83.8878,45,,official,territorial_fire_7_8_high_9_10_very_high,false
080142,Aiguafreda,24,Osona,2024,,,,,,,22.608696,6.086957,34.782609,73.7241,,true,true,,70,derived,gencat_fire_hazard_2024,,2026-08-21T20:09:22Z,0.2.0,missing_dependency,Flood and built-up exposure are pending; interval reflects only fire's 45% weight.,partial,33.1758,88.1758,45,,official,territorial_fire_7_8_high_9_10_very_high,false
080155,Badalona,13,Barcelonès,2024,,,,,,,31.956258,6.075334,44.106926,66.291,,true,true,,70,derived,gencat_fire_hazard_2024,,2026-08-21T20:09:22Z,0.2.0,missing_dependency,Flood and built-up exposure are pending; interval reflects only fire's 45% weight.,partial,29.8309,84.831,45,,official,territorial_fire_7_8_high_9_10_very_high,false
080168,Bagà,14,Berguedà,2024,,,,,,,6.472654,0.551932,7.576518,95.4121,,true,true,,70,derived,gencat_fire_hazard_2024,,2026-08-21T20:09:22Z,0.2.0,missing_dependency,Flood and built-up exposure are pending; interval reflects only fire's 45% weight.,partial,42.9354,97.9354,45,,official,territorial_fire_7_8_high_9_10_very_high,false
080174,Balenyà,24,Osona,2024,,,,,,,14.27027,3.027027,20.324324,85.2499,,true,true,,70,derived,gencat_fire_hazard_2024,,2026-08-21T20:09:22Z,0.2.0,missing_dependency,Flood and built-up exposure are pending; interval reflects only fire's 45% weight.,partial,38.3625,93.3625,45,,official,territorial_fire_7_8_high_9_10_very_high,false
080180,Balsareny,07,Bages,2024,,,,,,,35.88306,18.261914,72.406888,43.7309,,true,true,,70,derived,gencat_fire_hazard_2024,,2026-08-21T20:09:22Z,0.2.0,missing_dependency,Flood and built-up exposure are pending; interval reflects only fire's 45% weight.,partial,19.6789,74.6789,45,,official,territorial_fire_7_8_high_9_10_very_high,false
080193,Barcelona,13,Barcelonès,2024,,,,,,,37.006338,18.917601,74.841541,41.7901,,true,true,,70,derived,gencat_fire_hazard_2024,,2026-08-21T20:09:22Z,0.2.0,missing_dependency,Flood and built-up exposure are pending; interval reflects only fire's 45% weight.,partial,18.8055,73.8055,45,,official,territorial_fire_7_8_high_9_10_very_high,false
080207,Begues,11,Baix Llobregat,2024,,,,,,,8.626126,1.509009,11.644144,92.1695,,true,true,,70,derived,gencat_fire_hazard_2024,,2026-08-21T20:09:22Z,0.2.0,missing_dependency,Flood and built-up exposure are pending; interval reflects only fire's 45% weight.,partial,41.4763,96.4763,45,,official,territorial_fire_7_8_high_9_10_very_high,false
080214,Bellprat,06,Anoia,2024,,,,,,,40.7256,24.374042,89.473684,30.1257,,true,true,,70,derived,gencat_fire_hazard_2024,,2026-08-21T20:09:22Z,0.2.0,missing_dependency,Flood and built-up exposure are pending; interval reflects only fire's 45% weight.,partial,13.5566,68.5566,45,,official,territorial_fire_7_8_high_9_10_very_high,false
080229,Berga,14,Berguedà,2024,,,,,,,19.520548,2.671233,24.863014,81.6318,,true,true,,70,derived,gencat_fire_hazard_2024,,2026-08-21T20:09:22Z,0.2.0,missing_dependency,Flood and built-up exposure are pending; interval reflects only fire's 45% weight.,partial,36.7343,91.7343,45,,official,territorial_fire_7_8_high_9_10_very_high,false
080235,Bigues i Riells del Fai,41,Vallès Oriental,2024,,,,,,,27.169421,18.853306,64.876033,49.7344,,true,true,,70,derived,gencat_fire_hazard_2024,,2026-08-21T20:09:22Z,0.2.0,missing_dependency,Flood and built-up exposure are pending; interval reflects only fire's 45% weight.,partial,22.3805,77.3805,45,,official,territorial_fire_7_8_high_9_10_very_high,false
080240,Borredà,14,Berguedà,2024,,,,,,,30.290972,5.645362,41.581696,68.304,,true,true,,70,derived,gencat_fire_hazard_2024,,2026-08-21T20:09:22Z,0.2.0,missing_dependency,Flood and built-up exposure are pending; interval reflects only fire's 45% weight.,partial,30.7368,85.7368,45,,official,territorial_fire_7_8_high_9_10_very_high,false
080253,el Bruc,06,Anoia,2024,,,,,,,22.335297,2.222817,26.780932,80.1028,,true,true,,70,derived,gencat_fire_hazard_2024,,2026-08-21T20:09:22Z,0.2.0,missing_dependency,Flood and built-up exposure are pending; interval reflects only fire's 45% weight.,partial,36.0463,91.0463,45,,official,territorial_fire_7_8_high_9_10_very_high,false
080266,el Brull,24,Osona,2024,,,,,,,11.069114,1.565875,14.200864,90.1314,,true,true,,70,derived,gencat_fire_hazard_2024,,2026-08-21T20:09:22Z,0.2.0,missing_dependency,Flood and built-up exposure are pending; interval reflects only fire's 45% weight.,partial,40.5591,95.5591,45,,official,territorial_fire_7_8_high_9_10_very_high,false
080272,les Cabanyes,03,Alt Penedès,2024,,,,,,,0,0,0,100,,false,false,,70,derived,gencat_fire_hazard_2024,,2026-08-21T20:09:22Z,0.2.0,missing_dependency,Flood and built-up exposure are pending; interval reflects only fire's 45% weight.,partial,45,100,45,,official,territorial_fire_7_8_high_9_10_very_high,false
080288,Cabrera d'Anoia,06,Anoia,2024,,,,,,,32.31405,54.214876,140.743802,0,,true,true,,70,derived,gencat_fire_hazard_2024,,2026-08-21T20:09:22Z,0.2.0,missing_dependency,Flood and built-up exposure are pending; interval reflects only fire's 45% weight.,partial,0,55,45,,official,territorial_fire_7_8_high_9_10_very_high,false
080291,Cabrera de Mar,21,Maresme,2024,,,,,,,26.791277,16.199377,59.190031,54.2671,,true,true,,70,derived,gencat_fire_hazard_2024,,2026-08-21T20:09:22Z,0.2.0,missing_dependency,Flood and built-up exposure are pending; interval reflects only fire's 45% weight.,partial,24.4202,79.4202,45,,official,territorial_fire_7_8_high_9_10_very_high,false
080305,Cabrils,21,Maresme,2024,,,,,,,34.293948,23.631124,81.556196,36.4373,,true,true,,70,derived,gencat_fire_hazard_2024,,2026-08-21T20:09:22Z,0.2.0,missing_dependency,Flood and built-up exposure are pending; interval reflects only fire's 45% weight.,partial,16.3968,71.3968,45,,official,territorial_fire_7_8_high_9_10_very_high,false
080312,Calaf,06,Anoia,2024,,,,,,,6.122449,1.020408,8.163265,94.9444,,true,true,,70,derived,gencat_fire_hazard_2024,,2026-08-21T20:09:22Z,0.2.0,missing_dependency,Flood and built-up exposure are pending; interval reflects only fire's 45% weight.,partial,42.725,97.725,45,,official,territorial_fire_7_8_high_9_10_very_high,false
080327,Caldes d'Estrac,21,Maresme,2024,,,,,,,8.333333,0,8.333333,94.8088,,false,false,,70,derived,gencat_fire_hazard_2024,,2026-08-21T20:09:22Z,0.2.0,missing_dependency,Flood and built-up exposure are pending; interval reflects only fire's 45% weight.,partial,42.664,97.664,45,,official,territorial_fire_7_8_high_9_10_very_high,false
080333,Caldes de Montbui,41,Vallès Oriental,2024,,,,,,,25.973488,23.405137,72.783761,43.4305,,true,true,,70,derived,gencat_fire_hazard_2024,,2026-08-21T20:09:22Z,0.2.0,missing_dependency,Flood and built-up exposure are pending; interval reflects only fire's 45% weight.,partial,19.5437,74.5437,45,,official,territorial_fire_7_8_high_9_10_very_high,false
080348,Calders,42,Moianès,2024,,,,,,,37.212171,19.284539,75.78125,41.041,,true,true,,70,derived,gencat_fire_hazard_2024,,2026-08-21T20:09:22Z,0.2.0,missing_dependency,Flood and built-up exposure are pending; interval reflects only fire's 45% weight.,partial,18.4685,73.4685,45,,official,territorial_fire_7_8_high_9_10_very_high,false
080351,Calella,21,Maresme,2024,,,,,,,13.709677,2.620968,18.951613,86.3442,,true,true,,70,derived,gencat_fire_hazard_2024,,2026-08-21T20:09:22Z,0.2.0,missing_dependency,Flood and built-up exposure are pending; interval reflects only fire's 45% weight.,partial,38.8549,93.8549,45,,official,territorial_fire_7_8_high_9_10_very_high,false
080364,Calonge de Segarra,06,Anoia,2024,,,,,,,44.216788,9.187046,62.590879,51.556,,true,true,,70,derived,gencat_fire_hazard_2024,,2026-08-21T20:09:22Z,0.2.0,missing_dependency,Flood and built-up exposure are pending; interval reflects only fire's 45% weight.,partial,23.2002,78.2002,45,,official,territorial_fire_7_8_high_9_10_very_high,false
080370,Calldetenes,24,Osona,2024,,,,,,,5.633803,4.225352,14.084507,90.2241,,true,true,,70,derived,gencat_fire_hazard_2024,,2026-08-21T20:09:22Z,0.2.0,missing_dependency,Flood and built-up exposure are pending; interval reflects only fire's 45% weight.,partial,40.6008,95.6008,45,,official,territorial_fire_7_8_high_9_10_very_high,false
080386,Callús,07,Bages,2024,,,,,,,41.710526,18.552632,78.815789,38.6219,,true,true,,70,derived,gencat_fire_hazard_2024,,2026-08-21T20:09:22Z,0.2.0,missing_dependency,Flood and built-up exposure are pending; interval reflects only fire's 45% weight.,partial,17.3799,72.3799,45,,official,territorial_fire_7_8_high_9_10_very_high,false
080399,Campins,41,Vallès Oriental,2024,,,,,,,42,38.615385,119.230769,6.4041,,true,true,,70,derived,gencat_fire_hazard_2024,,2026-08-21T20:09:22Z,0.2.0,missing_dependency,Flood and built-up exposure are pending; interval reflects only fire's 45% weight.,partial,2.8818,57.8818,45,,official,territorial_fire_7_8_high_9_10_very_high,false
080403,Canet de Mar,21,Maresme,2024,,,,,,,25.43554,23.344948,72.125436,43.9553,,true,true,,70,derived,gencat_fire_hazard_2024,,2026-08-21T20:09:22Z,0.2.0,missing_dependency,Flood and built-up exposure are pending; interval reflects only fire's 45% weight.,partial,19.7799,74.7799,45,,official,territorial_fire_7_8_high_9_10_very_high,false
080410,Canovelles,41,Vallès Oriental,2024,,,,,,,18.589744,50.641026,119.871795,5.8931,,true,true,,70,derived,gencat_fire_hazard_2024,,2026-08-21T20:09:22Z,0.2.0,missing_dependency,Flood and built-up exposure are pending; interval reflects only fire's 45% weight.,partial,2.6519,57.6519,45,,official,territorial_fire_7_8_high_9_10_very_high,false
080425,Cànoves i Samalús,41,Vallès Oriental,2024,,,,,,,24.374177,13.131313,50.636803,61.0855,,true,true,,70,derived,gencat_fire_hazard_2024,,2026-08-21T20:09:22Z,0.2.0,missing_dependency,Flood and built-up exposure are pending; interval reflects only fire's 45% weight.,partial,27.4885,82.4885,45,,official,territorial_fire_7_8_high_9_10_very_high,false
080431,Canyelles,17,Garraf,2024,,,,,,,21.399177,5.864198,33.127572,75.0435,,true,true,,70,derived,gencat_fire_hazard_2024,,2026-08-21T20:09:22Z,0.2.0,missing_dependency,Flood and built-up exposure are pending; interval reflects only fire's 45% weight.,partial,33.7696,88.7696,45,,official,territorial_fire_7_8_high_9_10_very_high,false
080446,Capellades,06,Anoia,2024,,,,,,,42.021277,36.702128,115.425532,9.4375,,true,true,,70,derived,gencat_fire_hazard_2024,,2026-08-21T20:09:22Z,0.2.0,missing_dependency,Flood and built-up exposure are pending; interval reflects only fire's 45% weight.,partial,4.2469,59.2469,45,,official,territorial_fire_7_8_high_9_10_very_high,false
080459,Capolat,14,Berguedà,2024,,,,,,,29.722047,3.063803,35.849653,72.8735,,true,true,,70,derived,gencat_fire_hazard_2024,,2026-08-21T20:09:22Z,0.2.0,missing_dependency,Flood and built-up exposure are pending; interval reflects only fire's 45% weight.,partial,32.7931,87.7931,45,,official,territorial_fire_7_8_high_9_10_very_high,false
080462,Cardedeu,41,Vallès Oriental,2024,,,,,,,34.137931,30,94.137931,26.4075,,true,true,,70,derived,gencat_fire_hazard_2024,,2026-08-21T20:09:22Z,0.2.0,missing_dependency,Flood and built-up exposure are pending; interval reflects only fire's 45% weight.,partial,11.8834,66.8834,45,,official,territorial_fire_7_8_high_9_10_very_high,false
080478,Cardona,07,Bages,2024,,,,,,,38.255349,34.187632,106.630614,16.4486,,true,true,,70,derived,gencat_fire_hazard_2024,,2026-08-21T20:09:22Z,0.2.0,missing_dependency,Flood and built-up exposure are pending; interval reflects only fire's 45% weight.,partial,7.4019,62.4019,45,,official,territorial_fire_7_8_high_9_10_very_high,false
080484,Carme,06,Anoia,2024,,,,,,,42.629482,41.434263,125.498008,1.408,,true,true,,70,derived,gencat_fire_hazard_2024,,2026-08-21T20:09:22Z,0.2.0,missing_dependency,Flood and built-up exposure are pending; interval reflects only fire's 45% weight.,partial,0.6336,55.6336,45,,official,territorial_fire_7_8_high_9_10_very_high,false
080497,Casserres,14,Berguedà,2024,,,,,,,16.912198,5.067767,27.047731,79.8902,,true,true,,70,derived,gencat_fire_hazard_2024,,2026-08-21T20:09:22Z,0.2.0,missing_dependency,Flood and built-up exposure are pending; interval reflects only fire's 45% weight.,partial,35.9506,90.9506,45,,official,territorial_fire_7_8_high_9_10_very_high,false
080500,Castellar del Riu,14,Berguedà,2024,,,,,,,15.489467,0.836431,17.16233,87.7706,,true,true,,70,derived,gencat_fire_hazard_2024,,2026-08-21T20:09:22Z,0.2.0,missing_dependency,Flood and built-up exposure are pending; interval reflects only fire's 45% weight.,partial,39.4968,94.4968,45,,official,territorial_fire_7_8_high_9_10_very_high,false
080517,Castellar del Vallès,40,Vallès Occidental,2024,,,,,,,34.65037,21.290506,77.231381,39.885,,true,true,,70,derived,gencat_fire_hazard_2024,,2026-08-21T20:09:22Z,0.2.0,missing_dependency,Flood and built-up exposure are pending; interval reflects only fire's 45% weight.,partial,17.9482,72.9483,45,,official,territorial_fire_7_8_high_9_10_very_high,false
080522,Castellar de n'Hug,14,Berguedà,2024,,,,,,,9.956989,1.612903,13.182796,90.943,,true,true,,70,derived,gencat_fire_hazard_2024,,2026-08-21T20:09:22Z,0.2.0,missing_dependency,Flood and built-up exposure are pending; interval reflects only fire's 45% weight.,partial,40.9243,95.9244,45,,official,territorial_fire_7_8_high_9_10_very_high,false
080538,Castellbell i el Vilar,07,Bages,2024,,,,,,,36.660777,9.05477,54.770318,57.7904,,true,true,,70,derived,gencat_fire_hazard_2024,,2026-08-21T20:09:22Z,0.2.0,missing_dependency,Flood and built-up exposure are pending; interval reflects only fire's 45% weight.,partial,26.0057,81.0057,45,,official,territorial_fire_7_8_high_9_10_very_high,false
080543,Castellbisbal,40,Vallès Occidental,2024,,,,,,,33.483653,15.276212,64.036077,50.4039,,true,true,,70,derived,gencat_fire_hazard_2024,,2026-08-21T20:09:22Z,0.2.0,missing_dependency,Flood and built-up exposure are pending; interval reflects only fire's 45% weight.,partial,22.6818,77.6818,45,,official,territorial_fire_7_8_high_9_10_very_high,false
080556,Castellcir,42,Moianès,2024,,,,,,,22.38806,1.56038,25.50882,81.1169,,true,true,,70,derived,gencat_fire_hazard_2024,,2026-08-21T20:09:22Z,0.2.0,missing_dependency,Flood and built-up exposure are pending; interval reflects only fire's 45% weight.,partial,36.5026,91.5026,45,,official,territorial_fire_7_8_high_9_10_very_high,false
080569,Castelldefels,11,Baix Llobregat,2024,,,,,,,18.14059,8.843537,35.827664,72.891,,true,true,,70,derived,gencat_fire_hazard_2024,,2026-08-21T20:09:22Z,0.2.0,missing_dependency,Flood and built-up exposure are pending; interval reflects only fire's 45% weight.,partial,32.801,87.801,45,,official,territorial_fire_7_8_high_9_10_very_high,false
080575,Castell de l'Areny,14,Berguedà,2024,,,,,,,18.959108,4.626188,28.211483,78.9624,,true,true,,70,derived,gencat_fire_hazard_2024,,2026-08-21T20:09:22Z,0.2.0,missing_dependency,Flood and built-up exposure are pending; interval reflects only fire's 45% weight.,partial,35.5331,90.5331,45,,official,territorial_fire_7_8_high_9_10_very_high,false
080581,Castellet i la Gornal,03,Alt Penedès,2024,,,,,,,27.129338,12.578864,52.287066,59.77,,true,true,,70,derived,gencat_fire_hazard_2024,,2026-08-21T20:09:22Z,0.2.0,missing_dependency,Flood and built-up exposure are pending; interval reflects only fire's 45% weight.,partial,26.8965,81.8965,45,,official,territorial_fire_7_8_high_9_10_very_high,false
080594,Castellfollit del Boix,07,Bages,2024,,,,,,,36.232547,4.898146,46.02884,64.7589,,true,true,,70,derived,gencat_fire_hazard_2024,,2026-08-21T20:09:22Z,0.2.0,missing_dependency,Flood and built-up exposure are pending; interval reflects only fire's 45% weight.,partial,29.1415,84.1415,45,,official,territorial_fire_7_8_high_9_10_very_high,false
080608,Castellfollit de Riubregós,06,Anoia,2024,,,,,,,56.726457,12.331839,81.390135,36.5697,,true,true,,70,derived,gencat_fire_hazard_2024,,2026-08-21T20:09:22Z,0.2.0,missing_dependency,Flood and built-up exposure are pending; interval reflects only fire's 45% weight.,partial,16.4564,71.4564,45,,official,territorial_fire_7_8_high_9_10_very_high,false
080615,Castellgalí,07,Bages,2024,,,,,,,45.469659,17.788861,81.047382,36.8429,,true,true,,70,derived,gencat_fire_hazard_2024,,2026-08-21T20:09:22Z,0.2.0,missing_dependency,Flood and built-up exposure are pending; interval reflects only fire's 45% weight.,partial,16.5793,71.5793,45,,official,territorial_fire_7_8_high_9_10_very_high,false
080620,Castellnou de Bages,07,Bages,2024,,,,,,,35.758377,27.954145,91.666667,28.3775,,true,true,,70,derived,gencat_fire_hazard_2024,,2026-08-21T20:09:22Z,0.2.0,missing_dependency,Flood and built-up exposure are pending; interval reflects only fire's 45% weight.,partial,12.7699,67.7699,45,,official,territorial_fire_7_8_high_9_10_very_high,false
080636,Castellolí,06,Anoia,2024,,,,,,,45.780051,19.897698,85.575448,33.2333,,true,true,,70,derived,gencat_fire_hazard_2024,,2026-08-21T20:09:22Z,0.2.0,missing_dependency,Flood and built-up exposure are pending; interval reflects only fire's 45% weight.,partial,14.955,69.955,45,,official,territorial_fire_7_8_high_9_10_very_high,false
080641,Castellterçol,42,Moianès,2024,,,,,,,20.841228,1.856764,24.554756,81.8775,,true,true,,70,derived,gencat_fire_hazard_2024,,2026-08-21T20:09:22Z,0.2.0,missing_dependency,Flood and built-up exposure are pending; interval reflects only fire's 45% weight.,partial,36.8449,91.8449,45,,official,territorial_fire_7_8_high_9_10_very_high,false
080654,Castellví de la Marca,03,Alt Penedès,2024,,,,,,,30.804077,10.758777,52.321631,59.7424,,true,true,,70,derived,gencat_fire_hazard_2024,,2026-08-21T20:09:22Z,0.2.0,missing_dependency,Flood and built-up exposure are pending; interval reflects only fire's 45% weight.,partial,26.8841,81.8841,45,,official,territorial_fire_7_8_high_9_10_very_high,false
080667,Castellví de Rosanes,11,Baix Llobregat,2024,,,,,,,47.259259,17.037037,81.333333,36.615,,true,true,,70,derived,gencat_fire_hazard_2024,,2026-08-21T20:09:22Z,0.2.0,missing_dependency,Flood and built-up exposure are pending; interval reflects only fire's 45% weight.,partial,16.4768,71.4768,45,,official,territorial_fire_7_8_high_9_10_very_high,false
080673,Centelles,24,Osona,2024,,,,,,,22.098765,3.333333,28.765432,78.5208,,true,true,,70,derived,gencat_fire_hazard_2024,,2026-08-21T20:09:22Z,0.2.0,missing_dependency,Flood and built-up exposure are pending; interval reflects only fire's 45% weight.,partial,35.3344,90.3344,45,,official,territorial_fire_7_8_high_9_10_very_high,false
080689,Cervelló,11,Baix Llobregat,2024,,,,,,,31.724138,18.355438,68.435013,46.8972,,true,true,,70,derived,gencat_fire_hazard_2024,,2026-08-21T20:09:22Z,0.2.0,missing_dependency,Flood and built-up exposure are pending; interval reflects only fire's 45% weight.,partial,21.1037,76.1037,45,,official,territorial_fire_7_8_high_9_10_very_high,false
080692,Collbató,11,Baix Llobregat,2024,,,,,,,10.599415,2.631579,15.862573,88.8067,,true,true,,70,derived,gencat_fire_hazard_2024,,2026-08-21T20:09:22Z,0.2.0,missing_dependency,Flood and built-up exposure are pending; interval reflects only fire's 45% weight.,partial,39.963,94.963,45,,official,territorial_fire_7_8_high_9_10_very_high,false
080706,Collsuspina,42,Moianès,2024,,,,,,,9.567617,0.827967,11.223551,92.5048,,true,true,,70,derived,gencat_fire_hazard_2024,,2026-08-21T20:09:22Z,0.2.0,missing_dependency,Flood and built-up exposure are pending; interval reflects only fire's 45% weight.,partial,41.6272,96.6272,45,,official,territorial_fire_7_8_high_9_10_very_high,false
080713,Copons,06,Anoia,2024,,,,,,,66.134454,10.084034,86.302521,32.6537,,true,true,,70,derived,gencat_fire_hazard_2024,,2026-08-21T20:09:22Z,0.2.0,missing_dependency,Flood and built-up exposure are pending; interval reflects only fire's 45% weight.,partial,14.6942,69.6942,45,,official,territorial_fire_7_8_high_9_10_very_high,false
080728,Corbera de Llobregat,11,Baix Llobregat,2024,,,,,,,35.260116,24.525186,84.310487,34.2417,,true,true,,70,derived,gencat_fire_hazard_2024,,2026-08-21T20:09:22Z,0.2.0,missing_dependency,Flood and built-up exposure are pending; interval reflects only fire's 45% weight.,partial,15.4088,70.4088,45,,official,territorial_fire_7_8_high_9_10_very_high,false
080734,Cornellà de Llobregat,11,Baix Llobregat,2024,,,,,,,0,0,0,100,,false,false,,70,derived,gencat_fire_hazard_2024,,2026-08-21T20:09:22Z,0.2.0,missing_dependency,Flood and built-up exposure are pending; interval reflects only fire's 45% weight.,partial,45,100,45,,official,territorial_fire_7_8_high_9_10_very_high,false
080749,Cubelles,17,Garraf,2024,,,,,,,22.54902,13.235294,49.019608,62.3747,,true,true,,70,derived,gencat_fire_hazard_2024,,2026-08-21T20:09:22Z,0.2.0,missing_dependency,Flood and built-up exposure are pending; interval reflects only fire's 45% weight.,partial,28.0686,83.0686,45,,official,territorial_fire_7_8_high_9_10_very_high,false
080752,Dosrius,21,Maresme,2024,,,,,,,35.880213,37.811363,111.502939,12.5645,,true,true,,70,derived,gencat_fire_hazard_2024,,2026-08-21T20:09:22Z,0.2.0,missing_dependency,Flood and built-up exposure are pending; interval reflects only fire's 45% weight.,partial,5.654,60.654,45,,official,territorial_fire_7_8_high_9_10_very_high,false
080765,Esparreguera,11,Baix Llobregat,2024,,,,,,,21.371882,15.646259,52.664399,59.4692,,true,true,,70,derived,gencat_fire_hazard_2024,,2026-08-21T20:09:22Z,0.2.0,missing_dependency,Flood and built-up exposure are pending; interval reflects only fire's 45% weight.,partial,26.7611,81.7611,45,,official,territorial_fire_7_8_high_9_10_very_high,false
080771,Esplugues de Llobregat,11,Baix Llobregat,2024,,,,,,,35.211268,4.225352,43.661972,66.6457,,true,true,,70,derived,gencat_fire_hazard_2024,,2026-08-21T20:09:22Z,0.2.0,missing_dependency,Flood and built-up exposure are pending; interval reflects only fire's 45% weight.,partial,29.9906,84.9906,45,,official,territorial_fire_7_8_high_9_10_very_high,false
080787,l'Espunyola,14,Berguedà,2024,,,,,,,44.904722,9.196355,63.297432,50.9928,,true,true,,70,derived,gencat_fire_hazard_2024,,2026-08-21T20:09:22Z,0.2.0,missing_dependency,Flood and built-up exposure are pending; interval reflects only fire's 45% weight.,partial,22.9468,77.9468,45,,official,territorial_fire_7_8_high_9_10_very_high,false
080790,l'Estany,42,Moianès,2024,,,,,,,31.12426,5.91716,42.95858,67.2064,,true,true,,70,derived,gencat_fire_hazard_2024,,2026-08-21T20:09:22Z,0.2.0,missing_dependency,Flood and built-up exposure are pending; interval reflects only fire's 45% weight.,partial,30.2429,85.2429,45,,official,territorial_fire_7_8_high_9_10_very_high,false
080804,Fígols,14,Berguedà,2024,,,,,,,3.678001,0.728661,5.135323,97.3582,,true,true,,70,derived,gencat_fire_hazard_2024,,2026-08-21T20:09:22Z,0.2.0,missing_dependency,Flood and built-up exposure are pending; interval reflects only fire's 45% weight.,partial,43.8112,98.8112,45,,official,territorial_fire_7_8_high_9_10_very_high,false
080811,Fogars de Montclús,41,Vallès Oriental,2024,,,,,,,27.559884,13.187681,53.935246,58.4561,,true,true,,70,derived,gencat_fire_hazard_2024,,2026-08-21T20:09:22Z,0.2.0,missing_dependency,Flood and built-up exposure are pending; interval reflects only fire's 45% weight.,partial,26.3052,81.3052,45,,official,territorial_fire_7_8_high_9_10_very_high,false
080826,Fogars de la Selva,34,Selva,2024,,,,,,,43.687589,13.552068,70.791726,45.0185,,true,true,,70,derived,gencat_fire_hazard_2024,,2026-08-21T20:09:22Z,0.2.0,missing_dependency,Flood and built-up exposure are pending; interval reflects only fire's 45% weight.,partial,20.2583,75.2583,45,,official,territorial_fire_7_8_high_9_10_very_high,false
080832,Folgueroles,24,Osona,2024,,,,,,,27.352941,0.294118,27.941176,79.1779,,true,true,,70,derived,gencat_fire_hazard_2024,,2026-08-21T20:09:22Z,0.2.0,missing_dependency,Flood and built-up exposure are pending; interval reflects only fire's 45% weight.,partial,35.6301,90.6301,45,,official,territorial_fire_7_8_high_9_10_very_high,false
080847,Fonollosa,07,Bages,2024,,,,,,,41.559278,21.23067,84.020619,34.4728,,true,true,,70,derived,gencat_fire_hazard_2024,,2026-08-21T20:09:22Z,0.2.0,missing_dependency,Flood and built-up exposure are pending; interval reflects only fire's 45% weight.,partial,15.5128,70.5128,45,,official,territorial_fire_7_8_high_9_10_very_high,false
080850,Font-rubí,03,Alt Penedès,2024,,,,,,,34.482759,37.394636,109.272031,14.3429,,true,true,,70,derived,gencat_fire_hazard_2024,,2026-08-21T20:09:22Z,0.2.0,missing_dependency,Flood and built-up exposure are pending; interval reflects only fire's 45% weight.,partial,6.4543,61.4543,45,,official,territorial_fire_7_8_high_9_10_very_high,false
080863,les Franqueses del Vallès,41,Vallès Oriental,2024,,,,,,,28.832952,42.562929,113.95881,10.6068,,true,true,,70,derived,gencat_fire_hazard_2024,,2026-08-21T20:09:22Z,0.2.0,missing_dependency,Flood and built-up exposure are pending; interval reflects only fire's 45% weight.,partial,4.7731,59.7731,45,,official,territorial_fire_7_8_high_9_10_very_high,false
080879,Gallifa,40,Vallès Occidental,2024,,,,,,,25.836066,5.57377,36.983607,71.9695,,true,true,,70,derived,gencat_fire_hazard_2024,,2026-08-21T20:09:22Z,0.2.0,missing_dependency,Flood and built-up exposure are pending; interval reflects only fire's 45% weight.,partial,32.3863,87.3863,45,,official,territorial_fire_7_8_high_9_10_very_high,false
080885,la Garriga,41,Vallès Oriental,2024,,,,,,,30.629139,25.165563,80.960265,36.9124,,true,true,,70,derived,gencat_fire_hazard_2024,,2026-08-21T20:09:22Z,0.2.0,missing_dependency,Flood and built-up exposure are pending; interval reflects only fire's 45% weight.,partial,16.6106,71.6106,45,,official,territorial_fire_7_8_high_9_10_very_high,false
080898,Gavà,11,Baix Llobregat,2024,,,,,,,15.594203,12,39.594203,69.8884,,true,true,,70,derived,gencat_fire_hazard_2024,,2026-08-21T20:09:22Z,0.2.0,missing_dependency,Flood and built-up exposure are pending; interval reflects only fire's 45% weight.,partial,31.4498,86.4498,45,,official,territorial_fire_7_8_high_9_10_very_high,false
080902,Gaià,07,Bages,2024,,,,,,,49.120642,26.905276,102.931194,19.3977,,true,true,,70,derived,gencat_fire_hazard_2024,,2026-08-21T20:09:22Z,0.2.0,missing_dependency,Flood and built-up exposure are pending; interval reflects only fire's 45% weight.,partial,8.729,63.729,45,,official,territorial_fire_7_8_high_9_10_very_high,false
080919,Gelida,03,Alt Penedès,2024,,,,,,,31.284916,13.594041,58.472998,54.8387,,true,true,,70,derived,gencat_fire_hazard_2024,,2026-08-21T20:09:22Z,0.2.0,missing_dependency,Flood and built-up exposure are pending; interval reflects only fire's 45% weight.,partial,24.6774,79.6774,45,,official,territorial_fire_7_8_high_9_10_very_high,false
080924,Gironella,14,Berguedà,2024,,,,,,,23.00885,4.424779,31.858407,76.0552,,true,true,,70,derived,gencat_fire_hazard_2024,,2026-08-21T20:09:22Z,0.2.0,missing_dependency,Flood and built-up exposure are pending; interval reflects only fire's 45% weight.,partial,34.2248,89.2248,45,,official,territorial_fire_7_8_high_9_10_very_high,false
080930,Gisclareny,14,Berguedà,2024,,,,,,,7.026144,0.190632,7.407407,95.547,,true,true,,70,derived,gencat_fire_hazard_2024,,2026-08-21T20:09:22Z,0.2.0,missing_dependency,Flood and built-up exposure are pending; interval reflects only fire's 45% weight.,partial,42.9962,97.9962,45,,official,territorial_fire_7_8_high_9_10_very_high,false
080945,la Granada,03,Alt Penedès,2024,,,,,,,13.793103,0,13.793103,90.4564,,false,false,,70,derived,gencat_fire_hazard_2024,,2026-08-21T20:09:22Z,0.2.0,missing_dependency,Flood and built-up exposure are pending; interval reflects only fire's 45% weight.,partial,40.7054,95.7054,45,,official,territorial_fire_7_8_high_9_10_very_high,false
080958,Granera,42,Moianès,2024,,,,,,,9.634255,0.44603,10.526316,93.0606,,true,true,,70,derived,gencat_fire_hazard_2024,,2026-08-21T20:09:22Z,0.2.0,missing_dependency,Flood and built-up exposure are pending; interval reflects only fire's 45% weight.,partial,41.8773,96.8773,45,,official,territorial_fire_7_8_high_9_10_very_high,false
080961,Granollers,41,Vallès Oriental,2024,,,,,,,12.755102,5.102041,22.959184,83.1495,,true,true,,70,derived,gencat_fire_hazard_2024,,2026-08-21T20:09:22Z,0.2.0,missing_dependency,Flood and built-up exposure are pending; interval reflects only fire's 45% weight.,partial,37.4173,92.4173,45,,official,territorial_fire_7_8_high_9_10_very_high,false
080977,Gualba,41,Vallès Oriental,2024,,,,,,,32.692308,20.528846,73.75,42.6602,,true,true,,70,derived,gencat_fire_hazard_2024,,2026-08-21T20:09:22Z,0.2.0,missing_dependency,Flood and built-up exposure are pending; interval reflects only fire's 45% weight.,partial,19.1971,74.1971,45,,official,territorial_fire_7_8_high_9_10_very_high,false
080983,Sant Salvador de Guardiola,07,Bages,2024,,,,,,,46.918418,12.219451,71.357321,44.5676,,true,true,,70,derived,gencat_fire_hazard_2024,,2026-08-21T20:09:22Z,0.2.0,missing_dependency,Flood and built-up exposure are pending; interval reflects only fire's 45% weight.,partial,20.0554,75.0554,45,,official,territorial_fire_7_8_high_9_10_very_high,false
080996,Guardiola de Berguedà,14,Berguedà,2024,,,,,,,9.869522,1.120776,12.111074,91.7973,,true,true,,70,derived,gencat_fire_hazard_2024,,2026-08-21T20:09:22Z,0.2.0,missing_dependency,Flood and built-up exposure are pending; interval reflects only fire's 45% weight.,partial,41.3088,96.3088,45,,official,territorial_fire_7_8_high_9_10_very_high,false
081000,Gurb,24,Osona,2024,,,,,,,26.990486,8.612919,44.216324,66.2038,,true,true,,70,derived,gencat_fire_hazard_2024,,2026-08-21T20:09:22Z,0.2.0,missing_dependency,Flood and built-up exposure are pending; interval reflects only fire's 45% weight.,partial,29.7917,84.7917,45,,official,territorial_fire_7_8_high_9_10_very_high,false
081017,l'Hospitalet de Llobregat,13,Barcelonès,2024,,,,,,,0,0,0,100,,false,false,,70,derived,gencat_fire_hazard_2024,,2026-08-21T20:09:22Z,0.2.0,missing_dependency,Flood and built-up exposure are pending; interval reflects only fire's 45% weight.,partial,45,100,45,,official,territorial_fire_7_8_high_9_10_very_high,false
081022,Igualada,06,Anoia,2024,,,,,,,44.516129,7.096774,58.709677,54.65,,true,true,,70,derived,gencat_fire_hazard_2024,,2026-08-21T20:09:22Z,0.2.0,missing_dependency,Flood and built-up exposure are pending; interval reflects only fire's 45% weight.,partial,24.5925,79.5925,45,,official,territorial_fire_7_8_high_9_10_very_high,false
081038,Jorba,06,Anoia,2024,,,,,,,57.78003,24.125697,106.031424,16.9263,,true,true,,70,derived,gencat_fire_hazard_2024,,2026-08-21T20:09:22Z,0.2.0,missing_dependency,Flood and built-up exposure are pending; interval reflects only fire's 45% weight.,partial,7.6168,62.6168,45,,official,territorial_fire_7_8_high_9_10_very_high,false
081043,la Llacuna,06,Anoia,2024,,,,,,,46.316878,26.621866,99.56061,22.0846,,true,true,,70,derived,gencat_fire_hazard_2024,,2026-08-21T20:09:22Z,0.2.0,missing_dependency,Flood and built-up exposure are pending; interval reflects only fire's 45% weight.,partial,9.9381,64.9381,45,,official,territorial_fire_7_8_high_9_10_very_high,false
081056,la Llagosta,41,Vallès Oriental,2024,,,,,,,20.512821,7.692308,35.897436,72.8354,,true,true,,70,derived,gencat_fire_hazard_2024,,2026-08-21T20:09:22Z,0.2.0,missing_dependency,Flood and built-up exposure are pending; interval reflects only fire's 45% weight.,partial,32.7759,87.7759,45,,official,territorial_fire_7_8_high_9_10_very_high,false
081069,Llinars del Vallès,41,Vallès Oriental,2024,,,,,,,37.334865,39.058013,115.45089,9.4173,,true,true,,70,derived,gencat_fire_hazard_2024,,2026-08-21T20:09:22Z,0.2.0,missing_dependency,Flood and built-up exposure are pending; interval reflects only fire's 45% weight.,partial,4.2378,59.2378,45,,official,territorial_fire_7_8_high_9_10_very_high,false
081075,Lliçà d'Amunt,41,Vallès Oriental,2024,,,,,,,18.170103,50.773196,119.716495,6.0169,,true,true,,70,derived,gencat_fire_hazard_2024,,2026-08-21T20:09:22Z,0.2.0,missing_dependency,Flood and built-up exposure are pending; interval reflects only fire's 45% weight.,partial,2.7076,57.7076,45,,official,territorial_fire_7_8_high_9_10_very_high,false
081081,Lliçà de Vall,41,Vallès Oriental,2024,,,,,,,27.2,34.4,96,24.9231,,true,true,,70,derived,gencat_fire_hazard_2024,,2026-08-21T20:09:22Z,0.2.0,missing_dependency,Flood and built-up exposure are pending; interval reflects only fire's 45% weight.,partial,11.2154,66.2154,45,,official,territorial_fire_7_8_high_9_10_very_high,false
081094,Lluçà,43,Lluçanès,2024,,,,,,,42.571104,4.527873,51.626849,60.2963,,true,true,,70,derived,gencat_fire_hazard_2024,,2026-08-21T20:09:22Z,0.2.0,missing_dependency,Flood and built-up exposure are pending; interval reflects only fire's 45% weight.,partial,27.1333,82.1333,45,,official,territorial_fire_7_8_high_9_10_very_high,false
081108,Malgrat de Mar,21,Maresme,2024,,,,,,,23.039216,3.921569,30.882353,76.8333,,true,true,,70,derived,gencat_fire_hazard_2024,,2026-08-21T20:09:22Z,0.2.0,missing_dependency,Flood and built-up exposure are pending; interval reflects only fire's 45% weight.,partial,34.575,89.575,45,,official,territorial_fire_7_8_high_9_10_very_high,false
081115,Malla,24,Osona,2024,,,,,,,21.238938,1.327434,23.893805,82.4044,,true,true,,70,derived,gencat_fire_hazard_2024,,2026-08-21T20:09:22Z,0.2.0,missing_dependency,Flood and built-up exposure are pending; interval reflects only fire's 45% weight.,partial,37.082,92.082,45,,official,territorial_fire_7_8_high_9_10_very_high,false
081120,Manlleu,24,Osona,2024,,,,,,,1.290323,0,1.290323,100,,false,false,,70,derived,gencat_fire_hazard_2024,,2026-08-21T20:09:22Z,0.2.0,missing_dependency,Flood and built-up exposure are pending; interval reflects only fire's 45% weight.,partial,45,100,45,,official,territorial_fire_7_8_high_9_10_very_high,false
081136,Manresa,07,Bages,2024,,,,,,,29.591837,20.879121,71.350078,44.5734,,true,true,,70,derived,gencat_fire_hazard_2024,,2026-08-21T20:09:22Z,0.2.0,missing_dependency,Flood and built-up exposure are pending; interval reflects only fire's 45% weight.,partial,20.058,75.058,45,,official,territorial_fire_7_8_high_9_10_very_high,false
081141,Martorell,11,Baix Llobregat,2024,,,,,,,34.490741,17.824074,70.138889,45.5389,,true,true,,70,derived,gencat_fire_hazard_2024,,2026-08-21T20:09:22Z,0.2.0,missing_dependency,Flood and built-up exposure are pending; interval reflects only fire's 45% weight.,partial,20.4925,75.4925,45,,official,territorial_fire_7_8_high_9_10_very_high,false
081154,Martorelles,41,Vallès Oriental,2024,,,,,,,42.741935,18.548387,79.83871,37.8065,,true,true,,70,derived,gencat_fire_hazard_2024,,2026-08-21T20:09:22Z,0.2.0,missing_dependency,Flood and built-up exposure are pending; interval reflects only fire's 45% weight.,partial,17.0129,72.0129,45,,official,territorial_fire_7_8_high_9_10_very_high,false
081167,les Masies de Roda,24,Osona,2024,,,,,,,13.185654,1.793249,16.772152,88.0816,,true,true,,70,derived,gencat_fire_hazard_2024,,2026-08-21T20:09:22Z,0.2.0,missing_dependency,Flood and built-up exposure are pending; interval reflects only fire's 45% weight.,partial,39.6367,94.6367,45,,official,territorial_fire_7_8_high_9_10_very_high,false
081173,les Masies de Voltregà,24,Osona,2024,,,,,,,13.494191,1.340483,16.175156,88.5575,,true,true,,70,derived,gencat_fire_hazard_2024,,2026-08-21T20:09:22Z,0.2.0,missing_dependency,Flood and built-up exposure are pending; interval reflects only fire's 45% weight.,partial,39.8509,94.8509,45,,official,territorial_fire_7_8_high_9_10_very_high,false
081189,el Masnou,21,Maresme,2024,,,,,,,0,0,0,100,,false,false,,70,derived,gencat_fire_hazard_2024,,2026-08-21T20:09:22Z,0.2.0,missing_dependency,Flood and built-up exposure are pending; interval reflects only fire's 45% weight.,partial,45,100,45,,official,territorial_fire_7_8_high_9_10_very_high,false
081192,Masquefa,06,Anoia,2024,,,,,,,37.446809,32.624113,102.695035,19.586,,true,true,,70,derived,gencat_fire_hazard_2024,,2026-08-21T20:09:22Z,0.2.0,missing_dependency,Flood and built-up exposure are pending; interval reflects only fire's 45% weight.,partial,8.8137,63.8137,45,,official,territorial_fire_7_8_high_9_10_very_high,false
081206,Matadepera,40,Vallès Occidental,2024,,,,,,,28.117359,10.171149,48.459658,62.8211,,true,true,,70,derived,gencat_fire_hazard_2024,,2026-08-21T20:09:22Z,0.2.0,missing_dependency,Flood and built-up exposure are pending; interval reflects only fire's 45% weight.,partial,28.2695,83.2695,45,,official,territorial_fire_7_8_high_9_10_very_high,false
081213,Mataró,21,Maresme,2024,,,,,,,23.948598,24.883178,73.714953,42.6882,,true,true,,70,derived,gencat_fire_hazard_2024,,2026-08-21T20:09:22Z,0.2.0,missing_dependency,Flood and built-up exposure are pending; interval reflects only fire's 45% weight.,partial,19.2097,74.2097,45,,official,territorial_fire_7_8_high_9_10_very_high,false
081228,Mediona,03,Alt Penedès,2024,,,,,,,34.96038,31.537242,98.034865,23.3009,,true,true,,70,derived,gencat_fire_hazard_2024,,2026-08-21T20:09:22Z,0.2.0,missing_dependency,Flood and built-up exposure are pending; interval reflects only fire's 45% weight.,partial,10.4854,65.4854,45,,official,territorial_fire_7_8_high_9_10_very_high,false
081234,Molins de Rei,11,Baix Llobregat,2024,,,,,,,41.209302,44.465116,130.139535,0,,true,true,,70,derived,gencat_fire_hazard_2024,,2026-08-21T20:09:22Z,0.2.0,missing_dependency,Flood and built-up exposure are pending; interval reflects only fire's 45% weight.,partial,0,55,45,,official,territorial_fire_7_8_high_9_10_very_high,false
081249,Mollet del Vallès,41,Vallès Oriental,2024,,,,,,,17.525773,38.14433,93.814433,26.6654,,true,true,,70,derived,gencat_fire_hazard_2024,,2026-08-21T20:09:22Z,0.2.0,missing_dependency,Flood and built-up exposure are pending; interval reflects only fire's 45% weight.,partial,11.9994,66.9994,45,,official,territorial_fire_7_8_high_9_10_very_high,false
081252,Montcada i Reixac,40,Vallès Occidental,2024,,,,,,,32.497979,21.422797,75.343573,41.3899,,true,true,,70,derived,gencat_fire_hazard_2024,,2026-08-21T20:09:22Z,0.2.0,missing_dependency,Flood and built-up exposure are pending; interval reflects only fire's 45% weight.,partial,18.6255,73.6255,45,,official,territorial_fire_7_8_high_9_10_very_high,false
081265,Montgat,21,Maresme,2024,,,,,,,1.234568,0,1.234568,100,,false,false,,70,derived,gencat_fire_hazard_2024,,2026-08-21T20:09:22Z,0.2.0,missing_dependency,Flood and built-up exposure are pending; interval reflects only fire's 45% weight.,partial,45,100,45,,official,territorial_fire_7_8_high_9_10_very_high,false
081271,Monistrol de Montserrat,07,Bages,2024,,,,,,,15.02947,0.491159,16.011788,88.6877,,true,true,,70,derived,gencat_fire_hazard_2024,,2026-08-21T20:09:22Z,0.2.0,missing_dependency,Flood and built-up exposure are pending; interval reflects only fire's 45% weight.,partial,39.9095,94.9095,45,,official,territorial_fire_7_8_high_9_10_very_high,false
081287,Monistrol de Calders,42,Moianès,2024,,,,,,,17.12494,2.315485,21.755909,84.1087,,true,true,,70,derived,gencat_fire_hazard_2024,,2026-08-21T20:09:22Z,0.2.0,missing_dependency,Flood and built-up exposure are pending; interval reflects only fire's 45% weight.,partial,37.8489,92.8489,45,,official,territorial_fire_7_8_high_9_10_very_high,false
081290,Muntanyola,24,Osona,2024,,,,,,,24.832019,11.276658,47.385335,63.6775,,true,true,,70,derived,gencat_fire_hazard_2024,,2026-08-21T20:09:22Z,0.2.0,missing_dependency,Flood and built-up exposure are pending; interval reflects only fire's 45% weight.,partial,28.6549,83.6549,45,,official,territorial_fire_7_8_high_9_10_very_high,false
081304,Montclar,14,Berguedà,2024,,,,,,,20.207612,3.391003,26.989619,79.9365,,true,true,,70,derived,gencat_fire_hazard_2024,,2026-08-21T20:09:22Z,0.2.0,missing_dependency,Flood and built-up exposure are pending; interval reflects only fire's 45% weight.,partial,35.9714,90.9714,45,,official,territorial_fire_7_8_high_9_10_very_high,false
081311,Montesquiu,24,Osona,2024,,,,,,,28.15534,4.61165,37.378641,71.6546,,true,true,,70,derived,gencat_fire_hazard_2024,,2026-08-21T20:09:22Z,0.2.0,missing_dependency,Flood and built-up exposure are pending; interval reflects only fire's 45% weight.,partial,32.2446,87.2446,45,,official,territorial_fire_7_8_high_9_10_very_high,false
081326,Montmajor,14,Berguedà,2024,,,,,,,28.34745,9.425122,47.197693,63.8271,,true,true,,70,derived,gencat_fire_hazard_2024,,2026-08-21T20:09:22Z,0.2.0,missing_dependency,Flood and built-up exposure are pending; interval reflects only fire's 45% weight.,partial,28.7222,83.7222,45,,official,territorial_fire_7_8_high_9_10_very_high,false
081332,Montmaneu,06,Anoia,2024,,,,,,,49.056604,26.415094,101.886792,20.2303,,true,true,,70,derived,gencat_fire_hazard_2024,,2026-08-21T20:09:22Z,0.2.0,missing_dependency,Flood and built-up exposure are pending; interval reflects only fire's 45% weight.,partial,9.1036,64.1036,45,,official,territorial_fire_7_8_high_9_10_very_high,false
081347,Figaró-Montmany,41,Vallès Oriental,2024,,,,,,,10.872675,2.86123,16.595136,88.2227,,true,true,,70,derived,gencat_fire_hazard_2024,,2026-08-21T20:09:22Z,0.2.0,missing_dependency,Flood and built-up exposure are pending; interval reflects only fire's 45% weight.,partial,39.7002,94.7002,45,,official,territorial_fire_7_8_high_9_10_very_high,false
081350,Montmeló,41,Vallès Oriental,2024,,,,,,,10.909091,5.454545,21.818182,84.059,,true,true,,70,derived,gencat_fire_hazard_2024,,2026-08-21T20:09:22Z,0.2.0,missing_dependency,Flood and built-up exposure are pending; interval reflects only fire's 45% weight.,partial,37.8265,92.8265,45,,official,territorial_fire_7_8_high_9_10_very_high,false
081363,Montornès del Vallès,41,Vallès Oriental,2024,,,,,,,37.073171,12.926829,62.926829,51.2882,,true,true,,70,derived,gencat_fire_hazard_2024,,2026-08-21T20:09:22Z,0.2.0,missing_dependency,Flood and built-up exposure are pending; interval reflects only fire's 45% weight.,partial,23.0797,78.0797,45,,official,territorial_fire_7_8_high_9_10_very_high,false
081379,Montseny,41,Vallès Oriental,2024,,,,,,,12.519501,6.279251,25.078003,81.4604,,true,true,,70,derived,gencat_fire_hazard_2024,,2026-08-21T20:09:22Z,0.2.0,missing_dependency,Flood and built-up exposure are pending; interval reflects only fire's 45% weight.,partial,36.6572,91.6572,45,,official,territorial_fire_7_8_high_9_10_very_high,false
081385,Moià,42,Moianès,2024,,,,,,,25.29304,3.754579,32.802198,75.3028,,true,true,,70,derived,gencat_fire_hazard_2024,,2026-08-21T20:09:22Z,0.2.0,missing_dependency,Flood and built-up exposure are pending; interval reflects only fire's 45% weight.,partial,33.8863,88.8863,45,,official,territorial_fire_7_8_high_9_10_very_high,false
081398,Mura,07,Bages,2024,,,,,,,8.231321,1.371887,10.975095,92.7029,,true,true,,70,derived,gencat_fire_hazard_2024,,2026-08-21T20:09:22Z,0.2.0,missing_dependency,Flood and built-up exposure are pending; interval reflects only fire's 45% weight.,partial,41.7163,96.7163,45,,official,territorial_fire_7_8_high_9_10_very_high,false
081402,Navarcles,07,Bages,2024,,,,,,,27.983539,29.62963,87.242798,31.9041,,true,true,,70,derived,gencat_fire_hazard_2024,,2026-08-21T20:09:22Z,0.2.0,missing_dependency,Flood and built-up exposure are pending; interval reflects only fire's 45% weight.,partial,14.3568,69.3568,45,,official,territorial_fire_7_8_high_9_10_very_high,false
081419,Navàs,07,Bages,2024,,,,,,,31.446835,22.154662,75.756158,41.061,,true,true,,70,derived,gencat_fire_hazard_2024,,2026-08-21T20:09:22Z,0.2.0,missing_dependency,Flood and built-up exposure are pending; interval reflects only fire's 45% weight.,partial,18.4775,73.4775,45,,official,territorial_fire_7_8_high_9_10_very_high,false
081424,la Nou de Berguedà,14,Berguedà,2024,,,,,,,20.6005,2.710592,26.021685,80.7081,,true,true,,70,derived,gencat_fire_hazard_2024,,2026-08-21T20:09:22Z,0.2.0,missing_dependency,Flood and built-up exposure are pending; interval reflects only fire's 45% weight.,partial,36.3186,91.3186,45,,official,territorial_fire_7_8_high_9_10_very_high,false
081430,Òdena,06,Anoia,2024,,,,,,,48.784376,11.319251,71.422878,44.5154,,true,true,,70,derived,gencat_fire_hazard_2024,,2026-08-21T20:09:22Z,0.2.0,missing_dependency,Flood and built-up exposure are pending; interval reflects only fire's 45% weight.,partial,20.0319,75.0319,45,,official,territorial_fire_7_8_high_9_10_very_high,false
081445,Olvan,14,Berguedà,2024,,,,,,,12.390671,2.113703,16.618076,88.2044,,true,true,,70,derived,gencat_fire_hazard_2024,,2026-08-21T20:09:22Z,0.2.0,missing_dependency,Flood and built-up exposure are pending; interval reflects only fire's 45% weight.,partial,39.692,94.692,45,,official,territorial_fire_7_8_high_9_10_very_high,false
081458,Olèrdola,03,Alt Penedès,2024,,,,,,,24.87715,4.545455,33.968059,74.3734,,true,true,,70,derived,gencat_fire_hazard_2024,,2026-08-21T20:09:22Z,0.2.0,missing_dependency,Flood and built-up exposure are pending; interval reflects only fire's 45% weight.,partial,33.468,88.468,45,,official,territorial_fire_7_8_high_9_10_very_high,false
081461,Olesa de Bonesvalls,03,Alt Penedès,2024,,,,,,,21.054532,5.055977,31.166486,76.6068,,true,true,,70,derived,gencat_fire_hazard_2024,,2026-08-21T20:09:22Z,0.2.0,missing_dependency,Flood and built-up exposure are pending; interval reflects only fire's 45% weight.,partial,34.4731,89.4731,45,,official,territorial_fire_7_8_high_9_10_very_high,false
081477,Olesa de Montserrat,11,Baix Llobregat,2024,,,,,,,26.033058,7.85124,41.735537,68.1814,,true,true,,70,derived,gencat_fire_hazard_2024,,2026-08-21T20:09:22Z,0.2.0,missing_dependency,Flood and built-up exposure are pending; interval reflects only fire's 45% weight.,partial,30.6816,85.6816,45,,official,territorial_fire_7_8_high_9_10_very_high,false
081483,Olivella,17,Garraf,2024,,,,,,,16.304663,5.907906,28.120475,79.035,,true,true,,70,derived,gencat_fire_hazard_2024,,2026-08-21T20:09:22Z,0.2.0,missing_dependency,Flood and built-up exposure are pending; interval reflects only fire's 45% weight.,partial,35.5658,90.5658,45,,official,territorial_fire_7_8_high_9_10_very_high,false
081496,Olost,43,Lluçanès,2024,,,,,,,41.094063,7.138092,55.370247,57.3121,,true,true,,70,derived,gencat_fire_hazard_2024,,2026-08-21T20:09:22Z,0.2.0,missing_dependency,Flood and built-up exposure are pending; interval reflects only fire's 45% weight.,partial,25.7904,80.7904,45,,official,territorial_fire_7_8_high_9_10_very_high,false
081509,Orís,24,Osona,2024,,,,,,,12.701335,0.782329,14.265992,90.0795,,true,true,,70,derived,gencat_fire_hazard_2024,,2026-08-21T20:09:22Z,0.2.0,missing_dependency,Flood and built-up exposure are pending; interval reflects only fire's 45% weight.,partial,40.5358,95.5358,45,,official,territorial_fire_7_8_high_9_10_very_high,false
081516,Oristà,43,Lluçanès,2024,,,,,,,52.626872,19.159401,90.945674,28.9523,,true,true,,70,derived,gencat_fire_hazard_2024,,2026-08-21T20:09:22Z,0.2.0,missing_dependency,Flood and built-up exposure are pending; interval reflects only fire's 45% weight.,partial,13.0285,68.0285,45,,official,territorial_fire_7_8_high_9_10_very_high,false
081521,Orpí,06,Anoia,2024,,,,,,,48.787062,10.062893,68.912848,46.5163,,true,true,,70,derived,gencat_fire_hazard_2024,,2026-08-21T20:09:22Z,0.2.0,missing_dependency,Flood and built-up exposure are pending; interval reflects only fire's 45% weight.,partial,20.9323,75.9323,45,,official,territorial_fire_7_8_high_9_10_very_high,false
081537,Òrrius,21,Maresme,2024,,,,,,,41.878669,24.46184,90.802348,29.0665,,true,true,,70,derived,gencat_fire_hazard_2024,,2026-08-21T20:09:22Z,0.2.0,missing_dependency,Flood and built-up exposure are pending; interval reflects only fire's 45% weight.,partial,13.0799,68.0799,45,,official,territorial_fire_7_8_high_9_10_very_high,false
081542,Pacs del Penedès,03,Alt Penedès,2024,,,,,,,28.04878,29.268293,86.585366,32.4282,,true,true,,70,derived,gencat_fire_hazard_2024,,2026-08-21T20:09:22Z,0.2.0,missing_dependency,Flood and built-up exposure are pending; interval reflects only fire's 45% weight.,partial,14.5927,69.5927,45,,official,territorial_fire_7_8_high_9_10_very_high,false
081555,Palafolls,21,Maresme,2024,,,,,,,29.052369,13.341646,55.735661,57.0208,,true,true,,70,derived,gencat_fire_hazard_2024,,2026-08-21T20:09:22Z,0.2.0,missing_dependency,Flood and built-up exposure are pending; interval reflects only fire's 45% weight.,partial,25.6594,80.6594,45,,official,territorial_fire_7_8_high_9_10_very_high,false
081568,Palau-solità i Plegamans,40,Vallès Occidental,2024,,,,,,,22.051282,35.384615,92.820513,27.4577,,true,true,,70,derived,gencat_fire_hazard_2024,,2026-08-21T20:09:22Z,0.2.0,missing_dependency,Flood and built-up exposure are pending; interval reflects only fire's 45% weight.,partial,12.356,67.356,45,,official,territorial_fire_7_8_high_9_10_very_high,false
081574,Pallejà,11,Baix Llobregat,2024,,,,,,,33.935743,43.975904,121.88755,4.2862,,true,true,,70,derived,gencat_fire_hazard_2024,,2026-08-21T20:09:22Z,0.2.0,missing_dependency,Flood and built-up exposure are pending; interval reflects only fire's 45% weight.,partial,1.9288,56.9288,45,,official,territorial_fire_7_8_high_9_10_very_high,false
081580,el Papiol,11,Baix Llobregat,2024,,,,,,,35.684647,34.439834,104.564315,18.0958,,true,true,,70,derived,gencat_fire_hazard_2024,,2026-08-21T20:09:22Z,0.2.0,missing_dependency,Flood and built-up exposure are pending; interval reflects only fire's 45% weight.,partial,8.1431,63.1431,45,,official,territorial_fire_7_8_high_9_10_very_high,false
081593,Parets del Vallès,41,Vallès Oriental,2024,,,,,,,6.153846,1.538462,9.230769,94.0934,,true,true,,70,derived,gencat_fire_hazard_2024,,2026-08-21T20:09:22Z,0.2.0,missing_dependency,Flood and built-up exposure are pending; interval reflects only fire's 45% weight.,partial,42.342,97.342,45,,official,territorial_fire_7_8_high_9_10_very_high,false
081607,Perafita,43,Lluçanès,2024,,,,,,,47.017268,5.33752,57.692308,55.461,,true,true,,70,derived,gencat_fire_hazard_2024,,2026-08-21T20:09:22Z,0.2.0,missing_dependency,Flood and built-up exposure are pending; interval reflects only fire's 45% weight.,partial,24.9575,79.9575,45,,official,territorial_fire_7_8_high_9_10_very_high,false
081614,Piera,06,Anoia,2024,,,,,,,34.508076,31.754772,98.017621,23.3147,,true,true,,70,derived,gencat_fire_hazard_2024,,2026-08-21T20:09:22Z,0.2.0,missing_dependency,Flood and built-up exposure are pending; interval reflects only fire's 45% weight.,partial,10.4916,65.4916,45,,official,territorial_fire_7_8_high_9_10_very_high,false
081629,els Hostalets de Pierola,06,Anoia,2024,,,,,,,41.597916,30.004342,101.6066,20.4536,,true,true,,70,derived,gencat_fire_hazard_2024,,2026-08-21T20:09:22Z,0.2.0,missing_dependency,Flood and built-up exposure are pending; interval reflects only fire's 45% weight.,partial,9.2041,64.2041,45,,official,territorial_fire_7_8_high_9_10_very_high,false
081635,Pineda de Mar,21,Maresme,2024,,,,,,,14.038877,2.591793,19.222462,86.1283,,true,true,,70,derived,gencat_fire_hazard_2024,,2026-08-21T20:09:22Z,0.2.0,missing_dependency,Flood and built-up exposure are pending; interval reflects only fire's 45% weight.,partial,38.7577,93.7577,45,,official,territorial_fire_7_8_high_9_10_very_high,false
081640,el Pla del Penedès,03,Alt Penedès,2024,,,,,,,25.882353,25.882353,77.647059,39.5536,,true,true,,70,derived,gencat_fire_hazard_2024,,2026-08-21T20:09:22Z,0.2.0,missing_dependency,Flood and built-up exposure are pending; interval reflects only fire's 45% weight.,partial,17.7991,72.7991,45,,official,territorial_fire_7_8_high_9_10_very_high,false
081653,la Pobla de Claramunt,06,Anoia,2024,,,,,,,41.596045,31.426554,104.449153,18.1876,,true,true,,70,derived,gencat_fire_hazard_2024,,2026-08-21T20:09:22Z,0.2.0,missing_dependency,Flood and built-up exposure are pending; interval reflects only fire's 45% weight.,partial,8.1844,63.1844,45,,official,territorial_fire_7_8_high_9_10_very_high,false
081666,la Pobla de Lillet,14,Berguedà,2024,,,,,,,17.695227,3.155582,24.006391,82.3146,,true,true,,70,derived,gencat_fire_hazard_2024,,2026-08-21T20:09:22Z,0.2.0,missing_dependency,Flood and built-up exposure are pending; interval reflects only fire's 45% weight.,partial,37.0416,92.0416,45,,official,territorial_fire_7_8_high_9_10_very_high,false
081672,Polinyà,40,Vallès Occidental,2024,,,,,,,38.738739,28.828829,96.396396,24.6071,,true,true,,70,derived,gencat_fire_hazard_2024,,2026-08-21T20:09:22Z,0.2.0,missing_dependency,Flood and built-up exposure are pending; interval reflects only fire's 45% weight.,partial,11.0732,66.0732,45,,official,territorial_fire_7_8_high_9_10_very_high,false
081688,Pontons,03,Alt Penedès,2024,,,,,,,48.38086,22.18463,92.750121,27.5138,,true,true,,70,derived,gencat_fire_hazard_2024,,2026-08-21T20:09:22Z,0.2.0,missing_dependency,Flood and built-up exposure are pending; interval reflects only fire's 45% weight.,partial,12.3812,67.3812,45,,official,territorial_fire_7_8_high_9_10_very_high,false
081691,el Prat de Llobregat,11,Baix Llobregat,2024,,,,,,,2.18894,2.995392,8.179724,94.9313,,true,true,,70,derived,gencat_fire_hazard_2024,,2026-08-21T20:09:22Z,0.2.0,missing_dependency,Flood and built-up exposure are pending; interval reflects only fire's 45% weight.,partial,42.7191,97.7191,45,,official,territorial_fire_7_8_high_9_10_very_high,false
081705,els Prats de Rei,06,Anoia,2024,,,,,,,44.246032,8.531746,61.309524,52.5775,,true,true,,70,derived,gencat_fire_hazard_2024,,2026-08-21T20:09:22Z,0.2.0,missing_dependency,Flood and built-up exposure are pending; interval reflects only fire's 45% weight.,partial,23.6599,78.6599,45,,official,territorial_fire_7_8_high_9_10_very_high,false
081712,Prats de Lluçanès,43,Lluçanès,2024,,,,,,,32.814527,6.095979,45.006485,65.5739,,true,true,,70,derived,gencat_fire_hazard_2024,,2026-08-21T20:09:22Z,0.2.0,missing_dependency,Flood and built-up exposure are pending; interval reflects only fire's 45% weight.,partial,29.5083,84.5083,45,,official,territorial_fire_7_8_high_9_10_very_high,false
081727,Premià de Mar,21,Maresme,2024,,,,,,,0,0,0,100,,false,false,,70,derived,gencat_fire_hazard_2024,,2026-08-21T20:09:22Z,0.2.0,missing_dependency,Flood and built-up exposure are pending; interval reflects only fire's 45% weight.,partial,45,100,45,,official,territorial_fire_7_8_high_9_10_very_high,false
081748,Puigdàlber,03,Alt Penedès,2024,,,,,,,,,,,,,,,0,missing,gencat_fire_hazard_2024,,2026-08-21T20:09:22Z,0.2.0,missing_dependency,Flood and built-up exposure are pending; interval reflects only fire's 45% weight.,partial,0,100,0,,official,territorial_fire_7_8_high_9_10_very_high,false
081751,Puig-reig,14,Berguedà,2024,,,,,,,22.517123,13.184932,48.886986,62.4804,,true,true,,70,derived,gencat_fire_hazard_2024,,2026-08-21T20:09:22Z,0.2.0,missing_dependency,Flood and built-up exposure are pending; interval reflects only fire's 45% weight.,partial,28.1162,83.1162,45,,official,territorial_fire_7_8_high_9_10_very_high,false
081764,Pujalt,06,Anoia,2024,,,,,,,40.41514,13.308913,67.032967,48.0149,,true,true,,70,derived,gencat_fire_hazard_2024,,2026-08-21T20:09:22Z,0.2.0,missing_dependency,Flood and built-up exposure are pending; interval reflects only fire's 45% weight.,partial,21.6067,76.6067,45,,official,territorial_fire_7_8_high_9_10_very_high,false
081770,la Quar,14,Berguedà,2024,,,,,,,21.259843,4.317133,29.894108,77.6211,,true,true,,70,derived,gencat_fire_hazard_2024,,2026-08-21T20:09:22Z,0.2.0,missing_dependency,Flood and built-up exposure are pending; interval reflects only fire's 45% weight.,partial,34.9295,89.9295,45,,official,territorial_fire_7_8_high_9_10_very_high,false
081786,Rajadell,07,Bages,2024,,,,,,,39.506898,11.388318,62.283534,51.801,,true,true,,70,derived,gencat_fire_hazard_2024,,2026-08-21T20:09:22Z,0.2.0,missing_dependency,Flood and built-up exposure are pending; interval reflects only fire's 45% weight.,partial,23.3105,78.3105,45,,official,territorial_fire_7_8_high_9_10_very_high,false
081799,Rellinars,40,Vallès Occidental,2024,,,,,,,19.230769,3.966346,27.163462,79.7979,,true,true,,70,derived,gencat_fire_hazard_2024,,2026-08-21T20:09:22Z,0.2.0,missing_dependency,Flood and built-up exposure are pending; interval reflects only fire's 45% weight.,partial,35.9091,90.9091,45,,official,territorial_fire_7_8_high_9_10_very_high,false
081803,Ripollet,40,Vallès Occidental,2024,,,,,,,0,0,0,100,,false,false,,70,derived,gencat_fire_hazard_2024,,2026-08-21T20:09:22Z,0.2.0,missing_dependency,Flood and built-up exposure are pending; interval reflects only fire's 45% weight.,partial,45,100,45,,official,territorial_fire_7_8_high_9_10_very_high,false
081810,la Roca del Vallès,41,Vallès Oriental,2024,,,,,,,27.286984,44.955567,117.198118,8.0245,,true,true,,70,derived,gencat_fire_hazard_2024,,2026-08-21T20:09:22Z,0.2.0,missing_dependency,Flood and built-up exposure are pending; interval reflects only fire's 45% weight.,partial,3.611,58.611,45,,official,territorial_fire_7_8_high_9_10_very_high,false
081825,el Pont de Vilomara i Rocafort,07,Bages,2024,,,,,,,15.12,2.48,20.08,85.4447,,true,true,,70,derived,gencat_fire_hazard_2024,,2026-08-21T20:09:22Z,0.2.0,missing_dependency,Flood and built-up exposure are pending; interval reflects only fire's 45% weight.,partial,38.4501,93.4501,45,,official,territorial_fire_7_8_high_9_10_very_high,false
081831,Roda de Ter,24,Osona,2024,,,,,,,3.030303,3.030303,9.090909,94.2049,,true,true,,70,derived,gencat_fire_hazard_2024,,2026-08-21T20:09:22Z,0.2.0,missing_dependency,Flood and built-up exposure are pending; interval reflects only fire's 45% weight.,partial,42.3922,97.3922,45,,official,territorial_fire_7_8_high_9_10_very_high,false
081846,Rubí,40,Vallès Occidental,2024,,,,,,,31.972789,29.251701,90.47619,29.3265,,true,true,,70,derived,gencat_fire_hazard_2024,,2026-08-21T20:09:22Z,0.2.0,missing_dependency,Flood and built-up exposure are pending; interval reflects only fire's 45% weight.,partial,13.1969,68.1969,45,,official,territorial_fire_7_8_high_9_10_very_high,false
081859,Rubió,06,Anoia,2024,,,,,,,42.159244,1.268556,44.696356,65.8211,,true,true,,70,derived,gencat_fire_hazard_2024,,2026-08-21T20:09:22Z,0.2.0,missing_dependency,Flood and built-up exposure are pending; interval reflects only fire's 45% weight.,partial,29.6195,84.6195,45,,official,territorial_fire_7_8_high_9_10_very_high,false
081878,Sabadell,40,Vallès Occidental,2024,,,,,,,30.20202,28.484848,87.171717,31.9608,,true,true,,70,derived,gencat_fire_hazard_2024,,2026-08-21T20:09:22Z,0.2.0,missing_dependency,Flood and built-up exposure are pending; interval reflects only fire's 45% weight.,partial,14.3824,69.3824,45,,official,territorial_fire_7_8_high_9_10_very_high,false
081884,Sagàs,14,Berguedà,2024,,,,,,,3.428909,0.472953,4.374815,97.9645,,true,true,,70,derived,gencat_fire_hazard_2024,,2026-08-21T20:09:22Z,0.2.0,missing_dependency,Flood and built-up exposure are pending; interval reflects only fire's 45% weight.,partial,44.084,99.084,45,,official,territorial_fire_7_8_high_9_10_very_high,false
081897,Sant Pere Sallavinera,06,Anoia,2024,,,,,,,44.693878,38.469388,121.632653,4.4893,,true,true,,70,derived,gencat_fire_hazard_2024,,2026-08-21T20:09:22Z,0.2.0,missing_dependency,Flood and built-up exposure are pending; interval reflects only fire's 45% weight.,partial,2.0202,57.0202,45,,official,territorial_fire_7_8_high_9_10_very_high,false
081901,Saldes,14,Berguedà,2024,,,,,,,6.418251,0.410646,7.239544,95.6808,,true,true,,70,derived,gencat_fire_hazard_2024,,2026-08-21T20:09:22Z,0.2.0,missing_dependency,Flood and built-up exposure are pending; interval reflects only fire's 45% weight.,partial,43.0564,98.0564,45,,official,territorial_fire_7_8_high_9_10_very_high,false
081918,Sallent,07,Bages,2024,,,,,,,41.666667,27.897436,97.461538,23.758,,true,true,,70,derived,gencat_fire_hazard_2024,,2026-08-21T20:09:22Z,0.2.0,missing_dependency,Flood and built-up exposure are pending; interval reflects only fire's 45% weight.,partial,10.6911,65.6911,45,,official,territorial_fire_7_8_high_9_10_very_high,false
081923,Santpedor,07,Bages,2024,,,,,,,25.071225,49.85755,124.786325,1.9753,,true,true,,70,derived,gencat_fire_hazard_2024,,2026-08-21T20:09:22Z,0.2.0,missing_dependency,Flood and built-up exposure are pending; interval reflects only fire's 45% weight.,partial,0.8889,55.8889,45,,official,territorial_fire_7_8_high_9_10_very_high,false
081939,Sant Iscle de Vallalta,21,Maresme,2024,,,,,,,32.680902,24.139976,80.960854,36.9119,,true,true,,70,derived,gencat_fire_hazard_2024,,2026-08-21T20:09:22Z,0.2.0,missing_dependency,Flood and built-up exposure are pending; interval reflects only fire's 45% weight.,partial,16.6104,71.6104,45,,official,territorial_fire_7_8_high_9_10_very_high,false
081944,Sant Adrià de Besòs,13,Barcelonès,2024,,,,,,,0,0,0,100,,false,false,,70,derived,gencat_fire_hazard_2024,,2026-08-21T20:09:22Z,0.2.0,missing_dependency,Flood and built-up exposure are pending; interval reflects only fire's 45% weight.,partial,45,100,45,,official,territorial_fire_7_8_high_9_10_very_high,false
081957,Sant Agustí de Lluçanès,24,Osona,2024,,,,,,,37.982833,7.51073,53.004292,59.1982,,true,true,,70,derived,gencat_fire_hazard_2024,,2026-08-21T20:09:22Z,0.2.0,missing_dependency,Flood and built-up exposure are pending; interval reflects only fire's 45% weight.,partial,26.6392,81.6392,45,,official,territorial_fire_7_8_high_9_10_very_high,false
081960,Sant Andreu de la Barca,11,Baix Llobregat,2024,,,,,,,25.925926,48.677249,123.280423,3.1758,,true,true,,70,derived,gencat_fire_hazard_2024,,2026-08-21T20:09:22Z,0.2.0,missing_dependency,Flood and built-up exposure are pending; interval reflects only fire's 45% weight.,partial,1.4291,56.4291,45,,official,territorial_fire_7_8_high_9_10_very_high,false
081976,Sant Andreu de Llavaneres,21,Maresme,2024,,,,,,,38.516405,30.385164,99.286733,22.303,,true,true,,70,derived,gencat_fire_hazard_2024,,2026-08-21T20:09:22Z,0.2.0,missing_dependency,Flood and built-up exposure are pending; interval reflects only fire's 45% weight.,partial,10.0364,65.0364,45,,official,territorial_fire_7_8_high_9_10_very_high,false
081982,Sant Antoni de Vilamajor,41,Vallès Oriental,2024,,,,,,,43.62851,28.293737,100.215983,21.5622,,true,true,,70,derived,gencat_fire_hazard_2024,,2026-08-21T20:09:22Z,0.2.0,missing_dependency,Flood and built-up exposure are pending; interval reflects only fire's 45% weight.,partial,9.703,64.703,45,,official,territorial_fire_7_8_high_9_10_very_high,false
081995,Sant Bartomeu del Grau,24,Osona,2024,,,,,,,38.24667,11.34508,60.936829,52.8746,,true,true,,70,derived,gencat_fire_hazard_2024,,2026-08-21T20:09:22Z,0.2.0,missing_dependency,Flood and built-up exposure are pending; interval reflects only fire's 45% weight.,partial,23.7936,78.7936,45,,official,territorial_fire_7_8_high_9_10_very_high,false
082009,Sant Boi de Llobregat,11,Baix Llobregat,2024,,,,,,,24.175824,13.626374,51.428571,60.4543,,true,true,,70,derived,gencat_fire_hazard_2024,,2026-08-21T20:09:22Z,0.2.0,missing_dependency,Flood and built-up exposure are pending; interval reflects only fire's 45% weight.,partial,27.2044,82.2044,45,,official,territorial_fire_7_8_high_9_10_very_high,false
082016,Sant Boi de Lluçanès,24,Osona,2024,,,,,,,32.116244,3.651267,39.418778,70.0283,,true,true,,70,derived,gencat_fire_hazard_2024,,2026-08-21T20:09:22Z,0.2.0,missing_dependency,Flood and built-up exposure are pending; interval reflects only fire's 45% weight.,partial,31.5127,86.5127,45,,official,territorial_fire_7_8_high_9_10_very_high,false
082021,Sant Celoni,41,Vallès Oriental,2024,,,,,,,36.696614,16.758811,70.214236,45.4789,,true,true,,70,derived,gencat_fire_hazard_2024,,2026-08-21T20:09:22Z,0.2.0,missing_dependency,Flood and built-up exposure are pending; interval reflects only fire's 45% weight.,partial,20.4655,75.4655,45,,official,territorial_fire_7_8_high_9_10_very_high,false
082037,Sant Cebrià de Vallalta,21,Maresme,2024,,,,,,,25.801407,14.855356,55.512119,57.199,,true,true,,70,derived,gencat_fire_hazard_2024,,2026-08-21T20:09:22Z,0.2.0,missing_dependency,Flood and built-up exposure are pending; interval reflects only fire's 45% weight.,partial,25.7396,80.7396,45,,official,territorial_fire_7_8_high_9_10_very_high,false
082042,Sant Climent de Llobregat,11,Baix Llobregat,2024,,,,,,,28.448276,20.44335,69.334975,46.1798,,true,true,,70,derived,gencat_fire_hazard_2024,,2026-08-21T20:09:22Z,0.2.0,missing_dependency,Flood and built-up exposure are pending; interval reflects only fire's 45% weight.,partial,20.7809,75.7809,45,,official,territorial_fire_7_8_high_9_10_very_high,false
082055,Sant Cugat del Vallès,40,Vallès Occidental,2024,,,,,,,29.98851,46.495596,122.979701,3.4155,,true,true,,70,derived,gencat_fire_hazard_2024,,2026-08-21T20:09:22Z,0.2.0,missing_dependency,Flood and built-up exposure are pending; interval reflects only fire's 45% weight.,partial,1.537,56.537,45,,official,territorial_fire_7_8_high_9_10_very_high,false
082068,Sant Cugat Sesgarrigues,03,Alt Penedès,2024,,,,,,,15.384615,0,15.384615,89.1877,,false,false,,70,derived,gencat_fire_hazard_2024,,2026-08-21T20:09:22Z,0.2.0,missing_dependency,Flood and built-up exposure are pending; interval reflects only fire's 45% weight.,partial,40.1345,95.1345,45,,official,territorial_fire_7_8_high_9_10_very_high,false
082074,Sant Esteve de Palautordera,41,Vallès Oriental,2024,,,,,,,32.110092,38.794233,109.698558,14.0029,,true,true,,70,derived,gencat_fire_hazard_2024,,2026-08-21T20:09:22Z,0.2.0,missing_dependency,Flood and built-up exposure are pending; interval reflects only fire's 45% weight.,partial,6.3013,61.3013,45,,official,territorial_fire_7_8_high_9_10_very_high,false
082080,Sant Esteve Sesrovires,11,Baix Llobregat,2024,,,,,,,28.688525,25,78.688525,38.7234,,true,true,,70,derived,gencat_fire_hazard_2024,,2026-08-21T20:09:22Z,0.2.0,missing_dependency,Flood and built-up exposure are pending; interval reflects only fire's 45% weight.,partial,17.4255,72.4255,45,,official,territorial_fire_7_8_high_9_10_very_high,false
082093,Sant Fost de Campsentelles,41,Vallès Oriental,2024,,,,,,,25.027685,19.269103,63.565891,50.7788,,true,true,,70,derived,gencat_fire_hazard_2024,,2026-08-21T20:09:22Z,0.2.0,missing_dependency,Flood and built-up exposure are pending; interval reflects only fire's 45% weight.,partial,22.8505,77.8505,45,,official,territorial_fire_7_8_high_9_10_very_high,false
082107,Sant Feliu de Codines,41,Vallès Oriental,2024,,,,,,,29.489292,14.16804,57.825371,55.355,,true,true,,70,derived,gencat_fire_hazard_2024,,2026-08-21T20:09:22Z,0.2.0,missing_dependency,Flood and built-up exposure are pending; interval reflects only fire's 45% weight.,partial,24.9097,79.9098,45,,official,territorial_fire_7_8_high_9_10_very_high,false
082114,Sant Feliu de Llobregat,11,Baix Llobregat,2024,,,,,,,29.202037,18.505942,66.213922,48.6678,,true,true,,70,derived,gencat_fire_hazard_2024,,2026-08-21T20:09:22Z,0.2.0,missing_dependency,Flood and built-up exposure are pending; interval reflects only fire's 45% weight.,partial,21.9005,76.9005,45,,official,territorial_fire_7_8_high_9_10_very_high,false
082129,Sant Feliu Sasserra,07,Bages,2024,,,,,,,41.83995,31.00189,103.84373,18.6702,,true,true,,70,derived,gencat_fire_hazard_2024,,2026-08-21T20:09:22Z,0.2.0,missing_dependency,Flood and built-up exposure are pending; interval reflects only fire's 45% weight.,partial,8.4016,63.4016,45,,official,territorial_fire_7_8_high_9_10_very_high,false
082135,Sant Fruitós de Bages,07,Bages,2024,,,,,,,23.370787,26.966292,77.303371,39.8276,,true,true,,70,derived,gencat_fire_hazard_2024,,2026-08-21T20:09:22Z,0.2.0,missing_dependency,Flood and built-up exposure are pending; interval reflects only fire's 45% weight.,partial,17.9224,72.9224,45,,official,territorial_fire_7_8_high_9_10_very_high,false
082140,Vilassar de Dalt,21,Maresme,2024,,,,,,,34.310345,22.068966,78.448276,38.9149,,true,true,,70,derived,gencat_fire_hazard_2024,,2026-08-21T20:09:22Z,0.2.0,missing_dependency,Flood and built-up exposure are pending; interval reflects only fire's 45% weight.,partial,17.5117,72.5117,45,,official,territorial_fire_7_8_high_9_10_very_high,false
082153,Sant Hipòlit de Voltregà,24,Osona,2024,,,,,,,0,0,0,100,,false,false,,70,derived,gencat_fire_hazard_2024,,2026-08-21T20:09:22Z,0.2.0,missing_dependency,Flood and built-up exposure are pending; interval reflects only fire's 45% weight.,partial,45,100,45,,official,territorial_fire_7_8_high_9_10_very_high,false
082166,Sant Jaume de Frontanyà,14,Berguedà,2024,,,,,,,28.120516,3.873745,35.868006,72.8589,,true,true,,70,derived,gencat_fire_hazard_2024,,2026-08-21T20:09:22Z,0.2.0,missing_dependency,Flood and built-up exposure are pending; interval reflects only fire's 45% weight.,partial,32.7865,87.7865,45,,official,territorial_fire_7_8_high_9_10_very_high,false
082172,Sant Joan Despí,11,Baix Llobregat,2024,,,,,,,0,0,0,100,,false,false,,70,derived,gencat_fire_hazard_2024,,2026-08-21T20:09:22Z,0.2.0,missing_dependency,Flood and built-up exposure are pending; interval reflects only fire's 45% weight.,partial,45,100,45,,official,territorial_fire_7_8_high_9_10_very_high,false
082188,Sant Joan de Vilatorrada,07,Bages,2024,,,,,,,31.188119,23.10231,77.392739,39.7563,,true,true,,70,derived,gencat_fire_hazard_2024,,2026-08-21T20:09:22Z,0.2.0,missing_dependency,Flood and built-up exposure are pending; interval reflects only fire's 45% weight.,partial,17.8903,72.8903,45,,official,territorial_fire_7_8_high_9_10_very_high,false
082191,Vilassar de Mar,21,Maresme,2024,,,,,,,0,0,0,100,,false,false,,70,derived,gencat_fire_hazard_2024,,2026-08-21T20:09:22Z,0.2.0,missing_dependency,Flood and built-up exposure are pending; interval reflects only fire's 45% weight.,partial,45,100,45,,official,territorial_fire_7_8_high_9_10_very_high,false
082205,Sant Julià de Vilatorta,24,Osona,2024,,,,,,,33.638863,4.491292,42.621448,67.4752,,true,true,,70,derived,gencat_fire_hazard_2024,,2026-08-21T20:09:22Z,0.2.0,missing_dependency,Flood and built-up exposure are pending; interval reflects only fire's 45% weight.,partial,30.3638,85.3638,45,,official,territorial_fire_7_8_high_9_10_very_high,false
082212,Sant Just Desvern,11,Baix Llobregat,2024,,,,,,,26.117647,12,50.117647,61.4994,,true,true,,70,derived,gencat_fire_hazard_2024,,2026-08-21T20:09:22Z,0.2.0,missing_dependency,Flood and built-up exposure are pending; interval reflects only fire's 45% weight.,partial,27.6747,82.6747,45,,official,territorial_fire_7_8_high_9_10_very_high,false
082227,Sant Llorenç d'Hortons,03,Alt Penedès,2024,,,,,,,32.866044,18.847352,70.560748,45.2026,,true,true,,70,derived,gencat_fire_hazard_2024,,2026-08-21T20:09:22Z,0.2.0,missing_dependency,Flood and built-up exposure are pending; interval reflects only fire's 45% weight.,partial,20.3412,75.3412,45,,official,territorial_fire_7_8_high_9_10_very_high,false
082233,Sant Llorenç Savall,40,Vallès Occidental,2024,,,,,,,15.265201,3.260026,21.785252,84.0853,,true,true,,70,derived,gencat_fire_hazard_2024,,2026-08-21T20:09:22Z,0.2.0,missing_dependency,Flood and built-up exposure are pending; interval reflects only fire's 45% weight.,partial,37.8384,92.8384,45,,official,territorial_fire_7_8_high_9_10_very_high,false
082248,Sant Martí de Centelles,24,Osona,2024,,,,,,,13.542643,2.249297,18.041237,87.0699,,true,true,,70,derived,gencat_fire_hazard_2024,,2026-08-21T20:09:22Z,0.2.0,missing_dependency,Flood and built-up exposure are pending; interval reflects only fire's 45% weight.,partial,39.1815,94.1815,45,,official,territorial_fire_7_8_high_9_10_very_high,false
082251,Sant Martí d'Albars,43,Lluçanès,2024,,,,,,,41.161928,3.461063,48.084054,63.1205,,true,true,,70,derived,gencat_fire_hazard_2024,,2026-08-21T20:09:22Z,0.2.0,missing_dependency,Flood and built-up exposure are pending; interval reflects only fire's 45% weight.,partial,28.4042,83.4042,45,,official,territorial_fire_7_8_high_9_10_very_high,false
082264,Sant Martí de Tous,06,Anoia,2024,,,,,,,44.980272,33.669443,112.319158,11.9138,,true,true,,70,derived,gencat_fire_hazard_2024,,2026-08-21T20:09:22Z,0.2.0,missing_dependency,Flood and built-up exposure are pending; interval reflects only fire's 45% weight.,partial,5.3612,60.3612,45,,official,territorial_fire_7_8_high_9_10_very_high,false
082270,Sant Martí Sarroca,03,Alt Penedès,2024,,,,,,,38.297872,19.922631,78.143133,39.1581,,true,true,,70,derived,gencat_fire_hazard_2024,,2026-08-21T20:09:22Z,0.2.0,missing_dependency,Flood and built-up exposure are pending; interval reflects only fire's 45% weight.,partial,17.6211,72.6211,45,,official,territorial_fire_7_8_high_9_10_very_high,false
082286,Sant Martí Sesgueioles,06,Anoia,2024,,,,,,,0,0,0,100,,false,false,,70,derived,gencat_fire_hazard_2024,,2026-08-21T20:09:22Z,0.2.0,missing_dependency,Flood and built-up exposure are pending; interval reflects only fire's 45% weight.,partial,45,100,45,,official,territorial_fire_7_8_high_9_10_very_high,false
082299,Sant Mateu de Bages,07,Bages,2024,,,,,,,35.334738,16.725187,68.785112,46.6181,,true,true,,70,derived,gencat_fire_hazard_2024,,2026-08-21T20:09:22Z,0.2.0,missing_dependency,Flood and built-up exposure are pending; interval reflects only fire's 45% weight.,partial,20.9781,75.9781,45,,official,territorial_fire_7_8_high_9_10_very_high,false
082303,Premià de Dalt,21,Maresme,2024,,,,,,,39.057239,27.272727,93.602694,26.8342,,true,true,,70,derived,gencat_fire_hazard_2024,,2026-08-21T20:09:22Z,0.2.0,missing_dependency,Flood and built-up exposure are pending; interval reflects only fire's 45% weight.,partial,12.0754,67.0754,45,,official,territorial_fire_7_8_high_9_10_very_high,false
082310,Sant Pere de Ribes,17,Garraf,2024,,,,,,,34.650582,15.93178,66.514143,48.4285,,true,true,,70,derived,gencat_fire_hazard_2024,,2026-08-21T20:09:22Z,0.2.0,missing_dependency,Flood and built-up exposure are pending; interval reflects only fire's 45% weight.,partial,21.7928,76.7928,45,,official,territorial_fire_7_8_high_9_10_very_high,false
082325,Sant Pere de Riudebitlles,03,Alt Penedès,2024,,,,,,,27.411168,37.563452,102.538071,19.7111,,true,true,,70,derived,gencat_fire_hazard_2024,,2026-08-21T20:09:22Z,0.2.0,missing_dependency,Flood and built-up exposure are pending; interval reflects only fire's 45% weight.,partial,8.87,63.87,45,,official,territorial_fire_7_8_high_9_10_very_high,false
082331,Sant Pere de Torelló,24,Osona,2024,,,,,,,5.12091,0.772201,6.665312,96.1385,,true,true,,70,derived,gencat_fire_hazard_2024,,2026-08-21T20:09:22Z,0.2.0,missing_dependency,Flood and built-up exposure are pending; interval reflects only fire's 45% weight.,partial,43.2623,98.2623,45,,official,territorial_fire_7_8_high_9_10_very_high,false
082346,Sant Pere de Vilamajor,41,Vallès Oriental,2024,,,,,,,27.959332,19.099492,66.158315,48.7121,,true,true,,70,derived,gencat_fire_hazard_2024,,2026-08-21T20:09:22Z,0.2.0,missing_dependency,Flood and built-up exposure are pending; interval reflects only fire's 45% weight.,partial,21.9204,76.9204,45,,official,territorial_fire_7_8_high_9_10_very_high,false
082359,Sant Pol de Mar,21,Maresme,2024,,,,,,,21.460177,5.973451,33.40708,74.8206,,true,true,,70,derived,gencat_fire_hazard_2024,,2026-08-21T20:09:22Z,0.2.0,missing_dependency,Flood and built-up exposure are pending; interval reflects only fire's 45% weight.,partial,33.6693,88.6693,45,,official,territorial_fire_7_8_high_9_10_very_high,false
082362,Sant Quintí de Mediona,03,Alt Penedès,2024,,,,,,,41.473397,21.145975,83.765348,34.6762,,true,true,,70,derived,gencat_fire_hazard_2024,,2026-08-21T20:09:22Z,0.2.0,missing_dependency,Flood and built-up exposure are pending; interval reflects only fire's 45% weight.,partial,15.6043,70.6043,45,,official,territorial_fire_7_8_high_9_10_very_high,false
082378,Sant Quirze de Besora,24,Osona,2024,,,,,,,10.714286,0.931677,12.57764,91.4254,,true,true,,70,derived,gencat_fire_hazard_2024,,2026-08-21T20:09:22Z,0.2.0,missing_dependency,Flood and built-up exposure are pending; interval reflects only fire's 45% weight.,partial,41.1414,96.1414,45,,official,territorial_fire_7_8_high_9_10_very_high,false
082384,Sant Quirze del Vallès,40,Vallès Occidental,2024,,,,,,,33.288948,47.003995,127.296937,0,,true,true,,70,derived,gencat_fire_hazard_2024,,2026-08-21T20:09:22Z,0.2.0,missing_dependency,Flood and built-up exposure are pending; interval reflects only fire's 45% weight.,partial,0,55,45,,official,territorial_fire_7_8_high_9_10_very_high,false
082397,Sant Quirze Safaja,42,Moianès,2024,,,,,,,7.760067,1.216443,10.192953,93.3264,,true,true,,70,derived,gencat_fire_hazard_2024,,2026-08-21T20:09:22Z,0.2.0,missing_dependency,Flood and built-up exposure are pending; interval reflects only fire's 45% weight.,partial,41.9969,96.9969,45,,official,territorial_fire_7_8_high_9_10_very_high,false
082401,Sant Sadurní d'Anoia,03,Alt Penedès,2024,,,,,,,28,24,76,40.8666,,true,true,,70,derived,gencat_fire_hazard_2024,,2026-08-21T20:09:22Z,0.2.0,missing_dependency,Flood and built-up exposure are pending; interval reflects only fire's 45% weight.,partial,18.39,73.39,45,,official,territorial_fire_7_8_high_9_10_very_high,false
082418,Sant Sadurní d'Osormort,24,Osona,2024,,,,,,,20.06993,3.111888,26.293706,80.4912,,true,true,,70,derived,gencat_fire_hazard_2024,,2026-08-21T20:09:22Z,0.2.0,missing_dependency,Flood and built-up exposure are pending; interval reflects only fire's 45% weight.,partial,36.221,91.221,45,,official,territorial_fire_7_8_high_9_10_very_high,false
082423,Marganell,07,Bages,2024,,,,,,,12.582237,2.796053,18.174342,86.9638,,true,true,,70,derived,gencat_fire_hazard_2024,,2026-08-21T20:09:22Z,0.2.0,missing_dependency,Flood and built-up exposure are pending; interval reflects only fire's 45% weight.,partial,39.1337,94.1337,45,,official,territorial_fire_7_8_high_9_10_very_high,false
082439,Santa Cecília de Voltregà,24,Osona,2024,,,,,,,11.622276,0.726392,13.075061,91.0288,,true,true,,70,derived,gencat_fire_hazard_2024,,2026-08-21T20:09:22Z,0.2.0,missing_dependency,Flood and built-up exposure are pending; interval reflects only fire's 45% weight.,partial,40.963,95.963,45,,official,territorial_fire_7_8_high_9_10_very_high,false
082444,Santa Coloma de Cervelló,11,Baix Llobregat,2024,,,,,,,26.551724,14.827586,56.206897,56.6452,,true,true,,70,derived,gencat_fire_hazard_2024,,2026-08-21T20:09:22Z,0.2.0,missing_dependency,Flood and built-up exposure are pending; interval reflects only fire's 45% weight.,partial,25.4903,80.4903,45,,official,territorial_fire_7_8_high_9_10_very_high,false
082457,Santa Coloma de Gramenet,13,Barcelonès,2024,,,,,,,54.924242,15.151515,85.227273,33.5108,,true,true,,70,derived,gencat_fire_hazard_2024,,2026-08-21T20:09:22Z,0.2.0,missing_dependency,Flood and built-up exposure are pending; interval reflects only fire's 45% weight.,partial,15.0799,70.0799,45,,official,territorial_fire_7_8_high_9_10_very_high,false
082460,Santa Eugènia de Berga,24,Osona,2024,,,,,,,12.844037,5.504587,23.853211,82.4368,,true,true,,70,derived,gencat_fire_hazard_2024,,2026-08-21T20:09:22Z,0.2.0,missing_dependency,Flood and built-up exposure are pending; interval reflects only fire's 45% weight.,partial,37.0966,92.0966,45,,official,territorial_fire_7_8_high_9_10_very_high,false
082476,Santa Eulàlia de Riuprimer,24,Osona,2024,,,,,,,30.119177,10.942579,52.004334,59.9954,,true,true,,70,derived,gencat_fire_hazard_2024,,2026-08-21T20:09:22Z,0.2.0,missing_dependency,Flood and built-up exposure are pending; interval reflects only fire's 45% weight.,partial,26.9979,81.9979,45,,official,territorial_fire_7_8_high_9_10_very_high,false
082482,Santa Eulàlia de Ronçana,41,Vallès Oriental,2024,,,,,,,28.354978,37.012987,102.380952,19.8363,,true,true,,70,derived,gencat_fire_hazard_2024,,2026-08-21T20:09:22Z,0.2.0,missing_dependency,Flood and built-up exposure are pending; interval reflects only fire's 45% weight.,partial,8.9263,63.9263,45,,official,territorial_fire_7_8_high_9_10_very_high,false
082495,Santa Fe del Penedès,03,Alt Penedès,2024,,,,,,,8.823529,2.941176,14.705882,89.7288,,true,true,,70,derived,gencat_fire_hazard_2024,,2026-08-21T20:09:22Z,0.2.0,missing_dependency,Flood and built-up exposure are pending; interval reflects only fire's 45% weight.,partial,40.378,95.378,45,,official,territorial_fire_7_8_high_9_10_very_high,false
082508,Santa Margarida de Montbui,06,Anoia,2024,,,,,,,36.638265,46.707978,130.054222,0,,true,true,,70,derived,gencat_fire_hazard_2024,,2026-08-21T20:09:22Z,0.2.0,missing_dependency,Flood and built-up exposure are pending; interval reflects only fire's 45% weight.,partial,0,55,45,,official,territorial_fire_7_8_high_9_10_very_high,false
082515,Santa Margarida i els Monjos,03,Alt Penedès,2024,,,,,,,24.185249,9.090909,42.367067,67.678,,true,true,,70,derived,gencat_fire_hazard_2024,,2026-08-21T20:09:22Z,0.2.0,missing_dependency,Flood and built-up exposure are pending; interval reflects only fire's 45% weight.,partial,30.4551,85.4551,45,,official,territorial_fire_7_8_high_9_10_very_high,false
082520,Barberà del Vallès,40,Vallès Occidental,2024,,,,,,,17.171717,28.282828,73.737374,42.6703,,true,true,,70,derived,gencat_fire_hazard_2024,,2026-08-21T20:09:22Z,0.2.0,missing_dependency,Flood and built-up exposure are pending; interval reflects only fire's 45% weight.,partial,19.2016,74.2016,45,,official,territorial_fire_7_8_high_9_10_very_high,false
082536,Santa Maria de Besora,24,Osona,2024,,,,,,,4.442582,0.209556,4.861693,97.5763,,true,true,,70,derived,gencat_fire_hazard_2024,,2026-08-21T20:09:22Z,0.2.0,missing_dependency,Flood and built-up exposure are pending; interval reflects only fire's 45% weight.,partial,43.9093,98.9093,45,,official,territorial_fire_7_8_high_9_10_very_high,false
082541,l'Esquirol,24,Osona,2024,,,,,,,5.19802,0.135014,5.468047,97.093,,true,true,,70,derived,gencat_fire_hazard_2024,,2026-08-21T20:09:22Z,0.2.0,missing_dependency,Flood and built-up exposure are pending; interval reflects only fire's 45% weight.,partial,43.6919,98.6919,45,,official,territorial_fire_7_8_high_9_10_very_high,false
082554,Santa Maria de Merlès,14,Berguedà,2024,,,,,,,41.509895,14.61031,70.730516,45.0673,,true,true,,70,derived,gencat_fire_hazard_2024,,2026-08-21T20:09:22Z,0.2.0,missing_dependency,Flood and built-up exposure are pending; interval reflects only fire's 45% weight.,partial,20.2803,75.2803,45,,official,territorial_fire_7_8_high_9_10_very_high,false
082567,Santa Maria de Martorelles,41,Vallès Oriental,2024,,,,,,,38.974359,12.820513,64.615385,49.9421,,true,true,,70,derived,gencat_fire_hazard_2024,,2026-08-21T20:09:22Z,0.2.0,missing_dependency,Flood and built-up exposure are pending; interval reflects only fire's 45% weight.,partial,22.4739,77.4739,45,,official,territorial_fire_7_8_high_9_10_very_high,false
082573,Santa Maria de Miralles,06,Anoia,2024,,,,,,,52.63789,25.719424,104.076739,18.4845,,true,true,,70,derived,gencat_fire_hazard_2024,,2026-08-21T20:09:22Z,0.2.0,missing_dependency,Flood and built-up exposure are pending; interval reflects only fire's 45% weight.,partial,8.318,63.318,45,,official,territorial_fire_7_8_high_9_10_very_high,false
082589,Santa Maria d'Oló,42,Moianès,2024,,,,,,,43.736304,22.552958,88.842221,30.6291,,true,true,,70,derived,gencat_fire_hazard_2024,,2026-08-21T20:09:22Z,0.2.0,missing_dependency,Flood and built-up exposure are pending; interval reflects only fire's 45% weight.,partial,13.7831,68.7831,45,,official,territorial_fire_7_8_high_9_10_very_high,false
082592,Santa Maria de Palautordera,41,Vallès Oriental,2024,,,,,,,41.081703,39.81588,120.713464,5.2221,,true,true,,70,derived,gencat_fire_hazard_2024,,2026-08-21T20:09:22Z,0.2.0,missing_dependency,Flood and built-up exposure are pending; interval reflects only fire's 45% weight.,partial,2.3499,57.3499,45,,official,territorial_fire_7_8_high_9_10_very_high,false
082606,Santa Perpètua de Mogoda,40,Vallès Occidental,2024,,,,,,,14.049587,6.61157,27.272727,79.7108,,true,true,,70,derived,gencat_fire_hazard_2024,,2026-08-21T20:09:22Z,0.2.0,missing_dependency,Flood and built-up exposure are pending; interval reflects only fire's 45% weight.,partial,35.8699,90.8699,45,,official,territorial_fire_7_8_high_9_10_very_high,false
082613,Santa Susanna,21,Maresme,2024,,,,,,,34.100877,10.416667,54.934211,57.6597,,true,true,,70,derived,gencat_fire_hazard_2024,,2026-08-21T20:09:22Z,0.2.0,missing_dependency,Flood and built-up exposure are pending; interval reflects only fire's 45% weight.,partial,25.9469,80.9469,45,,official,territorial_fire_7_8_high_9_10_very_high,false
082628,Sant Vicenç de Castellet,07,Bages,2024,,,,,,,26.340694,7.255521,40.851735,68.8859,,true,true,,70,derived,gencat_fire_hazard_2024,,2026-08-21T20:09:22Z,0.2.0,missing_dependency,Flood and built-up exposure are pending; interval reflects only fire's 45% weight.,partial,30.9987,85.9987,45,,official,territorial_fire_7_8_high_9_10_very_high,false
082634,Sant Vicenç dels Horts,11,Baix Llobregat,2024,,,,,,,34.328358,24.179104,82.686567,35.5362,,true,true,,70,derived,gencat_fire_hazard_2024,,2026-08-21T20:09:22Z,0.2.0,missing_dependency,Flood and built-up exposure are pending; interval reflects only fire's 45% weight.,partial,15.9913,70.9913,45,,official,territorial_fire_7_8_high_9_10_very_high,false
082649,Sant Vicenç de Montalt,21,Maresme,2024,,,,,,,35.201794,23.766816,82.735426,35.4973,,true,true,,70,derived,gencat_fire_hazard_2024,,2026-08-21T20:09:22Z,0.2.0,missing_dependency,Flood and built-up exposure are pending; interval reflects only fire's 45% weight.,partial,15.9738,70.9738,45,,official,territorial_fire_7_8_high_9_10_very_high,false
082652,Sant Vicenç de Torelló,24,Osona,2024,,,,,,,4.33526,0.289017,4.913295,97.5352,,true,true,,70,derived,gencat_fire_hazard_2024,,2026-08-21T20:09:22Z,0.2.0,missing_dependency,Flood and built-up exposure are pending; interval reflects only fire's 45% weight.,partial,43.8908,98.8908,45,,official,territorial_fire_7_8_high_9_10_very_high,false
082665,Cerdanyola del Vallès,40,Vallès Occidental,2024,,,,,,,14.872685,69.444444,153.761574,0,,true,true,,70,derived,gencat_fire_hazard_2024,,2026-08-21T20:09:22Z,0.2.0,missing_dependency,Flood and built-up exposure are pending; interval reflects only fire's 45% weight.,partial,0,55,45,,official,territorial_fire_7_8_high_9_10_very_high,false
082671,Sentmenat,40,Vallès Occidental,2024,,,,,,,29.571515,31.382016,92.335546,27.8443,,true,true,,70,derived,gencat_fire_hazard_2024,,2026-08-21T20:09:22Z,0.2.0,missing_dependency,Flood and built-up exposure are pending; interval reflects only fire's 45% weight.,partial,12.5299,67.5299,45,,official,territorial_fire_7_8_high_9_10_very_high,false
082687,Cercs,14,Berguedà,2024,,,,,,,11.825017,0.956938,13.738893,90.4996,,true,true,,70,derived,gencat_fire_hazard_2024,,2026-08-21T20:09:22Z,0.2.0,missing_dependency,Flood and built-up exposure are pending; interval reflects only fire's 45% weight.,partial,40.7248,95.7248,45,,official,territorial_fire_7_8_high_9_10_very_high,false
082690,Seva,24,Osona,2024,,,,,,,26.580526,3.83018,34.240886,74.156,,true,true,,70,derived,gencat_fire_hazard_2024,,2026-08-21T20:09:22Z,0.2.0,missing_dependency,Flood and built-up exposure are pending; interval reflects only fire's 45% weight.,partial,33.3702,88.3702,45,,official,territorial_fire_7_8_high_9_10_very_high,false
082704,Sitges,17,Garraf,2024,,,,,,,13.582135,3.915571,21.413276,84.3818,,true,true,,70,derived,gencat_fire_hazard_2024,,2026-08-21T20:09:22Z,0.2.0,missing_dependency,Flood and built-up exposure are pending; interval reflects only fire's 45% weight.,partial,37.9718,92.9718,45,,official,territorial_fire_7_8_high_9_10_very_high,false
082711,Sobremunt,43,Lluçanès,2024,,,,,,,38.981636,3.839733,46.661102,64.2549,,true,true,,70,derived,gencat_fire_hazard_2024,,2026-08-21T20:09:22Z,0.2.0,missing_dependency,Flood and built-up exposure are pending; interval reflects only fire's 45% weight.,partial,28.9147,83.9147,45,,official,territorial_fire_7_8_high_9_10_very_high,false
082726,Sora,24,Osona,2024,,,,,,,20.65091,1.975978,24.602867,81.8391,,true,true,,70,derived,gencat_fire_hazard_2024,,2026-08-21T20:09:22Z,0.2.0,missing_dependency,Flood and built-up exposure are pending; interval reflects only fire's 45% weight.,partial,36.8276,91.8276,45,,official,territorial_fire_7_8_high_9_10_very_high,false
082732,Subirats,03,Alt Penedès,2024,,,,,,,29.121833,11.940299,53.00243,59.1997,,true,true,,70,derived,gencat_fire_hazard_2024,,2026-08-21T20:09:22Z,0.2.0,missing_dependency,Flood and built-up exposure are pending; interval reflects only fire's 45% weight.,partial,26.6399,81.6399,45,,official,territorial_fire_7_8_high_9_10_very_high,false
082747,Súria,07,Bages,2024,,,,,,,36.437029,16.953714,70.344456,45.3751,,true,true,,70,derived,gencat_fire_hazard_2024,,2026-08-21T20:09:22Z,0.2.0,missing_dependency,Flood and built-up exposure are pending; interval reflects only fire's 45% weight.,partial,20.4188,75.4188,45,,official,territorial_fire_7_8_high_9_10_very_high,false
082750,Tavèrnoles,24,Osona,2024,,,,,,,26.161202,2.868852,31.898907,76.0229,,true,true,,70,derived,gencat_fire_hazard_2024,,2026-08-21T20:09:22Z,0.2.0,missing_dependency,Flood and built-up exposure are pending; interval reflects only fire's 45% weight.,partial,34.2103,89.2103,45,,official,territorial_fire_7_8_high_9_10_very_high,false
082763,Tagamanent,41,Vallès Oriental,2024,,,,,,,11.887456,2.555686,16.998828,87.9009,,true,true,,70,derived,gencat_fire_hazard_2024,,2026-08-21T20:09:22Z,0.2.0,missing_dependency,Flood and built-up exposure are pending; interval reflects only fire's 45% weight.,partial,39.5554,94.5554,45,,official,territorial_fire_7_8_high_9_10_very_high,false
082779,Talamanca,07,Bages,2024,,,,,,,30.503381,6.386176,43.275733,66.9536,,true,true,,70,derived,gencat_fire_hazard_2024,,2026-08-21T20:09:22Z,0.2.0,missing_dependency,Flood and built-up exposure are pending; interval reflects only fire's 45% weight.,partial,30.1291,85.1291,45,,official,territorial_fire_7_8_high_9_10_very_high,false
082785,Taradell,24,Osona,2024,,,,,,,17.788802,2.126152,22.041106,83.8813,,true,true,,70,derived,gencat_fire_hazard_2024,,2026-08-21T20:09:22Z,0.2.0,missing_dependency,Flood and built-up exposure are pending; interval reflects only fire's 45% weight.,partial,37.7466,92.7466,45,,official,territorial_fire_7_8_high_9_10_very_high,false
082798,Terrassa,40,Vallès Occidental,2024,,,,,,,32.837875,23.314066,79.466006,38.1036,,true,true,,70,derived,gencat_fire_hazard_2024,,2026-08-21T20:09:22Z,0.2.0,missing_dependency,Flood and built-up exposure are pending; interval reflects only fire's 45% weight.,partial,17.1466,72.1466,45,,official,territorial_fire_7_8_high_9_10_very_high,false
082802,Tavertet,24,Osona,2024,,,,,,,5.431205,0.131666,5.694536,96.9124,,true,true,,70,derived,gencat_fire_hazard_2024,,2026-08-21T20:09:22Z,0.2.0,missing_dependency,Flood and built-up exposure are pending; interval reflects only fire's 45% weight.,partial,43.6106,98.6106,45,,official,territorial_fire_7_8_high_9_10_very_high,false
082819,Teià,21,Maresme,2024,,,,,,,29.805014,13.370474,56.545961,56.3749,,true,true,,70,derived,gencat_fire_hazard_2024,,2026-08-21T20:09:22Z,0.2.0,missing_dependency,Flood and built-up exposure are pending; interval reflects only fire's 45% weight.,partial,25.3687,80.3687,45,,official,territorial_fire_7_8_high_9_10_very_high,false
082824,Tiana,21,Maresme,2024,,,,,,,20.954357,1.452282,23.858921,82.4322,,true,true,,70,derived,gencat_fire_hazard_2024,,2026-08-21T20:09:22Z,0.2.0,missing_dependency,Flood and built-up exposure are pending; interval reflects only fire's 45% weight.,partial,37.0945,92.0945,45,,official,territorial_fire_7_8_high_9_10_very_high,false
082830,Tona,24,Osona,2024,,,,,,,13.598901,4.120879,21.840659,84.0411,,true,true,,70,derived,gencat_fire_hazard_2024,,2026-08-21T20:09:22Z,0.2.0,missing_dependency,Flood and built-up exposure are pending; interval reflects only fire's 45% weight.,partial,37.8185,92.8185,45,,official,territorial_fire_7_8_high_9_10_very_high,false
082845,Tordera,21,Maresme,2024,,,,,,,26.595405,12.492023,51.579451,60.3341,,true,true,,70,derived,gencat_fire_hazard_2024,,2026-08-21T20:09:22Z,0.2.0,missing_dependency,Flood and built-up exposure are pending; interval reflects only fire's 45% weight.,partial,27.1503,82.1503,45,,official,territorial_fire_7_8_high_9_10_very_high,false
082858,Torelló,24,Osona,2024,,,,,,,0,0,0,100,,false,false,,70,derived,gencat_fire_hazard_2024,,2026-08-21T20:09:22Z,0.2.0,missing_dependency,Flood and built-up exposure are pending; interval reflects only fire's 45% weight.,partial,45,100,45,,official,territorial_fire_7_8_high_9_10_very_high,false
082861,la Torre de Claramunt,06,Anoia,2024,,,,,,,43.014706,41.053922,125.122549,1.7073,,true,true,,70,derived,gencat_fire_hazard_2024,,2026-08-21T20:09:22Z,0.2.0,missing_dependency,Flood and built-up exposure are pending; interval reflects only fire's 45% weight.,partial,0.7683,55.7683,45,,official,territorial_fire_7_8_high_9_10_very_high,false
082877,Torrelavit,03,Alt Penedès,2024,,,,,,,28.695652,42.360248,113.416149,11.0393,,true,true,,70,derived,gencat_fire_hazard_2024,,2026-08-21T20:09:22Z,0.2.0,missing_dependency,Flood and built-up exposure are pending; interval reflects only fire's 45% weight.,partial,4.9677,59.9677,45,,official,territorial_fire_7_8_high_9_10_very_high,false
082883,Torrelles de Foix,03,Alt Penedès,2024,,,,,,,32.313658,28.048255,88.410168,30.9735,,true,true,,70,derived,gencat_fire_hazard_2024,,2026-08-21T20:09:22Z,0.2.0,missing_dependency,Flood and built-up exposure are pending; interval reflects only fire's 45% weight.,partial,13.9381,68.9381,45,,official,territorial_fire_7_8_high_9_10_very_high,false
082896,Torrelles de Llobregat,11,Baix Llobregat,2024,,,,,,,24.047878,19.260065,62.568009,51.5743,,true,true,,70,derived,gencat_fire_hazard_2024,,2026-08-21T20:09:22Z,0.2.0,missing_dependency,Flood and built-up exposure are pending; interval reflects only fire's 45% weight.,partial,23.2084,78.2084,45,,official,territorial_fire_7_8_high_9_10_very_high,false
082900,Ullastrell,40,Vallès Occidental,2024,,,,,,,38.178634,10.683012,59.544658,53.9844,,true,true,,70,derived,gencat_fire_hazard_2024,,2026-08-21T20:09:22Z,0.2.0,missing_dependency,Flood and built-up exposure are pending; interval reflects only fire's 45% weight.,partial,24.293,79.293,45,,official,territorial_fire_7_8_high_9_10_very_high,false
082917,Vacarisses,40,Vallès Occidental,2024,,,,,,,19.323241,2.879193,25.081627,81.4575,,true,true,,70,derived,gencat_fire_hazard_2024,,2026-08-21T20:09:22Z,0.2.0,missing_dependency,Flood and built-up exposure are pending; interval reflects only fire's 45% weight.,partial,36.6559,91.6559,45,,official,territorial_fire_7_8_high_9_10_very_high,false
082922,Vallbona d'Anoia,06,Anoia,2024,,,,,,,41.434263,25.099602,91.633466,28.404,,true,true,,70,derived,gencat_fire_hazard_2024,,2026-08-21T20:09:22Z,0.2.0,missing_dependency,Flood and built-up exposure are pending; interval reflects only fire's 45% weight.,partial,12.7818,67.7818,45,,official,territorial_fire_7_8_high_9_10_very_high,false
082938,Vallcebre,14,Berguedà,2024,,,,,,,4.95582,0.192086,5.339992,97.195,,true,true,,70,derived,gencat_fire_hazard_2024,,2026-08-21T20:09:22Z,0.2.0,missing_dependency,Flood and built-up exposure are pending; interval reflects only fire's 45% weight.,partial,43.7377,98.7378,45,,official,territorial_fire_7_8_high_9_10_very_high,false
082943,Vallgorguina,41,Vallès Oriental,2024,,,,,,,35.769034,14.665304,65.099642,49.5561,,true,true,,70,derived,gencat_fire_hazard_2024,,2026-08-21T20:09:22Z,0.2.0,missing_dependency,Flood and built-up exposure are pending; interval reflects only fire's 45% weight.,partial,22.3002,77.3002,45,,official,territorial_fire_7_8_high_9_10_very_high,false
082956,Vallirana,11,Baix Llobregat,2024,,,,,,,21.825144,8.934269,39.693682,69.8091,,true,true,,70,derived,gencat_fire_hazard_2024,,2026-08-21T20:09:22Z,0.2.0,missing_dependency,Flood and built-up exposure are pending; interval reflects only fire's 45% weight.,partial,31.4141,86.4141,45,,official,territorial_fire_7_8_high_9_10_very_high,false
082969,Vallromanes,41,Vallès Oriental,2024,,,,,,,37.160494,33.82716,104.814815,17.8961,,true,true,,70,derived,gencat_fire_hazard_2024,,2026-08-21T20:09:22Z,0.2.0,missing_dependency,Flood and built-up exposure are pending; interval reflects only fire's 45% weight.,partial,8.0532,63.0532,45,,official,territorial_fire_7_8_high_9_10_very_high,false
082975,Veciana,06,Anoia,2024,,,,,,,56.831169,14.545455,85.922078,32.957,,true,true,,70,derived,gencat_fire_hazard_2024,,2026-08-21T20:09:22Z,0.2.0,missing_dependency,Flood and built-up exposure are pending; interval reflects only fire's 45% weight.,partial,14.8307,69.8307,45,,official,territorial_fire_7_8_high_9_10_very_high,false
082981,Vic,24,Osona,2024,,,,,,,18.547141,2.009274,22.565688,83.4631,,true,true,,70,derived,gencat_fire_hazard_2024,,2026-08-21T20:09:22Z,0.2.0,missing_dependency,Flood and built-up exposure are pending; interval reflects only fire's 45% weight.,partial,37.5584,92.5584,45,,official,territorial_fire_7_8_high_9_10_very_high,false
082994,Vilada,14,Berguedà,2024,,,,,,,36.90651,8.565835,54.038179,58.374,,true,true,,70,derived,gencat_fire_hazard_2024,,2026-08-21T20:09:22Z,0.2.0,missing_dependency,Flood and built-up exposure are pending; interval reflects only fire's 45% weight.,partial,26.2683,81.2683,45,,official,territorial_fire_7_8_high_9_10_very_high,false
083008,Viladecavalls,40,Vallès Occidental,2024,,,,,,,36.600891,42.838956,122.278803,3.9743,,true,true,,70,derived,gencat_fire_hazard_2024,,2026-08-21T20:09:22Z,0.2.0,missing_dependency,Flood and built-up exposure are pending; interval reflects only fire's 45% weight.,partial,1.7884,56.7884,45,,official,territorial_fire_7_8_high_9_10_very_high,false
083015,Viladecans,11,Baix Llobregat,2024,,,,,,,13.414634,14.45993,42.334495,67.7039,,true,true,,70,derived,gencat_fire_hazard_2024,,2026-08-21T20:09:22Z,0.2.0,missing_dependency,Flood and built-up exposure are pending; interval reflects only fire's 45% weight.,partial,30.4668,85.4668,45,,official,territorial_fire_7_8_high_9_10_very_high,false
083020,Vilanova del Camí,06,Anoia,2024,,,,,,,36.832413,36.095764,109.023941,14.5407,,true,true,,70,derived,gencat_fire_hazard_2024,,2026-08-21T20:09:22Z,0.2.0,missing_dependency,Flood and built-up exposure are pending; interval reflects only fire's 45% weight.,partial,6.5433,61.5433,45,,official,territorial_fire_7_8_high_9_10_very_high,false
083036,Vilanova de Sau,24,Osona,2024,,,,,,,14.322868,3.678246,21.679361,84.1697,,true,true,,70,derived,gencat_fire_hazard_2024,,2026-08-21T20:09:22Z,0.2.0,missing_dependency,Flood and built-up exposure are pending; interval reflects only fire's 45% weight.,partial,37.8764,92.8764,45,,official,territorial_fire_7_8_high_9_10_very_high,false
083041,Vilobí del Penedès,03,Alt Penedès,2024,,,,,,,41.509434,16.981132,75.471698,41.2877,,true,true,,70,derived,gencat_fire_hazard_2024,,2026-08-21T20:09:22Z,0.2.0,missing_dependency,Flood and built-up exposure are pending; interval reflects only fire's 45% weight.,partial,18.5795,73.5795,45,,official,territorial_fire_7_8_high_9_10_very_high,false
083054,Vilafranca del Penedès,03,Alt Penedès,2024,,,,,,,12.871287,3.960396,20.792079,84.877,,true,true,,70,derived,gencat_fire_hazard_2024,,2026-08-21T20:09:22Z,0.2.0,missing_dependency,Flood and built-up exposure are pending; interval reflects only fire's 45% weight.,partial,38.1946,93.1946,45,,official,territorial_fire_7_8_high_9_10_very_high,false
083067,Vilalba Sasserra,41,Vallès Oriental,2024,,,,,,,30.784314,11.372549,53.529412,58.7796,,true,true,,70,derived,gencat_fire_hazard_2024,,2026-08-21T20:09:22Z,0.2.0,missing_dependency,Flood and built-up exposure are pending; interval reflects only fire's 45% weight.,partial,26.4508,81.4508,45,,official,territorial_fire_7_8_high_9_10_very_high,false
083073,Vilanova i la Geltrú,17,Garraf,2024,,,,,,,15.734824,2.076677,19.888179,85.5976,,true,true,,70,derived,gencat_fire_hazard_2024,,2026-08-21T20:09:22Z,0.2.0,missing_dependency,Flood and built-up exposure are pending; interval reflects only fire's 45% weight.,partial,38.5189,93.5189,45,,official,territorial_fire_7_8_high_9_10_very_high,false
083089,Viver i Serrateix,14,Berguedà,2024,,,,,,,29.743681,7.102172,43.948024,66.4177,,true,true,,70,derived,gencat_fire_hazard_2024,,2026-08-21T20:09:22Z,0.2.0,missing_dependency,Flood and built-up exposure are pending; interval reflects only fire's 45% weight.,partial,29.888,84.888,45,,official,territorial_fire_7_8_high_9_10_very_high,false
089019,Rupit i Pruit,24,Osona,2024,,,,,,,10.192445,1.995723,14.183892,90.1449,,true,true,,70,derived,gencat_fire_hazard_2024,,2026-08-21T20:09:22Z,0.2.0,missing_dependency,Flood and built-up exposure are pending; interval reflects only fire's 45% weight.,partial,40.5652,95.5652,45,,official,territorial_fire_7_8_high_9_10_very_high,false
089024,Vilanova del Vallès,41,Vallès Oriental,2024,,,,,,,31.768953,17.087846,65.944645,48.8825,,true,true,,70,derived,gencat_fire_hazard_2024,,2026-08-21T20:09:22Z,0.2.0,missing_dependency,Flood and built-up exposure are pending; interval reflects only fire's 45% weight.,partial,21.9971,76.9971,45,,official,territorial_fire_7_8_high_9_10_very_high,false
089030,Sant Julià de Cerdanyola,14,Berguedà,2024,,,,,,,10.967742,3.502304,17.97235,87.1248,,true,true,,70,derived,gencat_fire_hazard_2024,,2026-08-21T20:09:22Z,0.2.0,missing_dependency,Flood and built-up exposure are pending; interval reflects only fire's 45% weight.,partial,39.2062,94.2062,45,,official,territorial_fire_7_8_high_9_10_very_high,false
089045,Badia del Vallès,40,Vallès Occidental,2024,,,,,,,0,0,0,100,,false,false,,70,derived,gencat_fire_hazard_2024,,2026-08-21T20:09:22Z,0.2.0,missing_dependency,Flood and built-up exposure are pending; interval reflects only fire's 45% weight.,partial,45,100,45,,official,territorial_fire_7_8_high_9_10_very_high,false
089058,la Palma de Cervelló,11,Baix Llobregat,2024,,,,,,,38.24228,37.054632,112.351544,11.888,,true,true,,70,derived,gencat_fire_hazard_2024,,2026-08-21T20:09:22Z,0.2.0,missing_dependency,Flood and built-up exposure are pending; interval reflects only fire's 45% weight.,partial,5.3496,60.3496,45,,official,territorial_fire_7_8_high_9_10_very_high,false
170010,Agullana,02,Alt Empordà,2024,,,,,,,52.044944,23.191011,98.426966,22.9884,,true,true,,70,derived,gencat_fire_hazard_2024,,2026-08-21T20:09:22Z,0.2.0,missing_dependency,Flood and built-up exposure are pending; interval reflects only fire's 45% weight.,partial,10.3448,65.3448,45,,official,territorial_fire_7_8_high_9_10_very_high,false
170025,Aiguaviva,20,Gironès,2024,,,,,,,49.001815,17.059891,83.121597,35.1894,,true,true,,70,derived,gencat_fire_hazard_2024,,2026-08-21T20:09:22Z,0.2.0,missing_dependency,Flood and built-up exposure are pending; interval reflects only fire's 45% weight.,partial,15.8352,70.8352,45,,official,territorial_fire_7_8_high_9_10_very_high,false
170031,Albanyà,02,Alt Empordà,2024,,,,,,,5.8546,0.557581,6.969762,95.8958,,true,true,,70,derived,gencat_fire_hazard_2024,,2026-08-21T20:09:22Z,0.2.0,missing_dependency,Flood and built-up exposure are pending; interval reflects only fire's 45% weight.,partial,43.1531,98.1531,45,,official,territorial_fire_7_8_high_9_10_very_high,false
170046,Albons,10,Baix Empordà,2024,,,,,,,12.719298,17.54386,47.807018,63.3414,,true,true,,70,derived,gencat_fire_hazard_2024,,2026-08-21T20:09:22Z,0.2.0,missing_dependency,Flood and built-up exposure are pending; interval reflects only fire's 45% weight.,partial,28.5036,83.5036,45,,official,territorial_fire_7_8_high_9_10_very_high,false
170059,el Far d'Empordà,02,Alt Empordà,2024,,,,,,,1.176471,0,1.176471,100,,false,false,,70,derived,gencat_fire_hazard_2024,,2026-08-21T20:09:22Z,0.2.0,missing_dependency,Flood and built-up exposure are pending; interval reflects only fire's 45% weight.,partial,45,100,45,,official,territorial_fire_7_8_high_9_10_very_high,false
170062,Alp,15,Cerdanya,2024,,,,,,,6.350757,0.73278,7.816317,95.221,,true,true,,70,derived,gencat_fire_hazard_2024,,2026-08-21T20:09:22Z,0.2.0,missing_dependency,Flood and built-up exposure are pending; interval reflects only fire's 45% weight.,partial,42.8495,97.8495,45,,official,territorial_fire_7_8_high_9_10_very_high,false
170078,Amer,34,Selva,2024,,,,,,,31.617219,8.31879,48.254799,62.9844,,true,true,,70,derived,gencat_fire_hazard_2024,,2026-08-21T20:09:22Z,0.2.0,missing_dependency,Flood and built-up exposure are pending; interval reflects only fire's 45% weight.,partial,28.343,83.343,45,,official,territorial_fire_7_8_high_9_10_very_high,false
170084,Anglès,34,Selva,2024,,,,,,,30.504404,4.723779,39.951962,69.6032,,true,true,,70,derived,gencat_fire_hazard_2024,,2026-08-21T20:09:22Z,0.2.0,missing_dependency,Flood and built-up exposure are pending; interval reflects only fire's 45% weight.,partial,31.3214,86.3214,45,,official,territorial_fire_7_8_high_9_10_very_high,false
170097,Arbúcies,34,Selva,2024,,,,,,,22.978619,10.407963,43.794544,66.54,,true,true,,70,derived,gencat_fire_hazard_2024,,2026-08-21T20:09:22Z,0.2.0,missing_dependency,Flood and built-up exposure are pending; interval reflects only fire's 45% weight.,partial,29.943,84.943,45,,official,territorial_fire_7_8_high_9_10_very_high,false
170101,Argelaguer,19,Garrotxa,2024,,,,,,,30.444204,9.64247,49.729144,61.8091,,true,true,,70,derived,gencat_fire_hazard_2024,,2026-08-21T20:09:22Z,0.2.0,missing_dependency,Flood and built-up exposure are pending; interval reflects only fire's 45% weight.,partial,27.8141,82.8141,45,,official,territorial_fire_7_8_high_9_10_very_high,false
170118,l'Armentera,02,Alt Empordà,2024,,,,,,,24.137931,10.344828,44.827586,65.7165,,true,true,,70,derived,gencat_fire_hazard_2024,,2026-08-21T20:09:22Z,0.2.0,missing_dependency,Flood and built-up exposure are pending; interval reflects only fire's 45% weight.,partial,29.5724,84.5724,45,,official,territorial_fire_7_8_high_9_10_very_high,false
170123,Avinyonet de Puigventós,02,Alt Empordà,2024,,,,,,,12.335958,7.611549,27.559055,79.4825,,true,true,,70,derived,gencat_fire_hazard_2024,,2026-08-21T20:09:22Z,0.2.0,missing_dependency,Flood and built-up exposure are pending; interval reflects only fire's 45% weight.,partial,35.7671,90.7671,45,,official,territorial_fire_7_8_high_9_10_very_high,false
170139,Begur,10,Baix Empordà,2024,,,,,,,29.018789,19.902575,68.823939,46.5872,,true,true,,70,derived,gencat_fire_hazard_2024,,2026-08-21T20:09:22Z,0.2.0,missing_dependency,Flood and built-up exposure are pending; interval reflects only fire's 45% weight.,partial,20.9642,75.9642,45,,official,territorial_fire_7_8_high_9_10_very_high,false
170144,la Vajol,02,Alt Empordà,2024,,,,,,,44.292237,16.666667,77.625571,39.5707,,true,true,,70,derived,gencat_fire_hazard_2024,,2026-08-21T20:09:22Z,0.2.0,missing_dependency,Flood and built-up exposure are pending; interval reflects only fire's 45% weight.,partial,17.8068,72.8068,45,,official,territorial_fire_7_8_high_9_10_very_high,false
170157,Banyoles,28,Pla de l'Estany,2024,,,,,,,19.186047,18.023256,55.232558,57.4219,,true,true,,70,derived,gencat_fire_hazard_2024,,2026-08-21T20:09:22Z,0.2.0,missing_dependency,Flood and built-up exposure are pending; interval reflects only fire's 45% weight.,partial,25.8399,80.8399,45,,official,territorial_fire_7_8_high_9_10_very_high,false
170160,Bàscara,02,Alt Empordà,2024,,,,,,,26.597938,52.371134,131.340206,0,,true,true,,70,derived,gencat_fire_hazard_2024,,2026-08-21T20:09:22Z,0.2.0,missing_dependency,Flood and built-up exposure are pending; interval reflects only fire's 45% weight.,partial,0,55,45,,official,territorial_fire_7_8_high_9_10_very_high,false
170182,Bellcaire d'Empordà,10,Baix Empordà,2024,,,,,,,0,0,0,100,,false,false,,70,derived,gencat_fire_hazard_2024,,2026-08-21T20:09:22Z,0.2.0,missing_dependency,Flood and built-up exposure are pending; interval reflects only fire's 45% weight.,partial,45,100,45,,official,territorial_fire_7_8_high_9_10_very_high,false
170195,Besalú,19,Garrotxa,2024,,,,,,,20.670391,9.497207,39.664804,69.8321,,true,true,,70,derived,gencat_fire_hazard_2024,,2026-08-21T20:09:22Z,0.2.0,missing_dependency,Flood and built-up exposure are pending; interval reflects only fire's 45% weight.,partial,31.4244,86.4244,45,,official,territorial_fire_7_8_high_9_10_very_high,false
170209,Bescanó,20,Gironès,2024,,,,,,,50.846774,16.733871,84.314516,34.2385,,true,true,,70,derived,gencat_fire_hazard_2024,,2026-08-21T20:09:22Z,0.2.0,missing_dependency,Flood and built-up exposure are pending; interval reflects only fire's 45% weight.,partial,15.4073,70.4073,45,,official,territorial_fire_7_8_high_9_10_very_high,false
170216,Beuda,19,Garrotxa,2024,,,,,,,28.659858,16.155989,60.971835,52.8467,,true,true,,70,derived,gencat_fire_hazard_2024,,2026-08-21T20:09:22Z,0.2.0,missing_dependency,Flood and built-up exposure are pending; interval reflects only fire's 45% weight.,partial,23.781,78.781,45,,official,territorial_fire_7_8_high_9_10_very_high,false
170221,la Bisbal d'Empordà,10,Baix Empordà,2024,,,,,,,37.881679,6.679389,51.240458,60.6043,,true,true,,70,derived,gencat_fire_hazard_2024,,2026-08-21T20:09:22Z,0.2.0,missing_dependency,Flood and built-up exposure are pending; interval reflects only fire's 45% weight.,partial,27.2719,82.2719,45,,official,territorial_fire_7_8_high_9_10_very_high,false
170237,Blanes,34,Selva,2024,,,,,,,25.440529,18.832599,63.105727,51.1456,,true,true,,70,derived,gencat_fire_hazard_2024,,2026-08-21T20:09:22Z,0.2.0,missing_dependency,Flood and built-up exposure are pending; interval reflects only fire's 45% weight.,partial,23.0155,78.0155,45,,official,territorial_fire_7_8_high_9_10_very_high,false
170242,Bolvir,15,Cerdanya,2024,,,,,,,14.454665,2.628121,19.710907,85.7389,,true,true,,70,derived,gencat_fire_hazard_2024,,2026-08-21T20:09:22Z,0.2.0,missing_dependency,Flood and built-up exposure are pending; interval reflects only fire's 45% weight.,partial,38.5825,93.5825,45,,official,territorial_fire_7_8_high_9_10_very_high,false
170255,Bordils,20,Gironès,2024,,,,,,,10.869565,2.173913,15.217391,89.321,,true,true,,70,derived,gencat_fire_hazard_2024,,2026-08-21T20:09:22Z,0.2.0,missing_dependency,Flood and built-up exposure are pending; interval reflects only fire's 45% weight.,partial,40.1945,95.1945,45,,official,territorial_fire_7_8_high_9_10_very_high,false
170268,Borrassà,02,Alt Empordà,2024,,,,,,,14.356436,68.811881,151.980198,0,,true,true,,70,derived,gencat_fire_hazard_2024,,2026-08-21T20:09:22Z,0.2.0,missing_dependency,Flood and built-up exposure are pending; interval reflects only fire's 45% weight.,partial,0,55,45,,official,territorial_fire_7_8_high_9_10_very_high,false
170274,Breda,34,Selva,2024,,,,,,,32.857143,17.142857,67.142857,47.9273,,true,true,,70,derived,gencat_fire_hazard_2024,,2026-08-21T20:09:22Z,0.2.0,missing_dependency,Flood and built-up exposure are pending; interval reflects only fire's 45% weight.,partial,21.5673,76.5673,45,,official,territorial_fire_7_8_high_9_10_very_high,false
170280,Brunyola i Sant Martí Sapresa,34,Selva,2024,,,,,,,45.688961,10.596293,66.881547,48.1356,,true,true,,70,derived,gencat_fire_hazard_2024,,2026-08-21T20:09:22Z,0.2.0,missing_dependency,Flood and built-up exposure are pending; interval reflects only fire's 45% weight.,partial,21.661,76.661,45,,official,territorial_fire_7_8_high_9_10_very_high,false
170293,Boadella i les Escaules,02,Alt Empordà,2024,,,,,,,22.544283,1.127214,24.798712,81.683,,true,true,,70,derived,gencat_fire_hazard_2024,,2026-08-21T20:09:22Z,0.2.0,missing_dependency,Flood and built-up exposure are pending; interval reflects only fire's 45% weight.,partial,36.7574,91.7574,45,,official,territorial_fire_7_8_high_9_10_very_high,false
170307,Cabanes,02,Alt Empordà,2024,,,,,,,11.965812,23.076923,58.119658,55.1204,,true,true,,70,derived,gencat_fire_hazard_2024,,2026-08-21T20:09:22Z,0.2.0,missing_dependency,Flood and built-up exposure are pending; interval reflects only fire's 45% weight.,partial,24.8042,79.8042,45,,official,territorial_fire_7_8_high_9_10_very_high,false
170314,Cabanelles,02,Alt Empordà,2024,,,,,,,33.006963,21.475196,75.957354,40.9006,,true,true,,70,derived,gencat_fire_hazard_2024,,2026-08-21T20:09:22Z,0.2.0,missing_dependency,Flood and built-up exposure are pending; interval reflects only fire's 45% weight.,partial,18.4053,73.4053,45,,official,territorial_fire_7_8_high_9_10_very_high,false
170329,Cadaqués,02,Alt Empordà,2024,,,,,,,25.502102,0.700607,26.903316,80.0053,,true,true,,70,derived,gencat_fire_hazard_2024,,2026-08-21T20:09:22Z,0.2.0,missing_dependency,Flood and built-up exposure are pending; interval reflects only fire's 45% weight.,partial,36.0024,91.0024,45,,official,territorial_fire_7_8_high_9_10_very_high,false
170335,Caldes de Malavella,34,Selva,2024,,,,,,,50.094877,21.948134,93.991145,26.5245,,true,true,,70,derived,gencat_fire_hazard_2024,,2026-08-21T20:09:22Z,0.2.0,missing_dependency,Flood and built-up exposure are pending; interval reflects only fire's 45% weight.,partial,11.936,66.936,45,,official,territorial_fire_7_8_high_9_10_very_high,false
170340,Calonge i Sant Antoni,10,Baix Empordà,2024,,,,,,,28.613139,3.79562,36.20438,72.5907,,true,true,,70,derived,gencat_fire_hazard_2024,,2026-08-21T20:09:22Z,0.2.0,missing_dependency,Flood and built-up exposure are pending; interval reflects only fire's 45% weight.,partial,32.6658,87.6658,45,,official,territorial_fire_7_8_high_9_10_very_high,false
170353,Camós,28,Pla de l'Estany,2024,,,,,,,44.749755,24.631992,94.013739,26.5065,,true,true,,70,derived,gencat_fire_hazard_2024,,2026-08-21T20:09:22Z,0.2.0,missing_dependency,Flood and built-up exposure are pending; interval reflects only fire's 45% weight.,partial,11.9279,66.9279,45,,official,territorial_fire_7_8_high_9_10_very_high,false
170366,Campdevànol,31,Ripollès,2024,,,,,,,14.266396,4.192022,22.650439,83.3956,,true,true,,70,derived,gencat_fire_hazard_2024,,2026-08-21T20:09:22Z,0.2.0,missing_dependency,Flood and built-up exposure are pending; interval reflects only fire's 45% weight.,partial,37.528,92.528,45,,official,territorial_fire_7_8_high_9_10_very_high,false
170372,Campelles,31,Ripollès,2024,,,,,,,7.01459,2.525253,12.065095,91.834,,true,true,,70,derived,gencat_fire_hazard_2024,,2026-08-21T20:09:22Z,0.2.0,missing_dependency,Flood and built-up exposure are pending; interval reflects only fire's 45% weight.,partial,41.3253,96.3253,45,,official,territorial_fire_7_8_high_9_10_very_high,false
170388,Campllong,20,Gironès,2024,,,,,,,40.361446,21.686747,83.73494,34.7005,,true,true,,70,derived,gencat_fire_hazard_2024,,2026-08-21T20:09:22Z,0.2.0,missing_dependency,Flood and built-up exposure are pending; interval reflects only fire's 45% weight.,partial,15.6152,70.6152,45,,official,territorial_fire_7_8_high_9_10_very_high,false
170391,Camprodon,31,Ripollès,2024,,,,,,,4.559118,1.783567,8.126253,94.9739,,true,true,,70,derived,gencat_fire_hazard_2024,,2026-08-21T20:09:22Z,0.2.0,missing_dependency,Flood and built-up exposure are pending; interval reflects only fire's 45% weight.,partial,42.7383,97.7383,45,,official,territorial_fire_7_8_high_9_10_very_high,false
170405,Canet d'Adri,20,Gironès,2024,,,,,,,31.745196,13.924717,59.59463,53.9446,,true,true,,70,derived,gencat_fire_hazard_2024,,2026-08-21T20:09:22Z,0.2.0,missing_dependency,Flood and built-up exposure are pending; interval reflects only fire's 45% weight.,partial,24.2751,79.2751,45,,official,territorial_fire_7_8_high_9_10_very_high,false
170412,Cantallops,02,Alt Empordà,2024,,,,,,,44.161359,3.467799,51.096957,60.7187,,true,true,,70,derived,gencat_fire_hazard_2024,,2026-08-21T20:09:22Z,0.2.0,missing_dependency,Flood and built-up exposure are pending; interval reflects only fire's 45% weight.,partial,27.3234,82.3234,45,,official,territorial_fire_7_8_high_9_10_very_high,false
170427,Capmany,02,Alt Empordà,2024,,,,,,,60.30871,8.820287,77.949283,39.3127,,true,true,,70,derived,gencat_fire_hazard_2024,,2026-08-21T20:09:22Z,0.2.0,missing_dependency,Flood and built-up exposure are pending; interval reflects only fire's 45% weight.,partial,17.6907,72.6907,45,,official,territorial_fire_7_8_high_9_10_very_high,false
170433,Queralbs,31,Ripollès,2024,,,,,,,0.695274,0.32591,1.347094,100,,true,true,,70,derived,gencat_fire_hazard_2024,,2026-08-21T20:09:22Z,0.2.0,missing_dependency,Flood and built-up exposure are pending; interval reflects only fire's 45% weight.,partial,45,100,45,,official,territorial_fire_7_8_high_9_10_very_high,false
170448,Cassà de la Selva,20,Gironès,2024,,,,,,,54.812257,8.1571,71.126457,44.7517,,true,true,,70,derived,gencat_fire_hazard_2024,,2026-08-21T20:09:22Z,0.2.0,missing_dependency,Flood and built-up exposure are pending; interval reflects only fire's 45% weight.,partial,20.1383,75.1383,45,,official,territorial_fire_7_8_high_9_10_very_high,false
170464,Castellfollit de la Roca,19,Garrotxa,2024,,,,,,,3.030303,0,3.030303,99.0363,,false,false,,70,derived,gencat_fire_hazard_2024,,2026-08-21T20:09:22Z,0.2.0,missing_dependency,Flood and built-up exposure are pending; interval reflects only fire's 45% weight.,partial,44.5663,99.5663,45,,official,territorial_fire_7_8_high_9_10_very_high,false
170470,Castelló d'Empúries,02,Alt Empordà,2024,,,,,,,2.6,1.8,6.2,96.5095,,true,true,,70,derived,gencat_fire_hazard_2024,,2026-08-21T20:09:22Z,0.2.0,missing_dependency,Flood and built-up exposure are pending; interval reflects only fire's 45% weight.,partial,43.4293,98.4293,45,,official,territorial_fire_7_8_high_9_10_very_high,false
170486,"Castell d'Aro, Platja d'Aro i s'Agaró",10,Baix Empordà,2024,,,,,,,24.453125,5.15625,34.765625,73.7376,,true,true,,70,derived,gencat_fire_hazard_2024,,2026-08-21T20:09:22Z,0.2.0,missing_dependency,Flood and built-up exposure are pending; interval reflects only fire's 45% weight.,partial,33.1819,88.1819,45,,official,territorial_fire_7_8_high_9_10_very_high,false
170499,Celrà,20,Gironès,2024,,,,,,,44.057971,9.782609,63.623188,50.7331,,true,true,,70,derived,gencat_fire_hazard_2024,,2026-08-21T20:09:22Z,0.2.0,missing_dependency,Flood and built-up exposure are pending; interval reflects only fire's 45% weight.,partial,22.8299,77.8299,45,,official,territorial_fire_7_8_high_9_10_very_high,false
170502,Cervià de Ter,20,Gironès,2024,,,,,,,36.608558,31.8542,100.316957,21.4817,,true,true,,70,derived,gencat_fire_hazard_2024,,2026-08-21T20:09:22Z,0.2.0,missing_dependency,Flood and built-up exposure are pending; interval reflects only fire's 45% weight.,partial,9.6668,64.6668,45,,official,territorial_fire_7_8_high_9_10_very_high,false
170519,Cistella,02,Alt Empordà,2024,,,,,,,47.790339,24.049332,95.889003,25.0116,,true,true,,70,derived,gencat_fire_hazard_2024,,2026-08-21T20:09:22Z,0.2.0,missing_dependency,Flood and built-up exposure are pending; interval reflects only fire's 45% weight.,partial,11.2552,66.2552,45,,official,territorial_fire_7_8_high_9_10_very_high,false
170524,Siurana,02,Alt Empordà,2024,,,,,,,13.461538,9.615385,32.692308,75.3904,,true,true,,70,derived,gencat_fire_hazard_2024,,2026-08-21T20:09:22Z,0.2.0,missing_dependency,Flood and built-up exposure are pending; interval reflects only fire's 45% weight.,partial,33.9257,88.9257,45,,official,territorial_fire_7_8_high_9_10_very_high,false
170545,Colera,02,Alt Empordà,2024,,,,,,,6.104523,0.658762,7.422047,95.5353,,true,true,,70,derived,gencat_fire_hazard_2024,,2026-08-21T20:09:22Z,0.2.0,missing_dependency,Flood and built-up exposure are pending; interval reflects only fire's 45% weight.,partial,42.9909,97.9909,45,,official,territorial_fire_7_8_high_9_10_very_high,false
170558,Colomers,10,Baix Empordà,2024,,,,,,,28.571429,38.77551,106.122449,16.8537,,true,true,,70,derived,gencat_fire_hazard_2024,,2026-08-21T20:09:22Z,0.2.0,missing_dependency,Flood and built-up exposure are pending; interval reflects only fire's 45% weight.,partial,7.5842,62.5842,45,,official,territorial_fire_7_8_high_9_10_very_high,false
170561,Cornellà del Terri,28,Pla de l'Estany,2024,,,,,,,39.043825,36.122178,111.288181,12.7357,,true,true,,70,derived,gencat_fire_hazard_2024,,2026-08-21T20:09:22Z,0.2.0,missing_dependency,Flood and built-up exposure are pending; interval reflects only fire's 45% weight.,partial,5.7311,60.7311,45,,official,territorial_fire_7_8_high_9_10_very_high,false
170577,Corçà,10,Baix Empordà,2024,,,,,,,44.245524,28.132992,100.511509,21.3266,,true,true,,70,derived,gencat_fire_hazard_2024,,2026-08-21T20:09:22Z,0.2.0,missing_dependency,Flood and built-up exposure are pending; interval reflects only fire's 45% weight.,partial,9.597,64.597,45,,official,territorial_fire_7_8_high_9_10_very_high,false
170583,Crespià,28,Pla de l'Estany,2024,,,,,,,35.294118,46.28483,127.863777,0,,true,true,,70,derived,gencat_fire_hazard_2024,,2026-08-21T20:09:22Z,0.2.0,missing_dependency,Flood and built-up exposure are pending; interval reflects only fire's 45% weight.,partial,0,55,45,,official,territorial_fire_7_8_high_9_10_very_high,false
170600,Darnius,02,Alt Empordà,2024,,,,,,,44.634628,6.978275,58.591178,54.7445,,true,true,,70,derived,gencat_fire_hazard_2024,,2026-08-21T20:09:22Z,0.2.0,missing_dependency,Flood and built-up exposure are pending; interval reflects only fire's 45% weight.,partial,24.635,79.635,45,,official,territorial_fire_7_8_high_9_10_very_high,false
170617,Das,15,Cerdanya,2024,,,,,,,10.055866,2.569832,15.195531,89.3384,,true,true,,70,derived,gencat_fire_hazard_2024,,2026-08-21T20:09:22Z,0.2.0,missing_dependency,Flood and built-up exposure are pending; interval reflects only fire's 45% weight.,partial,40.2023,95.2023,45,,official,territorial_fire_7_8_high_9_10_very_high,false
170622,l'Escala,02,Alt Empordà,2024,,,,,,,20.121951,16.463415,53.04878,59.1628,,true,true,,70,derived,gencat_fire_hazard_2024,,2026-08-21T20:09:22Z,0.2.0,missing_dependency,Flood and built-up exposure are pending; interval reflects only fire's 45% weight.,partial,26.6233,81.6233,45,,official,territorial_fire_7_8_high_9_10_very_high,false
170638,Espinelves,24,Osona,2024,,,,,,,14.242607,5.974653,26.191913,80.5724,,true,true,,70,derived,gencat_fire_hazard_2024,,2026-08-21T20:09:22Z,0.2.0,missing_dependency,Flood and built-up exposure are pending; interval reflects only fire's 45% weight.,partial,36.2576,91.2576,45,,official,territorial_fire_7_8_high_9_10_very_high,false
170643,Espolla,02,Alt Empordà,2024,,,,,,,45.005313,15.143464,75.292242,41.4308,,true,true,,70,derived,gencat_fire_hazard_2024,,2026-08-21T20:09:22Z,0.2.0,missing_dependency,Flood and built-up exposure are pending; interval reflects only fire's 45% weight.,partial,18.6439,73.6439,45,,official,territorial_fire_7_8_high_9_10_very_high,false
170656,Esponellà,28,Pla de l'Estany,2024,,,,,,,24.968632,63.989962,152.948557,0,,true,true,,70,derived,gencat_fire_hazard_2024,,2026-08-21T20:09:22Z,0.2.0,missing_dependency,Flood and built-up exposure are pending; interval reflects only fire's 45% weight.,partial,0,55,45,,official,territorial_fire_7_8_high_9_10_very_high,false
170669,Figueres,02,Alt Empordà,2024,,,,,,,12.043796,3.284672,18.613139,86.614,,true,true,,70,derived,gencat_fire_hazard_2024,,2026-08-21T20:09:22Z,0.2.0,missing_dependency,Flood and built-up exposure are pending; interval reflects only fire's 45% weight.,partial,38.9763,93.9763,45,,official,territorial_fire_7_8_high_9_10_very_high,false
170675,Flaçà,20,Gironès,2024,,,,,,,34.106729,48.955916,132.018561,0,,true,true,,70,derived,gencat_fire_hazard_2024,,2026-08-21T20:09:22Z,0.2.0,missing_dependency,Flood and built-up exposure are pending; interval reflects only fire's 45% weight.,partial,0,55,45,,official,territorial_fire_7_8_high_9_10_very_high,false
170681,Foixà,10,Baix Empordà,2024,,,,,,,26.231691,25.832224,77.896138,39.355,,true,true,,70,derived,gencat_fire_hazard_2024,,2026-08-21T20:09:22Z,0.2.0,missing_dependency,Flood and built-up exposure are pending; interval reflects only fire's 45% weight.,partial,17.7097,72.7098,45,,official,territorial_fire_7_8_high_9_10_very_high,false
170694,Fontanals de Cerdanya,15,Cerdanya,2024,,,,,,,12.861416,1.944167,16.749751,88.0995,,true,true,,70,derived,gencat_fire_hazard_2024,,2026-08-21T20:09:22Z,0.2.0,missing_dependency,Flood and built-up exposure are pending; interval reflects only fire's 45% weight.,partial,39.6448,94.6448,45,,official,territorial_fire_7_8_high_9_10_very_high,false
170708,Fontanilles,10,Baix Empordà,2024,,,,,,,20.325203,1.626016,23.577236,82.6568,,true,true,,70,derived,gencat_fire_hazard_2024,,2026-08-21T20:09:22Z,0.2.0,missing_dependency,Flood and built-up exposure are pending; interval reflects only fire's 45% weight.,partial,37.1956,92.1956,45,,official,territorial_fire_7_8_high_9_10_very_high,false
170715,Fontcoberta,28,Pla de l'Estany,2024,,,,,,,36.96319,53.220859,143.404908,0,,true,true,,70,derived,gencat_fire_hazard_2024,,2026-08-21T20:09:22Z,0.2.0,missing_dependency,Flood and built-up exposure are pending; interval reflects only fire's 45% weight.,partial,0,55,45,,official,territorial_fire_7_8_high_9_10_very_high,false
170736,Fornells de la Selva,20,Gironès,2024,,,,,,,35.504886,20.521173,76.547231,40.4304,,true,true,,70,derived,gencat_fire_hazard_2024,,2026-08-21T20:09:22Z,0.2.0,missing_dependency,Flood and built-up exposure are pending; interval reflects only fire's 45% weight.,partial,18.1937,73.1937,45,,official,territorial_fire_7_8_high_9_10_very_high,false
170741,Fortià,02,Alt Empordà,2024,,,,,,,0,5.555556,11.111111,92.5944,,true,true,,70,derived,gencat_fire_hazard_2024,,2026-08-21T20:09:22Z,0.2.0,missing_dependency,Flood and built-up exposure are pending; interval reflects only fire's 45% weight.,partial,41.6675,96.6675,45,,official,territorial_fire_7_8_high_9_10_very_high,false
170754,Garrigàs,02,Alt Empordà,2024,,,,,,,28.067485,36.042945,100.153374,21.6121,,true,true,,70,derived,gencat_fire_hazard_2024,,2026-08-21T20:09:22Z,0.2.0,missing_dependency,Flood and built-up exposure are pending; interval reflects only fire's 45% weight.,partial,9.7254,64.7254,45,,official,territorial_fire_7_8_high_9_10_very_high,false
170767,Garrigoles,10,Baix Empordà,2024,,,,,,,26.884422,46.733668,120.351759,5.5104,,true,true,,70,derived,gencat_fire_hazard_2024,,2026-08-21T20:09:22Z,0.2.0,missing_dependency,Flood and built-up exposure are pending; interval reflects only fire's 45% weight.,partial,2.4797,57.4797,45,,official,territorial_fire_7_8_high_9_10_very_high,false
170773,Garriguella,02,Alt Empordà,2024,,,,,,,31.977294,3.216651,38.410596,70.832,,true,true,,70,derived,gencat_fire_hazard_2024,,2026-08-21T20:09:22Z,0.2.0,missing_dependency,Flood and built-up exposure are pending; interval reflects only fire's 45% weight.,partial,31.8744,86.8744,45,,official,territorial_fire_7_8_high_9_10_very_high,false
170789,Ger,15,Cerdanya,2024,,,,,,,5.618707,0.389737,6.398181,96.3515,,true,true,,70,derived,gencat_fire_hazard_2024,,2026-08-21T20:09:22Z,0.2.0,missing_dependency,Flood and built-up exposure are pending; interval reflects only fire's 45% weight.,partial,43.3582,98.3582,45,,official,territorial_fire_7_8_high_9_10_very_high,false
170792,Girona,20,Gironès,2024,,,,,,,34.716459,17.104657,68.925772,46.506,,true,true,,70,derived,gencat_fire_hazard_2024,,2026-08-21T20:09:22Z,0.2.0,missing_dependency,Flood and built-up exposure are pending; interval reflects only fire's 45% weight.,partial,20.9277,75.9277,45,,official,territorial_fire_7_8_high_9_10_very_high,false
170806,Gombrèn,31,Ripollès,2024,,,,,,,13.622291,3.71517,21.052632,84.6693,,true,true,,70,derived,gencat_fire_hazard_2024,,2026-08-21T20:09:22Z,0.2.0,missing_dependency,Flood and built-up exposure are pending; interval reflects only fire's 45% weight.,partial,38.1012,93.1012,45,,official,territorial_fire_7_8_high_9_10_very_high,false
170813,Gualta,10,Baix Empordà,2024,,,,,,,24.637681,8.695652,42.028986,67.9475,,true,true,,70,derived,gencat_fire_hazard_2024,,2026-08-21T20:09:22Z,0.2.0,missing_dependency,Flood and built-up exposure are pending; interval reflects only fire's 45% weight.,partial,30.5764,85.5764,45,,official,territorial_fire_7_8_high_9_10_very_high,false
170828,Guils de Cerdanya,15,Cerdanya,2024,,,,,,,15.573303,9.640616,34.854535,73.6668,,true,true,,70,derived,gencat_fire_hazard_2024,,2026-08-21T20:09:22Z,0.2.0,missing_dependency,Flood and built-up exposure are pending; interval reflects only fire's 45% weight.,partial,33.1501,88.1501,45,,official,territorial_fire_7_8_high_9_10_very_high,false
170834,Hostalric,34,Selva,2024,,,,,,,23.857868,20.304569,64.467005,50.0604,,true,true,,70,derived,gencat_fire_hazard_2024,,2026-08-21T20:09:22Z,0.2.0,missing_dependency,Flood and built-up exposure are pending; interval reflects only fire's 45% weight.,partial,22.5272,77.5272,45,,official,territorial_fire_7_8_high_9_10_very_high,false
170849,Isòvol,15,Cerdanya,2024,,,,,,,8.101852,2.083333,12.268519,91.6718,,true,true,,70,derived,gencat_fire_hazard_2024,,2026-08-21T20:09:22Z,0.2.0,missing_dependency,Flood and built-up exposure are pending; interval reflects only fire's 45% weight.,partial,41.2523,96.2523,45,,official,territorial_fire_7_8_high_9_10_very_high,false
170852,Jafre,10,Baix Empordà,2024,,,,,,,33.128834,19.018405,71.165644,44.7204,,true,true,,70,derived,gencat_fire_hazard_2024,,2026-08-21T20:09:22Z,0.2.0,missing_dependency,Flood and built-up exposure are pending; interval reflects only fire's 45% weight.,partial,20.1242,75.1242,45,,official,territorial_fire_7_8_high_9_10_very_high,false
170865,la Jonquera,02,Alt Empordà,2024,,,,,,,43.33089,19.787468,82.905826,35.3614,,true,true,,70,derived,gencat_fire_hazard_2024,,2026-08-21T20:09:22Z,0.2.0,missing_dependency,Flood and built-up exposure are pending; interval reflects only fire's 45% weight.,partial,15.9126,70.9126,45,,official,territorial_fire_7_8_high_9_10_very_high,false
170871,Juià,20,Gironès,2024,,,,,,,43.48659,17.049808,77.586207,39.6021,,true,true,,70,derived,gencat_fire_hazard_2024,,2026-08-21T20:09:22Z,0.2.0,missing_dependency,Flood and built-up exposure are pending; interval reflects only fire's 45% weight.,partial,17.8209,72.8209,45,,official,territorial_fire_7_8_high_9_10_very_high,false
170887,Lladó,02,Alt Empordà,2024,,,,,,,45.802469,19.012346,83.82716,34.627,,true,true,,70,derived,gencat_fire_hazard_2024,,2026-08-21T20:09:22Z,0.2.0,missing_dependency,Flood and built-up exposure are pending; interval reflects only fire's 45% weight.,partial,15.5822,70.5822,45,,official,territorial_fire_7_8_high_9_10_very_high,false
170890,Llagostera,20,Gironès,2024,,,,,,,33.155292,2.908012,38.971316,70.385,,true,true,,70,derived,gencat_fire_hazard_2024,,2026-08-21T20:09:22Z,0.2.0,missing_dependency,Flood and built-up exposure are pending; interval reflects only fire's 45% weight.,partial,31.6733,86.6733,45,,official,territorial_fire_7_8_high_9_10_very_high,false
170904,Llambilles,20,Gironès,2024,,,,,,,59.696157,9.294013,78.284182,39.0457,,true,true,,70,derived,gencat_fire_hazard_2024,,2026-08-21T20:09:22Z,0.2.0,missing_dependency,Flood and built-up exposure are pending; interval reflects only fire's 45% weight.,partial,17.5706,72.5706,45,,official,territorial_fire_7_8_high_9_10_very_high,false
170911,Llanars,31,Ripollès,2024,,,,,,,0.824742,0.123711,1.072165,100,,true,true,,70,derived,gencat_fire_hazard_2024,,2026-08-21T20:09:22Z,0.2.0,missing_dependency,Flood and built-up exposure are pending; interval reflects only fire's 45% weight.,partial,45,100,45,,official,territorial_fire_7_8_high_9_10_very_high,false
170926,Llançà,02,Alt Empordà,2024,,,,,,,5.985037,0.207814,6.400665,96.3495,,true,true,,70,derived,gencat_fire_hazard_2024,,2026-08-21T20:09:22Z,0.2.0,missing_dependency,Flood and built-up exposure are pending; interval reflects only fire's 45% weight.,partial,43.3573,98.3573,45,,official,territorial_fire_7_8_high_9_10_very_high,false
170932,Llers,02,Alt Empordà,2024,,,,,,,16.782247,3.606103,23.994452,82.3242,,true,true,,70,derived,gencat_fire_hazard_2024,,2026-08-21T20:09:22Z,0.2.0,missing_dependency,Flood and built-up exposure are pending; interval reflects only fire's 45% weight.,partial,37.0459,92.0459,45,,official,territorial_fire_7_8_high_9_10_very_high,false
170947,Llívia,15,Cerdanya,2024,,,,,,,5.354559,0.723589,6.801737,96.0298,,true,true,,70,derived,gencat_fire_hazard_2024,,2026-08-21T20:09:22Z,0.2.0,missing_dependency,Flood and built-up exposure are pending; interval reflects only fire's 45% weight.,partial,43.2134,98.2134,45,,official,territorial_fire_7_8_high_9_10_very_high,false
170950,Lloret de Mar,34,Selva,2024,,,,,,,21.583113,4.643799,30.870712,76.8426,,true,true,,70,derived,gencat_fire_hazard_2024,,2026-08-21T20:09:22Z,0.2.0,missing_dependency,Flood and built-up exposure are pending; interval reflects only fire's 45% weight.,partial,34.5792,89.5792,45,,official,territorial_fire_7_8_high_9_10_very_high,false
170963,les Llosses,31,Ripollès,2024,,,,,,,22.052164,2.907082,27.866329,79.2376,,true,true,,70,derived,gencat_fire_hazard_2024,,2026-08-21T20:09:22Z,0.2.0,missing_dependency,Flood and built-up exposure are pending; interval reflects only fire's 45% weight.,partial,35.6569,90.6569,45,,official,territorial_fire_7_8_high_9_10_very_high,false
170979,Madremanya,20,Gironès,2024,,,,,,,35.190918,12.693498,60.577915,53.1607,,true,true,,70,derived,gencat_fire_hazard_2024,,2026-08-21T20:09:22Z,0.2.0,missing_dependency,Flood and built-up exposure are pending; interval reflects only fire's 45% weight.,partial,23.9223,78.9223,45,,official,territorial_fire_7_8_high_9_10_very_high,false
170985,Maià de Montcal,19,Garrotxa,2024,,,,,,,36.353712,40.174672,116.703057,8.4191,,true,true,,70,derived,gencat_fire_hazard_2024,,2026-08-21T20:09:22Z,0.2.0,missing_dependency,Flood and built-up exposure are pending; interval reflects only fire's 45% weight.,partial,3.7886,58.7886,45,,official,territorial_fire_7_8_high_9_10_very_high,false
170998,Meranges,15,Cerdanya,2024,,,,,,,8.724653,2.481323,13.6873,90.5408,,true,true,,70,derived,gencat_fire_hazard_2024,,2026-08-21T20:09:22Z,0.2.0,missing_dependency,Flood and built-up exposure are pending; interval reflects only fire's 45% weight.,partial,40.7434,95.7434,45,,official,territorial_fire_7_8_high_9_10_very_high,false
171002,Masarac i Vilarnadal,02,Alt Empordà,2024,,,,,,,60.965795,10.865191,82.696177,35.5286,,true,true,,70,derived,gencat_fire_hazard_2024,,2026-08-21T20:09:22Z,0.2.0,missing_dependency,Flood and built-up exposure are pending; interval reflects only fire's 45% weight.,partial,15.9879,70.9879,45,,official,territorial_fire_7_8_high_9_10_very_high,false
171019,Massanes,34,Selva,2024,,,,,,,33.304196,11.582168,56.468531,56.4366,,true,true,,70,derived,gencat_fire_hazard_2024,,2026-08-21T20:09:22Z,0.2.0,missing_dependency,Flood and built-up exposure are pending; interval reflects only fire's 45% weight.,partial,25.3965,80.3965,45,,official,territorial_fire_7_8_high_9_10_very_high,false
171024,Maçanet de Cabrenys,02,Alt Empordà,2024,,,,,,,31.199389,6.386555,43.972498,66.3981,,true,true,,70,derived,gencat_fire_hazard_2024,,2026-08-21T20:09:22Z,0.2.0,missing_dependency,Flood and built-up exposure are pending; interval reflects only fire's 45% weight.,partial,29.8791,84.8791,45,,official,territorial_fire_7_8_high_9_10_very_high,false
171030,Maçanet de la Selva,34,Selva,2024,,,,,,,28.690518,7.606808,43.904133,66.4526,,true,true,,70,derived,gencat_fire_hazard_2024,,2026-08-21T20:09:22Z,0.2.0,missing_dependency,Flood and built-up exposure are pending; interval reflects only fire's 45% weight.,partial,29.9037,84.9037,45,,official,territorial_fire_7_8_high_9_10_very_high,false
171058,Mieres,19,Garrotxa,2024,,,,,,,27.854098,10.516343,48.886784,62.4806,,true,true,,70,derived,gencat_fire_hazard_2024,,2026-08-21T20:09:22Z,0.2.0,missing_dependency,Flood and built-up exposure are pending; interval reflects only fire's 45% weight.,partial,28.1163,83.1163,45,,official,territorial_fire_7_8_high_9_10_very_high,false
171061,Mollet de Peralada,02,Alt Empordà,2024,,,,,,,50.310559,1.863354,54.037267,58.3748,,true,true,,70,derived,gencat_fire_hazard_2024,,2026-08-21T20:09:22Z,0.2.0,missing_dependency,Flood and built-up exposure are pending; interval reflects only fire's 45% weight.,partial,26.2687,81.2687,45,,official,territorial_fire_7_8_high_9_10_very_high,false
171077,Molló,31,Ripollès,2024,,,,,,,1.021152,0.364697,1.750547,100,,true,true,,70,derived,gencat_fire_hazard_2024,,2026-08-21T20:09:22Z,0.2.0,missing_dependency,Flood and built-up exposure are pending; interval reflects only fire's 45% weight.,partial,45,100,45,,official,territorial_fire_7_8_high_9_10_very_high,false
171096,Montagut i Oix,19,Garrotxa,2024,,,,,,,9.593089,2.557399,14.707888,89.7272,,true,true,,70,derived,gencat_fire_hazard_2024,,2026-08-21T20:09:22Z,0.2.0,missing_dependency,Flood and built-up exposure are pending; interval reflects only fire's 45% weight.,partial,40.3772,95.3772,45,,official,territorial_fire_7_8_high_9_10_very_high,false
171100,Mont-ras,10,Baix Empordà,2024,,,,,,,46.875,18.181818,83.238636,35.0961,,true,true,,70,derived,gencat_fire_hazard_2024,,2026-08-21T20:09:22Z,0.2.0,missing_dependency,Flood and built-up exposure are pending; interval reflects only fire's 45% weight.,partial,15.7932,70.7932,45,,official,territorial_fire_7_8_high_9_10_very_high,false
171117,Navata,02,Alt Empordà,2024,,,,,,,43.602694,35.858586,115.319865,9.5217,,true,true,,70,derived,gencat_fire_hazard_2024,,2026-08-21T20:09:22Z,0.2.0,missing_dependency,Flood and built-up exposure are pending; interval reflects only fire's 45% weight.,partial,4.2848,59.2848,45,,official,territorial_fire_7_8_high_9_10_very_high,false
171122,Ogassa,31,Ripollès,2024,,,,,,,4.782123,1.206704,7.195531,95.7159,,true,true,,70,derived,gencat_fire_hazard_2024,,2026-08-21T20:09:22Z,0.2.0,missing_dependency,Flood and built-up exposure are pending; interval reflects only fire's 45% weight.,partial,43.0722,98.0722,45,,official,territorial_fire_7_8_high_9_10_very_high,false
171143,Olot,19,Garrotxa,2024,,,,,,,20.622568,6.225681,33.07393,75.0862,,true,true,,70,derived,gencat_fire_hazard_2024,,2026-08-21T20:09:22Z,0.2.0,missing_dependency,Flood and built-up exposure are pending; interval reflects only fire's 45% weight.,partial,33.7888,88.7888,45,,official,territorial_fire_7_8_high_9_10_very_high,false
171156,Ordis,02,Alt Empordà,2024,,,,,,,22.330097,63.106796,148.543689,0,,true,true,,70,derived,gencat_fire_hazard_2024,,2026-08-21T20:09:22Z,0.2.0,missing_dependency,Flood and built-up exposure are pending; interval reflects only fire's 45% weight.,partial,0,55,45,,official,territorial_fire_7_8_high_9_10_very_high,false
171169,Osor,34,Selva,2024,,,,,,,6.819518,1.293357,9.406232,93.9535,,true,true,,70,derived,gencat_fire_hazard_2024,,2026-08-21T20:09:22Z,0.2.0,missing_dependency,Flood and built-up exposure are pending; interval reflects only fire's 45% weight.,partial,42.2791,97.2791,45,,official,territorial_fire_7_8_high_9_10_very_high,false
171175,Palafrugell,10,Baix Empordà,2024,,,,,,,46.153846,20.954907,88.06366,31.2497,,true,true,,70,derived,gencat_fire_hazard_2024,,2026-08-21T20:09:22Z,0.2.0,missing_dependency,Flood and built-up exposure are pending; interval reflects only fire's 45% weight.,partial,14.0624,69.0624,45,,official,territorial_fire_7_8_high_9_10_very_high,false
171181,Palamós,10,Baix Empordà,2024,,,,,,,36.137931,15.448276,67.034483,48.0137,,true,true,,70,derived,gencat_fire_hazard_2024,,2026-08-21T20:09:22Z,0.2.0,missing_dependency,Flood and built-up exposure are pending; interval reflects only fire's 45% weight.,partial,21.6062,76.6062,45,,official,territorial_fire_7_8_high_9_10_very_high,false
171194,Palau de Santa Eulàlia,02,Alt Empordà,2024,,,,,,,13.851351,58.445946,130.743243,0,,true,true,,70,derived,gencat_fire_hazard_2024,,2026-08-21T20:09:22Z,0.2.0,missing_dependency,Flood and built-up exposure are pending; interval reflects only fire's 45% weight.,partial,0,55,45,,official,territorial_fire_7_8_high_9_10_very_high,false
171208,Palau-saverdera,02,Alt Empordà,2024,,,,,,,24.237805,1.52439,27.286585,79.6998,,true,true,,70,derived,gencat_fire_hazard_2024,,2026-08-21T20:09:22Z,0.2.0,missing_dependency,Flood and built-up exposure are pending; interval reflects only fire's 45% weight.,partial,35.8649,90.8649,45,,official,territorial_fire_7_8_high_9_10_very_high,false
171215,Palau-sator,10,Baix Empordà,2024,,,,,,,49.099099,25.225225,99.54955,22.0935,,true,true,,70,derived,gencat_fire_hazard_2024,,2026-08-21T20:09:22Z,0.2.0,missing_dependency,Flood and built-up exposure are pending; interval reflects only fire's 45% weight.,partial,9.9421,64.9421,45,,official,territorial_fire_7_8_high_9_10_very_high,false
171236,Palol de Revardit,28,Pla de l'Estany,2024,,,,,,,54.341317,29.416168,113.173653,11.2327,,true,true,,70,derived,gencat_fire_hazard_2024,,2026-08-21T20:09:22Z,0.2.0,missing_dependency,Flood and built-up exposure are pending; interval reflects only fire's 45% weight.,partial,5.0547,60.0547,45,,official,territorial_fire_7_8_high_9_10_very_high,false
171241,Pals,10,Baix Empordà,2024,,,,,,,26.567481,49.840595,126.248672,0.8096,,true,true,,70,derived,gencat_fire_hazard_2024,,2026-08-21T20:09:22Z,0.2.0,missing_dependency,Flood and built-up exposure are pending; interval reflects only fire's 45% weight.,partial,0.3643,55.3643,45,,official,territorial_fire_7_8_high_9_10_very_high,false
171254,Pardines,31,Ripollès,2024,,,,,,,1.409836,0.065574,1.540984,100,,true,true,,70,derived,gencat_fire_hazard_2024,,2026-08-21T20:09:22Z,0.2.0,missing_dependency,Flood and built-up exposure are pending; interval reflects only fire's 45% weight.,partial,45,100,45,,official,territorial_fire_7_8_high_9_10_very_high,false
171267,Parlavà,10,Baix Empordà,2024,,,,,,,41.935484,12.903226,67.741935,47.4497,,true,true,,70,derived,gencat_fire_hazard_2024,,2026-08-21T20:09:22Z,0.2.0,missing_dependency,Flood and built-up exposure are pending; interval reflects only fire's 45% weight.,partial,21.3524,76.3524,45,,official,territorial_fire_7_8_high_9_10_very_high,false
171289,Pau,02,Alt Empordà,2024,,,,,,,48.888889,5.185185,59.259259,54.2119,,true,true,,70,derived,gencat_fire_hazard_2024,,2026-08-21T20:09:22Z,0.2.0,missing_dependency,Flood and built-up exposure are pending; interval reflects only fire's 45% weight.,partial,24.3954,79.3954,45,,official,territorial_fire_7_8_high_9_10_very_high,false
171292,Pedret i Marzà,02,Alt Empordà,2024,,,,,,,18.269231,3.846154,25.961538,80.756,,true,true,,70,derived,gencat_fire_hazard_2024,,2026-08-21T20:09:22Z,0.2.0,missing_dependency,Flood and built-up exposure are pending; interval reflects only fire's 45% weight.,partial,36.3402,91.3402,45,,official,territorial_fire_7_8_high_9_10_very_high,false
171306,la Pera,10,Baix Empordà,2024,,,,,,,45.023697,43.127962,131.279621,0,,true,true,,70,derived,gencat_fire_hazard_2024,,2026-08-21T20:09:22Z,0.2.0,missing_dependency,Flood and built-up exposure are pending; interval reflects only fire's 45% weight.,partial,0,55,45,,official,territorial_fire_7_8_high_9_10_very_high,false
171328,Peralada,02,Alt Empordà,2024,,,,,,,23.196881,6.822612,36.842105,72.0823,,true,true,,70,derived,gencat_fire_hazard_2024,,2026-08-21T20:09:22Z,0.2.0,missing_dependency,Flood and built-up exposure are pending; interval reflects only fire's 45% weight.,partial,32.437,87.437,45,,official,territorial_fire_7_8_high_9_10_very_high,false
171334,les Planes d'Hostoles,19,Garrotxa,2024,,,,,,,23.626374,6.135531,35.897436,72.8354,,true,true,,70,derived,gencat_fire_hazard_2024,,2026-08-21T20:09:22Z,0.2.0,missing_dependency,Flood and built-up exposure are pending; interval reflects only fire's 45% weight.,partial,32.7759,87.7759,45,,official,territorial_fire_7_8_high_9_10_very_high,false
171349,Planoles,31,Ripollès,2024,,,,,,,9.145022,1.406926,11.958874,91.9186,,true,true,,70,derived,gencat_fire_hazard_2024,,2026-08-21T20:09:22Z,0.2.0,missing_dependency,Flood and built-up exposure are pending; interval reflects only fire's 45% weight.,partial,41.3634,96.3634,45,,official,territorial_fire_7_8_high_9_10_very_high,false
171352,Pont de Molins,02,Alt Empordà,2024,,,,,,,22.222222,8.888889,40,69.5649,,true,true,,70,derived,gencat_fire_hazard_2024,,2026-08-21T20:09:22Z,0.2.0,missing_dependency,Flood and built-up exposure are pending; interval reflects only fire's 45% weight.,partial,31.3042,86.3042,45,,official,territorial_fire_7_8_high_9_10_very_high,false
171365,Pontós,02,Alt Empordà,2024,,,,,,,25.266904,53.380783,132.02847,0,,true,true,,70,derived,gencat_fire_hazard_2024,,2026-08-21T20:09:22Z,0.2.0,missing_dependency,Flood and built-up exposure are pending; interval reflects only fire's 45% weight.,partial,0,55,45,,official,territorial_fire_7_8_high_9_10_very_high,false
171371,Porqueres,28,Pla de l'Estany,2024,,,,,,,36.719065,16.646514,70.012092,45.64,,true,true,,70,derived,gencat_fire_hazard_2024,,2026-08-21T20:09:22Z,0.2.0,missing_dependency,Flood and built-up exposure are pending; interval reflects only fire's 45% weight.,partial,20.538,75.538,45,,official,territorial_fire_7_8_high_9_10_very_high,false
171387,Portbou,02,Alt Empordà,2024,,,,,,,2.881152,0,2.881152,99.1552,,false,false,,70,derived,gencat_fire_hazard_2024,,2026-08-21T20:09:22Z,0.2.0,missing_dependency,Flood and built-up exposure are pending; interval reflects only fire's 45% weight.,partial,44.6198,99.6198,45,,official,territorial_fire_7_8_high_9_10_very_high,false
171390,les Preses,19,Garrotxa,2024,,,,,,,5.835962,2.839117,11.514196,92.2731,,true,true,,70,derived,gencat_fire_hazard_2024,,2026-08-21T20:09:22Z,0.2.0,missing_dependency,Flood and built-up exposure are pending; interval reflects only fire's 45% weight.,partial,41.5229,96.5229,45,,official,territorial_fire_7_8_high_9_10_very_high,false
171404,el Port de la Selva,02,Alt Empordà,2024,,,,,,,16.833977,1.235521,19.305019,86.0625,,true,true,,70,derived,gencat_fire_hazard_2024,,2026-08-21T20:09:22Z,0.2.0,missing_dependency,Flood and built-up exposure are pending; interval reflects only fire's 45% weight.,partial,38.7281,93.7281,45,,official,territorial_fire_7_8_high_9_10_very_high,false
171411,Puigcerdà,15,Cerdanya,2024,,,,,,,6.866197,0.96831,8.802817,94.4346,,true,true,,70,derived,gencat_fire_hazard_2024,,2026-08-21T20:09:22Z,0.2.0,missing_dependency,Flood and built-up exposure are pending; interval reflects only fire's 45% weight.,partial,42.4956,97.4956,45,,official,territorial_fire_7_8_high_9_10_very_high,false
171426,Quart,20,Gironès,2024,,,,,,,27.296742,6.574699,40.44614,69.2093,,true,true,,70,derived,gencat_fire_hazard_2024,,2026-08-21T20:09:22Z,0.2.0,missing_dependency,Flood and built-up exposure are pending; interval reflects only fire's 45% weight.,partial,31.1442,86.1442,45,,official,territorial_fire_7_8_high_9_10_very_high,false
171432,Rabós,02,Alt Empordà,2024,,,,,,,27.077001,5.29382,37.66464,71.4266,,true,true,,70,derived,gencat_fire_hazard_2024,,2026-08-21T20:09:22Z,0.2.0,missing_dependency,Flood and built-up exposure are pending; interval reflects only fire's 45% weight.,partial,32.142,87.142,45,,official,territorial_fire_7_8_high_9_10_very_high,false
171447,Regencós,10,Baix Empordà,2024,,,,,,,29.239766,39.473684,108.187135,15.2078,,true,true,,70,derived,gencat_fire_hazard_2024,,2026-08-21T20:09:22Z,0.2.0,missing_dependency,Flood and built-up exposure are pending; interval reflects only fire's 45% weight.,partial,6.8435,61.8435,45,,official,territorial_fire_7_8_high_9_10_very_high,false
171450,Ribes de Freser,31,Ripollès,2024,,,,,,,6.554878,1.117886,8.79065,94.4443,,true,true,,70,derived,gencat_fire_hazard_2024,,2026-08-21T20:09:22Z,0.2.0,missing_dependency,Flood and built-up exposure are pending; interval reflects only fire's 45% weight.,partial,42.4999,97.4999,45,,official,territorial_fire_7_8_high_9_10_very_high,false
171463,Riells i Viabrea,34,Selva,2024,,,,,,,26.669558,6.808326,40.28621,69.3368,,true,true,,70,derived,gencat_fire_hazard_2024,,2026-08-21T20:09:22Z,0.2.0,missing_dependency,Flood and built-up exposure are pending; interval reflects only fire's 45% weight.,partial,31.2016,86.2016,45,,official,territorial_fire_7_8_high_9_10_very_high,false
171479,Ripoll,31,Ripollès,2024,,,,,,,9.72369,2.400725,14.52514,89.8729,,true,true,,70,derived,gencat_fire_hazard_2024,,2026-08-21T20:09:22Z,0.2.0,missing_dependency,Flood and built-up exposure are pending; interval reflects only fire's 45% weight.,partial,40.4428,95.4428,45,,official,territorial_fire_7_8_high_9_10_very_high,false
171485,Riudarenes,34,Selva,2024,,,,,,,34.222582,9.458367,53.139316,59.0906,,true,true,,70,derived,gencat_fire_hazard_2024,,2026-08-21T20:09:22Z,0.2.0,missing_dependency,Flood and built-up exposure are pending; interval reflects only fire's 45% weight.,partial,26.5908,81.5908,45,,official,territorial_fire_7_8_high_9_10_very_high,false
171498,Riudaura,19,Garrotxa,2024,,,,,,,11.461717,3.155452,17.772622,87.2841,,true,true,,70,derived,gencat_fire_hazard_2024,,2026-08-21T20:09:22Z,0.2.0,missing_dependency,Flood and built-up exposure are pending; interval reflects only fire's 45% weight.,partial,39.2778,94.2778,45,,official,territorial_fire_7_8_high_9_10_very_high,false
171501,Riudellots de la Selva,34,Selva,2024,,,,,,,32.017544,11.403509,54.824561,57.7471,,true,true,,70,derived,gencat_fire_hazard_2024,,2026-08-21T20:09:22Z,0.2.0,missing_dependency,Flood and built-up exposure are pending; interval reflects only fire's 45% weight.,partial,25.9862,80.9862,45,,official,territorial_fire_7_8_high_9_10_very_high,false
171518,Riumors,02,Alt Empordà,2024,,,,,,,0,20,40,69.5649,,true,true,,70,derived,gencat_fire_hazard_2024,,2026-08-21T20:09:22Z,0.2.0,missing_dependency,Flood and built-up exposure are pending; interval reflects only fire's 45% weight.,partial,31.3042,86.3042,45,,official,territorial_fire_7_8_high_9_10_very_high,false
171523,Roses,02,Alt Empordà,2024,,,,,,,19.65625,1.1875,22.03125,83.8892,,true,true,,70,derived,gencat_fire_hazard_2024,,2026-08-21T20:09:22Z,0.2.0,missing_dependency,Flood and built-up exposure are pending; interval reflects only fire's 45% weight.,partial,37.7501,92.7501,45,,official,territorial_fire_7_8_high_9_10_very_high,false
171539,Rupià,10,Baix Empordà,2024,,,,,,,30,29.166667,88.333333,31.0348,,true,true,,70,derived,gencat_fire_hazard_2024,,2026-08-21T20:09:22Z,0.2.0,missing_dependency,Flood and built-up exposure are pending; interval reflects only fire's 45% weight.,partial,13.9657,68.9657,45,,official,territorial_fire_7_8_high_9_10_very_high,false
171544,Sales de Llierca,19,Garrotxa,2024,,,,,,,15.203992,3.639566,22.483123,83.529,,true,true,,70,derived,gencat_fire_hazard_2024,,2026-08-21T20:09:22Z,0.2.0,missing_dependency,Flood and built-up exposure are pending; interval reflects only fire's 45% weight.,partial,37.5881,92.5881,45,,official,territorial_fire_7_8_high_9_10_very_high,false
171557,Salt,20,Gironès,2024,,,,,,,15.697674,37.790698,91.27907,28.6865,,true,true,,70,derived,gencat_fire_hazard_2024,,2026-08-21T20:09:22Z,0.2.0,missing_dependency,Flood and built-up exposure are pending; interval reflects only fire's 45% weight.,partial,12.9089,67.9089,45,,official,territorial_fire_7_8_high_9_10_very_high,false
171576,Sant Andreu Salou,20,Gironès,2024,,,,,,,41.584158,6.930693,55.445545,57.2521,,true,true,,70,derived,gencat_fire_hazard_2024,,2026-08-21T20:09:22Z,0.2.0,missing_dependency,Flood and built-up exposure are pending; interval reflects only fire's 45% weight.,partial,25.7634,80.7634,45,,official,territorial_fire_7_8_high_9_10_very_high,false
171582,Sant Climent Sescebes,02,Alt Empordà,2024,,,,,,,64.549064,7.033466,78.615995,38.7812,,true,true,,70,derived,gencat_fire_hazard_2024,,2026-08-21T20:09:22Z,0.2.0,missing_dependency,Flood and built-up exposure are pending; interval reflects only fire's 45% weight.,partial,17.4515,72.4515,45,,official,territorial_fire_7_8_high_9_10_very_high,false
171595,Sant Feliu de Buixalleu,34,Selva,2024,,,,,,,32.693373,10.780875,54.255123,58.2011,,true,true,,70,derived,gencat_fire_hazard_2024,,2026-08-21T20:09:22Z,0.2.0,missing_dependency,Flood and built-up exposure are pending; interval reflects only fire's 45% weight.,partial,26.1905,81.1905,45,,official,territorial_fire_7_8_high_9_10_very_high,false
171609,Sant Feliu de Guíxols,10,Baix Empordà,2024,,,,,,,19.620253,4.520796,28.661844,78.6034,,true,true,,70,derived,gencat_fire_hazard_2024,,2026-08-21T20:09:22Z,0.2.0,missing_dependency,Flood and built-up exposure are pending; interval reflects only fire's 45% weight.,partial,35.3715,90.3715,45,,official,territorial_fire_7_8_high_9_10_very_high,false
171616,Sant Feliu de Pallerols,19,Garrotxa,2024,,,,,,,6.390211,1.291638,8.973487,94.2985,,true,true,,70,derived,gencat_fire_hazard_2024,,2026-08-21T20:09:22Z,0.2.0,missing_dependency,Flood and built-up exposure are pending; interval reflects only fire's 45% weight.,partial,42.4343,97.4343,45,,official,territorial_fire_7_8_high_9_10_very_high,false
171621,Sant Ferriol,19,Garrotxa,2024,,,,,,,31.689765,8.502132,48.69403,62.6343,,true,true,,70,derived,gencat_fire_hazard_2024,,2026-08-21T20:09:22Z,0.2.0,missing_dependency,Flood and built-up exposure are pending; interval reflects only fire's 45% weight.,partial,28.1854,83.1854,45,,official,territorial_fire_7_8_high_9_10_very_high,false
171637,Sant Gregori,20,Gironès,2024,,,,,,,45.885978,28.104777,102.095532,20.0639,,true,true,,70,derived,gencat_fire_hazard_2024,,2026-08-21T20:09:22Z,0.2.0,missing_dependency,Flood and built-up exposure are pending; interval reflects only fire's 45% weight.,partial,9.0288,64.0288,45,,official,territorial_fire_7_8_high_9_10_very_high,false
171642,Sant Hilari Sacalm,34,Selva,2024,,,,,,,13.503462,6.476019,26.455501,80.3623,,true,true,,70,derived,gencat_fire_hazard_2024,,2026-08-21T20:09:22Z,0.2.0,missing_dependency,Flood and built-up exposure are pending; interval reflects only fire's 45% weight.,partial,36.163,91.163,45,,official,territorial_fire_7_8_high_9_10_very_high,false
171655,Sant Jaume de Llierca,19,Garrotxa,2024,,,,,,,18.978102,8.515815,36.009732,72.7459,,true,true,,70,derived,gencat_fire_hazard_2024,,2026-08-21T20:09:22Z,0.2.0,missing_dependency,Flood and built-up exposure are pending; interval reflects only fire's 45% weight.,partial,32.7357,87.7357,45,,official,territorial_fire_7_8_high_9_10_very_high,false
171668,Sant Jordi Desvalls,20,Gironès,2024,,,,,,,42.396313,19.354839,81.105991,36.7962,,true,true,,70,derived,gencat_fire_hazard_2024,,2026-08-21T20:09:22Z,0.2.0,missing_dependency,Flood and built-up exposure are pending; interval reflects only fire's 45% weight.,partial,16.5583,71.5583,45,,official,territorial_fire_7_8_high_9_10_very_high,false
171674,Sant Joan de les Abadesses,31,Ripollès,2024,,,,,,,8.739496,2.857143,14.453782,89.9298,,true,true,,70,derived,gencat_fire_hazard_2024,,2026-08-21T20:09:22Z,0.2.0,missing_dependency,Flood and built-up exposure are pending; interval reflects only fire's 45% weight.,partial,40.4684,95.4684,45,,official,territorial_fire_7_8_high_9_10_very_high,false
171680,Sant Joan de Mollet,20,Gironès,2024,,,,,,,18.548387,19.354839,57.258065,55.8072,,true,true,,70,derived,gencat_fire_hazard_2024,,2026-08-21T20:09:22Z,0.2.0,missing_dependency,Flood and built-up exposure are pending; interval reflects only fire's 45% weight.,partial,25.1132,80.1132,45,,official,territorial_fire_7_8_high_9_10_very_high,false
171693,Sant Julià de Ramis,20,Gironès,2024,,,,,,,38.756477,26.217617,91.19171,28.7561,,true,true,,70,derived,gencat_fire_hazard_2024,,2026-08-21T20:09:22Z,0.2.0,missing_dependency,Flood and built-up exposure are pending; interval reflects only fire's 45% weight.,partial,12.9402,67.9402,45,,official,territorial_fire_7_8_high_9_10_very_high,false
171707,Vallfogona de Ripollès,31,Ripollès,2024,,,,,,,3.199785,0.618446,4.436677,97.9151,,true,true,,70,derived,gencat_fire_hazard_2024,,2026-08-21T20:09:22Z,0.2.0,missing_dependency,Flood and built-up exposure are pending; interval reflects only fire's 45% weight.,partial,44.0618,99.0618,45,,official,territorial_fire_7_8_high_9_10_very_high,false
171714,Sant Llorenç de la Muga,02,Alt Empordà,2024,,,,,,,23.861802,2.389409,28.64062,78.6203,,true,true,,70,derived,gencat_fire_hazard_2024,,2026-08-21T20:09:22Z,0.2.0,missing_dependency,Flood and built-up exposure are pending; interval reflects only fire's 45% weight.,partial,35.3791,90.3791,45,,official,territorial_fire_7_8_high_9_10_very_high,false
171729,Sant Martí de Llémena,20,Gironès,2024,,,,,,,26.895259,6.616662,40.128583,69.4624,,true,true,,70,derived,gencat_fire_hazard_2024,,2026-08-21T20:09:22Z,0.2.0,missing_dependency,Flood and built-up exposure are pending; interval reflects only fire's 45% weight.,partial,31.2581,86.2581,45,,official,territorial_fire_7_8_high_9_10_very_high,false
171735,Sant Martí Vell,20,Gironès,2024,,,,,,,38.405797,16.956522,72.318841,43.8011,,true,true,,70,derived,gencat_fire_hazard_2024,,2026-08-21T20:09:22Z,0.2.0,missing_dependency,Flood and built-up exposure are pending; interval reflects only fire's 45% weight.,partial,19.7105,74.7105,45,,official,territorial_fire_7_8_high_9_10_very_high,false
171740,Sant Miquel de Campmajor,28,Pla de l'Estany,2024,,,,,,,34.327323,11.546463,57.42025,55.6779,,true,true,,70,derived,gencat_fire_hazard_2024,,2026-08-21T20:09:22Z,0.2.0,missing_dependency,Flood and built-up exposure are pending; interval reflects only fire's 45% weight.,partial,25.0551,80.0551,45,,official,territorial_fire_7_8_high_9_10_very_high,false
171753,Sant Miquel de Fluvià,02,Alt Empordà,2024,,,,,,,23.529412,50,123.529412,2.9773,,true,true,,70,derived,gencat_fire_hazard_2024,,2026-08-21T20:09:22Z,0.2.0,missing_dependency,Flood and built-up exposure are pending; interval reflects only fire's 45% weight.,partial,1.3398,56.3398,45,,official,territorial_fire_7_8_high_9_10_very_high,false
171766,Sant Mori,02,Alt Empordà,2024,,,,,,,13.015184,73.752711,160.520607,0,,true,true,,70,derived,gencat_fire_hazard_2024,,2026-08-21T20:09:22Z,0.2.0,missing_dependency,Flood and built-up exposure are pending; interval reflects only fire's 45% weight.,partial,0,55,45,,official,territorial_fire_7_8_high_9_10_very_high,false
171772,Sant Pau de Segúries,31,Ripollès,2024,,,,,,,8.957219,3.208556,15.374332,89.1959,,true,true,,70,derived,gencat_fire_hazard_2024,,2026-08-21T20:09:22Z,0.2.0,missing_dependency,Flood and built-up exposure are pending; interval reflects only fire's 45% weight.,partial,40.1382,95.1382,45,,official,territorial_fire_7_8_high_9_10_very_high,false
171788,Sant Pere Pescador,02,Alt Empordà,2024,,,,,,,4.867257,0.884956,6.637168,96.161,,true,true,,70,derived,gencat_fire_hazard_2024,,2026-08-21T20:09:22Z,0.2.0,missing_dependency,Flood and built-up exposure are pending; interval reflects only fire's 45% weight.,partial,43.2724,98.2725,45,,official,territorial_fire_7_8_high_9_10_very_high,false
171805,Santa Coloma de Farners,34,Selva,2024,,,,,,,30.747877,8.278903,47.305683,63.741,,true,true,,70,derived,gencat_fire_hazard_2024,,2026-08-21T20:09:22Z,0.2.0,missing_dependency,Flood and built-up exposure are pending; interval reflects only fire's 45% weight.,partial,28.6835,83.6835,45,,official,territorial_fire_7_8_high_9_10_very_high,false
171812,Santa Cristina d'Aro,10,Baix Empordà,2024,,,,,,,26.41737,3.463726,33.344822,74.8703,,true,true,,70,derived,gencat_fire_hazard_2024,,2026-08-21T20:09:22Z,0.2.0,missing_dependency,Flood and built-up exposure are pending; interval reflects only fire's 45% weight.,partial,33.6916,88.6916,45,,official,territorial_fire_7_8_high_9_10_very_high,false
171827,Santa Llogaia d'Àlguema,02,Alt Empordà,2024,,,,,,,7.894737,5.263158,18.421053,86.7671,,true,true,,70,derived,gencat_fire_hazard_2024,,2026-08-21T20:09:22Z,0.2.0,missing_dependency,Flood and built-up exposure are pending; interval reflects only fire's 45% weight.,partial,39.0452,94.0452,45,,official,territorial_fire_7_8_high_9_10_very_high,false
171833,Sant Aniol de Finestres,19,Garrotxa,2024,,,,,,,23.688289,6.663715,37.015718,71.9439,,true,true,,70,derived,gencat_fire_hazard_2024,,2026-08-21T20:09:22Z,0.2.0,missing_dependency,Flood and built-up exposure are pending; interval reflects only fire's 45% weight.,partial,32.3748,87.3748,45,,official,territorial_fire_7_8_high_9_10_very_high,false
171848,Santa Pau,19,Garrotxa,2024,,,,,,,12.945152,2.36548,17.676111,87.361,,true,true,,70,derived,gencat_fire_hazard_2024,,2026-08-21T20:09:22Z,0.2.0,missing_dependency,Flood and built-up exposure are pending; interval reflects only fire's 45% weight.,partial,39.3125,94.3125,45,,official,territorial_fire_7_8_high_9_10_very_high,false
171851,Sant Joan les Fonts,19,Garrotxa,2024,,,,,,,19.635065,5.037683,29.710432,77.7675,,true,true,,70,derived,gencat_fire_hazard_2024,,2026-08-21T20:09:22Z,0.2.0,missing_dependency,Flood and built-up exposure are pending; interval reflects only fire's 45% weight.,partial,34.9954,89.9954,45,,official,territorial_fire_7_8_high_9_10_very_high,false
171864,Sarrià de Ter,20,Gironès,2024,,,,,,,29.310345,44.396552,118.103448,7.3027,,true,true,,70,derived,gencat_fire_hazard_2024,,2026-08-21T20:09:22Z,0.2.0,missing_dependency,Flood and built-up exposure are pending; interval reflects only fire's 45% weight.,partial,3.2862,58.2862,45,,official,territorial_fire_7_8_high_9_10_very_high,false
171870,"Saus, Camallera i Llampaies",02,Alt Empordà,2024,,,,,,,26.269316,61.589404,149.448124,0,,true,true,,70,derived,gencat_fire_hazard_2024,,2026-08-21T20:09:22Z,0.2.0,missing_dependency,Flood and built-up exposure are pending; interval reflects only fire's 45% weight.,partial,0,55,45,,official,territorial_fire_7_8_high_9_10_very_high,false
171886,la Selva de Mar,02,Alt Empordà,2024,,,,,,,12.164297,0.473934,13.112164,90.9993,,true,true,,70,derived,gencat_fire_hazard_2024,,2026-08-21T20:09:22Z,0.2.0,missing_dependency,Flood and built-up exposure are pending; interval reflects only fire's 45% weight.,partial,40.9497,95.9497,45,,official,territorial_fire_7_8_high_9_10_very_high,false
171899,la Cellera de Ter,34,Selva,2024,,,,,,,13.839662,6.329114,26.49789,80.3285,,true,true,,70,derived,gencat_fire_hazard_2024,,2026-08-21T20:09:22Z,0.2.0,missing_dependency,Flood and built-up exposure are pending; interval reflects only fire's 45% weight.,partial,36.1478,91.1478,45,,official,territorial_fire_7_8_high_9_10_very_high,false
171903,Serinyà,28,Pla de l'Estany,2024,,,,,,,42.186089,20.054201,82.29449,35.8488,,true,true,,70,derived,gencat_fire_hazard_2024,,2026-08-21T20:09:22Z,0.2.0,missing_dependency,Flood and built-up exposure are pending; interval reflects only fire's 45% weight.,partial,16.132,71.132,45,,official,territorial_fire_7_8_high_9_10_very_high,false
171910,Serra de Daró,10,Baix Empordà,2024,,,,,,,0,0,0,100,,false,false,,70,derived,gencat_fire_hazard_2024,,2026-08-21T20:09:22Z,0.2.0,missing_dependency,Flood and built-up exposure are pending; interval reflects only fire's 45% weight.,partial,45,100,45,,official,territorial_fire_7_8_high_9_10_very_high,false
171925,Setcases,31,Ripollès,2024,,,,,,,2.092831,0.18649,2.46581,99.4863,,true,true,,70,derived,gencat_fire_hazard_2024,,2026-08-21T20:09:22Z,0.2.0,missing_dependency,Flood and built-up exposure are pending; interval reflects only fire's 45% weight.,partial,44.7688,99.7688,45,,official,territorial_fire_7_8_high_9_10_very_high,false
171931,Sils,34,Selva,2024,,,,,,,43.333333,20.733333,84.8,33.8514,,true,true,,70,derived,gencat_fire_hazard_2024,,2026-08-21T20:09:22Z,0.2.0,missing_dependency,Flood and built-up exposure are pending; interval reflects only fire's 45% weight.,partial,15.2331,70.2331,45,,official,territorial_fire_7_8_high_9_10_very_high,false
171946,Susqueda,34,Selva,2024,,,,,,,8.874504,2.484861,13.844226,90.4157,,true,true,,70,derived,gencat_fire_hazard_2024,,2026-08-21T20:09:22Z,0.2.0,missing_dependency,Flood and built-up exposure are pending; interval reflects only fire's 45% weight.,partial,40.6871,95.6871,45,,official,territorial_fire_7_8_high_9_10_very_high,false
171959,la Tallada d'Empordà,10,Baix Empordà,2024,,,,,,,6.116208,2.446483,11.009174,92.6757,,true,true,,70,derived,gencat_fire_hazard_2024,,2026-08-21T20:09:22Z,0.2.0,missing_dependency,Flood and built-up exposure are pending; interval reflects only fire's 45% weight.,partial,41.7041,96.7041,45,,official,territorial_fire_7_8_high_9_10_very_high,false
171962,Terrades,02,Alt Empordà,2024,,,,,,,23.632681,7.697502,39.027684,70.34,,true,true,,70,derived,gencat_fire_hazard_2024,,2026-08-21T20:09:22Z,0.2.0,missing_dependency,Flood and built-up exposure are pending; interval reflects only fire's 45% weight.,partial,31.653,86.653,45,,official,territorial_fire_7_8_high_9_10_very_high,false
171978,Torrent,10,Baix Empordà,2024,,,,,,,39.509537,39.237057,117.983651,7.3982,,true,true,,70,derived,gencat_fire_hazard_2024,,2026-08-21T20:09:22Z,0.2.0,missing_dependency,Flood and built-up exposure are pending; interval reflects only fire's 45% weight.,partial,3.3292,58.3292,45,,official,territorial_fire_7_8_high_9_10_very_high,false
171984,Torroella de Fluvià,02,Alt Empordà,2024,,,,,,,27.142857,17.142857,61.428571,52.4826,,true,true,,70,derived,gencat_fire_hazard_2024,,2026-08-21T20:09:22Z,0.2.0,missing_dependency,Flood and built-up exposure are pending; interval reflects only fire's 45% weight.,partial,23.6172,78.6172,45,,official,territorial_fire_7_8_high_9_10_very_high,false
171997,Torroella de Montgrí,10,Baix Empordà,2024,,,,,,,21.06998,15.821501,52.712982,59.4304,,true,true,,70,derived,gencat_fire_hazard_2024,,2026-08-21T20:09:22Z,0.2.0,missing_dependency,Flood and built-up exposure are pending; interval reflects only fire's 45% weight.,partial,26.7437,81.7437,45,,official,territorial_fire_7_8_high_9_10_very_high,false
172001,Tortellà,19,Garrotxa,2024,,,,,,,25.166445,9.054594,43.275632,66.9537,,true,true,,70,derived,gencat_fire_hazard_2024,,2026-08-21T20:09:22Z,0.2.0,missing_dependency,Flood and built-up exposure are pending; interval reflects only fire's 45% weight.,partial,30.1292,85.1292,45,,official,territorial_fire_7_8_high_9_10_very_high,false
172018,Toses,31,Ripollès,2024,,,,,,,5.242006,0.629041,6.500087,96.2702,,true,true,,70,derived,gencat_fire_hazard_2024,,2026-08-21T20:09:22Z,0.2.0,missing_dependency,Flood and built-up exposure are pending; interval reflects only fire's 45% weight.,partial,43.3216,98.3216,45,,official,territorial_fire_7_8_high_9_10_very_high,false
172023,Tossa de Mar,34,Selva,2024,,,,,,,15.386828,3.278689,21.944205,83.9586,,true,true,,70,derived,gencat_fire_hazard_2024,,2026-08-21T20:09:22Z,0.2.0,missing_dependency,Flood and built-up exposure are pending; interval reflects only fire's 45% weight.,partial,37.7814,92.7814,45,,official,territorial_fire_7_8_high_9_10_very_high,false
172039,Ultramort,10,Baix Empordà,2024,,,,,,,0,3.846154,7.692308,95.3198,,true,true,,70,derived,gencat_fire_hazard_2024,,2026-08-21T20:09:22Z,0.2.0,missing_dependency,Flood and built-up exposure are pending; interval reflects only fire's 45% weight.,partial,42.8939,97.8939,45,,official,territorial_fire_7_8_high_9_10_very_high,false
172044,Ullà,10,Baix Empordà,2024,,,,,,,4.081633,0,4.081633,98.1982,,false,false,,70,derived,gencat_fire_hazard_2024,,2026-08-21T20:09:22Z,0.2.0,missing_dependency,Flood and built-up exposure are pending; interval reflects only fire's 45% weight.,partial,44.1892,99.1892,45,,official,territorial_fire_7_8_high_9_10_very_high,false
172057,Ullastret,10,Baix Empordà,2024,,,,,,,34.108527,7.751938,49.612403,61.9021,,true,true,,70,derived,gencat_fire_hazard_2024,,2026-08-21T20:09:22Z,0.2.0,missing_dependency,Flood and built-up exposure are pending; interval reflects only fire's 45% weight.,partial,27.8559,82.8559,45,,official,territorial_fire_7_8_high_9_10_very_high,false
172060,Urús,15,Cerdanya,2024,,,,,,,1.97409,0.431832,2.837754,99.1898,,true,true,,70,derived,gencat_fire_hazard_2024,,2026-08-21T20:09:22Z,0.2.0,missing_dependency,Flood and built-up exposure are pending; interval reflects only fire's 45% weight.,partial,44.6354,99.6354,45,,official,territorial_fire_7_8_high_9_10_very_high,false
172076,la Vall d'en Bas,19,Garrotxa,2024,,,,,,,6.030079,1.26277,8.555619,94.6316,,true,true,,70,derived,gencat_fire_hazard_2024,,2026-08-21T20:09:22Z,0.2.0,missing_dependency,Flood and built-up exposure are pending; interval reflects only fire's 45% weight.,partial,42.5842,97.5842,45,,official,territorial_fire_7_8_high_9_10_very_high,false
172082,la Vall de Bianya,19,Garrotxa,2024,,,,,,,14.635905,6.392694,27.421293,79.5924,,true,true,,70,derived,gencat_fire_hazard_2024,,2026-08-21T20:09:22Z,0.2.0,missing_dependency,Flood and built-up exposure are pending; interval reflects only fire's 45% weight.,partial,35.8166,90.8166,45,,official,territorial_fire_7_8_high_9_10_very_high,false
172095,Vall-llobrega,10,Baix Empordà,2024,,,,,,,27.945205,10.410959,48.767123,62.576,,true,true,,70,derived,gencat_fire_hazard_2024,,2026-08-21T20:09:22Z,0.2.0,missing_dependency,Flood and built-up exposure are pending; interval reflects only fire's 45% weight.,partial,28.1592,83.1592,45,,official,territorial_fire_7_8_high_9_10_very_high,false
172109,Ventalló,02,Alt Empordà,2024,,,,,,,17.138599,48.435171,114.008942,10.5668,,true,true,,70,derived,gencat_fire_hazard_2024,,2026-08-21T20:09:22Z,0.2.0,missing_dependency,Flood and built-up exposure are pending; interval reflects only fire's 45% weight.,partial,4.7551,59.7551,45,,official,territorial_fire_7_8_high_9_10_very_high,false
172116,Verges,10,Baix Empordà,2024,,,,,,,24.305556,25.694444,75.694444,41.1102,,true,true,,70,derived,gencat_fire_hazard_2024,,2026-08-21T20:09:22Z,0.2.0,missing_dependency,Flood and built-up exposure are pending; interval reflects only fire's 45% weight.,partial,18.4996,73.4996,45,,official,territorial_fire_7_8_high_9_10_very_high,false
172121,Vidrà,24,Osona,2024,,,,,,,1.806001,0.058258,1.922517,99.9194,,true,true,,70,derived,gencat_fire_hazard_2024,,2026-08-21T20:09:22Z,0.2.0,missing_dependency,Flood and built-up exposure are pending; interval reflects only fire's 45% weight.,partial,44.9637,99.9637,45,,official,territorial_fire_7_8_high_9_10_very_high,false
172137,Vidreres,34,Selva,2024,,,,,,,30.689445,6.1928,43.075046,67.1136,,true,true,,70,derived,gencat_fire_hazard_2024,,2026-08-21T20:09:22Z,0.2.0,missing_dependency,Flood and built-up exposure are pending; interval reflects only fire's 45% weight.,partial,30.2011,85.2011,45,,official,territorial_fire_7_8_high_9_10_very_high,false
172142,Vilabertran,02,Alt Empordà,2024,,,,,,,0,25,50,61.5932,,true,true,,70,derived,gencat_fire_hazard_2024,,2026-08-21T20:09:22Z,0.2.0,missing_dependency,Flood and built-up exposure are pending; interval reflects only fire's 45% weight.,partial,27.7169,82.7169,45,,official,territorial_fire_7_8_high_9_10_very_high,false
172155,Vilablareix,20,Gironès,2024,,,,,,,32.653061,23.809524,80.272109,37.461,,true,true,,70,derived,gencat_fire_hazard_2024,,2026-08-21T20:09:22Z,0.2.0,missing_dependency,Flood and built-up exposure are pending; interval reflects only fire's 45% weight.,partial,16.8575,71.8575,45,,official,territorial_fire_7_8_high_9_10_very_high,false
172168,Viladasens,20,Gironès,2024,,,,,,,28.393352,60.387812,149.168975,0,,true,true,,70,derived,gencat_fire_hazard_2024,,2026-08-21T20:09:22Z,0.2.0,missing_dependency,Flood and built-up exposure are pending; interval reflects only fire's 45% weight.,partial,0,55,45,,official,territorial_fire_7_8_high_9_10_very_high,false
172174,Viladamat,02,Alt Empordà,2024,,,,,,,15.111111,19.111111,53.333333,58.9359,,true,true,,70,derived,gencat_fire_hazard_2024,,2026-08-21T20:09:22Z,0.2.0,missing_dependency,Flood and built-up exposure are pending; interval reflects only fire's 45% weight.,partial,26.5212,81.5212,45,,official,territorial_fire_7_8_high_9_10_very_high,false
172180,Vilademuls,28,Pla de l'Estany,2024,,,,,,,36.587648,48.253275,133.094198,0,,true,true,,70,derived,gencat_fire_hazard_2024,,2026-08-21T20:09:22Z,0.2.0,missing_dependency,Flood and built-up exposure are pending; interval reflects only fire's 45% weight.,partial,0,55,45,,official,territorial_fire_7_8_high_9_10_very_high,false
172207,Viladrau,24,Osona,2024,,,,,,,13.660975,3.186172,20.033319,85.4819,,true,true,,70,derived,gencat_fire_hazard_2024,,2026-08-21T20:09:22Z,0.2.0,missing_dependency,Flood and built-up exposure are pending; interval reflects only fire's 45% weight.,partial,38.4669,93.4669,45,,official,territorial_fire_7_8_high_9_10_very_high,false
172214,Vilafant,02,Alt Empordà,2024,,,,,,,8.910891,9.90099,28.712871,78.5628,,true,true,,70,derived,gencat_fire_hazard_2024,,2026-08-21T20:09:22Z,0.2.0,missing_dependency,Flood and built-up exposure are pending; interval reflects only fire's 45% weight.,partial,35.3533,90.3533,45,,official,territorial_fire_7_8_high_9_10_very_high,false
172229,Vilaür,02,Alt Empordà,2024,,,,,,,31.854839,57.258065,146.370968,0,,true,true,,70,derived,gencat_fire_hazard_2024,,2026-08-21T20:09:22Z,0.2.0,missing_dependency,Flood and built-up exposure are pending; interval reflects only fire's 45% weight.,partial,0,55,45,,official,territorial_fire_7_8_high_9_10_very_high,false
172235,Vilajuïga,02,Alt Empordà,2024,,,,,,,23.468208,1.618497,26.705202,80.1632,,true,true,,70,derived,gencat_fire_hazard_2024,,2026-08-21T20:09:22Z,0.2.0,missing_dependency,Flood and built-up exposure are pending; interval reflects only fire's 45% weight.,partial,36.0734,91.0734,45,,official,territorial_fire_7_8_high_9_10_very_high,false
172240,Vilallonga de Ter,31,Ripollès,2024,,,,,,,1.055451,0.126024,1.307498,100,,true,true,,70,derived,gencat_fire_hazard_2024,,2026-08-21T20:09:22Z,0.2.0,missing_dependency,Flood and built-up exposure are pending; interval reflects only fire's 45% weight.,partial,45,100,45,,official,territorial_fire_7_8_high_9_10_very_high,false
172253,Vilamacolum,02,Alt Empordà,2024,,,,,,,18.181818,36.363636,90.909091,28.9814,,true,true,,70,derived,gencat_fire_hazard_2024,,2026-08-21T20:09:22Z,0.2.0,missing_dependency,Flood and built-up exposure are pending; interval reflects only fire's 45% weight.,partial,13.0416,68.0416,45,,official,territorial_fire_7_8_high_9_10_very_high,false
172266,Vilamalla,02,Alt Empordà,2024,,,,,,,7.407407,2.469136,12.345679,91.6103,,true,true,,70,derived,gencat_fire_hazard_2024,,2026-08-21T20:09:22Z,0.2.0,missing_dependency,Flood and built-up exposure are pending; interval reflects only fire's 45% weight.,partial,41.2246,96.2246,45,,official,territorial_fire_7_8_high_9_10_very_high,false
172272,Vilamaniscle,02,Alt Empordà,2024,,,,,,,45.555556,7.333333,60.222222,53.4443,,true,true,,70,derived,gencat_fire_hazard_2024,,2026-08-21T20:09:22Z,0.2.0,missing_dependency,Flood and built-up exposure are pending; interval reflects only fire's 45% weight.,partial,24.0499,79.0499,45,,official,territorial_fire_7_8_high_9_10_very_high,false
172288,Vilanant,02,Alt Empordà,2024,,,,,,,28.421053,24.561404,77.54386,39.6359,,true,true,,70,derived,gencat_fire_hazard_2024,,2026-08-21T20:09:22Z,0.2.0,missing_dependency,Flood and built-up exposure are pending; interval reflects only fire's 45% weight.,partial,17.8362,72.8362,45,,official,territorial_fire_7_8_high_9_10_very_high,false
172305,Vila-sacra,02,Alt Empordà,2024,,,,,,,4.166667,0,4.166667,98.1304,,false,false,,70,derived,gencat_fire_hazard_2024,,2026-08-21T20:09:22Z,0.2.0,missing_dependency,Flood and built-up exposure are pending; interval reflects only fire's 45% weight.,partial,44.1587,99.1587,45,,official,territorial_fire_7_8_high_9_10_very_high,false
172327,Vilopriu,10,Baix Empordà,2024,,,,,,,32.840909,51.022727,134.886364,0,,true,true,,70,derived,gencat_fire_hazard_2024,,2026-08-21T20:09:22Z,0.2.0,missing_dependency,Flood and built-up exposure are pending; interval reflects only fire's 45% weight.,partial,0,55,45,,official,territorial_fire_7_8_high_9_10_very_high,false
172333,Vilobí d'Onyar,34,Selva,2024,,,,,,,39.737108,11.223458,62.184024,51.8804,,true,true,,70,derived,gencat_fire_hazard_2024,,2026-08-21T20:09:22Z,0.2.0,missing_dependency,Flood and built-up exposure are pending; interval reflects only fire's 45% weight.,partial,23.3462,78.3462,45,,official,territorial_fire_7_8_high_9_10_very_high,false
172348,Biure,02,Alt Empordà,2024,,,,,,,14.411765,0.588235,15.588235,89.0254,,true,true,,70,derived,gencat_fire_hazard_2024,,2026-08-21T20:09:22Z,0.2.0,missing_dependency,Flood and built-up exposure are pending; interval reflects only fire's 45% weight.,partial,40.0614,95.0614,45,,official,territorial_fire_7_8_high_9_10_very_high,false
179011,"Cruïlles, Monells i Sant Sadurní de l'Heura",10,Baix Empordà,2024,,,,,,,29.378049,2.304878,33.987805,74.3577,,true,true,,70,derived,gencat_fire_hazard_2024,,2026-08-21T20:09:22Z,0.2.0,missing_dependency,Flood and built-up exposure are pending; interval reflects only fire's 45% weight.,partial,33.461,88.461,45,,official,territorial_fire_7_8_high_9_10_very_high,false
179026,Forallac,10,Baix Empordà,2024,,,,,,,36.728395,8.734568,54.197531,58.247,,true,true,,70,derived,gencat_fire_hazard_2024,,2026-08-21T20:09:22Z,0.2.0,missing_dependency,Flood and built-up exposure are pending; interval reflects only fire's 45% weight.,partial,26.2111,81.2112,45,,official,territorial_fire_7_8_high_9_10_very_high,false
179032,Sant Julià del Llor i Bonmatí,34,Selva,2024,,,,,,,47.589617,29.666255,106.922126,16.2162,,true,true,,70,derived,gencat_fire_hazard_2024,,2026-08-21T20:09:22Z,0.2.0,missing_dependency,Flood and built-up exposure are pending; interval reflects only fire's 45% weight.,partial,7.2973,62.2973,45,,official,territorial_fire_7_8_high_9_10_very_high,false
250019,Abella de la Conca,25,Pallars Jussà,2024,,,,,,,4.561859,0.548578,5.659015,96.9407,,true,true,,70,derived,gencat_fire_hazard_2024,,2026-08-21T20:09:22Z,0.2.0,missing_dependency,Flood and built-up exposure are pending; interval reflects only fire's 45% weight.,partial,43.6233,98.6233,45,,official,territorial_fire_7_8_high_9_10_very_high,false
250024,Àger,23,Noguera,2024,,,,,,,32.771065,1.216068,35.203201,73.3888,,true,true,,70,derived,gencat_fire_hazard_2024,,2026-08-21T20:09:22Z,0.2.0,missing_dependency,Flood and built-up exposure are pending; interval reflects only fire's 45% weight.,partial,33.025,88.025,45,,official,territorial_fire_7_8_high_9_10_very_high,false
250030,Agramunt,38,Urgell,2024,,,,,,,19.125683,4.234973,27.595628,79.4534,,true,true,,70,derived,gencat_fire_hazard_2024,,2026-08-21T20:09:22Z,0.2.0,missing_dependency,Flood and built-up exposure are pending; interval reflects only fire's 45% weight.,partial,35.754,90.754,45,,official,territorial_fire_7_8_high_9_10_very_high,false
250045,els Alamús,33,Segrià,2024,,,,,,,0,0,0,100,,false,false,,70,derived,gencat_fire_hazard_2024,,2026-08-21T20:09:22Z,0.2.0,missing_dependency,Flood and built-up exposure are pending; interval reflects only fire's 45% weight.,partial,45,100,45,,official,territorial_fire_7_8_high_9_10_very_high,false
250058,Alàs i Cerc,04,Alt Urgell,2024,,,,,,,18.736426,1.875617,22.48766,83.5253,,true,true,,70,derived,gencat_fire_hazard_2024,,2026-08-21T20:09:22Z,0.2.0,missing_dependency,Flood and built-up exposure are pending; interval reflects only fire's 45% weight.,partial,37.5864,92.5864,45,,official,territorial_fire_7_8_high_9_10_very_high,false
250061,l'Albagés,18,Garrigues,2024,,,,,,,54.95283,27.358491,109.669811,14.0258,,true,true,,70,derived,gencat_fire_hazard_2024,,2026-08-21T20:09:22Z,0.2.0,missing_dependency,Flood and built-up exposure are pending; interval reflects only fire's 45% weight.,partial,6.3116,61.3116,45,,official,territorial_fire_7_8_high_9_10_very_high,false
250077,Albatàrrec,33,Segrià,2024,,,,,,,9.558824,5.147059,19.852941,85.6257,,true,true,,70,derived,gencat_fire_hazard_2024,,2026-08-21T20:09:22Z,0.2.0,missing_dependency,Flood and built-up exposure are pending; interval reflects only fire's 45% weight.,partial,38.5316,93.5316,45,,official,territorial_fire_7_8_high_9_10_very_high,false
250083,Albesa,23,Noguera,2024,,,,,,,8.77193,33.918129,76.608187,40.3818,,true,true,,70,derived,gencat_fire_hazard_2024,,2026-08-21T20:09:22Z,0.2.0,missing_dependency,Flood and built-up exposure are pending; interval reflects only fire's 45% weight.,partial,18.1718,73.1718,45,,official,territorial_fire_7_8_high_9_10_very_high,false
250096,l'Albi,18,Garrigues,2024,,,,,,,37.131631,39.78389,116.699411,8.422,,true,true,,70,derived,gencat_fire_hazard_2024,,2026-08-21T20:09:22Z,0.2.0,missing_dependency,Flood and built-up exposure are pending; interval reflects only fire's 45% weight.,partial,3.7899,58.7899,45,,official,territorial_fire_7_8_high_9_10_very_high,false
250100,Alcanó,33,Segrià,2024,,,,,,,9.655172,0,9.655172,93.7551,,false,false,,70,derived,gencat_fire_hazard_2024,,2026-08-21T20:09:22Z,0.2.0,missing_dependency,Flood and built-up exposure are pending; interval reflects only fire's 45% weight.,partial,42.1898,97.1898,45,,official,territorial_fire_7_8_high_9_10_very_high,false
250117,Alcarràs,33,Segrià,2024,,,,,,,20.827943,15.265201,51.358344,60.5103,,true,true,,70,derived,gencat_fire_hazard_2024,,2026-08-21T20:09:22Z,0.2.0,missing_dependency,Flood and built-up exposure are pending; interval reflects only fire's 45% weight.,partial,27.2296,82.2296,45,,official,territorial_fire_7_8_high_9_10_very_high,false
250122,Alcoletge,33,Segrià,2024,,,,,,,5.508475,25.847458,57.20339,55.8508,,true,true,,70,derived,gencat_fire_hazard_2024,,2026-08-21T20:09:22Z,0.2.0,missing_dependency,Flood and built-up exposure are pending; interval reflects only fire's 45% weight.,partial,25.1329,80.1329,45,,official,territorial_fire_7_8_high_9_10_very_high,false
250138,Alfarràs,33,Segrià,2024,,,,,,,44.514107,12.225705,68.965517,46.4743,,true,true,,70,derived,gencat_fire_hazard_2024,,2026-08-21T20:09:22Z,0.2.0,missing_dependency,Flood and built-up exposure are pending; interval reflects only fire's 45% weight.,partial,20.9134,75.9134,45,,official,territorial_fire_7_8_high_9_10_very_high,false
250143,Alfés,33,Segrià,2024,,,,,,,5.970149,5.597015,17.164179,87.7691,,true,true,,70,derived,gencat_fire_hazard_2024,,2026-08-21T20:09:22Z,0.2.0,missing_dependency,Flood and built-up exposure are pending; interval reflects only fire's 45% weight.,partial,39.4961,94.4961,45,,official,territorial_fire_7_8_high_9_10_very_high,false
250156,Algerri,23,Noguera,2024,,,,,,,34.377175,8.837857,52.052888,59.9567,,true,true,,70,derived,gencat_fire_hazard_2024,,2026-08-21T20:09:22Z,0.2.0,missing_dependency,Flood and built-up exposure are pending; interval reflects only fire's 45% weight.,partial,26.9805,81.9805,45,,official,territorial_fire_7_8_high_9_10_very_high,false
250169,Alguaire,33,Segrià,2024,,,,,,,2.941176,1.715686,6.372549,96.3719,,true,true,,70,derived,gencat_fire_hazard_2024,,2026-08-21T20:09:22Z,0.2.0,missing_dependency,Flood and built-up exposure are pending; interval reflects only fire's 45% weight.,partial,43.3674,98.3674,45,,official,territorial_fire_7_8_high_9_10_very_high,false
250175,Alins,26,Pallars Sobirà,2024,,,,,,,1.886464,0.470165,2.826794,99.1985,,true,true,,70,derived,gencat_fire_hazard_2024,,2026-08-21T20:09:22Z,0.2.0,missing_dependency,Flood and built-up exposure are pending; interval reflects only fire's 45% weight.,partial,44.6393,99.6393,45,,official,territorial_fire_7_8_high_9_10_very_high,false
250194,Almacelles,33,Segrià,2024,,,,,,,8.673469,10.204082,29.081633,78.2688,,true,true,,70,derived,gencat_fire_hazard_2024,,2026-08-21T20:09:22Z,0.2.0,missing_dependency,Flood and built-up exposure are pending; interval reflects only fire's 45% weight.,partial,35.221,90.221,45,,official,territorial_fire_7_8_high_9_10_very_high,false
250208,Almatret,33,Segrià,2024,,,,,,,41.443133,49.785408,141.013948,0,,true,true,,70,derived,gencat_fire_hazard_2024,,2026-08-21T20:09:22Z,0.2.0,missing_dependency,Flood and built-up exposure are pending; interval reflects only fire's 45% weight.,partial,0,55,45,,official,territorial_fire_7_8_high_9_10_very_high,false
250215,Almenar,33,Segrià,2024,,,,,,,18.825561,31.433506,81.692573,36.3286,,true,true,,70,derived,gencat_fire_hazard_2024,,2026-08-21T20:09:22Z,0.2.0,missing_dependency,Flood and built-up exposure are pending; interval reflects only fire's 45% weight.,partial,16.3479,71.3479,45,,official,territorial_fire_7_8_high_9_10_very_high,false
250220,Alòs de Balaguer,23,Noguera,2024,,,,,,,12.065637,0.707851,13.481338,90.705,,true,true,,70,derived,gencat_fire_hazard_2024,,2026-08-21T20:09:22Z,0.2.0,missing_dependency,Flood and built-up exposure are pending; interval reflects only fire's 45% weight.,partial,40.8173,95.8173,45,,official,territorial_fire_7_8_high_9_10_very_high,false
250236,Alpicat,33,Segrià,2024,,,,,,,11.737089,10.798122,33.333333,74.8794,,true,true,,70,derived,gencat_fire_hazard_2024,,2026-08-21T20:09:22Z,0.2.0,missing_dependency,Flood and built-up exposure are pending; interval reflects only fire's 45% weight.,partial,33.6957,88.6957,45,,official,territorial_fire_7_8_high_9_10_very_high,false
250241,Alt Àneu,26,Pallars Sobirà,2024,,,,,,,1.592997,0.267891,2.128779,99.7549,,true,true,,70,derived,gencat_fire_hazard_2024,,2026-08-21T20:09:22Z,0.2.0,missing_dependency,Flood and built-up exposure are pending; interval reflects only fire's 45% weight.,partial,44.8897,99.8897,45,,official,territorial_fire_7_8_high_9_10_very_high,false
250254,Naut Aran,39,Val d'Aran,2024,,,,,,,0.420752,0.200163,0.821078,100,,true,true,,70,derived,gencat_fire_hazard_2024,,2026-08-21T20:09:22Z,0.2.0,missing_dependency,Flood and built-up exposure are pending; interval reflects only fire's 45% weight.,partial,45,100,45,,official,territorial_fire_7_8_high_9_10_very_high,false
250273,Anglesola,38,Urgell,2024,,,,,,,0,13.043478,26.086957,80.6561,,true,true,,70,derived,gencat_fire_hazard_2024,,2026-08-21T20:09:22Z,0.2.0,missing_dependency,Flood and built-up exposure are pending; interval reflects only fire's 45% weight.,partial,36.2952,91.2952,45,,official,territorial_fire_7_8_high_9_10_very_high,false
250292,Arbeca,18,Garrigues,2024,,,,,,,42.753623,16.183575,75.120773,41.5675,,true,true,,70,derived,gencat_fire_hazard_2024,,2026-08-21T20:09:22Z,0.2.0,missing_dependency,Flood and built-up exposure are pending; interval reflects only fire's 45% weight.,partial,18.7054,73.7054,45,,official,territorial_fire_7_8_high_9_10_very_high,false
250306,el Pont de Bar,04,Alt Urgell,2024,,,,,,,18.218915,3.288526,24.795967,81.6852,,true,true,,70,derived,gencat_fire_hazard_2024,,2026-08-21T20:09:22Z,0.2.0,missing_dependency,Flood and built-up exposure are pending; interval reflects only fire's 45% weight.,partial,36.7583,91.7583,45,,official,territorial_fire_7_8_high_9_10_very_high,false
250313,Arres,39,Val d'Aran,2024,,,,,,,5.170903,0.876424,6.923751,95.9325,,true,true,,70,derived,gencat_fire_hazard_2024,,2026-08-21T20:09:22Z,0.2.0,missing_dependency,Flood and built-up exposure are pending; interval reflects only fire's 45% weight.,partial,43.1696,98.1696,45,,official,territorial_fire_7_8_high_9_10_very_high,false
250328,Arsèguel,04,Alt Urgell,2024,,,,,,,12.758997,3.707743,20.174482,85.3693,,true,true,,70,derived,gencat_fire_hazard_2024,,2026-08-21T20:09:22Z,0.2.0,missing_dependency,Flood and built-up exposure are pending; interval reflects only fire's 45% weight.,partial,38.4162,93.4162,45,,official,territorial_fire_7_8_high_9_10_very_high,false
250334,Artesa de Lleida,33,Segrià,2024,,,,,,,31.877729,5.676856,43.231441,66.9889,,true,true,,70,derived,gencat_fire_hazard_2024,,2026-08-21T20:09:22Z,0.2.0,missing_dependency,Flood and built-up exposure are pending; interval reflects only fire's 45% weight.,partial,30.145,85.145,45,,official,territorial_fire_7_8_high_9_10_very_high,false
250349,Artesa de Segre,23,Noguera,2024,,,,,,,37.823719,8.291653,54.407025,58.08,,true,true,,70,derived,gencat_fire_hazard_2024,,2026-08-21T20:09:22Z,0.2.0,missing_dependency,Flood and built-up exposure are pending; interval reflects only fire's 45% weight.,partial,26.136,81.136,45,,official,territorial_fire_7_8_high_9_10_very_high,false
250352,la Sentiu de Sió,23,Noguera,2024,,,,,,,41.568047,14.940828,71.449704,44.494,,true,true,,70,derived,gencat_fire_hazard_2024,,2026-08-21T20:09:22Z,0.2.0,missing_dependency,Flood and built-up exposure are pending; interval reflects only fire's 45% weight.,partial,20.0223,75.0223,45,,official,territorial_fire_7_8_high_9_10_very_high,false
250365,Aspa,33,Segrià,2024,,,,,,,32.718894,12.903226,58.525346,54.797,,true,true,,70,derived,gencat_fire_hazard_2024,,2026-08-21T20:09:22Z,0.2.0,missing_dependency,Flood and built-up exposure are pending; interval reflects only fire's 45% weight.,partial,24.6586,79.6587,45,,official,territorial_fire_7_8_high_9_10_very_high,false
250371,les Avellanes i Santa Linya,23,Noguera,2024,,,,,,,27.845364,4.501217,36.847797,72.0778,,true,true,,70,derived,gencat_fire_hazard_2024,,2026-08-21T20:09:22Z,0.2.0,missing_dependency,Flood and built-up exposure are pending; interval reflects only fire's 45% weight.,partial,32.435,87.435,45,,official,territorial_fire_7_8_high_9_10_very_high,false
250387,Aitona,33,Segrià,2024,,,,,,,16.753927,14.584892,45.92371,64.8427,,true,true,,70,derived,gencat_fire_hazard_2024,,2026-08-21T20:09:22Z,0.2.0,missing_dependency,Flood and built-up exposure are pending; interval reflects only fire's 45% weight.,partial,29.1792,84.1792,45,,official,territorial_fire_7_8_high_9_10_very_high,false
250390,Baix Pallars,26,Pallars Sobirà,2024,,,,,,,12.484457,1.906657,16.29777,88.4598,,true,true,,70,derived,gencat_fire_hazard_2024,,2026-08-21T20:09:22Z,0.2.0,missing_dependency,Flood and built-up exposure are pending; interval reflects only fire's 45% weight.,partial,39.8069,94.8069,45,,official,territorial_fire_7_8_high_9_10_very_high,false
250404,Balaguer,23,Noguera,2024,,,,,,,13.403417,12.220762,37.844941,71.2829,,true,true,,70,derived,gencat_fire_hazard_2024,,2026-08-21T20:09:22Z,0.2.0,missing_dependency,Flood and built-up exposure are pending; interval reflects only fire's 45% weight.,partial,32.0773,87.0773,45,,official,territorial_fire_7_8_high_9_10_very_high,false
250411,Barbens,27,Pla d'Urgell,2024,,,,,,,0,0,0,100,,false,false,,70,derived,gencat_fire_hazard_2024,,2026-08-21T20:09:22Z,0.2.0,missing_dependency,Flood and built-up exposure are pending; interval reflects only fire's 45% weight.,partial,45,100,45,,official,territorial_fire_7_8_high_9_10_very_high,false
250426,la Baronia de Rialb,23,Noguera,2024,,,,,,,38.884764,13.998185,66.881135,48.1359,,true,true,,70,derived,gencat_fire_hazard_2024,,2026-08-21T20:09:22Z,0.2.0,missing_dependency,Flood and built-up exposure are pending; interval reflects only fire's 45% weight.,partial,21.6612,76.6612,45,,official,territorial_fire_7_8_high_9_10_very_high,false
250432,la Vall de Boí,05,Alta Ribagorça,2024,,,,,,,0.745485,0.115075,0.975634,100,,true,true,,70,derived,gencat_fire_hazard_2024,,2026-08-21T20:09:22Z,0.2.0,missing_dependency,Flood and built-up exposure are pending; interval reflects only fire's 45% weight.,partial,45,100,45,,official,territorial_fire_7_8_high_9_10_very_high,false
250447,Bassella,04,Alt Urgell,2024,,,,,,,50.65666,24.596623,99.849906,21.854,,true,true,,70,derived,gencat_fire_hazard_2024,,2026-08-21T20:09:22Z,0.2.0,missing_dependency,Flood and built-up exposure are pending; interval reflects only fire's 45% weight.,partial,9.8343,64.8343,45,,official,territorial_fire_7_8_high_9_10_very_high,false
250450,Bausen,39,Val d'Aran,2024,,,,,,,2.10463,0.962117,4.028863,98.2402,,true,true,,70,derived,gencat_fire_hazard_2024,,2026-08-21T20:09:22Z,0.2.0,missing_dependency,Flood and built-up exposure are pending; interval reflects only fire's 45% weight.,partial,44.2081,99.2081,45,,official,territorial_fire_7_8_high_9_10_very_high,false
250463,Belianes,38,Urgell,2024,,,,,,,44.186047,6.976744,58.139535,55.1045,,true,true,,70,derived,gencat_fire_hazard_2024,,2026-08-21T20:09:22Z,0.2.0,missing_dependency,Flood and built-up exposure are pending; interval reflects only fire's 45% weight.,partial,24.797,79.797,45,,official,territorial_fire_7_8_high_9_10_very_high,false
250479,Bellcaire d'Urgell,23,Noguera,2024,,,,,,,1.666667,10,21.666667,84.1798,,true,true,,70,derived,gencat_fire_hazard_2024,,2026-08-21T20:09:22Z,0.2.0,missing_dependency,Flood and built-up exposure are pending; interval reflects only fire's 45% weight.,partial,37.8809,92.8809,45,,official,territorial_fire_7_8_high_9_10_very_high,false
250485,Bell-lloc d'Urgell,27,Pla d'Urgell,2024,,,,,,,2.564103,5.128205,12.820513,91.2318,,true,true,,70,derived,gencat_fire_hazard_2024,,2026-08-21T20:09:22Z,0.2.0,missing_dependency,Flood and built-up exposure are pending; interval reflects only fire's 45% weight.,partial,41.0543,96.0543,45,,official,territorial_fire_7_8_high_9_10_very_high,false
250498,Bellmunt d'Urgell,23,Noguera,2024,,,,,,,20,0,20,85.5084,,false,false,,70,derived,gencat_fire_hazard_2024,,2026-08-21T20:09:22Z,0.2.0,missing_dependency,Flood and built-up exposure are pending; interval reflects only fire's 45% weight.,partial,38.4788,93.4788,45,,official,territorial_fire_7_8_high_9_10_very_high,false
250501,Bellpuig,38,Urgell,2024,,,,,,,7.54717,1.886792,11.320755,92.4273,,true,true,,70,derived,gencat_fire_hazard_2024,,2026-08-21T20:09:22Z,0.2.0,missing_dependency,Flood and built-up exposure are pending; interval reflects only fire's 45% weight.,partial,41.5923,96.5923,45,,official,territorial_fire_7_8_high_9_10_very_high,false
250518,Bellver de Cerdanya,15,Cerdanya,2024,,,,,,,8.615456,1.295821,11.207098,92.5179,,true,true,,70,derived,gencat_fire_hazard_2024,,2026-08-21T20:09:22Z,0.2.0,missing_dependency,Flood and built-up exposure are pending; interval reflects only fire's 45% weight.,partial,41.6331,96.6331,45,,official,territorial_fire_7_8_high_9_10_very_high,false
250523,Bellvís,27,Pla d'Urgell,2024,,,,,,,0,0,0,100,,false,false,,70,derived,gencat_fire_hazard_2024,,2026-08-21T20:09:22Z,0.2.0,missing_dependency,Flood and built-up exposure are pending; interval reflects only fire's 45% weight.,partial,45,100,45,,official,territorial_fire_7_8_high_9_10_very_high,false
250539,Benavent de Segrià,33,Segrià,2024,,,,,,,0,0,0,100,,false,false,,70,derived,gencat_fire_hazard_2024,,2026-08-21T20:09:22Z,0.2.0,missing_dependency,Flood and built-up exposure are pending; interval reflects only fire's 45% weight.,partial,45,100,45,,official,territorial_fire_7_8_high_9_10_very_high,false
250557,Biosca,35,Solsonès,2024,,,,,,,68.030338,4.78051,77.591358,39.598,,true,true,,70,derived,gencat_fire_hazard_2024,,2026-08-21T20:09:22Z,0.2.0,missing_dependency,Flood and built-up exposure are pending; interval reflects only fire's 45% weight.,partial,17.8191,72.8191,45,,official,territorial_fire_7_8_high_9_10_very_high,false
250560,Bovera,18,Garrigues,2024,,,,,,,46.11399,31.433506,108.981002,14.5749,,true,true,,70,derived,gencat_fire_hazard_2024,,2026-08-21T20:09:22Z,0.2.0,missing_dependency,Flood and built-up exposure are pending; interval reflects only fire's 45% weight.,partial,6.5587,61.5587,45,,official,territorial_fire_7_8_high_9_10_very_high,false
250576,Es Bòrdes,39,Val d'Aran,2024,,,,,,,1.193317,0.095465,1.384248,100,,true,true,,70,derived,gencat_fire_hazard_2024,,2026-08-21T20:09:22Z,0.2.0,missing_dependency,Flood and built-up exposure are pending; interval reflects only fire's 45% weight.,partial,45,100,45,,official,territorial_fire_7_8_high_9_10_very_high,false
250582,les Borges Blanques,18,Garrigues,2024,,,,,,,43.990385,20.673077,85.336538,33.4237,,true,true,,70,derived,gencat_fire_hazard_2024,,2026-08-21T20:09:22Z,0.2.0,missing_dependency,Flood and built-up exposure are pending; interval reflects only fire's 45% weight.,partial,15.0407,70.0407,45,,official,territorial_fire_7_8_high_9_10_very_high,false
250595,Bossòst,39,Val d'Aran,2024,,,,,,,2.773669,0.887574,4.548817,97.8257,,true,true,,70,derived,gencat_fire_hazard_2024,,2026-08-21T20:09:22Z,0.2.0,missing_dependency,Flood and built-up exposure are pending; interval reflects only fire's 45% weight.,partial,44.0216,99.0216,45,,official,territorial_fire_7_8_high_9_10_very_high,false
250609,Cabanabona,23,Noguera,2024,,,,,,,28.125,4.910714,37.946429,71.202,,true,true,,70,derived,gencat_fire_hazard_2024,,2026-08-21T20:09:22Z,0.2.0,missing_dependency,Flood and built-up exposure are pending; interval reflects only fire's 45% weight.,partial,32.0409,87.0409,45,,official,territorial_fire_7_8_high_9_10_very_high,false
250616,Cabó,04,Alt Urgell,2024,,,,,,,10.407971,0.686684,11.781338,92.0602,,true,true,,70,derived,gencat_fire_hazard_2024,,2026-08-21T20:09:22Z,0.2.0,missing_dependency,Flood and built-up exposure are pending; interval reflects only fire's 45% weight.,partial,41.4271,96.4271,45,,official,territorial_fire_7_8_high_9_10_very_high,false
250621,Camarasa,23,Noguera,2024,,,,,,,17.162033,2.911183,22.984398,83.1294,,true,true,,70,derived,gencat_fire_hazard_2024,,2026-08-21T20:09:22Z,0.2.0,missing_dependency,Flood and built-up exposure are pending; interval reflects only fire's 45% weight.,partial,37.4082,92.4082,45,,official,territorial_fire_7_8_high_9_10_very_high,false
250637,Canejan,39,Val d'Aran,2024,,,,,,,1.319991,0.255482,1.830956,99.9924,,true,true,,70,derived,gencat_fire_hazard_2024,,2026-08-21T20:09:22Z,0.2.0,missing_dependency,Flood and built-up exposure are pending; interval reflects only fire's 45% weight.,partial,44.9966,99.9966,45,,official,territorial_fire_7_8_high_9_10_very_high,false
250642,Castellar de la Ribera,35,Solsonès,2024,,,,,,,57.542735,30.192308,117.92735,7.4431,,true,true,,70,derived,gencat_fire_hazard_2024,,2026-08-21T20:09:22Z,0.2.0,missing_dependency,Flood and built-up exposure are pending; interval reflects only fire's 45% weight.,partial,3.3494,58.3494,45,,official,territorial_fire_7_8_high_9_10_very_high,false
250674,Castelldans,18,Garrigues,2024,,,,,,,30.113636,43.876263,117.866162,7.4919,,true,true,,70,derived,gencat_fire_hazard_2024,,2026-08-21T20:09:22Z,0.2.0,missing_dependency,Flood and built-up exposure are pending; interval reflects only fire's 45% weight.,partial,3.3714,58.3714,45,,official,territorial_fire_7_8_high_9_10_very_high,false
250680,Castellnou de Seana,27,Pla d'Urgell,2024,,,,,,,0,0,0,100,,false,false,,70,derived,gencat_fire_hazard_2024,,2026-08-21T20:09:22Z,0.2.0,missing_dependency,Flood and built-up exposure are pending; interval reflects only fire's 45% weight.,partial,45,100,45,,official,territorial_fire_7_8_high_9_10_very_high,false
250693,Castelló de Farfanya,23,Noguera,2024,,,,,,,40.081967,10.655738,61.393443,52.5106,,true,true,,70,derived,gencat_fire_hazard_2024,,2026-08-21T20:09:22Z,0.2.0,missing_dependency,Flood and built-up exposure are pending; interval reflects only fire's 45% weight.,partial,23.6298,78.6298,45,,official,territorial_fire_7_8_high_9_10_very_high,false
250707,Castellserà,38,Urgell,2024,,,,,,,1.123596,1.123596,3.370787,98.7648,,true,true,,70,derived,gencat_fire_hazard_2024,,2026-08-21T20:09:22Z,0.2.0,missing_dependency,Flood and built-up exposure are pending; interval reflects only fire's 45% weight.,partial,44.4442,99.4442,45,,official,territorial_fire_7_8_high_9_10_very_high,false
250714,Cava,04,Alt Urgell,2024,,,,,,,10.275622,1.471769,13.21916,90.914,,true,true,,70,derived,gencat_fire_hazard_2024,,2026-08-21T20:09:22Z,0.2.0,missing_dependency,Flood and built-up exposure are pending; interval reflects only fire's 45% weight.,partial,40.9113,95.9113,45,,official,territorial_fire_7_8_high_9_10_very_high,false
250729,Cervera,32,Segarra,2024,,,,,,,25.500911,5.64663,36.794171,72.1205,,true,true,,70,derived,gencat_fire_hazard_2024,,2026-08-21T20:09:22Z,0.2.0,missing_dependency,Flood and built-up exposure are pending; interval reflects only fire's 45% weight.,partial,32.4542,87.4542,45,,official,territorial_fire_7_8_high_9_10_very_high,false
250735,Cervià de les Garrigues,18,Garrigues,2024,,,,,,,40.026684,52.168112,144.362909,0,,true,true,,70,derived,gencat_fire_hazard_2024,,2026-08-21T20:09:22Z,0.2.0,missing_dependency,Flood and built-up exposure are pending; interval reflects only fire's 45% weight.,partial,0,55,45,,official,territorial_fire_7_8_high_9_10_very_high,false
250740,Ciutadilla,38,Urgell,2024,,,,,,,29.051383,48.418972,125.889328,1.096,,true,true,,70,derived,gencat_fire_hazard_2024,,2026-08-21T20:09:22Z,0.2.0,missing_dependency,Flood and built-up exposure are pending; interval reflects only fire's 45% weight.,partial,0.4932,55.4932,45,,official,territorial_fire_7_8_high_9_10_very_high,false
250753,Clariana de Cardener,35,Solsonès,2024,,,,,,,39.777219,19.187927,78.153072,39.1502,,true,true,,70,derived,gencat_fire_hazard_2024,,2026-08-21T20:09:22Z,0.2.0,missing_dependency,Flood and built-up exposure are pending; interval reflects only fire's 45% weight.,partial,17.6176,72.6176,45,,official,territorial_fire_7_8_high_9_10_very_high,false
250766,el Cogul,18,Garrigues,2024,,,,,,,46.449704,29.881657,106.213018,16.7815,,true,true,,70,derived,gencat_fire_hazard_2024,,2026-08-21T20:09:22Z,0.2.0,missing_dependency,Flood and built-up exposure are pending; interval reflects only fire's 45% weight.,partial,7.5517,62.5517,45,,official,territorial_fire_7_8_high_9_10_very_high,false
250772,Coll de Nargó,04,Alt Urgell,2024,,,,,,,9.576931,0.792816,11.162562,92.5534,,true,true,,70,derived,gencat_fire_hazard_2024,,2026-08-21T20:09:22Z,0.2.0,missing_dependency,Flood and built-up exposure are pending; interval reflects only fire's 45% weight.,partial,41.649,96.649,45,,official,territorial_fire_7_8_high_9_10_very_high,false
250788,Corbins,33,Segrià,2024,,,,,,,7.777778,25.555556,58.888889,54.5072,,true,true,,70,derived,gencat_fire_hazard_2024,,2026-08-21T20:09:22Z,0.2.0,missing_dependency,Flood and built-up exposure are pending; interval reflects only fire's 45% weight.,partial,24.5282,79.5282,45,,official,territorial_fire_7_8_high_9_10_very_high,false
250791,Cubells,23,Noguera,2024,,,,,,,26.996198,7.47782,41.951838,68.009,,true,true,,70,derived,gencat_fire_hazard_2024,,2026-08-21T20:09:22Z,0.2.0,missing_dependency,Flood and built-up exposure are pending; interval reflects only fire's 45% weight.,partial,30.6041,85.6041,45,,official,territorial_fire_7_8_high_9_10_very_high,false
250812,l'Espluga Calba,18,Garrigues,2024,,,,,,,33.333333,48.751357,130.836048,0,,true,true,,70,derived,gencat_fire_hazard_2024,,2026-08-21T20:09:22Z,0.2.0,missing_dependency,Flood and built-up exposure are pending; interval reflects only fire's 45% weight.,partial,0,55,45,,official,territorial_fire_7_8_high_9_10_very_high,false
250827,Espot,26,Pallars Sobirà,2024,,,,,,,1.769129,0.199027,2.167183,99.7243,,true,true,,70,derived,gencat_fire_hazard_2024,,2026-08-21T20:09:22Z,0.2.0,missing_dependency,Flood and built-up exposure are pending; interval reflects only fire's 45% weight.,partial,44.8759,99.8759,45,,official,territorial_fire_7_8_high_9_10_very_high,false
250851,Estaràs,32,Segarra,2024,,,,,,,21.162791,14.186047,49.534884,61.9639,,true,true,,70,derived,gencat_fire_hazard_2024,,2026-08-21T20:09:22Z,0.2.0,missing_dependency,Flood and built-up exposure are pending; interval reflects only fire's 45% weight.,partial,27.8838,82.8838,45,,official,territorial_fire_7_8_high_9_10_very_high,false
250864,Esterri d'Àneu,26,Pallars Sobirà,2024,,,,,,,5.864198,1.080247,8.024691,95.0549,,true,true,,70,derived,gencat_fire_hazard_2024,,2026-08-21T20:09:22Z,0.2.0,missing_dependency,Flood and built-up exposure are pending; interval reflects only fire's 45% weight.,partial,42.7747,97.7747,45,,official,territorial_fire_7_8_high_9_10_very_high,false
250870,Esterri de Cardós,26,Pallars Sobirà,2024,,,,,,,1.416256,0.307882,2.03202,99.8321,,true,true,,70,derived,gencat_fire_hazard_2024,,2026-08-21T20:09:22Z,0.2.0,missing_dependency,Flood and built-up exposure are pending; interval reflects only fire's 45% weight.,partial,44.9244,99.9244,45,,official,territorial_fire_7_8_high_9_10_very_high,false
250886,Estamariu,04,Alt Urgell,2024,,,,,,,22.923749,6.362312,35.648373,73.0339,,true,true,,70,derived,gencat_fire_hazard_2024,,2026-08-21T20:09:22Z,0.2.0,missing_dependency,Flood and built-up exposure are pending; interval reflects only fire's 45% weight.,partial,32.8653,87.8653,45,,official,territorial_fire_7_8_high_9_10_very_high,false
250899,Farrera,26,Pallars Sobirà,2024,,,,,,,10.674249,3.363119,17.400487,87.5807,,true,true,,70,derived,gencat_fire_hazard_2024,,2026-08-21T20:09:22Z,0.2.0,missing_dependency,Flood and built-up exposure are pending; interval reflects only fire's 45% weight.,partial,39.4113,94.4113,45,,official,territorial_fire_7_8_high_9_10_very_high,false
250925,la Floresta,18,Garrigues,2024,,,,,,,51.304348,17.391304,86.086957,32.8255,,true,true,,70,derived,gencat_fire_hazard_2024,,2026-08-21T20:09:22Z,0.2.0,missing_dependency,Flood and built-up exposure are pending; interval reflects only fire's 45% weight.,partial,14.7715,69.7715,45,,official,territorial_fire_7_8_high_9_10_very_high,false
250931,Fondarella,27,Pla d'Urgell,2024,,,,,,,16.666667,0,16.666667,88.1657,,false,false,,70,derived,gencat_fire_hazard_2024,,2026-08-21T20:09:22Z,0.2.0,missing_dependency,Flood and built-up exposure are pending; interval reflects only fire's 45% weight.,partial,39.6746,94.6746,45,,official,territorial_fire_7_8_high_9_10_very_high,false
250946,Foradada,23,Noguera,2024,,,,,,,49.620253,3.375527,56.371308,56.5141,,true,true,,70,derived,gencat_fire_hazard_2024,,2026-08-21T20:09:22Z,0.2.0,missing_dependency,Flood and built-up exposure are pending; interval reflects only fire's 45% weight.,partial,25.4313,80.4313,45,,official,territorial_fire_7_8_high_9_10_very_high,false
250962,la Fuliola,38,Urgell,2024,,,,,,,0,25,50,61.5932,,true,true,,70,derived,gencat_fire_hazard_2024,,2026-08-21T20:09:22Z,0.2.0,missing_dependency,Flood and built-up exposure are pending; interval reflects only fire's 45% weight.,partial,27.7169,82.7169,45,,official,territorial_fire_7_8_high_9_10_very_high,false
250978,Fulleda,18,Garrigues,2024,,,,,,,31.779661,63.389831,158.559322,0,,true,true,,70,derived,gencat_fire_hazard_2024,,2026-08-21T20:09:22Z,0.2.0,missing_dependency,Flood and built-up exposure are pending; interval reflects only fire's 45% weight.,partial,0,55,45,,official,territorial_fire_7_8_high_9_10_very_high,false
250984,Gavet de la Conca,25,Pallars Jussà,2024,,,,,,,20.423497,3.790984,28.005464,79.1267,,true,true,,70,derived,gencat_fire_hazard_2024,,2026-08-21T20:09:22Z,0.2.0,missing_dependency,Flood and built-up exposure are pending; interval reflects only fire's 45% weight.,partial,35.607,90.607,45,,official,territorial_fire_7_8_high_9_10_very_high,false
250997,Golmés,27,Pla d'Urgell,2024,,,,,,,12,24,60,53.6214,,true,true,,70,derived,gencat_fire_hazard_2024,,2026-08-21T20:09:22Z,0.2.0,missing_dependency,Flood and built-up exposure are pending; interval reflects only fire's 45% weight.,partial,24.1296,79.1296,45,,official,territorial_fire_7_8_high_9_10_very_high,false
251001,Gósol,14,Berguedà,2024,,,,,,,5.813953,0.286225,6.386404,96.3609,,true,true,,70,derived,gencat_fire_hazard_2024,,2026-08-21T20:09:22Z,0.2.0,missing_dependency,Flood and built-up exposure are pending; interval reflects only fire's 45% weight.,partial,43.3624,98.3624,45,,official,territorial_fire_7_8_high_9_10_very_high,false
251018,la Granadella,18,Garrigues,2024,,,,,,,44.659905,36.306683,117.27327,7.9645,,true,true,,70,derived,gencat_fire_hazard_2024,,2026-08-21T20:09:22Z,0.2.0,missing_dependency,Flood and built-up exposure are pending; interval reflects only fire's 45% weight.,partial,3.584,58.584,45,,official,territorial_fire_7_8_high_9_10_very_high,false
251023,la Granja d'Escarp,33,Segrià,2024,,,,,,,40.788922,28.409568,97.608057,23.6412,,true,true,,70,derived,gencat_fire_hazard_2024,,2026-08-21T20:09:22Z,0.2.0,missing_dependency,Flood and built-up exposure are pending; interval reflects only fire's 45% weight.,partial,10.6385,65.6385,45,,official,territorial_fire_7_8_high_9_10_very_high,false
251039,Granyanella,32,Segarra,2024,,,,,,,42.597403,10.909091,64.415584,50.1014,,true,true,,70,derived,gencat_fire_hazard_2024,,2026-08-21T20:09:22Z,0.2.0,missing_dependency,Flood and built-up exposure are pending; interval reflects only fire's 45% weight.,partial,22.5456,77.5456,45,,official,territorial_fire_7_8_high_9_10_very_high,false
251044,Granyena de Segarra,32,Segarra,2024,,,,,,,52.760736,11.349693,75.460123,41.297,,true,true,,70,derived,gencat_fire_hazard_2024,,2026-08-21T20:09:22Z,0.2.0,missing_dependency,Flood and built-up exposure are pending; interval reflects only fire's 45% weight.,partial,18.5836,73.5837,45,,official,territorial_fire_7_8_high_9_10_very_high,false
251057,Granyena de les Garrigues,18,Garrigues,2024,,,,,,,46.79089,11.594203,69.979296,45.6662,,true,true,,70,derived,gencat_fire_hazard_2024,,2026-08-21T20:09:22Z,0.2.0,missing_dependency,Flood and built-up exposure are pending; interval reflects only fire's 45% weight.,partial,20.5498,75.5498,45,,official,territorial_fire_7_8_high_9_10_very_high,false
251095,Guimerà,38,Urgell,2024,,,,,,,32.197615,38.160136,108.517888,14.9441,,true,true,,70,derived,gencat_fire_hazard_2024,,2026-08-21T20:09:22Z,0.2.0,missing_dependency,Flood and built-up exposure are pending; interval reflects only fire's 45% weight.,partial,6.7248,61.7248,45,,official,territorial_fire_7_8_high_9_10_very_high,false
251109,Guissona,32,Segarra,2024,,,,,,,7.692308,0,7.692308,95.3198,,false,false,,70,derived,gencat_fire_hazard_2024,,2026-08-21T20:09:22Z,0.2.0,missing_dependency,Flood and built-up exposure are pending; interval reflects only fire's 45% weight.,partial,42.8939,97.8939,45,,official,territorial_fire_7_8_high_9_10_very_high,false
251116,Guixers,35,Solsonès,2024,,,,,,,21.349928,2.648795,26.647519,80.2092,,true,true,,70,derived,gencat_fire_hazard_2024,,2026-08-21T20:09:22Z,0.2.0,missing_dependency,Flood and built-up exposure are pending; interval reflects only fire's 45% weight.,partial,36.0941,91.0941,45,,official,territorial_fire_7_8_high_9_10_very_high,false
251121,Ivars de Noguera,23,Noguera,2024,,,,,,,27.53547,13.872832,55.281135,57.3832,,true,true,,70,derived,gencat_fire_hazard_2024,,2026-08-21T20:09:22Z,0.2.0,missing_dependency,Flood and built-up exposure are pending; interval reflects only fire's 45% weight.,partial,25.8224,80.8224,45,,official,territorial_fire_7_8_high_9_10_very_high,false
251137,Ivars d'Urgell,27,Pla d'Urgell,2024,,,,,,,0,0,0,100,,false,false,,70,derived,gencat_fire_hazard_2024,,2026-08-21T20:09:22Z,0.2.0,missing_dependency,Flood and built-up exposure are pending; interval reflects only fire's 45% weight.,partial,45,100,45,,official,territorial_fire_7_8_high_9_10_very_high,false
251142,Ivorra,32,Segarra,2024,,,,,,,43.359375,1.5625,46.484375,64.3957,,true,true,,70,derived,gencat_fire_hazard_2024,,2026-08-21T20:09:22Z,0.2.0,missing_dependency,Flood and built-up exposure are pending; interval reflects only fire's 45% weight.,partial,28.9781,83.9781,45,,official,territorial_fire_7_8_high_9_10_very_high,false
251155,Isona i Conca Dellà,25,Pallars Jussà,2024,,,,,,,25.072227,4.007034,33.086296,75.0764,,true,true,,70,derived,gencat_fire_hazard_2024,,2026-08-21T20:09:22Z,0.2.0,missing_dependency,Flood and built-up exposure are pending; interval reflects only fire's 45% weight.,partial,33.7844,88.7844,45,,official,territorial_fire_7_8_high_9_10_very_high,false
251180,Juncosa,18,Garrigues,2024,,,,,,,52.331737,30.627678,113.587094,10.9031,,true,true,,70,derived,gencat_fire_hazard_2024,,2026-08-21T20:09:22Z,0.2.0,missing_dependency,Flood and built-up exposure are pending; interval reflects only fire's 45% weight.,partial,4.9064,59.9064,45,,official,territorial_fire_7_8_high_9_10_very_high,false
251193,Juneda,18,Garrigues,2024,,,,,,,38.765009,39.108062,116.981132,8.1974,,true,true,,70,derived,gencat_fire_hazard_2024,,2026-08-21T20:09:22Z,0.2.0,missing_dependency,Flood and built-up exposure are pending; interval reflects only fire's 45% weight.,partial,3.6888,58.6888,45,,official,territorial_fire_7_8_high_9_10_very_high,false
251207,Lleida,33,Segrià,2024,,,,,,,15.032328,15.463362,45.959052,64.8145,,true,true,,70,derived,gencat_fire_hazard_2024,,2026-08-21T20:09:22Z,0.2.0,missing_dependency,Flood and built-up exposure are pending; interval reflects only fire's 45% weight.,partial,29.1665,84.1665,45,,official,territorial_fire_7_8_high_9_10_very_high,false
251214,Les,39,Val d'Aran,2024,,,,,,,3.000448,0.761308,4.523063,97.8463,,true,true,,70,derived,gencat_fire_hazard_2024,,2026-08-21T20:09:22Z,0.2.0,missing_dependency,Flood and built-up exposure are pending; interval reflects only fire's 45% weight.,partial,44.0308,99.0308,45,,official,territorial_fire_7_8_high_9_10_very_high,false
251229,Linyola,27,Pla d'Urgell,2024,,,,,,,0,0,0,100,,false,false,,70,derived,gencat_fire_hazard_2024,,2026-08-21T20:09:22Z,0.2.0,missing_dependency,Flood and built-up exposure are pending; interval reflects only fire's 45% weight.,partial,45,100,45,,official,territorial_fire_7_8_high_9_10_very_high,false
251235,Lladorre,26,Pallars Sobirà,2024,,,,,,,0.165111,0.014358,0.193826,100,,true,true,,70,derived,gencat_fire_hazard_2024,,2026-08-21T20:09:22Z,0.2.0,missing_dependency,Flood and built-up exposure are pending; interval reflects only fire's 45% weight.,partial,45,100,45,,official,territorial_fire_7_8_high_9_10_very_high,false
251240,Lladurs,35,Solsonès,2024,,,,,,,40.95307,15.634325,72.22172,43.8785,,true,true,,70,derived,gencat_fire_hazard_2024,,2026-08-21T20:09:22Z,0.2.0,missing_dependency,Flood and built-up exposure are pending; interval reflects only fire's 45% weight.,partial,19.7453,74.7453,45,,official,territorial_fire_7_8_high_9_10_very_high,false
251253,Llardecans,33,Segrià,2024,,,,,,,46.91358,29.253892,105.421363,17.4126,,true,true,,70,derived,gencat_fire_hazard_2024,,2026-08-21T20:09:22Z,0.2.0,missing_dependency,Flood and built-up exposure are pending; interval reflects only fire's 45% weight.,partial,7.8357,62.8357,45,,official,territorial_fire_7_8_high_9_10_very_high,false
251266,Llavorsí,26,Pallars Sobirà,2024,,,,,,,4.83184,0.969305,6.770451,96.0547,,true,true,,70,derived,gencat_fire_hazard_2024,,2026-08-21T20:09:22Z,0.2.0,missing_dependency,Flood and built-up exposure are pending; interval reflects only fire's 45% weight.,partial,43.2246,98.2246,45,,official,territorial_fire_7_8_high_9_10_very_high,false
251272,Lles de Cerdanya,15,Cerdanya,2024,,,,,,,17.187809,7.10469,31.39719,76.4229,,true,true,,70,derived,gencat_fire_hazard_2024,,2026-08-21T20:09:22Z,0.2.0,missing_dependency,Flood and built-up exposure are pending; interval reflects only fire's 45% weight.,partial,34.3903,89.3903,45,,official,territorial_fire_7_8_high_9_10_very_high,false
251288,Llimiana,25,Pallars Jussà,2024,,,,,,,11.479029,0.851466,13.181962,90.9436,,true,true,,70,derived,gencat_fire_hazard_2024,,2026-08-21T20:09:22Z,0.2.0,missing_dependency,Flood and built-up exposure are pending; interval reflects only fire's 45% weight.,partial,40.9246,95.9246,45,,official,territorial_fire_7_8_high_9_10_very_high,false
251291,Llobera,35,Solsonès,2024,,,,,,,44.190871,33.246888,110.684647,13.2168,,true,true,,70,derived,gencat_fire_hazard_2024,,2026-08-21T20:09:22Z,0.2.0,missing_dependency,Flood and built-up exposure are pending; interval reflects only fire's 45% weight.,partial,5.9476,60.9476,45,,official,territorial_fire_7_8_high_9_10_very_high,false
251305,Maldà,38,Urgell,2024,,,,,,,43.559097,26.826029,97.211155,23.9576,,true,true,,70,derived,gencat_fire_hazard_2024,,2026-08-21T20:09:22Z,0.2.0,missing_dependency,Flood and built-up exposure are pending; interval reflects only fire's 45% weight.,partial,10.7809,65.7809,45,,official,territorial_fire_7_8_high_9_10_very_high,false
251312,Massalcoreig,33,Segrià,2024,,,,,,,1.694915,11.016949,23.728814,82.5359,,true,true,,70,derived,gencat_fire_hazard_2024,,2026-08-21T20:09:22Z,0.2.0,missing_dependency,Flood and built-up exposure are pending; interval reflects only fire's 45% weight.,partial,37.1412,92.1412,45,,official,territorial_fire_7_8_high_9_10_very_high,false
251327,Massoteres,32,Segarra,2024,,,,,,,38.286713,2.972028,44.230769,66.1923,,true,true,,70,derived,gencat_fire_hazard_2024,,2026-08-21T20:09:22Z,0.2.0,missing_dependency,Flood and built-up exposure are pending; interval reflects only fire's 45% weight.,partial,29.7865,84.7865,45,,official,territorial_fire_7_8_high_9_10_very_high,false
251333,Maials,33,Segrià,2024,,,,,,,23.840399,66.982544,157.805486,0,,true,true,,70,derived,gencat_fire_hazard_2024,,2026-08-21T20:09:22Z,0.2.0,missing_dependency,Flood and built-up exposure are pending; interval reflects only fire's 45% weight.,partial,0,55,45,,official,territorial_fire_7_8_high_9_10_very_high,false
251348,Menàrguens,23,Noguera,2024,,,,,,,9.52381,5.952381,21.428571,84.3696,,true,true,,70,derived,gencat_fire_hazard_2024,,2026-08-21T20:09:22Z,0.2.0,missing_dependency,Flood and built-up exposure are pending; interval reflects only fire's 45% weight.,partial,37.9663,92.9663,45,,official,territorial_fire_7_8_high_9_10_very_high,false
251351,Miralcamp,27,Pla d'Urgell,2024,,,,,,,2,0,2,99.8576,,false,false,,70,derived,gencat_fire_hazard_2024,,2026-08-21T20:09:22Z,0.2.0,missing_dependency,Flood and built-up exposure are pending; interval reflects only fire's 45% weight.,partial,44.9359,99.9359,45,,official,territorial_fire_7_8_high_9_10_very_high,false
251364,la Molsosa,35,Solsonès,2024,,,,,,,42.444717,14.55774,71.560197,44.4059,,true,true,,70,derived,gencat_fire_hazard_2024,,2026-08-21T20:09:22Z,0.2.0,missing_dependency,Flood and built-up exposure are pending; interval reflects only fire's 45% weight.,partial,19.9827,74.9827,45,,official,territorial_fire_7_8_high_9_10_very_high,false
251370,Mollerussa,27,Pla d'Urgell,2024,,,,,,,0,0,0,100,,false,false,,70,derived,gencat_fire_hazard_2024,,2026-08-21T20:09:22Z,0.2.0,missing_dependency,Flood and built-up exposure are pending; interval reflects only fire's 45% weight.,partial,45,100,45,,official,territorial_fire_7_8_high_9_10_very_high,false
251386,Montgai,23,Noguera,2024,,,,,,,26.446281,1.239669,28.92562,78.3932,,true,true,,70,derived,gencat_fire_hazard_2024,,2026-08-21T20:09:22Z,0.2.0,missing_dependency,Flood and built-up exposure are pending; interval reflects only fire's 45% weight.,partial,35.2769,90.2769,45,,official,territorial_fire_7_8_high_9_10_very_high,false
251399,Montellà i Martinet,15,Cerdanya,2024,,,,,,,7.141366,1.169346,9.480058,93.8947,,true,true,,70,derived,gencat_fire_hazard_2024,,2026-08-21T20:09:22Z,0.2.0,missing_dependency,Flood and built-up exposure are pending; interval reflects only fire's 45% weight.,partial,42.2526,97.2526,45,,official,territorial_fire_7_8_high_9_10_very_high,false
251403,Montferrer i Castellbò,04,Alt Urgell,2024,,,,,,,30.676753,11.652592,53.981938,58.4189,,true,true,,70,derived,gencat_fire_hazard_2024,,2026-08-21T20:09:22Z,0.2.0,missing_dependency,Flood and built-up exposure are pending; interval reflects only fire's 45% weight.,partial,26.2885,81.2885,45,,official,territorial_fire_7_8_high_9_10_very_high,false
251410,Montoliu de Segarra,32,Segarra,2024,,,,,,,31.578947,27.54386,86.666667,32.3634,,true,true,,70,derived,gencat_fire_hazard_2024,,2026-08-21T20:09:22Z,0.2.0,missing_dependency,Flood and built-up exposure are pending; interval reflects only fire's 45% weight.,partial,14.5635,69.5635,45,,official,territorial_fire_7_8_high_9_10_very_high,false
251425,Montoliu de Lleida,33,Segrià,2024,,,,,,,8.870968,6.451613,21.774194,84.0941,,true,true,,70,derived,gencat_fire_hazard_2024,,2026-08-21T20:09:22Z,0.2.0,missing_dependency,Flood and built-up exposure are pending; interval reflects only fire's 45% weight.,partial,37.8423,92.8423,45,,official,territorial_fire_7_8_high_9_10_very_high,false
251431,Montornès de Segarra,32,Segarra,2024,,,,,,,41.590214,20.183486,81.957187,36.1177,,true,true,,70,derived,gencat_fire_hazard_2024,,2026-08-21T20:09:22Z,0.2.0,missing_dependency,Flood and built-up exposure are pending; interval reflects only fire's 45% weight.,partial,16.253,71.253,45,,official,territorial_fire_7_8_high_9_10_very_high,false
251459,Nalec,38,Urgell,2024,,,,,,,47.17608,38.870432,124.916944,1.8712,,true,true,,70,derived,gencat_fire_hazard_2024,,2026-08-21T20:09:22Z,0.2.0,missing_dependency,Flood and built-up exposure are pending; interval reflects only fire's 45% weight.,partial,0.842,55.842,45,,official,territorial_fire_7_8_high_9_10_very_high,false
251462,Navès,35,Solsonès,2024,,,,,,,31.72386,7.299152,46.322164,64.525,,true,true,,70,derived,gencat_fire_hazard_2024,,2026-08-21T20:09:22Z,0.2.0,missing_dependency,Flood and built-up exposure are pending; interval reflects only fire's 45% weight.,partial,29.0363,84.0363,45,,official,territorial_fire_7_8_high_9_10_very_high,false
251484,Odèn,35,Solsonès,2024,,,,,,,10.43109,1.033878,12.498846,91.4882,,true,true,,70,derived,gencat_fire_hazard_2024,,2026-08-21T20:09:22Z,0.2.0,missing_dependency,Flood and built-up exposure are pending; interval reflects only fire's 45% weight.,partial,41.1697,96.1697,45,,official,territorial_fire_7_8_high_9_10_very_high,false
251497,Oliana,04,Alt Urgell,2024,,,,,,,22.561459,3.053132,28.667724,78.5987,,true,true,,70,derived,gencat_fire_hazard_2024,,2026-08-21T20:09:22Z,0.2.0,missing_dependency,Flood and built-up exposure are pending; interval reflects only fire's 45% weight.,partial,35.3694,90.3694,45,,official,territorial_fire_7_8_high_9_10_very_high,false
251500,Oliola,23,Noguera,2024,,,,,,,43.384018,3.332255,50.048528,61.5545,,true,true,,70,derived,gencat_fire_hazard_2024,,2026-08-21T20:09:22Z,0.2.0,missing_dependency,Flood and built-up exposure are pending; interval reflects only fire's 45% weight.,partial,27.6995,82.6995,45,,official,territorial_fire_7_8_high_9_10_very_high,false
251517,Olius,35,Solsonès,2024,,,,,,,45.048309,23.369565,91.78744,28.2812,,true,true,,70,derived,gencat_fire_hazard_2024,,2026-08-21T20:09:22Z,0.2.0,missing_dependency,Flood and built-up exposure are pending; interval reflects only fire's 45% weight.,partial,12.7265,67.7265,45,,official,territorial_fire_7_8_high_9_10_very_high,false
251522,les Oluges,32,Segarra,2024,,,,,,,27.06422,4.587156,36.238532,72.5635,,true,true,,70,derived,gencat_fire_hazard_2024,,2026-08-21T20:09:22Z,0.2.0,missing_dependency,Flood and built-up exposure are pending; interval reflects only fire's 45% weight.,partial,32.6536,87.6536,45,,official,territorial_fire_7_8_high_9_10_very_high,false
251538,els Omellons,18,Garrigues,2024,,,,,,,55.633803,14.788732,85.211268,33.5236,,true,true,,70,derived,gencat_fire_hazard_2024,,2026-08-21T20:09:22Z,0.2.0,missing_dependency,Flood and built-up exposure are pending; interval reflects only fire's 45% weight.,partial,15.0856,70.0856,45,,official,territorial_fire_7_8_high_9_10_very_high,false
251543,els Omells de na Gaia,38,Urgell,2024,,,,,,,36.899863,46.090535,129.080933,0,,true,true,,70,derived,gencat_fire_hazard_2024,,2026-08-21T20:09:22Z,0.2.0,missing_dependency,Flood and built-up exposure are pending; interval reflects only fire's 45% weight.,partial,0,55,45,,official,territorial_fire_7_8_high_9_10_very_high,false
251556,Organyà,04,Alt Urgell,2024,,,,,,,7.822686,0.391134,8.604954,94.5923,,true,true,,70,derived,gencat_fire_hazard_2024,,2026-08-21T20:09:22Z,0.2.0,missing_dependency,Flood and built-up exposure are pending; interval reflects only fire's 45% weight.,partial,42.5665,97.5665,45,,official,territorial_fire_7_8_high_9_10_very_high,false
251569,Os de Balaguer,23,Noguera,2024,,,,,,,21.008801,3.264881,27.538563,79.4989,,true,true,,70,derived,gencat_fire_hazard_2024,,2026-08-21T20:09:22Z,0.2.0,missing_dependency,Flood and built-up exposure are pending; interval reflects only fire's 45% weight.,partial,35.7745,90.7745,45,,official,territorial_fire_7_8_high_9_10_very_high,false
251575,Ossó de Sió,38,Urgell,2024,,,,,,,11.016949,0,11.016949,92.6695,,false,false,,70,derived,gencat_fire_hazard_2024,,2026-08-21T20:09:22Z,0.2.0,missing_dependency,Flood and built-up exposure are pending; interval reflects only fire's 45% weight.,partial,41.7013,96.7013,45,,official,territorial_fire_7_8_high_9_10_very_high,false
251581,el Palau d'Anglesola,27,Pla d'Urgell,2024,,,,,,,0,0,0,100,,false,false,,70,derived,gencat_fire_hazard_2024,,2026-08-21T20:09:22Z,0.2.0,missing_dependency,Flood and built-up exposure are pending; interval reflects only fire's 45% weight.,partial,45,100,45,,official,territorial_fire_7_8_high_9_10_very_high,false
251615,Conca de Dalt,25,Pallars Jussà,2024,,,,,,,8.944593,1.445106,11.834806,92.0175,,true,true,,70,derived,gencat_fire_hazard_2024,,2026-08-21T20:09:22Z,0.2.0,missing_dependency,Flood and built-up exposure are pending; interval reflects only fire's 45% weight.,partial,41.4079,96.4079,45,,official,territorial_fire_7_8_high_9_10_very_high,false
251636,la Coma i la Pedra,35,Solsonès,2024,,,,,,,8.207198,0.437269,9.081736,94.2122,,true,true,,70,derived,gencat_fire_hazard_2024,,2026-08-21T20:09:22Z,0.2.0,missing_dependency,Flood and built-up exposure are pending; interval reflects only fire's 45% weight.,partial,42.3955,97.3955,45,,official,territorial_fire_7_8_high_9_10_very_high,false
251641,Penelles,23,Noguera,2024,,,,,,,13.513514,0,13.513514,90.6793,,false,false,,70,derived,gencat_fire_hazard_2024,,2026-08-21T20:09:22Z,0.2.0,missing_dependency,Flood and built-up exposure are pending; interval reflects only fire's 45% weight.,partial,40.8057,95.8057,45,,official,territorial_fire_7_8_high_9_10_very_high,false
251654,Peramola,04,Alt Urgell,2024,,,,,,,17.451704,4.73193,26.915563,79.9955,,true,true,,70,derived,gencat_fire_hazard_2024,,2026-08-21T20:09:22Z,0.2.0,missing_dependency,Flood and built-up exposure are pending; interval reflects only fire's 45% weight.,partial,35.998,90.998,45,,official,territorial_fire_7_8_high_9_10_very_high,false
251667,Pinell de Solsonès,35,Solsonès,2024,,,,,,,58.885469,24.963551,108.812571,14.7092,,true,true,,70,derived,gencat_fire_hazard_2024,,2026-08-21T20:09:22Z,0.2.0,missing_dependency,Flood and built-up exposure are pending; interval reflects only fire's 45% weight.,partial,6.6191,61.6191,45,,official,territorial_fire_7_8_high_9_10_very_high,false
251673,Pinós,35,Solsonès,2024,,,,,,,34.826675,9.841363,54.509401,57.9984,,true,true,,70,derived,gencat_fire_hazard_2024,,2026-08-21T20:09:22Z,0.2.0,missing_dependency,Flood and built-up exposure are pending; interval reflects only fire's 45% weight.,partial,26.0993,81.0993,45,,official,territorial_fire_7_8_high_9_10_very_high,false
251689,el Poal,27,Pla d'Urgell,2024,,,,,,,12.5,0,12.5,91.4873,,false,false,,70,derived,gencat_fire_hazard_2024,,2026-08-21T20:09:22Z,0.2.0,missing_dependency,Flood and built-up exposure are pending; interval reflects only fire's 45% weight.,partial,41.1693,96.1693,45,,official,territorial_fire_7_8_high_9_10_very_high,false
251692,la Pobla de Cérvoles,18,Garrigues,2024,,,,,,,54.905253,31.398417,117.702087,7.6227,,true,true,,70,derived,gencat_fire_hazard_2024,,2026-08-21T20:09:22Z,0.2.0,missing_dependency,Flood and built-up exposure are pending; interval reflects only fire's 45% weight.,partial,3.4302,58.4302,45,,official,territorial_fire_7_8_high_9_10_very_high,false
251706,Bellaguarda,18,Garrigues,2024,,,,,,,60.488346,8.768036,78.024417,39.2528,,true,true,,70,derived,gencat_fire_hazard_2024,,2026-08-21T20:09:22Z,0.2.0,missing_dependency,Flood and built-up exposure are pending; interval reflects only fire's 45% weight.,partial,17.6638,72.6638,45,,official,territorial_fire_7_8_high_9_10_very_high,false
251713,la Pobla de Segur,25,Pallars Jussà,2024,,,,,,,14.704855,2.549773,19.804401,85.6644,,true,true,,70,derived,gencat_fire_hazard_2024,,2026-08-21T20:09:22Z,0.2.0,missing_dependency,Flood and built-up exposure are pending; interval reflects only fire's 45% weight.,partial,38.549,93.549,45,,official,territorial_fire_7_8_high_9_10_very_high,false
251728,Ponts,23,Noguera,2024,,,,,,,49.312715,3.4937,56.300115,56.5709,,true,true,,70,derived,gencat_fire_hazard_2024,,2026-08-21T20:09:22Z,0.2.0,missing_dependency,Flood and built-up exposure are pending; interval reflects only fire's 45% weight.,partial,25.4569,80.4569,45,,official,territorial_fire_7_8_high_9_10_very_high,false
251734,el Pont de Suert,05,Alta Ribagorça,2024,,,,,,,7.214018,1.229421,9.672861,93.741,,true,true,,70,derived,gencat_fire_hazard_2024,,2026-08-21T20:09:22Z,0.2.0,missing_dependency,Flood and built-up exposure are pending; interval reflects only fire's 45% weight.,partial,42.1835,97.1835,45,,official,territorial_fire_7_8_high_9_10_very_high,false
251749,la Portella,33,Segrià,2024,,,,,,,6.578947,22.368421,51.315789,60.5443,,true,true,,70,derived,gencat_fire_hazard_2024,,2026-08-21T20:09:22Z,0.2.0,missing_dependency,Flood and built-up exposure are pending; interval reflects only fire's 45% weight.,partial,27.2449,82.2449,45,,official,territorial_fire_7_8_high_9_10_very_high,false
251752,Prats i Sansor,15,Cerdanya,2024,,,,,,,15.988372,1.453488,18.895349,86.389,,true,true,,70,derived,gencat_fire_hazard_2024,,2026-08-21T20:09:22Z,0.2.0,missing_dependency,Flood and built-up exposure are pending; interval reflects only fire's 45% weight.,partial,38.8751,93.8751,45,,official,territorial_fire_7_8_high_9_10_very_high,false
251765,Preixana,38,Urgell,2024,,,,,,,0,0,0,100,,false,false,,70,derived,gencat_fire_hazard_2024,,2026-08-21T20:09:22Z,0.2.0,missing_dependency,Flood and built-up exposure are pending; interval reflects only fire's 45% weight.,partial,45,100,45,,official,territorial_fire_7_8_high_9_10_very_high,false
251771,Preixens,23,Noguera,2024,,,,,,,13.924051,2.531646,18.987342,86.3157,,true,true,,70,derived,gencat_fire_hazard_2024,,2026-08-21T20:09:22Z,0.2.0,missing_dependency,Flood and built-up exposure are pending; interval reflects only fire's 45% weight.,partial,38.8421,93.8421,45,,official,territorial_fire_7_8_high_9_10_very_high,false
251790,Prullans,15,Cerdanya,2024,,,,,,,11.03764,0.661241,12.360122,91.5988,,true,true,,70,derived,gencat_fire_hazard_2024,,2026-08-21T20:09:22Z,0.2.0,missing_dependency,Flood and built-up exposure are pending; interval reflects only fire's 45% weight.,partial,41.2195,96.2195,45,,official,territorial_fire_7_8_high_9_10_very_high,false
251804,Puiggròs,18,Garrigues,2024,,,,,,,0,0,0,100,,false,false,,70,derived,gencat_fire_hazard_2024,,2026-08-21T20:09:22Z,0.2.0,missing_dependency,Flood and built-up exposure are pending; interval reflects only fire's 45% weight.,partial,45,100,45,,official,territorial_fire_7_8_high_9_10_very_high,false
251811,Puigverd d'Agramunt,38,Urgell,2024,,,,,,,2.970297,0,2.970297,99.0841,,false,false,,70,derived,gencat_fire_hazard_2024,,2026-08-21T20:09:22Z,0.2.0,missing_dependency,Flood and built-up exposure are pending; interval reflects only fire's 45% weight.,partial,44.5878,99.5878,45,,official,territorial_fire_7_8_high_9_10_very_high,false
251826,Puigverd de Lleida,33,Segrià,2024,,,,,,,19.753086,6.17284,32.098765,75.8636,,true,true,,70,derived,gencat_fire_hazard_2024,,2026-08-21T20:09:22Z,0.2.0,missing_dependency,Flood and built-up exposure are pending; interval reflects only fire's 45% weight.,partial,34.1386,89.1386,45,,official,territorial_fire_7_8_high_9_10_very_high,false
251832,Rialp,26,Pallars Sobirà,2024,,,,,,,9.895664,0.978155,11.851973,92.0039,,true,true,,70,derived,gencat_fire_hazard_2024,,2026-08-21T20:09:22Z,0.2.0,missing_dependency,Flood and built-up exposure are pending; interval reflects only fire's 45% weight.,partial,41.4018,96.4018,45,,official,territorial_fire_7_8_high_9_10_very_high,false
251850,Ribera d'Urgellet,04,Alt Urgell,2024,,,,,,,26.774869,7.267016,41.308901,68.5215,,true,true,,70,derived,gencat_fire_hazard_2024,,2026-08-21T20:09:22Z,0.2.0,missing_dependency,Flood and built-up exposure are pending; interval reflects only fire's 45% weight.,partial,30.8347,85.8347,45,,official,territorial_fire_7_8_high_9_10_very_high,false
251863,Riner,35,Solsonès,2024,,,,,,,37.223043,7.090103,51.40325,60.4745,,true,true,,70,derived,gencat_fire_hazard_2024,,2026-08-21T20:09:22Z,0.2.0,missing_dependency,Flood and built-up exposure are pending; interval reflects only fire's 45% weight.,partial,27.2135,82.2135,45,,official,territorial_fire_7_8_high_9_10_very_high,false
251898,Rosselló,33,Segrià,2024,,,,,,,31.896552,6.034483,43.965517,66.4037,,true,true,,70,derived,gencat_fire_hazard_2024,,2026-08-21T20:09:22Z,0.2.0,missing_dependency,Flood and built-up exposure are pending; interval reflects only fire's 45% weight.,partial,29.8817,84.8817,45,,official,territorial_fire_7_8_high_9_10_very_high,false
251902,Salàs de Pallars,25,Pallars Jussà,2024,,,,,,,37.898089,15.127389,68.152866,47.1221,,true,true,,70,derived,gencat_fire_hazard_2024,,2026-08-21T20:09:22Z,0.2.0,missing_dependency,Flood and built-up exposure are pending; interval reflects only fire's 45% weight.,partial,21.2049,76.2049,45,,official,territorial_fire_7_8_high_9_10_very_high,false
251919,Sanaüja,32,Segarra,2024,,,,,,,62.39718,2.173913,66.745006,48.2445,,true,true,,70,derived,gencat_fire_hazard_2024,,2026-08-21T20:09:22Z,0.2.0,missing_dependency,Flood and built-up exposure are pending; interval reflects only fire's 45% weight.,partial,21.71,76.71,45,,official,territorial_fire_7_8_high_9_10_very_high,false
251924,Sant Guim de Freixenet,32,Segarra,2024,,,,,,,29.882812,35.351562,100.585938,21.2673,,true,true,,70,derived,gencat_fire_hazard_2024,,2026-08-21T20:09:22Z,0.2.0,missing_dependency,Flood and built-up exposure are pending; interval reflects only fire's 45% weight.,partial,9.5703,64.5703,45,,official,territorial_fire_7_8_high_9_10_very_high,false
251930,Sant Llorenç de Morunys,35,Solsonès,2024,,,,,,,9.454545,0.727273,10.909091,92.7555,,true,true,,70,derived,gencat_fire_hazard_2024,,2026-08-21T20:09:22Z,0.2.0,missing_dependency,Flood and built-up exposure are pending; interval reflects only fire's 45% weight.,partial,41.74,96.74,45,,official,territorial_fire_7_8_high_9_10_very_high,false
251945,Sant Ramon,32,Segarra,2024,,,,,,,5.027933,0,5.027933,97.4438,,false,false,,70,derived,gencat_fire_hazard_2024,,2026-08-21T20:09:22Z,0.2.0,missing_dependency,Flood and built-up exposure are pending; interval reflects only fire's 45% weight.,partial,43.8497,98.8497,45,,official,territorial_fire_7_8_high_9_10_very_high,false
251961,Sant Esteve de la Sarga,25,Pallars Jussà,2024,,,,,,,13.018734,0.877401,14.773536,89.6749,,true,true,,70,derived,gencat_fire_hazard_2024,,2026-08-21T20:09:22Z,0.2.0,missing_dependency,Flood and built-up exposure are pending; interval reflects only fire's 45% weight.,partial,40.3537,95.3537,45,,official,territorial_fire_7_8_high_9_10_very_high,false
251977,Sant Guim de la Plana,32,Segarra,2024,,,,,,,14.516129,0,14.516129,89.88,,false,false,,70,derived,gencat_fire_hazard_2024,,2026-08-21T20:09:22Z,0.2.0,missing_dependency,Flood and built-up exposure are pending; interval reflects only fire's 45% weight.,partial,40.446,95.446,45,,official,territorial_fire_7_8_high_9_10_very_high,false
252000,Sarroca de Lleida,33,Segrià,2024,,,,,,,13.902439,3.414634,20.731707,84.9251,,true,true,,70,derived,gencat_fire_hazard_2024,,2026-08-21T20:09:22Z,0.2.0,missing_dependency,Flood and built-up exposure are pending; interval reflects only fire's 45% weight.,partial,38.2163,93.2163,45,,official,territorial_fire_7_8_high_9_10_very_high,false
252017,Sarroca de Bellera,25,Pallars Jussà,2024,,,,,,,4.33247,1.036025,6.404521,96.3464,,true,true,,70,derived,gencat_fire_hazard_2024,,2026-08-21T20:09:22Z,0.2.0,missing_dependency,Flood and built-up exposure are pending; interval reflects only fire's 45% weight.,partial,43.3559,98.3559,45,,official,territorial_fire_7_8_high_9_10_very_high,false
252022,Senterada,25,Pallars Jussà,2024,,,,,,,15.611814,3.556359,22.724533,83.3365,,true,true,,70,derived,gencat_fire_hazard_2024,,2026-08-21T20:09:22Z,0.2.0,missing_dependency,Flood and built-up exposure are pending; interval reflects only fire's 45% weight.,partial,37.5014,92.5014,45,,official,territorial_fire_7_8_high_9_10_very_high,false
252038,la Seu d'Urgell,04,Alt Urgell,2024,,,,,,,40.482574,6.702413,53.887399,58.4942,,true,true,,70,derived,gencat_fire_hazard_2024,,2026-08-21T20:09:22Z,0.2.0,missing_dependency,Flood and built-up exposure are pending; interval reflects only fire's 45% weight.,partial,26.3224,81.3224,45,,official,territorial_fire_7_8_high_9_10_very_high,false
252043,Seròs,33,Segrià,2024,,,,,,,25.645514,27.045952,79.737418,37.8872,,true,true,,70,derived,gencat_fire_hazard_2024,,2026-08-21T20:09:22Z,0.2.0,missing_dependency,Flood and built-up exposure are pending; interval reflects only fire's 45% weight.,partial,17.0492,72.0492,45,,official,territorial_fire_7_8_high_9_10_very_high,false
252056,Sidamon,27,Pla d'Urgell,2024,,,,,,,18.181818,0,18.181818,86.9579,,false,false,,70,derived,gencat_fire_hazard_2024,,2026-08-21T20:09:22Z,0.2.0,missing_dependency,Flood and built-up exposure are pending; interval reflects only fire's 45% weight.,partial,39.1311,94.1311,45,,official,territorial_fire_7_8_high_9_10_very_high,false
252069,el Soleràs,18,Garrigues,2024,,,,,,,54.216867,12.951807,80.120482,37.5818,,true,true,,70,derived,gencat_fire_hazard_2024,,2026-08-21T20:09:22Z,0.2.0,missing_dependency,Flood and built-up exposure are pending; interval reflects only fire's 45% weight.,partial,16.9118,71.9118,45,,official,territorial_fire_7_8_high_9_10_very_high,false
252075,Solsona,35,Solsonès,2024,,,,,,,31.043257,21.628499,74.300254,42.2216,,true,true,,70,derived,gencat_fire_hazard_2024,,2026-08-21T20:09:22Z,0.2.0,missing_dependency,Flood and built-up exposure are pending; interval reflects only fire's 45% weight.,partial,18.9997,73.9997,45,,official,territorial_fire_7_8_high_9_10_very_high,false
252081,Soriguera,26,Pallars Sobirà,2024,,,,,,,14.388002,3.792937,21.973875,83.9349,,true,true,,70,derived,gencat_fire_hazard_2024,,2026-08-21T20:09:22Z,0.2.0,missing_dependency,Flood and built-up exposure are pending; interval reflects only fire's 45% weight.,partial,37.7707,92.7707,45,,official,territorial_fire_7_8_high_9_10_very_high,false
252094,Sort,26,Pallars Sobirà,2024,,,,,,,6.080608,0.490049,7.060706,95.8233,,true,true,,70,derived,gencat_fire_hazard_2024,,2026-08-21T20:09:22Z,0.2.0,missing_dependency,Flood and built-up exposure are pending; interval reflects only fire's 45% weight.,partial,43.1205,98.1205,45,,official,territorial_fire_7_8_high_9_10_very_high,false
252108,Soses,33,Segrià,2024,,,,,,,2.881844,8.645533,20.172911,85.3706,,true,true,,70,derived,gencat_fire_hazard_2024,,2026-08-21T20:09:22Z,0.2.0,missing_dependency,Flood and built-up exposure are pending; interval reflects only fire's 45% weight.,partial,38.4168,93.4168,45,,official,territorial_fire_7_8_high_9_10_very_high,false
252115,Sudanell,33,Segrià,2024,,,,,,,10.843373,15.662651,42.168675,67.8361,,true,true,,70,derived,gencat_fire_hazard_2024,,2026-08-21T20:09:22Z,0.2.0,missing_dependency,Flood and built-up exposure are pending; interval reflects only fire's 45% weight.,partial,30.5262,85.5262,45,,official,territorial_fire_7_8_high_9_10_very_high,false
252120,Sunyer,33,Segrià,2024,,,,,,,1.851852,0.925926,3.703704,98.4995,,true,true,,70,derived,gencat_fire_hazard_2024,,2026-08-21T20:09:22Z,0.2.0,missing_dependency,Flood and built-up exposure are pending; interval reflects only fire's 45% weight.,partial,44.3248,99.3248,45,,official,territorial_fire_7_8_high_9_10_very_high,false
252154,Talarn,25,Pallars Jussà,2024,,,,,,,38.994169,6.049563,51.093294,60.7216,,true,true,,70,derived,gencat_fire_hazard_2024,,2026-08-21T20:09:22Z,0.2.0,missing_dependency,Flood and built-up exposure are pending; interval reflects only fire's 45% weight.,partial,27.3247,82.3247,45,,official,territorial_fire_7_8_high_9_10_very_high,false
252167,Talavera,32,Segarra,2024,,,,,,,35.092348,33.773087,102.638522,19.631,,true,true,,70,derived,gencat_fire_hazard_2024,,2026-08-21T20:09:22Z,0.2.0,missing_dependency,Flood and built-up exposure are pending; interval reflects only fire's 45% weight.,partial,8.8339,63.834,45,,official,territorial_fire_7_8_high_9_10_very_high,false
252173,Tàrrega,38,Urgell,2024,,,,,,,18.65285,1.036269,20.725389,84.9302,,true,true,,70,derived,gencat_fire_hazard_2024,,2026-08-21T20:09:22Z,0.2.0,missing_dependency,Flood and built-up exposure are pending; interval reflects only fire's 45% weight.,partial,38.2186,93.2186,45,,official,territorial_fire_7_8_high_9_10_very_high,false
252189,Tarrés,18,Garrigues,2024,,,,,,,42.041712,53.567508,149.176729,0,,true,true,,70,derived,gencat_fire_hazard_2024,,2026-08-21T20:09:22Z,0.2.0,missing_dependency,Flood and built-up exposure are pending; interval reflects only fire's 45% weight.,partial,0,55,45,,official,territorial_fire_7_8_high_9_10_very_high,false
252192,Tarroja de Segarra,32,Segarra,2024,,,,,,,10,0,10,93.4802,,false,false,,70,derived,gencat_fire_hazard_2024,,2026-08-21T20:09:22Z,0.2.0,missing_dependency,Flood and built-up exposure are pending; interval reflects only fire's 45% weight.,partial,42.0661,97.0661,45,,official,territorial_fire_7_8_high_9_10_very_high,false
252206,Térmens,23,Noguera,2024,,,,,,,6.122449,12.244898,30.612245,77.0486,,true,true,,70,derived,gencat_fire_hazard_2024,,2026-08-21T20:09:22Z,0.2.0,missing_dependency,Flood and built-up exposure are pending; interval reflects only fire's 45% weight.,partial,34.6719,89.6719,45,,official,territorial_fire_7_8_high_9_10_very_high,false
252213,Tírvia,26,Pallars Sobirà,2024,,,,,,,5.392157,0.612745,6.617647,96.1765,,true,true,,70,derived,gencat_fire_hazard_2024,,2026-08-21T20:09:22Z,0.2.0,missing_dependency,Flood and built-up exposure are pending; interval reflects only fire's 45% weight.,partial,43.2794,98.2794,45,,official,territorial_fire_7_8_high_9_10_very_high,false
252228,Tiurana,23,Noguera,2024,,,,,,,45.656566,17.878788,81.414141,36.5506,,true,true,,70,derived,gencat_fire_hazard_2024,,2026-08-21T20:09:22Z,0.2.0,missing_dependency,Flood and built-up exposure are pending; interval reflects only fire's 45% weight.,partial,16.4478,71.4478,45,,official,territorial_fire_7_8_high_9_10_very_high,false
252234,Torà,35,Solsonès,2024,,,,,,,50.034188,8.854701,67.74359,47.4484,,true,true,,70,derived,gencat_fire_hazard_2024,,2026-08-21T20:09:22Z,0.2.0,missing_dependency,Flood and built-up exposure are pending; interval reflects only fire's 45% weight.,partial,21.3518,76.3518,45,,official,territorial_fire_7_8_high_9_10_very_high,false
252249,els Torms,18,Garrigues,2024,,,,,,,50.162866,33.224756,116.612378,8.4914,,true,true,,70,derived,gencat_fire_hazard_2024,,2026-08-21T20:09:22Z,0.2.0,missing_dependency,Flood and built-up exposure are pending; interval reflects only fire's 45% weight.,partial,3.8211,58.8211,45,,official,territorial_fire_7_8_high_9_10_very_high,false
252252,Tornabous,38,Urgell,2024,,,,,,,1.818182,0,1.818182,100,,false,false,,70,derived,gencat_fire_hazard_2024,,2026-08-21T20:09:22Z,0.2.0,missing_dependency,Flood and built-up exposure are pending; interval reflects only fire's 45% weight.,partial,45,100,45,,official,territorial_fire_7_8_high_9_10_very_high,false
252265,Torrebesses,33,Segrià,2024,,,,,,,32.953466,16.42925,65.811966,48.9882,,true,true,,70,derived,gencat_fire_hazard_2024,,2026-08-21T20:09:22Z,0.2.0,missing_dependency,Flood and built-up exposure are pending; interval reflects only fire's 45% weight.,partial,22.0447,77.0447,45,,official,territorial_fire_7_8_high_9_10_very_high,false
252271,la Torre de Cabdella,25,Pallars Jussà,2024,,,,,,,3.852276,0.509392,4.87106,97.5689,,true,true,,70,derived,gencat_fire_hazard_2024,,2026-08-21T20:09:22Z,0.2.0,missing_dependency,Flood and built-up exposure are pending; interval reflects only fire's 45% weight.,partial,43.906,98.906,45,,official,territorial_fire_7_8_high_9_10_very_high,false
252287,Torrefarrera,33,Segrià,2024,,,,,,,4.848485,0,4.848485,97.5869,,false,false,,70,derived,gencat_fire_hazard_2024,,2026-08-21T20:09:22Z,0.2.0,missing_dependency,Flood and built-up exposure are pending; interval reflects only fire's 45% weight.,partial,43.9141,98.9141,45,,official,territorial_fire_7_8_high_9_10_very_high,false
252304,Torregrossa,27,Pla d'Urgell,2024,,,,,,,13.75,2.5,18.75,86.5049,,true,true,,70,derived,gencat_fire_hazard_2024,,2026-08-21T20:09:22Z,0.2.0,missing_dependency,Flood and built-up exposure are pending; interval reflects only fire's 45% weight.,partial,38.9272,93.9272,45,,official,territorial_fire_7_8_high_9_10_very_high,false
252311,Torrelameu,23,Noguera,2024,,,,,,,3.092784,5.154639,13.402062,90.7682,,true,true,,70,derived,gencat_fire_hazard_2024,,2026-08-21T20:09:22Z,0.2.0,missing_dependency,Flood and built-up exposure are pending; interval reflects only fire's 45% weight.,partial,40.8457,95.8457,45,,official,territorial_fire_7_8_high_9_10_very_high,false
252326,Torres de Segre,33,Segrià,2024,,,,,,,3.243243,15.855856,34.954955,73.5867,,true,true,,70,derived,gencat_fire_hazard_2024,,2026-08-21T20:09:22Z,0.2.0,missing_dependency,Flood and built-up exposure are pending; interval reflects only fire's 45% weight.,partial,33.114,88.114,45,,official,territorial_fire_7_8_high_9_10_very_high,false
252332,Torre-serona,33,Segrià,2024,,,,,,,4.761905,0,4.761905,97.6559,,false,false,,70,derived,gencat_fire_hazard_2024,,2026-08-21T20:09:22Z,0.2.0,missing_dependency,Flood and built-up exposure are pending; interval reflects only fire's 45% weight.,partial,43.9452,98.9452,45,,official,territorial_fire_7_8_high_9_10_very_high,false
252347,Tremp,25,Pallars Jussà,2024,,,,,,,8.790654,0.578281,9.947217,93.5223,,true,true,,70,derived,gencat_fire_hazard_2024,,2026-08-21T20:09:22Z,0.2.0,missing_dependency,Flood and built-up exposure are pending; interval reflects only fire's 45% weight.,partial,42.085,97.085,45,,official,territorial_fire_7_8_high_9_10_very_high,false
252385,Vallbona de les Monges,38,Urgell,2024,,,,,,,34.276923,48.246154,130.769231,0,,true,true,,70,derived,gencat_fire_hazard_2024,,2026-08-21T20:09:22Z,0.2.0,missing_dependency,Flood and built-up exposure are pending; interval reflects only fire's 45% weight.,partial,0,55,45,,official,territorial_fire_7_8_high_9_10_very_high,false
252398,les Valls de Valira,04,Alt Urgell,2024,,,,,,,14.002022,5.470004,24.94203,81.5688,,true,true,,70,derived,gencat_fire_hazard_2024,,2026-08-21T20:09:22Z,0.2.0,missing_dependency,Flood and built-up exposure are pending; interval reflects only fire's 45% weight.,partial,36.706,91.706,45,,official,territorial_fire_7_8_high_9_10_very_high,false
252402,Vallfogona de Balaguer,23,Noguera,2024,,,,,,,3.75,16.25,36.25,72.5543,,true,true,,70,derived,gencat_fire_hazard_2024,,2026-08-21T20:09:22Z,0.2.0,missing_dependency,Flood and built-up exposure are pending; interval reflects only fire's 45% weight.,partial,32.6494,87.6494,45,,official,territorial_fire_7_8_high_9_10_very_high,false
252424,Verdú,38,Urgell,2024,,,,,,,36.144578,0.60241,37.349398,71.6779,,true,true,,70,derived,gencat_fire_hazard_2024,,2026-08-21T20:09:22Z,0.2.0,missing_dependency,Flood and built-up exposure are pending; interval reflects only fire's 45% weight.,partial,32.2551,87.2551,45,,official,territorial_fire_7_8_high_9_10_very_high,false
252430,Vielha e Mijaran,39,Val d'Aran,2024,,,,,,,0.735727,0.068668,0.873063,100,,true,true,,70,derived,gencat_fire_hazard_2024,,2026-08-21T20:09:22Z,0.2.0,missing_dependency,Flood and built-up exposure are pending; interval reflects only fire's 45% weight.,partial,45,100,45,,official,territorial_fire_7_8_high_9_10_very_high,false
252445,Vilagrassa,38,Urgell,2024,,,,,,,7.142857,0,7.142857,95.7578,,false,false,,70,derived,gencat_fire_hazard_2024,,2026-08-21T20:09:22Z,0.2.0,missing_dependency,Flood and built-up exposure are pending; interval reflects only fire's 45% weight.,partial,43.091,98.091,45,,official,territorial_fire_7_8_high_9_10_very_high,false
252458,Vilaller,05,Alta Ribagorça,2024,,,,,,,5.819628,0.506055,6.831737,96.0059,,true,true,,70,derived,gencat_fire_hazard_2024,,2026-08-21T20:09:22Z,0.2.0,missing_dependency,Flood and built-up exposure are pending; interval reflects only fire's 45% weight.,partial,43.2027,98.2027,45,,official,territorial_fire_7_8_high_9_10_very_high,false
252477,Vilamòs,39,Val d'Aran,2024,,,,,,,3.301887,0.404313,4.110512,98.1752,,true,true,,70,derived,gencat_fire_hazard_2024,,2026-08-21T20:09:22Z,0.2.0,missing_dependency,Flood and built-up exposure are pending; interval reflects only fire's 45% weight.,partial,44.1788,99.1788,45,,official,territorial_fire_7_8_high_9_10_very_high,false
252483,Vilanova de Bellpuig,27,Pla d'Urgell,2024,,,,,,,0,0,0,100,,false,false,,70,derived,gencat_fire_hazard_2024,,2026-08-21T20:09:22Z,0.2.0,missing_dependency,Flood and built-up exposure are pending; interval reflects only fire's 45% weight.,partial,45,100,45,,official,territorial_fire_7_8_high_9_10_very_high,false
252496,Vilanova de l'Aguda,23,Noguera,2024,,,,,,,61.161525,9.800363,80.76225,37.0702,,true,true,,70,derived,gencat_fire_hazard_2024,,2026-08-21T20:09:22Z,0.2.0,missing_dependency,Flood and built-up exposure are pending; interval reflects only fire's 45% weight.,partial,16.6816,71.6816,45,,official,territorial_fire_7_8_high_9_10_very_high,false
252509,Vilanova de Meià,23,Noguera,2024,,,,,,,14.957576,1.418182,17.793939,87.2671,,true,true,,70,derived,gencat_fire_hazard_2024,,2026-08-21T20:09:22Z,0.2.0,missing_dependency,Flood and built-up exposure are pending; interval reflects only fire's 45% weight.,partial,39.2702,94.2702,45,,official,territorial_fire_7_8_high_9_10_very_high,false
252516,Vilanova de Segrià,33,Segrià,2024,,,,,,,0,0,0,100,,false,false,,70,derived,gencat_fire_hazard_2024,,2026-08-21T20:09:22Z,0.2.0,missing_dependency,Flood and built-up exposure are pending; interval reflects only fire's 45% weight.,partial,45,100,45,,official,territorial_fire_7_8_high_9_10_very_high,false
252521,Vila-sana,27,Pla d'Urgell,2024,,,,,,,10,0,10,93.4802,,false,false,,70,derived,gencat_fire_hazard_2024,,2026-08-21T20:09:22Z,0.2.0,missing_dependency,Flood and built-up exposure are pending; interval reflects only fire's 45% weight.,partial,42.0661,97.0661,45,,official,territorial_fire_7_8_high_9_10_very_high,false
252537,el Vilosell,18,Garrigues,2024,,,,,,,41.656663,44.297719,130.252101,0,,true,true,,70,derived,gencat_fire_hazard_2024,,2026-08-21T20:09:22Z,0.2.0,missing_dependency,Flood and built-up exposure are pending; interval reflects only fire's 45% weight.,partial,0,55,45,,official,territorial_fire_7_8_high_9_10_very_high,false
252542,Vilanova de la Barca,33,Segrià,2024,,,,,,,14.423077,11.057692,36.538462,72.3244,,true,true,,70,derived,gencat_fire_hazard_2024,,2026-08-21T20:09:22Z,0.2.0,missing_dependency,Flood and built-up exposure are pending; interval reflects only fire's 45% weight.,partial,32.546,87.546,45,,official,territorial_fire_7_8_high_9_10_very_high,false
252555,Vinaixa,18,Garrigues,2024,,,,,,,38.487805,54,146.487805,0,,true,true,,70,derived,gencat_fire_hazard_2024,,2026-08-21T20:09:22Z,0.2.0,missing_dependency,Flood and built-up exposure are pending; interval reflects only fire's 45% weight.,partial,0,55,45,,official,territorial_fire_7_8_high_9_10_very_high,false
259010,Vall de Cardós,26,Pallars Sobirà,2024,,,,,,,2.104888,0.517303,3.139493,98.9492,,true,true,,70,derived,gencat_fire_hazard_2024,,2026-08-21T20:09:22Z,0.2.0,missing_dependency,Flood and built-up exposure are pending; interval reflects only fire's 45% weight.,partial,44.5271,99.5271,45,,official,territorial_fire_7_8_high_9_10_very_high,false
259025,Sant Martí de Riucorb,38,Urgell,2024,,,,,,,37.376238,25.49505,88.366337,31.0085,,true,true,,70,derived,gencat_fire_hazard_2024,,2026-08-21T20:09:22Z,0.2.0,missing_dependency,Flood and built-up exposure are pending; interval reflects only fire's 45% weight.,partial,13.9538,68.9538,45,,official,territorial_fire_7_8_high_9_10_very_high,false
259031,la Guingueta d'Àneu,26,Pallars Sobirà,2024,,,,,,,2.456839,0.540694,3.538228,98.6314,,true,true,,70,derived,gencat_fire_hazard_2024,,2026-08-21T20:09:22Z,0.2.0,missing_dependency,Flood and built-up exposure are pending; interval reflects only fire's 45% weight.,partial,44.3841,99.3841,45,,official,territorial_fire_7_8_high_9_10_very_high,false
259046,Castell de Mur,25,Pallars Jussà,2024,,,,,,,16.948826,0.750289,18.449404,86.7445,,true,true,,70,derived,gencat_fire_hazard_2024,,2026-08-21T20:09:22Z,0.2.0,missing_dependency,Flood and built-up exposure are pending; interval reflects only fire's 45% weight.,partial,39.035,94.035,45,,official,territorial_fire_7_8_high_9_10_very_high,false
259059,Ribera d'Ondara,32,Segarra,2024,,,,,,,31.707317,27.253446,86.21421,32.7241,,true,true,,70,derived,gencat_fire_hazard_2024,,2026-08-21T20:09:22Z,0.2.0,missing_dependency,Flood and built-up exposure are pending; interval reflects only fire's 45% weight.,partial,14.7258,69.7258,45,,official,territorial_fire_7_8_high_9_10_very_high,false
259062,les Valls d'Aguilar,04,Alt Urgell,2024,,,,,,,11.195021,1.228216,13.651452,90.5693,,true,true,,70,derived,gencat_fire_hazard_2024,,2026-08-21T20:09:22Z,0.2.0,missing_dependency,Flood and built-up exposure are pending; interval reflects only fire's 45% weight.,partial,40.7562,95.7562,45,,official,territorial_fire_7_8_high_9_10_very_high,false
259078,Torrefeta i Florejacs,32,Segarra,2024,,,,,,,38.250429,7.118353,52.487136,59.6105,,true,true,,70,derived,gencat_fire_hazard_2024,,2026-08-21T20:09:22Z,0.2.0,missing_dependency,Flood and built-up exposure are pending; interval reflects only fire's 45% weight.,partial,26.8247,81.8247,45,,official,territorial_fire_7_8_high_9_10_very_high,false
259084,Fígols i Alinyà,04,Alt Urgell,2024,,,,,,,3.5762,0.102764,3.781728,98.4373,,true,true,,70,derived,gencat_fire_hazard_2024,,2026-08-21T20:09:22Z,0.2.0,missing_dependency,Flood and built-up exposure are pending; interval reflects only fire's 45% weight.,partial,44.2968,99.2968,45,,official,territorial_fire_7_8_high_9_10_very_high,false
259097,la Vansa i Fórnols,04,Alt Urgell,2024,,,,,,,6.592253,0.648731,7.889716,95.1625,,true,true,,70,derived,gencat_fire_hazard_2024,,2026-08-21T20:09:22Z,0.2.0,missing_dependency,Flood and built-up exposure are pending; interval reflects only fire's 45% weight.,partial,42.8231,97.8231,45,,official,territorial_fire_7_8_high_9_10_very_high,false
259101,Josa i Tuixén,04,Alt Urgell,2024,,,,,,,2.993217,0.663521,4.32026,98.008,,true,true,,70,derived,gencat_fire_hazard_2024,,2026-08-21T20:09:22Z,0.2.0,missing_dependency,Flood and built-up exposure are pending; interval reflects only fire's 45% weight.,partial,44.1036,99.1036,45,,official,territorial_fire_7_8_high_9_10_very_high,false
259118,els Plans de Sió,32,Segarra,2024,,,,,,,14.112903,0.806452,15.725806,88.9157,,true,true,,70,derived,gencat_fire_hazard_2024,,2026-08-21T20:09:22Z,0.2.0,missing_dependency,Flood and built-up exposure are pending; interval reflects only fire's 45% weight.,partial,40.0121,95.0121,45,,official,territorial_fire_7_8_high_9_10_very_high,false
259123,Gimenells i el Pla de la Font,33,Segrià,2024,,,,,,,19.966443,46.812081,113.590604,10.9003,,true,true,,70,derived,gencat_fire_hazard_2024,,2026-08-21T20:09:22Z,0.2.0,missing_dependency,Flood and built-up exposure are pending; interval reflects only fire's 45% weight.,partial,4.9051,59.9051,45,,official,territorial_fire_7_8_high_9_10_very_high,false
259139,Riu de Cerdanya,15,Cerdanya,2024,,,,,,,4.795118,0.348736,5.492589,97.0734,,true,true,,70,derived,gencat_fire_hazard_2024,,2026-08-21T20:09:22Z,0.2.0,missing_dependency,Flood and built-up exposure are pending; interval reflects only fire's 45% weight.,partial,43.683,98.683,45,,official,territorial_fire_7_8_high_9_10_very_high,false
430017,Aiguamúrcia,01,Alt Camp,2024,,,,,,,41.348913,24.682247,90.713407,29.1374,,true,true,,70,derived,gencat_fire_hazard_2024,,2026-08-21T20:09:22Z,0.2.0,missing_dependency,Flood and built-up exposure are pending; interval reflects only fire's 45% weight.,partial,13.1118,68.1118,45,,official,territorial_fire_7_8_high_9_10_very_high,false
430022,Albinyana,12,Baix Penedès,2024,,,,,,,46.594982,8.691756,63.978495,50.4498,,true,true,,70,derived,gencat_fire_hazard_2024,,2026-08-21T20:09:22Z,0.2.0,missing_dependency,Flood and built-up exposure are pending; interval reflects only fire's 45% weight.,partial,22.7024,77.7024,45,,official,territorial_fire_7_8_high_9_10_very_high,false
430038,l'Albiol,08,Baix Camp,2024,,,,,,,31.855091,22.923173,77.701437,39.5103,,true,true,,70,derived,gencat_fire_hazard_2024,,2026-08-21T20:09:22Z,0.2.0,missing_dependency,Flood and built-up exposure are pending; interval reflects only fire's 45% weight.,partial,17.7796,72.7796,45,,official,territorial_fire_7_8_high_9_10_very_high,false
430043,Alcanar,22,Montsià,2024,,,,,,,28.498206,2.306509,33.111225,75.0565,,true,true,,70,derived,gencat_fire_hazard_2024,,2026-08-21T20:09:22Z,0.2.0,missing_dependency,Flood and built-up exposure are pending; interval reflects only fire's 45% weight.,partial,33.7754,88.7754,45,,official,territorial_fire_7_8_high_9_10_very_high,false
430056,Alcover,01,Alt Camp,2024,,,,,,,32.180851,28.368794,88.91844,30.5683,,true,true,,70,derived,gencat_fire_hazard_2024,,2026-08-21T20:09:22Z,0.2.0,missing_dependency,Flood and built-up exposure are pending; interval reflects only fire's 45% weight.,partial,13.7557,68.7557,45,,official,territorial_fire_7_8_high_9_10_very_high,false
430069,Aldover,09,Baix Ebre,2024,,,,,,,28.813559,19.37046,67.554479,47.5992,,true,true,,70,derived,gencat_fire_hazard_2024,,2026-08-21T20:09:22Z,0.2.0,missing_dependency,Flood and built-up exposure are pending; interval reflects only fire's 45% weight.,partial,21.4196,76.4196,45,,official,territorial_fire_7_8_high_9_10_very_high,false
430075,l'Aleixar,08,Baix Camp,2024,,,,,,,36.73293,35.955056,108.643042,14.8444,,true,true,,70,derived,gencat_fire_hazard_2024,,2026-08-21T20:09:22Z,0.2.0,missing_dependency,Flood and built-up exposure are pending; interval reflects only fire's 45% weight.,partial,6.68,61.68,45,,official,territorial_fire_7_8_high_9_10_very_high,false
430081,Alfara de Carles,09,Baix Ebre,2024,,,,,,,31.233199,3.225806,37.684812,71.4105,,true,true,,70,derived,gencat_fire_hazard_2024,,2026-08-21T20:09:22Z,0.2.0,missing_dependency,Flood and built-up exposure are pending; interval reflects only fire's 45% weight.,partial,32.1347,87.1347,45,,official,territorial_fire_7_8_high_9_10_very_high,false
430094,Alforja,08,Baix Camp,2024,,,,,,,36.080092,14.90181,65.883712,48.9311,,true,true,,70,derived,gencat_fire_hazard_2024,,2026-08-21T20:09:22Z,0.2.0,missing_dependency,Flood and built-up exposure are pending; interval reflects only fire's 45% weight.,partial,22.019,77.019,45,,official,territorial_fire_7_8_high_9_10_very_high,false
430108,Alió,01,Alt Camp,2024,,,,,,,3.333333,6.666667,16.666667,88.1657,,true,true,,70,derived,gencat_fire_hazard_2024,,2026-08-21T20:09:22Z,0.2.0,missing_dependency,Flood and built-up exposure are pending; interval reflects only fire's 45% weight.,partial,39.6746,94.6746,45,,official,territorial_fire_7_8_high_9_10_very_high,false
430115,Almoster,08,Baix Camp,2024,,,,,,,46.070461,23.306233,92.682927,27.5674,,true,true,,70,derived,gencat_fire_hazard_2024,,2026-08-21T20:09:22Z,0.2.0,missing_dependency,Flood and built-up exposure are pending; interval reflects only fire's 45% weight.,partial,12.4053,67.4053,45,,official,territorial_fire_7_8_high_9_10_very_high,false
430120,Altafulla,36,Tarragonès,2024,,,,,,,15,11.428571,37.857143,71.2732,,true,true,,70,derived,gencat_fire_hazard_2024,,2026-08-21T20:09:22Z,0.2.0,missing_dependency,Flood and built-up exposure are pending; interval reflects only fire's 45% weight.,partial,32.0729,87.0729,45,,official,territorial_fire_7_8_high_9_10_very_high,false
430136,l'Ametlla de Mar,09,Baix Ebre,2024,,,,,,,48.912168,15.753425,80.419017,37.3439,,true,true,,70,derived,gencat_fire_hazard_2024,,2026-08-21T20:09:22Z,0.2.0,missing_dependency,Flood and built-up exposure are pending; interval reflects only fire's 45% weight.,partial,16.8048,71.8048,45,,official,territorial_fire_7_8_high_9_10_very_high,false
430141,Amposta,22,Montsià,2024,,,,,,,28.930066,4.662283,38.254632,70.9563,,true,true,,70,derived,gencat_fire_hazard_2024,,2026-08-21T20:09:22Z,0.2.0,missing_dependency,Flood and built-up exposure are pending; interval reflects only fire's 45% weight.,partial,31.9303,86.9303,45,,official,territorial_fire_7_8_high_9_10_very_high,false
430154,Arbolí,08,Baix Camp,2024,,,,,,,25.677083,8.90625,43.489583,66.7831,,true,true,,70,derived,gencat_fire_hazard_2024,,2026-08-21T20:09:22Z,0.2.0,missing_dependency,Flood and built-up exposure are pending; interval reflects only fire's 45% weight.,partial,30.0524,85.0524,45,,official,territorial_fire_7_8_high_9_10_very_high,false
430167,l'Arboç,12,Baix Penedès,2024,,,,,,,21.645022,21.645022,64.935065,49.6873,,true,true,,70,derived,gencat_fire_hazard_2024,,2026-08-21T20:09:22Z,0.2.0,missing_dependency,Flood and built-up exposure are pending; interval reflects only fire's 45% weight.,partial,22.3593,77.3593,45,,official,territorial_fire_7_8_high_9_10_very_high,false
430173,l'Argentera,08,Baix Camp,2024,,,,,,,37.80359,13.093981,63.991552,50.4394,,true,true,,70,derived,gencat_fire_hazard_2024,,2026-08-21T20:09:22Z,0.2.0,missing_dependency,Flood and built-up exposure are pending; interval reflects only fire's 45% weight.,partial,22.6977,77.6977,45,,official,territorial_fire_7_8_high_9_10_very_high,false
430189,Arnes,37,Terra Alta,2024,,,,,,,26.411231,4.591986,35.595203,73.0763,,true,true,,70,derived,gencat_fire_hazard_2024,,2026-08-21T20:09:22Z,0.2.0,missing_dependency,Flood and built-up exposure are pending; interval reflects only fire's 45% weight.,partial,32.8843,87.8843,45,,official,territorial_fire_7_8_high_9_10_very_high,false
430192,Ascó,30,Ribera d'Ebre,2024,,,,,,,46.214163,34.133791,114.481745,10.1899,,true,true,,70,derived,gencat_fire_hazard_2024,,2026-08-21T20:09:22Z,0.2.0,missing_dependency,Flood and built-up exposure are pending; interval reflects only fire's 45% weight.,partial,4.5855,59.5855,45,,official,territorial_fire_7_8_high_9_10_very_high,false
430206,Banyeres del Penedès,12,Baix Penedès,2024,,,,,,,7,3,13,91.0887,,true,true,,70,derived,gencat_fire_hazard_2024,,2026-08-21T20:09:22Z,0.2.0,missing_dependency,Flood and built-up exposure are pending; interval reflects only fire's 45% weight.,partial,40.9899,95.9899,45,,official,territorial_fire_7_8_high_9_10_very_high,false
430213,Barberà de la Conca,16,Conca de Barberà,2024,,,,,,,48.537234,23.404255,95.345745,25.4446,,true,true,,70,derived,gencat_fire_hazard_2024,,2026-08-21T20:09:22Z,0.2.0,missing_dependency,Flood and built-up exposure are pending; interval reflects only fire's 45% weight.,partial,11.4501,66.4501,45,,official,territorial_fire_7_8_high_9_10_very_high,false
430228,Batea,37,Terra Alta,2024,,,,,,,56.822736,24.594644,106.012024,16.9417,,true,true,,70,derived,gencat_fire_hazard_2024,,2026-08-21T20:09:22Z,0.2.0,missing_dependency,Flood and built-up exposure are pending; interval reflects only fire's 45% weight.,partial,7.6238,62.6238,45,,official,territorial_fire_7_8_high_9_10_very_high,false
430234,Bellmunt del Priorat,29,Priorat,2024,,,,,,,45.762712,30.847458,107.457627,15.7893,,true,true,,70,derived,gencat_fire_hazard_2024,,2026-08-21T20:09:22Z,0.2.0,missing_dependency,Flood and built-up exposure are pending; interval reflects only fire's 45% weight.,partial,7.1052,62.1052,45,,official,territorial_fire_7_8_high_9_10_very_high,false
430249,Bellvei,12,Baix Penedès,2024,,,,,,,28.870293,37.238494,103.34728,19.066,,true,true,,70,derived,gencat_fire_hazard_2024,,2026-08-21T20:09:22Z,0.2.0,missing_dependency,Flood and built-up exposure are pending; interval reflects only fire's 45% weight.,partial,8.5797,63.5797,45,,official,territorial_fire_7_8_high_9_10_very_high,false
430252,Benifallet,09,Baix Ebre,2024,,,,,,,49.588558,17.868339,85.325235,33.4327,,true,true,,70,derived,gencat_fire_hazard_2024,,2026-08-21T20:09:22Z,0.2.0,missing_dependency,Flood and built-up exposure are pending; interval reflects only fire's 45% weight.,partial,15.0447,70.0447,45,,official,territorial_fire_7_8_high_9_10_very_high,false
430265,Benissanet,30,Ribera d'Ebre,2024,,,,,,,43.486778,44.46621,132.419197,0,,true,true,,70,derived,gencat_fire_hazard_2024,,2026-08-21T20:09:22Z,0.2.0,missing_dependency,Flood and built-up exposure are pending; interval reflects only fire's 45% weight.,partial,0,55,45,,official,territorial_fire_7_8_high_9_10_very_high,false
430271,la Bisbal de Montsant,29,Priorat,2024,,,,,,,61.479869,11.64309,84.76605,33.8785,,true,true,,70,derived,gencat_fire_hazard_2024,,2026-08-21T20:09:22Z,0.2.0,missing_dependency,Flood and built-up exposure are pending; interval reflects only fire's 45% weight.,partial,15.2453,70.2453,45,,official,territorial_fire_7_8_high_9_10_very_high,false
430287,la Bisbal del Penedès,12,Baix Penedès,2024,,,,,,,55.306008,20.213363,95.732734,25.1361,,true,true,,70,derived,gencat_fire_hazard_2024,,2026-08-21T20:09:22Z,0.2.0,missing_dependency,Flood and built-up exposure are pending; interval reflects only fire's 45% weight.,partial,11.3112,66.3112,45,,official,territorial_fire_7_8_high_9_10_very_high,false
430290,Blancafort,16,Conca de Barberà,2024,,,,,,,42.068966,39.655172,121.37931,4.6913,,true,true,,70,derived,gencat_fire_hazard_2024,,2026-08-21T20:09:22Z,0.2.0,missing_dependency,Flood and built-up exposure are pending; interval reflects only fire's 45% weight.,partial,2.1111,57.1111,45,,official,territorial_fire_7_8_high_9_10_very_high,false
430304,Bonastre,12,Baix Penedès,2024,,,,,,,50.499119,14.151497,78.802114,38.6328,,true,true,,70,derived,gencat_fire_hazard_2024,,2026-08-21T20:09:22Z,0.2.0,missing_dependency,Flood and built-up exposure are pending; interval reflects only fire's 45% weight.,partial,17.3848,72.3848,45,,official,territorial_fire_7_8_high_9_10_very_high,false
430311,les Borges del Camp,08,Baix Camp,2024,,,,,,,33.429395,43.51585,120.461095,5.4233,,true,true,,70,derived,gencat_fire_hazard_2024,,2026-08-21T20:09:22Z,0.2.0,missing_dependency,Flood and built-up exposure are pending; interval reflects only fire's 45% weight.,partial,2.4405,57.4405,45,,official,territorial_fire_7_8_high_9_10_very_high,false
430326,Bot,37,Terra Alta,2024,,,,,,,45.659341,28.076923,101.813187,20.2889,,true,true,,70,derived,gencat_fire_hazard_2024,,2026-08-21T20:09:22Z,0.2.0,missing_dependency,Flood and built-up exposure are pending; interval reflects only fire's 45% weight.,partial,9.13,64.13,45,,official,territorial_fire_7_8_high_9_10_very_high,false
430332,Botarell,08,Baix Camp,2024,,,,,,,4.347826,11.956522,28.26087,78.9231,,true,true,,70,derived,gencat_fire_hazard_2024,,2026-08-21T20:09:22Z,0.2.0,missing_dependency,Flood and built-up exposure are pending; interval reflects only fire's 45% weight.,partial,35.5154,90.5154,45,,official,territorial_fire_7_8_high_9_10_very_high,false
430347,Bràfim,01,Alt Camp,2024,,,,,,,3.448276,27.586207,58.62069,54.721,,true,true,,70,derived,gencat_fire_hazard_2024,,2026-08-21T20:09:22Z,0.2.0,missing_dependency,Flood and built-up exposure are pending; interval reflects only fire's 45% weight.,partial,24.6244,79.6245,45,,official,territorial_fire_7_8_high_9_10_very_high,false
430350,Cabacés,29,Priorat,2024,,,,,,,56.242325,10.151453,76.545231,40.432,,true,true,,70,derived,gencat_fire_hazard_2024,,2026-08-21T20:09:22Z,0.2.0,missing_dependency,Flood and built-up exposure are pending; interval reflects only fire's 45% weight.,partial,18.1944,73.1944,45,,official,territorial_fire_7_8_high_9_10_very_high,false
430363,Cabra del Camp,01,Alt Camp,2024,,,,,,,42.400522,30.463144,103.32681,19.0823,,true,true,,70,derived,gencat_fire_hazard_2024,,2026-08-21T20:09:22Z,0.2.0,missing_dependency,Flood and built-up exposure are pending; interval reflects only fire's 45% weight.,partial,8.587,63.587,45,,official,territorial_fire_7_8_high_9_10_very_high,false
430379,Calafell,12,Baix Penedès,2024,,,,,,,32.889964,20.918984,74.727932,41.8807,,true,true,,70,derived,gencat_fire_hazard_2024,,2026-08-21T20:09:22Z,0.2.0,missing_dependency,Flood and built-up exposure are pending; interval reflects only fire's 45% weight.,partial,18.8463,73.8463,45,,official,territorial_fire_7_8_high_9_10_very_high,false
430385,Cambrils,08,Baix Camp,2024,,,,,,,3.070175,3.947368,10.964912,92.711,,true,true,,70,derived,gencat_fire_hazard_2024,,2026-08-21T20:09:22Z,0.2.0,missing_dependency,Flood and built-up exposure are pending; interval reflects only fire's 45% weight.,partial,41.7199,96.72,45,,official,territorial_fire_7_8_high_9_10_very_high,false
430398,Capafonts,08,Baix Camp,2024,,,,,,,20.903955,4.842615,30.589185,77.067,,true,true,,70,derived,gencat_fire_hazard_2024,,2026-08-21T20:09:22Z,0.2.0,missing_dependency,Flood and built-up exposure are pending; interval reflects only fire's 45% weight.,partial,34.6801,89.6801,45,,official,territorial_fire_7_8_high_9_10_very_high,false
430402,Capçanes,29,Priorat,2024,,,,,,,45.19774,9.943503,65.084746,49.568,,true,true,,70,derived,gencat_fire_hazard_2024,,2026-08-21T20:09:22Z,0.2.0,missing_dependency,Flood and built-up exposure are pending; interval reflects only fire's 45% weight.,partial,22.3056,77.3056,45,,official,territorial_fire_7_8_high_9_10_very_high,false
430419,Caseres,37,Terra Alta,2024,,,,,,,45.60248,43.277799,132.158078,0,,true,true,,70,derived,gencat_fire_hazard_2024,,2026-08-21T20:09:22Z,0.2.0,missing_dependency,Flood and built-up exposure are pending; interval reflects only fire's 45% weight.,partial,0,55,45,,official,territorial_fire_7_8_high_9_10_very_high,false
430424,Castellvell del Camp,08,Baix Camp,2024,,,,,,,41.588785,30.841121,103.271028,19.1268,,true,true,,70,derived,gencat_fire_hazard_2024,,2026-08-21T20:09:22Z,0.2.0,missing_dependency,Flood and built-up exposure are pending; interval reflects only fire's 45% weight.,partial,8.6071,63.6071,45,,official,territorial_fire_7_8_high_9_10_very_high,false
430430,el Catllar,36,Tarragonès,2024,,,,,,,34.438306,44.843462,124.12523,2.5023,,true,true,,70,derived,gencat_fire_hazard_2024,,2026-08-21T20:09:22Z,0.2.0,missing_dependency,Flood and built-up exposure are pending; interval reflects only fire's 45% weight.,partial,1.126,56.126,45,,official,territorial_fire_7_8_high_9_10_very_high,false
430445,la Sénia,22,Montsià,2024,,,,,,,19.435536,3.515074,26.465683,80.3542,,true,true,,70,derived,gencat_fire_hazard_2024,,2026-08-21T20:09:22Z,0.2.0,missing_dependency,Flood and built-up exposure are pending; interval reflects only fire's 45% weight.,partial,36.1594,91.1594,45,,official,territorial_fire_7_8_high_9_10_very_high,false
430458,Colldejou,08,Baix Camp,2024,,,,,,,32.5,15.151515,62.80303,51.3869,,true,true,,70,derived,gencat_fire_hazard_2024,,2026-08-21T20:09:22Z,0.2.0,missing_dependency,Flood and built-up exposure are pending; interval reflects only fire's 45% weight.,partial,23.1241,78.1241,45,,official,territorial_fire_7_8_high_9_10_very_high,false
430461,Conesa,16,Conca de Barberà,2024,,,,,,,32.320675,43.966245,120.253165,5.589,,true,true,,70,derived,gencat_fire_hazard_2024,,2026-08-21T20:09:22Z,0.2.0,missing_dependency,Flood and built-up exposure are pending; interval reflects only fire's 45% weight.,partial,2.5151,57.5151,45,,official,territorial_fire_7_8_high_9_10_very_high,false
430477,Constantí,36,Tarragonès,2024,,,,,,,6.04534,1.763224,9.571788,93.8216,,true,true,,70,derived,gencat_fire_hazard_2024,,2026-08-21T20:09:22Z,0.2.0,missing_dependency,Flood and built-up exposure are pending; interval reflects only fire's 45% weight.,partial,42.2197,97.2197,45,,official,territorial_fire_7_8_high_9_10_very_high,false
430483,Corbera d'Ebre,37,Terra Alta,2024,,,,,,,31.62039,58.972234,149.564857,0,,true,true,,70,derived,gencat_fire_hazard_2024,,2026-08-21T20:09:22Z,0.2.0,missing_dependency,Flood and built-up exposure are pending; interval reflects only fire's 45% weight.,partial,0,55,45,,official,territorial_fire_7_8_high_9_10_very_high,false
430496,Cornudella de Montsant,29,Priorat,2024,,,,,,,26.832039,7.49858,41.829199,68.1067,,true,true,,70,derived,gencat_fire_hazard_2024,,2026-08-21T20:09:22Z,0.2.0,missing_dependency,Flood and built-up exposure are pending; interval reflects only fire's 45% weight.,partial,30.648,85.648,45,,official,territorial_fire_7_8_high_9_10_very_high,false
430509,Creixell,36,Tarragonès,2024,,,,,,,51.260504,27.058824,105.378151,17.447,,true,true,,70,derived,gencat_fire_hazard_2024,,2026-08-21T20:09:22Z,0.2.0,missing_dependency,Flood and built-up exposure are pending; interval reflects only fire's 45% weight.,partial,7.8511,62.8512,45,,official,territorial_fire_7_8_high_9_10_very_high,false
430516,Cunit,12,Baix Penedès,2024,,,,,,,30.5,11.25,53,59.2016,,true,true,,70,derived,gencat_fire_hazard_2024,,2026-08-21T20:09:22Z,0.2.0,missing_dependency,Flood and built-up exposure are pending; interval reflects only fire's 45% weight.,partial,26.6407,81.6407,45,,official,territorial_fire_7_8_high_9_10_very_high,false
430521,Xerta,09,Baix Ebre,2024,,,,,,,52.52459,20.262295,93.04918,27.2754,,true,true,,70,derived,gencat_fire_hazard_2024,,2026-08-21T20:09:22Z,0.2.0,missing_dependency,Flood and built-up exposure are pending; interval reflects only fire's 45% weight.,partial,12.2739,67.2739,45,,official,territorial_fire_7_8_high_9_10_very_high,false
430537,Duesaigües,08,Baix Camp,2024,,,,,,,36.348267,17.328825,71.005917,44.8478,,true,true,,70,derived,gencat_fire_hazard_2024,,2026-08-21T20:09:22Z,0.2.0,missing_dependency,Flood and built-up exposure are pending; interval reflects only fire's 45% weight.,partial,20.1815,75.1815,45,,official,territorial_fire_7_8_high_9_10_very_high,false
430542,l'Espluga de Francolí,16,Conca de Barberà,2024,,,,,,,45.331398,32.510885,110.353169,13.4811,,true,true,,70,derived,gencat_fire_hazard_2024,,2026-08-21T20:09:22Z,0.2.0,missing_dependency,Flood and built-up exposure are pending; interval reflects only fire's 45% weight.,partial,6.0665,61.0665,45,,official,territorial_fire_7_8_high_9_10_very_high,false
430555,Falset,29,Priorat,2024,,,,,,,39.094423,10.877968,60.850359,52.9435,,true,true,,70,derived,gencat_fire_hazard_2024,,2026-08-21T20:09:22Z,0.2.0,missing_dependency,Flood and built-up exposure are pending; interval reflects only fire's 45% weight.,partial,23.8246,78.8246,45,,official,territorial_fire_7_8_high_9_10_very_high,false
430568,la Fatarella,37,Terra Alta,2024,,,,,,,42.949408,42.868676,128.68676,0,,true,true,,70,derived,gencat_fire_hazard_2024,,2026-08-21T20:09:22Z,0.2.0,missing_dependency,Flood and built-up exposure are pending; interval reflects only fire's 45% weight.,partial,0,55,45,,official,territorial_fire_7_8_high_9_10_very_high,false
430574,la Febró,08,Baix Camp,2024,,,,,,,23.791103,8.510638,40.812379,68.9173,,true,true,,70,derived,gencat_fire_hazard_2024,,2026-08-21T20:09:22Z,0.2.0,missing_dependency,Flood and built-up exposure are pending; interval reflects only fire's 45% weight.,partial,31.0128,86.0128,45,,official,territorial_fire_7_8_high_9_10_very_high,false
430580,la Figuera,29,Priorat,2024,,,,,,,55.755396,6.714628,69.184652,46.2996,,true,true,,70,derived,gencat_fire_hazard_2024,,2026-08-21T20:09:22Z,0.2.0,missing_dependency,Flood and built-up exposure are pending; interval reflects only fire's 45% weight.,partial,20.8348,75.8348,45,,official,territorial_fire_7_8_high_9_10_very_high,false
430593,Figuerola del Camp,01,Alt Camp,2024,,,,,,,41.606498,42.779783,127.166065,0.0782,,true,true,,70,derived,gencat_fire_hazard_2024,,2026-08-21T20:09:22Z,0.2.0,missing_dependency,Flood and built-up exposure are pending; interval reflects only fire's 45% weight.,partial,0.0352,55.0352,45,,official,territorial_fire_7_8_high_9_10_very_high,false
430607,Flix,30,Ribera d'Ebre,2024,,,,,,,38.03358,50.35572,138.74502,0,,true,true,,70,derived,gencat_fire_hazard_2024,,2026-08-21T20:09:22Z,0.2.0,missing_dependency,Flood and built-up exposure are pending; interval reflects only fire's 45% weight.,partial,0,55,45,,official,territorial_fire_7_8_high_9_10_very_high,false
430614,Forès,16,Conca de Barberà,2024,,,,,,,50.151515,26.969697,104.090909,18.4732,,true,true,,70,derived,gencat_fire_hazard_2024,,2026-08-21T20:09:22Z,0.2.0,missing_dependency,Flood and built-up exposure are pending; interval reflects only fire's 45% weight.,partial,8.3129,63.3129,45,,official,territorial_fire_7_8_high_9_10_very_high,false
430629,Freginals,22,Montsià,2024,,,,,,,32.45614,4.532164,41.520468,68.3528,,true,true,,70,derived,gencat_fire_hazard_2024,,2026-08-21T20:09:22Z,0.2.0,missing_dependency,Flood and built-up exposure are pending; interval reflects only fire's 45% weight.,partial,30.7588,85.7588,45,,official,territorial_fire_7_8_high_9_10_very_high,false
430635,la Galera,22,Montsià,2024,,,,,,,0.980392,0.980392,2.941176,99.1073,,true,true,,70,derived,gencat_fire_hazard_2024,,2026-08-21T20:09:22Z,0.2.0,missing_dependency,Flood and built-up exposure are pending; interval reflects only fire's 45% weight.,partial,44.5983,99.5983,45,,official,territorial_fire_7_8_high_9_10_very_high,false
430640,Gandesa,37,Terra Alta,2024,,,,,,,42.992624,29.469617,101.931858,20.1943,,true,true,,70,derived,gencat_fire_hazard_2024,,2026-08-21T20:09:22Z,0.2.0,missing_dependency,Flood and built-up exposure are pending; interval reflects only fire's 45% weight.,partial,9.0874,64.0874,45,,official,territorial_fire_7_8_high_9_10_very_high,false
430653,Garcia,30,Ribera d'Ebre,2024,,,,,,,41.365018,39.54131,120.447637,5.434,,true,true,,70,derived,gencat_fire_hazard_2024,,2026-08-21T20:09:22Z,0.2.0,missing_dependency,Flood and built-up exposure are pending; interval reflects only fire's 45% weight.,partial,2.4453,57.4453,45,,official,territorial_fire_7_8_high_9_10_very_high,false
430666,els Garidells,01,Alt Camp,2024,,,,,,,61.22449,8.163265,77.55102,39.6302,,true,true,,70,derived,gencat_fire_hazard_2024,,2026-08-21T20:09:22Z,0.2.0,missing_dependency,Flood and built-up exposure are pending; interval reflects only fire's 45% weight.,partial,17.8336,72.8336,45,,official,territorial_fire_7_8_high_9_10_very_high,false
430672,Ginestar,30,Ribera d'Ebre,2024,,,,,,,28.77551,60,148.77551,0,,true,true,,70,derived,gencat_fire_hazard_2024,,2026-08-21T20:09:22Z,0.2.0,missing_dependency,Flood and built-up exposure are pending; interval reflects only fire's 45% weight.,partial,0,55,45,,official,territorial_fire_7_8_high_9_10_very_high,false
430688,Godall,22,Montsià,2024,,,,,,,52.085037,3.107114,58.299264,54.9772,,true,true,,70,derived,gencat_fire_hazard_2024,,2026-08-21T20:09:22Z,0.2.0,missing_dependency,Flood and built-up exposure are pending; interval reflects only fire's 45% weight.,partial,24.7397,79.7397,45,,official,territorial_fire_7_8_high_9_10_very_high,false
430691,Gratallops,29,Priorat,2024,,,,,,,49.569496,8.610086,66.789668,48.2088,,true,true,,70,derived,gencat_fire_hazard_2024,,2026-08-21T20:09:22Z,0.2.0,missing_dependency,Flood and built-up exposure are pending; interval reflects only fire's 45% weight.,partial,21.694,76.694,45,,official,territorial_fire_7_8_high_9_10_very_high,false
430705,els Guiamets,29,Priorat,2024,,,,,,,32.829374,46.652268,126.133909,0.9011,,true,true,,70,derived,gencat_fire_hazard_2024,,2026-08-21T20:09:22Z,0.2.0,missing_dependency,Flood and built-up exposure are pending; interval reflects only fire's 45% weight.,partial,0.4055,55.4055,45,,official,territorial_fire_7_8_high_9_10_very_high,false
430712,Horta de Sant Joan,37,Terra Alta,2024,,,,,,,34.645099,15.692902,66.030903,48.8137,,true,true,,70,derived,gencat_fire_hazard_2024,,2026-08-21T20:09:22Z,0.2.0,missing_dependency,Flood and built-up exposure are pending; interval reflects only fire's 45% weight.,partial,21.9662,76.9662,45,,official,territorial_fire_7_8_high_9_10_very_high,false
430727,el Lloar,29,Priorat,2024,,,,,,,39.591078,15.241636,70.074349,45.5904,,true,true,,70,derived,gencat_fire_hazard_2024,,2026-08-21T20:09:22Z,0.2.0,missing_dependency,Flood and built-up exposure are pending; interval reflects only fire's 45% weight.,partial,20.5157,75.5157,45,,official,territorial_fire_7_8_high_9_10_very_high,false
430733,Llorac,16,Conca de Barberà,2024,,,,,,,33.953488,40.930233,115.813953,9.1279,,true,true,,70,derived,gencat_fire_hazard_2024,,2026-08-21T20:09:22Z,0.2.0,missing_dependency,Flood and built-up exposure are pending; interval reflects only fire's 45% weight.,partial,4.1076,59.1076,45,,official,territorial_fire_7_8_high_9_10_very_high,false
430748,Llorenç del Penedès,12,Baix Penedès,2024,,,,,,,17.5,2.5,22.5,83.5155,,true,true,,70,derived,gencat_fire_hazard_2024,,2026-08-21T20:09:22Z,0.2.0,missing_dependency,Flood and built-up exposure are pending; interval reflects only fire's 45% weight.,partial,37.582,92.582,45,,official,territorial_fire_7_8_high_9_10_very_high,false
430751,Margalef,29,Priorat,2024,,,,,,,24.331551,5.080214,34.491979,73.9558,,true,true,,70,derived,gencat_fire_hazard_2024,,2026-08-21T20:09:22Z,0.2.0,missing_dependency,Flood and built-up exposure are pending; interval reflects only fire's 45% weight.,partial,33.2801,88.2801,45,,official,territorial_fire_7_8_high_9_10_very_high,false
430764,Marçà,29,Priorat,2024,,,,,,,41.19403,19.850746,80.895522,36.964,,true,true,,70,derived,gencat_fire_hazard_2024,,2026-08-21T20:09:22Z,0.2.0,missing_dependency,Flood and built-up exposure are pending; interval reflects only fire's 45% weight.,partial,16.6338,71.6338,45,,official,territorial_fire_7_8_high_9_10_very_high,false
430770,Mas de Barberans,22,Montsià,2024,,,,,,,3.873518,0.02635,3.926219,98.3221,,true,true,,70,derived,gencat_fire_hazard_2024,,2026-08-21T20:09:22Z,0.2.0,missing_dependency,Flood and built-up exposure are pending; interval reflects only fire's 45% weight.,partial,44.2449,99.2449,45,,official,territorial_fire_7_8_high_9_10_very_high,false
430786,Masdenverge,22,Montsià,2024,,,,,,,41.089109,19.306931,79.70297,37.9147,,true,true,,70,derived,gencat_fire_hazard_2024,,2026-08-21T20:09:22Z,0.2.0,missing_dependency,Flood and built-up exposure are pending; interval reflects only fire's 45% weight.,partial,17.0616,72.0616,45,,official,territorial_fire_7_8_high_9_10_very_high,false
430799,Masllorenç,12,Baix Penedès,2024,,,,,,,42.533937,47.963801,138.461538,0,,true,true,,70,derived,gencat_fire_hazard_2024,,2026-08-21T20:09:22Z,0.2.0,missing_dependency,Flood and built-up exposure are pending; interval reflects only fire's 45% weight.,partial,0,55,45,,official,territorial_fire_7_8_high_9_10_very_high,false
430803,la Masó,01,Alt Camp,2024,,,,,,,0,0,0,100,,false,false,,70,derived,gencat_fire_hazard_2024,,2026-08-21T20:09:22Z,0.2.0,missing_dependency,Flood and built-up exposure are pending; interval reflects only fire's 45% weight.,partial,45,100,45,,official,territorial_fire_7_8_high_9_10_very_high,false
430810,Maspujols,08,Baix Camp,2024,,,,,,,50.568182,37.5,125.568182,1.352,,true,true,,70,derived,gencat_fire_hazard_2024,,2026-08-21T20:09:22Z,0.2.0,missing_dependency,Flood and built-up exposure are pending; interval reflects only fire's 45% weight.,partial,0.6084,55.6084,45,,official,territorial_fire_7_8_high_9_10_very_high,false
430825,el Masroig,29,Priorat,2024,,,,,,,33.807829,54.922894,143.653618,0,,true,true,,70,derived,gencat_fire_hazard_2024,,2026-08-21T20:09:22Z,0.2.0,missing_dependency,Flood and built-up exposure are pending; interval reflects only fire's 45% weight.,partial,0,55,45,,official,territorial_fire_7_8_high_9_10_very_high,false
430831,el Milà,01,Alt Camp,2024,,,,,,,18.918919,5.405405,29.72973,77.7521,,true,true,,70,derived,gencat_fire_hazard_2024,,2026-08-21T20:09:22Z,0.2.0,missing_dependency,Flood and built-up exposure are pending; interval reflects only fire's 45% weight.,partial,34.9884,89.9884,45,,official,territorial_fire_7_8_high_9_10_very_high,false
430846,Miravet,30,Ribera d'Ebre,2024,,,,,,,52.220595,36.847243,125.915081,1.0755,,true,true,,70,derived,gencat_fire_hazard_2024,,2026-08-21T20:09:22Z,0.2.0,missing_dependency,Flood and built-up exposure are pending; interval reflects only fire's 45% weight.,partial,0.484,55.484,45,,official,territorial_fire_7_8_high_9_10_very_high,false
430859,el Molar,29,Priorat,2024,,,,,,,40.062112,33.10559,106.273292,16.7335,,true,true,,70,derived,gencat_fire_hazard_2024,,2026-08-21T20:09:22Z,0.2.0,missing_dependency,Flood and built-up exposure are pending; interval reflects only fire's 45% weight.,partial,7.5301,62.5301,45,,official,territorial_fire_7_8_high_9_10_very_high,false
430862,Montblanc,16,Conca de Barberà,2024,,,,,,,44.194497,28.274788,100.744073,21.1412,,true,true,,70,derived,gencat_fire_hazard_2024,,2026-08-21T20:09:22Z,0.2.0,missing_dependency,Flood and built-up exposure are pending; interval reflects only fire's 45% weight.,partial,9.5135,64.5135,45,,official,territorial_fire_7_8_high_9_10_very_high,false
430884,Montbrió del Camp,08,Baix Camp,2024,,,,,,,22.222222,9.52381,41.269841,68.5526,,true,true,,70,derived,gencat_fire_hazard_2024,,2026-08-21T20:09:22Z,0.2.0,missing_dependency,Flood and built-up exposure are pending; interval reflects only fire's 45% weight.,partial,30.8487,85.8487,45,,official,territorial_fire_7_8_high_9_10_very_high,false
430897,Montferri,01,Alt Camp,2024,,,,,,,49.488055,31.285552,112.059158,12.1211,,true,true,,70,derived,gencat_fire_hazard_2024,,2026-08-21T20:09:22Z,0.2.0,missing_dependency,Flood and built-up exposure are pending; interval reflects only fire's 45% weight.,partial,5.4545,60.4545,45,,official,territorial_fire_7_8_high_9_10_very_high,false
430901,el Montmell,12,Baix Penedès,2024,,,,,,,36.544697,13.910761,64.366219,50.1408,,true,true,,70,derived,gencat_fire_hazard_2024,,2026-08-21T20:09:22Z,0.2.0,missing_dependency,Flood and built-up exposure are pending; interval reflects only fire's 45% weight.,partial,22.5634,77.5634,45,,official,territorial_fire_7_8_high_9_10_very_high,false
430918,Mont-ral,01,Alt Camp,2024,,,,,,,32.496902,15.675341,63.847584,50.5542,,true,true,,70,derived,gencat_fire_hazard_2024,,2026-08-21T20:09:22Z,0.2.0,missing_dependency,Flood and built-up exposure are pending; interval reflects only fire's 45% weight.,partial,22.7494,77.7494,45,,official,territorial_fire_7_8_high_9_10_very_high,false
430923,Mont-roig del Camp,08,Baix Camp,2024,,,,,,,45.614771,25.262274,96.13932,24.812,,true,true,,70,derived,gencat_fire_hazard_2024,,2026-08-21T20:09:22Z,0.2.0,missing_dependency,Flood and built-up exposure are pending; interval reflects only fire's 45% weight.,partial,11.1654,66.1654,45,,official,territorial_fire_7_8_high_9_10_very_high,false
430939,Móra d'Ebre,30,Ribera d'Ebre,2024,,,,,,,40.024938,48.711554,137.448047,0,,true,true,,70,derived,gencat_fire_hazard_2024,,2026-08-21T20:09:22Z,0.2.0,missing_dependency,Flood and built-up exposure are pending; interval reflects only fire's 45% weight.,partial,0,55,45,,official,territorial_fire_7_8_high_9_10_very_high,false
430944,Móra la Nova,30,Ribera d'Ebre,2024,,,,,,,34.10596,20.198675,74.503311,42.0597,,true,true,,70,derived,gencat_fire_hazard_2024,,2026-08-21T20:09:22Z,0.2.0,missing_dependency,Flood and built-up exposure are pending; interval reflects only fire's 45% weight.,partial,18.9269,73.9269,45,,official,territorial_fire_7_8_high_9_10_very_high,false
430957,el Morell,36,Tarragonès,2024,,,,,,,10.588235,0,10.588235,93.0113,,false,false,,70,derived,gencat_fire_hazard_2024,,2026-08-21T20:09:22Z,0.2.0,missing_dependency,Flood and built-up exposure are pending; interval reflects only fire's 45% weight.,partial,41.8551,96.8551,45,,official,territorial_fire_7_8_high_9_10_very_high,false
430960,la Morera de Montsant,29,Priorat,2024,,,,,,,23.57624,5.837926,35.252092,73.3498,,true,true,,70,derived,gencat_fire_hazard_2024,,2026-08-21T20:09:22Z,0.2.0,missing_dependency,Flood and built-up exposure are pending; interval reflects only fire's 45% weight.,partial,33.0074,88.0074,45,,official,territorial_fire_7_8_high_9_10_very_high,false
430976,la Nou de Gaià,36,Tarragonès,2024,,,,,,,37.398374,47.96748,133.333333,0,,true,true,,70,derived,gencat_fire_hazard_2024,,2026-08-21T20:09:22Z,0.2.0,missing_dependency,Flood and built-up exposure are pending; interval reflects only fire's 45% weight.,partial,0,55,45,,official,territorial_fire_7_8_high_9_10_very_high,false
430982,Nulles,01,Alt Camp,2024,,,,,,,7.407407,18.518519,44.444444,66.0219,,true,true,,70,derived,gencat_fire_hazard_2024,,2026-08-21T20:09:22Z,0.2.0,missing_dependency,Flood and built-up exposure are pending; interval reflects only fire's 45% weight.,partial,29.7099,84.7099,45,,official,territorial_fire_7_8_high_9_10_very_high,false
430995,la Palma d'Ebre,30,Ribera d'Ebre,2024,,,,,,,64.38043,22.999543,110.379515,13.4601,,true,true,,70,derived,gencat_fire_hazard_2024,,2026-08-21T20:09:22Z,0.2.0,missing_dependency,Flood and built-up exposure are pending; interval reflects only fire's 45% weight.,partial,6.057,61.057,45,,official,territorial_fire_7_8_high_9_10_very_high,false
431009,els Pallaresos,36,Tarragonès,2024,,,,,,,34.482759,50,134.482759,0,,true,true,,70,derived,gencat_fire_hazard_2024,,2026-08-21T20:09:22Z,0.2.0,missing_dependency,Flood and built-up exposure are pending; interval reflects only fire's 45% weight.,partial,0,55,45,,official,territorial_fire_7_8_high_9_10_very_high,false
431016,Passanant i Belltall,16,Conca de Barberà,2024,,,,,,,37.026239,42.954325,122.934888,3.4512,,true,true,,70,derived,gencat_fire_hazard_2024,,2026-08-21T20:09:22Z,0.2.0,missing_dependency,Flood and built-up exposure are pending; interval reflects only fire's 45% weight.,partial,1.553,56.553,45,,official,territorial_fire_7_8_high_9_10_very_high,false
431021,Paüls,09,Baix Ebre,2024,,,,,,,44.226519,20.994475,86.21547,32.7231,,true,true,,70,derived,gencat_fire_hazard_2024,,2026-08-21T20:09:22Z,0.2.0,missing_dependency,Flood and built-up exposure are pending; interval reflects only fire's 45% weight.,partial,14.7254,69.7254,45,,official,territorial_fire_7_8_high_9_10_very_high,false
431037,Perafort,36,Tarragonès,2024,,,,,,,35,28.076923,91.153846,28.7863,,true,true,,70,derived,gencat_fire_hazard_2024,,2026-08-21T20:09:22Z,0.2.0,missing_dependency,Flood and built-up exposure are pending; interval reflects only fire's 45% weight.,partial,12.9538,67.9538,45,,official,territorial_fire_7_8_high_9_10_very_high,false
431042,el Perelló,09,Baix Ebre,2024,,,,,,,44.263009,30.677117,105.617244,17.2564,,true,true,,70,derived,gencat_fire_hazard_2024,,2026-08-21T20:09:22Z,0.2.0,missing_dependency,Flood and built-up exposure are pending; interval reflects only fire's 45% weight.,partial,7.7654,62.7654,45,,official,territorial_fire_7_8_high_9_10_very_high,false
431055,les Piles de Gaià,16,Conca de Barberà,2024,,,,,,,45.590994,9.380863,64.35272,50.1515,,true,true,,70,derived,gencat_fire_hazard_2024,,2026-08-21T20:09:22Z,0.2.0,missing_dependency,Flood and built-up exposure are pending; interval reflects only fire's 45% weight.,partial,22.5682,77.5682,45,,official,territorial_fire_7_8_high_9_10_very_high,false
431068,el Pinell de Brai,37,Terra Alta,2024,,,,,,,65.37859,21.958225,109.295039,14.3246,,true,true,,70,derived,gencat_fire_hazard_2024,,2026-08-21T20:09:22Z,0.2.0,missing_dependency,Flood and built-up exposure are pending; interval reflects only fire's 45% weight.,partial,6.4461,61.4461,45,,official,territorial_fire_7_8_high_9_10_very_high,false
431074,Pira,16,Conca de Barberà,2024,,,,,,,38.931298,10.687023,60.305344,53.378,,true,true,,70,derived,gencat_fire_hazard_2024,,2026-08-21T20:09:22Z,0.2.0,missing_dependency,Flood and built-up exposure are pending; interval reflects only fire's 45% weight.,partial,24.0201,79.0201,45,,official,territorial_fire_7_8_high_9_10_very_high,false
431080,el Pla de Santa Maria,01,Alt Camp,2024,,,,,,,19.179894,56.349206,131.878307,0,,true,true,,70,derived,gencat_fire_hazard_2024,,2026-08-21T20:09:22Z,0.2.0,missing_dependency,Flood and built-up exposure are pending; interval reflects only fire's 45% weight.,partial,0,55,45,,official,territorial_fire_7_8_high_9_10_very_high,false
431093,la Pobla de Mafumet,36,Tarragonès,2024,,,,,,,22.077922,1.298701,24.675325,81.7814,,true,true,,70,derived,gencat_fire_hazard_2024,,2026-08-21T20:09:22Z,0.2.0,missing_dependency,Flood and built-up exposure are pending; interval reflects only fire's 45% weight.,partial,36.8016,91.8016,45,,official,territorial_fire_7_8_high_9_10_very_high,false
431107,la Pobla de Massaluca,37,Terra Alta,2024,,,,,,,51.429544,18.345813,88.121171,31.2039,,true,true,,70,derived,gencat_fire_hazard_2024,,2026-08-21T20:09:22Z,0.2.0,missing_dependency,Flood and built-up exposure are pending; interval reflects only fire's 45% weight.,partial,14.0418,69.0418,45,,official,territorial_fire_7_8_high_9_10_very_high,false
431114,la Pobla de Montornès,36,Tarragonès,2024,,,,,,,44.686649,29.155313,102.997275,19.345,,true,true,,70,derived,gencat_fire_hazard_2024,,2026-08-21T20:09:22Z,0.2.0,missing_dependency,Flood and built-up exposure are pending; interval reflects only fire's 45% weight.,partial,8.7052,63.7053,45,,official,territorial_fire_7_8_high_9_10_very_high,false
431129,Poboleda,29,Priorat,2024,,,,,,,29.676071,4.284222,38.244514,70.9644,,true,true,,70,derived,gencat_fire_hazard_2024,,2026-08-21T20:09:22Z,0.2.0,missing_dependency,Flood and built-up exposure are pending; interval reflects only fire's 45% weight.,partial,31.934,86.934,45,,official,territorial_fire_7_8_high_9_10_very_high,false
431135,el Pont d'Armentera,01,Alt Camp,2024,,,,,,,39.559819,8.577878,56.715576,56.2397,,true,true,,70,derived,gencat_fire_hazard_2024,,2026-08-21T20:09:22Z,0.2.0,missing_dependency,Flood and built-up exposure are pending; interval reflects only fire's 45% weight.,partial,25.3079,80.3079,45,,official,territorial_fire_7_8_high_9_10_very_high,false
431140,Porrera,29,Priorat,2024,,,,,,,25.197216,3.155452,31.508121,76.3344,,true,true,,70,derived,gencat_fire_hazard_2024,,2026-08-21T20:09:22Z,0.2.0,missing_dependency,Flood and built-up exposure are pending; interval reflects only fire's 45% weight.,partial,34.3505,89.3505,45,,official,territorial_fire_7_8_high_9_10_very_high,false
431153,Pradell de la Teixeta,29,Priorat,2024,,,,,,,28.449259,6.157355,40.763968,68.9559,,true,true,,70,derived,gencat_fire_hazard_2024,,2026-08-21T20:09:22Z,0.2.0,missing_dependency,Flood and built-up exposure are pending; interval reflects only fire's 45% weight.,partial,31.0302,86.0302,45,,official,territorial_fire_7_8_high_9_10_very_high,false
431166,Prades,08,Baix Camp,2024,,,,,,,36.328125,18.110795,72.549716,43.6171,,true,true,,70,derived,gencat_fire_hazard_2024,,2026-08-21T20:09:22Z,0.2.0,missing_dependency,Flood and built-up exposure are pending; interval reflects only fire's 45% weight.,partial,19.6277,74.6277,45,,official,territorial_fire_7_8_high_9_10_very_high,false
431172,Prat de Comte,37,Terra Alta,2024,,,,,,,44.358644,24.882025,94.122694,26.4196,,true,true,,70,derived,gencat_fire_hazard_2024,,2026-08-21T20:09:22Z,0.2.0,missing_dependency,Flood and built-up exposure are pending; interval reflects only fire's 45% weight.,partial,11.8888,66.8888,45,,official,territorial_fire_7_8_high_9_10_very_high,false
431188,Pratdip,08,Baix Camp,2024,,,,,,,42.453416,11.21118,64.875776,49.7346,,true,true,,70,derived,gencat_fire_hazard_2024,,2026-08-21T20:09:22Z,0.2.0,missing_dependency,Flood and built-up exposure are pending; interval reflects only fire's 45% weight.,partial,22.3806,77.3806,45,,official,territorial_fire_7_8_high_9_10_very_high,false
431191,Puigpelat,01,Alt Camp,2024,,,,,,,9.278351,7.216495,23.71134,82.5498,,true,true,,70,derived,gencat_fire_hazard_2024,,2026-08-21T20:09:22Z,0.2.0,missing_dependency,Flood and built-up exposure are pending; interval reflects only fire's 45% weight.,partial,37.1474,92.1474,45,,official,territorial_fire_7_8_high_9_10_very_high,false
431205,Querol,01,Alt Camp,2024,,,,,,,38.094481,13.965325,66.025131,48.8183,,true,true,,70,derived,gencat_fire_hazard_2024,,2026-08-21T20:09:22Z,0.2.0,missing_dependency,Flood and built-up exposure are pending; interval reflects only fire's 45% weight.,partial,21.9682,76.9682,45,,official,territorial_fire_7_8_high_9_10_very_high,false
431212,Rasquera,30,Ribera d'Ebre,2024,,,,,,,41.021548,15.642458,72.306464,43.811,,true,true,,70,derived,gencat_fire_hazard_2024,,2026-08-21T20:09:22Z,0.2.0,missing_dependency,Flood and built-up exposure are pending; interval reflects only fire's 45% weight.,partial,19.715,74.715,45,,official,territorial_fire_7_8_high_9_10_very_high,false
431227,Renau,36,Tarragonès,2024,,,,,,,29.885057,34.252874,98.390805,23.0172,,true,true,,70,derived,gencat_fire_hazard_2024,,2026-08-21T20:09:22Z,0.2.0,missing_dependency,Flood and built-up exposure are pending; interval reflects only fire's 45% weight.,partial,10.3577,65.3577,45,,official,territorial_fire_7_8_high_9_10_very_high,false
431233,Reus,08,Baix Camp,2024,,,,,,,3.497942,0.823045,5.144033,97.3513,,true,true,,70,derived,gencat_fire_hazard_2024,,2026-08-21T20:09:22Z,0.2.0,missing_dependency,Flood and built-up exposure are pending; interval reflects only fire's 45% weight.,partial,43.8081,98.8081,45,,official,territorial_fire_7_8_high_9_10_very_high,false
431248,la Riba,01,Alt Camp,2024,,,,,,,19.185059,2.37691,23.938879,82.3685,,true,true,,70,derived,gencat_fire_hazard_2024,,2026-08-21T20:09:22Z,0.2.0,missing_dependency,Flood and built-up exposure are pending; interval reflects only fire's 45% weight.,partial,37.0658,92.0658,45,,official,territorial_fire_7_8_high_9_10_very_high,false
431251,Riba-roja d'Ebre,30,Ribera d'Ebre,2024,,,,,,,42.381562,36.31242,115.006402,9.7716,,true,true,,70,derived,gencat_fire_hazard_2024,,2026-08-21T20:09:22Z,0.2.0,missing_dependency,Flood and built-up exposure are pending; interval reflects only fire's 45% weight.,partial,4.3972,59.3972,45,,official,territorial_fire_7_8_high_9_10_very_high,false
431264,la Riera de Gaià,36,Tarragonès,2024,,,,,,,28.838951,43.071161,114.981273,9.7917,,true,true,,70,derived,gencat_fire_hazard_2024,,2026-08-21T20:09:22Z,0.2.0,missing_dependency,Flood and built-up exposure are pending; interval reflects only fire's 45% weight.,partial,4.4063,59.4063,45,,official,territorial_fire_7_8_high_9_10_very_high,false
431270,Riudecanyes,08,Baix Camp,2024,,,,,,,36.413541,39.615737,115.645014,9.2625,,true,true,,70,derived,gencat_fire_hazard_2024,,2026-08-21T20:09:22Z,0.2.0,missing_dependency,Flood and built-up exposure are pending; interval reflects only fire's 45% weight.,partial,4.1681,59.1681,45,,official,territorial_fire_7_8_high_9_10_very_high,false
431286,Riudecols,08,Baix Camp,2024,,,,,,,37.868481,26.228269,90.325019,29.447,,true,true,,70,derived,gencat_fire_hazard_2024,,2026-08-21T20:09:22Z,0.2.0,missing_dependency,Flood and built-up exposure are pending; interval reflects only fire's 45% weight.,partial,13.2511,68.2512,45,,official,territorial_fire_7_8_high_9_10_very_high,false
431299,Riudoms,08,Baix Camp,2024,,,,,,,0,1.941748,3.883495,98.3561,,true,true,,70,derived,gencat_fire_hazard_2024,,2026-08-21T20:09:22Z,0.2.0,missing_dependency,Flood and built-up exposure are pending; interval reflects only fire's 45% weight.,partial,44.2602,99.2602,45,,official,territorial_fire_7_8_high_9_10_very_high,false
431303,Rocafort de Queralt,16,Conca de Barberà,2024,,,,,,,59.243697,15.12605,89.495798,30.1081,,true,true,,70,derived,gencat_fire_hazard_2024,,2026-08-21T20:09:22Z,0.2.0,missing_dependency,Flood and built-up exposure are pending; interval reflects only fire's 45% weight.,partial,13.5486,68.5486,45,,official,territorial_fire_7_8_high_9_10_very_high,false
431310,Roda de Berà,36,Tarragonès,2024,,,,,,,52.255639,18.295739,88.847118,30.6252,,true,true,,70,derived,gencat_fire_hazard_2024,,2026-08-21T20:09:22Z,0.2.0,missing_dependency,Flood and built-up exposure are pending; interval reflects only fire's 45% weight.,partial,13.7813,68.7813,45,,official,territorial_fire_7_8_high_9_10_very_high,false
431325,Rodonyà,01,Alt Camp,2024,,,,,,,31.349206,58.730159,148.809524,0,,true,true,,70,derived,gencat_fire_hazard_2024,,2026-08-21T20:09:22Z,0.2.0,missing_dependency,Flood and built-up exposure are pending; interval reflects only fire's 45% weight.,partial,0,55,45,,official,territorial_fire_7_8_high_9_10_very_high,false
431331,Roquetes,09,Baix Ebre,2024,,,,,,,16.307448,2.329635,20.966719,84.7378,,true,true,,70,derived,gencat_fire_hazard_2024,,2026-08-21T20:09:22Z,0.2.0,missing_dependency,Flood and built-up exposure are pending; interval reflects only fire's 45% weight.,partial,38.132,93.132,45,,official,territorial_fire_7_8_high_9_10_very_high,false
431346,el Rourell,01,Alt Camp,2024,,,,,,,5.555556,5.555556,16.666667,88.1657,,true,true,,70,derived,gencat_fire_hazard_2024,,2026-08-21T20:09:22Z,0.2.0,missing_dependency,Flood and built-up exposure are pending; interval reflects only fire's 45% weight.,partial,39.6746,94.6746,45,,official,territorial_fire_7_8_high_9_10_very_high,false
431359,Salomó,36,Tarragonès,2024,,,,,,,46.498599,31.792717,110.084034,13.6956,,true,true,,70,derived,gencat_fire_hazard_2024,,2026-08-21T20:09:22Z,0.2.0,missing_dependency,Flood and built-up exposure are pending; interval reflects only fire's 45% weight.,partial,6.163,61.163,45,,official,territorial_fire_7_8_high_9_10_very_high,false
431362,la Ràpita,22,Montsià,2024,,,,,,,4.904306,0.179426,5.263158,97.2563,,true,true,,70,derived,gencat_fire_hazard_2024,,2026-08-21T20:09:22Z,0.2.0,missing_dependency,Flood and built-up exposure are pending; interval reflects only fire's 45% weight.,partial,43.7653,98.7653,45,,official,territorial_fire_7_8_high_9_10_very_high,false
431378,Sant Jaume dels Domenys,12,Baix Penedès,2024,,,,,,,42.948718,17.094017,77.136752,39.9604,,true,true,,70,derived,gencat_fire_hazard_2024,,2026-08-21T20:09:22Z,0.2.0,missing_dependency,Flood and built-up exposure are pending; interval reflects only fire's 45% weight.,partial,17.9822,72.9822,45,,official,territorial_fire_7_8_high_9_10_very_high,false
431384,Santa Bàrbara,22,Montsià,2024,,,,,,,1.639344,0,1.639344,100,,false,false,,70,derived,gencat_fire_hazard_2024,,2026-08-21T20:09:22Z,0.2.0,missing_dependency,Flood and built-up exposure are pending; interval reflects only fire's 45% weight.,partial,45,100,45,,official,territorial_fire_7_8_high_9_10_very_high,false
431397,Santa Coloma de Queralt,16,Conca de Barberà,2024,,,,,,,39.146568,34.32282,107.792208,15.5226,,true,true,,70,derived,gencat_fire_hazard_2024,,2026-08-21T20:09:22Z,0.2.0,missing_dependency,Flood and built-up exposure are pending; interval reflects only fire's 45% weight.,partial,6.9852,61.9852,45,,official,territorial_fire_7_8_high_9_10_very_high,false
431401,Santa Oliva,12,Baix Penedès,2024,,,,,,,8.737864,3.883495,16.504854,88.2947,,true,true,,70,derived,gencat_fire_hazard_2024,,2026-08-21T20:09:22Z,0.2.0,missing_dependency,Flood and built-up exposure are pending; interval reflects only fire's 45% weight.,partial,39.7326,94.7326,45,,official,territorial_fire_7_8_high_9_10_very_high,false
431418,Pontils,16,Conca de Barberà,2024,,,,,,,35.951662,7.326284,50.60423,61.1115,,true,true,,70,derived,gencat_fire_hazard_2024,,2026-08-21T20:09:22Z,0.2.0,missing_dependency,Flood and built-up exposure are pending; interval reflects only fire's 45% weight.,partial,27.5002,82.5002,45,,official,territorial_fire_7_8_high_9_10_very_high,false
431423,Sarral,16,Conca de Barberà,2024,,,,,,,34.208401,4.846527,43.901454,66.4548,,true,true,,70,derived,gencat_fire_hazard_2024,,2026-08-21T20:09:22Z,0.2.0,missing_dependency,Flood and built-up exposure are pending; interval reflects only fire's 45% weight.,partial,29.9047,84.9047,45,,official,territorial_fire_7_8_high_9_10_very_high,false
431439,Savallà del Comtat,16,Conca de Barberà,2024,,,,,,,22.59542,54.503817,131.603053,0,,true,true,,70,derived,gencat_fire_hazard_2024,,2026-08-21T20:09:22Z,0.2.0,missing_dependency,Flood and built-up exposure are pending; interval reflects only fire's 45% weight.,partial,0,55,45,,official,territorial_fire_7_8_high_9_10_very_high,false
431444,la Secuita,36,Tarragonès,2024,,,,,,,18.543046,46.02649,110.596026,13.2875,,true,true,,70,derived,gencat_fire_hazard_2024,,2026-08-21T20:09:22Z,0.2.0,missing_dependency,Flood and built-up exposure are pending; interval reflects only fire's 45% weight.,partial,5.9794,60.9794,45,,official,territorial_fire_7_8_high_9_10_very_high,false
431457,la Selva del Camp,08,Baix Camp,2024,,,,,,,32.795156,5.146317,43.08779,67.1034,,true,true,,70,derived,gencat_fire_hazard_2024,,2026-08-21T20:09:22Z,0.2.0,missing_dependency,Flood and built-up exposure are pending; interval reflects only fire's 45% weight.,partial,30.1965,85.1965,45,,official,territorial_fire_7_8_high_9_10_very_high,false
431460,Senan,16,Conca de Barberà,2024,,,,,,,29.11084,60.048721,149.208283,0,,true,true,,70,derived,gencat_fire_hazard_2024,,2026-08-21T20:09:22Z,0.2.0,missing_dependency,Flood and built-up exposure are pending; interval reflects only fire's 45% weight.,partial,0,55,45,,official,territorial_fire_7_8_high_9_10_very_high,false
431476,Solivella,16,Conca de Barberà,2024,,,,,,,40.330189,12.5,65.330189,49.3723,,true,true,,70,derived,gencat_fire_hazard_2024,,2026-08-21T20:09:22Z,0.2.0,missing_dependency,Flood and built-up exposure are pending; interval reflects only fire's 45% weight.,partial,22.2175,77.2175,45,,official,territorial_fire_7_8_high_9_10_very_high,false
431482,Tarragona,36,Tarragonès,2024,,,,,,,19.826159,46.481788,112.789735,11.5387,,true,true,,70,derived,gencat_fire_hazard_2024,,2026-08-21T20:09:22Z,0.2.0,missing_dependency,Flood and built-up exposure are pending; interval reflects only fire's 45% weight.,partial,5.1924,60.1924,45,,official,territorial_fire_7_8_high_9_10_very_high,false
431495,Tivenys,09,Baix Ebre,2024,,,,,,,39.374379,2.259186,43.892751,66.4617,,true,true,,70,derived,gencat_fire_hazard_2024,,2026-08-21T20:09:22Z,0.2.0,missing_dependency,Flood and built-up exposure are pending; interval reflects only fire's 45% weight.,partial,29.9078,84.9078,45,,official,territorial_fire_7_8_high_9_10_very_high,false
431508,Tivissa,30,Ribera d'Ebre,2024,,,,,,,40.252182,15.8887,72.029583,44.0317,,true,true,,70,derived,gencat_fire_hazard_2024,,2026-08-21T20:09:22Z,0.2.0,missing_dependency,Flood and built-up exposure are pending; interval reflects only fire's 45% weight.,partial,19.8143,74.8143,45,,official,territorial_fire_7_8_high_9_10_very_high,false
431515,la Torre de Fontaubella,29,Priorat,2024,,,,,,,22.205207,10.107198,42.419602,67.6361,,true,true,,70,derived,gencat_fire_hazard_2024,,2026-08-21T20:09:22Z,0.2.0,missing_dependency,Flood and built-up exposure are pending; interval reflects only fire's 45% weight.,partial,30.4362,85.4362,45,,official,territorial_fire_7_8_high_9_10_very_high,false
431520,la Torre de l'Espanyol,30,Ribera d'Ebre,2024,,,,,,,61.629213,21.516854,104.662921,18.0172,,true,true,,70,derived,gencat_fire_hazard_2024,,2026-08-21T20:09:22Z,0.2.0,missing_dependency,Flood and built-up exposure are pending; interval reflects only fire's 45% weight.,partial,8.1077,63.1077,45,,official,territorial_fire_7_8_high_9_10_very_high,false
431536,Torredembarra,36,Tarragonès,2024,,,,,,,10.576923,5.769231,22.115385,83.8221,,true,true,,70,derived,gencat_fire_hazard_2024,,2026-08-21T20:09:22Z,0.2.0,missing_dependency,Flood and built-up exposure are pending; interval reflects only fire's 45% weight.,partial,37.7199,92.7199,45,,official,territorial_fire_7_8_high_9_10_very_high,false
431541,Torroja del Priorat,29,Priorat,2024,,,,,,,42.26601,21.37931,85.024631,33.6724,,true,true,,70,derived,gencat_fire_hazard_2024,,2026-08-21T20:09:22Z,0.2.0,missing_dependency,Flood and built-up exposure are pending; interval reflects only fire's 45% weight.,partial,15.1526,70.1526,45,,official,territorial_fire_7_8_high_9_10_very_high,false
431554,Tortosa,09,Baix Ebre,2024,,,,,,,29.736512,9.979732,49.695975,61.8355,,true,true,,70,derived,gencat_fire_hazard_2024,,2026-08-21T20:09:22Z,0.2.0,missing_dependency,Flood and built-up exposure are pending; interval reflects only fire's 45% weight.,partial,27.826,82.826,45,,official,territorial_fire_7_8_high_9_10_very_high,false
431567,Ulldecona,22,Montsià,2024,,,,,,,24.212106,1.250625,26.713357,80.1567,,true,true,,70,derived,gencat_fire_hazard_2024,,2026-08-21T20:09:22Z,0.2.0,missing_dependency,Flood and built-up exposure are pending; interval reflects only fire's 45% weight.,partial,36.0705,91.0705,45,,official,territorial_fire_7_8_high_9_10_very_high,false
431573,Ulldemolins,29,Priorat,2024,,,,,,,38.695796,16.517709,71.731215,44.2696,,true,true,,70,derived,gencat_fire_hazard_2024,,2026-08-21T20:09:22Z,0.2.0,missing_dependency,Flood and built-up exposure are pending; interval reflects only fire's 45% weight.,partial,19.9213,74.9213,45,,official,territorial_fire_7_8_high_9_10_very_high,false
431589,Vallclara,16,Conca de Barberà,2024,,,,,,,45.930776,34.798877,115.528531,9.3554,,true,true,,70,derived,gencat_fire_hazard_2024,,2026-08-21T20:09:22Z,0.2.0,missing_dependency,Flood and built-up exposure are pending; interval reflects only fire's 45% weight.,partial,4.2099,59.2099,45,,official,territorial_fire_7_8_high_9_10_very_high,false
431592,Vallfogona de Riucorb,16,Conca de Barberà,2024,,,,,,,36.831276,28.806584,94.444444,26.1631,,true,true,,70,derived,gencat_fire_hazard_2024,,2026-08-21T20:09:22Z,0.2.0,missing_dependency,Flood and built-up exposure are pending; interval reflects only fire's 45% weight.,partial,11.7734,66.7734,45,,official,territorial_fire_7_8_high_9_10_very_high,false
431606,Vallmoll,01,Alt Camp,2024,,,,,,,29.0625,21.5625,72.1875,43.9058,,true,true,,70,derived,gencat_fire_hazard_2024,,2026-08-21T20:09:22Z,0.2.0,missing_dependency,Flood and built-up exposure are pending; interval reflects only fire's 45% weight.,partial,19.7576,74.7576,45,,official,territorial_fire_7_8_high_9_10_very_high,false
431613,Valls,01,Alt Camp,2024,,,,,,,33.357349,32.492795,98.342939,23.0553,,true,true,,70,derived,gencat_fire_hazard_2024,,2026-08-21T20:09:22Z,0.2.0,missing_dependency,Flood and built-up exposure are pending; interval reflects only fire's 45% weight.,partial,10.3749,65.3749,45,,official,territorial_fire_7_8_high_9_10_very_high,false
431628,Vandellòs i l'Hospitalet de l'Infant,08,Baix Camp,2024,,,,,,,29.187415,4.54957,38.286555,70.9308,,true,true,,70,derived,gencat_fire_hazard_2024,,2026-08-21T20:09:22Z,0.2.0,missing_dependency,Flood and built-up exposure are pending; interval reflects only fire's 45% weight.,partial,31.9189,86.9189,45,,official,territorial_fire_7_8_high_9_10_very_high,false
431634,el Vendrell,12,Baix Penedès,2024,,,,,,,44.577465,17.535211,79.647887,37.9586,,true,true,,70,derived,gencat_fire_hazard_2024,,2026-08-21T20:09:22Z,0.2.0,missing_dependency,Flood and built-up exposure are pending; interval reflects only fire's 45% weight.,partial,17.0814,72.0814,45,,official,territorial_fire_7_8_high_9_10_very_high,false
431649,Vespella de Gaià,36,Tarragonès,2024,,,,,,,45.741879,12.906058,71.553995,44.4108,,true,true,,70,derived,gencat_fire_hazard_2024,,2026-08-21T20:09:22Z,0.2.0,missing_dependency,Flood and built-up exposure are pending; interval reflects only fire's 45% weight.,partial,19.9849,74.9849,45,,official,territorial_fire_7_8_high_9_10_very_high,false
431652,Vilabella,01,Alt Camp,2024,,,,,,,24.203822,44.904459,114.012739,10.5638,,true,true,,70,derived,gencat_fire_hazard_2024,,2026-08-21T20:09:22Z,0.2.0,missing_dependency,Flood and built-up exposure are pending; interval reflects only fire's 45% weight.,partial,4.7537,59.7537,45,,official,territorial_fire_7_8_high_9_10_very_high,false
431665,Vilallonga del Camp,36,Tarragonès,2024,,,,,,,3.571429,0,3.571429,98.6049,,false,false,,70,derived,gencat_fire_hazard_2024,,2026-08-21T20:09:22Z,0.2.0,missing_dependency,Flood and built-up exposure are pending; interval reflects only fire's 45% weight.,partial,44.3722,99.3722,45,,official,territorial_fire_7_8_high_9_10_very_high,false
431671,Vilanova d'Escornalbou,08,Baix Camp,2024,,,,,,,35.993062,45.18647,126.366002,0.716,,true,true,,70,derived,gencat_fire_hazard_2024,,2026-08-21T20:09:22Z,0.2.0,missing_dependency,Flood and built-up exposure are pending; interval reflects only fire's 45% weight.,partial,0.3222,55.3222,45,,official,territorial_fire_7_8_high_9_10_very_high,false
431687,Vilanova de Prades,16,Conca de Barberà,2024,,,,,,,42.404007,9.738453,61.880913,52.122,,true,true,,70,derived,gencat_fire_hazard_2024,,2026-08-21T20:09:22Z,0.2.0,missing_dependency,Flood and built-up exposure are pending; interval reflects only fire's 45% weight.,partial,23.4549,78.4549,45,,official,territorial_fire_7_8_high_9_10_very_high,false
431690,Vilaplana,08,Baix Camp,2024,,,,,,,34.615385,11.738262,58.091908,55.1425,,true,true,,70,derived,gencat_fire_hazard_2024,,2026-08-21T20:09:22Z,0.2.0,missing_dependency,Flood and built-up exposure are pending; interval reflects only fire's 45% weight.,partial,24.8141,79.8141,45,,official,territorial_fire_7_8_high_9_10_very_high,false
431704,Vila-rodona,01,Alt Camp,2024,,,,,,,33.42246,22.192513,77.807487,39.4257,,true,true,,70,derived,gencat_fire_hazard_2024,,2026-08-21T20:09:22Z,0.2.0,missing_dependency,Flood and built-up exposure are pending; interval reflects only fire's 45% weight.,partial,17.7416,72.7416,45,,official,territorial_fire_7_8_high_9_10_very_high,false
431711,Vila-seca,36,Tarragonès,2024,,,,,,,0.722022,0.361011,1.444043,100,,true,true,,70,derived,gencat_fire_hazard_2024,,2026-08-21T20:09:22Z,0.2.0,missing_dependency,Flood and built-up exposure are pending; interval reflects only fire's 45% weight.,partial,45,100,45,,official,territorial_fire_7_8_high_9_10_very_high,false
431726,Vilaverd,16,Conca de Barberà,2024,,,,,,,46.595331,15.953307,78.501946,38.8721,,true,true,,70,derived,gencat_fire_hazard_2024,,2026-08-21T20:09:22Z,0.2.0,missing_dependency,Flood and built-up exposure are pending; interval reflects only fire's 45% weight.,partial,17.4924,72.4924,45,,official,territorial_fire_7_8_high_9_10_very_high,false
431732,la Vilella Alta,29,Priorat,2024,,,,,,,25.454545,10.606061,46.666667,64.2504,,true,true,,70,derived,gencat_fire_hazard_2024,,2026-08-21T20:09:22Z,0.2.0,missing_dependency,Flood and built-up exposure are pending; interval reflects only fire's 45% weight.,partial,28.9127,83.9127,45,,official,territorial_fire_7_8_high_9_10_very_high,false
431747,la Vilella Baixa,29,Priorat,2024,,,,,,,29.20354,18.879056,66.961652,48.0717,,true,true,,70,derived,gencat_fire_hazard_2024,,2026-08-21T20:09:22Z,0.2.0,missing_dependency,Flood and built-up exposure are pending; interval reflects only fire's 45% weight.,partial,21.6323,76.6323,45,,official,territorial_fire_7_8_high_9_10_very_high,false
431750,Vilalba dels Arcs,37,Terra Alta,2024,,,,,,,43.740966,27.927147,99.595259,22.057,,true,true,,70,derived,gencat_fire_hazard_2024,,2026-08-21T20:09:22Z,0.2.0,missing_dependency,Flood and built-up exposure are pending; interval reflects only fire's 45% weight.,partial,9.9256,64.9257,45,,official,territorial_fire_7_8_high_9_10_very_high,false
431763,Vimbodí i Poblet,16,Conca de Barberà,2024,,,,,,,39.598779,25.99215,91.583079,28.4441,,true,true,,70,derived,gencat_fire_hazard_2024,,2026-08-21T20:09:22Z,0.2.0,missing_dependency,Flood and built-up exposure are pending; interval reflects only fire's 45% weight.,partial,12.7998,67.7998,45,,official,territorial_fire_7_8_high_9_10_very_high,false
431779,Vinebre,30,Ribera d'Ebre,2024,,,,,,,57.0625,35.875,128.8125,0,,true,true,,70,derived,gencat_fire_hazard_2024,,2026-08-21T20:09:22Z,0.2.0,missing_dependency,Flood and built-up exposure are pending; interval reflects only fire's 45% weight.,partial,0,55,45,,official,territorial_fire_7_8_high_9_10_very_high,false
431785,Vinyols i els Arcs,08,Baix Camp,2024,,,,,,,0,0,0,100,,false,false,,70,derived,gencat_fire_hazard_2024,,2026-08-21T20:09:22Z,0.2.0,missing_dependency,Flood and built-up exposure are pending; interval reflects only fire's 45% weight.,partial,45,100,45,,official,territorial_fire_7_8_high_9_10_very_high,false
439018,Deltebre,09,Baix Ebre,2024,,,,,,,42.626728,0,42.626728,67.471,,false,false,,70,derived,gencat_fire_hazard_2024,,2026-08-21T20:09:22Z,0.2.0,missing_dependency,Flood and built-up exposure are pending; interval reflects only fire's 45% weight.,partial,30.362,85.362,45,,official,territorial_fire_7_8_high_9_10_very_high,false
439023,Sant Jaume d'Enveja,22,Montsià,2024,,,,,,,0.823045,0,0.823045,100,,false,false,,70,derived,gencat_fire_hazard_2024,,2026-08-21T20:09:22Z,0.2.0,missing_dependency,Flood and built-up exposure are pending; interval reflects only fire's 45% weight.,partial,45,100,45,,official,territorial_fire_7_8_high_9_10_very_high,false
439039,Camarles,09,Baix Ebre,2024,,,,,,,31.818182,5.050505,41.919192,68.035,,true,true,,70,derived,gencat_fire_hazard_2024,,2026-08-21T20:09:22Z,0.2.0,missing_dependency,Flood and built-up exposure are pending; interval reflects only fire's 45% weight.,partial,30.6157,85.6158,45,,official,territorial_fire_7_8_high_9_10_very_high,false
439044,l'Aldea,09,Baix Ebre,2024,,,,,,,26.070039,14.785992,55.642023,57.0955,,true,true,,70,derived,gencat_fire_hazard_2024,,2026-08-21T20:09:22Z,0.2.0,missing_dependency,Flood and built-up exposure are pending; interval reflects only fire's 45% weight.,partial,25.693,80.693,45,,official,territorial_fire_7_8_high_9_10_very_high,false
439057,Salou,36,Tarragonès,2024,,,,,,,22.258065,5.16129,32.580645,75.4795,,true,true,,70,derived,gencat_fire_hazard_2024,,2026-08-21T20:09:22Z,0.2.0,missing_dependency,Flood and built-up exposure are pending; interval reflects only fire's 45% weight.,partial,33.9658,88.9658,45,,official,territorial_fire_7_8_high_9_10_very_high,false
439060,l'Ampolla,09,Baix Ebre,2024,,,,,,,37.366548,8.540925,54.448399,58.047,,true,true,,70,derived,gencat_fire_hazard_2024,,2026-08-21T20:09:22Z,0.2.0,missing_dependency,Flood and built-up exposure are pending; interval reflects only fire's 45% weight.,partial,26.1212,81.1212,45,,official,territorial_fire_7_8_high_9_10_very_high,false
439076,la Canonja,36,Tarragonès,2024,,,,,,,0,0,0,100,,false,false,,70,derived,gencat_fire_hazard_2024,,2026-08-21T20:09:22Z,0.2.0,missing_dependency,Flood and built-up exposure are pending; interval reflects only fire's 45% weight.,partial,45,100,45,,official,territorial_fire_7_8_high_9_10_very_high,false
